Date,Ticker,Open,High,Low,Close,Adj Close,Volume
2015-11-10,FCPT,19.850000381469727,22.170000076293945,18.8799991607666,20.3799991607666,7.944923400878906,11957800
2015-11-10,FCPT,19.850000381469727,22.170000076293945,18.8799991607666,20.3799991607666,7.944923400878906,11957800
2015-11-11,FCPT,20.0,21.25,20.0,21.170000076293945,8.252893447875977,3462400
2015-11-11,FCPT,20.0,21.25,20.0,21.170000076293945,8.252893447875977,3462400
2015-11-12,FCPT,20.700000762939453,20.88999938964844,20.100000381469727,20.530000686645508,8.003398895263672,1368600
2015-11-12,FCPT,20.700000762939453,20.88999938964844,20.100000381469727,20.530000686645508,8.003398895263672,1368600
2015-11-13,FCPT,20.950000762939453,21.350000381469727,20.420000076293945,20.739999771118164,8.085262298583984,654200
2015-11-13,FCPT,20.950000762939453,21.350000381469727,20.420000076293945,20.739999771118164,8.085262298583984,654200
2015-11-16,FCPT,20.350000381469727,20.71999931335449,20.059999465942383,20.25,7.894239902496338,1131500
2015-11-16,FCPT,20.350000381469727,20.71999931335449,20.059999465942383,20.25,7.894239902496338,1131500
2015-11-17,FCPT,20.0,20.25,19.709999084472656,19.850000381469727,7.738305568695068,2206400
2015-11-17,FCPT,20.0,20.25,19.709999084472656,19.850000381469727,7.738305568695068,2206400
2015-11-18,FCPT,19.71999931335449,19.850000381469727,18.899999618530277,19.149999618530277,7.465418338775635,2208600
2015-11-18,FCPT,19.71999931335449,19.850000381469727,18.899999618530277,19.149999618530277,7.465418338775635,2208600
2015-11-19,FCPT,18.920000076293945,20.149999618530277,18.5,19.76000022888184,7.703222274780273,3097900
2015-11-19,FCPT,18.920000076293945,20.149999618530277,18.5,19.76000022888184,7.703222274780273,3097900
2015-11-20,FCPT,19.420000076293945,19.93000030517578,19.280000686645508,19.729999542236328,7.691525459289551,1648100
2015-11-20,FCPT,19.420000076293945,19.93000030517578,19.280000686645508,19.729999542236328,7.691525459289551,1648100
2015-11-23,FCPT,19.26000022888184,19.739999771118164,19.149999618530277,19.600000381469727,7.640845775604248,1535700
2015-11-23,FCPT,19.26000022888184,19.739999771118164,19.149999618530277,19.600000381469727,7.640845775604248,1535700
2015-11-24,FCPT,19.32999992370605,19.93000030517578,19.209999084472656,19.690000534057617,7.675931930541992,1302600
2015-11-24,FCPT,19.32999992370605,19.93000030517578,19.209999084472656,19.690000534057617,7.675931930541992,1302600
2015-11-25,FCPT,19.649999618530277,19.799999237060547,19.440000534057617,19.600000381469727,7.640845775604248,720300
2015-11-25,FCPT,19.649999618530277,19.799999237060547,19.440000534057617,19.600000381469727,7.640845775604248,720300
2015-11-27,FCPT,19.31999969482422,19.700000762939453,19.31999969482422,19.51000022888184,7.605759620666504,199000
2015-11-27,FCPT,19.31999969482422,19.700000762939453,19.31999969482422,19.51000022888184,7.605759620666504,199000
2015-11-30,FCPT,19.540000915527344,19.8799991607666,19.399999618530277,19.799999237060547,7.718813419342041,1094300
2015-11-30,FCPT,19.540000915527344,19.8799991607666,19.399999618530277,19.799999237060547,7.718813419342041,1094300
2015-12-01,FCPT,19.799999237060547,20.799999237060547,19.739999771118164,20.700000762939453,8.06966781616211,1086500
2015-12-01,FCPT,19.799999237060547,20.799999237060547,19.739999771118164,20.700000762939453,8.06966781616211,1086500
2015-12-02,FCPT,21.100000381469727,21.149999618530277,20.3700008392334,20.729999542236328,8.081360816955566,825300
2015-12-02,FCPT,21.100000381469727,21.149999618530277,20.3700008392334,20.729999542236328,8.081360816955566,825300
2015-12-03,FCPT,20.540000915527344,20.959999084472656,20.540000915527344,20.899999618530277,8.147637367248535,1487200
2015-12-03,FCPT,20.540000915527344,20.959999084472656,20.540000915527344,20.899999618530277,8.147637367248535,1487200
2015-12-04,FCPT,20.61000061035156,21.920000076293945,20.239999771118164,21.709999084472656,8.463406562805176,1120600
2015-12-04,FCPT,20.61000061035156,21.920000076293945,20.239999771118164,21.709999084472656,8.463406562805176,1120600
2015-12-07,FCPT,21.549999237060547,22.36000061035156,21.399999618530277,22.11000061035156,8.619342803955078,921200
2015-12-07,FCPT,21.549999237060547,22.36000061035156,21.399999618530277,22.11000061035156,8.619342803955078,921200
2015-12-08,FCPT,22.200000762939453,22.290000915527344,21.479999542236328,21.6200008392334,8.428322792053223,1278600
2015-12-08,FCPT,22.200000762939453,22.290000915527344,21.479999542236328,21.6200008392334,8.428322792053223,1278600
2015-12-09,FCPT,21.01000022888184,21.850000381469727,21.01000022888184,21.46999931335449,8.369844436645508,1093300
2015-12-09,FCPT,21.01000022888184,21.850000381469727,21.01000022888184,21.46999931335449,8.369844436645508,1093300
2015-12-10,FCPT,21.479999542236328,21.850000381469727,21.21999931335449,21.739999771118164,8.475103378295898,598400
2015-12-10,FCPT,21.479999542236328,21.850000381469727,21.21999931335449,21.739999771118164,8.475103378295898,598400
2015-12-11,FCPT,21.61000061035156,21.809999465942383,21.059999465942383,21.38999938964844,8.338663101196289,581300
2015-12-11,FCPT,21.61000061035156,21.809999465942383,21.059999465942383,21.38999938964844,8.338663101196289,581300
2015-12-14,FCPT,21.82999992370605,21.82999992370605,20.979999542236328,21.15999984741211,8.248993873596191,578500
2015-12-14,FCPT,21.82999992370605,21.82999992370605,20.979999542236328,21.15999984741211,8.248993873596191,578500
2015-12-15,FCPT,21.299999237060547,21.489999771118164,21.170000076293945,21.299999237060547,8.303572654724121,1132700
2015-12-15,FCPT,21.299999237060547,21.489999771118164,21.170000076293945,21.299999237060547,8.303572654724121,1132700
2015-12-16,FCPT,21.59000015258789,21.71999931335449,21.3799991607666,21.6200008392334,8.428322792053223,622300
2015-12-16,FCPT,21.59000015258789,21.71999931335449,21.3799991607666,21.6200008392334,8.428322792053223,622300
2015-12-17,FCPT,21.6200008392334,22.149999618530277,21.6200008392334,21.920000076293945,8.545273780822754,674600
2015-12-17,FCPT,21.6200008392334,22.149999618530277,21.6200008392334,21.920000076293945,8.545273780822754,674600
2015-12-18,FCPT,21.920000076293945,22.920000076293945,21.86000061035156,22.690000534057617,8.84544849395752,2169500
2015-12-18,FCPT,21.920000076293945,22.920000076293945,21.86000061035156,22.690000534057617,8.84544849395752,2169500
2015-12-21,FCPT,22.700000762939453,23.59000015258789,22.600000381469727,23.350000381469727,9.10274600982666,585700
2015-12-21,FCPT,22.700000762939453,23.59000015258789,22.600000381469727,23.350000381469727,9.10274600982666,585700
2015-12-22,FCPT,23.420000076293945,23.59000015258789,22.96999931335449,23.11000061035156,9.009184837341309,400200
2015-12-22,FCPT,23.420000076293945,23.59000015258789,22.96999931335449,23.11000061035156,9.009184837341309,400200
2015-12-23,FCPT,23.34000015258789,23.46999931335449,23.040000915527344,23.399999618530277,9.122232437133787,372300
2015-12-23,FCPT,23.34000015258789,23.46999931335449,23.040000915527344,23.399999618530277,9.122232437133787,372300
2015-12-24,FCPT,23.3700008392334,23.899999618530277,23.3700008392334,23.43000030517578,9.133933067321776,165100
2015-12-24,FCPT,23.3700008392334,23.899999618530277,23.3700008392334,23.43000030517578,9.133933067321776,165100
2015-12-28,FCPT,23.3799991607666,23.84000015258789,23.149999618530277,23.81999969482422,9.285965919494627,193800
2015-12-28,FCPT,23.3799991607666,23.84000015258789,23.149999618530277,23.81999969482422,9.285965919494627,193800
2015-12-29,FCPT,23.88999938964844,24.239999771118164,23.780000686645508,24.200000762939453,9.43410873413086,176100
2015-12-29,FCPT,23.88999938964844,24.239999771118164,23.780000686645508,24.200000762939453,9.43410873413086,176100
2015-12-30,FCPT,24.18000030517578,24.440000534057617,23.82999992370605,23.989999771118164,9.352240562438965,110300
2015-12-30,FCPT,24.18000030517578,24.440000534057617,23.82999992370605,23.989999771118164,9.352240562438965,110300
2015-12-31,FCPT,23.96999931335449,24.200000762939453,23.690000534057617,24.15999984741211,9.418512344360352,177800
2015-12-31,FCPT,23.96999931335449,24.200000762939453,23.690000534057617,24.15999984741211,9.418512344360352,177800
2016-01-04,FCPT,23.899999618530277,24.0,23.549999237060547,23.559999465942383,9.184608459472656,313100
2016-01-04,FCPT,23.899999618530277,24.0,23.549999237060547,23.559999465942383,9.184608459472656,313100
2016-01-05,FCPT,23.59000015258789,23.739999771118164,22.920000076293945,23.38999938964844,9.118335723876951,1032300
2016-01-05,FCPT,23.59000015258789,23.739999771118164,22.920000076293945,23.38999938964844,9.118335723876951,1032300
2016-01-06,FCPT,23.209999084472656,23.88999938964844,23.030000686645508,23.31999969482422,9.091047286987305,567200
2016-01-06,FCPT,23.209999084472656,23.88999938964844,23.030000686645508,23.31999969482422,9.091047286987305,567200
2016-01-07,FCPT,22.790000915527344,23.489999771118164,22.75,23.170000076293945,9.03257179260254,332000
2016-01-07,FCPT,22.790000915527344,23.489999771118164,22.75,23.170000076293945,9.03257179260254,332000
2016-01-08,FCPT,23.479999542236328,23.84000015258789,22.93000030517578,23.149999618530277,9.024774551391602,561400
2016-01-08,FCPT,23.479999542236328,23.84000015258789,22.93000030517578,23.149999618530277,9.024774551391602,561400
2016-01-11,FCPT,23.3799991607666,23.850000381469727,23.18000030517578,23.31999969482422,9.091047286987305,650000
2016-01-11,FCPT,23.3799991607666,23.850000381469727,23.18000030517578,23.31999969482422,9.091047286987305,650000
2016-01-12,FCPT,23.56999969482422,23.729999542236328,22.51000022888184,22.799999237060547,8.888336181640625,1750400
2016-01-12,FCPT,23.56999969482422,23.729999542236328,22.51000022888184,22.799999237060547,8.888336181640625,1750400
2016-01-13,FCPT,22.96999931335449,23.5,22.709999084472656,22.93000030517578,8.939010620117188,1442900
2016-01-13,FCPT,22.96999931335449,23.5,22.709999084472656,22.93000030517578,8.939010620117188,1442900
2016-01-14,FCPT,14.699999809265137,15.020000457763672,14.329999923706056,14.520000457763672,8.883946418762207,762500
2016-01-14,FCPT,14.699999809265137,15.020000457763672,14.329999923706056,14.520000457763672,8.883946418762207,762500
2016-01-15,FCPT,14.449999809265137,14.670000076293944,14.09000015258789,14.670000076293944,8.975719451904297,886400
2016-01-15,FCPT,14.449999809265137,14.670000076293944,14.09000015258789,14.670000076293944,8.975719451904297,886400
2016-01-19,FCPT,14.699999809265137,15.170000076293944,14.489999771118164,15.06999969482422,9.220457077026367,1268500
2016-01-19,FCPT,14.699999809265137,15.170000076293944,14.489999771118164,15.06999969482422,9.220457077026367,1268500
2016-01-20,FCPT,14.970000267028809,15.149999618530272,14.510000228881836,15.09000015258789,9.232693672180176,1151500
2016-01-20,FCPT,14.970000267028809,15.149999618530272,14.510000228881836,15.09000015258789,9.232693672180176,1151500
2016-01-21,FCPT,15.0,15.90999984741211,14.960000038146973,15.649999618530272,9.575325012207031,1186000
2016-01-21,FCPT,15.0,15.90999984741211,14.960000038146973,15.649999618530272,9.575325012207031,1186000
2016-01-22,FCPT,15.789999961853027,16.219999313354492,15.670000076293944,16.040000915527344,9.813944816589355,438800
2016-01-22,FCPT,15.789999961853027,16.219999313354492,15.670000076293944,16.040000915527344,9.813944816589355,438800
2016-01-25,FCPT,16.059999465942383,16.579999923706055,16.049999237060547,16.299999237060547,9.97302532196045,658600
2016-01-25,FCPT,16.059999465942383,16.579999923706055,16.049999237060547,16.299999237060547,9.97302532196045,658600
2016-01-26,FCPT,16.31999969482422,16.81999969482422,16.110000610351562,16.56999969482422,10.13821792602539,363600
2016-01-26,FCPT,16.31999969482422,16.81999969482422,16.110000610351562,16.56999969482422,10.13821792602539,363600
2016-01-27,FCPT,16.440000534057617,16.6299991607666,16.209999084472656,16.260000228881836,9.9485502243042,256400
2016-01-27,FCPT,16.440000534057617,16.6299991607666,16.209999084472656,16.260000228881836,9.9485502243042,256400
2016-01-28,FCPT,16.350000381469727,16.8799991607666,16.139999389648438,16.459999084472656,10.070915222167969,258600
2016-01-28,FCPT,16.350000381469727,16.8799991607666,16.139999389648438,16.459999084472656,10.070915222167969,258600
2016-01-29,FCPT,16.549999237060547,17.299999237060547,16.549999237060547,16.899999618530273,10.340126037597656,586800
2016-01-29,FCPT,16.549999237060547,17.299999237060547,16.549999237060547,16.899999618530273,10.340126037597656,586800
2016-02-01,FCPT,16.799999237060547,17.459999084472656,16.799999237060547,17.190000534057617,10.517562866210938,502200
2016-02-01,FCPT,16.799999237060547,17.459999084472656,16.799999237060547,17.190000534057617,10.517562866210938,502200
2016-02-02,FCPT,17.059999465942383,17.329999923706055,16.760000228881836,16.850000381469727,10.30953598022461,443700
2016-02-02,FCPT,17.059999465942383,17.329999923706055,16.760000228881836,16.850000381469727,10.30953598022461,443700
2016-02-03,FCPT,16.959999084472656,17.440000534057617,16.639999389648438,16.850000381469727,10.30953598022461,759200
2016-02-03,FCPT,16.959999084472656,17.440000534057617,16.639999389648438,16.850000381469727,10.30953598022461,759200
2016-02-04,FCPT,16.799999237060547,16.940000534057617,16.3799991607666,16.56999969482422,10.13821792602539,312200
2016-02-04,FCPT,16.799999237060547,16.940000534057617,16.3799991607666,16.56999969482422,10.13821792602539,312200
2016-02-05,FCPT,16.559999465942383,16.709999084472656,16.1200008392334,16.209999084472656,9.91795825958252,352900
2016-02-05,FCPT,16.559999465942383,16.709999084472656,16.1200008392334,16.209999084472656,9.91795825958252,352900
2016-02-08,FCPT,16.049999237060547,16.06999969482422,15.109999656677246,15.140000343322754,9.263286590576172,618800
2016-02-08,FCPT,16.049999237060547,16.06999969482422,15.109999656677246,15.140000343322754,9.263286590576172,618800
2016-02-09,FCPT,14.989999771118164,15.329999923706056,14.670000076293944,15.0,9.177627563476562,1024200
2016-02-09,FCPT,14.989999771118164,15.329999923706056,14.670000076293944,15.0,9.177627563476562,1024200
2016-02-10,FCPT,15.0600004196167,15.460000038146973,14.829999923706056,14.84000015258789,9.079734802246094,885100
2016-02-10,FCPT,15.0600004196167,15.460000038146973,14.829999923706056,14.84000015258789,9.079734802246094,885100
2016-02-11,FCPT,14.779999732971191,15.529999732971191,14.609999656677246,15.25,9.330591201782228,299500
2016-02-11,FCPT,14.779999732971191,15.529999732971191,14.609999656677246,15.25,9.330591201782228,299500
2016-02-12,FCPT,15.420000076293944,15.970000267028809,15.329999923706056,15.710000038146973,9.612037658691406,841600
2016-02-12,FCPT,15.420000076293944,15.970000267028809,15.329999923706056,15.710000038146973,9.612037658691406,841600
2016-02-16,FCPT,15.789999961853027,16.350000381469727,15.579999923706056,16.06999969482422,9.83229923248291,1522600
2016-02-16,FCPT,15.789999961853027,16.350000381469727,15.579999923706056,16.06999969482422,9.83229923248291,1522600
2016-02-17,FCPT,16.100000381469727,16.459999084472656,16.09000015258789,16.139999389648438,9.875130653381348,338600
2016-02-17,FCPT,16.100000381469727,16.459999084472656,16.09000015258789,16.139999389648438,9.875130653381348,338600
2016-02-18,FCPT,16.219999313354492,16.459999084472656,15.899999618530272,16.18000030517578,9.899603843688965,605200
2016-02-18,FCPT,16.219999313354492,16.459999084472656,15.899999618530272,16.18000030517578,9.899603843688965,605200
2016-02-19,FCPT,16.200000762939453,16.549999237060547,15.9399995803833,16.479999542236328,10.083154678344728,429200
2016-02-19,FCPT,16.200000762939453,16.549999237060547,15.9399995803833,16.479999542236328,10.083154678344728,429200
2016-02-22,FCPT,16.5,16.81999969482422,16.329999923706055,16.329999923706055,9.991376876831056,379400
2016-02-22,FCPT,16.5,16.81999969482422,16.329999923706055,16.329999923706055,9.991376876831056,379400
2016-02-23,FCPT,16.010000228881836,16.270000457763672,15.420000076293944,15.989999771118164,9.783350944519045,694600
2016-02-23,FCPT,16.010000228881836,16.270000457763672,15.420000076293944,15.989999771118164,9.783350944519045,694600
2016-02-24,FCPT,15.90999984741211,16.1200008392334,15.699999809265137,15.84000015258789,9.691575050354004,545200
2016-02-24,FCPT,15.90999984741211,16.1200008392334,15.699999809265137,15.84000015258789,9.691575050354004,545200
2016-02-25,FCPT,15.859999656677246,16.40999984741211,15.859999656677246,16.399999618530273,10.034208297729492,302000
2016-02-25,FCPT,15.859999656677246,16.40999984741211,15.859999656677246,16.399999618530273,10.034208297729492,302000
2016-02-26,FCPT,16.3700008392334,16.440000534057617,15.989999771118164,16.309999465942383,9.97913932800293,527100
2016-02-26,FCPT,16.3700008392334,16.440000534057617,15.989999771118164,16.309999465942383,9.97913932800293,527100
2016-02-29,FCPT,16.170000076293945,16.540000915527344,15.979999542236328,16.40999984741211,10.040325164794922,3979300
2016-02-29,FCPT,16.170000076293945,16.540000915527344,15.979999542236328,16.40999984741211,10.040325164794922,3979300
2016-03-01,FCPT,16.600000381469727,17.0,16.469999313354492,16.989999771118164,10.395193099975586,1591500
2016-03-01,FCPT,16.600000381469727,17.0,16.469999313354492,16.989999771118164,10.395193099975586,1591500
2016-03-02,FCPT,16.979999542236328,17.700000762939453,16.90999984741211,17.649999618530273,10.799009323120115,1510200
2016-03-02,FCPT,16.979999542236328,17.700000762939453,16.90999984741211,17.649999618530273,10.799009323120115,1510200
2016-03-03,FCPT,17.520000457763672,17.780000686645508,16.780000686645508,17.260000228881836,10.56039047241211,1222000
2016-03-03,FCPT,17.520000457763672,17.780000686645508,16.780000686645508,17.260000228881836,10.56039047241211,1222000
2016-03-04,FCPT,17.1200008392334,17.40999984741211,17.0,17.15999984741211,10.499205589294434,1461100
2016-03-04,FCPT,17.1200008392334,17.40999984741211,17.0,17.15999984741211,10.499205589294434,1461100
2016-03-07,FCPT,17.100000381469727,17.809999465942383,17.100000381469727,17.68000030517578,10.817364692687988,2359500
2016-03-07,FCPT,17.100000381469727,17.809999465942383,17.100000381469727,17.68000030517578,10.817364692687988,2359500
2016-03-08,FCPT,17.600000381469727,17.639999389648438,17.25,17.3799991607666,10.633811950683594,1278000
2016-03-08,FCPT,17.600000381469727,17.639999389648438,17.25,17.3799991607666,10.633811950683594,1278000
2016-03-09,FCPT,17.3799991607666,17.799999237060547,17.31999969482422,17.520000457763672,10.719470977783203,1431300
2016-03-09,FCPT,17.3799991607666,17.799999237060547,17.31999969482422,17.520000457763672,10.719470977783203,1431300
2016-03-10,FCPT,17.149999618530273,17.479999542236328,17.0,17.190000534057617,10.517562866210938,1028900
2016-03-10,FCPT,17.149999618530273,17.479999542236328,17.0,17.190000534057617,10.517562866210938,1028900
2016-03-11,FCPT,17.25,18.450000762939453,17.25,18.170000076293945,11.11716651916504,1876500
2016-03-11,FCPT,17.25,18.450000762939453,17.25,18.170000076293945,11.11716651916504,1876500
2016-03-14,FCPT,18.170000076293945,18.26000022888184,17.770000457763672,17.959999084472656,10.98867893218994,746500
2016-03-14,FCPT,18.170000076293945,18.26000022888184,17.770000457763672,17.959999084472656,10.98867893218994,746500
2016-03-15,FCPT,17.93000030517578,18.239999771118164,17.760000228881836,17.770000457763672,10.872432708740234,272200
2016-03-15,FCPT,17.93000030517578,18.239999771118164,17.760000228881836,17.770000457763672,10.872432708740234,272200
2016-03-16,FCPT,17.770000457763672,18.049999237060547,17.6200008392334,17.780000686645508,10.878548622131348,549000
2016-03-16,FCPT,17.770000457763672,18.049999237060547,17.6200008392334,17.780000686645508,10.878548622131348,549000
2016-03-17,FCPT,17.760000228881836,17.989999771118164,17.700000762939453,17.8799991607666,10.93973445892334,342400
2016-03-17,FCPT,17.760000228881836,17.989999771118164,17.700000762939453,17.8799991607666,10.93973445892334,342400
2016-03-18,FCPT,17.860000610351562,18.010000228881836,17.719999313354492,17.809999465942383,10.896904945373535,1099100
2016-03-18,FCPT,17.860000610351562,18.010000228881836,17.719999313354492,17.809999465942383,10.896904945373535,1099100
2016-03-21,FCPT,17.719999313354492,18.200000762939453,17.649999618530273,18.07999992370605,11.062098503112791,425900
2016-03-21,FCPT,17.719999313354492,18.200000762939453,17.649999618530273,18.07999992370605,11.062098503112791,425900
2016-03-22,FCPT,17.969999313354492,18.280000686645508,17.84000015258789,18.049999237060547,11.043743133544922,481800
2016-03-22,FCPT,17.969999313354492,18.280000686645508,17.84000015258789,18.049999237060547,11.043743133544922,481800
2016-03-23,FCPT,17.989999771118164,18.059999465942383,17.670000076293945,17.860000610351562,10.927498817443848,424500
2016-03-23,FCPT,17.989999771118164,18.059999465942383,17.670000076293945,17.860000610351562,10.927498817443848,424500
2016-03-24,FCPT,17.860000610351562,18.21999931335449,17.709999084472656,18.06999969482422,11.055981636047363,591000
2016-03-24,FCPT,17.860000610351562,18.21999931335449,17.709999084472656,18.06999969482422,11.055981636047363,591000
2016-03-28,FCPT,18.06999969482422,18.280000686645508,17.940000534057617,18.26000022888184,11.172234535217283,438900
2016-03-28,FCPT,18.06999969482422,18.280000686645508,17.940000534057617,18.26000022888184,11.172234535217283,438900
2016-03-29,FCPT,17.950000762939453,18.239999771118164,17.860000610351562,18.190000534057617,11.279507637023926,408300
2016-03-29,FCPT,17.950000762939453,18.239999771118164,17.860000610351562,18.190000534057617,11.279507637023926,408300
2016-03-30,FCPT,18.209999084472656,18.57999992370605,18.13999938964844,18.25,11.3167142868042,404000
2016-03-30,FCPT,18.209999084472656,18.57999992370605,18.13999938964844,18.25,11.3167142868042,404000
2016-03-31,FCPT,18.13999938964844,18.3799991607666,17.889999389648438,17.950000762939453,11.130684852600098,1500500
2016-03-31,FCPT,18.13999938964844,18.3799991607666,17.889999389648438,17.950000762939453,11.130684852600098,1500500
2016-04-01,FCPT,17.889999389648438,18.07999992370605,17.65999984741211,17.739999771118164,11.00046443939209,635300
2016-04-01,FCPT,17.889999389648438,18.07999992370605,17.65999984741211,17.739999771118164,11.00046443939209,635300
2016-04-04,FCPT,17.709999084472656,17.790000915527344,17.299999237060547,17.3799991607666,10.777234077453612,740200
2016-04-04,FCPT,17.709999084472656,17.790000915527344,17.299999237060547,17.3799991607666,10.777234077453612,740200
2016-04-05,FCPT,17.260000228881836,17.5,17.010000228881836,17.440000534057617,10.814441680908203,745000
2016-04-05,FCPT,17.260000228881836,17.5,17.010000228881836,17.440000534057617,10.814441680908203,745000
2016-04-06,FCPT,17.459999084472656,17.739999771118164,17.34000015258789,17.510000228881836,10.8578462600708,655900
2016-04-06,FCPT,17.459999084472656,17.739999771118164,17.34000015258789,17.510000228881836,10.8578462600708,655900
2016-04-07,FCPT,17.43000030517578,17.739999771118164,17.399999618530273,17.709999084472656,10.981863975524902,294500
2016-04-07,FCPT,17.43000030517578,17.739999771118164,17.399999618530273,17.709999084472656,10.981863975524902,294500
2016-04-08,FCPT,17.790000915527344,17.989999771118164,17.600000381469727,17.90999984741211,11.105878829956056,547800
2016-04-08,FCPT,17.790000915527344,17.989999771118164,17.600000381469727,17.90999984741211,11.105878829956056,547800
2016-04-11,FCPT,17.899999618530273,18.13999938964844,17.790000915527344,17.899999618530273,11.099682807922363,447900
2016-04-11,FCPT,17.899999618530273,18.13999938964844,17.790000915527344,17.899999618530273,11.099682807922363,447900
2016-04-12,FCPT,17.860000610351562,18.010000228881836,17.780000686645508,17.90999984741211,11.105878829956056,412600
2016-04-12,FCPT,17.860000610351562,18.010000228881836,17.780000686645508,17.90999984741211,11.105878829956056,412600
2016-04-13,FCPT,17.860000610351562,18.100000381469727,17.690000534057617,17.950000762939453,11.130684852600098,1036100
2016-04-13,FCPT,17.860000610351562,18.100000381469727,17.690000534057617,17.950000762939453,11.130684852600098,1036100
2016-04-14,FCPT,17.969999313354492,18.309999465942383,17.959999084472656,18.190000534057617,11.279507637023926,737700
2016-04-14,FCPT,17.969999313354492,18.309999465942383,17.959999084472656,18.190000534057617,11.279507637023926,737700
2016-04-15,FCPT,18.13999938964844,18.280000686645508,17.989999771118164,17.989999771118164,11.15549373626709,434800
2016-04-15,FCPT,18.13999938964844,18.280000686645508,17.989999771118164,17.989999771118164,11.15549373626709,434800
2016-04-18,FCPT,18.0,18.25,17.899999618530273,18.170000076293945,11.267107963562012,493000
2016-04-18,FCPT,18.0,18.25,17.899999618530273,18.170000076293945,11.267107963562012,493000
2016-04-19,FCPT,18.200000762939453,18.40999984741211,18.15999984741211,18.280000686645508,11.335319519042969,930200
2016-04-19,FCPT,18.200000762939453,18.40999984741211,18.15999984741211,18.280000686645508,11.335319519042969,930200
2016-04-20,FCPT,18.18000030517578,18.309999465942383,18.049999237060547,18.07999992370605,11.211295127868652,601300
2016-04-20,FCPT,18.18000030517578,18.309999465942383,18.049999237060547,18.07999992370605,11.211295127868652,601300
2016-04-21,FCPT,18.1200008392334,18.18000030517578,17.450000762939453,17.59000015258789,10.907453536987305,515000
2016-04-21,FCPT,18.1200008392334,18.18000030517578,17.450000762939453,17.59000015258789,10.907453536987305,515000
2016-04-22,FCPT,17.43000030517578,17.75,17.3700008392334,17.739999771118164,11.00046443939209,357700
2016-04-22,FCPT,17.43000030517578,17.75,17.3700008392334,17.739999771118164,11.00046443939209,357700
2016-04-25,FCPT,17.709999084472656,17.969999313354492,17.459999084472656,17.969999313354492,11.143085479736328,272000
2016-04-25,FCPT,17.709999084472656,17.969999313354492,17.459999084472656,17.969999313354492,11.143085479736328,272000
2016-04-26,FCPT,17.979999542236328,18.13999938964844,17.6299991607666,17.760000228881836,11.012868881225586,456700
2016-04-26,FCPT,17.979999542236328,18.13999938964844,17.6299991607666,17.760000228881836,11.012868881225586,456700
2016-04-27,FCPT,17.729999542236328,17.940000534057617,17.600000381469727,17.829999923706055,11.056275367736816,351400
2016-04-27,FCPT,17.729999542236328,17.940000534057617,17.600000381469727,17.829999923706055,11.056275367736816,351400
2016-04-28,FCPT,17.790000915527344,18.059999465942383,17.780000686645508,17.940000534057617,11.124485969543455,325300
2016-04-28,FCPT,17.790000915527344,18.059999465942383,17.780000686645508,17.940000534057617,11.124485969543455,325300
2016-04-29,FCPT,17.940000534057617,17.979999542236328,17.68000030517578,17.75,11.006669998168944,354100
2016-04-29,FCPT,17.940000534057617,17.979999542236328,17.68000030517578,17.75,11.006669998168944,354100
2016-05-02,FCPT,17.770000457763672,18.040000915527344,17.709999084472656,17.969999313354492,11.143085479736328,341200
2016-05-02,FCPT,17.770000457763672,18.040000915527344,17.709999084472656,17.969999313354492,11.143085479736328,341200
2016-05-03,FCPT,17.969999313354492,18.36000061035156,17.899999618530273,18.309999465942383,11.353921890258787,332200
2016-05-03,FCPT,17.969999313354492,18.36000061035156,17.899999618530273,18.309999465942383,11.353921890258787,332200
2016-05-04,FCPT,18.26000022888184,19.0,18.209999084472656,18.979999542236328,11.76938247680664,650200
2016-05-04,FCPT,18.26000022888184,19.0,18.209999084472656,18.979999542236328,11.76938247680664,650200
2016-05-05,FCPT,18.950000762939453,19.0,18.68000030517578,18.899999618530277,11.719776153564451,277300
2016-05-05,FCPT,18.950000762939453,19.0,18.68000030517578,18.899999618530277,11.719776153564451,277300
2016-05-06,FCPT,18.84000015258789,19.100000381469727,18.729999542236328,19.020000457763672,11.794188499450684,486600
2016-05-06,FCPT,18.84000015258789,19.100000381469727,18.729999542236328,19.020000457763672,11.794188499450684,486600
2016-05-09,FCPT,19.049999237060547,19.1299991607666,18.559999465942383,19.030000686645508,11.800390243530272,314300
2016-05-09,FCPT,19.049999237060547,19.1299991607666,18.559999465942383,19.030000686645508,11.800390243530272,314300
2016-05-10,FCPT,19.040000915527344,19.200000762939453,18.559999465942383,18.709999084472656,11.601959228515623,255400
2016-05-10,FCPT,19.040000915527344,19.200000762939453,18.559999465942383,18.709999084472656,11.601959228515623,255400
2016-05-11,FCPT,18.649999618530277,18.950000762939453,18.32999992370605,18.600000381469727,11.53374481201172,237600
2016-05-11,FCPT,18.649999618530277,18.950000762939453,18.32999992370605,18.600000381469727,11.53374481201172,237600
2016-05-12,FCPT,18.600000381469727,18.82999992370605,18.450000762939453,18.76000022888184,11.632965087890623,210400
2016-05-12,FCPT,18.600000381469727,18.82999992370605,18.450000762939453,18.76000022888184,11.632965087890623,210400
2016-05-13,FCPT,18.63999938964844,19.049999237060547,18.43000030517578,19.040000915527344,11.806591033935549,603500
2016-05-13,FCPT,18.63999938964844,19.049999237060547,18.43000030517578,19.040000915527344,11.806591033935549,603500
2016-05-16,FCPT,18.979999542236328,19.57999992370605,18.979999542236328,19.239999771118164,11.930608749389648,406700
2016-05-16,FCPT,18.979999542236328,19.57999992370605,18.979999542236328,19.239999771118164,11.930608749389648,406700
2016-05-17,FCPT,19.100000381469727,19.34000015258789,18.82999992370605,19.06999969482422,11.825191497802734,469500
2016-05-17,FCPT,19.100000381469727,19.34000015258789,18.82999992370605,19.06999969482422,11.825191497802734,469500
2016-05-18,FCPT,19.040000915527344,19.049999237060547,18.670000076293945,18.90999984741211,11.72597599029541,658800
2016-05-18,FCPT,19.040000915527344,19.049999237060547,18.670000076293945,18.90999984741211,11.72597599029541,658800
2016-05-19,FCPT,18.76000022888184,19.020000457763672,18.489999771118164,18.90999984741211,11.72597599029541,602100
2016-05-19,FCPT,18.76000022888184,19.020000457763672,18.489999771118164,18.90999984741211,11.72597599029541,602100
2016-05-20,FCPT,18.88999938964844,18.979999542236328,18.450000762939453,18.959999084472656,11.756980895996094,391800
2016-05-20,FCPT,18.88999938964844,18.979999542236328,18.450000762939453,18.959999084472656,11.756980895996094,391800
2016-05-23,FCPT,19.0,19.21999931335449,18.93000030517578,19.18000030517578,11.89340114593506,449900
2016-05-23,FCPT,19.0,19.21999931335449,18.93000030517578,19.18000030517578,11.89340114593506,449900
2016-05-24,FCPT,19.239999771118164,19.5,19.100000381469727,19.399999618530277,12.029821395874023,546800
2016-05-24,FCPT,19.239999771118164,19.5,19.100000381469727,19.399999618530277,12.029821395874023,546800
2016-05-25,FCPT,19.40999984741211,19.57999992370605,18.90999984741211,19.459999084472656,12.067026138305664,530800
2016-05-25,FCPT,19.40999984741211,19.57999992370605,18.90999984741211,19.459999084472656,12.067026138305664,530800
2016-05-26,FCPT,19.3799991607666,19.6200008392334,19.239999771118164,19.309999465942383,11.97401523590088,399900
2016-05-26,FCPT,19.3799991607666,19.6200008392334,19.239999771118164,19.309999465942383,11.97401523590088,399900
2016-05-27,FCPT,19.31999969482422,19.600000381469727,19.149999618530277,19.540000915527344,12.116634368896484,290400
2016-05-27,FCPT,19.31999969482422,19.600000381469727,19.149999618530277,19.540000915527344,12.116634368896484,290400
2016-05-31,FCPT,19.46999931335449,19.75,19.36000061035156,19.440000534057617,12.0546293258667,558900
2016-05-31,FCPT,19.46999931335449,19.75,19.36000061035156,19.440000534057617,12.0546293258667,558900
2016-06-01,FCPT,19.32999992370605,19.350000381469727,19.030000686645508,19.190000534057617,11.899603843688965,660300
2016-06-01,FCPT,19.32999992370605,19.350000381469727,19.030000686645508,19.190000534057617,11.899603843688965,660300
2016-06-02,FCPT,19.18000030517578,19.31999969482422,19.100000381469727,19.290000915527344,11.9616117477417,311300
2016-06-02,FCPT,19.18000030517578,19.31999969482422,19.100000381469727,19.290000915527344,11.9616117477417,311300
2016-06-03,FCPT,19.399999618530277,19.780000686645508,19.01000022888184,19.65999984741211,12.191043853759766,754400
2016-06-03,FCPT,19.399999618530277,19.780000686645508,19.01000022888184,19.65999984741211,12.191043853759766,754400
2016-06-06,FCPT,19.65999984741211,19.899999618530277,19.61000061035156,19.799999237060547,12.27785873413086,599700
2016-06-06,FCPT,19.65999984741211,19.899999618530277,19.61000061035156,19.799999237060547,12.27785873413086,599700
2016-06-07,FCPT,19.75,20.0,19.65999984741211,19.88999938964844,12.333673477172852,472000
2016-06-07,FCPT,19.75,20.0,19.65999984741211,19.88999938964844,12.333673477172852,472000
2016-06-08,FCPT,19.82999992370605,20.200000762939453,19.729999542236328,20.049999237060547,12.43288230895996,505600
2016-06-08,FCPT,19.82999992370605,20.200000762939453,19.729999542236328,20.049999237060547,12.43288230895996,505600
2016-06-09,FCPT,20.07999992370605,20.229999542236328,19.920000076293945,20.200000762939453,12.525897026062012,845900
2016-06-09,FCPT,20.07999992370605,20.229999542236328,19.920000076293945,20.200000762939453,12.525897026062012,845900
2016-06-10,FCPT,20.07999992370605,20.309999465942383,19.86000061035156,20.13999938964844,12.488692283630373,809900
2016-06-10,FCPT,20.07999992370605,20.309999465942383,19.86000061035156,20.13999938964844,12.488692283630373,809900
2016-06-13,FCPT,20.07999992370605,20.15999984741211,19.920000076293945,20.020000457763672,12.414283752441406,912800
2016-06-13,FCPT,20.07999992370605,20.15999984741211,19.920000076293945,20.020000457763672,12.414283752441406,912800
2016-06-14,FCPT,20.059999465942383,20.11000061035156,19.43000030517578,19.739999771118164,12.240654945373535,1132100
2016-06-14,FCPT,20.059999465942383,20.11000061035156,19.43000030517578,19.739999771118164,12.240654945373535,1132100
2016-06-15,FCPT,19.84000015258789,20.26000022888184,19.709999084472656,20.09000015258789,12.457687377929688,764400
2016-06-15,FCPT,19.84000015258789,20.26000022888184,19.709999084472656,20.09000015258789,12.457687377929688,764400
2016-06-16,FCPT,20.170000076293945,20.239999771118164,19.76000022888184,20.07999992370605,12.451486587524414,615100
2016-06-16,FCPT,20.170000076293945,20.239999771118164,19.76000022888184,20.07999992370605,12.451486587524414,615100
2016-06-17,FCPT,20.21999931335449,20.25,19.65999984741211,20.059999465942383,12.439085960388184,2201100
2016-06-17,FCPT,20.21999931335449,20.25,19.65999984741211,20.059999465942383,12.439085960388184,2201100
2016-06-20,FCPT,20.170000076293945,20.420000076293945,19.96999931335449,19.979999542236328,12.389476776123049,639100
2016-06-20,FCPT,20.170000076293945,20.420000076293945,19.96999931335449,19.979999542236328,12.389476776123049,639100
2016-06-21,FCPT,20.01000022888184,20.229999542236328,19.799999237060547,20.030000686645508,12.42047882080078,822200
2016-06-21,FCPT,20.01000022888184,20.229999542236328,19.799999237060547,20.030000686645508,12.42047882080078,822200
2016-06-22,FCPT,20.11000061035156,20.15999984741211,19.76000022888184,19.8799991607666,12.32746696472168,567500
2016-06-22,FCPT,20.11000061035156,20.15999984741211,19.76000022888184,19.8799991607666,12.32746696472168,567500
2016-06-23,FCPT,19.88999938964844,19.959999084472656,19.600000381469727,19.6200008392334,12.166242599487305,549700
2016-06-23,FCPT,19.88999938964844,19.959999084472656,19.600000381469727,19.6200008392334,12.166242599487305,549700
2016-06-24,FCPT,19.26000022888184,20.040000915527344,19.1299991607666,19.600000381469727,12.153839111328123,7215700
2016-06-24,FCPT,19.26000022888184,20.040000915527344,19.1299991607666,19.600000381469727,12.153839111328123,7215700
2016-06-27,FCPT,19.75,20.06999969482422,19.3799991607666,19.540000915527344,12.116634368896484,1339800
2016-06-27,FCPT,19.75,20.06999969482422,19.3799991607666,19.540000915527344,12.116634368896484,1339800
2016-06-28,FCPT,19.26000022888184,20.21999931335449,19.190000534057617,20.0,12.558053970336914,1515200
2016-06-28,FCPT,19.26000022888184,20.21999931335449,19.190000534057617,20.0,12.558053970336914,1515200
2016-06-29,FCPT,20.100000381469727,20.420000076293945,19.920000076293945,20.209999084472656,12.689911842346191,987000
2016-06-29,FCPT,20.100000381469727,20.420000076293945,19.920000076293945,20.209999084472656,12.689911842346191,987000
2016-06-30,FCPT,20.100000381469727,20.6200008392334,19.770000457763672,20.59000015258789,12.928512573242188,790800
2016-06-30,FCPT,20.100000381469727,20.6200008392334,19.770000457763672,20.59000015258789,12.928512573242188,790800
2016-07-01,FCPT,20.6200008392334,20.899999618530277,20.51000022888184,20.700000762939453,12.99758243560791,798800
2016-07-01,FCPT,20.6200008392334,20.899999618530277,20.51000022888184,20.700000762939453,12.99758243560791,798800
2016-07-05,FCPT,20.63999938964844,21.059999465942383,20.61000061035156,20.93000030517578,13.142005920410156,511400
2016-07-05,FCPT,20.63999938964844,21.059999465942383,20.61000061035156,20.93000030517578,13.142005920410156,511400
2016-07-06,FCPT,21.01000022888184,21.040000915527344,20.75,20.940000534057617,13.14828109741211,447500
2016-07-06,FCPT,21.01000022888184,21.040000915527344,20.75,20.940000534057617,13.14828109741211,447500
2016-07-07,FCPT,20.989999771118164,21.0,20.51000022888184,20.75,13.028980255126951,1062900
2016-07-07,FCPT,20.989999771118164,21.0,20.51000022888184,20.75,13.028980255126951,1062900
2016-07-08,FCPT,20.84000015258789,20.979999542236328,20.46999931335449,20.959999084472656,13.160839080810549,567500
2016-07-08,FCPT,20.84000015258789,20.979999542236328,20.46999931335449,20.959999084472656,13.160839080810549,567500
2016-07-11,FCPT,21.020000457763672,21.709999084472656,20.979999542236328,21.309999465942383,13.38060188293457,585500
2016-07-11,FCPT,21.020000457763672,21.709999084472656,20.979999542236328,21.309999465942383,13.38060188293457,585500
2016-07-12,FCPT,20.96999931335449,21.350000381469727,20.75,21.31999969482422,13.386886596679688,935600
2016-07-12,FCPT,20.96999931335449,21.350000381469727,20.75,21.31999969482422,13.386886596679688,935600
2016-07-13,FCPT,21.31999969482422,21.46999931335449,20.93000030517578,21.31999969482422,13.386886596679688,845400
2016-07-13,FCPT,21.31999969482422,21.46999931335449,20.93000030517578,21.31999969482422,13.386886596679688,845400
2016-07-14,FCPT,21.350000381469727,21.3799991607666,20.76000022888184,20.8799991607666,13.11060619354248,696500
2016-07-14,FCPT,21.350000381469727,21.3799991607666,20.76000022888184,20.8799991607666,13.11060619354248,696500
2016-07-15,FCPT,20.90999984741211,21.040000915527344,20.729999542236328,20.88999938964844,13.1168851852417,436600
2016-07-15,FCPT,20.90999984741211,21.040000915527344,20.729999542236328,20.88999938964844,13.1168851852417,436600
2016-07-18,FCPT,20.959999084472656,21.32999992370605,20.809999465942383,21.1299991607666,13.267580032348633,300600
2016-07-18,FCPT,20.959999084472656,21.32999992370605,20.809999465942383,21.1299991607666,13.267580032348633,300600
2016-07-19,FCPT,21.1299991607666,21.200000762939453,20.979999542236328,21.170000076293945,13.292696952819824,215600
2016-07-19,FCPT,21.1299991607666,21.200000762939453,20.979999542236328,21.170000076293945,13.292696952819824,215600
2016-07-20,FCPT,21.31999969482422,21.38999938964844,21.1299991607666,21.209999084472656,13.317811965942385,348100
2016-07-20,FCPT,21.31999969482422,21.38999938964844,21.1299991607666,21.209999084472656,13.317811965942385,348100
2016-07-21,FCPT,21.209999084472656,21.36000061035156,21.1299991607666,21.350000381469727,13.405718803405762,234200
2016-07-21,FCPT,21.209999084472656,21.36000061035156,21.1299991607666,21.350000381469727,13.405718803405762,234200
2016-07-22,FCPT,21.40999984741211,21.6299991607666,21.350000381469727,21.450000762939453,13.46850872039795,411400
2016-07-22,FCPT,21.40999984741211,21.6299991607666,21.350000381469727,21.450000762939453,13.46850872039795,411400
2016-07-25,FCPT,21.479999542236328,21.600000381469727,21.280000686645508,21.530000686645508,13.518742561340332,317300
2016-07-25,FCPT,21.479999542236328,21.600000381469727,21.280000686645508,21.530000686645508,13.518742561340332,317300
2016-07-26,FCPT,21.549999237060547,21.68000030517578,21.270000457763672,21.399999618530277,13.437116622924805,337600
2016-07-26,FCPT,21.549999237060547,21.68000030517578,21.270000457763672,21.399999618530277,13.437116622924805,337600
2016-07-27,FCPT,21.459999084472656,21.600000381469727,21.15999984741211,21.3799991607666,13.424552917480469,283700
2016-07-27,FCPT,21.459999084472656,21.600000381469727,21.15999984741211,21.3799991607666,13.424552917480469,283700
2016-07-28,FCPT,21.26000022888184,21.549999237060547,21.09000015258789,21.43000030517578,13.45595359802246,579400
2016-07-28,FCPT,21.26000022888184,21.549999237060547,21.09000015258789,21.43000030517578,13.45595359802246,579400
2016-07-29,FCPT,21.40999984741211,21.76000022888184,21.40999984741211,21.709999084472656,13.63176155090332,580200
2016-07-29,FCPT,21.40999984741211,21.76000022888184,21.40999984741211,21.709999084472656,13.63176155090332,580200
2016-08-01,FCPT,21.670000076293945,21.809999465942383,21.459999084472656,21.770000457763672,13.66943645477295,375500
2016-08-01,FCPT,21.670000076293945,21.809999465942383,21.459999084472656,21.770000457763672,13.66943645477295,375500
2016-08-02,FCPT,21.770000457763672,21.84000015258789,21.18000030517578,21.32999992370605,13.393162727355955,432800
2016-08-02,FCPT,21.770000457763672,21.84000015258789,21.18000030517578,21.32999992370605,13.393162727355955,432800
2016-08-03,FCPT,21.40999984741211,21.899999618530277,20.86000061035156,21.420000076293945,13.449673652648926,494700
2016-08-03,FCPT,21.40999984741211,21.899999618530277,20.86000061035156,21.420000076293945,13.449673652648926,494700
2016-08-04,FCPT,21.5,21.540000915527344,20.90999984741211,21.059999465942383,13.223628044128418,452900
2016-08-04,FCPT,21.5,21.540000915527344,20.90999984741211,21.059999465942383,13.223628044128418,452900
2016-08-05,FCPT,21.100000381469727,21.420000076293945,21.059999465942383,21.399999618530277,13.437116622924805,467500
2016-08-05,FCPT,21.100000381469727,21.420000076293945,21.059999465942383,21.399999618530277,13.437116622924805,467500
2016-08-08,FCPT,21.450000762939453,21.979999542236328,21.450000762939453,21.559999465942383,13.537579536437988,545400
2016-08-08,FCPT,21.450000762939453,21.979999542236328,21.450000762939453,21.559999465942383,13.537579536437988,545400
2016-08-09,FCPT,21.61000061035156,21.86000061035156,21.479999542236328,21.549999237060547,13.531298637390137,350900
2016-08-09,FCPT,21.61000061035156,21.86000061035156,21.479999542236328,21.549999237060547,13.531298637390137,350900
2016-08-10,FCPT,21.670000076293945,21.920000076293945,21.61000061035156,21.63999938964844,13.587810516357422,363700
2016-08-10,FCPT,21.670000076293945,21.920000076293945,21.61000061035156,21.63999938964844,13.587810516357422,363700
2016-08-11,FCPT,21.65999984741211,21.65999984741211,21.170000076293945,21.549999237060547,13.531298637390137,448700
2016-08-11,FCPT,21.65999984741211,21.65999984741211,21.170000076293945,21.549999237060547,13.531298637390137,448700
2016-08-12,FCPT,21.63999938964844,22.18000030517578,21.63999938964844,21.790000915527344,13.681997299194336,259000
2016-08-12,FCPT,21.63999938964844,22.18000030517578,21.63999938964844,21.790000915527344,13.681997299194336,259000
2016-08-15,FCPT,21.770000457763672,22.0,21.6200008392334,21.649999618530277,13.59408950805664,588700
2016-08-15,FCPT,21.770000457763672,22.0,21.6200008392334,21.649999618530277,13.59408950805664,588700
2016-08-16,FCPT,21.670000076293945,21.770000457763672,21.209999084472656,21.270000457763672,13.355487823486328,253000
2016-08-16,FCPT,21.670000076293945,21.770000457763672,21.209999084472656,21.270000457763672,13.355487823486328,253000
2016-08-17,FCPT,21.350000381469727,21.350000381469727,20.90999984741211,21.170000076293945,13.292696952819824,473800
2016-08-17,FCPT,21.350000381469727,21.350000381469727,20.90999984741211,21.170000076293945,13.292696952819824,473800
2016-08-18,FCPT,21.200000762939453,21.350000381469727,20.96999931335449,21.01000022888184,13.192231178283691,375000
2016-08-18,FCPT,21.200000762939453,21.350000381469727,20.96999931335449,21.01000022888184,13.192231178283691,375000
2016-08-19,FCPT,20.93000030517578,21.13999938964844,20.690000534057617,20.76000022888184,13.035256385803224,434600
2016-08-19,FCPT,20.93000030517578,21.13999938964844,20.690000534057617,20.76000022888184,13.035256385803224,434600
2016-08-22,FCPT,20.61000061035156,20.63999938964844,19.8799991607666,20.600000381469727,12.934795379638672,445000
2016-08-22,FCPT,20.61000061035156,20.63999938964844,19.8799991607666,20.600000381469727,12.934795379638672,445000
2016-08-23,FCPT,20.780000686645508,21.15999984741211,20.59000015258789,20.600000381469727,12.934795379638672,444900
2016-08-23,FCPT,20.780000686645508,21.15999984741211,20.59000015258789,20.600000381469727,12.934795379638672,444900
2016-08-24,FCPT,20.670000076293945,20.71999931335449,20.13999938964844,20.6200008392334,12.947352409362791,475100
2016-08-24,FCPT,20.670000076293945,20.71999931335449,20.13999938964844,20.6200008392334,12.947352409362791,475100
2016-08-25,FCPT,20.63999938964844,20.88999938964844,20.61000061035156,20.88999938964844,13.1168851852417,360800
2016-08-25,FCPT,20.63999938964844,20.88999938964844,20.61000061035156,20.88999938964844,13.1168851852417,360800
2016-08-26,FCPT,20.899999618530277,21.01000022888184,20.100000381469727,20.459999084472656,12.846887588500977,818100
2016-08-26,FCPT,20.899999618530277,21.01000022888184,20.100000381469727,20.459999084472656,12.846887588500977,818100
2016-08-29,FCPT,20.520000457763672,20.739999771118164,20.5,20.63999938964844,12.959906578063965,290600
2016-08-29,FCPT,20.520000457763672,20.739999771118164,20.5,20.63999938964844,12.959906578063965,290600
2016-08-30,FCPT,20.700000762939453,20.71999931335449,20.239999771118164,20.43000030517578,12.82805061340332,668800
2016-08-30,FCPT,20.700000762939453,20.71999931335449,20.239999771118164,20.43000030517578,12.82805061340332,668800
2016-08-31,FCPT,20.5,20.799999237060547,20.200000762939453,20.709999084472656,13.00385856628418,572200
2016-08-31,FCPT,20.5,20.799999237060547,20.200000762939453,20.709999084472656,13.00385856628418,572200
2016-09-01,FCPT,20.780000686645508,20.82999992370605,20.270000457763672,20.59000015258789,12.928512573242188,394600
2016-09-01,FCPT,20.780000686645508,20.82999992370605,20.270000457763672,20.59000015258789,12.928512573242188,394600
2016-09-02,FCPT,20.709999084472656,21.170000076293945,20.530000686645508,20.850000381469727,13.091766357421877,427000
2016-09-02,FCPT,20.709999084472656,21.170000076293945,20.530000686645508,20.850000381469727,13.091766357421877,427000
2016-09-06,FCPT,20.899999618530277,21.399999618530277,20.780000686645508,21.299999237060547,13.37432098388672,431700
2016-09-06,FCPT,20.899999618530277,21.399999618530277,20.780000686645508,21.299999237060547,13.37432098388672,431700
2016-09-07,FCPT,21.270000457763672,21.690000534057617,21.190000534057617,21.3700008392334,13.4182767868042,578000
2016-09-07,FCPT,21.270000457763672,21.690000534057617,21.190000534057617,21.3700008392334,13.4182767868042,578000
2016-09-08,FCPT,21.34000015258789,21.420000076293945,21.06999969482422,21.290000915527344,13.368045806884766,267600
2016-09-08,FCPT,21.34000015258789,21.420000076293945,21.06999969482422,21.290000915527344,13.368045806884766,267600
2016-09-09,FCPT,21.07999992370605,21.25,20.030000686645508,20.459999084472656,12.846887588500977,634000
2016-09-09,FCPT,21.07999992370605,21.25,20.030000686645508,20.459999084472656,12.846887588500977,634000
2016-09-12,FCPT,20.450000762939453,20.709999084472656,20.270000457763672,20.6299991607666,12.953632354736328,525600
2016-09-12,FCPT,20.450000762939453,20.709999084472656,20.270000457763672,20.6299991607666,12.953632354736328,525600
2016-09-13,FCPT,20.5,20.549999237060547,19.59000015258789,19.649999618530277,12.338282585144045,844200
2016-09-13,FCPT,20.5,20.549999237060547,19.59000015258789,19.649999618530277,12.338282585144045,844200
2016-09-14,FCPT,19.670000076293945,20.32999992370605,19.6200008392334,19.950000762939453,12.526656150817873,638500
2016-09-14,FCPT,19.670000076293945,20.32999992370605,19.6200008392334,19.950000762939453,12.526656150817873,638500
2016-09-15,FCPT,20.01000022888184,20.06999969482422,19.770000457763672,19.959999084472656,12.532936096191406,261300
2016-09-15,FCPT,20.01000022888184,20.06999969482422,19.770000457763672,19.959999084472656,12.532936096191406,261300
2016-09-16,FCPT,19.899999618530277,20.25,19.82999992370605,20.01000022888184,12.564332962036133,1178500
2016-09-16,FCPT,19.899999618530277,20.25,19.82999992370605,20.01000022888184,12.564332962036133,1178500
2016-09-19,FCPT,20.01000022888184,20.420000076293945,19.8799991607666,20.3700008392334,12.79037380218506,348500
2016-09-19,FCPT,20.01000022888184,20.420000076293945,19.8799991607666,20.3700008392334,12.79037380218506,348500
2016-09-20,FCPT,20.520000457763672,20.6200008392334,20.440000534057617,20.520000457763672,12.884561538696287,409500
2016-09-20,FCPT,20.520000457763672,20.6200008392334,20.440000534057617,20.520000457763672,12.884561538696287,409500
2016-09-21,FCPT,20.649999618530277,21.01000022888184,20.36000061035156,20.96999931335449,13.167119979858398,376000
2016-09-21,FCPT,20.649999618530277,21.01000022888184,20.36000061035156,20.96999931335449,13.167119979858398,376000
2016-09-22,FCPT,21.21999931335449,21.6200008392334,21.200000762939453,21.440000534057617,13.462230682373049,547500
2016-09-22,FCPT,21.21999931335449,21.6200008392334,21.200000762939453,21.440000534057617,13.462230682373049,547500
2016-09-23,FCPT,21.440000534057617,21.649999618530277,21.25,21.530000686645508,13.518742561340332,329700
2016-09-23,FCPT,21.440000534057617,21.649999618530277,21.25,21.530000686645508,13.518742561340332,329700
2016-09-26,FCPT,21.530000686645508,21.690000534057617,21.36000061035156,21.46999931335449,13.48106861114502,597200
2016-09-26,FCPT,21.530000686645508,21.690000534057617,21.36000061035156,21.46999931335449,13.48106861114502,597200
2016-09-27,FCPT,21.540000915527344,21.670000076293945,21.299999237060547,21.31999969482422,13.386886596679688,355900
2016-09-27,FCPT,21.540000915527344,21.670000076293945,21.299999237060547,21.31999969482422,13.386886596679688,355900
2016-09-28,FCPT,21.21999931335449,21.489999771118164,21.06999969482422,21.459999084472656,13.630141258239746,250500
2016-09-28,FCPT,21.21999931335449,21.489999771118164,21.06999969482422,21.459999084472656,13.630141258239746,250500
2016-09-29,FCPT,21.32999992370605,21.420000076293945,21.149999618530277,21.170000076293945,13.445947647094728,248600
2016-09-29,FCPT,21.32999992370605,21.420000076293945,21.149999618530277,21.170000076293945,13.445947647094728,248600
2016-09-30,FCPT,21.280000686645508,21.43000030517578,20.940000534057617,21.32999992370605,13.547574043273926,336600
2016-09-30,FCPT,21.280000686645508,21.43000030517578,20.940000534057617,21.32999992370605,13.547574043273926,336600
2016-10-03,FCPT,21.290000915527344,21.350000381469727,20.979999542236328,21.1299991607666,13.420543670654297,427200
2016-10-03,FCPT,21.290000915527344,21.350000381469727,20.979999542236328,21.1299991607666,13.420543670654297,427200
2016-10-04,FCPT,21.06999969482422,21.06999969482422,20.6200008392334,20.729999542236328,13.166486740112305,347100
2016-10-04,FCPT,21.06999969482422,21.06999969482422,20.6200008392334,20.729999542236328,13.166486740112305,347100
2016-10-05,FCPT,20.75,20.88999938964844,20.07999992370605,20.15999984741211,12.804457664489746,460900
2016-10-05,FCPT,20.75,20.88999938964844,20.07999992370605,20.15999984741211,12.804457664489746,460900
2016-10-06,FCPT,20.01000022888184,20.239999771118164,19.65999984741211,19.93000030517578,12.658376693725586,760900
2016-10-06,FCPT,20.01000022888184,20.239999771118164,19.65999984741211,19.93000030517578,12.658376693725586,760900
2016-10-07,FCPT,20.100000381469727,20.36000061035156,19.88999938964844,20.1200008392334,12.77904987335205,271300
2016-10-07,FCPT,20.100000381469727,20.36000061035156,19.88999938964844,20.1200008392334,12.77904987335205,271300
2016-10-10,FCPT,20.21999931335449,20.61000061035156,20.15999984741211,20.32999992370605,12.912428855895996,277200
2016-10-10,FCPT,20.21999931335449,20.61000061035156,20.15999984741211,20.32999992370605,12.912428855895996,277200
2016-10-11,FCPT,20.32999992370605,20.479999542236328,19.8700008392334,19.93000030517578,12.658376693725586,294300
2016-10-11,FCPT,20.32999992370605,20.479999542236328,19.8700008392334,19.93000030517578,12.658376693725586,294300
2016-10-12,FCPT,19.989999771118164,20.309999465942383,19.8700008392334,20.21999931335449,12.84256649017334,160800
2016-10-12,FCPT,19.989999771118164,20.309999465942383,19.8700008392334,20.21999931335449,12.84256649017334,160800
2016-10-13,FCPT,20.190000534057617,20.850000381469727,20.18000030517578,20.540000915527344,13.045812606811523,277400
2016-10-13,FCPT,20.190000534057617,20.850000381469727,20.18000030517578,20.540000915527344,13.045812606811523,277400
2016-10-14,FCPT,20.729999542236328,20.790000915527344,20.40999984741211,20.459999084472656,12.994998931884766,362400
2016-10-14,FCPT,20.729999542236328,20.790000915527344,20.40999984741211,20.459999084472656,12.994998931884766,362400
2016-10-17,FCPT,20.57999992370605,20.729999542236328,20.459999084472656,20.530000686645508,13.039461135864258,198900
2016-10-17,FCPT,20.57999992370605,20.729999542236328,20.459999084472656,20.530000686645508,13.039461135864258,198900
2016-10-18,FCPT,20.709999084472656,20.920000076293945,20.540000915527344,20.68000030517578,13.134730339050291,227400
2016-10-18,FCPT,20.709999084472656,20.920000076293945,20.540000915527344,20.68000030517578,13.134730339050291,227400
2016-10-19,FCPT,20.76000022888184,20.90999984741211,20.549999237060547,20.75,13.179191589355469,263600
2016-10-19,FCPT,20.76000022888184,20.90999984741211,20.549999237060547,20.75,13.179191589355469,263600
2016-10-20,FCPT,20.76000022888184,21.020000457763672,20.57999992370605,20.8700008392334,13.25540828704834,360500
2016-10-20,FCPT,20.76000022888184,21.020000457763672,20.57999992370605,20.8700008392334,13.25540828704834,360500
2016-10-21,FCPT,20.799999237060547,20.82999992370605,20.479999542236328,20.780000686645508,13.19824504852295,167800
2016-10-21,FCPT,20.799999237060547,20.82999992370605,20.479999542236328,20.780000686645508,13.19824504852295,167800
2016-10-24,FCPT,20.84000015258789,21.15999984741211,20.82999992370605,21.059999465942383,13.37608528137207,223100
2016-10-24,FCPT,20.84000015258789,21.15999984741211,20.82999992370605,21.059999465942383,13.37608528137207,223100
2016-10-25,FCPT,21.01000022888184,21.11000061035156,20.850000381469727,20.959999084472656,13.312570571899414,184000
2016-10-25,FCPT,21.01000022888184,21.11000061035156,20.850000381469727,20.959999084472656,13.312570571899414,184000
2016-10-26,FCPT,20.850000381469727,20.93000030517578,20.36000061035156,20.530000686645508,13.039461135864258,302700
2016-10-26,FCPT,20.850000381469727,20.93000030517578,20.36000061035156,20.530000686645508,13.039461135864258,302700
2016-10-27,FCPT,20.549999237060547,20.670000076293945,19.8799991607666,19.96999931335449,12.683778762817385,375500
2016-10-27,FCPT,20.549999237060547,20.670000076293945,19.8799991607666,19.96999931335449,12.683778762817385,375500
2016-10-28,FCPT,20.020000457763672,20.020000457763672,19.770000457763672,19.8700008392334,12.620267868041992,211400
2016-10-28,FCPT,20.020000457763672,20.020000457763672,19.770000457763672,19.8700008392334,12.620267868041992,211400
2016-10-31,FCPT,19.90999984741211,20.11000061035156,19.799999237060547,20.07999992370605,12.753646850585938,608000
2016-10-31,FCPT,19.90999984741211,20.11000061035156,19.799999237060547,20.07999992370605,12.753646850585938,608000
2016-11-01,FCPT,20.09000015258789,20.32999992370605,19.82999992370605,19.950000762939453,12.671076774597168,441100
2016-11-01,FCPT,20.09000015258789,20.32999992370605,19.82999992370605,19.950000762939453,12.671076774597168,441100
2016-11-02,FCPT,20.0,20.049999237060547,19.649999618530277,19.670000076293945,12.493236541748049,245700
2016-11-02,FCPT,20.0,20.049999237060547,19.649999618530277,19.670000076293945,12.493236541748049,245700
2016-11-03,FCPT,19.3799991607666,19.780000686645508,18.920000076293945,19.21999931335449,12.20742130279541,369500
2016-11-03,FCPT,19.3799991607666,19.780000686645508,18.920000076293945,19.21999931335449,12.20742130279541,369500
2016-11-04,FCPT,19.270000457763672,19.479999542236328,19.1299991607666,19.25,12.226479530334473,331200
2016-11-04,FCPT,19.270000457763672,19.479999542236328,19.1299991607666,19.25,12.226479530334473,331200
2016-11-07,FCPT,19.5,19.63999938964844,19.049999237060547,19.06999969482422,12.11215114593506,784100
2016-11-07,FCPT,19.5,19.63999938964844,19.049999237060547,19.06999969482422,12.11215114593506,784100
2016-11-08,FCPT,18.959999084472656,19.31999969482422,18.959999084472656,19.190000534057617,12.188372611999512,469300
2016-11-08,FCPT,18.959999084472656,19.31999969482422,18.959999084472656,19.190000534057617,12.188372611999512,469300
2016-11-09,FCPT,18.81999969482422,19.01000022888184,18.239999771118164,18.34000015258789,11.648499488830566,556600
2016-11-09,FCPT,18.81999969482422,19.01000022888184,18.239999771118164,18.34000015258789,11.648499488830566,556600
2016-11-10,FCPT,18.3799991607666,18.3799991607666,16.709999084472656,17.739999771118164,11.267416000366213,1090000
2016-11-10,FCPT,18.3799991607666,18.3799991607666,16.709999084472656,17.739999771118164,11.267416000366213,1090000
2016-11-11,FCPT,17.739999771118164,18.489999771118164,17.530000686645508,18.399999618530277,11.686610221862791,645700
2016-11-11,FCPT,17.739999771118164,18.489999771118164,17.530000686645508,18.399999618530277,11.686610221862791,645700
2016-11-14,FCPT,18.350000381469727,18.559999465942383,18.040000915527344,18.420000076293945,11.69930934906006,540500
2016-11-14,FCPT,18.350000381469727,18.559999465942383,18.040000915527344,18.420000076293945,11.69930934906006,540500
2016-11-15,FCPT,18.46999931335449,18.709999084472656,18.399999618530277,18.63999938964844,11.839044570922852,404300
2016-11-15,FCPT,18.46999931335449,18.709999084472656,18.399999618530277,18.63999938964844,11.839044570922852,404300
2016-11-16,FCPT,18.649999618530277,18.90999984741211,18.43000030517578,18.6299991607666,11.83269214630127,284000
2016-11-16,FCPT,18.649999618530277,18.90999984741211,18.43000030517578,18.6299991607666,11.83269214630127,284000
2016-11-17,FCPT,18.670000076293945,19.09000015258789,18.51000022888184,18.56999969482422,11.794583320617676,287900
2016-11-17,FCPT,18.670000076293945,19.09000015258789,18.51000022888184,18.56999969482422,11.794583320617676,287900
2016-11-18,FCPT,18.600000381469727,18.850000381469727,18.59000015258789,18.6299991607666,11.83269214630127,291600
2016-11-18,FCPT,18.600000381469727,18.850000381469727,18.59000015258789,18.6299991607666,11.83269214630127,291600
2016-11-21,FCPT,18.75,18.790000915527344,18.549999237060547,18.600000381469727,11.81363582611084,211100
2016-11-21,FCPT,18.75,18.790000915527344,18.549999237060547,18.600000381469727,11.81363582611084,211100
2016-11-22,FCPT,18.739999771118164,19.030000686645508,18.600000381469727,19.01000022888184,12.074047088623049,301500
2016-11-22,FCPT,18.739999771118164,19.030000686645508,18.600000381469727,19.01000022888184,12.074047088623049,301500
2016-11-23,FCPT,18.809999465942383,19.040000915527344,18.780000686645508,19.01000022888184,12.074047088623049,192100
2016-11-23,FCPT,18.809999465942383,19.040000915527344,18.780000686645508,19.01000022888184,12.074047088623049,192100
2016-11-25,FCPT,19.0,19.36000061035156,18.940000534057617,19.270000457763672,12.239181518554688,86300
2016-11-25,FCPT,19.0,19.36000061035156,18.940000534057617,19.270000457763672,12.239181518554688,86300
2016-11-28,FCPT,19.36000061035156,19.709999084472656,19.299999237060547,19.479999542236328,12.37255859375,331700
2016-11-28,FCPT,19.36000061035156,19.709999084472656,19.299999237060547,19.479999542236328,12.37255859375,331700
2016-11-29,FCPT,19.489999771118164,19.88999938964844,19.489999771118164,19.65999984741211,12.48688793182373,258800
2016-11-29,FCPT,19.489999771118164,19.88999938964844,19.489999771118164,19.65999984741211,12.48688793182373,258800
2016-11-30,FCPT,19.5,19.549999237060547,19.0,19.18000030517578,12.182018280029297,571800
2016-11-30,FCPT,19.5,19.549999237060547,19.0,19.18000030517578,12.182018280029297,571800
2016-12-01,FCPT,19.049999237060547,19.299999237060547,18.31999969482422,18.440000534057617,11.712017059326172,676300
2016-12-01,FCPT,19.049999237060547,19.299999237060547,18.31999969482422,18.440000534057617,11.712017059326172,676300
2016-12-02,FCPT,18.51000022888184,19.350000381469727,18.51000022888184,18.959999084472656,12.042284965515137,735200
2016-12-02,FCPT,18.51000022888184,19.350000381469727,18.51000022888184,18.959999084472656,12.042284965515137,735200
2016-12-05,FCPT,18.989999771118164,19.280000686645508,18.920000076293945,19.21999931335449,12.20742130279541,378700
2016-12-05,FCPT,18.989999771118164,19.280000686645508,18.920000076293945,19.21999931335449,12.20742130279541,378700
2016-12-06,FCPT,19.239999771118164,19.459999084472656,19.11000061035156,19.21999931335449,12.20742130279541,478200
2016-12-06,FCPT,19.239999771118164,19.459999084472656,19.11000061035156,19.21999931335449,12.20742130279541,478200
2016-12-07,FCPT,19.31999969482422,19.690000534057617,19.270000457763672,19.59000015258789,12.442425727844238,409200
2016-12-07,FCPT,19.31999969482422,19.690000534057617,19.270000457763672,19.59000015258789,12.442425727844238,409200
2016-12-08,FCPT,19.43000030517578,19.75,19.209999084472656,19.739999771118164,12.537697792053224,333000
2016-12-08,FCPT,19.43000030517578,19.75,19.209999084472656,19.739999771118164,12.537697792053224,333000
2016-12-09,FCPT,19.729999542236328,19.940000534057617,19.600000381469727,19.649999618530277,12.480536460876465,257800
2016-12-09,FCPT,19.729999542236328,19.940000534057617,19.600000381469727,19.649999618530277,12.480536460876465,257800
2016-12-12,FCPT,19.57999992370605,19.770000457763672,19.440000534057617,19.6299991607666,12.467830657958984,223500
2016-12-12,FCPT,19.57999992370605,19.770000457763672,19.440000534057617,19.6299991607666,12.467830657958984,223500
2016-12-13,FCPT,19.75,20.01000022888184,19.450000762939453,19.6200008392334,12.461481094360352,204200
2016-12-13,FCPT,19.75,20.01000022888184,19.450000762939453,19.6200008392334,12.461481094360352,204200
2016-12-14,FCPT,19.690000534057617,19.690000534057617,19.13999938964844,19.18000030517578,12.182018280029297,223700
2016-12-14,FCPT,19.690000534057617,19.690000534057617,19.13999938964844,19.18000030517578,12.182018280029297,223700
2016-12-15,FCPT,19.200000762939453,19.43000030517578,18.96999931335449,19.15999984741211,12.169310569763184,405700
2016-12-15,FCPT,19.200000762939453,19.43000030517578,18.96999931335449,19.15999984741211,12.169310569763184,405700
2016-12-16,FCPT,19.32999992370605,19.51000022888184,19.07999992370605,19.459999084472656,12.359855651855469,923500
2016-12-16,FCPT,19.32999992370605,19.51000022888184,19.07999992370605,19.459999084472656,12.359855651855469,923500
2016-12-19,FCPT,19.57999992370605,20.149999618530277,19.56999969482422,20.07999992370605,12.753646850585938,288700
2016-12-19,FCPT,19.57999992370605,20.149999618530277,19.56999969482422,20.07999992370605,12.753646850585938,288700
2016-12-20,FCPT,19.979999542236328,20.299999237060547,19.93000030517578,20.020000457763672,12.715537071228027,421300
2016-12-20,FCPT,19.979999542236328,20.299999237060547,19.93000030517578,20.020000457763672,12.715537071228027,421300
2016-12-21,FCPT,20.06999969482422,20.15999984741211,19.6299991607666,19.6299991607666,12.467830657958984,311900
2016-12-21,FCPT,20.06999969482422,20.15999984741211,19.6299991607666,19.6299991607666,12.467830657958984,311900
2016-12-22,FCPT,19.6299991607666,19.90999984741211,19.51000022888184,19.850000381469727,12.607563018798828,312100
2016-12-22,FCPT,19.6299991607666,19.90999984741211,19.51000022888184,19.850000381469727,12.607563018798828,312100
2016-12-23,FCPT,19.920000076293945,20.059999465942383,19.790000915527344,19.950000762939453,12.671076774597168,326000
2016-12-23,FCPT,19.920000076293945,20.059999465942383,19.790000915527344,19.950000762939453,12.671076774597168,326000
2016-12-27,FCPT,19.950000762939453,20.13999938964844,19.75,19.8700008392334,12.620267868041992,270200
2016-12-27,FCPT,19.950000762939453,20.13999938964844,19.75,19.8700008392334,12.620267868041992,270200
2016-12-28,FCPT,19.6200008392334,19.8700008392334,19.46999931335449,19.6299991607666,12.6221923828125,227200
2016-12-28,FCPT,19.6200008392334,19.8700008392334,19.46999931335449,19.6299991607666,12.6221923828125,227200
2016-12-29,FCPT,19.65999984741211,20.15999984741211,19.3799991607666,20.11000061035156,12.930837631225586,384500
2016-12-29,FCPT,19.65999984741211,20.15999984741211,19.3799991607666,20.11000061035156,12.930837631225586,384500
2016-12-30,FCPT,20.07999992370605,20.549999237060547,20.049999237060547,20.520000457763672,13.194470405578612,329900
2016-12-30,FCPT,20.07999992370605,20.549999237060547,20.049999237060547,20.520000457763672,13.194470405578612,329900
2017-01-03,FCPT,20.649999618530277,20.649999618530277,20.25,20.420000076293945,13.130166053771973,340000
2017-01-03,FCPT,20.649999618530277,20.649999618530277,20.25,20.420000076293945,13.130166053771973,340000
2017-01-04,FCPT,20.5,20.940000534057617,20.5,20.649999618530277,13.278059005737305,353200
2017-01-04,FCPT,20.5,20.940000534057617,20.5,20.649999618530277,13.278059005737305,353200
2017-01-05,FCPT,20.57999992370605,20.82999992370605,20.3799991607666,20.61000061035156,13.25234031677246,318400
2017-01-05,FCPT,20.57999992370605,20.82999992370605,20.3799991607666,20.61000061035156,13.25234031677246,318400
2017-01-06,FCPT,20.520000457763672,20.86000061035156,20.229999542236328,20.65999984741211,13.284490585327148,277500
2017-01-06,FCPT,20.520000457763672,20.86000061035156,20.229999542236328,20.65999984741211,13.284490585327148,277500
2017-01-09,FCPT,20.790000915527344,20.82999992370605,20.43000030517578,20.520000457763672,13.194470405578612,160900
2017-01-09,FCPT,20.790000915527344,20.82999992370605,20.43000030517578,20.520000457763672,13.194470405578612,160900
2017-01-10,FCPT,20.540000915527344,20.920000076293945,20.459999084472656,20.649999618530277,13.278059005737305,510400
2017-01-10,FCPT,20.540000915527344,20.920000076293945,20.459999084472656,20.649999618530277,13.278059005737305,510400
2017-01-11,FCPT,20.670000076293945,20.82999992370605,20.530000686645508,20.670000076293945,13.290923118591309,483000
2017-01-11,FCPT,20.670000076293945,20.82999992370605,20.530000686645508,20.670000076293945,13.290923118591309,483000
2017-01-12,FCPT,20.75,20.75,20.399999618530277,20.670000076293945,13.290923118591309,152900
2017-01-12,FCPT,20.75,20.75,20.399999618530277,20.670000076293945,13.290923118591309,152900
2017-01-13,FCPT,20.76000022888184,20.950000762939453,20.530000686645508,20.549999237060547,13.213759422302246,218600
2017-01-13,FCPT,20.76000022888184,20.950000762939453,20.530000686645508,20.549999237060547,13.213759422302246,218600
2017-01-17,FCPT,20.65999984741211,21.0,20.65999984741211,21.0,13.503113746643066,250000
2017-01-17,FCPT,20.65999984741211,21.0,20.65999984741211,21.0,13.503113746643066,250000
2017-01-18,FCPT,20.989999771118164,21.09000015258789,20.8799991607666,20.920000076293945,13.451671600341797,260900
2017-01-18,FCPT,20.989999771118164,21.09000015258789,20.8799991607666,20.920000076293945,13.451671600341797,260900
2017-01-19,FCPT,20.850000381469727,21.01000022888184,20.549999237060547,20.729999542236328,13.329498291015623,185100
2017-01-19,FCPT,20.850000381469727,21.01000022888184,20.549999237060547,20.729999542236328,13.329498291015623,185100
2017-01-20,FCPT,20.690000534057617,20.989999771118164,20.63999938964844,20.8799991607666,13.425951957702637,191300
2017-01-20,FCPT,20.690000534057617,20.989999771118164,20.63999938964844,20.8799991607666,13.425951957702637,191300
2017-01-23,FCPT,20.8799991607666,21.170000076293945,20.8700008392334,21.1299991607666,13.586700439453123,138200
2017-01-23,FCPT,20.8799991607666,21.170000076293945,20.8700008392334,21.1299991607666,13.586700439453123,138200
2017-01-24,FCPT,21.1299991607666,21.200000762939453,20.959999084472656,20.979999542236328,13.490251541137695,316200
2017-01-24,FCPT,21.1299991607666,21.200000762939453,20.959999084472656,20.979999542236328,13.490251541137695,316200
2017-01-25,FCPT,20.959999084472656,21.18000030517578,20.940000534057617,21.149999618530277,13.599565505981444,579400
2017-01-25,FCPT,20.959999084472656,21.18000030517578,20.940000534057617,21.149999618530277,13.599565505981444,579400
2017-01-26,FCPT,21.190000534057617,21.34000015258789,21.06999969482422,21.31999969482422,13.70887279510498,265800
2017-01-26,FCPT,21.190000534057617,21.34000015258789,21.06999969482422,21.31999969482422,13.70887279510498,265800
2017-01-27,FCPT,21.420000076293945,21.63999938964844,21.1299991607666,21.51000022888184,13.831048965454102,659600
2017-01-27,FCPT,21.420000076293945,21.63999938964844,21.1299991607666,21.51000022888184,13.831048965454102,659600
2017-01-30,FCPT,21.3799991607666,21.440000534057617,21.239999771118164,21.399999618530277,13.760313034057615,1368400
2017-01-30,FCPT,21.3799991607666,21.440000534057617,21.239999771118164,21.399999618530277,13.760313034057615,1368400
2017-01-31,FCPT,21.450000762939453,21.959999084472656,21.43000030517578,21.809999465942383,14.02394676208496,763200
2017-01-31,FCPT,21.450000762939453,21.959999084472656,21.43000030517578,21.809999465942383,14.02394676208496,763200
2017-02-01,FCPT,21.809999465942383,22.31999969482422,21.270000457763672,21.34000015258789,13.721735000610352,1037100
2017-02-01,FCPT,21.809999465942383,22.31999969482422,21.270000457763672,21.34000015258789,13.721735000610352,1037100
2017-02-02,FCPT,21.43000030517578,21.549999237060547,21.15999984741211,21.280000686645508,13.683154106140137,518300
2017-02-02,FCPT,21.43000030517578,21.549999237060547,21.15999984741211,21.280000686645508,13.683154106140137,518300
2017-02-03,FCPT,21.399999618530277,21.46999931335449,21.170000076293945,21.34000015258789,13.721735000610352,227800
2017-02-03,FCPT,21.399999618530277,21.46999931335449,21.170000076293945,21.34000015258789,13.721735000610352,227800
2017-02-06,FCPT,21.440000534057617,21.440000534057617,21.149999618530277,21.21999931335449,13.644569396972656,459000
2017-02-06,FCPT,21.440000534057617,21.440000534057617,21.149999618530277,21.21999931335449,13.644569396972656,459000
2017-02-07,FCPT,21.270000457763672,21.38999938964844,21.1299991607666,21.15999984741211,13.605998039245604,422100
2017-02-07,FCPT,21.270000457763672,21.38999938964844,21.1299991607666,21.15999984741211,13.605998039245604,422100
2017-02-08,FCPT,21.190000534057617,21.399999618530277,20.979999542236328,21.34000015258789,13.721735000610352,675600
2017-02-08,FCPT,21.190000534057617,21.399999618530277,20.979999542236328,21.34000015258789,13.721735000610352,675600
2017-02-09,FCPT,21.32999992370605,21.440000534057617,21.280000686645508,21.420000076293945,13.773174285888672,465700
2017-02-09,FCPT,21.32999992370605,21.440000534057617,21.280000686645508,21.420000076293945,13.773174285888672,465700
2017-02-10,FCPT,21.40999984741211,21.71999931335449,21.40999984741211,21.59000015258789,13.882489204406738,663100
2017-02-10,FCPT,21.40999984741211,21.71999931335449,21.40999984741211,21.59000015258789,13.882489204406738,663100
2017-02-13,FCPT,21.649999618530277,21.780000686645508,21.489999771118164,21.61000061035156,13.895347595214844,310500
2017-02-13,FCPT,21.649999618530277,21.780000686645508,21.489999771118164,21.61000061035156,13.895347595214844,310500
2017-02-14,FCPT,21.57999992370605,21.57999992370605,21.149999618530277,21.350000381469727,13.72816562652588,301700
2017-02-14,FCPT,21.57999992370605,21.57999992370605,21.149999618530277,21.350000381469727,13.72816562652588,301700
2017-02-15,FCPT,21.190000534057617,21.399999618530277,21.06999969482422,21.26000022888184,13.670292854309082,424400
2017-02-15,FCPT,21.190000534057617,21.399999618530277,21.06999969482422,21.26000022888184,13.670292854309082,424400
2017-02-16,FCPT,21.34000015258789,21.57999992370605,21.34000015258789,21.399999618530277,13.760313034057615,305100
2017-02-16,FCPT,21.34000015258789,21.57999992370605,21.34000015258789,21.399999618530277,13.760313034057615,305100
2017-02-17,FCPT,21.399999618530277,21.790000915527344,21.149999618530277,21.770000457763672,13.9982271194458,1020800
2017-02-17,FCPT,21.399999618530277,21.790000915527344,21.149999618530277,21.770000457763672,13.9982271194458,1020800
2017-02-21,FCPT,21.75,22.1200008392334,21.649999618530277,22.049999237060547,14.178272247314451,205400
2017-02-21,FCPT,21.75,22.1200008392334,21.649999618530277,22.049999237060547,14.178272247314451,205400
2017-02-22,FCPT,22.059999465942383,22.09000015258789,21.739999771118164,21.989999771118164,14.139689445495604,179800
2017-02-22,FCPT,22.059999465942383,22.09000015258789,21.739999771118164,21.989999771118164,14.139689445495604,179800
2017-02-23,FCPT,22.649999618530277,22.8799991607666,21.670000076293945,22.15999984741211,14.249000549316406,528800
2017-02-23,FCPT,22.649999618530277,22.8799991607666,21.670000076293945,22.15999984741211,14.249000549316406,528800
2017-02-24,FCPT,22.1200008392334,22.520000457763672,22.01000022888184,22.489999771118164,14.461187362670898,343100
2017-02-24,FCPT,22.1200008392334,22.520000457763672,22.01000022888184,22.489999771118164,14.461187362670898,343100
2017-02-27,FCPT,22.51000022888184,22.59000015258789,22.36000061035156,22.46999931335449,14.448328971862791,275000
2017-02-27,FCPT,22.51000022888184,22.59000015258789,22.36000061035156,22.46999931335449,14.448328971862791,275000
2017-02-28,FCPT,22.51000022888184,22.530000686645508,22.059999465942383,22.18000030517578,14.261858940124512,459800
2017-02-28,FCPT,22.51000022888184,22.530000686645508,22.059999465942383,22.18000030517578,14.261858940124512,459800
2017-03-01,FCPT,22.030000686645508,22.5,21.899999618530277,22.13999938964844,14.23613739013672,533500
2017-03-01,FCPT,22.030000686645508,22.5,21.899999618530277,22.13999938964844,14.23613739013672,533500
2017-03-02,FCPT,22.11000061035156,22.1200008392334,21.93000030517578,21.959999084472656,14.12039566040039,265100
2017-03-02,FCPT,22.11000061035156,22.1200008392334,21.93000030517578,21.959999084472656,14.12039566040039,265100
2017-03-03,FCPT,21.93000030517578,22.030000686645508,21.649999618530277,21.8700008392334,14.062528610229492,313400
2017-03-03,FCPT,21.93000030517578,22.030000686645508,21.649999618530277,21.8700008392334,14.062528610229492,313400
2017-03-06,FCPT,21.71999931335449,21.979999542236328,21.63999938964844,21.96999931335449,14.12682819366455,379100
2017-03-06,FCPT,21.71999931335449,21.979999542236328,21.63999938964844,21.96999931335449,14.12682819366455,379100
2017-03-07,FCPT,21.8700008392334,21.989999771118164,21.700000762939453,21.84000015258789,14.043237686157228,382200
2017-03-07,FCPT,21.8700008392334,21.989999771118164,21.700000762939453,21.84000015258789,14.043237686157228,382200
2017-03-08,FCPT,21.700000762939453,21.790000915527344,21.26000022888184,21.280000686645508,13.683154106140137,249000
2017-03-08,FCPT,21.700000762939453,21.790000915527344,21.26000022888184,21.280000686645508,13.683154106140137,249000
2017-03-09,FCPT,21.32999992370605,21.420000076293945,20.899999618530277,21.1200008392334,13.580269813537598,307800
2017-03-09,FCPT,21.32999992370605,21.420000076293945,20.899999618530277,21.1200008392334,13.580269813537598,307800
2017-03-10,FCPT,21.280000686645508,21.350000381469727,20.850000381469727,21.0,13.503113746643066,293700
2017-03-10,FCPT,21.280000686645508,21.350000381469727,20.850000381469727,21.0,13.503113746643066,293700
2017-03-13,FCPT,21.0,21.18000030517578,20.899999618530277,20.989999771118164,13.496684074401855,242800
2017-03-13,FCPT,21.0,21.18000030517578,20.899999618530277,20.989999771118164,13.496684074401855,242800
2017-03-14,FCPT,21.01000022888184,21.13999938964844,20.81999969482422,20.93000030517578,13.458101272583008,276300
2017-03-14,FCPT,21.01000022888184,21.13999938964844,20.81999969482422,20.93000030517578,13.458101272583008,276300
2017-03-15,FCPT,20.989999771118164,21.489999771118164,20.96999931335449,21.350000381469727,13.72816562652588,432400
2017-03-15,FCPT,20.989999771118164,21.489999771118164,20.96999931335449,21.350000381469727,13.72816562652588,432400
2017-03-16,FCPT,21.34000015258789,21.59000015258789,21.34000015258789,21.479999542236328,13.811756134033203,341800
2017-03-16,FCPT,21.34000015258789,21.59000015258789,21.34000015258789,21.479999542236328,13.811756134033203,341800
2017-03-17,FCPT,21.51000022888184,21.86000061035156,21.51000022888184,21.809999465942383,14.02394676208496,925900
2017-03-17,FCPT,21.51000022888184,21.86000061035156,21.51000022888184,21.809999465942383,14.02394676208496,925900
2017-03-20,FCPT,21.809999465942383,21.88999938964844,21.649999618530277,21.690000534057617,13.94679069519043,368300
2017-03-20,FCPT,21.809999465942383,21.88999938964844,21.649999618530277,21.690000534057617,13.94679069519043,368300
2017-03-21,FCPT,21.729999542236328,21.729999542236328,21.40999984741211,21.61000061035156,13.895347595214844,249800
2017-03-21,FCPT,21.729999542236328,21.729999542236328,21.40999984741211,21.61000061035156,13.895347595214844,249800
2017-03-22,FCPT,21.700000762939453,21.809999465942383,21.38999938964844,21.479999542236328,13.811756134033203,408400
2017-03-22,FCPT,21.700000762939453,21.809999465942383,21.38999938964844,21.479999542236328,13.811756134033203,408400
2017-03-23,FCPT,21.530000686645508,22.1200008392334,21.5,22.06999969482422,14.191133499145508,1105600
2017-03-23,FCPT,21.530000686645508,22.1200008392334,21.5,22.06999969482422,14.191133499145508,1105600
2017-03-24,FCPT,22.1299991607666,22.600000381469727,22.020000457763672,22.489999771118164,14.461187362670898,684400
2017-03-24,FCPT,22.1299991607666,22.600000381469727,22.020000457763672,22.489999771118164,14.461187362670898,684400
2017-03-27,FCPT,22.40999984741211,22.670000076293945,22.200000762939453,22.26000022888184,14.3132963180542,739000
2017-03-27,FCPT,22.40999984741211,22.670000076293945,22.200000762939453,22.26000022888184,14.3132963180542,739000
2017-03-28,FCPT,22.229999542236328,22.239999771118164,21.90999984741211,22.190000534057617,14.268285751342772,754700
2017-03-28,FCPT,22.229999542236328,22.239999771118164,21.90999984741211,22.190000534057617,14.268285751342772,754700
2017-03-29,FCPT,21.920000076293945,22.350000381469727,21.88999938964844,22.31999969482422,14.510784149169922,420700
2017-03-29,FCPT,21.920000076293945,22.350000381469727,21.88999938964844,22.31999969482422,14.510784149169922,420700
2017-03-30,FCPT,22.31999969482422,22.5,22.170000076293945,22.440000534057617,14.588799476623535,440500
2017-03-30,FCPT,22.31999969482422,22.5,22.170000076293945,22.440000534057617,14.588799476623535,440500
2017-03-31,FCPT,22.440000534057617,22.88999938964844,22.36000061035156,22.82999992370605,14.842347145080566,546500
2017-03-31,FCPT,22.440000534057617,22.88999938964844,22.36000061035156,22.82999992370605,14.842347145080566,546500
2017-04-03,FCPT,22.82999992370605,22.82999992370605,22.36000061035156,22.3700008392334,14.543292045593262,456400
2017-04-03,FCPT,22.82999992370605,22.82999992370605,22.36000061035156,22.3700008392334,14.543292045593262,456400
2017-04-04,FCPT,22.34000015258789,22.63999938964844,22.299999237060547,22.420000076293945,14.57579517364502,410600
2017-04-04,FCPT,22.34000015258789,22.63999938964844,22.299999237060547,22.420000076293945,14.57579517364502,410600
2017-04-05,FCPT,22.450000762939453,22.84000015258789,22.450000762939453,22.799999237060547,14.822843551635742,535600
2017-04-05,FCPT,22.450000762939453,22.84000015258789,22.450000762939453,22.799999237060547,14.822843551635742,535600
2017-04-06,FCPT,22.799999237060547,23.3700008392334,22.799999237060547,23.209999084472656,15.089398384094238,491900
2017-04-06,FCPT,22.799999237060547,23.3700008392334,22.799999237060547,23.209999084472656,15.089398384094238,491900
2017-04-07,FCPT,23.26000022888184,23.3700008392334,23.040000915527344,23.059999465942383,14.991880416870115,343600
2017-04-07,FCPT,23.26000022888184,23.3700008392334,23.040000915527344,23.059999465942383,14.991880416870115,343600
2017-04-10,FCPT,23.09000015258789,23.280000686645508,22.979999542236328,23.100000381469727,15.017885208129885,295000
2017-04-10,FCPT,23.09000015258789,23.280000686645508,22.979999542236328,23.100000381469727,15.017885208129885,295000
2017-04-11,FCPT,23.11000061035156,23.459999084472656,23.11000061035156,23.450000762939453,15.245427131652832,445600
2017-04-11,FCPT,23.11000061035156,23.459999084472656,23.11000061035156,23.450000762939453,15.245427131652832,445600
2017-04-12,FCPT,23.40999984741211,23.530000686645508,23.06999969482422,23.13999938964844,15.043892860412598,229400
2017-04-12,FCPT,23.40999984741211,23.530000686645508,23.06999969482422,23.13999938964844,15.043892860412598,229400
2017-04-13,FCPT,23.149999618530277,23.38999938964844,23.1299991607666,23.25,15.115399360656738,182800
2017-04-13,FCPT,23.149999618530277,23.38999938964844,23.1299991607666,23.25,15.115399360656738,182800
2017-04-17,FCPT,23.350000381469727,23.56999969482422,23.34000015258789,23.559999465942383,15.316939353942873,147400
2017-04-17,FCPT,23.350000381469727,23.56999969482422,23.34000015258789,23.559999465942383,15.316939353942873,147400
2017-04-18,FCPT,23.549999237060547,23.81999969482422,23.5,23.770000457763672,15.453466415405272,270700
2017-04-18,FCPT,23.549999237060547,23.81999969482422,23.5,23.770000457763672,15.453466415405272,270700
2017-04-19,FCPT,23.76000022888184,23.940000534057617,23.68000030517578,23.809999465942383,15.479469299316406,367000
2017-04-19,FCPT,23.76000022888184,23.940000534057617,23.68000030517578,23.809999465942383,15.479469299316406,367000
2017-04-20,FCPT,23.8799991607666,23.959999084472656,23.559999465942383,23.59000015258789,15.336440086364746,314200
2017-04-20,FCPT,23.8799991607666,23.959999084472656,23.559999465942383,23.59000015258789,15.336440086364746,314200
2017-04-21,FCPT,23.61000061035156,23.63999938964844,23.450000762939453,23.530000686645508,15.297436714172363,250700
2017-04-21,FCPT,23.61000061035156,23.63999938964844,23.450000762939453,23.530000686645508,15.297436714172363,250700
2017-04-24,FCPT,23.65999984741211,23.690000534057617,23.13999938964844,23.209999084472656,15.089398384094238,338100
2017-04-24,FCPT,23.65999984741211,23.690000534057617,23.13999938964844,23.209999084472656,15.089398384094238,338100
2017-04-25,FCPT,23.25,23.63999938964844,23.25,23.540000915527344,15.30393886566162,210800
2017-04-25,FCPT,23.25,23.63999938964844,23.25,23.540000915527344,15.30393886566162,210800
2017-04-26,FCPT,23.479999542236328,23.940000534057617,23.3799991607666,23.86000061035156,15.511978149414062,420000
2017-04-26,FCPT,23.479999542236328,23.940000534057617,23.3799991607666,23.86000061035156,15.511978149414062,420000
2017-04-27,FCPT,23.88999938964844,24.100000381469727,23.729999542236328,23.82999992370605,15.492473602294922,508100
2017-04-27,FCPT,23.88999938964844,24.100000381469727,23.729999542236328,23.82999992370605,15.492473602294922,508100
2017-04-28,FCPT,23.809999465942383,23.809999465942383,23.229999542236328,23.32999992370605,15.167407989501951,196000
2017-04-28,FCPT,23.809999465942383,23.809999465942383,23.229999542236328,23.32999992370605,15.167407989501951,196000
2017-05-01,FCPT,23.440000534057617,23.59000015258789,23.239999771118164,23.38999938964844,15.20642375946045,234500
2017-05-01,FCPT,23.440000534057617,23.59000015258789,23.239999771118164,23.38999938964844,15.20642375946045,234500
2017-05-02,FCPT,23.350000381469727,23.51000022888184,23.200000762939453,23.399999618530277,15.21292209625244,319200
2017-05-02,FCPT,23.350000381469727,23.51000022888184,23.200000762939453,23.399999618530277,15.21292209625244,319200
2017-05-03,FCPT,23.479999542236328,23.479999542236328,22.75,22.950000762939453,14.920364379882812,319200
2017-05-03,FCPT,23.479999542236328,23.479999542236328,22.75,22.950000762939453,14.920364379882812,319200
2017-05-04,FCPT,22.479999542236328,22.84000015258789,21.959999084472656,22.09000015258789,14.361258506774902,542600
2017-05-04,FCPT,22.479999542236328,22.84000015258789,21.959999084472656,22.09000015258789,14.361258506774902,542600
2017-05-05,FCPT,22.100000381469727,22.559999465942383,22.100000381469727,22.549999237060547,14.660311698913574,225500
2017-05-05,FCPT,22.100000381469727,22.559999465942383,22.100000381469727,22.549999237060547,14.660311698913574,225500
2017-05-08,FCPT,22.559999465942383,22.559999465942383,22.170000076293945,22.290000915527344,14.49128246307373,406100
2017-05-08,FCPT,22.559999465942383,22.559999465942383,22.170000076293945,22.290000915527344,14.49128246307373,406100
2017-05-09,FCPT,22.309999465942383,22.309999465942383,21.8799991607666,21.989999771118164,14.296244621276855,346500
2017-05-09,FCPT,22.309999465942383,22.309999465942383,21.8799991607666,21.989999771118164,14.296244621276855,346500
2017-05-10,FCPT,22.020000457763672,22.450000762939453,21.950000762939453,22.280000686645508,14.484781265258787,290300
2017-05-10,FCPT,22.020000457763672,22.450000762939453,21.950000762939453,22.280000686645508,14.484781265258787,290300
2017-05-11,FCPT,22.239999771118164,22.239999771118164,21.899999618530277,22.030000686645508,14.322248458862305,255100
2017-05-11,FCPT,22.239999771118164,22.239999771118164,21.899999618530277,22.030000686645508,14.322248458862305,255100
2017-05-12,FCPT,22.030000686645508,22.36000061035156,22.030000686645508,22.200000762939453,14.432771682739258,348100
2017-05-12,FCPT,22.030000686645508,22.36000061035156,22.030000686645508,22.200000762939453,14.432771682739258,348100
2017-05-15,FCPT,22.239999771118164,22.51000022888184,22.200000762939453,22.440000534057617,14.588799476623535,291500
2017-05-15,FCPT,22.239999771118164,22.51000022888184,22.200000762939453,22.440000534057617,14.588799476623535,291500
2017-05-16,FCPT,22.479999542236328,22.790000915527344,22.290000915527344,22.729999542236328,14.777336120605469,751900
2017-05-16,FCPT,22.479999542236328,22.790000915527344,22.290000915527344,22.729999542236328,14.777336120605469,751900
2017-05-17,FCPT,22.68000030517578,23.38999938964844,22.530000686645508,23.290000915527344,15.141406059265137,628700
2017-05-17,FCPT,22.68000030517578,23.38999938964844,22.530000686645508,23.290000915527344,15.141406059265137,628700
2017-05-18,FCPT,23.25,23.57999992370605,23.040000915527344,23.270000457763672,15.128398895263672,461600
2017-05-18,FCPT,23.25,23.57999992370605,23.040000915527344,23.270000457763672,15.128398895263672,461600
2017-05-19,FCPT,23.25,23.88999938964844,23.25,23.780000686645508,15.459968566894531,369400
2017-05-19,FCPT,23.25,23.88999938964844,23.25,23.780000686645508,15.459968566894531,369400
2017-05-22,FCPT,23.84000015258789,24.190000534057617,23.649999618530277,24.190000534057617,15.726518630981444,393900
2017-05-22,FCPT,23.84000015258789,24.190000534057617,23.649999618530277,24.190000534057617,15.726518630981444,393900
2017-05-23,FCPT,24.239999771118164,24.399999618530277,24.1200008392334,24.18000030517578,15.720017433166504,230300
2017-05-23,FCPT,24.239999771118164,24.399999618530277,24.1200008392334,24.18000030517578,15.720017433166504,230300
2017-05-24,FCPT,24.270000457763672,24.420000076293945,24.07999992370605,24.07999992370605,15.65500259399414,568000
2017-05-24,FCPT,24.270000457763672,24.420000076293945,24.07999992370605,24.07999992370605,15.65500259399414,568000
2017-05-25,FCPT,24.200000762939453,24.399999618530277,24.040000915527344,24.270000457763672,15.778524398803713,633900
2017-05-25,FCPT,24.200000762939453,24.399999618530277,24.040000915527344,24.270000457763672,15.778524398803713,633900
2017-05-26,FCPT,24.32999992370605,24.520000457763672,24.209999084472656,24.459999084472656,15.902047157287598,565400
2017-05-26,FCPT,24.32999992370605,24.520000457763672,24.209999084472656,24.459999084472656,15.902047157287598,565400
2017-05-30,FCPT,24.5,24.520000457763672,24.309999465942383,24.3700008392334,15.843544006347656,209700
2017-05-30,FCPT,24.5,24.520000457763672,24.309999465942383,24.3700008392334,15.843544006347656,209700
2017-05-31,FCPT,24.40999984741211,24.65999984741211,24.26000022888184,24.6200008392334,16.00606918334961,603700
2017-05-31,FCPT,24.40999984741211,24.65999984741211,24.26000022888184,24.6200008392334,16.00606918334961,603700
2017-06-01,FCPT,24.57999992370605,25.239999771118164,24.3700008392334,25.1200008392334,16.331132888793945,523600
2017-06-01,FCPT,24.57999992370605,25.239999771118164,24.3700008392334,25.1200008392334,16.331132888793945,523600
2017-06-02,FCPT,25.299999237060547,25.56999969482422,25.1299991607666,25.450000762939453,16.545677185058594,496400
2017-06-02,FCPT,25.299999237060547,25.56999969482422,25.1299991607666,25.450000762939453,16.545677185058594,496400
2017-06-05,FCPT,25.420000076293945,25.61000061035156,25.229999542236328,25.270000457763672,16.428653717041016,438500
2017-06-05,FCPT,25.420000076293945,25.61000061035156,25.229999542236328,25.270000457763672,16.428653717041016,438500
2017-06-06,FCPT,25.25,25.38999938964844,25.06999969482422,25.26000022888184,16.42215347290039,359100
2017-06-06,FCPT,25.25,25.38999938964844,25.06999969482422,25.26000022888184,16.42215347290039,359100
2017-06-07,FCPT,25.25,25.5,25.229999542236328,25.3799991607666,16.50016975402832,279300
2017-06-07,FCPT,25.25,25.5,25.229999542236328,25.3799991607666,16.50016975402832,279300
2017-06-08,FCPT,25.420000076293945,25.420000076293945,25.13999938964844,25.290000915527344,16.441659927368164,235300
2017-06-08,FCPT,25.420000076293945,25.420000076293945,25.13999938964844,25.290000915527344,16.441659927368164,235300
2017-06-09,FCPT,25.270000457763672,25.61000061035156,25.1299991607666,25.420000076293945,16.52617073059082,474100
2017-06-09,FCPT,25.270000457763672,25.61000061035156,25.1299991607666,25.420000076293945,16.52617073059082,474100
2017-06-12,FCPT,25.440000534057617,25.84000015258789,25.420000076293945,25.81999969482422,16.786218643188477,323300
2017-06-12,FCPT,25.440000534057617,25.84000015258789,25.420000076293945,25.81999969482422,16.786218643188477,323300
2017-06-13,FCPT,25.799999237060547,25.84000015258789,25.40999984741211,25.459999084472656,16.552175521850586,472100
2017-06-13,FCPT,25.799999237060547,25.84000015258789,25.40999984741211,25.459999084472656,16.552175521850586,472100
2017-06-14,FCPT,25.63999938964844,25.71999931335449,25.420000076293945,25.57999992370605,16.63018798828125,467800
2017-06-14,FCPT,25.63999938964844,25.71999931335449,25.420000076293945,25.57999992370605,16.63018798828125,467800
2017-06-15,FCPT,25.38999938964844,25.90999984741211,25.3700008392334,25.690000534057617,16.70170783996582,274000
2017-06-15,FCPT,25.38999938964844,25.90999984741211,25.3700008392334,25.690000534057617,16.70170783996582,274000
2017-06-16,FCPT,25.26000022888184,25.790000915527344,24.75,25.559999465942383,16.6171932220459,572200
2017-06-16,FCPT,25.26000022888184,25.790000915527344,24.75,25.559999465942383,16.6171932220459,572200
2017-06-19,FCPT,25.61000061035156,25.65999984741211,25.299999237060547,25.43000030517578,16.532676696777344,210900
2017-06-19,FCPT,25.61000061035156,25.65999984741211,25.299999237060547,25.43000030517578,16.532676696777344,210900
2017-06-20,FCPT,25.46999931335449,25.520000457763672,25.18000030517578,25.3700008392334,16.49366569519043,210900
2017-06-20,FCPT,25.46999931335449,25.520000457763672,25.18000030517578,25.3700008392334,16.49366569519043,210900
2017-06-21,FCPT,25.420000076293945,25.559999465942383,25.299999237060547,25.40999984741211,16.51967430114746,218900
2017-06-21,FCPT,25.420000076293945,25.559999465942383,25.299999237060547,25.40999984741211,16.51967430114746,218900
2017-06-22,FCPT,25.489999771118164,25.600000381469727,25.280000686645508,25.450000762939453,16.545677185058594,185600
2017-06-22,FCPT,25.489999771118164,25.600000381469727,25.280000686645508,25.450000762939453,16.545677185058594,185600
2017-06-23,FCPT,25.450000762939453,25.86000061035156,25.450000762939453,25.850000381469727,16.805727005004883,583500
2017-06-23,FCPT,25.450000762939453,25.86000061035156,25.450000762939453,25.850000381469727,16.805727005004883,583500
2017-06-26,FCPT,25.940000534057617,25.940000534057617,25.65999984741211,25.770000457763672,16.75371742248535,158900
2017-06-26,FCPT,25.940000534057617,25.940000534057617,25.65999984741211,25.770000457763672,16.75371742248535,158900
2017-06-27,FCPT,25.690000534057617,25.850000381469727,25.479999542236328,25.71999931335449,16.721210479736328,273400
2017-06-27,FCPT,25.690000534057617,25.850000381469727,25.479999542236328,25.71999931335449,16.721210479736328,273400
2017-06-28,FCPT,25.61000061035156,25.75,25.32999992370605,25.520000457763672,16.749427795410156,348500
2017-06-28,FCPT,25.61000061035156,25.75,25.32999992370605,25.520000457763672,16.749427795410156,348500
2017-06-29,FCPT,25.479999542236328,25.57999992370605,24.88999938964844,24.950000762939453,16.375328063964844,242800
2017-06-29,FCPT,25.479999542236328,25.57999992370605,24.88999938964844,24.950000762939453,16.375328063964844,242800
2017-06-30,FCPT,25.049999237060547,25.239999771118164,25.01000022888184,25.11000061035156,16.480342864990234,308000
2017-06-30,FCPT,25.049999237060547,25.239999771118164,25.01000022888184,25.11000061035156,16.480342864990234,308000
2017-07-03,FCPT,25.229999542236328,25.34000015258789,24.8799991607666,25.239999771118164,16.56566047668457,196700
2017-07-03,FCPT,25.229999542236328,25.34000015258789,24.8799991607666,25.239999771118164,16.56566047668457,196700
2017-07-05,FCPT,25.200000762939453,25.350000381469727,24.940000534057617,25.170000076293945,16.519718170166016,286500
2017-07-05,FCPT,25.200000762939453,25.350000381469727,24.940000534057617,25.170000076293945,16.519718170166016,286500
2017-07-06,FCPT,25.06999969482422,25.13999938964844,24.75,24.899999618530277,16.342512130737305,208300
2017-07-06,FCPT,25.06999969482422,25.13999938964844,24.75,24.899999618530277,16.342512130737305,208300
2017-07-07,FCPT,24.899999618530277,25.459999084472656,24.71999931335449,25.239999771118164,16.56566047668457,252600
2017-07-07,FCPT,24.899999618530277,25.459999084472656,24.71999931335449,25.239999771118164,16.56566047668457,252600
2017-07-10,FCPT,25.25,25.34000015258789,24.71999931335449,24.75,16.244064331054688,169100
2017-07-10,FCPT,25.25,25.34000015258789,24.71999931335449,24.75,16.244064331054688,169100
2017-07-11,FCPT,24.71999931335449,24.989999771118164,24.530000686645508,24.96999931335449,16.38844871520996,327500
2017-07-11,FCPT,24.71999931335449,24.989999771118164,24.530000686645508,24.96999931335449,16.38844871520996,327500
2017-07-12,FCPT,25.1299991607666,25.46999931335449,25.020000457763672,25.190000534057617,16.53284454345703,437000
2017-07-12,FCPT,25.1299991607666,25.46999931335449,25.020000457763672,25.190000534057617,16.53284454345703,437000
2017-07-13,FCPT,25.190000534057617,25.239999771118164,24.75,24.8799991607666,16.329381942749023,250800
2017-07-13,FCPT,25.190000534057617,25.239999771118164,24.75,24.8799991607666,16.329381942749023,250800
2017-07-14,FCPT,25.01000022888184,25.21999931335449,24.850000381469727,25.100000381469727,16.473777770996094,423800
2017-07-14,FCPT,25.01000022888184,25.21999931335449,24.850000381469727,25.100000381469727,16.473777770996094,423800
2017-07-17,FCPT,25.11000061035156,25.270000457763672,24.899999618530277,25.26000022888184,16.57878875732422,272000
2017-07-17,FCPT,25.11000061035156,25.270000457763672,24.899999618530277,25.26000022888184,16.57878875732422,272000
2017-07-18,FCPT,25.040000915527344,25.5,25.0,25.18000030517578,16.526281356811523,343800
2017-07-18,FCPT,25.040000915527344,25.5,25.0,25.18000030517578,16.526281356811523,343800
2017-07-19,FCPT,25.15999984741211,25.6200008392334,25.149999618530277,25.51000022888184,16.742868423461914,392000
2017-07-19,FCPT,25.15999984741211,25.6200008392334,25.149999618530277,25.51000022888184,16.742868423461914,392000
2017-07-20,FCPT,25.51000022888184,25.530000686645508,25.26000022888184,25.270000457763672,16.585351943969727,256800
2017-07-20,FCPT,25.51000022888184,25.530000686645508,25.26000022888184,25.270000457763672,16.585351943969727,256800
2017-07-21,FCPT,25.559999465942383,25.559999465942383,25.200000762939453,25.280000686645508,16.5919132232666,182800
2017-07-21,FCPT,25.559999465942383,25.559999465942383,25.200000762939453,25.280000686645508,16.5919132232666,182800
2017-07-24,FCPT,25.200000762939453,25.34000015258789,25.030000686645508,25.18000030517578,16.526281356811523,143800
2017-07-24,FCPT,25.200000762939453,25.34000015258789,25.030000686645508,25.18000030517578,16.526281356811523,143800
2017-07-25,FCPT,25.170000076293945,25.26000022888184,25.0,25.239999771118164,16.56566047668457,170700
2017-07-25,FCPT,25.170000076293945,25.26000022888184,25.0,25.239999771118164,16.56566047668457,170700
2017-07-26,FCPT,25.190000534057617,25.68000030517578,25.15999984741211,25.649999618530277,16.83475685119629,135000
2017-07-26,FCPT,25.190000534057617,25.68000030517578,25.15999984741211,25.649999618530277,16.83475685119629,135000
2017-07-27,FCPT,25.6299991607666,25.6299991607666,25.149999618530277,25.209999084472656,16.54597282409668,133200
2017-07-27,FCPT,25.6299991607666,25.6299991607666,25.149999618530277,25.209999084472656,16.54597282409668,133200
2017-07-28,FCPT,25.170000076293945,25.65999984741211,25.100000381469727,25.61000061035156,16.808500289916992,204400
2017-07-28,FCPT,25.170000076293945,25.65999984741211,25.100000381469727,25.61000061035156,16.808500289916992,204400
2017-07-31,FCPT,25.6299991607666,25.6299991607666,25.100000381469727,25.3799991607666,16.657546997070312,476000
2017-07-31,FCPT,25.6299991607666,25.6299991607666,25.100000381469727,25.3799991607666,16.657546997070312,476000
2017-08-01,FCPT,25.440000534057617,25.530000686645508,25.239999771118164,25.31999969482422,16.618167877197266,281800
2017-08-01,FCPT,25.440000534057617,25.530000686645508,25.239999771118164,25.31999969482422,16.618167877197266,281800
2017-08-02,FCPT,25.229999542236328,25.229999542236328,24.86000061035156,24.8700008392334,16.32282066345215,164200
2017-08-02,FCPT,25.229999542236328,25.229999542236328,24.86000061035156,24.8700008392334,16.32282066345215,164200
2017-08-03,FCPT,24.309999465942383,25.06999969482422,23.88999938964844,24.290000915527344,15.942150115966797,341000
2017-08-03,FCPT,24.309999465942383,25.06999969482422,23.88999938964844,24.290000915527344,15.942150115966797,341000
2017-08-04,FCPT,24.280000686645508,24.3700008392334,24.209999084472656,24.280000686645508,15.935587882995604,212400
2017-08-04,FCPT,24.280000686645508,24.3700008392334,24.209999084472656,24.280000686645508,15.935587882995604,212400
2017-08-07,FCPT,24.280000686645508,24.6299991607666,24.190000534057617,24.3700008392334,15.994662284851074,190900
2017-08-07,FCPT,24.280000686645508,24.6299991607666,24.190000534057617,24.3700008392334,15.994662284851074,190900
2017-08-08,FCPT,24.26000022888184,24.46999931335449,24.100000381469727,24.239999771118164,15.909337043762209,269500
2017-08-08,FCPT,24.26000022888184,24.46999931335449,24.100000381469727,24.239999771118164,15.909337043762209,269500
2017-08-09,FCPT,24.31999969482422,24.32999992370605,24.01000022888184,24.170000076293945,15.86339282989502,367800
2017-08-09,FCPT,24.31999969482422,24.32999992370605,24.01000022888184,24.170000076293945,15.86339282989502,367800
2017-08-10,FCPT,24.100000381469727,24.32999992370605,24.020000457763672,24.049999237060547,15.784629821777344,210300
2017-08-10,FCPT,24.100000381469727,24.32999992370605,24.020000457763672,24.049999237060547,15.784629821777344,210300
2017-08-11,FCPT,23.86000061035156,24.06999969482422,23.5,23.899999618530277,15.686182975769045,410000
2017-08-11,FCPT,23.86000061035156,24.06999969482422,23.5,23.899999618530277,15.686182975769045,410000
2017-08-14,FCPT,24.049999237060547,24.31999969482422,23.950000762939453,24.229999542236328,15.902769088745115,335800
2017-08-14,FCPT,24.049999237060547,24.31999969482422,23.950000762939453,24.229999542236328,15.902769088745115,335800
2017-08-15,FCPT,24.75,24.799999237060547,23.959999084472656,24.6299991607666,16.165298461914062,712400
2017-08-15,FCPT,24.75,24.799999237060547,23.959999084472656,24.6299991607666,16.165298461914062,712400
2017-08-16,FCPT,24.739999771118164,25.299999237060547,24.709999084472656,25.170000076293945,16.519718170166016,337900
2017-08-16,FCPT,24.739999771118164,25.299999237060547,24.709999084472656,25.170000076293945,16.519718170166016,337900
2017-08-17,FCPT,25.09000015258789,25.31999969482422,24.850000381469727,24.940000534057617,16.368764877319336,282400
2017-08-17,FCPT,25.09000015258789,25.31999969482422,24.850000381469727,24.940000534057617,16.368764877319336,282400
2017-08-18,FCPT,24.76000022888184,25.09000015258789,24.700000762939453,24.989999771118164,16.401578903198242,271900
2017-08-18,FCPT,24.76000022888184,25.09000015258789,24.700000762939453,24.989999771118164,16.401578903198242,271900
2017-08-21,FCPT,24.96999931335449,25.440000534057617,24.84000015258789,25.299999237060547,16.605043411254883,129000
2017-08-21,FCPT,24.96999931335449,25.440000534057617,24.84000015258789,25.299999237060547,16.605043411254883,129000
2017-08-22,FCPT,25.309999465942383,25.450000762939453,25.299999237060547,25.38999938964844,16.664112091064453,145200
2017-08-22,FCPT,25.309999465942383,25.450000762939453,25.299999237060547,25.38999938964844,16.664112091064453,145200
2017-08-23,FCPT,25.34000015258789,25.46999931335449,25.229999542236328,25.31999969482422,16.618167877197266,295700
2017-08-23,FCPT,25.34000015258789,25.46999931335449,25.229999542236328,25.31999969482422,16.618167877197266,295700
2017-08-24,FCPT,25.350000381469727,25.479999542236328,25.31999969482422,25.34000015258789,16.631290435791016,191000
2017-08-24,FCPT,25.350000381469727,25.479999542236328,25.31999969482422,25.34000015258789,16.631290435791016,191000
2017-08-25,FCPT,25.43000030517578,25.51000022888184,25.280000686645508,25.350000381469727,16.637853622436523,102600
2017-08-25,FCPT,25.43000030517578,25.51000022888184,25.280000686645508,25.350000381469727,16.637853622436523,102600
2017-08-28,FCPT,25.399999618530277,25.399999618530277,25.15999984741211,25.209999084472656,16.54597282409668,120900
2017-08-28,FCPT,25.399999618530277,25.399999618530277,25.15999984741211,25.209999084472656,16.54597282409668,120900
2017-08-29,FCPT,25.18000030517578,25.32999992370605,25.07999992370605,25.09000015258789,16.46721076965332,163600
2017-08-29,FCPT,25.18000030517578,25.32999992370605,25.07999992370605,25.09000015258789,16.46721076965332,163600
2017-08-30,FCPT,25.09000015258789,25.21999931335449,25.040000915527344,25.18000030517578,16.526281356811523,101400
2017-08-30,FCPT,25.09000015258789,25.21999931335449,25.040000915527344,25.18000030517578,16.526281356811523,101400
2017-08-31,FCPT,25.209999084472656,25.549999237060547,25.11000061035156,25.40999984741211,16.67723846435547,267000
2017-08-31,FCPT,25.209999084472656,25.549999237060547,25.11000061035156,25.40999984741211,16.67723846435547,267000
2017-09-01,FCPT,25.40999984741211,25.530000686645508,25.290000915527344,25.43000030517578,16.69036102294922,191600
2017-09-01,FCPT,25.40999984741211,25.530000686645508,25.290000915527344,25.43000030517578,16.69036102294922,191600
2017-09-05,FCPT,25.46999931335449,25.690000534057617,25.3799991607666,25.530000686645508,16.755996704101562,123500
2017-09-05,FCPT,25.46999931335449,25.690000534057617,25.3799991607666,25.530000686645508,16.755996704101562,123500
2017-09-06,FCPT,25.559999465942383,25.739999771118164,25.32999992370605,25.3700008392334,16.650981903076172,169800
2017-09-06,FCPT,25.559999465942383,25.739999771118164,25.32999992370605,25.3700008392334,16.650981903076172,169800
2017-09-07,FCPT,25.3799991607666,25.559999465942383,25.190000534057617,25.239999771118164,16.56566047668457,166100
2017-09-07,FCPT,25.3799991607666,25.559999465942383,25.190000534057617,25.239999771118164,16.56566047668457,166100
2017-09-08,FCPT,25.15999984741211,25.56999969482422,25.030000686645508,25.1200008392334,16.486900329589844,253100
2017-09-08,FCPT,25.15999984741211,25.56999969482422,25.030000686645508,25.1200008392334,16.486900329589844,253100
2017-09-11,FCPT,25.229999542236328,25.520000457763672,25.229999542236328,25.350000381469727,16.637853622436523,125800
2017-09-11,FCPT,25.229999542236328,25.520000457763672,25.229999542236328,25.350000381469727,16.637853622436523,125800
2017-09-12,FCPT,25.32999992370605,25.51000022888184,24.96999931335449,25.06999969482422,16.454084396362305,187400
2017-09-12,FCPT,25.32999992370605,25.51000022888184,24.96999931335449,25.06999969482422,16.454084396362305,187400
2017-09-13,FCPT,25.01000022888184,25.32999992370605,24.940000534057617,25.06999969482422,16.454084396362305,167000
2017-09-13,FCPT,25.01000022888184,25.32999992370605,24.940000534057617,25.06999969482422,16.454084396362305,167000
2017-09-14,FCPT,25.040000915527344,25.270000457763672,24.8700008392334,25.229999542236328,16.55909538269043,117300
2017-09-14,FCPT,25.040000915527344,25.270000457763672,24.8700008392334,25.229999542236328,16.55909538269043,117300
2017-09-15,FCPT,25.299999237060547,25.5,25.1200008392334,25.46999931335449,16.716611862182617,473700
2017-09-15,FCPT,25.299999237060547,25.5,25.1200008392334,25.46999931335449,16.716611862182617,473700
2017-09-18,FCPT,25.36000061035156,25.5,25.049999237060547,25.1200008392334,16.486900329589844,225800
2017-09-18,FCPT,25.36000061035156,25.5,25.049999237060547,25.1200008392334,16.486900329589844,225800
2017-09-19,FCPT,25.09000015258789,25.32999992370605,24.989999771118164,25.299999237060547,16.605043411254883,192300
2017-09-19,FCPT,25.09000015258789,25.32999992370605,24.989999771118164,25.299999237060547,16.605043411254883,192300
2017-09-20,FCPT,25.290000915527344,25.43000030517578,25.11000061035156,25.309999465942383,16.61160659790039,150800
2017-09-20,FCPT,25.290000915527344,25.43000030517578,25.11000061035156,25.309999465942383,16.61160659790039,150800
2017-09-21,FCPT,25.229999542236328,25.51000022888184,25.229999542236328,25.31999969482422,16.618167877197266,269600
2017-09-21,FCPT,25.229999542236328,25.51000022888184,25.229999542236328,25.31999969482422,16.618167877197266,269600
2017-09-22,FCPT,25.3700008392334,25.459999084472656,25.030000686645508,25.190000534057617,16.53284454345703,141700
2017-09-22,FCPT,25.3700008392334,25.459999084472656,25.030000686645508,25.190000534057617,16.53284454345703,141700
2017-09-25,FCPT,25.229999542236328,25.36000061035156,25.07999992370605,25.07999992370605,16.46064567565918,275000
2017-09-25,FCPT,25.229999542236328,25.36000061035156,25.07999992370605,25.07999992370605,16.46064567565918,275000
2017-09-26,FCPT,25.11000061035156,25.229999542236328,24.700000762939453,24.799999237060547,16.276874542236328,276300
2017-09-26,FCPT,25.11000061035156,25.229999542236328,24.700000762939453,24.799999237060547,16.276874542236328,276300
2017-09-27,FCPT,24.739999771118164,24.84000015258789,24.36000061035156,24.559999465942383,16.119361877441406,281900
2017-09-27,FCPT,24.739999771118164,24.84000015258789,24.36000061035156,24.559999465942383,16.119361877441406,281900
2017-09-28,FCPT,24.31999969482422,24.950000762939453,24.270000457763672,24.940000534057617,16.532337188720703,261800
2017-09-28,FCPT,24.31999969482422,24.950000762939453,24.270000457763672,24.940000534057617,16.532337188720703,261800
2017-09-29,FCPT,24.899999618530277,25.100000381469727,24.709999084472656,24.920000076293945,16.519081115722656,298800
2017-09-29,FCPT,24.899999618530277,25.100000381469727,24.709999084472656,24.920000076293945,16.519081115722656,298800
2017-10-02,FCPT,25.0,25.290000915527344,24.959999084472656,25.18000030517578,16.691425323486328,224600
2017-10-02,FCPT,25.0,25.290000915527344,24.959999084472656,25.18000030517578,16.691425323486328,224600
2017-10-03,FCPT,25.190000534057617,25.649999618530277,25.190000534057617,25.559999465942383,16.94332504272461,299100
2017-10-03,FCPT,25.190000534057617,25.649999618530277,25.190000534057617,25.559999465942383,16.94332504272461,299100
2017-10-04,FCPT,25.530000686645508,25.63999938964844,25.38999938964844,25.520000457763672,16.916805267333984,242400
2017-10-04,FCPT,25.530000686645508,25.63999938964844,25.38999938964844,25.520000457763672,16.916805267333984,242400
2017-10-05,FCPT,25.559999465942383,25.71999931335449,25.440000534057617,25.530000686645508,16.92343521118164,260400
2017-10-05,FCPT,25.559999465942383,25.71999931335449,25.440000534057617,25.530000686645508,16.92343521118164,260400
2017-10-06,FCPT,25.3700008392334,25.489999771118164,25.06999969482422,25.38999938964844,16.83063316345215,286900
2017-10-06,FCPT,25.3700008392334,25.489999771118164,25.06999969482422,25.38999938964844,16.83063316345215,286900
2017-10-09,FCPT,25.32999992370605,25.59000015258789,25.21999931335449,25.290000915527344,16.764352798461914,112700
2017-10-09,FCPT,25.32999992370605,25.59000015258789,25.21999931335449,25.290000915527344,16.764352798461914,112700
2017-10-10,FCPT,25.36000061035156,25.46999931335449,25.26000022888184,25.36000061035156,16.810747146606445,112200
2017-10-10,FCPT,25.36000061035156,25.46999931335449,25.26000022888184,25.36000061035156,16.810747146606445,112200
2017-10-11,FCPT,25.32999992370605,25.690000534057617,25.32999992370605,25.43000030517578,16.85715103149414,214100
2017-10-11,FCPT,25.32999992370605,25.690000534057617,25.32999992370605,25.43000030517578,16.85715103149414,214100
2017-10-12,FCPT,25.32999992370605,25.450000762939453,25.149999618530277,25.170000076293945,16.684799194335938,332100
2017-10-12,FCPT,25.32999992370605,25.450000762939453,25.149999618530277,25.170000076293945,16.684799194335938,332100
2017-10-13,FCPT,25.280000686645508,25.3700008392334,25.15999984741211,25.239999771118164,16.731204986572266,343900
2017-10-13,FCPT,25.280000686645508,25.3700008392334,25.15999984741211,25.239999771118164,16.731204986572266,343900
2017-10-16,FCPT,25.290000915527344,25.56999969482422,25.229999542236328,25.530000686645508,16.92343521118164,241500
2017-10-16,FCPT,25.290000915527344,25.56999969482422,25.229999542236328,25.530000686645508,16.92343521118164,241500
2017-10-17,FCPT,25.530000686645508,25.59000015258789,25.34000015258789,25.450000762939453,16.870410919189453,140300
2017-10-17,FCPT,25.530000686645508,25.59000015258789,25.34000015258789,25.450000762939453,16.870410919189453,140300
2017-10-18,FCPT,25.43000030517578,25.6299991607666,25.280000686645508,25.32999992370605,16.790863037109375,199000
2017-10-18,FCPT,25.43000030517578,25.6299991607666,25.280000686645508,25.32999992370605,16.790863037109375,199000
2017-10-19,FCPT,25.309999465942383,25.309999465942383,25.13999938964844,25.25,16.737831115722656,148500
2017-10-19,FCPT,25.309999465942383,25.309999465942383,25.13999938964844,25.25,16.737831115722656,148500
2017-10-20,FCPT,25.299999237060547,25.3700008392334,25.0,25.06999969482422,16.618513107299805,174000
2017-10-20,FCPT,25.299999237060547,25.3700008392334,25.0,25.06999969482422,16.618513107299805,174000
2017-10-23,FCPT,25.06999969482422,25.100000381469727,24.559999465942383,24.600000381469727,16.306957244873047,201400
2017-10-23,FCPT,25.06999969482422,25.100000381469727,24.559999465942383,24.600000381469727,16.306957244873047,201400
2017-10-24,FCPT,24.6299991607666,24.780000686645508,24.46999931335449,24.6200008392334,16.320209503173828,173700
2017-10-24,FCPT,24.6299991607666,24.780000686645508,24.46999931335449,24.6200008392334,16.320209503173828,173700
2017-10-25,FCPT,24.59000015258789,24.65999984741211,24.0,24.1200008392334,15.98876953125,171800
2017-10-25,FCPT,24.59000015258789,24.65999984741211,24.0,24.1200008392334,15.98876953125,171800
2017-10-26,FCPT,24.209999084472656,24.459999084472656,23.84000015258789,24.3799991607666,16.161115646362305,447100
2017-10-26,FCPT,24.209999084472656,24.459999084472656,23.84000015258789,24.3799991607666,16.161115646362305,447100
2017-10-27,FCPT,24.459999084472656,25.040000915527344,24.43000030517578,24.780000686645508,16.42626953125,495500
2017-10-27,FCPT,24.459999084472656,25.040000915527344,24.43000030517578,24.780000686645508,16.42626953125,495500
2017-10-30,FCPT,24.76000022888184,24.780000686645508,24.46999931335449,24.6299991607666,16.326839447021484,254100
2017-10-30,FCPT,24.76000022888184,24.780000686645508,24.46999931335449,24.6299991607666,16.326839447021484,254100
2017-10-31,FCPT,24.68000030517578,24.76000022888184,24.5,24.68000030517578,16.359983444213867,191100
2017-10-31,FCPT,24.68000030517578,24.76000022888184,24.5,24.68000030517578,16.359983444213867,191100
2017-11-01,FCPT,24.799999237060547,25.1200008392334,24.57999992370605,24.700000762939453,16.373241424560547,181600
2017-11-01,FCPT,24.799999237060547,25.1200008392334,24.57999992370605,24.700000762939453,16.373241424560547,181600
2017-11-02,FCPT,24.799999237060547,25.040000915527344,24.709999084472656,24.950000762939453,16.538963317871094,246200
2017-11-02,FCPT,24.799999237060547,25.040000915527344,24.709999084472656,24.950000762939453,16.538963317871094,246200
2017-11-03,FCPT,24.86000061035156,25.3799991607666,24.86000061035156,25.3799991607666,16.824003219604492,281600
2017-11-03,FCPT,24.86000061035156,25.3799991607666,24.86000061035156,25.3799991607666,16.824003219604492,281600
2017-11-06,FCPT,25.459999084472656,25.46999931335449,25.040000915527344,25.32999992370605,16.790863037109375,317900
2017-11-06,FCPT,25.459999084472656,25.46999931335449,25.040000915527344,25.32999992370605,16.790863037109375,317900
2017-11-07,FCPT,25.440000534057617,25.90999984741211,25.34000015258789,25.899999618530277,17.168704986572266,207500
2017-11-07,FCPT,25.440000534057617,25.90999984741211,25.34000015258789,25.899999618530277,17.168704986572266,207500
2017-11-08,FCPT,25.76000022888184,26.25,25.76000022888184,26.18000030517578,17.35431480407715,326900
2017-11-08,FCPT,25.76000022888184,26.25,25.76000022888184,26.18000030517578,17.35431480407715,326900
2017-11-09,FCPT,26.07999992370605,26.25,25.76000022888184,26.09000015258789,17.294654846191406,272300
2017-11-09,FCPT,26.07999992370605,26.25,25.76000022888184,26.09000015258789,17.294654846191406,272300
2017-11-10,FCPT,26.020000457763672,26.38999938964844,25.76000022888184,25.81999969482422,17.115676879882812,316500
2017-11-10,FCPT,26.020000457763672,26.38999938964844,25.76000022888184,25.81999969482422,17.115676879882812,316500
2017-11-13,FCPT,25.75,26.1299991607666,25.59000015258789,25.8700008392334,17.14881706237793,336200
2017-11-13,FCPT,25.75,26.1299991607666,25.59000015258789,25.8700008392334,17.14881706237793,336200
2017-11-14,FCPT,25.729999542236328,26.299999237060547,25.71999931335449,26.100000381469727,17.301279067993164,305200
2017-11-14,FCPT,25.729999542236328,26.299999237060547,25.71999931335449,26.100000381469727,17.301279067993164,305200
2017-11-15,FCPT,26.020000457763672,26.270000457763672,25.899999618530277,26.030000686645508,17.254878997802734,247900
2017-11-15,FCPT,26.020000457763672,26.270000457763672,25.899999618530277,26.030000686645508,17.254878997802734,247900
2017-11-16,FCPT,26.09000015258789,26.350000381469727,25.989999771118164,26.209999084472656,17.37419319152832,246000
2017-11-16,FCPT,26.09000015258789,26.350000381469727,25.989999771118164,26.209999084472656,17.37419319152832,246000
2017-11-17,FCPT,26.07999992370605,26.38999938964844,26.07999992370605,26.26000022888184,17.4073429107666,262300
2017-11-17,FCPT,26.07999992370605,26.38999938964844,26.07999992370605,26.26000022888184,17.4073429107666,262300
2017-11-20,FCPT,26.25,26.40999984741211,26.020000457763672,26.1200008392334,17.31454086303711,134200
2017-11-20,FCPT,26.25,26.40999984741211,26.020000457763672,26.1200008392334,17.31454086303711,134200
2017-11-21,FCPT,26.21999931335449,26.65999984741211,26.21999931335449,26.649999618530277,17.665864944458008,298200
2017-11-21,FCPT,26.21999931335449,26.65999984741211,26.21999931335449,26.649999618530277,17.665864944458008,298200
2017-11-22,FCPT,26.549999237060547,26.700000762939453,26.540000915527344,26.600000381469727,17.63272476196289,146100
2017-11-22,FCPT,26.549999237060547,26.700000762939453,26.540000915527344,26.600000381469727,17.63272476196289,146100
2017-11-24,FCPT,26.709999084472656,26.75,26.459999084472656,26.559999465942383,17.60620880126953,127500
2017-11-24,FCPT,26.709999084472656,26.75,26.459999084472656,26.559999465942383,17.60620880126953,127500
2017-11-27,FCPT,26.649999618530277,26.700000762939453,26.450000762939453,26.459999084472656,17.539918899536133,232500
2017-11-27,FCPT,26.649999618530277,26.700000762939453,26.450000762939453,26.459999084472656,17.539918899536133,232500
2017-11-28,FCPT,26.5,26.6299991607666,26.32999992370605,26.5,17.56644058227539,201900
2017-11-28,FCPT,26.5,26.6299991607666,26.32999992370605,26.5,17.56644058227539,201900
2017-11-29,FCPT,26.420000076293945,26.65999984741211,26.34000015258789,26.450000762939453,17.533287048339844,164600
2017-11-29,FCPT,26.420000076293945,26.65999984741211,26.34000015258789,26.450000762939453,17.533287048339844,164600
2017-11-30,FCPT,26.46999931335449,26.46999931335449,26.040000915527344,26.100000381469727,17.301279067993164,387100
2017-11-30,FCPT,26.46999931335449,26.46999931335449,26.040000915527344,26.100000381469727,17.301279067993164,387100
2017-12-01,FCPT,26.190000534057617,26.190000534057617,25.559999465942383,26.030000686645508,17.254878997802734,237800
2017-12-01,FCPT,26.190000534057617,26.190000534057617,25.559999465942383,26.030000686645508,17.254878997802734,237800
2017-12-04,FCPT,26.100000381469727,26.190000534057617,25.63999938964844,25.649999618530277,17.00298309326172,187500
2017-12-04,FCPT,26.100000381469727,26.190000534057617,25.63999938964844,25.649999618530277,17.00298309326172,187500
2017-12-05,FCPT,25.649999618530277,25.71999931335449,25.32999992370605,25.43000030517578,16.85715103149414,192800
2017-12-05,FCPT,25.649999618530277,25.71999931335449,25.32999992370605,25.43000030517578,16.85715103149414,192800
2017-12-06,FCPT,25.36000061035156,25.549999237060547,25.18000030517578,25.34000015258789,16.797489166259766,90700
2017-12-06,FCPT,25.36000061035156,25.549999237060547,25.18000030517578,25.34000015258789,16.797489166259766,90700
2017-12-07,FCPT,25.290000915527344,25.38999938964844,25.11000061035156,25.34000015258789,16.797489166259766,218100
2017-12-07,FCPT,25.290000915527344,25.38999938964844,25.11000061035156,25.34000015258789,16.797489166259766,218100
2017-12-08,FCPT,25.350000381469727,25.51000022888184,25.34000015258789,25.36000061035156,16.810747146606445,98100
2017-12-08,FCPT,25.350000381469727,25.51000022888184,25.34000015258789,25.36000061035156,16.810747146606445,98100
2017-12-11,FCPT,25.31999969482422,25.71999931335449,25.309999465942383,25.690000534057617,17.029499053955078,224900
2017-12-11,FCPT,25.31999969482422,25.71999931335449,25.309999465942383,25.690000534057617,17.029499053955078,224900
2017-12-12,FCPT,25.68000030517578,25.8700008392334,25.549999237060547,25.809999465942383,17.109045028686523,231000
2017-12-12,FCPT,25.68000030517578,25.8700008392334,25.549999237060547,25.809999465942383,17.109045028686523,231000
2017-12-13,FCPT,25.780000686645508,26.15999984741211,25.780000686645508,26.13999938964844,17.327800750732422,214300
2017-12-13,FCPT,25.780000686645508,26.15999984741211,25.780000686645508,26.13999938964844,17.327800750732422,214300
2017-12-14,FCPT,26.100000381469727,26.15999984741211,25.86000061035156,26.1200008392334,17.31454086303711,217400
2017-12-14,FCPT,26.100000381469727,26.15999984741211,25.86000061035156,26.1200008392334,17.31454086303711,217400
2017-12-15,FCPT,26.100000381469727,26.65999984741211,26.100000381469727,26.61000061035156,17.63935089111328,823300
2017-12-15,FCPT,26.100000381469727,26.65999984741211,26.100000381469727,26.61000061035156,17.63935089111328,823300
2017-12-18,FCPT,26.670000076293945,26.959999084472656,26.600000381469727,26.63999938964844,17.659238815307617,329900
2017-12-18,FCPT,26.670000076293945,26.959999084472656,26.600000381469727,26.63999938964844,17.659238815307617,329900
2017-12-19,FCPT,26.649999618530277,26.950000762939453,26.229999542236328,26.309999465942383,17.440486907958984,453400
2017-12-19,FCPT,26.649999618530277,26.950000762939453,26.229999542236328,26.309999465942383,17.440486907958984,453400
2017-12-20,FCPT,26.3700008392334,26.5,25.770000457763672,25.799999237060547,17.102415084838867,224100
2017-12-20,FCPT,26.3700008392334,26.5,25.770000457763672,25.799999237060547,17.102415084838867,224100
2017-12-21,FCPT,25.82999992370605,25.82999992370605,25.479999542236328,25.51000022888184,16.910181045532227,144700
2017-12-21,FCPT,25.82999992370605,25.82999992370605,25.479999542236328,25.51000022888184,16.910181045532227,144700
2017-12-22,FCPT,25.57999992370605,25.649999618530277,25.34000015258789,25.549999237060547,16.936695098876953,150600
2017-12-22,FCPT,25.57999992370605,25.649999618530277,25.34000015258789,25.549999237060547,16.936695098876953,150600
2017-12-26,FCPT,25.530000686645508,25.700000762939453,25.489999771118164,25.6299991607666,16.989727020263672,120100
2017-12-26,FCPT,25.530000686645508,25.700000762939453,25.489999771118164,25.6299991607666,16.989727020263672,120100
2017-12-27,FCPT,25.71999931335449,25.96999931335449,25.649999618530277,25.88999938964844,17.16207504272461,141300
2017-12-27,FCPT,25.71999931335449,25.96999931335449,25.649999618530277,25.88999938964844,17.16207504272461,141300
2017-12-28,FCPT,25.51000022888184,25.959999084472656,25.51000022888184,25.88999938964844,17.346324920654297,161700
2017-12-28,FCPT,25.51000022888184,25.959999084472656,25.51000022888184,25.88999938964844,17.346324920654297,161700
2017-12-29,FCPT,25.93000030517578,25.989999771118164,25.700000762939453,25.700000762939453,17.219022750854492,194100
2017-12-29,FCPT,25.93000030517578,25.989999771118164,25.700000762939453,25.700000762939453,17.219022750854492,194100
2018-01-02,FCPT,25.709999084472656,25.709999084472656,25.46999931335449,25.6200008392334,17.16542625427246,232700
2018-01-02,FCPT,25.709999084472656,25.709999084472656,25.46999931335449,25.6200008392334,17.16542625427246,232700
2018-01-03,FCPT,25.63999938964844,25.82999992370605,25.51000022888184,25.71999931335449,17.23242950439453,214200
2018-01-03,FCPT,25.63999938964844,25.82999992370605,25.51000022888184,25.71999931335449,17.23242950439453,214200
2018-01-04,FCPT,25.780000686645508,25.88999938964844,25.399999618530277,25.420000076293945,17.03142547607422,127700
2018-01-04,FCPT,25.780000686645508,25.88999938964844,25.399999618530277,25.420000076293945,17.03142547607422,127700
2018-01-05,FCPT,25.489999771118164,25.489999771118164,25.149999618530277,25.26000022888184,16.924226760864258,191900
2018-01-05,FCPT,25.489999771118164,25.489999771118164,25.149999618530277,25.26000022888184,16.924226760864258,191900
2018-01-08,FCPT,25.229999542236328,25.46999931335449,25.059999465942383,25.420000076293945,17.03142547607422,242900
2018-01-08,FCPT,25.229999542236328,25.46999931335449,25.059999465942383,25.420000076293945,17.03142547607422,242900
2018-01-09,FCPT,25.3799991607666,25.489999771118164,25.049999237060547,25.1299991607666,16.837127685546875,241200
2018-01-09,FCPT,25.3799991607666,25.489999771118164,25.049999237060547,25.1299991607666,16.837127685546875,241200
2018-01-10,FCPT,25.059999465942383,25.100000381469727,24.43000030517578,24.489999771118164,16.4083251953125,366300
2018-01-10,FCPT,25.059999465942383,25.100000381469727,24.43000030517578,24.489999771118164,16.4083251953125,366300
2018-01-11,FCPT,24.530000686645508,24.729999542236328,24.239999771118164,24.36000061035156,16.32122230529785,344500
2018-01-11,FCPT,24.530000686645508,24.729999542236328,24.239999771118164,24.36000061035156,16.32122230529785,344500
2018-01-12,FCPT,24.399999618530277,24.40999984741211,24.049999237060547,24.100000381469727,16.14702606201172,312600
2018-01-12,FCPT,24.399999618530277,24.40999984741211,24.049999237060547,24.100000381469727,16.14702606201172,312600
2018-01-16,FCPT,24.270000457763672,24.59000015258789,24.149999618530277,24.18000030517578,16.200620651245117,204300
2018-01-16,FCPT,24.270000457763672,24.59000015258789,24.149999618530277,24.18000030517578,16.200620651245117,204300
2018-01-17,FCPT,24.32999992370605,24.459999084472656,24.229999542236328,24.3700008392334,16.327926635742188,265500
2018-01-17,FCPT,24.32999992370605,24.459999084472656,24.229999542236328,24.3700008392334,16.327926635742188,265500
2018-01-18,FCPT,24.280000686645508,24.350000381469727,23.739999771118164,23.75,15.912529945373535,292100
2018-01-18,FCPT,24.280000686645508,24.350000381469727,23.739999771118164,23.75,15.912529945373535,292100
2018-01-19,FCPT,23.649999618530277,23.850000381469727,23.549999237060547,23.68000030517578,15.86562156677246,304800
2018-01-19,FCPT,23.649999618530277,23.850000381469727,23.549999237060547,23.68000030517578,15.86562156677246,304800
2018-01-22,FCPT,23.670000076293945,24.15999984741211,23.56999969482422,24.1299991607666,16.167123794555664,214400
2018-01-22,FCPT,23.670000076293945,24.15999984741211,23.56999969482422,24.1299991607666,16.167123794555664,214400
2018-01-23,FCPT,24.13999938964844,24.450000762939453,24.13999938964844,24.420000076293945,16.361425399780273,141500
2018-01-23,FCPT,24.13999938964844,24.450000762939453,24.13999938964844,24.420000076293945,16.361425399780273,141500
2018-01-24,FCPT,24.489999771118164,24.5,24.049999237060547,24.11000061035156,16.153722763061523,161200
2018-01-24,FCPT,24.489999771118164,24.5,24.049999237060547,24.11000061035156,16.153722763061523,161200
2018-01-25,FCPT,24.229999542236328,24.239999771118164,23.90999984741211,24.18000030517578,16.200620651245117,271900
2018-01-25,FCPT,24.229999542236328,24.239999771118164,23.90999984741211,24.18000030517578,16.200620651245117,271900
2018-01-26,FCPT,24.290000915527344,24.290000915527344,23.950000762939453,24.149999618530277,16.180524826049805,165600
2018-01-26,FCPT,24.290000915527344,24.290000915527344,23.950000762939453,24.149999618530277,16.180524826049805,165600
2018-01-29,FCPT,24.040000915527344,24.200000762939453,23.559999465942383,23.63999938964844,15.838822364807127,353800
2018-01-29,FCPT,24.040000915527344,24.200000762939453,23.559999465942383,23.63999938964844,15.838822364807127,353800
2018-01-30,FCPT,23.600000381469727,23.649999618530277,23.399999618530277,23.459999084472656,15.718219757080078,198100
2018-01-30,FCPT,23.600000381469727,23.649999618530277,23.399999618530277,23.459999084472656,15.718219757080078,198100
2018-01-31,FCPT,23.600000381469727,23.68000030517578,23.270000457763672,23.600000381469727,15.81202220916748,329600
2018-01-31,FCPT,23.600000381469727,23.68000030517578,23.270000457763672,23.600000381469727,15.81202220916748,329600
2018-02-01,FCPT,23.57999992370605,23.65999984741211,22.93000030517578,23.059999465942383,15.45022201538086,385700
2018-02-01,FCPT,23.57999992370605,23.65999984741211,22.93000030517578,23.059999465942383,15.45022201538086,385700
2018-02-02,FCPT,22.8799991607666,23.149999618530277,22.6200008392334,22.940000534057617,15.369826316833496,388000
2018-02-02,FCPT,22.8799991607666,23.149999618530277,22.6200008392334,22.940000534057617,15.369826316833496,388000
2018-02-05,FCPT,22.8700008392334,23.200000762939453,22.15999984741211,22.420000076293945,15.02142333984375,371500
2018-02-05,FCPT,22.8700008392334,23.200000762939453,22.15999984741211,22.420000076293945,15.02142333984375,371500
2018-02-06,FCPT,22.209999084472656,22.6299991607666,22.1299991607666,22.51000022888184,15.0817232131958,396800
2018-02-06,FCPT,22.209999084472656,22.6299991607666,22.1299991607666,22.51000022888184,15.0817232131958,396800
2018-02-07,FCPT,22.520000457763672,22.88999938964844,22.40999984741211,22.43000030517578,15.028122901916504,291100
2018-02-07,FCPT,22.520000457763672,22.88999938964844,22.40999984741211,22.43000030517578,15.028122901916504,291100
2018-02-08,FCPT,22.420000076293945,22.559999465942383,21.76000022888184,21.770000457763672,14.585923194885254,386800
2018-02-08,FCPT,22.420000076293945,22.559999465942383,21.76000022888184,21.770000457763672,14.585923194885254,386800
2018-02-09,FCPT,21.940000534057617,22.420000076293945,21.59000015258789,22.229999542236328,14.894124984741213,427600
2018-02-09,FCPT,21.940000534057617,22.420000076293945,21.59000015258789,22.229999542236328,14.894124984741213,427600
2018-02-12,FCPT,22.34000015258789,22.559999465942383,21.63999938964844,22.489999771118164,15.06832218170166,379700
2018-02-12,FCPT,22.34000015258789,22.559999465942383,21.63999938964844,22.489999771118164,15.06832218170166,379700
2018-02-13,FCPT,22.38999938964844,22.670000076293945,22.229999542236328,22.600000381469727,15.142020225524902,228500
2018-02-13,FCPT,22.38999938964844,22.670000076293945,22.229999542236328,22.600000381469727,15.142020225524902,228500
2018-02-14,FCPT,22.420000076293945,22.420000076293945,22.100000381469727,22.170000076293945,14.853924751281738,264700
2018-02-14,FCPT,22.420000076293945,22.420000076293945,22.100000381469727,22.170000076293945,14.853924751281738,264700
2018-02-15,FCPT,22.239999771118164,22.5,22.239999771118164,22.25,14.907526016235352,300300
2018-02-15,FCPT,22.239999771118164,22.5,22.239999771118164,22.25,14.907526016235352,300300
2018-02-16,FCPT,22.299999237060547,22.549999237060547,22.26000022888184,22.34000015258789,14.96782398223877,320900
2018-02-16,FCPT,22.299999237060547,22.549999237060547,22.26000022888184,22.34000015258789,14.96782398223877,320900
2018-02-20,FCPT,22.239999771118164,22.309999465942383,21.65999984741211,21.68000030517578,14.525626182556152,286200
2018-02-20,FCPT,22.239999771118164,22.309999465942383,21.65999984741211,21.68000030517578,14.525626182556152,286200
2018-02-21,FCPT,21.989999771118164,22.290000915527344,21.280000686645508,21.32999992370605,14.29112148284912,334200
2018-02-21,FCPT,21.989999771118164,22.290000915527344,21.280000686645508,21.32999992370605,14.29112148284912,334200
2018-02-22,FCPT,21.399999618530277,21.68000030517578,21.31999969482422,21.459999084472656,14.378220558166504,196000
2018-02-22,FCPT,21.399999618530277,21.68000030517578,21.31999969482422,21.459999084472656,14.378220558166504,196000
2018-02-23,FCPT,21.540000915527344,21.84000015258789,21.479999542236328,21.71999931335449,14.55241870880127,307500
2018-02-23,FCPT,21.540000915527344,21.84000015258789,21.479999542236328,21.71999931335449,14.55241870880127,307500
2018-02-26,FCPT,21.780000686645508,21.940000534057617,21.420000076293945,21.6200008392334,14.485418319702148,339200
2018-02-26,FCPT,21.780000686645508,21.940000534057617,21.420000076293945,21.6200008392334,14.485418319702148,339200
2018-02-27,FCPT,21.700000762939453,21.920000076293945,21.40999984741211,21.780000686645508,14.592618942260742,553200
2018-02-27,FCPT,21.700000762939453,21.920000076293945,21.40999984741211,21.780000686645508,14.592618942260742,553200
2018-02-28,FCPT,21.88999938964844,22.36000061035156,21.88999938964844,21.959999084472656,14.713221549987791,925900
2018-02-28,FCPT,21.88999938964844,22.36000061035156,21.88999938964844,21.959999084472656,14.713221549987791,925900
2018-03-01,FCPT,21.850000381469727,22.440000534057617,21.790000915527344,22.1299991607666,14.827120780944824,504700
2018-03-01,FCPT,21.850000381469727,22.440000534057617,21.790000915527344,22.1299991607666,14.827120780944824,504700
2018-03-02,FCPT,22.049999237060547,22.290000915527344,21.850000381469727,22.270000457763672,14.920920372009276,259400
2018-03-02,FCPT,22.049999237060547,22.290000915527344,21.850000381469727,22.270000457763672,14.920920372009276,259400
2018-03-05,FCPT,22.229999542236328,22.540000915527344,21.989999771118164,22.049999237060547,14.773523330688477,499000
2018-03-05,FCPT,22.229999542236328,22.540000915527344,21.989999771118164,22.049999237060547,14.773523330688477,499000
2018-03-06,FCPT,22.100000381469727,22.350000381469727,21.93000030517578,22.309999465942383,14.947718620300291,438800
2018-03-06,FCPT,22.100000381469727,22.350000381469727,21.93000030517578,22.309999465942383,14.947718620300291,438800
2018-03-07,FCPT,22.239999771118164,22.68000030517578,22.149999618530277,22.6299991607666,15.16211986541748,246700
2018-03-07,FCPT,22.239999771118164,22.68000030517578,22.149999618530277,22.6299991607666,15.16211986541748,246700
2018-03-08,FCPT,22.709999084472656,22.76000022888184,22.40999984741211,22.6299991607666,15.16211986541748,315000
2018-03-08,FCPT,22.709999084472656,22.76000022888184,22.40999984741211,22.6299991607666,15.16211986541748,315000
2018-03-09,FCPT,22.6200008392334,22.6200008392334,22.299999237060547,22.43000030517578,15.028122901916504,225500
2018-03-09,FCPT,22.6200008392334,22.6200008392334,22.299999237060547,22.43000030517578,15.028122901916504,225500
2018-03-12,FCPT,22.440000534057617,22.6299991607666,22.440000534057617,22.46999931335449,15.05491828918457,214900
2018-03-12,FCPT,22.440000534057617,22.6299991607666,22.440000534057617,22.46999931335449,15.05491828918457,214900
2018-03-13,FCPT,22.559999465942383,22.790000915527344,22.46999931335449,22.5,15.075023651123049,178500
2018-03-13,FCPT,22.559999465942383,22.790000915527344,22.46999931335449,22.5,15.075023651123049,178500
2018-03-14,FCPT,22.540000915527344,22.63999938964844,22.420000076293945,22.46999931335449,15.05491828918457,138900
2018-03-14,FCPT,22.540000915527344,22.63999938964844,22.420000076293945,22.46999931335449,15.05491828918457,138900
2018-03-15,FCPT,22.459999084472656,22.59000015258789,22.15999984741211,22.270000457763672,14.920920372009276,277600
2018-03-15,FCPT,22.459999084472656,22.59000015258789,22.15999984741211,22.270000457763672,14.920920372009276,277600
2018-03-16,FCPT,22.309999465942383,22.670000076293945,22.1299991607666,22.6299991607666,15.16211986541748,678800
2018-03-16,FCPT,22.309999465942383,22.670000076293945,22.1299991607666,22.6299991607666,15.16211986541748,678800
2018-03-19,FCPT,22.51000022888184,22.57999992370605,22.149999618530277,22.440000534057617,15.03482151031494,206200
2018-03-19,FCPT,22.51000022888184,22.57999992370605,22.149999618530277,22.440000534057617,15.03482151031494,206200
2018-03-20,FCPT,22.459999084472656,22.459999084472656,22.170000076293945,22.43000030517578,15.028122901916504,228000
2018-03-20,FCPT,22.459999084472656,22.459999084472656,22.170000076293945,22.43000030517578,15.028122901916504,228000
2018-03-21,FCPT,22.450000762939453,22.799999237060547,22.38999938964844,22.559999465942383,15.11522102355957,254900
2018-03-21,FCPT,22.450000762939453,22.799999237060547,22.38999938964844,22.559999465942383,15.11522102355957,254900
2018-03-22,FCPT,22.459999084472656,22.790000915527344,22.229999542236328,22.40999984741211,15.01472282409668,524300
2018-03-22,FCPT,22.459999084472656,22.790000915527344,22.229999542236328,22.40999984741211,15.01472282409668,524300
2018-03-23,FCPT,22.38999938964844,22.51000022888184,22.100000381469727,22.1299991607666,14.827120780944824,358300
2018-03-23,FCPT,22.38999938964844,22.51000022888184,22.100000381469727,22.1299991607666,14.827120780944824,358300
2018-03-26,FCPT,22.270000457763672,22.32999992370605,22.030000686645508,22.25,14.907526016235352,255900
2018-03-26,FCPT,22.270000457763672,22.32999992370605,22.030000686645508,22.25,14.907526016235352,255900
2018-03-27,FCPT,22.270000457763672,22.459999084472656,21.959999084472656,22.309999465942383,14.947718620300291,276000
2018-03-27,FCPT,22.270000457763672,22.459999084472656,21.959999084472656,22.309999465942383,14.947718620300291,276000
2018-03-28,FCPT,22.13999938964844,23.030000686645508,22.13999938964844,22.899999618530277,15.534502983093262,328300
2018-03-28,FCPT,22.13999938964844,23.030000686645508,22.13999938964844,22.899999618530277,15.534502983093262,328300
2018-03-29,FCPT,23.01000022888184,23.420000076293945,22.920000076293945,23.09000015258789,15.66339874267578,755000
2018-03-29,FCPT,23.01000022888184,23.420000076293945,22.920000076293945,23.09000015258789,15.66339874267578,755000
2018-04-02,FCPT,23.1200008392334,23.200000762939453,22.46999931335449,22.6200008392334,15.344564437866213,388300
2018-04-02,FCPT,23.1200008392334,23.200000762939453,22.46999931335449,22.6200008392334,15.344564437866213,388300
2018-04-03,FCPT,22.63999938964844,22.82999992370605,22.51000022888184,22.68000030517578,15.385265350341797,335500
2018-04-03,FCPT,22.63999938964844,22.82999992370605,22.51000022888184,22.68000030517578,15.385265350341797,335500
2018-04-04,FCPT,22.549999237060547,23.209999084472656,22.549999237060547,23.059999465942383,15.64304542541504,287100
2018-04-04,FCPT,22.549999237060547,23.209999084472656,22.549999237060547,23.059999465942383,15.64304542541504,287100
2018-04-05,FCPT,23.06999969482422,23.18000030517578,22.790000915527344,23.11000061035156,15.676956176757812,257300
2018-04-05,FCPT,23.06999969482422,23.18000030517578,22.790000915527344,23.11000061035156,15.676956176757812,257300
2018-04-06,FCPT,23.07999992370605,23.21999931335449,22.850000381469727,22.950000762939453,15.568425178527832,425800
2018-04-06,FCPT,23.07999992370605,23.21999931335449,22.850000381469727,22.950000762939453,15.568425178527832,425800
2018-04-09,FCPT,22.959999084472656,23.1299991607666,22.850000381469727,23.030000686645508,15.62269401550293,251300
2018-04-09,FCPT,22.959999084472656,23.1299991607666,22.850000381469727,23.030000686645508,15.62269401550293,251300
2018-04-10,FCPT,23.18000030517578,23.18000030517578,22.920000076293945,22.950000762939453,15.568425178527832,291700
2018-04-10,FCPT,23.18000030517578,23.18000030517578,22.920000076293945,22.950000762939453,15.568425178527832,291700
2018-04-11,FCPT,22.90999984741211,23.149999618530277,22.90999984741211,22.959999084472656,15.575204849243164,264800
2018-04-11,FCPT,22.90999984741211,23.149999618530277,22.90999984741211,22.959999084472656,15.575204849243164,264800
2018-04-12,FCPT,23.059999465942383,23.059999465942383,22.32999992370605,22.350000381469727,15.161407470703123,220200
2018-04-12,FCPT,23.059999465942383,23.059999465942383,22.32999992370605,22.350000381469727,15.161407470703123,220200
2018-04-13,FCPT,22.40999984741211,22.51000022888184,21.979999542236328,22.479999542236328,15.249591827392578,585300
2018-04-13,FCPT,22.40999984741211,22.51000022888184,21.979999542236328,22.479999542236328,15.249591827392578,585300
2018-04-16,FCPT,22.549999237060547,22.90999984741211,22.489999771118164,22.850000381469727,15.50058937072754,546400
2018-04-16,FCPT,22.549999237060547,22.90999984741211,22.489999771118164,22.850000381469727,15.50058937072754,546400
2018-04-17,FCPT,22.959999084472656,23.350000381469727,22.959999084472656,23.15999984741211,15.710878372192385,530200
2018-04-17,FCPT,22.959999084472656,23.350000381469727,22.959999084472656,23.15999984741211,15.710878372192385,530200
2018-04-18,FCPT,23.149999618530277,23.21999931335449,22.93000030517578,23.01000022888184,15.609122276306152,393900
2018-04-18,FCPT,23.149999618530277,23.21999931335449,22.93000030517578,23.01000022888184,15.609122276306152,393900
2018-04-19,FCPT,22.959999084472656,23.059999465942383,22.51000022888184,22.65999984741211,15.371696472167969,343600
2018-04-19,FCPT,22.959999084472656,23.059999465942383,22.51000022888184,22.65999984741211,15.371696472167969,343600
2018-04-20,FCPT,22.649999618530277,22.65999984741211,22.280000686645508,22.3700008392334,15.174975395202637,282900
2018-04-20,FCPT,22.649999618530277,22.65999984741211,22.280000686645508,22.3700008392334,15.174975395202637,282900
2018-04-23,FCPT,22.450000762939453,22.520000457763672,22.13999938964844,22.209999084472656,15.066435813903809,226000
2018-04-23,FCPT,22.450000762939453,22.520000457763672,22.13999938964844,22.209999084472656,15.066435813903809,226000
2018-04-24,FCPT,22.31999969482422,22.38999938964844,22.170000076293945,22.299999237060547,15.127486228942873,284600
2018-04-24,FCPT,22.31999969482422,22.38999938964844,22.170000076293945,22.299999237060547,15.127486228942873,284600
2018-04-25,FCPT,22.31999969482422,22.549999237060547,22.13999938964844,22.46999931335449,15.242806434631348,225400
2018-04-25,FCPT,22.31999969482422,22.549999237060547,22.13999938964844,22.46999931335449,15.242806434631348,225400
2018-04-26,FCPT,22.450000762939453,23.01000022888184,22.450000762939453,22.709999084472656,15.405613899230955,204200
2018-04-26,FCPT,22.450000762939453,23.01000022888184,22.450000762939453,22.709999084472656,15.405613899230955,204200
2018-04-27,FCPT,22.700000762939453,23.01000022888184,22.68000030517578,22.88999938964844,15.527724266052246,274600
2018-04-27,FCPT,22.700000762939453,23.01000022888184,22.68000030517578,22.88999938964844,15.527724266052246,274600
2018-04-30,FCPT,22.88999938964844,23.049999237060547,22.600000381469727,22.65999984741211,15.371696472167969,353100
2018-04-30,FCPT,22.88999938964844,23.049999237060547,22.600000381469727,22.65999984741211,15.371696472167969,353100
2018-05-01,FCPT,22.71999931335449,22.799999237060547,22.3799991607666,22.71999931335449,15.41240119934082,308600
2018-05-01,FCPT,22.71999931335449,22.799999237060547,22.3799991607666,22.71999931335449,15.41240119934082,308600
2018-05-02,FCPT,22.690000534057617,22.690000534057617,22.26000022888184,22.65999984741211,15.371696472167969,425500
2018-05-02,FCPT,22.690000534057617,22.690000534057617,22.26000022888184,22.65999984741211,15.371696472167969,425500
2018-05-03,FCPT,22.700000762939453,22.770000457763672,22.540000915527344,22.6200008392334,15.344564437866213,276800
2018-05-03,FCPT,22.700000762939453,22.770000457763672,22.540000915527344,22.6200008392334,15.344564437866213,276800
2018-05-04,FCPT,22.61000061035156,22.8700008392334,22.600000381469727,22.76000022888184,15.439533233642578,205600
2018-05-04,FCPT,22.61000061035156,22.8700008392334,22.600000381469727,22.76000022888184,15.439533233642578,205600
2018-05-07,FCPT,22.780000686645508,23.15999984741211,22.75,22.899999618530277,15.534502983093262,702700
2018-05-07,FCPT,22.780000686645508,23.15999984741211,22.75,22.899999618530277,15.534502983093262,702700
2018-05-08,FCPT,22.90999984741211,22.979999542236328,22.700000762939453,22.780000686645508,15.45310401916504,520100
2018-05-08,FCPT,22.90999984741211,22.979999542236328,22.700000762939453,22.780000686645508,15.45310401916504,520100
2018-05-09,FCPT,22.75,23.07999992370605,22.65999984741211,23.06999969482422,15.649828910827637,335900
2018-05-09,FCPT,22.75,23.07999992370605,22.65999984741211,23.06999969482422,15.649828910827637,335900
2018-05-10,FCPT,23.06999969482422,23.229999542236328,23.030000686645508,23.170000076293945,15.717662811279297,158500
2018-05-10,FCPT,23.06999969482422,23.229999542236328,23.030000686645508,23.170000076293945,15.717662811279297,158500
2018-05-11,FCPT,23.1200008392334,23.26000022888184,23.01000022888184,23.020000457763672,15.6159086227417,151000
2018-05-11,FCPT,23.1200008392334,23.26000022888184,23.01000022888184,23.020000457763672,15.6159086227417,151000
2018-05-14,FCPT,23.020000457763672,23.030000686645508,22.43000030517578,22.51000022888184,15.269943237304688,229400
2018-05-14,FCPT,23.020000457763672,23.030000686645508,22.43000030517578,22.51000022888184,15.269943237304688,229400
2018-05-15,FCPT,22.399999618530277,22.399999618530277,21.920000076293945,21.940000534057617,14.883275032043455,324200
2018-05-15,FCPT,22.399999618530277,22.399999618530277,21.920000076293945,21.940000534057617,14.883275032043455,324200
2018-05-16,FCPT,21.989999771118164,22.200000762939453,21.920000076293945,22.07999992370605,14.978248596191406,239800
2018-05-16,FCPT,21.989999771118164,22.200000762939453,21.920000076293945,22.07999992370605,14.978248596191406,239800
2018-05-17,FCPT,22.06999969482422,22.36000061035156,21.920000076293945,22.040000915527344,14.951115608215332,147500
2018-05-17,FCPT,22.06999969482422,22.36000061035156,21.920000076293945,22.040000915527344,14.951115608215332,147500
2018-05-18,FCPT,22.11000061035156,22.43000030517578,21.920000076293945,22.059999465942383,14.964676856994627,220000
2018-05-18,FCPT,22.11000061035156,22.43000030517578,21.920000076293945,22.059999465942383,14.964676856994627,220000
2018-05-21,FCPT,22.1200008392334,22.350000381469727,21.959999084472656,22.299999237060547,15.127486228942873,211900
2018-05-21,FCPT,22.1200008392334,22.350000381469727,21.959999084472656,22.299999237060547,15.127486228942873,211900
2018-05-22,FCPT,22.229999542236328,22.309999465942383,22.100000381469727,22.200000762939453,15.059648513793944,257000
2018-05-22,FCPT,22.229999542236328,22.309999465942383,22.100000381469727,22.200000762939453,15.059648513793944,257000
2018-05-23,FCPT,22.200000762939453,22.690000534057617,22.200000762939453,22.489999771118164,15.256373405456545,231500
2018-05-23,FCPT,22.200000762939453,22.690000534057617,22.200000762939453,22.489999771118164,15.256373405456545,231500
2018-05-24,FCPT,22.479999542236328,22.600000381469727,22.270000457763672,22.399999618530277,15.195321083068848,130800
2018-05-24,FCPT,22.479999542236328,22.600000381469727,22.270000457763672,22.399999618530277,15.195321083068848,130800
2018-05-25,FCPT,22.34000015258789,22.61000061035156,22.34000015258789,22.46999931335449,15.242806434631348,447300
2018-05-25,FCPT,22.34000015258789,22.61000061035156,22.34000015258789,22.46999931335449,15.242806434631348,447300
2018-05-29,FCPT,22.350000381469727,22.729999542236328,22.32999992370605,22.56999969482422,15.310647010803224,264100
2018-05-29,FCPT,22.350000381469727,22.729999542236328,22.32999992370605,22.56999969482422,15.310647010803224,264100
2018-05-30,FCPT,22.59000015258789,22.90999984741211,22.38999938964844,22.790000915527344,15.459885597229004,234000
2018-05-30,FCPT,22.59000015258789,22.90999984741211,22.38999938964844,22.790000915527344,15.459885597229004,234000
2018-05-31,FCPT,22.700000762939453,22.950000762939453,22.61000061035156,22.88999938964844,15.527724266052246,609200
2018-05-31,FCPT,22.700000762939453,22.950000762939453,22.61000061035156,22.88999938964844,15.527724266052246,609200
2018-06-01,FCPT,22.920000076293945,22.920000076293945,22.63999938964844,22.8799991607666,15.520941734313965,694500
2018-06-01,FCPT,22.920000076293945,22.920000076293945,22.63999938964844,22.8799991607666,15.520941734313965,694500
2018-06-04,FCPT,22.950000762939453,23.0,22.81999969482422,22.979999542236328,15.588775634765623,360700
2018-06-04,FCPT,22.950000762939453,23.0,22.81999969482422,22.979999542236328,15.588775634765623,360700
2018-06-05,FCPT,23.059999465942383,23.09000015258789,22.8799991607666,23.020000457763672,15.6159086227417,211500
2018-06-05,FCPT,23.059999465942383,23.09000015258789,22.8799991607666,23.020000457763672,15.6159086227417,211500
2018-06-06,FCPT,22.959999084472656,23.059999465942383,22.81999969482422,22.899999618530277,15.534502983093262,252600
2018-06-06,FCPT,22.959999084472656,23.059999465942383,22.81999969482422,22.899999618530277,15.534502983093262,252600
2018-06-07,FCPT,22.899999618530277,22.989999771118164,22.670000076293945,22.8700008392334,15.514154434204102,215300
2018-06-07,FCPT,22.899999618530277,22.989999771118164,22.670000076293945,22.8700008392334,15.514154434204102,215300
2018-06-08,FCPT,22.790000915527344,22.93000030517578,22.76000022888184,22.850000381469727,15.50058937072754,352600
2018-06-08,FCPT,22.790000915527344,22.93000030517578,22.76000022888184,22.850000381469727,15.50058937072754,352600
2018-06-11,FCPT,22.82999992370605,22.8700008392334,22.700000762939453,22.739999771118164,15.425966262817385,267500
2018-06-11,FCPT,22.82999992370605,22.8700008392334,22.700000762939453,22.739999771118164,15.425966262817385,267500
2018-06-12,FCPT,22.690000534057617,23.09000015258789,22.63999938964844,23.020000457763672,15.6159086227417,418200
2018-06-12,FCPT,22.690000534057617,23.09000015258789,22.63999938964844,23.020000457763672,15.6159086227417,418200
2018-06-13,FCPT,22.989999771118164,23.15999984741211,22.670000076293945,22.799999237060547,15.466668128967283,258500
2018-06-13,FCPT,22.989999771118164,23.15999984741211,22.670000076293945,22.799999237060547,15.466668128967283,258500
2018-06-14,FCPT,22.81999969482422,23.020000457763672,22.770000457763672,22.989999771118164,15.59555721282959,214900
2018-06-14,FCPT,22.81999969482422,23.020000457763672,22.770000457763672,22.989999771118164,15.59555721282959,214900
2018-06-15,FCPT,22.96999931335449,23.290000915527344,22.96999931335449,23.190000534057617,15.73122787475586,638800
2018-06-15,FCPT,22.96999931335449,23.290000915527344,22.96999931335449,23.190000534057617,15.73122787475586,638800
2018-06-18,FCPT,23.1299991607666,23.270000457763672,22.989999771118164,23.049999237060547,15.636258125305176,248500
2018-06-18,FCPT,23.1299991607666,23.270000457763672,22.989999771118164,23.049999237060547,15.636258125305176,248500
2018-06-19,FCPT,22.959999084472656,23.18000030517578,22.82999992370605,22.850000381469727,15.50058937072754,283500
2018-06-19,FCPT,22.959999084472656,23.18000030517578,22.82999992370605,22.850000381469727,15.50058937072754,283500
2018-06-20,FCPT,22.86000061035156,23.399999618530277,22.82999992370605,23.26000022888184,15.778716087341309,581700
2018-06-20,FCPT,22.86000061035156,23.399999618530277,22.82999992370605,23.26000022888184,15.778716087341309,581700
2018-06-21,FCPT,23.290000915527344,23.63999938964844,23.209999084472656,23.5,15.941527366638184,667400
2018-06-21,FCPT,23.290000915527344,23.63999938964844,23.209999084472656,23.5,15.941527366638184,667400
2018-06-22,FCPT,23.540000915527344,23.989999771118164,23.450000762939453,23.93000030517578,16.233217239379883,1241000
2018-06-22,FCPT,23.540000915527344,23.989999771118164,23.450000762939453,23.93000030517578,16.233217239379883,1241000
2018-06-25,FCPT,23.88999938964844,24.38999938964844,23.790000915527344,24.299999237060547,16.484209060668945,454800
2018-06-25,FCPT,23.88999938964844,24.38999938964844,23.790000915527344,24.299999237060547,16.484209060668945,454800
2018-06-26,FCPT,24.36000061035156,24.959999084472656,24.31999969482422,24.81999969482422,16.836956024169922,524500
2018-06-26,FCPT,24.36000061035156,24.959999084472656,24.31999969482422,24.81999969482422,16.836956024169922,524500
2018-06-27,FCPT,24.799999237060547,24.899999618530277,24.59000015258789,24.75,16.789478302001953,713300
2018-06-27,FCPT,24.799999237060547,24.899999618530277,24.59000015258789,24.75,16.789478302001953,713300
2018-06-28,FCPT,24.489999771118164,24.81999969482422,24.420000076293945,24.799999237060547,17.012422561645508,547100
2018-06-28,FCPT,24.489999771118164,24.81999969482422,24.420000076293945,24.799999237060547,17.012422561645508,547100
2018-06-29,FCPT,24.690000534057617,24.84000015258789,24.450000762939453,24.6299991607666,16.895801544189453,531000
2018-06-29,FCPT,24.690000534057617,24.84000015258789,24.450000762939453,24.6299991607666,16.895801544189453,531000
2018-07-02,FCPT,24.6200008392334,24.82999992370605,24.209999084472656,24.68000030517578,16.93010711669922,349000
2018-07-02,FCPT,24.6200008392334,24.82999992370605,24.209999084472656,24.68000030517578,16.93010711669922,349000
2018-07-03,FCPT,24.709999084472656,25.1299991607666,24.600000381469727,25.07999992370605,17.20449447631836,216300
2018-07-03,FCPT,24.709999084472656,25.1299991607666,24.600000381469727,25.07999992370605,17.20449447631836,216300
2018-07-05,FCPT,25.1299991607666,25.440000534057617,24.959999084472656,25.43000030517578,17.444591522216797,341900
2018-07-05,FCPT,25.1299991607666,25.440000534057617,24.959999084472656,25.43000030517578,17.444591522216797,341900
2018-07-06,FCPT,25.5,25.56999969482422,25.31999969482422,25.489999771118164,17.48575210571289,368500
2018-07-06,FCPT,25.5,25.56999969482422,25.31999969482422,25.489999771118164,17.48575210571289,368500
2018-07-09,FCPT,25.489999771118164,25.57999992370605,24.799999237060547,24.950000762939453,17.115320205688477,428900
2018-07-09,FCPT,25.489999771118164,25.57999992370605,24.799999237060547,24.950000762939453,17.115320205688477,428900
2018-07-10,FCPT,24.959999084472656,25.059999465942383,24.729999542236328,24.81999969482422,17.02613639831543,267000
2018-07-10,FCPT,24.959999084472656,25.059999465942383,24.729999542236328,24.81999969482422,17.02613639831543,267000
2018-07-11,FCPT,24.84000015258789,25.020000457763672,24.82999992370605,24.950000762939453,17.115320205688477,203600
2018-07-11,FCPT,24.84000015258789,25.020000457763672,24.82999992370605,24.950000762939453,17.115320205688477,203600
2018-07-12,FCPT,24.940000534057617,25.18000030517578,24.899999618530277,24.93000030517578,17.10160255432129,316700
2018-07-12,FCPT,24.940000534057617,25.18000030517578,24.899999618530277,24.93000030517578,17.10160255432129,316700
2018-07-13,FCPT,24.979999542236328,25.18000030517578,24.84000015258789,24.8799991607666,17.067298889160156,163500
2018-07-13,FCPT,24.979999542236328,25.18000030517578,24.84000015258789,24.8799991607666,17.067298889160156,163500
2018-07-16,FCPT,24.899999618530277,24.899999618530277,24.6299991607666,24.809999465942383,17.01927947998047,162800
2018-07-16,FCPT,24.899999618530277,24.899999618530277,24.6299991607666,24.809999465942383,17.01927947998047,162800
2018-07-17,FCPT,24.850000381469727,24.959999084472656,24.600000381469727,24.649999618530277,16.90952491760254,298400
2018-07-17,FCPT,24.850000381469727,24.959999084472656,24.600000381469727,24.649999618530277,16.90952491760254,298400
2018-07-18,FCPT,24.6200008392334,24.770000457763672,24.489999771118164,24.709999084472656,16.950685501098633,242300
2018-07-18,FCPT,24.6200008392334,24.770000457763672,24.489999771118164,24.709999084472656,16.950685501098633,242300
2018-07-19,FCPT,24.63999938964844,25.229999542236328,24.57999992370605,25.100000381469727,17.218217849731445,465200
2018-07-19,FCPT,24.63999938964844,25.229999542236328,24.57999992370605,25.100000381469727,17.218217849731445,465200
2018-07-20,FCPT,25.11000061035156,25.190000534057617,24.780000686645508,24.86000061035156,17.05358123779297,348000
2018-07-20,FCPT,25.11000061035156,25.190000534057617,24.780000686645508,24.86000061035156,17.05358123779297,348000
2018-07-23,FCPT,24.84000015258789,24.84000015258789,24.51000022888184,24.690000534057617,16.93696403503418,313100
2018-07-23,FCPT,24.84000015258789,24.84000015258789,24.51000022888184,24.690000534057617,16.93696403503418,313100
2018-07-24,FCPT,24.690000534057617,24.76000022888184,24.43000030517578,24.649999618530277,16.90952491760254,382200
2018-07-24,FCPT,24.690000534057617,24.76000022888184,24.43000030517578,24.649999618530277,16.90952491760254,382200
2018-07-25,FCPT,24.600000381469727,24.8799991607666,24.46999931335449,24.739999771118164,16.971263885498047,289400
2018-07-25,FCPT,24.600000381469727,24.8799991607666,24.46999931335449,24.739999771118164,16.971263885498047,289400
2018-07-26,FCPT,25.0,25.40999984741211,24.65999984741211,24.88999938964844,17.07415771484375,412600
2018-07-26,FCPT,25.0,25.40999984741211,24.65999984741211,24.88999938964844,17.07415771484375,412600
2018-07-27,FCPT,24.989999771118164,24.989999771118164,24.530000686645508,24.76000022888184,16.984981536865234,220100
2018-07-27,FCPT,24.989999771118164,24.989999771118164,24.530000686645508,24.76000022888184,16.984981536865234,220100
2018-07-30,FCPT,24.82999992370605,24.979999542236328,24.600000381469727,24.979999542236328,17.135896682739258,288100
2018-07-30,FCPT,24.82999992370605,24.979999542236328,24.600000381469727,24.979999542236328,17.135896682739258,288100
2018-07-31,FCPT,24.729999542236328,25.030000686645508,24.600000381469727,24.899999618530277,17.08102035522461,616200
2018-07-31,FCPT,24.729999542236328,25.030000686645508,24.600000381469727,24.899999618530277,17.08102035522461,616200
2018-08-01,FCPT,24.709999084472656,25.18000030517578,24.59000015258789,25.1299991607666,17.238792419433594,317000
2018-08-01,FCPT,24.709999084472656,25.18000030517578,24.59000015258789,25.1299991607666,17.238792419433594,317000
2018-08-02,FCPT,25.09000015258789,25.88999938964844,25.06999969482422,25.770000457763672,17.677831649780273,601900
2018-08-02,FCPT,25.09000015258789,25.88999938964844,25.06999969482422,25.770000457763672,17.677831649780273,601900
2018-08-03,FCPT,26.0,26.11000061035156,25.700000762939453,25.959999084472656,17.80816078186035,2824600
2018-08-03,FCPT,26.0,26.11000061035156,25.700000762939453,25.959999084472656,17.80816078186035,2824600
2018-08-06,FCPT,26.0,26.459999084472656,25.93000030517578,26.1200008392334,17.917919158935547,622100
2018-08-06,FCPT,26.0,26.459999084472656,25.93000030517578,26.1200008392334,17.917919158935547,622100
2018-08-07,FCPT,26.15999984741211,26.3700008392334,25.739999771118164,26.09000015258789,17.897340774536133,409600
2018-08-07,FCPT,26.15999984741211,26.3700008392334,25.739999771118164,26.09000015258789,17.897340774536133,409600
2018-08-08,FCPT,26.11000061035156,26.350000381469727,25.920000076293945,26.059999465942383,17.87676239013672,311500
2018-08-08,FCPT,26.11000061035156,26.350000381469727,25.920000076293945,26.059999465942383,17.87676239013672,311500
2018-08-09,FCPT,26.07999992370605,26.3799991607666,26.07999992370605,26.170000076293945,17.95222282409668,289500
2018-08-09,FCPT,26.07999992370605,26.3799991607666,26.07999992370605,26.170000076293945,17.95222282409668,289500
2018-08-10,FCPT,26.18000030517578,26.450000762939453,25.979999542236328,26.01000022888184,17.842466354370117,359400
2018-08-10,FCPT,26.18000030517578,26.450000762939453,25.979999542236328,26.01000022888184,17.842466354370117,359400
2018-08-13,FCPT,26.1200008392334,26.170000076293945,25.799999237060547,26.01000022888184,17.842466354370117,290200
2018-08-13,FCPT,26.1200008392334,26.170000076293945,25.799999237060547,26.01000022888184,17.842466354370117,290200
2018-08-14,FCPT,25.989999771118164,26.6200008392334,25.989999771118164,26.479999542236328,18.164871215820312,577900
2018-08-14,FCPT,25.989999771118164,26.6200008392334,25.989999771118164,26.479999542236328,18.164871215820312,577900
2018-08-15,FCPT,26.479999542236328,26.809999465942383,26.450000762939453,26.71999931335449,18.329513549804688,286800
2018-08-15,FCPT,26.479999542236328,26.809999465942383,26.450000762939453,26.71999931335449,18.329513549804688,286800
2018-08-16,FCPT,26.71999931335449,26.989999771118164,26.709999084472656,26.959999084472656,18.49414825439453,369000
2018-08-16,FCPT,26.71999931335449,26.989999771118164,26.709999084472656,26.959999084472656,18.49414825439453,369000
2018-08-17,FCPT,26.96999931335449,27.25,26.86000061035156,27.200000762939453,18.658788681030277,257400
2018-08-17,FCPT,26.96999931335449,27.25,26.86000061035156,27.200000762939453,18.658788681030277,257400
2018-08-20,FCPT,27.34000015258789,27.479999542236328,27.209999084472656,27.239999771118164,18.68622589111328,326800
2018-08-20,FCPT,27.34000015258789,27.479999542236328,27.209999084472656,27.239999771118164,18.68622589111328,326800
2018-08-21,FCPT,27.18000030517578,27.32999992370605,26.93000030517578,27.030000686645508,18.542165756225582,444300
2018-08-21,FCPT,27.18000030517578,27.32999992370605,26.93000030517578,27.030000686645508,18.542165756225582,444300
2018-08-22,FCPT,26.979999542236328,27.06999969482422,26.709999084472656,26.96999931335449,18.50101089477539,349000
2018-08-22,FCPT,26.979999542236328,27.06999969482422,26.709999084472656,26.96999931335449,18.50101089477539,349000
2018-08-23,FCPT,26.989999771118164,27.11000061035156,26.700000762939453,26.700000762939453,18.3157958984375,322300
2018-08-23,FCPT,26.989999771118164,27.11000061035156,26.700000762939453,26.700000762939453,18.3157958984375,322300
2018-08-24,FCPT,26.700000762939453,27.01000022888184,26.649999618530277,26.93000030517578,18.47357177734375,301800
2018-08-24,FCPT,26.700000762939453,27.01000022888184,26.649999618530277,26.93000030517578,18.47357177734375,301800
2018-08-27,FCPT,26.899999618530277,27.1200008392334,26.81999969482422,26.90999984741211,18.45984649658203,377700
2018-08-27,FCPT,26.899999618530277,27.1200008392334,26.81999969482422,26.90999984741211,18.45984649658203,377700
2018-08-28,FCPT,26.920000076293945,27.11000061035156,26.82999992370605,27.059999465942383,18.562747955322266,263100
2018-08-28,FCPT,26.920000076293945,27.11000061035156,26.82999992370605,27.059999465942383,18.562747955322266,263100
2018-08-29,FCPT,27.100000381469727,27.239999771118164,27.020000457763672,27.06999969482422,18.569604873657227,399700
2018-08-29,FCPT,27.100000381469727,27.239999771118164,27.020000457763672,27.06999969482422,18.569604873657227,399700
2018-08-30,FCPT,27.09000015258789,27.11000061035156,26.8700008392334,26.96999931335449,18.50101089477539,292500
2018-08-30,FCPT,27.09000015258789,27.11000061035156,26.8700008392334,26.96999931335449,18.50101089477539,292500
2018-08-31,FCPT,26.93000030517578,27.1200008392334,26.799999237060547,26.940000534057617,18.480432510375977,608300
2018-08-31,FCPT,26.93000030517578,27.1200008392334,26.799999237060547,26.940000534057617,18.480432510375977,608300
2018-09-04,FCPT,26.8799991607666,27.1200008392334,26.6200008392334,26.81999969482422,18.39810943603516,342800
2018-09-04,FCPT,26.8799991607666,27.1200008392334,26.6200008392334,26.81999969482422,18.39810943603516,342800
2018-09-05,FCPT,26.71999931335449,26.920000076293945,26.540000915527344,26.790000915527344,18.37753295898437,458100
2018-09-05,FCPT,26.71999931335449,26.920000076293945,26.540000915527344,26.790000915527344,18.37753295898437,458100
2018-09-06,FCPT,26.81999969482422,26.96999931335449,26.65999984741211,26.799999237060547,18.3843936920166,407000
2018-09-06,FCPT,26.81999969482422,26.96999931335449,26.65999984741211,26.799999237060547,18.3843936920166,407000
2018-09-07,FCPT,26.670000076293945,26.739999771118164,26.350000381469727,26.46999931335449,18.158016204833984,378100
2018-09-07,FCPT,26.670000076293945,26.739999771118164,26.350000381469727,26.46999931335449,18.158016204833984,378100
2018-09-10,FCPT,26.59000015258789,26.71999931335449,26.350000381469727,26.51000022888184,18.185457229614254,298400
2018-09-10,FCPT,26.59000015258789,26.71999931335449,26.350000381469727,26.51000022888184,18.185457229614254,298400
2018-09-11,FCPT,26.450000762939453,26.56999969482422,26.34000015258789,26.440000534057617,18.13743782043457,250300
2018-09-11,FCPT,26.450000762939453,26.56999969482422,26.34000015258789,26.440000534057617,18.13743782043457,250300
2018-09-12,FCPT,26.440000534057617,26.549999237060547,26.26000022888184,26.450000762939453,18.1442985534668,204300
2018-09-12,FCPT,26.440000534057617,26.549999237060547,26.26000022888184,26.450000762939453,18.1442985534668,204300
2018-09-13,FCPT,26.520000457763672,26.63999938964844,26.3799991607666,26.38999938964844,18.103132247924805,410400
2018-09-13,FCPT,26.520000457763672,26.63999938964844,26.3799991607666,26.38999938964844,18.103132247924805,410400
2018-09-14,FCPT,26.31999969482422,26.31999969482422,25.96999931335449,26.270000457763672,18.02081871032715,327400
2018-09-14,FCPT,26.31999969482422,26.31999969482422,25.96999931335449,26.270000457763672,18.02081871032715,327400
2018-09-17,FCPT,26.190000534057617,26.280000686645508,26.0,26.15999984741211,17.945363998413086,380100
2018-09-17,FCPT,26.190000534057617,26.280000686645508,26.0,26.15999984741211,17.945363998413086,380100
2018-09-18,FCPT,26.18000030517578,26.26000022888184,25.88999938964844,26.13999938964844,17.931640625,362400
2018-09-18,FCPT,26.18000030517578,26.26000022888184,25.88999938964844,26.13999938964844,17.931640625,362400
2018-09-19,FCPT,26.13999938964844,26.13999938964844,25.420000076293945,25.520000457763672,17.506332397460938,390700
2018-09-19,FCPT,26.13999938964844,26.13999938964844,25.420000076293945,25.520000457763672,17.506332397460938,390700
2018-09-20,FCPT,25.559999465942383,25.989999771118164,25.399999618530277,25.979999542236328,17.821882247924805,279000
2018-09-20,FCPT,25.559999465942383,25.989999771118164,25.399999618530277,25.979999542236328,17.821882247924805,279000
2018-09-21,FCPT,25.850000381469727,25.899999618530277,25.65999984741211,25.690000534057617,17.62294578552246,1636000
2018-09-21,FCPT,25.850000381469727,25.899999618530277,25.65999984741211,25.690000534057617,17.62294578552246,1636000
2018-09-24,FCPT,25.6299991607666,25.670000076293945,25.209999084472656,25.26000022888184,17.32797622680664,402300
2018-09-24,FCPT,25.6299991607666,25.670000076293945,25.209999084472656,25.26000022888184,17.32797622680664,402300
2018-09-25,FCPT,25.290000915527344,25.790000915527344,25.290000915527344,25.75,17.664108276367188,390200
2018-09-25,FCPT,25.290000915527344,25.790000915527344,25.290000915527344,25.75,17.664108276367188,390200
2018-09-26,FCPT,25.700000762939453,25.739999771118164,25.01000022888184,25.030000686645508,17.170198440551758,385800
2018-09-26,FCPT,25.700000762939453,25.739999771118164,25.01000022888184,25.030000686645508,17.170198440551758,385800
2018-09-27,FCPT,24.899999618530277,25.31999969482422,24.809999465942383,25.299999237060547,17.548215866088867,545000
2018-09-27,FCPT,24.899999618530277,25.31999969482422,24.809999465942383,25.299999237060547,17.548215866088867,545000
2018-09-28,FCPT,25.290000915527344,25.700000762939453,25.18000030517578,25.690000534057617,17.81871795654297,679700
2018-09-28,FCPT,25.290000915527344,25.700000762939453,25.18000030517578,25.690000534057617,17.81871795654297,679700
2018-10-01,FCPT,25.709999084472656,25.709999084472656,25.299999237060547,25.309999465942383,17.555150985717773,301900
2018-10-01,FCPT,25.709999084472656,25.709999084472656,25.299999237060547,25.309999465942383,17.555150985717773,301900
2018-10-02,FCPT,25.34000015258789,25.34000015258789,25.15999984741211,25.229999542236328,17.49966049194336,282000
2018-10-02,FCPT,25.34000015258789,25.34000015258789,25.15999984741211,25.229999542236328,17.49966049194336,282000
2018-10-03,FCPT,25.280000686645508,25.479999542236328,24.959999084472656,25.040000915527344,17.367870330810547,268400
2018-10-03,FCPT,25.280000686645508,25.479999542236328,24.959999084472656,25.040000915527344,17.367870330810547,268400
2018-10-04,FCPT,24.88999938964844,25.040000915527344,24.57999992370605,24.950000762939453,17.305448532104492,316100
2018-10-04,FCPT,24.88999938964844,25.040000915527344,24.57999992370605,24.950000762939453,17.305448532104492,316100
2018-10-05,FCPT,24.979999542236328,25.25,24.959999084472656,24.959999084472656,17.31238555908203,390500
2018-10-05,FCPT,24.979999542236328,25.25,24.959999084472656,24.959999084472656,17.31238555908203,390500
2018-10-08,FCPT,25.049999237060547,25.63999938964844,25.049999237060547,25.61000061035156,17.763233184814453,256700
2018-10-08,FCPT,25.049999237060547,25.63999938964844,25.049999237060547,25.61000061035156,17.763233184814453,256700
2018-10-09,FCPT,25.59000015258789,25.96999931335449,25.549999237060547,25.81999969482422,17.908889770507812,337600
2018-10-09,FCPT,25.59000015258789,25.96999931335449,25.549999237060547,25.81999969482422,17.908889770507812,337600
2018-10-10,FCPT,25.790000915527344,26.229999542236328,25.43000030517578,25.440000534057617,17.64531898498535,600400
2018-10-10,FCPT,25.790000915527344,26.229999542236328,25.43000030517578,25.440000534057617,17.64531898498535,600400
2018-10-11,FCPT,25.440000534057617,25.540000915527344,24.979999542236328,25.1200008392334,17.42336082458496,449400
2018-10-11,FCPT,25.440000534057617,25.540000915527344,24.979999542236328,25.1200008392334,17.42336082458496,449400
2018-10-12,FCPT,25.350000381469727,25.40999984741211,24.709999084472656,24.850000381469727,17.236087799072266,250100
2018-10-12,FCPT,25.350000381469727,25.40999984741211,24.709999084472656,24.850000381469727,17.236087799072266,250100
2018-10-15,FCPT,24.8700008392334,25.15999984741211,24.809999465942383,25.0,17.34012794494629,270200
2018-10-15,FCPT,24.8700008392334,25.15999984741211,24.809999465942383,25.0,17.34012794494629,270200
2018-10-16,FCPT,25.09000015258789,25.93000030517578,24.90999984741211,25.8700008392334,17.943567276000977,438000
2018-10-16,FCPT,25.09000015258789,25.93000030517578,24.90999984741211,25.8700008392334,17.943567276000977,438000
2018-10-17,FCPT,25.8700008392334,26.01000022888184,25.6200008392334,25.940000534057617,17.992116928100586,408200
2018-10-17,FCPT,25.8700008392334,26.01000022888184,25.6200008392334,25.940000534057617,17.992116928100586,408200
2018-10-18,FCPT,25.93000030517578,26.21999931335449,25.709999084472656,25.75,17.86033821105957,203200
2018-10-18,FCPT,25.93000030517578,26.21999931335449,25.709999084472656,25.75,17.86033821105957,203200
2018-10-19,FCPT,25.76000022888184,25.88999938964844,25.540000915527344,25.809999465942383,17.901948928833008,172400
2018-10-19,FCPT,25.76000022888184,25.88999938964844,25.540000915527344,25.809999465942383,17.901948928833008,172400
2018-10-22,FCPT,25.8799991607666,26.149999618530277,25.68000030517578,25.729999542236328,17.846464157104492,767300
2018-10-22,FCPT,25.8799991607666,26.149999618530277,25.68000030517578,25.729999542236328,17.846464157104492,767300
2018-10-23,FCPT,25.56999969482422,26.0,25.3700008392334,25.790000915527344,17.888080596923828,386700
2018-10-23,FCPT,25.56999969482422,26.0,25.3700008392334,25.790000915527344,17.888080596923828,386700
2018-10-24,FCPT,25.790000915527344,26.440000534057617,25.790000915527344,26.280000686645508,18.22794532775879,285000
2018-10-24,FCPT,25.790000915527344,26.440000534057617,25.790000915527344,26.280000686645508,18.22794532775879,285000
2018-10-25,FCPT,26.26000022888184,26.809999465942383,25.93000030517578,26.76000022888184,18.560874938964844,298600
2018-10-25,FCPT,26.26000022888184,26.809999465942383,25.93000030517578,26.76000022888184,18.560874938964844,298600
2018-10-26,FCPT,26.65999984741211,26.709999084472656,25.780000686645508,26.1299991607666,18.123903274536133,334300
2018-10-26,FCPT,26.65999984741211,26.709999084472656,25.780000686645508,26.1299991607666,18.123903274536133,334300
2018-10-29,FCPT,26.38999938964844,26.670000076293945,26.11000061035156,26.479999542236328,18.366668701171875,240100
2018-10-29,FCPT,26.38999938964844,26.670000076293945,26.11000061035156,26.479999542236328,18.366668701171875,240100
2018-10-30,FCPT,25.82999992370605,27.11000061035156,25.82999992370605,26.93000030517578,18.678789138793945,343700
2018-10-30,FCPT,25.82999992370605,27.11000061035156,25.82999992370605,26.93000030517578,18.678789138793945,343700
2018-10-31,FCPT,27.040000915527344,27.059999465942383,25.81999969482422,26.07999992370605,18.089223861694336,527100
2018-10-31,FCPT,27.040000915527344,27.059999465942383,25.81999969482422,26.07999992370605,18.089223861694336,527100
2018-11-01,FCPT,26.020000457763672,26.239999771118164,25.8799991607666,26.15999984741211,18.144716262817383,477600
2018-11-01,FCPT,26.020000457763672,26.239999771118164,25.8799991607666,26.15999984741211,18.144716262817383,477600
2018-11-02,FCPT,26.209999084472656,26.209999084472656,25.46999931335449,25.96999931335449,18.01292610168457,349700
2018-11-02,FCPT,26.209999084472656,26.209999084472656,25.46999931335449,25.96999931335449,18.01292610168457,349700
2018-11-05,FCPT,26.020000457763672,26.479999542236328,25.979999542236328,26.299999237060547,18.2418212890625,288600
2018-11-05,FCPT,26.020000457763672,26.479999542236328,25.979999542236328,26.299999237060547,18.2418212890625,288600
2018-11-06,FCPT,26.290000915527344,26.530000686645508,26.15999984741211,26.5,18.380542755126957,233200
2018-11-06,FCPT,26.290000915527344,26.530000686645508,26.15999984741211,26.5,18.380542755126957,233200
2018-11-07,FCPT,26.61000061035156,27.229999542236328,26.520000457763672,27.13999938964844,18.824438095092773,288400
2018-11-07,FCPT,26.61000061035156,27.229999542236328,26.520000457763672,27.13999938964844,18.824438095092773,288400
2018-11-08,FCPT,27.07999992370605,27.25,26.850000381469727,27.15999984741211,18.838314056396484,209900
2018-11-08,FCPT,27.07999992370605,27.25,26.850000381469727,27.15999984741211,18.838314056396484,209900
2018-11-09,FCPT,27.1299991607666,27.25,26.8799991607666,27.020000457763672,18.741214752197266,194100
2018-11-09,FCPT,27.1299991607666,27.25,26.8799991607666,27.020000457763672,18.741214752197266,194100
2018-11-12,FCPT,27.049999237060547,27.290000915527344,26.959999084472656,27.059999465942383,18.76895904541016,196300
2018-11-12,FCPT,27.049999237060547,27.290000915527344,26.959999084472656,27.059999465942383,18.76895904541016,196300
2018-11-13,FCPT,27.190000534057617,27.209999084472656,26.700000762939453,27.030000686645508,18.74814987182617,258400
2018-11-13,FCPT,27.190000534057617,27.209999084472656,26.700000762939453,27.030000686645508,18.74814987182617,258400
2018-11-14,FCPT,27.1200008392334,27.32999992370605,26.690000534057617,26.690000534057617,18.512325286865234,423500
2018-11-14,FCPT,27.1200008392334,27.32999992370605,26.690000534057617,26.690000534057617,18.512325286865234,423500
2018-11-15,FCPT,26.6299991607666,26.709999084472656,26.299999237060547,26.540000915527344,18.408287048339844,472900
2018-11-15,FCPT,26.6299991607666,26.709999084472656,26.299999237060547,26.540000915527344,18.408287048339844,472900
2018-11-16,FCPT,26.31999969482422,26.93000030517578,26.31999969482422,26.920000076293945,18.67185401916504,500200
2018-11-16,FCPT,26.31999969482422,26.93000030517578,26.31999969482422,26.920000076293945,18.67185401916504,500200
2018-11-19,FCPT,26.959999084472656,27.21999931335449,26.57999992370605,26.81999969482422,18.60249137878418,163100
2018-11-19,FCPT,26.959999084472656,27.21999931335449,26.57999992370605,26.81999969482422,18.60249137878418,163100
2018-11-20,FCPT,26.75,27.020000457763672,26.649999618530277,26.950000762939453,18.69266128540039,259700
2018-11-20,FCPT,26.75,27.020000457763672,26.649999618530277,26.950000762939453,18.69266128540039,259700
2018-11-21,FCPT,26.8700008392334,27.190000534057617,26.799999237060547,26.81999969482422,18.60249137878418,286100
2018-11-21,FCPT,26.8700008392334,27.190000534057617,26.799999237060547,26.81999969482422,18.60249137878418,286100
2018-11-23,FCPT,26.799999237060547,27.18000030517578,26.61000061035156,27.06999969482422,18.77589225769043,100100
2018-11-23,FCPT,26.799999237060547,27.18000030517578,26.61000061035156,27.06999969482422,18.77589225769043,100100
2018-11-26,FCPT,27.170000076293945,27.25,26.700000762939453,26.81999969482422,18.60249137878418,182900
2018-11-26,FCPT,27.170000076293945,27.25,26.700000762939453,26.81999969482422,18.60249137878418,182900
2018-11-27,FCPT,26.81999969482422,27.13999938964844,26.75,26.959999084472656,18.69959831237793,214900
2018-11-27,FCPT,26.81999969482422,27.13999938964844,26.75,26.959999084472656,18.69959831237793,214900
2018-11-28,FCPT,26.959999084472656,27.40999984741211,26.76000022888184,27.31999969482422,18.949296951293945,267200
2018-11-28,FCPT,26.959999084472656,27.40999984741211,26.76000022888184,27.31999969482422,18.949296951293945,267200
2018-11-29,FCPT,27.36000061035156,27.75,27.13999938964844,27.709999084472656,19.21980094909668,331400
2018-11-29,FCPT,27.36000061035156,27.75,27.13999938964844,27.709999084472656,19.21980094909668,331400
2018-11-30,FCPT,27.739999771118164,27.82999992370605,27.309999465942383,27.739999771118164,19.240612030029297,792700
2018-11-30,FCPT,27.739999771118164,27.82999992370605,27.309999465942383,27.739999771118164,19.240612030029297,792700
2018-12-03,FCPT,27.81999969482422,27.920000076293945,27.299999237060547,27.920000076293945,19.365461349487305,319400
2018-12-03,FCPT,27.81999969482422,27.920000076293945,27.299999237060547,27.920000076293945,19.365461349487305,319400
2018-12-04,FCPT,27.850000381469727,28.07999992370605,27.40999984741211,27.51000022888184,19.08108139038086,375200
2018-12-04,FCPT,27.850000381469727,28.07999992370605,27.40999984741211,27.51000022888184,19.08108139038086,375200
2018-12-06,FCPT,27.489999771118164,28.40999984741211,27.31999969482422,28.3799991607666,19.68452262878418,503800
2018-12-06,FCPT,27.489999771118164,28.40999984741211,27.31999969482422,28.3799991607666,19.68452262878418,503800
2018-12-07,FCPT,28.450000762939453,28.540000915527344,28.0,28.239999771118164,19.5874137878418,745700
2018-12-07,FCPT,28.450000762939453,28.540000915527344,28.0,28.239999771118164,19.5874137878418,745700
2018-12-10,FCPT,28.350000381469727,28.350000381469727,27.299999237060547,27.649999618530277,19.178184509277344,460600
2018-12-10,FCPT,28.350000381469727,28.350000381469727,27.299999237060547,27.649999618530277,19.178184509277344,460600
2018-12-11,FCPT,27.809999465942383,28.06999969482422,27.670000076293945,27.76000022888184,19.25448608398437,465200
2018-12-11,FCPT,27.809999465942383,28.06999969482422,27.670000076293945,27.76000022888184,19.25448608398437,465200
2018-12-12,FCPT,28.0,28.290000915527344,27.3799991607666,27.459999084472656,19.04639434814453,417200
2018-12-12,FCPT,28.0,28.290000915527344,27.3799991607666,27.459999084472656,19.04639434814453,417200
2018-12-13,FCPT,27.46999931335449,27.82999992370605,27.46999931335449,27.530000686645508,19.094955444335938,334700
2018-12-13,FCPT,27.46999931335449,27.82999992370605,27.46999931335449,27.530000686645508,19.094955444335938,334700
2018-12-14,FCPT,27.420000076293945,27.71999931335449,27.299999237060547,27.38999938964844,18.997848510742188,306000
2018-12-14,FCPT,27.420000076293945,27.71999931335449,27.299999237060547,27.38999938964844,18.997848510742188,306000
2018-12-17,FCPT,27.440000534057617,27.63999938964844,26.5,26.540000915527344,18.408287048339844,457200
2018-12-17,FCPT,27.440000534057617,27.63999938964844,26.5,26.540000915527344,18.408287048339844,457200
2018-12-18,FCPT,26.729999542236328,27.36000061035156,26.670000076293945,27.100000381469727,18.79669952392578,404200
2018-12-18,FCPT,26.729999542236328,27.36000061035156,26.670000076293945,27.100000381469727,18.79669952392578,404200
2018-12-19,FCPT,27.1299991607666,27.40999984741211,26.81999969482422,26.989999771118164,18.72040557861328,405900
2018-12-19,FCPT,27.1299991607666,27.40999984741211,26.81999969482422,26.989999771118164,18.72040557861328,405900
2018-12-20,FCPT,27.030000686645508,27.239999771118164,26.540000915527344,26.68000030517578,18.505390167236328,288500
2018-12-20,FCPT,27.030000686645508,27.239999771118164,26.540000915527344,26.68000030517578,18.505390167236328,288500
2018-12-21,FCPT,26.790000915527344,27.1299991607666,26.040000915527344,26.32999992370605,18.26262855529785,799400
2018-12-21,FCPT,26.790000915527344,27.1299991607666,26.040000915527344,26.32999992370605,18.26262855529785,799400
2018-12-24,FCPT,26.229999542236328,26.40999984741211,25.229999542236328,25.34000015258789,17.575958251953125,202600
2018-12-24,FCPT,26.229999542236328,26.40999984741211,25.229999542236328,25.34000015258789,17.575958251953125,202600
2018-12-26,FCPT,25.40999984741211,26.170000076293945,25.0,26.13999938964844,18.130844116210938,383500
2018-12-26,FCPT,25.40999984741211,26.170000076293945,25.0,26.13999938964844,18.130844116210938,383500
2018-12-27,FCPT,25.899999618530277,25.93000030517578,25.049999237060547,25.93000030517578,17.985185623168945,660700
2018-12-27,FCPT,25.899999618530277,25.93000030517578,25.049999237060547,25.93000030517578,17.985185623168945,660700
2018-12-28,FCPT,26.01000022888184,26.3799991607666,25.649999618530277,26.030000686645508,18.054542541503903,397000
2018-12-28,FCPT,26.01000022888184,26.3799991607666,25.649999618530277,26.030000686645508,18.054542541503903,397000
2018-12-31,FCPT,26.1299991607666,26.209999084472656,25.56999969482422,26.200000762939453,18.17246437072754,322700
2018-12-31,FCPT,26.1299991607666,26.209999084472656,25.56999969482422,26.200000762939453,18.17246437072754,322700
2019-01-02,FCPT,25.989999771118164,25.989999771118164,25.09000015258789,25.350000381469727,17.582895278930664,432100
2019-01-02,FCPT,25.989999771118164,25.989999771118164,25.09000015258789,25.350000381469727,17.582895278930664,432100
2019-01-03,FCPT,25.07999992370605,25.6299991607666,24.96999931335449,25.290000915527344,17.742855072021484,422400
2019-01-03,FCPT,25.07999992370605,25.6299991607666,24.96999931335449,25.290000915527344,17.742855072021484,422400
2019-01-04,FCPT,25.36000061035156,25.82999992370605,25.170000076293945,25.290000915527344,17.742855072021484,546000
2019-01-04,FCPT,25.36000061035156,25.82999992370605,25.170000076293945,25.290000915527344,17.742855072021484,546000
2019-01-07,FCPT,25.40999984741211,25.479999542236328,25.170000076293945,25.32999992370605,17.770915985107422,636100
2019-01-07,FCPT,25.40999984741211,25.479999542236328,25.170000076293945,25.32999992370605,17.770915985107422,636100
2019-01-08,FCPT,25.3799991607666,26.0,25.34000015258789,25.850000381469727,18.13573265075684,374900
2019-01-08,FCPT,25.3799991607666,26.0,25.34000015258789,25.850000381469727,18.13573265075684,374900
2019-01-09,FCPT,25.940000534057617,26.020000457763672,25.43000030517578,25.84000015258789,18.12872314453125,266100
2019-01-09,FCPT,25.940000534057617,26.020000457763672,25.43000030517578,25.84000015258789,18.12872314453125,266100
2019-01-10,FCPT,25.76000022888184,26.18000030517578,25.559999465942383,26.030000686645508,18.26201629638672,298800
2019-01-10,FCPT,25.76000022888184,26.18000030517578,25.559999465942383,26.030000686645508,18.26201629638672,298800
2019-01-11,FCPT,25.950000762939453,26.31999969482422,25.90999984741211,26.309999465942383,18.458465576171875,182600
2019-01-11,FCPT,25.950000762939453,26.31999969482422,25.90999984741211,26.309999465942383,18.458465576171875,182600
2019-01-14,FCPT,26.31999969482422,26.34000015258789,25.8700008392334,26.01000022888184,18.247989654541016,275700
2019-01-14,FCPT,26.31999969482422,26.34000015258789,25.8700008392334,26.01000022888184,18.247989654541016,275700
2019-01-15,FCPT,26.06999969482422,26.520000457763672,26.06999969482422,26.51000022888184,18.598777770996094,241100
2019-01-15,FCPT,26.06999969482422,26.520000457763672,26.06999969482422,26.51000022888184,18.598777770996094,241100
2019-01-16,FCPT,26.459999084472656,26.690000534057617,26.43000030517578,26.6200008392334,18.67594718933105,226700
2019-01-16,FCPT,26.459999084472656,26.690000534057617,26.43000030517578,26.6200008392334,18.67594718933105,226700
2019-01-17,FCPT,26.489999771118164,26.709999084472656,26.36000061035156,26.600000381469727,18.661914825439453,316000
2019-01-17,FCPT,26.489999771118164,26.709999084472656,26.36000061035156,26.600000381469727,18.661914825439453,316000
2019-01-18,FCPT,26.6200008392334,26.6299991607666,26.280000686645508,26.440000534057617,18.549665451049805,264800
2019-01-18,FCPT,26.6200008392334,26.6299991607666,26.280000686645508,26.440000534057617,18.549665451049805,264800
2019-01-22,FCPT,26.3700008392334,26.68000030517578,26.3700008392334,26.670000076293945,18.711030960083008,285900
2019-01-22,FCPT,26.3700008392334,26.68000030517578,26.3700008392334,26.670000076293945,18.711030960083008,285900
2019-01-23,FCPT,26.63999938964844,26.84000015258789,26.5,26.59000015258789,18.654903411865234,192100
2019-01-23,FCPT,26.63999938964844,26.84000015258789,26.5,26.59000015258789,18.654903411865234,192100
2019-01-24,FCPT,26.600000381469727,26.920000076293945,26.38999938964844,26.850000381469727,18.837312698364254,248700
2019-01-24,FCPT,26.600000381469727,26.920000076293945,26.38999938964844,26.850000381469727,18.837312698364254,248700
2019-01-25,FCPT,26.93000030517578,27.100000381469727,26.75,27.09000015258789,19.00568580627441,289900
2019-01-25,FCPT,26.93000030517578,27.100000381469727,26.75,27.09000015258789,19.00568580627441,289900
2019-01-28,FCPT,26.979999542236328,27.420000076293945,26.959999084472656,27.40999984741211,19.230194091796875,371600
2019-01-28,FCPT,26.979999542236328,27.420000076293945,26.959999084472656,27.40999984741211,19.230194091796875,371600
2019-01-29,FCPT,27.38999938964844,27.739999771118164,27.26000022888184,27.65999984741211,19.40558624267578,195000
2019-01-29,FCPT,27.38999938964844,27.739999771118164,27.26000022888184,27.65999984741211,19.40558624267578,195000
2019-01-30,FCPT,27.649999618530277,27.940000534057617,27.600000381469727,27.82999992370605,19.524850845336918,219000
2019-01-30,FCPT,27.649999618530277,27.940000534057617,27.600000381469727,27.82999992370605,19.524850845336918,219000
2019-01-31,FCPT,27.799999237060547,28.26000022888184,27.600000381469727,28.239999771118164,19.812501907348636,447600
2019-01-31,FCPT,27.799999237060547,28.26000022888184,27.600000381469727,28.239999771118164,19.812501907348636,447600
2019-02-01,FCPT,28.280000686645508,28.3700008392334,27.290000915527344,27.809999465942383,19.510822296142575,504500
2019-02-01,FCPT,28.280000686645508,28.3700008392334,27.290000915527344,27.809999465942383,19.510822296142575,504500
2019-02-04,FCPT,27.799999237060547,28.11000061035156,27.600000381469727,28.059999465942383,19.68621635437012,220400
2019-02-04,FCPT,27.799999237060547,28.11000061035156,27.600000381469727,28.059999465942383,19.68621635437012,220400
2019-02-05,FCPT,28.1299991607666,28.270000457763672,27.82999992370605,28.25,19.81951904296875,293700
2019-02-05,FCPT,28.1299991607666,28.270000457763672,27.82999992370605,28.25,19.81951904296875,293700
2019-02-06,FCPT,28.209999084472656,28.299999237060547,27.959999084472656,28.09000015258789,19.707263946533203,145900
2019-02-06,FCPT,28.209999084472656,28.299999237060547,27.959999084472656,28.09000015258789,19.707263946533203,145900
2019-02-07,FCPT,28.06999969482422,28.40999984741211,27.959999084472656,28.34000015258789,19.88265991210937,351500
2019-02-07,FCPT,28.06999969482422,28.40999984741211,27.959999084472656,28.34000015258789,19.88265991210937,351500
2019-02-08,FCPT,28.299999237060547,28.56999969482422,28.21999931335449,28.440000534057617,19.952821731567383,218200
2019-02-08,FCPT,28.299999237060547,28.56999969482422,28.21999931335449,28.440000534057617,19.952821731567383,218200
2019-02-11,FCPT,28.46999931335449,28.68000030517578,28.34000015258789,28.56999969482422,20.044017791748047,376700
2019-02-11,FCPT,28.46999931335449,28.68000030517578,28.34000015258789,28.56999969482422,20.044017791748047,376700
2019-02-12,FCPT,28.61000061035156,28.61000061035156,28.170000076293945,28.18000030517578,19.770402908325195,251900
2019-02-12,FCPT,28.61000061035156,28.61000061035156,28.170000076293945,28.18000030517578,19.770402908325195,251900
2019-02-13,FCPT,28.1299991607666,28.209999084472656,27.86000061035156,28.07999992370605,19.70024871826172,490700
2019-02-13,FCPT,28.1299991607666,28.209999084472656,27.86000061035156,28.07999992370605,19.70024871826172,490700
2019-02-14,FCPT,28.07999992370605,28.290000915527344,27.600000381469727,28.059999465942383,19.68621635437012,271800
2019-02-14,FCPT,28.07999992370605,28.290000915527344,27.600000381469727,28.059999465942383,19.68621635437012,271800
2019-02-15,FCPT,28.13999938964844,28.13999938964844,27.809999465942383,27.86000061035156,19.545902252197266,259100
2019-02-15,FCPT,28.13999938964844,28.13999938964844,27.809999465942383,27.86000061035156,19.545902252197266,259100
2019-02-19,FCPT,27.700000762939453,27.899999618530277,27.61000061035156,27.63999938964844,19.39155578613281,203900
2019-02-19,FCPT,27.700000762939453,27.899999618530277,27.61000061035156,27.63999938964844,19.39155578613281,203900
2019-02-20,FCPT,27.68000030517578,27.770000457763672,27.3700008392334,27.61000061035156,19.37051010131836,418700
2019-02-20,FCPT,27.68000030517578,27.770000457763672,27.3700008392334,27.61000061035156,19.37051010131836,418700
2019-02-21,FCPT,27.489999771118164,27.649999618530277,27.31999969482422,27.489999771118164,19.286319732666016,496100
2019-02-21,FCPT,27.489999771118164,27.649999618530277,27.31999969482422,27.489999771118164,19.286319732666016,496100
2019-02-22,FCPT,27.540000915527344,28.18000030517578,27.520000457763672,27.86000061035156,19.545902252197266,481800
2019-02-22,FCPT,27.540000915527344,28.18000030517578,27.520000457763672,27.86000061035156,19.545902252197266,481800
2019-02-25,FCPT,27.899999618530277,28.059999465942383,27.549999237060547,27.61000061035156,19.37051010131836,195600
2019-02-25,FCPT,27.899999618530277,28.059999465942383,27.549999237060547,27.61000061035156,19.37051010131836,195600
2019-02-26,FCPT,27.65999984741211,27.780000686645508,27.34000015258789,27.459999084472656,19.26526641845703,145100
2019-02-26,FCPT,27.65999984741211,27.780000686645508,27.34000015258789,27.459999084472656,19.26526641845703,145100
2019-02-27,FCPT,27.350000381469727,27.459999084472656,26.96999931335449,27.34000015258789,19.181081771850582,181800
2019-02-27,FCPT,27.350000381469727,27.459999084472656,26.96999931335449,27.34000015258789,19.181081771850582,181800
2019-02-28,FCPT,27.350000381469727,27.6200008392334,27.1299991607666,27.38999938964844,19.216161727905277,283800
2019-02-28,FCPT,27.350000381469727,27.6200008392334,27.1299991607666,27.38999938964844,19.216161727905277,283800
2019-03-01,FCPT,27.350000381469727,27.709999084472656,26.76000022888184,27.6200008392334,19.37752723693848,523200
2019-03-01,FCPT,27.350000381469727,27.709999084472656,26.76000022888184,27.6200008392334,19.37752723693848,523200
2019-03-04,FCPT,27.6299991607666,28.0,27.520000457763672,27.959999084472656,19.616056442260746,648400
2019-03-04,FCPT,27.6299991607666,28.0,27.520000457763672,27.959999084472656,19.616056442260746,648400
2019-03-05,FCPT,27.88999938964844,28.25,27.780000686645508,27.979999542236328,19.630090713500977,309800
2019-03-05,FCPT,27.88999938964844,28.25,27.780000686645508,27.979999542236328,19.630090713500977,309800
2019-03-06,FCPT,27.979999542236328,28.209999084472656,27.920000076293945,28.059999465942383,19.68621635437012,383800
2019-03-06,FCPT,27.979999542236328,28.209999084472656,27.920000076293945,28.059999465942383,19.68621635437012,383800
2019-03-07,FCPT,28.09000015258789,28.31999969482422,27.8799991607666,27.920000076293945,19.58799934387207,301800
2019-03-07,FCPT,28.09000015258789,28.31999969482422,27.8799991607666,27.920000076293945,19.58799934387207,301800
2019-03-08,FCPT,27.90999984741211,28.229999542236328,27.90999984741211,28.200000762939453,19.78443717956543,306900
2019-03-08,FCPT,27.90999984741211,28.229999542236328,27.90999984741211,28.200000762939453,19.78443717956543,306900
2019-03-11,FCPT,28.31999969482422,28.739999771118164,28.21999931335449,28.68000030517578,20.121191024780277,449300
2019-03-11,FCPT,28.31999969482422,28.739999771118164,28.21999931335449,28.68000030517578,20.121191024780277,449300
2019-03-12,FCPT,28.690000534057617,28.959999084472656,28.6200008392334,28.920000076293945,20.289569854736328,248100
2019-03-12,FCPT,28.690000534057617,28.959999084472656,28.6200008392334,28.920000076293945,20.289569854736328,248100
2019-03-13,FCPT,28.979999542236328,29.270000457763672,28.950000762939453,29.030000686645508,20.36674690246582,225700
2019-03-13,FCPT,28.979999542236328,29.270000457763672,28.950000762939453,29.030000686645508,20.36674690246582,225700
2019-03-14,FCPT,29.1200008392334,29.15999984741211,28.920000076293945,29.049999237060547,20.38078498840332,308100
2019-03-14,FCPT,29.1200008392334,29.15999984741211,28.920000076293945,29.049999237060547,20.38078498840332,308100
2019-03-15,FCPT,29.040000915527344,29.040000915527344,28.459999084472656,28.46999931335449,19.973865509033203,671900
2019-03-15,FCPT,29.040000915527344,29.040000915527344,28.459999084472656,28.46999931335449,19.973865509033203,671900
2019-03-18,FCPT,28.549999237060547,28.790000915527344,28.170000076293945,28.350000381469727,19.88967704772949,470200
2019-03-18,FCPT,28.549999237060547,28.790000915527344,28.170000076293945,28.350000381469727,19.88967704772949,470200
2019-03-19,FCPT,28.34000015258789,28.530000686645508,28.239999771118164,28.299999237060547,19.85459518432617,224100
2019-03-19,FCPT,28.34000015258789,28.530000686645508,28.239999771118164,28.299999237060547,19.85459518432617,224100
2019-03-20,FCPT,28.270000457763672,28.65999984741211,28.07999992370605,28.32999992370605,19.87564468383789,289600
2019-03-20,FCPT,28.270000457763672,28.65999984741211,28.07999992370605,28.32999992370605,19.87564468383789,289600
2019-03-21,FCPT,28.31999969482422,29.229999542236328,28.31999969482422,29.209999084472656,20.49302673339844,229500
2019-03-21,FCPT,28.31999969482422,29.229999542236328,28.31999969482422,29.209999084472656,20.49302673339844,229500
2019-03-22,FCPT,29.209999084472656,29.540000915527344,28.950000762939453,28.950000762939453,20.310619354248047,291500
2019-03-22,FCPT,29.209999084472656,29.540000915527344,28.950000762939453,28.950000762939453,20.310619354248047,291500
2019-03-25,FCPT,28.979999542236328,29.31999969482422,28.809999465942383,29.1299991607666,20.43690299987793,269500
2019-03-25,FCPT,28.979999542236328,29.31999969482422,28.809999465942383,29.1299991607666,20.43690299987793,269500
2019-03-26,FCPT,29.21999931335449,29.489999771118164,29.1200008392334,29.40999984741211,20.63334846496582,197200
2019-03-26,FCPT,29.21999931335449,29.489999771118164,29.1200008392334,29.40999984741211,20.63334846496582,197200
2019-03-27,FCPT,29.3799991607666,29.61000061035156,29.190000534057617,29.540000915527344,20.724552154541016,211600
2019-03-27,FCPT,29.3799991607666,29.61000061035156,29.190000534057617,29.540000915527344,20.724552154541016,211600
2019-03-28,FCPT,29.32999992370605,29.6200008392334,29.209999084472656,29.600000381469727,20.97110366821289,211800
2019-03-28,FCPT,29.32999992370605,29.6200008392334,29.209999084472656,29.600000381469727,20.97110366821289,211800
2019-03-29,FCPT,29.649999618530277,29.649999618530277,29.200000762939453,29.600000381469727,20.97110366821289,348500
2019-03-29,FCPT,29.649999618530277,29.649999618530277,29.200000762939453,29.600000381469727,20.97110366821289,348500
2019-04-01,FCPT,29.59000015258789,29.600000381469727,29.01000022888184,29.32999992370605,20.77981185913086,1865500
2019-04-01,FCPT,29.59000015258789,29.600000381469727,29.01000022888184,29.32999992370605,20.77981185913086,1865500
2019-04-02,FCPT,29.36000061035156,29.850000381469727,28.940000534057617,29.670000076293945,21.02069664001465,378800
2019-04-02,FCPT,29.36000061035156,29.850000381469727,28.940000534057617,29.670000076293945,21.02069664001465,378800
2019-04-03,FCPT,29.75,29.75,29.26000022888184,29.34000015258789,20.78689765930176,188900
2019-04-03,FCPT,29.75,29.75,29.26000022888184,29.34000015258789,20.78689765930176,188900
2019-04-04,FCPT,29.299999237060547,29.299999237060547,28.959999084472656,29.149999618530277,20.652284622192383,280000
2019-04-04,FCPT,29.299999237060547,29.299999237060547,28.959999084472656,29.149999618530277,20.652284622192383,280000
2019-04-05,FCPT,29.13999938964844,29.46999931335449,29.13999938964844,29.46999931335449,20.87899780273437,288300
2019-04-05,FCPT,29.13999938964844,29.46999931335449,29.13999938964844,29.46999931335449,20.87899780273437,288300
2019-04-08,FCPT,29.38999938964844,29.38999938964844,28.96999931335449,29.15999984741211,20.65937042236328,295000
2019-04-08,FCPT,29.38999938964844,29.38999938964844,28.96999931335449,29.15999984741211,20.65937042236328,295000
2019-04-09,FCPT,29.149999618530277,29.239999771118164,28.809999465942383,28.809999465942383,20.41139793395996,356400
2019-04-09,FCPT,29.149999618530277,29.239999771118164,28.809999465942383,28.809999465942383,20.41139793395996,356400
2019-04-10,FCPT,28.8799991607666,29.34000015258789,28.8799991607666,29.26000022888184,20.7302188873291,378000
2019-04-10,FCPT,28.8799991607666,29.34000015258789,28.8799991607666,29.26000022888184,20.7302188873291,378000
2019-04-11,FCPT,29.280000686645508,29.280000686645508,28.940000534057617,29.11000061035156,20.62394142150879,151500
2019-04-11,FCPT,29.280000686645508,29.280000686645508,28.940000534057617,29.11000061035156,20.62394142150879,151500
2019-04-12,FCPT,29.100000381469727,29.100000381469727,28.81999969482422,28.90999984741211,20.482250213623047,186300
2019-04-12,FCPT,29.100000381469727,29.100000381469727,28.81999969482422,28.90999984741211,20.482250213623047,186300
2019-04-15,FCPT,28.899999618530277,29.06999969482422,28.770000457763672,28.96999931335449,20.524755477905277,266400
2019-04-15,FCPT,28.899999618530277,29.06999969482422,28.770000457763672,28.96999931335449,20.524755477905277,266400
2019-04-16,FCPT,28.989999771118164,29.030000686645508,27.8799991607666,28.059999465942383,19.880037307739254,215700
2019-04-16,FCPT,28.989999771118164,29.030000686645508,27.8799991607666,28.059999465942383,19.880037307739254,215700
2019-04-17,FCPT,28.15999984741211,28.15999984741211,27.420000076293945,27.690000534057617,19.617902755737305,370400
2019-04-17,FCPT,28.15999984741211,28.15999984741211,27.420000076293945,27.690000534057617,19.617902755737305,370400
2019-04-18,FCPT,27.61000061035156,28.190000534057617,27.520000457763672,28.18000030517578,19.96505546569824,275700
2019-04-18,FCPT,27.61000061035156,28.190000534057617,27.520000457763672,28.18000030517578,19.96505546569824,275700
2019-04-22,FCPT,28.200000762939453,28.200000762939453,27.31999969482422,27.76000022888184,19.66749382019043,253000
2019-04-22,FCPT,28.200000762939453,28.200000762939453,27.31999969482422,27.76000022888184,19.66749382019043,253000
2019-04-23,FCPT,27.61000061035156,28.31999969482422,27.5,28.309999465942383,20.05716323852539,453900
2019-04-23,FCPT,27.61000061035156,28.31999969482422,27.5,28.309999465942383,20.05716323852539,453900
2019-04-24,FCPT,28.049999237060547,28.700000762939453,27.850000381469727,28.1200008392334,19.92254447937012,497800
2019-04-24,FCPT,28.049999237060547,28.700000762939453,27.850000381469727,28.1200008392334,19.92254447937012,497800
2019-04-25,FCPT,28.09000015258789,28.229999542236328,27.71999931335449,28.18000030517578,19.96505546569824,537200
2019-04-25,FCPT,28.09000015258789,28.229999542236328,27.71999931335449,28.18000030517578,19.96505546569824,537200
2019-04-26,FCPT,28.36000061035156,28.43000030517578,28.07999992370605,28.290000915527344,20.042991638183597,282400
2019-04-26,FCPT,28.36000061035156,28.43000030517578,28.07999992370605,28.290000915527344,20.042991638183597,282400
2019-04-29,FCPT,28.270000457763672,28.459999084472656,28.07999992370605,28.190000534057617,19.972143173217773,338900
2019-04-29,FCPT,28.270000457763672,28.459999084472656,28.07999992370605,28.190000534057617,19.972143173217773,338900
2019-04-30,FCPT,28.229999542236328,28.549999237060547,28.0,28.440000534057617,20.149263381958008,451500
2019-04-30,FCPT,28.229999542236328,28.549999237060547,28.0,28.440000534057617,20.149263381958008,451500
2019-05-01,FCPT,28.40999984741211,28.65999984741211,28.13999938964844,28.299999237060547,20.050071716308597,853900
2019-05-01,FCPT,28.40999984741211,28.65999984741211,28.13999938964844,28.299999237060547,20.050071716308597,853900
2019-05-02,FCPT,28.309999465942383,28.56999969482422,28.1299991607666,28.559999465942383,20.234275817871094,407700
2019-05-02,FCPT,28.309999465942383,28.56999969482422,28.1299991607666,28.559999465942383,20.234275817871094,407700
2019-05-03,FCPT,28.61000061035156,28.809999465942383,28.40999984741211,28.780000686645508,20.39014434814453,274900
2019-05-03,FCPT,28.61000061035156,28.809999465942383,28.40999984741211,28.780000686645508,20.39014434814453,274900
2019-05-06,FCPT,28.65999984741211,28.959999084472656,28.559999465942383,28.959999084472656,20.517667770385746,455100
2019-05-06,FCPT,28.65999984741211,28.959999084472656,28.559999465942383,28.959999084472656,20.517667770385746,455100
2019-05-07,FCPT,28.93000030517578,28.979999542236328,28.190000534057617,28.440000534057617,20.149263381958008,379700
2019-05-07,FCPT,28.93000030517578,28.979999542236328,28.190000534057617,28.440000534057617,20.149263381958008,379700
2019-05-08,FCPT,28.489999771118164,28.770000457763672,28.450000762939453,28.56999969482422,20.241361618041992,424800
2019-05-08,FCPT,28.489999771118164,28.770000457763672,28.450000762939453,28.56999969482422,20.241361618041992,424800
2019-05-09,FCPT,28.56999969482422,28.68000030517578,28.229999542236328,28.649999618530277,20.29804039001465,267000
2019-05-09,FCPT,28.56999969482422,28.68000030517578,28.229999542236328,28.649999618530277,20.29804039001465,267000
2019-05-10,FCPT,28.559999465942383,28.899999618530277,28.43000030517578,28.84000015258789,20.43265914916992,258300
2019-05-10,FCPT,28.559999465942383,28.899999618530277,28.43000030517578,28.84000015258789,20.43265914916992,258300
2019-05-13,FCPT,28.6200008392334,29.15999984741211,28.520000457763672,29.1200008392334,20.63102912902832,332400
2019-05-13,FCPT,28.6200008392334,29.15999984741211,28.520000457763672,29.1200008392334,20.63102912902832,332400
2019-05-14,FCPT,29.18000030517578,29.209999084472656,28.850000381469727,29.01000022888184,20.5531005859375,368800
2019-05-14,FCPT,29.18000030517578,29.209999084472656,28.850000381469727,29.01000022888184,20.5531005859375,368800
2019-05-15,FCPT,28.709999084472656,29.059999465942383,28.170000076293945,28.950000762939453,20.51058578491211,286600
2019-05-15,FCPT,28.709999084472656,29.059999465942383,28.170000076293945,28.950000762939453,20.51058578491211,286600
2019-05-16,FCPT,28.950000762939453,29.200000762939453,28.90999984741211,29.18000030517578,20.673540115356445,253400
2019-05-16,FCPT,28.950000762939453,29.200000762939453,28.90999984741211,29.18000030517578,20.673540115356445,253400
2019-05-17,FCPT,28.979999542236328,29.229999542236328,28.920000076293945,29.229999542236328,20.708961486816406,223900
2019-05-17,FCPT,28.979999542236328,29.229999542236328,28.920000076293945,29.229999542236328,20.708961486816406,223900
2019-05-20,FCPT,29.170000076293945,29.170000076293945,28.729999542236328,28.950000762939453,20.51058578491211,273700
2019-05-20,FCPT,29.170000076293945,29.170000076293945,28.729999542236328,28.950000762939453,20.51058578491211,273700
2019-05-21,FCPT,29.040000915527344,29.209999084472656,28.96999931335449,29.200000762939453,20.687705993652344,199800
2019-05-21,FCPT,29.040000915527344,29.209999084472656,28.96999931335449,29.200000762939453,20.687705993652344,199800
2019-05-22,FCPT,29.239999771118164,29.239999771118164,28.950000762939453,29.170000076293945,20.666454315185547,276400
2019-05-22,FCPT,29.239999771118164,29.239999771118164,28.950000762939453,29.170000076293945,20.666454315185547,276400
2019-05-23,FCPT,29.059999465942383,29.280000686645508,28.989999771118164,29.18000030517578,20.673540115356445,387400
2019-05-23,FCPT,29.059999465942383,29.280000686645508,28.989999771118164,29.18000030517578,20.673540115356445,387400
2019-05-24,FCPT,29.309999465942383,29.450000762939453,28.979999542236328,29.190000534057617,20.680620193481445,302300
2019-05-24,FCPT,29.309999465942383,29.450000762939453,28.979999542236328,29.190000534057617,20.680620193481445,302300
2019-05-28,FCPT,29.280000686645508,29.440000534057617,28.96999931335449,28.989999771118164,20.53892517089844,405400
2019-05-28,FCPT,29.280000686645508,29.440000534057617,28.96999931335449,28.989999771118164,20.53892517089844,405400
2019-05-29,FCPT,28.88999938964844,28.88999938964844,28.43000030517578,28.6299991607666,20.283870697021484,225300
2019-05-29,FCPT,28.88999938964844,28.88999938964844,28.43000030517578,28.6299991607666,20.283870697021484,225300
2019-05-30,FCPT,28.690000534057617,28.88999938964844,28.57999992370605,28.75,20.368896484375,216800
2019-05-30,FCPT,28.690000534057617,28.88999938964844,28.57999992370605,28.75,20.368896484375,216800
2019-05-31,FCPT,28.600000381469727,29.0,28.51000022888184,28.76000022888184,20.375974655151367,283500
2019-05-31,FCPT,28.600000381469727,29.0,28.51000022888184,28.76000022888184,20.375974655151367,283500
2019-06-03,FCPT,28.8700008392334,28.920000076293945,28.270000457763672,28.399999618530277,20.12092399597168,720200
2019-06-03,FCPT,28.8700008392334,28.920000076293945,28.270000457763672,28.399999618530277,20.12092399597168,720200
2019-06-04,FCPT,28.420000076293945,28.670000076293945,27.809999465942383,28.190000534057617,19.972143173217773,1174100
2019-06-04,FCPT,28.420000076293945,28.670000076293945,27.809999465942383,28.190000534057617,19.972143173217773,1174100
2019-06-05,FCPT,28.290000915527344,28.790000915527344,28.100000381469727,28.780000686645508,20.39014434814453,776100
2019-06-05,FCPT,28.290000915527344,28.790000915527344,28.100000381469727,28.780000686645508,20.39014434814453,776100
2019-06-06,FCPT,28.82999992370605,28.8700008392334,28.350000381469727,28.61000061035156,20.269702911376957,567100
2019-06-06,FCPT,28.82999992370605,28.8700008392334,28.350000381469727,28.61000061035156,20.269702911376957,567100
2019-06-07,FCPT,28.709999084472656,28.76000022888184,28.290000915527344,28.299999237060547,20.050071716308597,838800
2019-06-07,FCPT,28.709999084472656,28.76000022888184,28.290000915527344,28.299999237060547,20.050071716308597,838800
2019-06-10,FCPT,28.270000457763672,28.31999969482422,27.729999542236328,27.920000076293945,19.780851364135746,606400
2019-06-10,FCPT,28.270000457763672,28.31999969482422,27.729999542236328,27.920000076293945,19.780851364135746,606400
2019-06-11,FCPT,28.030000686645508,28.030000686645508,27.36000061035156,27.81999969482422,19.709999084472656,1095300
2019-06-11,FCPT,28.030000686645508,28.030000686645508,27.36000061035156,27.81999969482422,19.709999084472656,1095300
2019-06-12,FCPT,27.8799991607666,28.299999237060547,27.8799991607666,28.21999931335449,19.993392944335938,437400
2019-06-12,FCPT,27.8799991607666,28.299999237060547,27.8799991607666,28.21999931335449,19.993392944335938,437400
2019-06-13,FCPT,28.26000022888184,28.46999931335449,28.18000030517578,28.38999938964844,20.11383819580078,494000
2019-06-13,FCPT,28.26000022888184,28.46999931335449,28.18000030517578,28.38999938964844,20.11383819580078,494000
2019-06-14,FCPT,28.3799991607666,28.6200008392334,28.309999465942383,28.530000686645508,20.21302604675293,316600
2019-06-14,FCPT,28.3799991607666,28.6200008392334,28.309999465942383,28.530000686645508,20.21302604675293,316600
2019-06-17,FCPT,28.520000457763672,28.81999969482422,28.299999237060547,28.739999771118164,20.36180877685547,633300
2019-06-17,FCPT,28.520000457763672,28.81999969482422,28.299999237060547,28.739999771118164,20.36180877685547,633300
2019-06-18,FCPT,28.88999938964844,29.06999969482422,28.40999984741211,28.6200008392334,20.276790618896484,260600
2019-06-18,FCPT,28.88999938964844,29.06999969482422,28.40999984741211,28.6200008392334,20.276790618896484,260600
2019-06-19,FCPT,28.540000915527344,28.81999969482422,28.32999992370605,28.76000022888184,20.375974655151367,235200
2019-06-19,FCPT,28.540000915527344,28.81999969482422,28.32999992370605,28.76000022888184,20.375974655151367,235200
2019-06-20,FCPT,28.809999465942383,28.88999938964844,28.649999618530277,28.700000762939453,20.33346939086914,320000
2019-06-20,FCPT,28.809999465942383,28.88999938964844,28.649999618530277,28.700000762939453,20.33346939086914,320000
2019-06-21,FCPT,28.61000061035156,28.649999618530277,28.31999969482422,28.31999969482422,20.06424331665039,587600
2019-06-21,FCPT,28.61000061035156,28.649999618530277,28.31999969482422,28.31999969482422,20.06424331665039,587600
2019-06-24,FCPT,28.440000534057617,28.440000534057617,27.979999542236328,28.15999984741211,19.95088768005371,361800
2019-06-24,FCPT,28.440000534057617,28.440000534057617,27.979999542236328,28.15999984741211,19.95088768005371,361800
2019-06-25,FCPT,28.239999771118164,28.459999084472656,28.09000015258789,28.18000030517578,19.96505546569824,542600
2019-06-25,FCPT,28.239999771118164,28.459999084472656,28.09000015258789,28.18000030517578,19.96505546569824,542600
2019-06-26,FCPT,28.170000076293945,28.170000076293945,27.1299991607666,27.299999237060547,19.34158515930176,681900
2019-06-26,FCPT,28.170000076293945,28.170000076293945,27.1299991607666,27.299999237060547,19.34158515930176,681900
2019-06-27,FCPT,27.13999938964844,27.3700008392334,27.09000015258789,27.15999984741211,19.44756126403809,397600
2019-06-27,FCPT,27.13999938964844,27.3700008392334,27.09000015258789,27.15999984741211,19.44756126403809,397600
2019-06-28,FCPT,27.190000534057617,27.780000686645508,27.190000534057617,27.32999992370605,19.56929016113281,1773600
2019-06-28,FCPT,27.190000534057617,27.780000686645508,27.190000534057617,27.32999992370605,19.56929016113281,1773600
2019-07-01,FCPT,27.43000030517578,27.459999084472656,26.649999618530277,27.06999969482422,19.38311767578125,465100
2019-07-01,FCPT,27.43000030517578,27.459999084472656,26.649999618530277,27.06999969482422,19.38311767578125,465100
2019-07-02,FCPT,27.149999618530277,27.68000030517578,27.1200008392334,27.649999618530277,19.798419952392575,281400
2019-07-02,FCPT,27.149999618530277,27.68000030517578,27.1200008392334,27.649999618530277,19.798419952392575,281400
2019-07-03,FCPT,27.71999931335449,27.96999931335449,27.709999084472656,27.950000762939453,20.01323509216309,99400
2019-07-03,FCPT,27.71999931335449,27.96999931335449,27.709999084472656,27.950000762939453,20.01323509216309,99400
2019-07-05,FCPT,27.790000915527344,27.920000076293945,27.36000061035156,27.920000076293945,19.99175453186035,517600
2019-07-05,FCPT,27.790000915527344,27.920000076293945,27.36000061035156,27.920000076293945,19.99175453186035,517600
2019-07-08,FCPT,27.8799991607666,27.979999542236328,27.709999084472656,27.8700008392334,19.95594787597656,222600
2019-07-08,FCPT,27.8799991607666,27.979999542236328,27.709999084472656,27.8700008392334,19.95594787597656,222600
2019-07-09,FCPT,27.8700008392334,28.0,27.809999465942383,27.88999938964844,19.970272064208984,498800
2019-07-09,FCPT,27.8700008392334,28.0,27.809999465942383,27.88999938964844,19.970272064208984,498800
2019-07-10,FCPT,27.96999931335449,28.149999618530277,27.68000030517578,28.06999969482422,20.099157333374023,271600
2019-07-10,FCPT,27.96999931335449,28.149999618530277,27.68000030517578,28.06999969482422,20.099157333374023,271600
2019-07-11,FCPT,28.01000022888184,28.09000015258789,27.76000022888184,27.84000015258789,19.93446922302246,880700
2019-07-11,FCPT,28.01000022888184,28.09000015258789,27.76000022888184,27.84000015258789,19.93446922302246,880700
2019-07-12,FCPT,27.8799991607666,27.899999618530277,27.56999969482422,27.739999771118164,19.86286735534668,244300
2019-07-12,FCPT,27.8799991607666,27.899999618530277,27.56999969482422,27.739999771118164,19.86286735534668,244300
2019-07-15,FCPT,27.790000915527344,27.899999618530277,27.6299991607666,27.63999938964844,19.791261672973636,239200
2019-07-15,FCPT,27.790000915527344,27.899999618530277,27.6299991607666,27.63999938964844,19.791261672973636,239200
2019-07-16,FCPT,27.56999969482422,27.61000061035156,27.229999542236328,27.36000061035156,19.59077835083008,571000
2019-07-16,FCPT,27.56999969482422,27.61000061035156,27.229999542236328,27.36000061035156,19.59077835083008,571000
2019-07-17,FCPT,27.36000061035156,27.530000686645508,27.0,27.25,19.512008666992188,729400
2019-07-17,FCPT,27.36000061035156,27.530000686645508,27.0,27.25,19.512008666992188,729400
2019-07-18,FCPT,27.229999542236328,27.350000381469727,27.06999969482422,27.299999237060547,19.54780387878418,288800
2019-07-18,FCPT,27.229999542236328,27.350000381469727,27.06999969482422,27.299999237060547,19.54780387878418,288800
2019-07-19,FCPT,27.21999931335449,27.40999984741211,26.700000762939453,26.71999931335449,19.13250732421875,298800
2019-07-19,FCPT,27.21999931335449,27.40999984741211,26.700000762939453,26.71999931335449,19.13250732421875,298800
2019-07-22,FCPT,26.729999542236328,26.850000381469727,26.46999931335449,26.76000022888184,19.16114997863769,248200
2019-07-22,FCPT,26.729999542236328,26.850000381469727,26.46999931335449,26.76000022888184,19.16114997863769,248200
2019-07-23,FCPT,26.790000915527344,27.020000457763672,26.57999992370605,27.020000457763672,19.347320556640625,220500
2019-07-23,FCPT,26.790000915527344,27.020000457763672,26.57999992370605,27.020000457763672,19.347320556640625,220500
2019-07-24,FCPT,27.030000686645508,27.280000686645508,26.700000762939453,27.209999084472656,19.483362197875977,512800
2019-07-24,FCPT,27.030000686645508,27.280000686645508,26.700000762939453,27.209999084472656,19.483362197875977,512800
2019-07-25,FCPT,27.26000022888184,27.26000022888184,26.8799991607666,26.8799991607666,19.2470760345459,453600
2019-07-25,FCPT,27.26000022888184,27.26000022888184,26.8799991607666,26.8799991607666,19.2470760345459,453600
2019-07-26,FCPT,27.040000915527344,27.229999542236328,26.959999084472656,27.049999237060547,19.36879539489746,330300
2019-07-26,FCPT,27.040000915527344,27.229999542236328,26.959999084472656,27.049999237060547,19.36879539489746,330300
2019-07-29,FCPT,27.059999465942383,27.32999992370605,27.049999237060547,27.100000381469727,19.404600143432617,210300
2019-07-29,FCPT,27.059999465942383,27.32999992370605,27.049999237060547,27.100000381469727,19.404600143432617,210300
2019-07-30,FCPT,26.979999542236328,27.420000076293945,26.899999618530277,26.93000030517578,19.28287696838379,476600
2019-07-30,FCPT,26.979999542236328,27.420000076293945,26.899999618530277,26.93000030517578,19.28287696838379,476600
2019-07-31,FCPT,26.46999931335449,27.26000022888184,26.229999542236328,26.940000534057617,19.2900333404541,882500
2019-07-31,FCPT,26.46999931335449,27.26000022888184,26.229999542236328,26.940000534057617,19.2900333404541,882500
2019-08-01,FCPT,27.170000076293945,27.38999938964844,26.899999618530277,27.040000915527344,19.36163711547852,470500
2019-08-01,FCPT,27.170000076293945,27.38999938964844,26.899999618530277,27.040000915527344,19.36163711547852,470500
2019-08-02,FCPT,27.1299991607666,27.38999938964844,26.989999771118164,27.100000381469727,19.404600143432617,551100
2019-08-02,FCPT,27.1299991607666,27.38999938964844,26.989999771118164,27.100000381469727,19.404600143432617,551100
2019-08-05,FCPT,27.0,27.06999969482422,26.43000030517578,26.850000381469727,19.22559356689453,369600
2019-08-05,FCPT,27.0,27.06999969482422,26.43000030517578,26.850000381469727,19.22559356689453,369600
2019-08-06,FCPT,26.84000015258789,27.26000022888184,26.729999542236328,27.170000076293945,19.454723358154297,318100
2019-08-06,FCPT,26.84000015258789,27.26000022888184,26.729999542236328,27.170000076293945,19.454723358154297,318100
2019-08-07,FCPT,27.1299991607666,27.559999465942383,26.82999992370605,27.479999542236328,19.676692962646484,324300
2019-08-07,FCPT,27.1299991607666,27.559999465942383,26.82999992370605,27.479999542236328,19.676692962646484,324300
2019-08-08,FCPT,27.530000686645508,27.82999992370605,27.350000381469727,27.76000022888184,19.87718772888184,287300
2019-08-08,FCPT,27.530000686645508,27.82999992370605,27.350000381469727,27.76000022888184,19.87718772888184,287300
2019-08-09,FCPT,27.700000762939453,27.780000686645508,27.450000762939453,27.690000534057617,19.82706451416016,314000
2019-08-09,FCPT,27.700000762939453,27.780000686645508,27.450000762939453,27.690000534057617,19.82706451416016,314000
2019-08-12,FCPT,27.6299991607666,27.729999542236328,27.450000762939453,27.540000915527344,19.71965789794922,184000
2019-08-12,FCPT,27.6299991607666,27.729999542236328,27.450000762939453,27.540000915527344,19.71965789794922,184000
2019-08-13,FCPT,27.559999465942383,27.81999969482422,27.5,27.709999084472656,19.841386795043945,250900
2019-08-13,FCPT,27.559999465942383,27.81999969482422,27.5,27.709999084472656,19.841386795043945,250900
2019-08-14,FCPT,27.75,27.940000534057617,27.3700008392334,27.51000022888184,19.698177337646484,430300
2019-08-14,FCPT,27.75,27.940000534057617,27.3700008392334,27.51000022888184,19.698177337646484,430300
2019-08-15,FCPT,27.540000915527344,27.940000534057617,27.489999771118164,27.84000015258789,19.93446922302246,401800
2019-08-15,FCPT,27.540000915527344,27.940000534057617,27.489999771118164,27.84000015258789,19.93446922302246,401800
2019-08-16,FCPT,27.850000381469727,28.07999992370605,27.809999465942383,27.989999771118164,20.04187393188477,311000
2019-08-16,FCPT,27.850000381469727,28.07999992370605,27.809999465942383,27.989999771118164,20.04187393188477,311000
2019-08-19,FCPT,28.07999992370605,28.25,27.8799991607666,28.200000762939453,20.19224166870117,140500
2019-08-19,FCPT,28.07999992370605,28.25,27.8799991607666,28.200000762939453,20.19224166870117,140500
2019-08-20,FCPT,28.209999084472656,28.239999771118164,27.770000457763672,27.780000686645508,19.891508102416992,172900
2019-08-20,FCPT,28.209999084472656,28.239999771118164,27.770000457763672,27.780000686645508,19.891508102416992,172900
2019-08-21,FCPT,27.8799991607666,27.979999542236328,27.75,27.899999618530277,19.977428436279297,160200
2019-08-21,FCPT,27.8799991607666,27.979999542236328,27.75,27.899999618530277,19.977428436279297,160200
2019-08-22,FCPT,27.93000030517578,28.270000457763672,27.899999618530277,28.149999618530277,20.15643882751465,330500
2019-08-22,FCPT,27.93000030517578,28.270000457763672,27.899999618530277,28.149999618530277,20.15643882751465,330500
2019-08-23,FCPT,28.100000381469727,28.51000022888184,27.81999969482422,27.88999938964844,19.970272064208984,614200
2019-08-23,FCPT,28.100000381469727,28.51000022888184,27.81999969482422,27.88999938964844,19.970272064208984,614200
2019-08-26,FCPT,28.06999969482422,28.209999084472656,27.81999969482422,28.06999969482422,20.099157333374023,219500
2019-08-26,FCPT,28.06999969482422,28.209999084472656,27.81999969482422,28.06999969482422,20.099157333374023,219500
2019-08-27,FCPT,28.13999938964844,28.25,27.82999992370605,27.84000015258789,19.93446922302246,358100
2019-08-27,FCPT,28.13999938964844,28.25,27.82999992370605,27.84000015258789,19.93446922302246,358100
2019-08-28,FCPT,27.809999465942383,28.030000686645508,27.770000457763672,28.0,20.04903221130371,280600
2019-08-28,FCPT,27.809999465942383,28.030000686645508,27.770000457763672,28.0,20.04903221130371,280600
2019-08-29,FCPT,28.1299991607666,28.61000061035156,28.059999465942383,28.559999465942383,20.45001220703125,381300
2019-08-29,FCPT,28.1299991607666,28.61000061035156,28.059999465942383,28.559999465942383,20.45001220703125,381300
2019-08-30,FCPT,28.61000061035156,28.670000076293945,28.200000762939453,28.489999771118164,20.39989280700684,411600
2019-08-30,FCPT,28.61000061035156,28.670000076293945,28.200000762939453,28.489999771118164,20.39989280700684,411600
2019-09-03,FCPT,28.43000030517578,28.799999237060547,28.43000030517578,28.780000686645508,20.6075439453125,248700
2019-09-03,FCPT,28.43000030517578,28.799999237060547,28.43000030517578,28.780000686645508,20.6075439453125,248700
2019-09-04,FCPT,28.8799991607666,29.229999542236328,28.780000686645508,29.209999084472656,20.915433883666992,239300
2019-09-04,FCPT,28.8799991607666,29.229999542236328,28.780000686645508,29.209999084472656,20.915433883666992,239300
2019-09-05,FCPT,29.170000076293945,29.170000076293945,28.649999618530277,28.790000915527344,20.61470603942871,488700
2019-09-05,FCPT,29.170000076293945,29.170000076293945,28.649999618530277,28.790000915527344,20.61470603942871,488700
2019-09-06,FCPT,28.899999618530277,29.059999465942383,28.799999237060547,28.979999542236328,20.75075340270996,325000
2019-09-06,FCPT,28.899999618530277,29.059999465942383,28.799999237060547,28.979999542236328,20.75075340270996,325000
2019-09-09,FCPT,28.950000762939453,28.979999542236328,28.71999931335449,28.93000030517578,20.714948654174805,276500
2019-09-09,FCPT,28.950000762939453,28.979999542236328,28.71999931335449,28.93000030517578,20.714948654174805,276500
2019-09-10,FCPT,28.809999465942383,28.809999465942383,28.440000534057617,28.670000076293945,20.528779983520508,282200
2019-09-10,FCPT,28.809999465942383,28.809999465942383,28.440000534057617,28.670000076293945,20.528779983520508,282200
2019-09-11,FCPT,28.61000061035156,28.76000022888184,28.46999931335449,28.59000015258789,20.47149658203125,317100
2019-09-11,FCPT,28.61000061035156,28.76000022888184,28.46999931335449,28.59000015258789,20.47149658203125,317100
2019-09-12,FCPT,28.729999542236328,28.809999465942383,28.3799991607666,28.6299991607666,20.50013542175293,245200
2019-09-12,FCPT,28.729999542236328,28.809999465942383,28.3799991607666,28.6299991607666,20.50013542175293,245200
2019-09-13,FCPT,28.6200008392334,28.809999465942383,28.1200008392334,28.26000022888184,20.23520278930664,246100
2019-09-13,FCPT,28.6200008392334,28.809999465942383,28.1200008392334,28.26000022888184,20.23520278930664,246100
2019-09-16,FCPT,28.26000022888184,28.479999542236328,28.239999771118164,28.38999938964844,20.32828712463379,202900
2019-09-16,FCPT,28.26000022888184,28.479999542236328,28.239999771118164,28.38999938964844,20.32828712463379,202900
2019-09-17,FCPT,28.459999084472656,28.780000686645508,28.43000030517578,28.75,20.58606719970703,232700
2019-09-17,FCPT,28.459999084472656,28.780000686645508,28.43000030517578,28.75,20.58606719970703,232700
2019-09-18,FCPT,28.899999618530277,28.90999984741211,28.100000381469727,28.459999084472656,20.37841415405273,320700
2019-09-18,FCPT,28.899999618530277,28.90999984741211,28.100000381469727,28.459999084472656,20.37841415405273,320700
2019-09-19,FCPT,28.6299991607666,28.729999542236328,28.46999931335449,28.489999771118164,20.39989280700684,179500
2019-09-19,FCPT,28.6299991607666,28.729999542236328,28.46999931335449,28.489999771118164,20.39989280700684,179500
2019-09-20,FCPT,28.479999542236328,28.59000015258789,28.25,28.520000457763672,20.42137908935547,703600
2019-09-20,FCPT,28.479999542236328,28.59000015258789,28.25,28.520000457763672,20.42137908935547,703600
2019-09-23,FCPT,28.520000457763672,28.600000381469727,28.190000534057617,28.25,20.22804450988769,232900
2019-09-23,FCPT,28.520000457763672,28.600000381469727,28.190000534057617,28.25,20.22804450988769,232900
2019-09-24,FCPT,28.32999992370605,28.420000076293945,27.959999084472656,28.059999465942383,20.09199333190918,288700
2019-09-24,FCPT,28.32999992370605,28.420000076293945,27.959999084472656,28.059999465942383,20.09199333190918,288700
2019-09-25,FCPT,28.100000381469727,28.3700008392334,28.100000381469727,28.209999084472656,20.19939994812012,284000
2019-09-25,FCPT,28.100000381469727,28.3700008392334,28.100000381469727,28.209999084472656,20.19939994812012,284000
2019-09-26,FCPT,28.040000915527344,28.3799991607666,27.88999938964844,28.3700008392334,20.52349853515625,324300
2019-09-26,FCPT,28.040000915527344,28.3799991607666,27.88999938964844,28.3700008392334,20.52349853515625,324300
2019-09-27,FCPT,28.420000076293945,28.420000076293945,27.82999992370605,28.01000022888184,20.263059616088867,183600
2019-09-27,FCPT,28.420000076293945,28.420000076293945,27.82999992370605,28.01000022888184,20.263059616088867,183600
2019-09-30,FCPT,28.0,28.540000915527344,28.0,28.280000686645508,20.45838737487793,402200
2019-09-30,FCPT,28.0,28.540000915527344,28.0,28.280000686645508,20.45838737487793,402200
2019-10-01,FCPT,28.309999465942383,28.479999542236328,28.030000686645508,28.030000686645508,20.27753257751465,236100
2019-10-01,FCPT,28.309999465942383,28.479999542236328,28.030000686645508,28.030000686645508,20.27753257751465,236100
2019-10-02,FCPT,28.020000457763672,28.420000076293945,28.020000457763672,28.38999938964844,20.5379638671875,550000
2019-10-02,FCPT,28.020000457763672,28.420000076293945,28.020000457763672,28.38999938964844,20.5379638671875,550000
2019-10-03,FCPT,28.399999618530277,28.959999084472656,28.3700008392334,28.700000762939453,20.76222419738769,267400
2019-10-03,FCPT,28.399999618530277,28.959999084472656,28.3700008392334,28.700000762939453,20.76222419738769,267400
2019-10-04,FCPT,28.75,28.950000762939453,28.61000061035156,28.950000762939453,20.943078994750977,224700
2019-10-04,FCPT,28.75,28.950000762939453,28.61000061035156,28.950000762939453,20.943078994750977,224700
2019-10-07,FCPT,28.88999938964844,29.07999992370605,28.71999931335449,29.0,20.979249954223636,254200
2019-10-07,FCPT,28.88999938964844,29.07999992370605,28.71999931335449,29.0,20.979249954223636,254200
2019-10-08,FCPT,28.8799991607666,29.059999465942383,28.440000534057617,28.93000030517578,20.928611755371094,382800
2019-10-08,FCPT,28.8799991607666,29.059999465942383,28.440000534057617,28.93000030517578,20.928611755371094,382800
2019-10-09,FCPT,29.100000381469727,29.270000457763672,28.93000030517578,28.950000762939453,20.943078994750977,200400
2019-10-09,FCPT,29.100000381469727,29.270000457763672,28.93000030517578,28.950000762939453,20.943078994750977,200400
2019-10-10,FCPT,29.020000457763672,29.020000457763672,28.63999938964844,28.700000762939453,20.76222419738769,252900
2019-10-10,FCPT,29.020000457763672,29.020000457763672,28.63999938964844,28.700000762939453,20.76222419738769,252900
2019-10-11,FCPT,28.739999771118164,28.81999969482422,28.459999084472656,28.51000022888184,20.62477302551269,333400
2019-10-11,FCPT,28.739999771118164,28.81999969482422,28.459999084472656,28.51000022888184,20.62477302551269,333400
2019-10-14,FCPT,28.520000457763672,28.520000457763672,28.26000022888184,28.31999969482422,20.48732185363769,154100
2019-10-14,FCPT,28.520000457763672,28.520000457763672,28.26000022888184,28.31999969482422,20.48732185363769,154100
2019-10-15,FCPT,28.34000015258789,28.440000534057617,27.959999084472656,28.15999984741211,20.371580123901367,317500
2019-10-15,FCPT,28.34000015258789,28.440000534057617,27.959999084472656,28.15999984741211,20.371580123901367,317500
2019-10-16,FCPT,28.09000015258789,28.11000061035156,27.8700008392334,27.979999542236328,20.241361618041992,285400
2019-10-16,FCPT,28.09000015258789,28.11000061035156,27.8700008392334,27.979999542236328,20.241361618041992,285400
2019-10-17,FCPT,28.01000022888184,28.280000686645508,28.01000022888184,28.149999618530277,20.364341735839844,262000
2019-10-17,FCPT,28.01000022888184,28.280000686645508,28.01000022888184,28.149999618530277,20.364341735839844,262000
2019-10-18,FCPT,28.100000381469727,28.31999969482422,27.920000076293945,28.200000762939453,20.400514602661133,433400
2019-10-18,FCPT,28.100000381469727,28.31999969482422,27.920000076293945,28.200000762939453,20.400514602661133,433400
2019-10-21,FCPT,28.299999237060547,28.479999542236328,28.200000762939453,28.350000381469727,20.50902938842773,428000
2019-10-21,FCPT,28.299999237060547,28.479999542236328,28.200000762939453,28.350000381469727,20.50902938842773,428000
2019-10-22,FCPT,28.420000076293945,28.6299991607666,28.18000030517578,28.280000686645508,20.45838737487793,264900
2019-10-22,FCPT,28.420000076293945,28.6299991607666,28.18000030517578,28.280000686645508,20.45838737487793,264900
2019-10-23,FCPT,28.3700008392334,28.5,28.100000381469727,28.43000030517578,20.5669002532959,268400
2019-10-23,FCPT,28.3700008392334,28.5,28.100000381469727,28.43000030517578,20.5669002532959,268400
2019-10-24,FCPT,28.540000915527344,28.57999992370605,28.170000076293945,28.5,20.617536544799805,335800
2019-10-24,FCPT,28.540000915527344,28.57999992370605,28.170000076293945,28.5,20.617536544799805,335800
2019-10-25,FCPT,28.5,28.5,28.13999938964844,28.239999771118164,20.4294490814209,416100
2019-10-25,FCPT,28.5,28.5,28.13999938964844,28.239999771118164,20.4294490814209,416100
2019-10-28,FCPT,28.239999771118164,28.56999969482422,28.149999618530277,28.31999969482422,20.48732185363769,235000
2019-10-28,FCPT,28.239999771118164,28.56999969482422,28.149999618530277,28.31999969482422,20.48732185363769,235000
2019-10-29,FCPT,28.26000022888184,28.739999771118164,28.190000534057617,28.40999984741211,20.552433013916016,431200
2019-10-29,FCPT,28.26000022888184,28.739999771118164,28.190000534057617,28.40999984741211,20.552433013916016,431200
2019-10-30,FCPT,28.350000381469727,28.770000457763672,28.170000076293945,28.709999084472656,20.769458770751957,281200
2019-10-30,FCPT,28.350000381469727,28.770000457763672,28.170000076293945,28.709999084472656,20.769458770751957,281200
2019-10-31,FCPT,28.75,28.86000061035156,28.540000915527344,28.649999618530277,20.726051330566406,422200
2019-10-31,FCPT,28.75,28.86000061035156,28.540000915527344,28.649999618530277,20.726051330566406,422200
2019-11-01,FCPT,28.65999984741211,28.75,28.350000381469727,28.559999465942383,20.66094398498535,336100
2019-11-01,FCPT,28.65999984741211,28.75,28.350000381469727,28.559999465942383,20.66094398498535,336100
2019-11-04,FCPT,28.6200008392334,28.6200008392334,28.34000015258789,28.46999931335449,20.595836639404297,347000
2019-11-04,FCPT,28.6200008392334,28.6200008392334,28.34000015258789,28.46999931335449,20.595836639404297,347000
2019-11-05,FCPT,28.479999542236328,28.479999542236328,27.200000762939453,27.43000030517578,19.84347915649414,618200
2019-11-05,FCPT,28.479999542236328,28.479999542236328,27.200000762939453,27.43000030517578,19.84347915649414,618200
2019-11-06,FCPT,27.530000686645508,27.649999618530277,27.26000022888184,27.46999931335449,19.87241744995117,280200
2019-11-06,FCPT,27.530000686645508,27.649999618530277,27.26000022888184,27.46999931335449,19.87241744995117,280200
2019-11-07,FCPT,27.51000022888184,27.56999969482422,26.709999084472656,27.21999931335449,19.69156265258789,372600
2019-11-07,FCPT,27.51000022888184,27.56999969482422,26.709999084472656,27.21999931335449,19.69156265258789,372600
2019-11-08,FCPT,27.13999938964844,27.3799991607666,26.90999984741211,27.11000061035156,19.611984252929688,322500
2019-11-08,FCPT,27.13999938964844,27.3799991607666,26.90999984741211,27.11000061035156,19.611984252929688,322500
2019-11-11,FCPT,27.149999618530277,27.26000022888184,26.8799991607666,27.200000762939453,19.677085876464844,325600
2019-11-11,FCPT,27.149999618530277,27.26000022888184,26.8799991607666,27.200000762939453,19.677085876464844,325600
2019-11-12,FCPT,27.239999771118164,27.40999984741211,26.90999984741211,26.959999084472656,19.50347137451172,256800
2019-11-12,FCPT,27.239999771118164,27.40999984741211,26.90999984741211,26.959999084472656,19.50347137451172,256800
2019-11-13,FCPT,26.940000534057617,27.38999938964844,26.940000534057617,27.270000457763672,19.727731704711918,195800
2019-11-13,FCPT,26.940000534057617,27.38999938964844,26.940000534057617,27.270000457763672,19.727731704711918,195800
2019-11-14,FCPT,27.25,27.649999618530277,27.25,27.649999618530277,20.002628326416016,395800
2019-11-14,FCPT,27.25,27.649999618530277,27.25,27.649999618530277,20.002628326416016,395800
2019-11-15,FCPT,27.729999542236328,27.8700008392334,27.6200008392334,27.799999237060547,20.111141204833984,534700
2019-11-15,FCPT,27.729999542236328,27.8700008392334,27.6200008392334,27.799999237060547,20.111141204833984,534700
2019-11-18,FCPT,27.86000061035156,28.13999938964844,27.82999992370605,27.940000534057617,20.21242332458496,358400
2019-11-18,FCPT,27.86000061035156,28.13999938964844,27.82999992370605,27.940000534057617,20.21242332458496,358400
2019-11-19,FCPT,28.049999237060547,28.06999969482422,27.81999969482422,27.96999931335449,20.23412322998047,428500
2019-11-19,FCPT,28.049999237060547,28.06999969482422,27.81999969482422,27.96999931335449,20.23412322998047,428500
2019-11-20,FCPT,28.09000015258789,28.290000915527344,27.950000762939453,28.040000915527344,20.284767150878903,409400
2019-11-20,FCPT,28.09000015258789,28.290000915527344,27.950000762939453,28.040000915527344,20.284767150878903,409400
2019-11-21,FCPT,28.01000022888184,28.059999465942383,27.709999084472656,27.809999465942383,20.118379592895508,226600
2019-11-21,FCPT,28.01000022888184,28.059999465942383,27.709999084472656,27.809999465942383,20.118379592895508,226600
2019-11-22,FCPT,27.950000762939453,27.950000762939453,27.38999938964844,27.690000534057617,20.03156852722168,236300
2019-11-22,FCPT,27.950000762939453,27.950000762939453,27.38999938964844,27.690000534057617,20.03156852722168,236300
2019-11-25,FCPT,27.84000015258789,27.940000534057617,27.739999771118164,27.75,20.074974060058597,309100
2019-11-25,FCPT,27.84000015258789,27.940000534057617,27.739999771118164,27.75,20.074974060058597,309100
2019-11-26,FCPT,27.790000915527344,27.96999931335449,27.76000022888184,27.93000030517578,20.205190658569336,501400
2019-11-26,FCPT,27.790000915527344,27.96999931335449,27.76000022888184,27.93000030517578,20.205190658569336,501400
2019-11-27,FCPT,27.950000762939453,28.31999969482422,27.809999465942383,28.239999771118164,20.4294490814209,205500
2019-11-27,FCPT,27.950000762939453,28.31999969482422,27.809999465942383,28.239999771118164,20.4294490814209,205500
2019-11-29,FCPT,28.21999931335449,28.440000534057617,28.190000534057617,28.31999969482422,20.48732185363769,238200
2019-11-29,FCPT,28.21999931335449,28.440000534057617,28.190000534057617,28.31999969482422,20.48732185363769,238200
2019-12-02,FCPT,28.309999465942383,28.309999465942383,27.700000762939453,27.959999084472656,20.22689437866211,451900
2019-12-02,FCPT,28.309999465942383,28.309999465942383,27.700000762939453,27.959999084472656,20.22689437866211,451900
2019-12-03,FCPT,27.940000534057617,28.170000076293945,27.8799991607666,28.020000457763672,20.270299911499023,462700
2019-12-03,FCPT,27.940000534057617,28.170000076293945,27.8799991607666,28.020000457763672,20.270299911499023,462700
2019-12-04,FCPT,28.040000915527344,28.34000015258789,27.90999984741211,28.020000457763672,20.270299911499023,312200
2019-12-04,FCPT,28.040000915527344,28.34000015258789,27.90999984741211,28.020000457763672,20.270299911499023,312200
2019-12-05,FCPT,28.01000022888184,28.01000022888184,27.799999237060547,27.940000534057617,20.21242332458496,268200
2019-12-05,FCPT,28.01000022888184,28.01000022888184,27.799999237060547,27.940000534057617,20.21242332458496,268200
2019-12-06,FCPT,28.040000915527344,28.18000030517578,27.88999938964844,28.030000686645508,20.27753257751465,354700
2019-12-06,FCPT,28.040000915527344,28.18000030517578,27.88999938964844,28.030000686645508,20.27753257751465,354700
2019-12-09,FCPT,28.09000015258789,28.09000015258789,27.770000457763672,27.93000030517578,20.205190658569336,290100
2019-12-09,FCPT,28.09000015258789,28.09000015258789,27.770000457763672,27.93000030517578,20.205190658569336,290100
2019-12-10,FCPT,27.950000762939453,28.059999465942383,27.76000022888184,27.8799991607666,20.16901588439941,513500
2019-12-10,FCPT,27.950000762939453,28.059999465942383,27.76000022888184,27.8799991607666,20.16901588439941,513500
2019-12-11,FCPT,27.8799991607666,27.93000030517578,27.38999938964844,27.5,19.894119262695312,459900
2019-12-11,FCPT,27.8799991607666,27.93000030517578,27.38999938964844,27.5,19.894119262695312,459900
2019-12-12,FCPT,27.57999992370605,27.6200008392334,26.739999771118164,26.90999984741211,19.4672966003418,610000
2019-12-12,FCPT,27.57999992370605,27.6200008392334,26.739999771118164,26.90999984741211,19.4672966003418,610000
2019-12-13,FCPT,26.940000534057617,27.149999618530277,26.809999465942383,27.1299991607666,19.62645149230957,652900
2019-12-13,FCPT,26.940000534057617,27.149999618530277,26.809999465942383,27.1299991607666,19.62645149230957,652900
2019-12-16,FCPT,27.1299991607666,27.420000076293945,27.059999465942383,27.3799991607666,19.807308197021484,618700
2019-12-16,FCPT,27.1299991607666,27.420000076293945,27.059999465942383,27.3799991607666,19.807308197021484,618700
2019-12-17,FCPT,27.34000015258789,27.450000762939453,27.0,27.059999465942383,19.575815200805664,294100
2019-12-17,FCPT,27.34000015258789,27.450000762939453,27.0,27.059999465942383,19.575815200805664,294100
2019-12-18,FCPT,26.90999984741211,27.32999992370605,26.850000381469727,27.239999771118164,19.706026077270508,469500
2019-12-18,FCPT,26.90999984741211,27.32999992370605,26.850000381469727,27.239999771118164,19.706026077270508,469500
2019-12-19,FCPT,27.1200008392334,27.5,27.06999969482422,27.43000030517578,19.84347915649414,287200
2019-12-19,FCPT,27.1200008392334,27.5,27.06999969482422,27.43000030517578,19.84347915649414,287200
2019-12-20,FCPT,27.5,27.729999542236328,27.43000030517578,27.68000030517578,20.024333953857425,1194700
2019-12-20,FCPT,27.5,27.729999542236328,27.43000030517578,27.68000030517578,20.024333953857425,1194700
2019-12-23,FCPT,27.709999084472656,27.709999084472656,27.13999938964844,27.26000022888184,19.720495223999023,245900
2019-12-23,FCPT,27.709999084472656,27.709999084472656,27.13999938964844,27.26000022888184,19.720495223999023,245900
2019-12-24,FCPT,27.21999931335449,27.540000915527344,27.15999984741211,27.459999084472656,19.865182876586918,117500
2019-12-24,FCPT,27.21999931335449,27.540000915527344,27.15999984741211,27.459999084472656,19.865182876586918,117500
2019-12-26,FCPT,27.489999771118164,27.559999465942383,27.309999465942383,27.479999542236328,19.879648208618164,142900
2019-12-26,FCPT,27.489999771118164,27.559999465942383,27.309999465942383,27.479999542236328,19.879648208618164,142900
2019-12-27,FCPT,27.649999618530277,27.700000762939453,27.450000762939453,27.649999618530277,20.002628326416016,183600
2019-12-27,FCPT,27.649999618530277,27.700000762939453,27.450000762939453,27.649999618530277,20.002628326416016,183600
2019-12-30,FCPT,27.57999992370605,27.739999771118164,27.540000915527344,27.68000030517578,20.024333953857425,534000
2019-12-30,FCPT,27.57999992370605,27.739999771118164,27.540000915527344,27.68000030517578,20.024333953857425,534000
2019-12-31,FCPT,27.68000030517578,28.229999542236328,27.68000030517578,28.190000534057617,20.393281936645508,571700
2019-12-31,FCPT,27.68000030517578,28.229999542236328,27.68000030517578,28.190000534057617,20.393281936645508,571700
2020-01-02,FCPT,27.850000381469727,27.8700008392334,27.01000022888184,27.290000915527344,19.95813369750977,312200
2020-01-02,FCPT,27.850000381469727,27.8700008392334,27.01000022888184,27.290000915527344,19.95813369750977,312200
2020-01-03,FCPT,27.15999984741211,27.690000534057617,27.100000381469727,27.549999237060547,20.148286819458008,366700
2020-01-03,FCPT,27.15999984741211,27.690000534057617,27.100000381469727,27.549999237060547,20.148286819458008,366700
2020-01-06,FCPT,27.450000762939453,27.700000762939453,27.420000076293945,27.46999931335449,20.08977699279785,211200
2020-01-06,FCPT,27.450000762939453,27.700000762939453,27.420000076293945,27.46999931335449,20.08977699279785,211200
2020-01-07,FCPT,27.299999237060547,27.549999237060547,27.030000686645508,27.170000076293945,19.87037467956543,615100
2020-01-07,FCPT,27.299999237060547,27.549999237060547,27.030000686645508,27.170000076293945,19.87037467956543,615100
2020-01-08,FCPT,27.299999237060547,27.3799991607666,27.100000381469727,27.200000762939453,19.892318725585938,258500
2020-01-08,FCPT,27.299999237060547,27.3799991607666,27.100000381469727,27.200000762939453,19.892318725585938,258500
2020-01-09,FCPT,27.15999984741211,27.450000762939453,27.030000686645508,27.43000030517578,20.06052017211914,448200
2020-01-09,FCPT,27.15999984741211,27.450000762939453,27.030000686645508,27.43000030517578,20.06052017211914,448200
2020-01-10,FCPT,27.43000030517578,27.56999969482422,27.25,27.56999969482422,20.16290855407715,355800
2020-01-10,FCPT,27.43000030517578,27.56999969482422,27.25,27.56999969482422,20.16290855407715,355800
2020-01-13,FCPT,27.520000457763672,27.96999931335449,27.46999931335449,27.940000534057617,20.43350601196289,282300
2020-01-13,FCPT,27.520000457763672,27.96999931335449,27.46999931335449,27.940000534057617,20.43350601196289,282300
2020-01-14,FCPT,27.90999984741211,27.90999984741211,27.61000061035156,27.790000915527344,20.323806762695312,204600
2020-01-14,FCPT,27.90999984741211,27.90999984741211,27.61000061035156,27.790000915527344,20.323806762695312,204600
2020-01-15,FCPT,27.86000061035156,28.38999938964844,27.86000061035156,28.270000457763672,20.67484474182129,324800
2020-01-15,FCPT,27.86000061035156,28.38999938964844,27.86000061035156,28.270000457763672,20.67484474182129,324800
2020-01-16,FCPT,28.36000061035156,28.790000915527344,28.299999237060547,28.559999465942383,20.88693046569824,306500
2020-01-16,FCPT,28.36000061035156,28.790000915527344,28.299999237060547,28.559999465942383,20.88693046569824,306500
2020-01-17,FCPT,28.670000076293945,28.709999084472656,28.440000534057617,28.59000015258789,20.90887260437012,272900
2020-01-17,FCPT,28.670000076293945,28.709999084472656,28.440000534057617,28.59000015258789,20.90887260437012,272900
2020-01-21,FCPT,28.56999969482422,29.049999237060547,28.46999931335449,29.020000457763672,21.22334098815918,296200
2020-01-21,FCPT,28.56999969482422,29.049999237060547,28.46999931335449,29.020000457763672,21.22334098815918,296200
2020-01-22,FCPT,29.06999969482422,29.18000030517578,28.850000381469727,29.06999969482422,21.25990867614746,185800
2020-01-22,FCPT,29.06999969482422,29.18000030517578,28.850000381469727,29.06999969482422,21.25990867614746,185800
2020-01-23,FCPT,29.1200008392334,29.46999931335449,29.0,29.450000762939453,21.53782081604004,323900
2020-01-23,FCPT,29.1200008392334,29.46999931335449,29.0,29.450000762939453,21.53782081604004,323900
2020-01-24,FCPT,29.75,29.81999969482422,29.3799991607666,29.700000762939453,21.720653533935547,487900
2020-01-24,FCPT,29.75,29.81999969482422,29.3799991607666,29.700000762939453,21.720653533935547,487900
2020-01-27,FCPT,29.700000762939453,30.399999618530277,29.700000762939453,30.11000061035156,22.0205020904541,1117500
2020-01-27,FCPT,29.700000762939453,30.399999618530277,29.700000762939453,30.11000061035156,22.0205020904541,1117500
2020-01-28,FCPT,30.190000534057617,30.40999984741211,30.0,30.13999938964844,22.042436599731445,522400
2020-01-28,FCPT,30.190000534057617,30.40999984741211,30.0,30.13999938964844,22.042436599731445,522400
2020-01-29,FCPT,30.149999618530277,30.6299991607666,30.030000686645508,30.5,22.30571937561035,809800
2020-01-29,FCPT,30.149999618530277,30.6299991607666,30.030000686645508,30.5,22.30571937561035,809800
2020-01-30,FCPT,30.440000534057617,30.670000076293945,30.190000534057617,30.38999938964844,22.22527313232422,438300
2020-01-30,FCPT,30.440000534057617,30.670000076293945,30.190000534057617,30.38999938964844,22.22527313232422,438300
2020-01-31,FCPT,30.34000015258789,30.530000686645508,30.049999237060547,30.290000915527344,22.152143478393555,559800
2020-01-31,FCPT,30.34000015258789,30.530000686645508,30.049999237060547,30.290000915527344,22.152143478393555,559800
2020-02-03,FCPT,30.309999465942383,30.489999771118164,30.18000030517578,30.3799991607666,22.217960357666016,415600
2020-02-03,FCPT,30.309999465942383,30.489999771118164,30.18000030517578,30.3799991607666,22.217960357666016,415600
2020-02-04,FCPT,30.399999618530277,30.799999237060547,30.309999465942383,30.600000381469727,22.378854751586918,472700
2020-02-04,FCPT,30.399999618530277,30.799999237060547,30.309999465942383,30.600000381469727,22.378854751586918,472700
2020-02-05,FCPT,30.729999542236328,30.86000061035156,30.459999084472656,30.71999931335449,22.46661758422852,382300
2020-02-05,FCPT,30.729999542236328,30.86000061035156,30.459999084472656,30.71999931335449,22.46661758422852,382300
2020-02-06,FCPT,30.790000915527344,31.0,30.729999542236328,30.899999618530277,22.598249435424805,445800
2020-02-06,FCPT,30.790000915527344,31.0,30.729999542236328,30.899999618530277,22.598249435424805,445800
2020-02-07,FCPT,30.93000030517578,31.209999084472656,30.850000381469727,30.93000030517578,22.620189666748047,341900
2020-02-07,FCPT,30.93000030517578,31.209999084472656,30.850000381469727,30.93000030517578,22.620189666748047,341900
2020-02-10,FCPT,31.059999465942383,31.3799991607666,30.950000762939453,31.309999465942383,22.898103713989254,400500
2020-02-10,FCPT,31.059999465942383,31.3799991607666,30.950000762939453,31.309999465942383,22.898103713989254,400500
2020-02-11,FCPT,31.40999984741211,31.559999465942383,31.0,31.13999938964844,22.77377700805664,332400
2020-02-11,FCPT,31.40999984741211,31.559999465942383,31.0,31.13999938964844,22.77377700805664,332400
2020-02-12,FCPT,31.15999984741211,31.3799991607666,30.809999465942383,30.899999618530277,22.598249435424805,419400
2020-02-12,FCPT,31.15999984741211,31.3799991607666,30.809999465942383,30.899999618530277,22.598249435424805,419400
2020-02-13,FCPT,31.1299991607666,32.0,31.1299991607666,31.899999618530277,23.329587936401367,652200
2020-02-13,FCPT,31.1299991607666,32.0,31.1299991607666,31.899999618530277,23.329587936401367,652200
2020-02-14,FCPT,31.979999542236328,32.08000183105469,31.84000015258789,32.02000045776367,23.4173526763916,625900
2020-02-14,FCPT,31.979999542236328,32.08000183105469,31.84000015258789,32.02000045776367,23.4173526763916,625900
2020-02-18,FCPT,32.04999923706055,32.279998779296875,31.90999984741211,32.220001220703125,23.56361961364746,425600
2020-02-18,FCPT,32.04999923706055,32.279998779296875,31.90999984741211,32.220001220703125,23.56361961364746,425600
2020-02-19,FCPT,32.20000076293945,32.20000076293945,31.420000076293945,31.68000030517578,23.16869735717773,408700
2020-02-19,FCPT,32.20000076293945,32.20000076293945,31.420000076293945,31.68000030517578,23.16869735717773,408700
2020-02-20,FCPT,31.649999618530277,32.310001373291016,31.559999465942383,32.29999923706055,23.62212371826172,512800
2020-02-20,FCPT,31.649999618530277,32.310001373291016,31.559999465942383,32.29999923706055,23.62212371826172,512800
2020-02-21,FCPT,32.43000030517578,32.5,32.130001068115234,32.5,23.768388748168945,536300
2020-02-21,FCPT,32.43000030517578,32.5,32.130001068115234,32.5,23.768388748168945,536300
2020-02-24,FCPT,32.18000030517578,32.470001220703125,31.950000762939453,32.08000183105469,23.461231231689453,367700
2020-02-24,FCPT,32.18000030517578,32.470001220703125,31.950000762939453,32.08000183105469,23.461231231689453,367700
2020-02-25,FCPT,32.119998931884766,32.119998931884766,31.21999931335449,31.31999969482422,22.90541648864746,381200
2020-02-25,FCPT,32.119998931884766,32.119998931884766,31.21999931335449,31.31999969482422,22.90541648864746,381200
2020-02-26,FCPT,31.38999938964844,31.59000015258789,30.71999931335449,30.75,22.48855209350586,404200
2020-02-26,FCPT,31.38999938964844,31.59000015258789,30.71999931335449,30.75,22.48855209350586,404200
2020-02-27,FCPT,30.420000076293945,30.56999969482422,29.21999931335449,29.34000015258789,21.45737075805664,2177200
2020-02-27,FCPT,30.420000076293945,30.56999969482422,29.21999931335449,29.34000015258789,21.45737075805664,2177200
2020-02-28,FCPT,28.809999465942383,29.09000015258789,28.350000381469727,28.690000534057617,20.98200416564941,1067400
2020-02-28,FCPT,28.809999465942383,29.09000015258789,28.350000381469727,28.690000534057617,20.98200416564941,1067400
2020-03-02,FCPT,28.84000015258789,29.6299991607666,28.489999771118164,29.530000686645508,21.59632873535156,647900
2020-03-02,FCPT,28.84000015258789,29.6299991607666,28.489999771118164,29.530000686645508,21.59632873535156,647900
2020-03-03,FCPT,29.520000457763672,30.46999931335449,29.350000381469727,29.690000534057617,21.713342666625977,850200
2020-03-03,FCPT,29.520000457763672,30.46999931335449,29.350000381469727,29.690000534057617,21.713342666625977,850200
2020-03-04,FCPT,30.01000022888184,30.88999938964844,29.850000381469727,30.850000381469727,22.56168556213379,646400
2020-03-04,FCPT,30.01000022888184,30.88999938964844,29.850000381469727,30.850000381469727,22.56168556213379,646400
2020-03-05,FCPT,30.38999938964844,30.57999992370605,29.81999969482422,30.40999984741211,22.239898681640625,848600
2020-03-05,FCPT,30.38999938964844,30.57999992370605,29.81999969482422,30.40999984741211,22.239898681640625,848600
2020-03-06,FCPT,29.71999931335449,30.100000381469727,28.950000762939453,29.96999931335449,21.918115615844727,853400
2020-03-06,FCPT,29.71999931335449,30.100000381469727,28.950000762939453,29.96999931335449,21.918115615844727,853400
2020-03-09,FCPT,28.739999771118164,28.739999771118164,27.600000381469727,27.76000022888184,20.30186462402344,772900
2020-03-09,FCPT,28.739999771118164,28.739999771118164,27.600000381469727,27.76000022888184,20.30186462402344,772900
2020-03-10,FCPT,28.3799991607666,29.100000381469727,27.36000061035156,29.09000015258789,21.27453994750977,539800
2020-03-10,FCPT,28.3799991607666,29.100000381469727,27.36000061035156,29.09000015258789,21.27453994750977,539800
2020-03-11,FCPT,28.440000534057617,28.51000022888184,25.5,25.690000534057617,18.787996292114254,1057600
2020-03-11,FCPT,28.440000534057617,28.51000022888184,25.5,25.690000534057617,18.787996292114254,1057600
2020-03-12,FCPT,23.40999984741211,23.520000457763672,20.940000534057617,21.32999992370605,15.59937858581543,1259200
2020-03-12,FCPT,23.40999984741211,23.520000457763672,20.940000534057617,21.32999992370605,15.59937858581543,1259200
2020-03-13,FCPT,22.350000381469727,24.040000915527344,21.86000061035156,24.040000915527344,17.581296920776367,1138000
2020-03-13,FCPT,22.350000381469727,24.040000915527344,21.86000061035156,24.040000915527344,17.581296920776367,1138000
2020-03-16,FCPT,21.020000457763672,21.030000686645508,14.260000228881836,14.949999809265137,10.93346118927002,1212700
2020-03-16,FCPT,21.020000457763672,21.030000686645508,14.260000228881836,14.949999809265137,10.93346118927002,1212700
2020-03-17,FCPT,15.140000343322754,16.940000534057617,14.489999771118164,16.3700008392334,11.971956253051758,1932600
2020-03-17,FCPT,15.140000343322754,16.940000534057617,14.489999771118164,16.3700008392334,11.971956253051758,1932600
2020-03-18,FCPT,15.109999656677246,15.81999969482422,14.510000228881836,15.119999885559082,11.057785987854004,907500
2020-03-18,FCPT,15.109999656677246,15.81999969482422,14.510000228881836,15.119999885559082,11.057785987854004,907500
2020-03-19,FCPT,14.699999809265137,15.5600004196167,13.770000457763672,14.25,10.42152500152588,1190900
2020-03-19,FCPT,14.699999809265137,15.5600004196167,13.770000457763672,14.25,10.42152500152588,1190900
2020-03-20,FCPT,14.5600004196167,15.529999732971191,14.079999923706056,14.420000076293944,10.54585075378418,2030700
2020-03-20,FCPT,14.5600004196167,15.529999732971191,14.079999923706056,14.420000076293944,10.54585075378418,2030700
2020-03-23,FCPT,14.380000114440918,14.609999656677246,12.800000190734863,13.779999732971191,10.077796936035156,857100
2020-03-23,FCPT,14.380000114440918,14.609999656677246,12.800000190734863,13.779999732971191,10.077796936035156,857100
2020-03-24,FCPT,14.65999984741211,17.68000030517578,14.65999984741211,16.979999542236328,12.418071746826172,1278800
2020-03-24,FCPT,14.65999984741211,17.68000030517578,14.65999984741211,16.979999542236328,12.418071746826172,1278800
2020-03-25,FCPT,17.149999618530273,20.8700008392334,17.059999465942383,20.06999969482422,14.677896499633787,1331100
2020-03-25,FCPT,17.149999618530273,20.8700008392334,17.059999465942383,20.06999969482422,14.677896499633787,1331100
2020-03-26,FCPT,20.25,21.25,19.690000534057617,21.020000457763672,15.372663497924805,1613900
2020-03-26,FCPT,20.25,21.25,19.690000534057617,21.020000457763672,15.372663497924805,1613900
2020-03-27,FCPT,20.11000061035156,20.780000686645508,18.950000762939453,19.420000076293945,14.20252799987793,1769100
2020-03-27,FCPT,20.11000061035156,20.780000686645508,18.950000762939453,19.420000076293945,14.20252799987793,1769100
2020-03-30,FCPT,19.100000381469727,19.229999542236328,16.59000015258789,18.350000381469727,13.634132385253906,1131000
2020-03-30,FCPT,19.100000381469727,19.229999542236328,16.59000015258789,18.350000381469727,13.634132385253906,1131000
2020-03-31,FCPT,18.18000030517578,19.07999992370605,17.760000228881836,18.709999084472656,13.901610374450684,1022800
2020-03-31,FCPT,18.18000030517578,19.07999992370605,17.760000228881836,18.709999084472656,13.901610374450684,1022800
2020-04-01,FCPT,17.700000762939453,17.700000762939453,15.729999542236328,16.1200008392334,11.977231979370115,1186900
2020-04-01,FCPT,17.700000762939453,17.700000762939453,15.729999542236328,16.1200008392334,11.977231979370115,1186900
2020-04-02,FCPT,15.789999961853027,16.90999984741211,15.239999771118164,15.510000228881836,11.52399444580078,721800
2020-04-02,FCPT,15.789999961853027,16.90999984741211,15.239999771118164,15.510000228881836,11.52399444580078,721800
2020-04-03,FCPT,15.25,15.84000015258789,14.020000457763672,14.34000015258789,10.654683113098145,1149300
2020-04-03,FCPT,15.25,15.84000015258789,14.020000457763672,14.34000015258789,10.654683113098145,1149300
2020-04-06,FCPT,15.460000038146973,16.75,15.279999732971191,16.479999542236328,12.244709968566896,902500
2020-04-06,FCPT,15.460000038146973,16.75,15.279999732971191,16.479999542236328,12.244709968566896,902500
2020-04-07,FCPT,17.510000228881836,18.450000762939453,17.010000228881836,17.420000076293945,12.94313907623291,905400
2020-04-07,FCPT,17.510000228881836,18.450000762939453,17.010000228881836,17.420000076293945,12.94313907623291,905400
2020-04-08,FCPT,17.799999237060547,19.75,17.280000686645508,19.31999969482422,14.354846000671388,659600
2020-04-08,FCPT,17.799999237060547,19.75,17.280000686645508,19.31999969482422,14.354846000671388,659600
2020-04-09,FCPT,20.07999992370605,22.020000457763672,19.3799991607666,21.3700008392334,15.878002166748049,937300
2020-04-09,FCPT,20.07999992370605,22.020000457763672,19.3799991607666,21.3700008392334,15.878002166748049,937300
2020-04-13,FCPT,21.209999084472656,21.71999931335449,19.770000457763672,20.25,15.04583740234375,744700
2020-04-13,FCPT,21.209999084472656,21.71999931335449,19.770000457763672,20.25,15.04583740234375,744700
2020-04-14,FCPT,21.65999984741211,22.1299991607666,20.6299991607666,21.170000076293945,15.729403495788574,527400
2020-04-14,FCPT,21.65999984741211,22.1299991607666,20.6299991607666,21.170000076293945,15.729403495788574,527400
2020-04-15,FCPT,20.280000686645508,20.82999992370605,19.780000686645508,19.90999984741211,14.79321575164795,1058800
2020-04-15,FCPT,20.280000686645508,20.82999992370605,19.780000686645508,19.90999984741211,14.79321575164795,1058800
2020-04-16,FCPT,19.86000061035156,20.61000061035156,18.3799991607666,18.649999618530277,13.857032775878906,943700
2020-04-16,FCPT,19.86000061035156,20.61000061035156,18.3799991607666,18.649999618530277,13.857032775878906,943700
2020-04-17,FCPT,19.459999084472656,20.270000457763672,18.84000015258789,19.51000022888184,14.496012687683104,852200
2020-04-17,FCPT,19.459999084472656,20.270000457763672,18.84000015258789,19.51000022888184,14.496012687683104,852200
2020-04-20,FCPT,18.770000457763672,19.81999969482422,18.479999542236328,19.290000915527344,14.332555770874023,601200
2020-04-20,FCPT,18.770000457763672,19.81999969482422,18.479999542236328,19.290000915527344,14.332555770874023,601200
2020-04-21,FCPT,18.5,19.809999465942383,18.440000534057617,19.649999618530277,14.600034713745115,830200
2020-04-21,FCPT,18.5,19.809999465942383,18.440000534057617,19.649999618530277,14.600034713745115,830200
2020-04-22,FCPT,20.15999984741211,20.15999984741211,19.030000686645508,19.31999969482422,14.354846000671388,954600
2020-04-22,FCPT,20.15999984741211,20.15999984741211,19.030000686645508,19.31999969482422,14.354846000671388,954600
2020-04-23,FCPT,19.34000015258789,19.979999542236328,18.8700008392334,19.420000076293945,14.429143905639648,687100
2020-04-23,FCPT,19.34000015258789,19.979999542236328,18.8700008392334,19.420000076293945,14.429143905639648,687100
2020-04-24,FCPT,19.520000457763672,19.899999618530277,19.149999618530277,19.6299991607666,14.58517360687256,400700
2020-04-24,FCPT,19.520000457763672,19.899999618530277,19.149999618530277,19.6299991607666,14.58517360687256,400700
2020-04-27,FCPT,20.0,21.399999618530277,20.0,21.1200008392334,15.692255020141602,841900
2020-04-27,FCPT,20.0,21.399999618530277,20.0,21.1200008392334,15.692255020141602,841900
2020-04-28,FCPT,21.96999931335449,22.68000030517578,21.43000030517578,22.270000457763672,16.546710968017578,622300
2020-04-28,FCPT,21.96999931335449,22.68000030517578,21.43000030517578,22.270000457763672,16.546710968017578,622300
2020-04-29,FCPT,23.3799991607666,24.3799991607666,22.809999465942383,23.65999984741211,17.579483032226562,723300
2020-04-29,FCPT,23.3799991607666,24.3799991607666,22.809999465942383,23.65999984741211,17.579483032226562,723300
2020-04-30,FCPT,22.649999618530277,23.01000022888184,22.09000015258789,22.38999938964844,16.635866165161133,892700
2020-04-30,FCPT,22.649999618530277,23.01000022888184,22.09000015258789,22.38999938964844,16.635866165161133,892700
2020-05-01,FCPT,21.530000686645508,21.989999771118164,20.959999084472656,21.540000915527344,16.004316329956055,456900
2020-05-01,FCPT,21.530000686645508,21.989999771118164,20.959999084472656,21.540000915527344,16.004316329956055,456900
2020-05-04,FCPT,20.959999084472656,21.38999938964844,20.290000915527344,21.15999984741211,15.721967697143556,422500
2020-05-04,FCPT,20.959999084472656,21.38999938964844,20.290000915527344,21.15999984741211,15.721967697143556,422500
2020-05-05,FCPT,21.690000534057617,22.149999618530277,20.950000762939453,20.96999931335449,15.580798149108888,405000
2020-05-05,FCPT,21.690000534057617,22.149999618530277,20.950000762939453,20.96999931335449,15.580798149108888,405000
2020-05-06,FCPT,20.989999771118164,21.489999771118164,20.670000076293945,21.01000022888184,15.610523223876951,937800
2020-05-06,FCPT,20.989999771118164,21.489999771118164,20.670000076293945,21.01000022888184,15.610523223876951,937800
2020-05-07,FCPT,21.229999542236328,21.649999618530277,20.030000686645508,21.15999984741211,15.721967697143556,1200800
2020-05-07,FCPT,21.229999542236328,21.649999618530277,20.030000686645508,21.15999984741211,15.721967697143556,1200800
2020-05-08,FCPT,21.809999465942383,22.059999465942383,21.18000030517578,21.940000534057617,16.301515579223633,530800
2020-05-08,FCPT,21.809999465942383,22.059999465942383,21.18000030517578,21.940000534057617,16.301515579223633,530800
2020-05-11,FCPT,21.540000915527344,21.920000076293945,20.6200008392334,20.76000022888184,15.424771308898926,610900
2020-05-11,FCPT,21.540000915527344,21.920000076293945,20.6200008392334,20.76000022888184,15.424771308898926,610900
2020-05-12,FCPT,20.8799991607666,21.25,19.049999237060547,19.07999992370605,14.176523208618164,1129900
2020-05-12,FCPT,20.8799991607666,21.25,19.049999237060547,19.07999992370605,14.176523208618164,1129900
2020-05-13,FCPT,18.790000915527344,18.920000076293945,17.149999618530273,17.219999313354492,12.79453468322754,1120300
2020-05-13,FCPT,18.790000915527344,18.920000076293945,17.149999618530273,17.219999313354492,12.79453468322754,1120300
2020-05-14,FCPT,16.469999313354492,18.690000534057617,16.34000015258789,18.46999931335449,13.72329044342041,976000
2020-05-14,FCPT,16.469999313354492,18.690000534057617,16.34000015258789,18.46999931335449,13.72329044342041,976000
2020-05-15,FCPT,18.31999969482422,19.31999969482422,17.93000030517578,19.21999931335449,14.280543327331545,1541300
2020-05-15,FCPT,18.31999969482422,19.31999969482422,17.93000030517578,19.21999931335449,14.280543327331545,1541300
2020-05-18,FCPT,20.850000381469727,22.32999992370605,20.38999938964844,22.059999465942383,16.390674591064453,979000
2020-05-18,FCPT,20.850000381469727,22.32999992370605,20.38999938964844,22.059999465942383,16.390674591064453,979000
2020-05-19,FCPT,21.790000915527344,22.5,21.209999084472656,21.850000381469727,16.234647750854492,459100
2020-05-19,FCPT,21.790000915527344,22.5,21.209999084472656,21.850000381469727,16.234647750854492,459100
2020-05-20,FCPT,22.07999992370605,22.459999084472656,21.63999938964844,21.88999938964844,16.264366149902344,586900
2020-05-20,FCPT,22.07999992370605,22.459999084472656,21.63999938964844,21.88999938964844,16.264366149902344,586900
2020-05-21,FCPT,21.770000457763672,22.270000457763672,21.420000076293945,21.670000076293945,16.100906372070312,340600
2020-05-21,FCPT,21.770000457763672,22.270000457763672,21.420000076293945,21.670000076293945,16.100906372070312,340600
2020-05-22,FCPT,21.799999237060547,21.799999237060547,21.1200008392334,21.239999771118164,15.781413078308104,724000
2020-05-22,FCPT,21.799999237060547,21.799999237060547,21.1200008392334,21.239999771118164,15.781413078308104,724000
2020-05-26,FCPT,22.559999465942383,22.739999771118164,21.979999542236328,22.280000686645508,16.554134368896484,649100
2020-05-26,FCPT,22.559999465942383,22.739999771118164,21.979999542236328,22.280000686645508,16.554134368896484,649100
2020-05-27,FCPT,23.049999237060547,23.190000534057617,22.1200008392334,22.520000457763672,16.732458114624023,564900
2020-05-27,FCPT,23.049999237060547,23.190000534057617,22.1200008392334,22.520000457763672,16.732458114624023,564900
2020-05-28,FCPT,22.899999618530277,22.899999618530277,21.309999465942383,21.46999931335449,15.952301025390623,690400
2020-05-28,FCPT,22.899999618530277,22.899999618530277,21.309999465942383,21.46999931335449,15.952301025390623,690400
2020-05-29,FCPT,21.170000076293945,22.06999969482422,20.8700008392334,21.6200008392334,16.06375503540039,936300
2020-05-29,FCPT,21.170000076293945,22.06999969482422,20.8700008392334,21.6200008392334,16.06375503540039,936300
2020-06-01,FCPT,21.76000022888184,22.5,21.51000022888184,22.200000762939453,16.49469757080078,445400
2020-06-01,FCPT,21.76000022888184,22.5,21.51000022888184,22.200000762939453,16.49469757080078,445400
2020-06-02,FCPT,22.649999618530277,22.649999618530277,21.6299991607666,21.809999465942383,16.204925537109375,431200
2020-06-02,FCPT,22.649999618530277,22.649999618530277,21.6299991607666,21.809999465942383,16.204925537109375,431200
2020-06-03,FCPT,22.3700008392334,24.25,22.3700008392334,23.790000915527344,17.67607307434082,618500
2020-06-03,FCPT,22.3700008392334,24.25,22.3700008392334,23.790000915527344,17.67607307434082,618500
2020-06-04,FCPT,23.600000381469727,24.93000030517578,23.149999618530277,24.34000015258789,18.0847282409668,524100
2020-06-04,FCPT,23.600000381469727,24.93000030517578,23.149999618530277,24.34000015258789,18.0847282409668,524100
2020-06-05,FCPT,26.18000030517578,26.81999969482422,25.239999771118164,25.559999465942383,18.99118995666504,1412700
2020-06-05,FCPT,26.18000030517578,26.81999969482422,25.239999771118164,25.559999465942383,18.99118995666504,1412700
2020-06-08,FCPT,26.5,26.780000686645508,25.25,25.38999938964844,18.86488151550293,1555200
2020-06-08,FCPT,26.5,26.780000686645508,25.25,25.38999938964844,18.86488151550293,1555200
2020-06-09,FCPT,24.209999084472656,25.61000061035156,23.8700008392334,25.1200008392334,18.664268493652344,692700
2020-06-09,FCPT,24.209999084472656,25.61000061035156,23.8700008392334,25.1200008392334,18.664268493652344,692700
2020-06-10,FCPT,24.90999984741211,24.979999542236328,23.31999969482422,23.3799991607666,17.371440887451172,778700
2020-06-10,FCPT,24.90999984741211,24.979999542236328,23.31999969482422,23.3799991607666,17.371440887451172,778700
2020-06-11,FCPT,21.82999992370605,22.18000030517578,21.299999237060547,21.3799991607666,15.88542938232422,1022000
2020-06-11,FCPT,21.82999992370605,22.18000030517578,21.299999237060547,21.3799991607666,15.88542938232422,1022000
2020-06-12,FCPT,22.799999237060547,23.479999542236328,22.18000030517578,23.1200008392334,17.17826271057129,1821300
2020-06-12,FCPT,22.799999237060547,23.479999542236328,22.18000030517578,23.1200008392334,17.17826271057129,1821300
2020-06-15,FCPT,22.06999969482422,24.709999084472656,22.040000915527344,24.51000022888184,18.211036682128903,1546500
2020-06-15,FCPT,22.06999969482422,24.709999084472656,22.040000915527344,24.51000022888184,18.211036682128903,1546500
2020-06-16,FCPT,25.770000457763672,26.07999992370605,24.56999969482422,25.299999237060547,18.798009872436523,833800
2020-06-16,FCPT,25.770000457763672,26.07999992370605,24.56999969482422,25.299999237060547,18.798009872436523,833800
2020-06-17,FCPT,25.38999938964844,25.440000534057617,24.770000457763672,24.790000915527344,18.41907501220703,662700
2020-06-17,FCPT,25.38999938964844,25.440000534057617,24.770000457763672,24.790000915527344,18.41907501220703,662700
2020-06-18,FCPT,24.239999771118164,25.049999237060547,24.15999984741211,24.6200008392334,18.292768478393555,641000
2020-06-18,FCPT,24.239999771118164,25.049999237060547,24.15999984741211,24.6200008392334,18.292768478393555,641000
2020-06-19,FCPT,25.09000015258789,25.100000381469727,23.530000686645508,23.71999931335449,17.624059677124023,3845600
2020-06-19,FCPT,25.09000015258789,25.100000381469727,23.530000686645508,23.71999931335449,17.624059677124023,3845600
2020-06-22,FCPT,23.600000381469727,24.11000061035156,22.940000534057617,23.5,17.460603713989258,615500
2020-06-22,FCPT,23.600000381469727,24.11000061035156,22.940000534057617,23.5,17.460603713989258,615500
2020-06-23,FCPT,23.93000030517578,23.959999084472656,23.1200008392334,23.549999237060547,17.497751235961914,909400
2020-06-23,FCPT,23.93000030517578,23.959999084472656,23.1200008392334,23.549999237060547,17.497751235961914,909400
2020-06-24,FCPT,23.11000061035156,23.36000061035156,21.86000061035156,23.280000686645508,17.297143936157227,878000
2020-06-24,FCPT,23.11000061035156,23.36000061035156,21.86000061035156,23.280000686645508,17.297143936157227,878000
2020-06-25,FCPT,23.049999237060547,23.920000076293945,22.850000381469727,23.90999984741211,17.76523208618164,875500
2020-06-25,FCPT,23.049999237060547,23.920000076293945,22.850000381469727,23.90999984741211,17.76523208618164,875500
2020-06-26,FCPT,23.600000381469727,23.950000762939453,22.979999542236328,23.520000457763672,17.475467681884766,1186800
2020-06-26,FCPT,23.600000381469727,23.950000762939453,22.979999542236328,23.520000457763672,17.475467681884766,1186800
2020-06-29,FCPT,23.559999465942383,24.15999984741211,23.020000457763672,24.149999618530277,18.179296493530277,549900
2020-06-29,FCPT,23.559999465942383,24.15999984741211,23.020000457763672,24.149999618530277,18.179296493530277,549900
2020-06-30,FCPT,24.059999465942383,24.479999542236328,23.8700008392334,24.399999618530277,18.36748695373535,674000
2020-06-30,FCPT,24.059999465942383,24.479999542236328,23.8700008392334,24.399999618530277,18.36748695373535,674000
2020-07-01,FCPT,24.540000915527344,24.920000076293945,23.920000076293945,24.309999465942383,18.29973793029785,493200
2020-07-01,FCPT,24.540000915527344,24.920000076293945,23.920000076293945,24.309999465942383,18.29973793029785,493200
2020-07-02,FCPT,25.01000022888184,25.030000686645508,23.96999931335449,24.18000030517578,18.201885223388672,418300
2020-07-02,FCPT,25.01000022888184,25.030000686645508,23.96999931335449,24.18000030517578,18.201885223388672,418300
2020-07-06,FCPT,24.93000030517578,24.93000030517578,24.149999618530277,24.31999969482422,18.30726623535156,347300
2020-07-06,FCPT,24.93000030517578,24.93000030517578,24.149999618530277,24.31999969482422,18.30726623535156,347300
2020-07-07,FCPT,23.899999618530277,23.899999618530277,23.09000015258789,23.21999931335449,17.47922706604004,312500
2020-07-07,FCPT,23.899999618530277,23.899999618530277,23.09000015258789,23.21999931335449,17.47922706604004,312500
2020-07-08,FCPT,23.09000015258789,23.280000686645508,22.190000534057617,22.71999931335449,17.102840423583984,686600
2020-07-08,FCPT,23.09000015258789,23.280000686645508,22.190000534057617,22.71999931335449,17.102840423583984,686600
2020-07-09,FCPT,22.559999465942383,22.729999542236328,21.59000015258789,22.200000762939453,16.711408615112305,565200
2020-07-09,FCPT,22.559999465942383,22.729999542236328,21.59000015258789,22.200000762939453,16.711408615112305,565200
2020-07-10,FCPT,22.32999992370605,23.170000076293945,22.31999969482422,23.15999984741211,17.43406105041504,462100
2020-07-10,FCPT,22.32999992370605,23.170000076293945,22.31999969482422,23.15999984741211,17.43406105041504,462100
2020-07-13,FCPT,23.57999992370605,23.65999984741211,22.559999465942383,22.780000686645508,17.148012161254883,591500
2020-07-13,FCPT,23.57999992370605,23.65999984741211,22.559999465942383,22.780000686645508,17.148012161254883,591500
2020-07-14,FCPT,22.76000022888184,23.06999969482422,22.57999992370605,22.8700008392334,17.215757369995117,271400
2020-07-14,FCPT,22.76000022888184,23.06999969482422,22.57999992370605,22.8700008392334,17.215757369995117,271400
2020-07-15,FCPT,23.559999465942383,23.959999084472656,23.34000015258789,23.600000381469727,17.765275955200195,481400
2020-07-15,FCPT,23.559999465942383,23.959999084472656,23.34000015258789,23.600000381469727,17.765275955200195,481400
2020-07-16,FCPT,23.38999938964844,23.559999465942383,23.1200008392334,23.350000381469727,17.57708168029785,203400
2020-07-16,FCPT,23.38999938964844,23.559999465942383,23.1200008392334,23.350000381469727,17.57708168029785,203400
2020-07-17,FCPT,23.350000381469727,23.6200008392334,23.0,23.549999237060547,17.727636337280273,224800
2020-07-17,FCPT,23.350000381469727,23.6200008392334,23.0,23.549999237060547,17.727636337280273,224800
2020-07-20,FCPT,23.32999992370605,23.46999931335449,22.3799991607666,22.809999465942383,17.170591354370117,336100
2020-07-20,FCPT,23.32999992370605,23.46999931335449,22.3799991607666,22.809999465942383,17.170591354370117,336100
2020-07-21,FCPT,23.09000015258789,23.420000076293945,22.86000061035156,22.950000762939453,17.27597999572754,189500
2020-07-21,FCPT,23.09000015258789,23.420000076293945,22.86000061035156,22.950000762939453,17.27597999572754,189500
2020-07-22,FCPT,22.68000030517578,23.71999931335449,22.68000030517578,23.549999237060547,17.727636337280273,377300
2020-07-22,FCPT,22.68000030517578,23.71999931335449,22.68000030517578,23.549999237060547,17.727636337280273,377300
2020-07-23,FCPT,23.32999992370605,23.670000076293945,22.809999465942383,23.239999771118164,17.494277954101562,349800
2020-07-23,FCPT,23.32999992370605,23.670000076293945,22.809999465942383,23.239999771118164,17.494277954101562,349800
2020-07-24,FCPT,23.190000534057617,23.34000015258789,22.71999931335449,22.84000015258789,17.19317626953125,241700
2020-07-24,FCPT,23.190000534057617,23.34000015258789,22.71999931335449,22.84000015258789,17.19317626953125,241700
2020-07-27,FCPT,22.739999771118164,23.46999931335449,22.59000015258789,23.3799991607666,17.59967041015625,454500
2020-07-27,FCPT,22.739999771118164,23.46999931335449,22.59000015258789,23.3799991607666,17.59967041015625,454500
2020-07-28,FCPT,23.25,23.950000762939453,23.25,23.790000915527344,17.908300399780273,440200
2020-07-28,FCPT,23.25,23.950000762939453,23.25,23.790000915527344,17.908300399780273,440200
2020-07-29,FCPT,24.030000686645508,24.479999542236328,23.96999931335449,24.420000076293945,18.38254165649414,341900
2020-07-29,FCPT,24.030000686645508,24.479999542236328,23.96999931335449,24.420000076293945,18.38254165649414,341900
2020-07-30,FCPT,23.81999969482422,24.450000762939453,23.68000030517578,24.32999992370605,18.314794540405277,271500
2020-07-30,FCPT,23.81999969482422,24.450000762939453,23.68000030517578,24.32999992370605,18.314794540405277,271500
2020-07-31,FCPT,25.1200008392334,25.299999237060547,24.09000015258789,25.200000762939453,18.969696044921875,537400
2020-07-31,FCPT,25.1200008392334,25.299999237060547,24.09000015258789,25.200000762939453,18.969696044921875,537400
2020-08-03,FCPT,25.299999237060547,25.299999237060547,24.51000022888184,24.559999465942383,18.487932205200195,282900
2020-08-03,FCPT,25.299999237060547,25.299999237060547,24.51000022888184,24.559999465942383,18.487932205200195,282900
2020-08-04,FCPT,24.479999542236328,25.100000381469727,24.479999542236328,24.76000022888184,18.638484954833984,314100
2020-08-04,FCPT,24.479999542236328,25.100000381469727,24.479999542236328,24.76000022888184,18.638484954833984,314100
2020-08-05,FCPT,25.020000457763672,25.020000457763672,24.520000457763672,24.93000030517578,18.76645851135254,233000
2020-08-05,FCPT,25.020000457763672,25.020000457763672,24.520000457763672,24.93000030517578,18.76645851135254,233000
2020-08-06,FCPT,24.75,25.420000076293945,24.65999984741211,24.959999084472656,18.789039611816406,320800
2020-08-06,FCPT,24.75,25.420000076293945,24.65999984741211,24.959999084472656,18.789039611816406,320800
2020-08-07,FCPT,24.959999084472656,25.36000061035156,24.770000457763672,25.350000381469727,19.082616806030277,441700
2020-08-07,FCPT,24.959999084472656,25.36000061035156,24.770000457763672,25.350000381469727,19.082616806030277,441700
2020-08-10,FCPT,25.479999542236328,26.09000015258789,25.209999084472656,25.31999969482422,19.060035705566406,412400
2020-08-10,FCPT,25.479999542236328,26.09000015258789,25.209999084472656,25.31999969482422,19.060035705566406,412400
2020-08-11,FCPT,25.649999618530277,25.920000076293945,25.0,25.09000015258789,18.88689994812012,549600
2020-08-11,FCPT,25.649999618530277,25.920000076293945,25.0,25.09000015258789,18.88689994812012,549600
2020-08-12,FCPT,25.43000030517578,25.729999542236328,25.239999771118164,25.68000030517578,19.33102798461914,382400
2020-08-12,FCPT,25.43000030517578,25.729999542236328,25.239999771118164,25.68000030517578,19.33102798461914,382400
2020-08-13,FCPT,25.600000381469727,25.649999618530277,24.780000686645508,24.81999969482422,18.68364906311035,252300
2020-08-13,FCPT,25.600000381469727,25.649999618530277,24.780000686645508,24.81999969482422,18.68364906311035,252300
2020-08-14,FCPT,24.700000762939453,25.200000762939453,24.540000915527344,24.809999465942383,18.676124572753903,237800
2020-08-14,FCPT,24.700000762939453,25.200000762939453,24.540000915527344,24.809999465942383,18.676124572753903,237800
2020-08-17,FCPT,24.850000381469727,25.280000686645508,24.68000030517578,25.270000457763672,19.022396087646484,303700
2020-08-17,FCPT,24.850000381469727,25.280000686645508,24.68000030517578,25.270000457763672,19.022396087646484,303700
2020-08-18,FCPT,25.229999542236328,25.270000457763672,24.790000915527344,25.1299991607666,18.91700935363769,345300
2020-08-18,FCPT,25.229999542236328,25.270000457763672,24.790000915527344,25.1299991607666,18.91700935363769,345300
2020-08-19,FCPT,25.209999084472656,25.25,24.209999084472656,24.6200008392334,18.53310203552246,404800
2020-08-19,FCPT,25.209999084472656,25.25,24.209999084472656,24.6200008392334,18.53310203552246,404800
2020-08-20,FCPT,24.309999465942383,25.15999984741211,24.239999771118164,24.90999984741211,18.75140380859375,501600
2020-08-20,FCPT,24.309999465942383,25.15999984741211,24.239999771118164,24.90999984741211,18.75140380859375,501600
2020-08-21,FCPT,24.84000015258789,25.15999984741211,24.40999984741211,24.84000015258789,18.698705673217773,414600
2020-08-21,FCPT,24.84000015258789,25.15999984741211,24.40999984741211,24.84000015258789,18.698705673217773,414600
2020-08-24,FCPT,25.07999992370605,25.11000061035156,24.600000381469727,25.11000061035156,18.90195846557617,352400
2020-08-24,FCPT,25.07999992370605,25.11000061035156,24.600000381469727,25.11000061035156,18.90195846557617,352400
2020-08-25,FCPT,25.309999465942383,25.31999969482422,24.75,25.25,19.00734138488769,919900
2020-08-25,FCPT,25.309999465942383,25.31999969482422,24.75,25.25,19.00734138488769,919900
2020-08-26,FCPT,25.1200008392334,25.399999618530277,24.729999542236328,25.3700008392334,19.097675323486328,806300
2020-08-26,FCPT,25.1200008392334,25.399999618530277,24.729999542236328,25.3700008392334,19.097675323486328,806300
2020-08-27,FCPT,25.5,26.049999237060547,25.450000762939453,25.6200008392334,19.28586769104004,560100
2020-08-27,FCPT,25.5,26.049999237060547,25.450000762939453,25.6200008392334,19.28586769104004,560100
2020-08-28,FCPT,25.84000015258789,25.84000015258789,25.100000381469727,25.38999938964844,19.11273002624512,417600
2020-08-28,FCPT,25.84000015258789,25.84000015258789,25.100000381469727,25.38999938964844,19.11273002624512,417600
2020-08-31,FCPT,25.399999618530277,25.959999084472656,25.21999931335449,25.25,19.00734138488769,473000
2020-08-31,FCPT,25.399999618530277,25.959999084472656,25.21999931335449,25.25,19.00734138488769,473000
2020-09-01,FCPT,25.049999237060547,25.489999771118164,24.68000030517578,25.459999084472656,19.16541862487793,299900
2020-09-01,FCPT,25.049999237060547,25.489999771118164,24.68000030517578,25.459999084472656,19.16541862487793,299900
2020-09-02,FCPT,25.5,26.06999969482422,25.36000061035156,26.049999237060547,19.60955047607422,369500
2020-09-02,FCPT,25.5,26.06999969482422,25.36000061035156,26.049999237060547,19.60955047607422,369500
2020-09-03,FCPT,26.170000076293945,26.51000022888184,25.809999465942383,26.26000022888184,19.767635345458984,478700
2020-09-03,FCPT,26.170000076293945,26.51000022888184,25.809999465942383,26.26000022888184,19.767635345458984,478700
2020-09-04,FCPT,26.26000022888184,26.530000686645508,25.61000061035156,25.940000534057617,19.52674865722656,260700
2020-09-04,FCPT,26.26000022888184,26.530000686645508,25.61000061035156,25.940000534057617,19.52674865722656,260700
2020-09-08,FCPT,25.690000534057617,26.209999084472656,25.479999542236328,26.07999992370605,19.632137298583984,515800
2020-09-08,FCPT,25.690000534057617,26.209999084472656,25.479999542236328,26.07999992370605,19.632137298583984,515800
2020-09-09,FCPT,26.38999938964844,26.63999938964844,26.0,26.40999984741211,19.880544662475582,810100
2020-09-09,FCPT,26.38999938964844,26.63999938964844,26.0,26.40999984741211,19.880544662475582,810100
2020-09-10,FCPT,26.31999969482422,26.56999969482422,26.059999465942383,26.280000686645508,19.782686233520508,418100
2020-09-10,FCPT,26.31999969482422,26.56999969482422,26.059999465942383,26.280000686645508,19.782686233520508,418100
2020-09-11,FCPT,26.350000381469727,26.350000381469727,25.09000015258789,25.5,19.19552993774414,535000
2020-09-11,FCPT,26.350000381469727,26.350000381469727,25.09000015258789,25.5,19.19552993774414,535000
2020-09-14,FCPT,25.75,26.31999969482422,25.530000686645508,26.21999931335449,19.73752212524414,393800
2020-09-14,FCPT,25.75,26.31999969482422,25.530000686645508,26.21999931335449,19.73752212524414,393800
2020-09-15,FCPT,26.3700008392334,26.61000061035156,26.209999084472656,26.270000457763672,19.77515983581543,190200
2020-09-15,FCPT,26.3700008392334,26.61000061035156,26.209999084472656,26.270000457763672,19.77515983581543,190200
2020-09-16,FCPT,26.420000076293945,26.770000457763672,26.170000076293945,26.459999084472656,19.918188095092773,853000
2020-09-16,FCPT,26.420000076293945,26.770000457763672,26.170000076293945,26.459999084472656,19.918188095092773,853000
2020-09-17,FCPT,26.1200008392334,26.6299991607666,25.950000762939453,26.270000457763672,19.77515983581543,924100
2020-09-17,FCPT,26.1200008392334,26.6299991607666,25.950000762939453,26.270000457763672,19.77515983581543,924100
2020-09-18,FCPT,26.59000015258789,26.59000015258789,25.299999237060547,25.5,19.19552993774414,1414200
2020-09-18,FCPT,26.59000015258789,26.59000015258789,25.299999237060547,25.5,19.19552993774414,1414200
2020-09-21,FCPT,25.040000915527344,25.100000381469727,24.059999465942383,24.18000030517578,18.201885223388672,806800
2020-09-21,FCPT,25.040000915527344,25.100000381469727,24.059999465942383,24.18000030517578,18.201885223388672,806800
2020-09-22,FCPT,24.3799991607666,25.020000457763672,24.280000686645508,24.940000534057617,18.77398681640625,820800
2020-09-22,FCPT,24.3799991607666,25.020000457763672,24.280000686645508,24.940000534057617,18.77398681640625,820800
2020-09-23,FCPT,24.71999931335449,25.09000015258789,24.0,24.059999465942383,18.111549377441406,396500
2020-09-23,FCPT,24.71999931335449,25.09000015258789,24.0,24.059999465942383,18.111549377441406,396500
2020-09-24,FCPT,24.09000015258789,24.71999931335449,23.90999984741211,24.40999984741211,18.37502098083496,1208800
2020-09-24,FCPT,24.09000015258789,24.71999931335449,23.90999984741211,24.40999984741211,18.37502098083496,1208800
2020-09-25,FCPT,24.440000534057617,25.270000457763672,24.270000457763672,25.26000022888184,19.01487159729004,314700
2020-09-25,FCPT,24.440000534057617,25.270000457763672,24.270000457763672,25.26000022888184,19.01487159729004,314700
2020-09-28,FCPT,25.68000030517578,26.15999984741211,25.68000030517578,26.1299991607666,19.66977310180664,442500
2020-09-28,FCPT,25.68000030517578,26.15999984741211,25.68000030517578,26.1299991607666,19.66977310180664,442500
2020-09-29,FCPT,25.799999237060547,25.86000061035156,25.25,25.63999938964844,19.528867721557617,396800
2020-09-29,FCPT,25.799999237060547,25.86000061035156,25.25,25.63999938964844,19.528867721557617,396800
2020-09-30,FCPT,25.709999084472656,26.309999465942383,25.209999084472656,25.59000015258789,19.49078369140625,714400
2020-09-30,FCPT,25.709999084472656,26.309999465942383,25.209999084472656,25.59000015258789,19.49078369140625,714400
2020-10-01,FCPT,25.65999984741211,26.299999237060547,25.440000534057617,26.270000457763672,20.008708953857425,456200
2020-10-01,FCPT,25.65999984741211,26.299999237060547,25.440000534057617,26.270000457763672,20.008708953857425,456200
2020-10-02,FCPT,25.950000762939453,27.21999931335449,25.63999938964844,27.11000061035156,20.64850234985352,692800
2020-10-02,FCPT,25.950000762939453,27.21999931335449,25.63999938964844,27.11000061035156,20.64850234985352,692800
2020-10-05,FCPT,27.479999542236328,28.190000534057617,27.040000915527344,27.8799991607666,21.234975814819336,674200
2020-10-05,FCPT,27.479999542236328,28.190000534057617,27.040000915527344,27.8799991607666,21.234975814819336,674200
2020-10-06,FCPT,28.15999984741211,28.670000076293945,27.5,28.059999465942383,21.3720760345459,477400
2020-10-06,FCPT,28.15999984741211,28.670000076293945,27.5,28.059999465942383,21.3720760345459,477400
2020-10-07,FCPT,28.290000915527344,28.489999771118164,27.5,27.76000022888184,21.143577575683597,737300
2020-10-07,FCPT,28.290000915527344,28.489999771118164,27.5,27.76000022888184,21.143577575683597,737300
2020-10-08,FCPT,28.1299991607666,28.6200008392334,28.06999969482422,28.32999992370605,21.577726364135746,332000
2020-10-08,FCPT,28.1299991607666,28.6200008392334,28.06999969482422,28.32999992370605,21.577726364135746,332000
2020-10-09,FCPT,28.549999237060547,28.670000076293945,27.920000076293945,28.030000686645508,21.349225997924805,274700
2020-10-09,FCPT,28.549999237060547,28.670000076293945,27.920000076293945,28.030000686645508,21.349225997924805,274700
2020-10-12,FCPT,28.040000915527344,28.15999984741211,27.739999771118164,28.020000457763672,21.341611862182617,534400
2020-10-12,FCPT,28.040000915527344,28.15999984741211,27.739999771118164,28.020000457763672,21.341611862182617,534400
2020-10-13,FCPT,27.93000030517578,28.100000381469727,27.3799991607666,27.649999618530277,21.059795379638672,345000
2020-10-13,FCPT,27.93000030517578,28.100000381469727,27.3799991607666,27.649999618530277,21.059795379638672,345000
2020-10-14,FCPT,27.56999969482422,27.780000686645508,27.06999969482422,27.26000022888184,20.762754440307617,438600
2020-10-14,FCPT,27.56999969482422,27.780000686645508,27.06999969482422,27.26000022888184,20.762754440307617,438600
2020-10-15,FCPT,26.96999931335449,27.6200008392334,26.93000030517578,27.25,20.7551383972168,394400
2020-10-15,FCPT,26.96999931335449,27.6200008392334,26.93000030517578,27.25,20.7551383972168,394400
2020-10-16,FCPT,27.229999542236328,27.229999542236328,26.81999969482422,26.81999969482422,20.42761993408203,277300
2020-10-16,FCPT,27.229999542236328,27.229999542236328,26.81999969482422,26.81999969482422,20.42761993408203,277300
2020-10-19,FCPT,26.88999938964844,27.01000022888184,26.540000915527344,26.670000076293945,20.313373565673828,278500
2020-10-19,FCPT,26.88999938964844,27.01000022888184,26.540000915527344,26.670000076293945,20.313373565673828,278500
2020-10-20,FCPT,26.920000076293945,27.31999969482422,26.899999618530277,27.020000457763672,20.579954147338867,167000
2020-10-20,FCPT,26.920000076293945,27.31999969482422,26.899999618530277,27.020000457763672,20.579954147338867,167000
2020-10-21,FCPT,27.06999969482422,27.100000381469727,26.649999618530277,27.01000022888184,20.572338104248047,177800
2020-10-21,FCPT,27.06999969482422,27.100000381469727,26.649999618530277,27.01000022888184,20.572338104248047,177800
2020-10-22,FCPT,27.07999992370605,27.440000534057617,27.0,27.239999771118164,20.747520446777344,418700
2020-10-22,FCPT,27.07999992370605,27.440000534057617,27.0,27.239999771118164,20.747520446777344,418700
2020-10-23,FCPT,27.459999084472656,27.56999969482422,27.1299991607666,27.25,20.7551383972168,196100
2020-10-23,FCPT,27.459999084472656,27.56999969482422,27.1299991607666,27.25,20.7551383972168,196100
2020-10-26,FCPT,26.959999084472656,26.96999931335449,26.229999542236328,26.670000076293945,20.313373565673828,238800
2020-10-26,FCPT,26.959999084472656,26.96999931335449,26.229999542236328,26.670000076293945,20.313373565673828,238800
2020-10-27,FCPT,26.780000686645508,26.899999618530277,26.26000022888184,26.36000061035156,20.0772647857666,297900
2020-10-27,FCPT,26.780000686645508,26.899999618530277,26.26000022888184,26.36000061035156,20.0772647857666,297900
2020-10-28,FCPT,26.0,26.239999771118164,25.309999465942383,25.459999084472656,19.39176750183105,392300
2020-10-28,FCPT,26.0,26.239999771118164,25.309999465942383,25.459999084472656,19.39176750183105,392300
2020-10-29,FCPT,25.280000686645508,25.8799991607666,24.8799991607666,25.5,19.42223358154297,667600
2020-10-29,FCPT,25.280000686645508,25.8799991607666,24.8799991607666,25.5,19.42223358154297,667600
2020-10-30,FCPT,25.40999984741211,25.739999771118164,24.96999931335449,25.34000015258789,19.300369262695312,240500
2020-10-30,FCPT,25.40999984741211,25.739999771118164,24.96999931335449,25.34000015258789,19.300369262695312,240500
2020-11-02,FCPT,25.59000015258789,25.739999771118164,25.190000534057617,25.6299991607666,19.52124786376953,423600
2020-11-02,FCPT,25.59000015258789,25.739999771118164,25.190000534057617,25.6299991607666,19.52124786376953,423600
2020-11-03,FCPT,26.190000534057617,26.229999542236328,25.51000022888184,25.84000015258789,19.68120002746582,517900
2020-11-03,FCPT,26.190000534057617,26.229999542236328,25.51000022888184,25.84000015258789,19.68120002746582,517900
2020-11-04,FCPT,25.670000076293945,26.34000015258789,25.100000381469727,26.01000022888184,19.81068229675293,357800
2020-11-04,FCPT,25.670000076293945,26.34000015258789,25.100000381469727,26.01000022888184,19.81068229675293,357800
2020-11-05,FCPT,26.100000381469727,26.540000915527344,25.780000686645508,25.86000061035156,19.69643211364746,286500
2020-11-05,FCPT,26.100000381469727,26.540000915527344,25.780000686645508,25.86000061035156,19.69643211364746,286500
2020-11-06,FCPT,25.959999084472656,26.040000915527344,25.020000457763672,25.15999984741211,19.163270950317383,356800
2020-11-06,FCPT,25.959999084472656,26.040000915527344,25.020000457763672,25.15999984741211,19.163270950317383,356800
2020-11-09,FCPT,27.399999618530277,29.3799991607666,27.1299991607666,27.209999084472656,20.72467041015625,767000
2020-11-09,FCPT,27.399999618530277,29.3799991607666,27.1299991607666,27.209999084472656,20.72467041015625,767000
2020-11-10,FCPT,27.32999992370605,28.88999938964844,26.84000015258789,28.81999969482422,21.95093536376953,652800
2020-11-10,FCPT,27.32999992370605,28.88999938964844,26.84000015258789,28.81999969482422,21.95093536376953,652800
2020-11-11,FCPT,29.01000022888184,29.01000022888184,27.86000061035156,28.6299991607666,21.80621719360352,388400
2020-11-11,FCPT,29.01000022888184,29.01000022888184,27.86000061035156,28.6299991607666,21.80621719360352,388400
2020-11-12,FCPT,28.25,28.40999984741211,27.65999984741211,28.239999771118164,21.509172439575195,449300
2020-11-12,FCPT,28.25,28.40999984741211,27.65999984741211,28.239999771118164,21.509172439575195,449300
2020-11-13,FCPT,28.559999465942383,28.8700008392334,28.299999237060547,28.81999969482422,21.95093536376953,593900
2020-11-13,FCPT,28.559999465942383,28.8700008392334,28.299999237060547,28.81999969482422,21.95093536376953,593900
2020-11-16,FCPT,29.709999084472656,30.190000534057617,29.149999618530277,29.63999938964844,22.57549285888672,300900
2020-11-16,FCPT,29.709999084472656,30.190000534057617,29.149999618530277,29.63999938964844,22.57549285888672,300900
2020-11-17,FCPT,29.34000015258789,29.450000762939453,28.6200008392334,29.18000030517578,22.22513198852539,328900
2020-11-17,FCPT,29.34000015258789,29.450000762939453,28.6200008392334,29.18000030517578,22.22513198852539,328900
2020-11-18,FCPT,29.149999618530277,29.59000015258789,28.25,28.25,21.51679229736328,892200
2020-11-18,FCPT,29.149999618530277,29.59000015258789,28.25,28.25,21.51679229736328,892200
2020-11-19,FCPT,28.1200008392334,28.450000762939453,27.84000015258789,28.209999084472656,21.486326217651367,305200
2020-11-19,FCPT,28.1200008392334,28.450000762939453,27.84000015258789,28.209999084472656,21.486326217651367,305200
2020-11-20,FCPT,28.1299991607666,28.32999992370605,27.950000762939453,28.209999084472656,21.486326217651367,474500
2020-11-20,FCPT,28.1299991607666,28.32999992370605,27.950000762939453,28.209999084472656,21.486326217651367,474500
2020-11-23,FCPT,28.520000457763672,29.01000022888184,28.459999084472656,28.489999771118164,21.699586868286133,551900
2020-11-23,FCPT,28.520000457763672,29.01000022888184,28.459999084472656,28.489999771118164,21.699586868286133,551900
2020-11-24,FCPT,28.989999771118164,29.309999465942383,28.649999618530277,29.0,22.088029861450195,374200
2020-11-24,FCPT,28.989999771118164,29.309999465942383,28.649999618530277,29.0,22.088029861450195,374200
2020-11-25,FCPT,28.959999084472656,29.1299991607666,28.61000061035156,28.690000534057617,21.8519229888916,282800
2020-11-25,FCPT,28.959999084472656,29.1299991607666,28.61000061035156,28.690000534057617,21.8519229888916,282800
2020-11-27,FCPT,28.600000381469727,28.850000381469727,28.0,28.209999084472656,21.486326217651367,275700
2020-11-27,FCPT,28.600000381469727,28.850000381469727,28.0,28.209999084472656,21.486326217651367,275700
2020-11-30,FCPT,28.13999938964844,28.34000015258789,27.899999618530277,28.01000022888184,21.3339958190918,426000
2020-11-30,FCPT,28.13999938964844,28.34000015258789,27.899999618530277,28.01000022888184,21.3339958190918,426000
2020-12-01,FCPT,28.350000381469727,28.649999618530277,28.09000015258789,28.3700008392334,21.60818862915039,317000
2020-12-01,FCPT,28.350000381469727,28.649999618530277,28.09000015258789,28.3700008392334,21.60818862915039,317000
2020-12-02,FCPT,28.3700008392334,28.790000915527344,28.200000762939453,28.549999237060547,21.745288848876957,364500
2020-12-02,FCPT,28.3700008392334,28.790000915527344,28.200000762939453,28.549999237060547,21.745288848876957,364500
2020-12-03,FCPT,28.559999465942383,28.899999618530277,28.38999938964844,28.5,21.707210540771484,639200
2020-12-03,FCPT,28.559999465942383,28.899999618530277,28.38999938964844,28.5,21.707210540771484,639200
2020-12-04,FCPT,28.709999084472656,29.09000015258789,28.280000686645508,28.3799991607666,21.615806579589844,677900
2020-12-04,FCPT,28.709999084472656,29.09000015258789,28.280000686645508,28.3799991607666,21.615806579589844,677900
2020-12-07,FCPT,28.280000686645508,28.51000022888184,28.06999969482422,28.34000015258789,21.58534049987793,494200
2020-12-07,FCPT,28.280000686645508,28.51000022888184,28.06999969482422,28.34000015258789,21.58534049987793,494200
2020-12-08,FCPT,28.190000534057617,29.190000534057617,28.190000534057617,28.950000762939453,22.049951553344727,349000
2020-12-08,FCPT,28.190000534057617,29.190000534057617,28.190000534057617,28.950000762939453,22.049951553344727,349000
2020-12-09,FCPT,29.07999992370605,29.790000915527344,28.559999465942383,29.1200008392334,22.17943572998047,608800
2020-12-09,FCPT,29.07999992370605,29.790000915527344,28.559999465942383,29.1200008392334,22.17943572998047,608800
2020-12-10,FCPT,28.96999931335449,29.270000457763672,28.84000015258789,28.959999084472656,22.05756378173828,586900
2020-12-10,FCPT,28.96999931335449,29.270000457763672,28.84000015258789,28.959999084472656,22.05756378173828,586900
2020-12-11,FCPT,28.76000022888184,29.239999771118164,28.76000022888184,29.01000022888184,22.09564781188965,376000
2020-12-11,FCPT,28.76000022888184,29.239999771118164,28.76000022888184,29.01000022888184,22.09564781188965,376000
2020-12-14,FCPT,29.290000915527344,29.959999084472656,29.09000015258789,29.200000762939453,22.24036407470703,621100
2020-12-14,FCPT,29.290000915527344,29.959999084472656,29.09000015258789,29.200000762939453,22.24036407470703,621100
2020-12-15,FCPT,29.350000381469727,29.850000381469727,29.1200008392334,29.799999237060547,22.697359085083008,445000
2020-12-15,FCPT,29.350000381469727,29.850000381469727,29.1200008392334,29.799999237060547,22.697359085083008,445000
2020-12-16,FCPT,29.850000381469727,30.170000076293945,29.56999969482422,29.790000915527344,22.689746856689453,546500
2020-12-16,FCPT,29.850000381469727,30.170000076293945,29.56999969482422,29.790000915527344,22.689746856689453,546500
2020-12-17,FCPT,30.059999465942383,30.290000915527344,29.57999992370605,29.950000762939453,22.81160926818848,555800
2020-12-17,FCPT,30.059999465942383,30.290000915527344,29.57999992370605,29.950000762939453,22.81160926818848,555800
2020-12-18,FCPT,29.26000022888184,30.06999969482422,28.40999984741211,28.459999084472656,21.676738739013672,2069500
2020-12-18,FCPT,29.26000022888184,30.06999969482422,28.40999984741211,28.459999084472656,21.676738739013672,2069500
2020-12-21,FCPT,28.049999237060547,28.649999618530277,27.770000457763672,28.59000015258789,21.7757568359375,492200
2020-12-21,FCPT,28.049999237060547,28.649999618530277,27.770000457763672,28.59000015258789,21.7757568359375,492200
2020-12-22,FCPT,28.600000381469727,29.350000381469727,28.40999984741211,29.31999969482422,22.33176040649414,341500
2020-12-22,FCPT,28.600000381469727,29.350000381469727,28.40999984741211,29.31999969482422,22.33176040649414,341500
2020-12-23,FCPT,29.399999618530277,29.75,29.200000762939453,29.25,22.2784481048584,349700
2020-12-23,FCPT,29.399999618530277,29.75,29.200000762939453,29.25,22.2784481048584,349700
2020-12-24,FCPT,29.3700008392334,29.690000534057617,29.01000022888184,29.61000061035156,22.552644729614254,118500
2020-12-24,FCPT,29.3700008392334,29.690000534057617,29.01000022888184,29.61000061035156,22.552644729614254,118500
2020-12-28,FCPT,29.75,30.40999984741211,29.520000457763672,30.07999992370605,22.910619735717773,934000
2020-12-28,FCPT,29.75,30.40999984741211,29.520000457763672,30.07999992370605,22.910619735717773,934000
2020-12-29,FCPT,30.149999618530277,30.420000076293945,29.57999992370605,29.8700008392334,22.75067710876465,256900
2020-12-29,FCPT,30.149999618530277,30.420000076293945,29.57999992370605,29.8700008392334,22.75067710876465,256900
2020-12-30,FCPT,29.84000015258789,30.38999938964844,29.84000015258789,30.049999237060547,22.887771606445312,522200
2020-12-30,FCPT,29.84000015258789,30.38999938964844,29.84000015258789,30.049999237060547,22.887771606445312,522200
2020-12-31,FCPT,29.68000030517578,29.850000381469727,29.299999237060547,29.770000457763672,22.917028427124023,425800
2020-12-31,FCPT,29.68000030517578,29.850000381469727,29.299999237060547,29.770000457763672,22.917028427124023,425800
2021-01-04,FCPT,29.709999084472656,30.0,28.3700008392334,28.459999084472656,21.908586502075195,548700
2021-01-04,FCPT,29.709999084472656,30.0,28.3700008392334,28.459999084472656,21.908586502075195,548700
2021-01-05,FCPT,28.549999237060547,29.149999618530277,28.100000381469727,28.1299991607666,21.6545524597168,618000
2021-01-05,FCPT,28.549999237060547,29.149999618530277,28.100000381469727,28.1299991607666,21.6545524597168,618000
2021-01-06,FCPT,28.31999969482422,28.540000915527344,27.34000015258789,28.059999465942383,21.600664138793945,1225900
2021-01-06,FCPT,28.31999969482422,28.540000915527344,27.34000015258789,28.059999465942383,21.600664138793945,1225900
2021-01-07,FCPT,28.040000915527344,28.170000076293945,27.280000686645508,27.56999969482422,21.22345924377441,756500
2021-01-07,FCPT,28.040000915527344,28.170000076293945,27.280000686645508,27.56999969482422,21.22345924377441,756500
2021-01-08,FCPT,27.40999984741211,27.850000381469727,27.13999938964844,27.690000534057617,21.31583976745605,1012600
2021-01-08,FCPT,27.40999984741211,27.850000381469727,27.13999938964844,27.690000534057617,21.31583976745605,1012600
2021-01-11,FCPT,27.540000915527344,28.13999938964844,27.489999771118164,27.71999931335449,21.338930130004883,475800
2021-01-11,FCPT,27.540000915527344,28.13999938964844,27.489999771118164,27.71999931335449,21.338930130004883,475800
2021-01-12,FCPT,27.6200008392334,27.93000030517578,27.239999771118164,27.540000915527344,21.200366973876957,604200
2021-01-12,FCPT,27.6200008392334,27.93000030517578,27.239999771118164,27.540000915527344,21.200366973876957,604200
2021-01-13,FCPT,27.489999771118164,27.959999084472656,27.46999931335449,27.75,21.362022399902344,292900
2021-01-13,FCPT,27.489999771118164,27.959999084472656,27.46999931335449,27.75,21.362022399902344,292900
2021-01-14,FCPT,27.940000534057617,28.15999984741211,27.709999084472656,27.75,21.362022399902344,271200
2021-01-14,FCPT,27.940000534057617,28.15999984741211,27.709999084472656,27.75,21.362022399902344,271200
2021-01-15,FCPT,27.56999969482422,27.940000534057617,27.299999237060547,27.690000534057617,21.31583976745605,412000
2021-01-15,FCPT,27.56999969482422,27.940000534057617,27.299999237060547,27.690000534057617,21.31583976745605,412000
2021-01-19,FCPT,27.809999465942383,27.809999465942383,27.40999984741211,27.61000061035156,21.25425338745117,398500
2021-01-19,FCPT,27.809999465942383,27.809999465942383,27.40999984741211,27.61000061035156,21.25425338745117,398500
2021-01-20,FCPT,27.549999237060547,28.32999992370605,27.34000015258789,27.770000457763672,21.377422332763672,981500
2021-01-20,FCPT,27.549999237060547,28.32999992370605,27.34000015258789,27.770000457763672,21.377422332763672,981500
2021-01-21,FCPT,27.770000457763672,27.809999465942383,27.209999084472656,27.43000030517578,21.115686416625977,584500
2021-01-21,FCPT,27.770000457763672,27.809999465942383,27.209999084472656,27.43000030517578,21.115686416625977,584500
2021-01-22,FCPT,27.18000030517578,27.43000030517578,26.850000381469727,27.299999237060547,21.015613555908203,1149900
2021-01-22,FCPT,27.18000030517578,27.43000030517578,26.850000381469727,27.299999237060547,21.015613555908203,1149900
2021-01-25,FCPT,27.1200008392334,27.559999465942383,26.690000534057617,27.200000762939453,20.93863296508789,1353200
2021-01-25,FCPT,27.1200008392334,27.559999465942383,26.690000534057617,27.200000762939453,20.93863296508789,1353200
2021-01-26,FCPT,27.440000534057617,27.96999931335449,27.09000015258789,27.190000534057617,20.93093490600586,605500
2021-01-26,FCPT,27.440000534057617,27.96999931335449,27.09000015258789,27.190000534057617,20.93093490600586,605500
2021-01-27,FCPT,26.71999931335449,26.940000534057617,25.809999465942383,25.88999938964844,19.930191040039062,911400
2021-01-27,FCPT,26.71999931335449,26.940000534057617,25.809999465942383,25.88999938964844,19.930191040039062,911400
2021-01-28,FCPT,26.06999969482422,27.440000534057617,25.920000076293945,27.020000457763672,20.80006980895996,1185400
2021-01-28,FCPT,26.06999969482422,27.440000534057617,25.920000076293945,27.020000457763672,20.80006980895996,1185400
2021-01-29,FCPT,26.770000457763672,27.399999618530277,26.13999938964844,26.36000061035156,20.2919979095459,572400
2021-01-29,FCPT,26.770000457763672,27.399999618530277,26.13999938964844,26.36000061035156,20.2919979095459,572400
2021-02-01,FCPT,26.420000076293945,27.5,26.149999618530277,27.3700008392334,21.06950187683105,626600
2021-02-01,FCPT,26.420000076293945,27.5,26.149999618530277,27.3700008392334,21.06950187683105,626600
2021-02-02,FCPT,27.540000915527344,27.88999938964844,27.059999465942383,27.38999938964844,21.084896087646484,506300
2021-02-02,FCPT,27.540000915527344,27.88999938964844,27.059999465942383,27.38999938964844,21.084896087646484,506300
2021-02-03,FCPT,27.18000030517578,27.790000915527344,27.11000061035156,27.600000381469727,21.24655532836914,591900
2021-02-03,FCPT,27.18000030517578,27.790000915527344,27.11000061035156,27.600000381469727,21.24655532836914,591900
2021-02-04,FCPT,27.56999969482422,27.940000534057617,27.399999618530277,27.63999938964844,21.277345657348636,546300
2021-02-04,FCPT,27.56999969482422,27.940000534057617,27.399999618530277,27.63999938964844,21.277345657348636,546300
2021-02-05,FCPT,27.86000061035156,28.11000061035156,27.290000915527344,27.700000762939453,21.323535919189453,374700
2021-02-05,FCPT,27.86000061035156,28.11000061035156,27.290000915527344,27.700000762939453,21.323535919189453,374700
2021-02-08,FCPT,27.700000762939453,27.790000915527344,27.34000015258789,27.690000534057617,21.31583976745605,366000
2021-02-08,FCPT,27.700000762939453,27.790000915527344,27.34000015258789,27.690000534057617,21.31583976745605,366000
2021-02-09,FCPT,27.729999542236328,28.190000534057617,27.489999771118164,27.729999542236328,21.346628189086918,430700
2021-02-09,FCPT,27.729999542236328,28.190000534057617,27.489999771118164,27.729999542236328,21.346628189086918,430700
2021-02-10,FCPT,27.8799991607666,28.43000030517578,27.729999542236328,27.8799991607666,21.46209526062012,313200
2021-02-10,FCPT,27.8799991607666,28.43000030517578,27.729999542236328,27.8799991607666,21.46209526062012,313200
2021-02-11,FCPT,27.93000030517578,28.309999465942383,27.700000762939453,27.780000686645508,21.38511848449707,296500
2021-02-11,FCPT,27.93000030517578,28.309999465942383,27.700000762939453,27.780000686645508,21.38511848449707,296500
2021-02-12,FCPT,27.709999084472656,27.88999938964844,27.459999084472656,27.729999542236328,21.346628189086918,350200
2021-02-12,FCPT,27.709999084472656,27.88999938964844,27.459999084472656,27.729999542236328,21.346628189086918,350200
2021-02-16,FCPT,27.65999984741211,27.790000915527344,27.270000457763672,27.479999542236328,21.154176712036133,483900
2021-02-16,FCPT,27.65999984741211,27.790000915527344,27.270000457763672,27.479999542236328,21.154176712036133,483900
2021-02-17,FCPT,27.43000030517578,27.920000076293945,27.34000015258789,27.899999618530277,21.477495193481445,439000
2021-02-17,FCPT,27.43000030517578,27.920000076293945,27.34000015258789,27.899999618530277,21.477495193481445,439000
2021-02-18,FCPT,27.700000762939453,28.46999931335449,26.709999084472656,26.709999084472656,20.56142807006836,642100
2021-02-18,FCPT,27.700000762939453,28.46999931335449,26.709999084472656,26.709999084472656,20.56142807006836,642100
2021-02-19,FCPT,26.63999938964844,27.68000030517578,26.559999465942383,27.350000381469727,21.054101943969727,683300
2021-02-19,FCPT,26.63999938964844,27.68000030517578,26.559999465942383,27.350000381469727,21.054101943969727,683300
2021-02-22,FCPT,27.479999542236328,27.959999084472656,27.350000381469727,27.809999465942383,21.40821075439453,460400
2021-02-22,FCPT,27.479999542236328,27.959999084472656,27.350000381469727,27.809999465942383,21.40821075439453,460400
2021-02-23,FCPT,27.920000076293945,28.149999618530277,27.489999771118164,27.780000686645508,21.38511848449707,588300
2021-02-23,FCPT,27.920000076293945,28.149999618530277,27.489999771118164,27.780000686645508,21.38511848449707,588300
2021-02-24,FCPT,27.8799991607666,28.15999984741211,27.520000457763672,27.86000061035156,21.446701049804688,435800
2021-02-24,FCPT,27.8799991607666,28.15999984741211,27.520000457763672,27.86000061035156,21.446701049804688,435800
2021-02-25,FCPT,27.799999237060547,28.21999931335449,27.46999931335449,27.600000381469727,21.24655532836914,608500
2021-02-25,FCPT,27.799999237060547,28.21999931335449,27.46999931335449,27.600000381469727,21.24655532836914,608500
2021-02-26,FCPT,27.75,27.899999618530277,27.059999465942383,27.09000015258789,20.853952407836918,603400
2021-02-26,FCPT,27.75,27.899999618530277,27.059999465942383,27.09000015258789,20.853952407836918,603400
2021-03-01,FCPT,27.6200008392334,27.979999542236328,26.899999618530277,27.239999771118164,20.969423294067383,380800
2021-03-01,FCPT,27.6200008392334,27.979999542236328,26.899999618530277,27.239999771118164,20.969423294067383,380800
2021-03-02,FCPT,27.21999931335449,27.299999237060547,26.71999931335449,27.11000061035156,20.86935043334961,513400
2021-03-02,FCPT,27.21999931335449,27.299999237060547,26.71999931335449,27.11000061035156,20.86935043334961,513400
2021-03-03,FCPT,27.209999084472656,27.559999465942383,26.96999931335449,27.209999084472656,20.946332931518555,308500
2021-03-03,FCPT,27.209999084472656,27.559999465942383,26.96999931335449,27.209999084472656,20.946332931518555,308500
2021-03-04,FCPT,27.280000686645508,27.649999618530277,26.290000915527344,26.6200008392334,20.492149353027344,592100
2021-03-04,FCPT,27.280000686645508,27.649999618530277,26.290000915527344,26.6200008392334,20.492149353027344,592100
2021-03-05,FCPT,26.93000030517578,27.5,26.229999542236328,27.450000762939453,21.13108253479004,451800
2021-03-05,FCPT,26.93000030517578,27.5,26.229999542236328,27.450000762939453,21.13108253479004,451800
2021-03-08,FCPT,27.5,27.920000076293945,27.1200008392334,27.18000030517578,20.923236846923828,499100
2021-03-08,FCPT,27.5,27.920000076293945,27.1200008392334,27.18000030517578,20.923236846923828,499100
2021-03-09,FCPT,27.25,27.43000030517578,26.959999084472656,26.989999771118164,20.77696990966797,726000
2021-03-09,FCPT,27.25,27.43000030517578,26.959999084472656,26.989999771118164,20.77696990966797,726000
2021-03-10,FCPT,27.049999237060547,27.459999084472656,26.799999237060547,27.270000457763672,20.992521286010746,362600
2021-03-10,FCPT,27.049999237060547,27.459999084472656,26.799999237060547,27.270000457763672,20.992521286010746,362600
2021-03-11,FCPT,27.559999465942383,27.989999771118164,27.34000015258789,27.799999237060547,21.400514602661133,447600
2021-03-11,FCPT,27.559999465942383,27.989999771118164,27.34000015258789,27.799999237060547,21.400514602661133,447600
2021-03-12,FCPT,28.030000686645508,28.63999938964844,27.75,28.600000381469727,22.01635360717773,394500
2021-03-12,FCPT,28.030000686645508,28.63999938964844,27.75,28.600000381469727,22.01635360717773,394500
2021-03-15,FCPT,28.549999237060547,29.25,28.34000015258789,29.25,22.51673126220703,389900
2021-03-15,FCPT,28.549999237060547,29.25,28.34000015258789,29.25,22.51673126220703,389900
2021-03-16,FCPT,29.239999771118164,29.239999771118164,28.709999084472656,28.739999771118164,22.12412643432617,377400
2021-03-16,FCPT,29.239999771118164,29.239999771118164,28.709999084472656,28.739999771118164,22.12412643432617,377400
2021-03-17,FCPT,28.71999931335449,28.88999938964844,28.38999938964844,28.690000534057617,22.085636138916016,352900
2021-03-17,FCPT,28.71999931335449,28.88999938964844,28.38999938964844,28.690000534057617,22.085636138916016,352900
2021-03-18,FCPT,28.440000534057617,28.65999984741211,27.770000457763672,27.809999465942383,21.40821075439453,481600
2021-03-18,FCPT,28.440000534057617,28.65999984741211,27.770000457763672,27.809999465942383,21.40821075439453,481600
2021-03-19,FCPT,27.6200008392334,28.09000015258789,27.309999465942383,27.440000534057617,21.123384475708008,1093200
2021-03-19,FCPT,27.6200008392334,28.09000015258789,27.309999465942383,27.440000534057617,21.123384475708008,1093200
2021-03-22,FCPT,27.440000534057617,27.6299991607666,27.07999992370605,27.3700008392334,21.06950187683105,277000
2021-03-22,FCPT,27.440000534057617,27.6299991607666,27.07999992370605,27.3700008392334,21.06950187683105,277000
2021-03-23,FCPT,27.170000076293945,27.739999771118164,27.09000015258789,27.21999931335449,20.95402717590332,452500
2021-03-23,FCPT,27.170000076293945,27.739999771118164,27.09000015258789,27.21999931335449,20.95402717590332,452500
2021-03-24,FCPT,27.399999618530277,28.0,26.88999938964844,26.920000076293945,20.72308921813965,407900
2021-03-24,FCPT,27.399999618530277,28.0,26.88999938964844,26.920000076293945,20.72308921813965,407900
2021-03-25,FCPT,26.81999969482422,27.82999992370605,26.5,27.5,21.169572830200195,652700
2021-03-25,FCPT,26.81999969482422,27.82999992370605,26.5,27.5,21.169572830200195,652700
2021-03-26,FCPT,27.780000686645508,28.309999465942383,27.200000762939453,28.25,21.746925354003903,317400
2021-03-26,FCPT,27.780000686645508,28.309999465942383,27.200000762939453,28.25,21.746925354003903,317400
2021-03-29,FCPT,28.229999542236328,28.479999542236328,27.75,27.81999969482422,21.415910720825195,424100
2021-03-29,FCPT,28.229999542236328,28.479999542236328,27.75,27.81999969482422,21.415910720825195,424100
2021-03-30,FCPT,27.540000915527344,27.71999931335449,27.200000762939453,27.43000030517578,21.359846115112305,322200
2021-03-30,FCPT,27.540000915527344,27.71999931335449,27.200000762939453,27.43000030517578,21.359846115112305,322200
2021-03-31,FCPT,27.459999084472656,27.84000015258789,27.32999992370605,27.399999618530277,21.33648109436035,613900
2021-03-31,FCPT,27.459999084472656,27.84000015258789,27.32999992370605,27.399999618530277,21.33648109436035,613900
2021-04-01,FCPT,27.57999992370605,28.309999465942383,27.51000022888184,28.290000915527344,22.02952766418457,349000
2021-04-01,FCPT,27.57999992370605,28.309999465942383,27.51000022888184,28.290000915527344,22.02952766418457,349000
2021-04-05,FCPT,28.57999992370605,28.770000457763672,27.88999938964844,28.15999984741211,21.928298950195312,377300
2021-04-05,FCPT,28.57999992370605,28.770000457763672,27.88999938964844,28.15999984741211,21.928298950195312,377300
2021-04-06,FCPT,28.1299991607666,28.38999938964844,28.040000915527344,28.34000015258789,22.06846237182617,406900
2021-04-06,FCPT,28.1299991607666,28.38999938964844,28.040000915527344,28.34000015258789,22.06846237182617,406900
2021-04-07,FCPT,28.290000915527344,28.440000534057617,27.920000076293945,28.13999938964844,21.9127254486084,239200
2021-04-07,FCPT,28.290000915527344,28.440000534057617,27.920000076293945,28.13999938964844,21.9127254486084,239200
2021-04-08,FCPT,28.200000762939453,28.270000457763672,27.96999931335449,28.100000381469727,21.881574630737305,179100
2021-04-08,FCPT,28.200000762939453,28.270000457763672,27.96999931335449,28.100000381469727,21.881574630737305,179100
2021-04-09,FCPT,28.07999992370605,28.34000015258789,27.989999771118164,28.18000030517578,21.943872451782227,231100
2021-04-09,FCPT,28.07999992370605,28.34000015258789,27.989999771118164,28.18000030517578,21.943872451782227,231100
2021-04-12,FCPT,28.18000030517578,28.3700008392334,27.86000061035156,28.26000022888184,22.006166458129883,361300
2021-04-12,FCPT,28.18000030517578,28.3700008392334,27.86000061035156,28.26000022888184,22.006166458129883,361300
2021-04-13,FCPT,28.26000022888184,28.36000061035156,27.96999931335449,28.34000015258789,22.06846237182617,314300
2021-04-13,FCPT,28.26000022888184,28.36000061035156,27.96999931335449,28.34000015258789,22.06846237182617,314300
2021-04-14,FCPT,28.34000015258789,28.520000457763672,28.0,28.06999969482422,21.858211517333984,184900
2021-04-14,FCPT,28.34000015258789,28.520000457763672,28.0,28.06999969482422,21.858211517333984,184900
2021-04-15,FCPT,28.309999465942383,28.84000015258789,28.0,28.65999984741211,22.317649841308597,188700
2021-04-15,FCPT,28.309999465942383,28.84000015258789,28.0,28.65999984741211,22.317649841308597,188700
2021-04-16,FCPT,28.809999465942383,28.809999465942383,28.3799991607666,28.530000686645508,22.216419219970703,225600
2021-04-16,FCPT,28.809999465942383,28.809999465942383,28.3799991607666,28.530000686645508,22.216419219970703,225600
2021-04-19,FCPT,28.36000061035156,28.65999984741211,28.059999465942383,28.6299991607666,22.29429054260254,271300
2021-04-19,FCPT,28.36000061035156,28.65999984741211,28.059999465942383,28.6299991607666,22.29429054260254,271300
2021-04-20,FCPT,28.600000381469727,29.170000076293945,28.31999969482422,28.809999465942383,22.4344539642334,454300
2021-04-20,FCPT,28.600000381469727,29.170000076293945,28.31999969482422,28.809999465942383,22.4344539642334,454300
2021-04-21,FCPT,28.84000015258789,29.18000030517578,28.6299991607666,28.950000762939453,22.543472290039062,324900
2021-04-21,FCPT,28.84000015258789,29.18000030517578,28.6299991607666,28.950000762939453,22.543472290039062,324900
2021-04-22,FCPT,29.01000022888184,29.530000686645508,28.950000762939453,29.38999938964844,22.8861026763916,401300
2021-04-22,FCPT,29.01000022888184,29.530000686645508,28.950000762939453,29.38999938964844,22.8861026763916,401300
2021-04-23,FCPT,29.5,29.520000457763672,29.229999542236328,29.36000061035156,22.862741470336918,325000
2021-04-23,FCPT,29.5,29.520000457763672,29.229999542236328,29.36000061035156,22.862741470336918,325000
2021-04-26,FCPT,29.59000015258789,29.84000015258789,29.46999931335449,29.559999465942383,23.018482208251957,290700
2021-04-26,FCPT,29.59000015258789,29.84000015258789,29.46999931335449,29.559999465942383,23.018482208251957,290700
2021-04-27,FCPT,29.5,29.989999771118164,29.32999992370605,29.88999938964844,23.27545166015625,404800
2021-04-27,FCPT,29.5,29.989999771118164,29.32999992370605,29.88999938964844,23.27545166015625,404800
2021-04-28,FCPT,28.01000022888184,29.13999938964844,27.950000762939453,28.420000076293945,22.13075828552246,1770300
2021-04-28,FCPT,28.01000022888184,29.13999938964844,27.950000762939453,28.420000076293945,22.13075828552246,1770300
2021-04-29,FCPT,28.790000915527344,29.290000915527344,28.290000915527344,28.57999992370605,22.255348205566406,803000
2021-04-29,FCPT,28.790000915527344,29.290000915527344,28.290000915527344,28.57999992370605,22.255348205566406,803000
2021-04-30,FCPT,28.309999465942383,28.90999984741211,28.229999542236328,28.8700008392334,22.481176376342773,412000
2021-04-30,FCPT,28.309999465942383,28.90999984741211,28.229999542236328,28.8700008392334,22.481176376342773,412000
2021-05-03,FCPT,28.850000381469727,29.0,28.399999618530277,28.790000915527344,22.418880462646484,745400
2021-05-03,FCPT,28.850000381469727,29.0,28.399999618530277,28.790000915527344,22.418880462646484,745400
2021-05-04,FCPT,28.76000022888184,29.07999992370605,28.40999984741211,28.780000686645508,22.411094665527344,427500
2021-05-04,FCPT,28.76000022888184,29.07999992370605,28.40999984741211,28.780000686645508,22.411094665527344,427500
2021-05-05,FCPT,28.770000457763672,28.84000015258789,27.440000534057617,27.739999771118164,21.601242065429688,775800
2021-05-05,FCPT,28.770000457763672,28.84000015258789,27.440000534057617,27.739999771118164,21.601242065429688,775800
2021-05-06,FCPT,27.86000061035156,27.979999542236328,27.51000022888184,27.76000022888184,21.61681365966797,366300
2021-05-06,FCPT,27.86000061035156,27.979999542236328,27.51000022888184,27.76000022888184,21.61681365966797,366300
2021-05-07,FCPT,27.51000022888184,27.989999771118164,27.459999084472656,27.600000381469727,21.49222183227539,936200
2021-05-07,FCPT,27.51000022888184,27.989999771118164,27.459999084472656,27.600000381469727,21.49222183227539,936200
2021-05-10,FCPT,27.76000022888184,27.920000076293945,27.5,27.559999465942383,21.461076736450195,630000
2021-05-10,FCPT,27.76000022888184,27.920000076293945,27.5,27.559999465942383,21.461076736450195,630000
2021-05-11,FCPT,27.18000030517578,27.200000762939453,26.38999938964844,26.71999931335449,20.806964874267575,588200
2021-05-11,FCPT,27.18000030517578,27.200000762939453,26.38999938964844,26.71999931335449,20.806964874267575,588200
2021-05-12,FCPT,26.709999084472656,26.920000076293945,25.56999969482422,25.76000022888184,20.05940818786621,760000
2021-05-12,FCPT,26.709999084472656,26.920000076293945,25.56999969482422,25.76000022888184,20.05940818786621,760000
2021-05-13,FCPT,25.729999542236328,26.88999938964844,25.709999084472656,26.6299991607666,20.73687744140625,971800
2021-05-13,FCPT,25.729999542236328,26.88999938964844,25.709999084472656,26.6299991607666,20.73687744140625,971800
2021-05-14,FCPT,26.739999771118164,27.34000015258789,26.700000762939453,27.299999237060547,21.25860977172852,419800
2021-05-14,FCPT,26.739999771118164,27.34000015258789,26.700000762939453,27.299999237060547,21.25860977172852,419800
2021-05-17,FCPT,27.1299991607666,27.309999465942383,26.920000076293945,27.25,21.219675064086918,243300
2021-05-17,FCPT,27.1299991607666,27.309999465942383,26.920000076293945,27.25,21.219675064086918,243300
2021-05-18,FCPT,27.229999542236328,27.40999984741211,27.0,27.209999084472656,21.18852806091309,333000
2021-05-18,FCPT,27.229999542236328,27.40999984741211,27.0,27.209999084472656,21.18852806091309,333000
2021-05-19,FCPT,26.90999984741211,27.40999984741211,26.59000015258789,27.40999984741211,21.34427261352539,413800
2021-05-19,FCPT,26.90999984741211,27.40999984741211,26.59000015258789,27.40999984741211,21.34427261352539,413800
2021-05-20,FCPT,27.34000015258789,27.65999984741211,27.239999771118164,27.56999969482422,21.4688663482666,278200
2021-05-20,FCPT,27.34000015258789,27.65999984741211,27.239999771118164,27.56999969482422,21.4688663482666,278200
2021-05-21,FCPT,27.6299991607666,27.709999084472656,27.420000076293945,27.51000022888184,21.42214012145996,227700
2021-05-21,FCPT,27.6299991607666,27.709999084472656,27.420000076293945,27.51000022888184,21.42214012145996,227700
2021-05-24,FCPT,27.649999618530277,27.989999771118164,27.530000686645508,27.809999465942383,21.655750274658203,439900
2021-05-24,FCPT,27.649999618530277,27.989999771118164,27.530000686645508,27.809999465942383,21.655750274658203,439900
2021-05-25,FCPT,27.850000381469727,27.940000534057617,27.6200008392334,27.6299991607666,21.515586853027344,256000
2021-05-25,FCPT,27.850000381469727,27.940000534057617,27.6200008392334,27.6299991607666,21.515586853027344,256000
2021-05-26,FCPT,27.670000076293945,28.21999931335449,27.63999938964844,28.18000030517578,21.943872451782227,333100
2021-05-26,FCPT,27.670000076293945,28.21999931335449,27.63999938964844,28.18000030517578,21.943872451782227,333100
2021-05-27,FCPT,28.34000015258789,28.36000061035156,27.790000915527344,27.799999237060547,21.64796257019043,453800
2021-05-27,FCPT,28.34000015258789,28.36000061035156,27.790000915527344,27.799999237060547,21.64796257019043,453800
2021-05-28,FCPT,27.82999992370605,27.90999984741211,27.51000022888184,27.76000022888184,21.61681365966797,523800
2021-05-28,FCPT,27.82999992370605,27.90999984741211,27.51000022888184,27.76000022888184,21.61681365966797,523800
2021-06-01,FCPT,27.8700008392334,28.43000030517578,27.709999084472656,28.36000061035156,22.08403968811035,613200
2021-06-01,FCPT,27.8700008392334,28.43000030517578,27.709999084472656,28.36000061035156,22.08403968811035,613200
2021-06-02,FCPT,28.540000915527344,28.850000381469727,28.3700008392334,28.59000015258789,22.26314353942871,328700
2021-06-02,FCPT,28.540000915527344,28.850000381469727,28.3700008392334,28.59000015258789,22.26314353942871,328700
2021-06-03,FCPT,28.59000015258789,28.59000015258789,28.0,28.190000534057617,21.951658248901367,475300
2021-06-03,FCPT,28.59000015258789,28.59000015258789,28.0,28.190000534057617,21.951658248901367,475300
2021-06-04,FCPT,28.229999542236328,28.36000061035156,28.040000915527344,28.190000534057617,21.951658248901367,302700
2021-06-04,FCPT,28.229999542236328,28.36000061035156,28.040000915527344,28.190000534057617,21.951658248901367,302700
2021-06-07,FCPT,28.450000762939453,28.920000076293945,28.420000076293945,28.729999542236328,22.37215614318848,228200
2021-06-07,FCPT,28.450000762939453,28.920000076293945,28.420000076293945,28.729999542236328,22.37215614318848,228200
2021-06-08,FCPT,28.75,29.170000076293945,28.61000061035156,28.959999084472656,22.551258087158203,275200
2021-06-08,FCPT,28.75,29.170000076293945,28.61000061035156,28.959999084472656,22.551258087158203,275200
2021-06-09,FCPT,29.13999938964844,29.25,29.01000022888184,29.01000022888184,22.590198516845703,204600
2021-06-09,FCPT,29.13999938964844,29.25,29.01000022888184,29.01000022888184,22.590198516845703,204600
2021-06-10,FCPT,29.01000022888184,29.059999465942383,28.790000915527344,28.959999084472656,22.551258087158203,422900
2021-06-10,FCPT,29.01000022888184,29.059999465942383,28.790000915527344,28.959999084472656,22.551258087158203,422900
2021-06-11,FCPT,28.950000762939453,28.950000762939453,28.549999237060547,28.6200008392334,22.2865047454834,258700
2021-06-11,FCPT,28.950000762939453,28.950000762939453,28.549999237060547,28.6200008392334,22.2865047454834,258700
2021-06-14,FCPT,28.549999237060547,29.01000022888184,28.549999237060547,28.959999084472656,22.551258087158203,242500
2021-06-14,FCPT,28.549999237060547,29.01000022888184,28.549999237060547,28.959999084472656,22.551258087158203,242500
2021-06-15,FCPT,28.96999931335449,29.020000457763672,28.68000030517578,28.790000915527344,22.418880462646484,247300
2021-06-15,FCPT,28.96999931335449,29.020000457763672,28.68000030517578,28.790000915527344,22.418880462646484,247300
2021-06-16,FCPT,28.82999992370605,29.0,28.63999938964844,28.68000030517578,22.333223342895508,412800
2021-06-16,FCPT,28.82999992370605,29.0,28.63999938964844,28.68000030517578,22.333223342895508,412800
2021-06-17,FCPT,28.670000076293945,28.850000381469727,28.459999084472656,28.809999465942383,22.4344539642334,485300
2021-06-17,FCPT,28.670000076293945,28.850000381469727,28.459999084472656,28.809999465942383,22.4344539642334,485300
2021-06-18,FCPT,28.56999969482422,28.780000686645508,28.26000022888184,28.56999969482422,22.2475643157959,784900
2021-06-18,FCPT,28.56999969482422,28.780000686645508,28.26000022888184,28.56999969482422,22.2475643157959,784900
2021-06-21,FCPT,28.790000915527344,29.059999465942383,28.489999771118164,29.040000915527344,22.61355972290039,479100
2021-06-21,FCPT,28.790000915527344,29.059999465942383,28.489999771118164,29.040000915527344,22.61355972290039,479100
2021-06-22,FCPT,29.040000915527344,29.209999084472656,28.780000686645508,29.030000686645508,22.605772018432617,402600
2021-06-22,FCPT,29.040000915527344,29.209999084472656,28.780000686645508,29.030000686645508,22.605772018432617,402600
2021-06-23,FCPT,29.059999465942383,29.170000076293945,28.899999618530277,29.030000686645508,22.605772018432617,485300
2021-06-23,FCPT,29.059999465942383,29.170000076293945,28.899999618530277,29.030000686645508,22.605772018432617,485300
2021-06-24,FCPT,29.07999992370605,29.18000030517578,28.76000022888184,28.920000076293945,22.52010726928711,519800
2021-06-24,FCPT,29.07999992370605,29.18000030517578,28.76000022888184,28.920000076293945,22.52010726928711,519800
2021-06-25,FCPT,28.989999771118164,28.989999771118164,27.84000015258789,28.07999992370605,21.86599922180176,4131800
2021-06-25,FCPT,28.989999771118164,28.989999771118164,27.84000015258789,28.07999992370605,21.86599922180176,4131800
2021-06-28,FCPT,28.229999542236328,28.31999969482422,27.770000457763672,27.950000762939453,21.7647705078125,446800
2021-06-28,FCPT,28.229999542236328,28.31999969482422,27.770000457763672,27.950000762939453,21.7647705078125,446800
2021-06-29,FCPT,27.739999771118164,28.06999969482422,27.450000762939453,27.559999465942383,21.70806121826172,384700
2021-06-29,FCPT,27.739999771118164,28.06999969482422,27.450000762939453,27.559999465942383,21.70806121826172,384700
2021-06-30,FCPT,27.6299991607666,27.850000381469727,27.420000076293945,27.61000061035156,21.74744033813477,376000
2021-06-30,FCPT,27.6299991607666,27.850000381469727,27.420000076293945,27.61000061035156,21.74744033813477,376000
2021-07-01,FCPT,27.670000076293945,28.01000022888184,27.51000022888184,27.770000457763672,21.87346649169922,229900
2021-07-01,FCPT,27.670000076293945,28.01000022888184,27.51000022888184,27.770000457763672,21.87346649169922,229900
2021-07-02,FCPT,27.8700008392334,28.100000381469727,27.739999771118164,27.8700008392334,21.952238082885746,299200
2021-07-02,FCPT,27.8700008392334,28.100000381469727,27.739999771118164,27.8700008392334,21.952238082885746,299200
2021-07-06,FCPT,27.90999984741211,28.43000030517578,27.56999969482422,28.36000061035156,22.33819007873535,482600
2021-07-06,FCPT,27.90999984741211,28.43000030517578,27.56999969482422,28.36000061035156,22.33819007873535,482600
2021-07-07,FCPT,28.350000381469727,28.489999771118164,28.09000015258789,28.239999771118164,22.243667602539062,348200
2021-07-07,FCPT,28.350000381469727,28.489999771118164,28.09000015258789,28.239999771118164,22.243667602539062,348200
2021-07-08,FCPT,28.020000457763672,28.209999084472656,27.670000076293945,28.06999969482422,22.109764099121094,328900
2021-07-08,FCPT,28.020000457763672,28.209999084472656,27.670000076293945,28.06999969482422,22.109764099121094,328900
2021-07-09,FCPT,28.270000457763672,28.82999992370605,28.229999542236328,28.809999465942383,22.6926383972168,747100
2021-07-09,FCPT,28.270000457763672,28.82999992370605,28.229999542236328,28.809999465942383,22.6926383972168,747100
2021-07-12,FCPT,28.729999542236328,29.170000076293945,28.68000030517578,29.149999618530277,22.96044540405273,498200
2021-07-12,FCPT,28.729999542236328,29.170000076293945,28.68000030517578,29.149999618530277,22.96044540405273,498200
2021-07-13,FCPT,28.950000762939453,29.149999618530277,28.59000015258789,28.600000381469727,22.527231216430664,904700
2021-07-13,FCPT,28.950000762939453,29.149999618530277,28.59000015258789,28.600000381469727,22.527231216430664,904700
2021-07-14,FCPT,28.59000015258789,28.780000686645508,28.38999938964844,28.649999618530277,22.56661605834961,299600
2021-07-14,FCPT,28.59000015258789,28.780000686645508,28.38999938964844,28.649999618530277,22.56661605834961,299600
2021-07-15,FCPT,28.559999465942383,28.75,28.399999618530277,28.68000030517578,22.590238571166992,252900
2021-07-15,FCPT,28.559999465942383,28.75,28.399999618530277,28.68000030517578,22.590238571166992,252900
2021-07-16,FCPT,28.82999992370605,29.1200008392334,28.549999237060547,28.780000686645508,22.66901016235352,285800
2021-07-16,FCPT,28.82999992370605,29.1200008392334,28.549999237060547,28.780000686645508,22.66901016235352,285800
2021-07-19,FCPT,28.36000061035156,28.540000915527344,27.81999969482422,28.07999992370605,22.11764144897461,619100
2021-07-19,FCPT,28.36000061035156,28.540000915527344,27.81999969482422,28.07999992370605,22.11764144897461,619100
2021-07-20,FCPT,28.299999237060547,29.31999969482422,28.299999237060547,29.020000457763672,22.858049392700195,405500
2021-07-20,FCPT,28.299999237060547,29.31999969482422,28.299999237060547,29.020000457763672,22.858049392700195,405500
2021-07-21,FCPT,29.06999969482422,29.46999931335449,28.8700008392334,28.950000762939453,22.802913665771484,401500
2021-07-21,FCPT,29.06999969482422,29.46999931335449,28.8700008392334,28.950000762939453,22.802913665771484,401500
2021-07-22,FCPT,28.75,28.8700008392334,28.540000915527344,28.739999771118164,22.637500762939453,195200
2021-07-22,FCPT,28.75,28.8700008392334,28.540000915527344,28.739999771118164,22.637500762939453,195200
2021-07-23,FCPT,28.75,29.18000030517578,28.649999618530277,29.09000015258789,22.913183212280277,279800
2021-07-23,FCPT,28.75,29.18000030517578,28.649999618530277,29.09000015258789,22.913183212280277,279800
2021-07-26,FCPT,29.209999084472656,29.43000030517578,28.76000022888184,28.940000534057617,22.79503631591797,213000
2021-07-26,FCPT,29.209999084472656,29.43000030517578,28.76000022888184,28.940000534057617,22.79503631591797,213000
2021-07-27,FCPT,28.790000915527344,29.049999237060547,28.76000022888184,29.020000457763672,22.858049392700195,178500
2021-07-27,FCPT,28.790000915527344,29.049999237060547,28.76000022888184,29.020000457763672,22.858049392700195,178500
2021-07-28,FCPT,29.01000022888184,29.13999938964844,28.56999969482422,28.739999771118164,22.637500762939453,267300
2021-07-28,FCPT,29.01000022888184,29.13999938964844,28.56999969482422,28.739999771118164,22.637500762939453,267300
2021-07-29,FCPT,28.950000762939453,29.15999984741211,28.8700008392334,28.90999984741211,22.771404266357425,170600
2021-07-29,FCPT,28.950000762939453,29.15999984741211,28.8700008392334,28.90999984741211,22.771404266357425,170600
2021-07-30,FCPT,28.959999084472656,29.489999771118164,28.65999984741211,28.709999084472656,22.613868713378903,319100
2021-07-30,FCPT,28.959999084472656,29.489999771118164,28.65999984741211,28.709999084472656,22.613868713378903,319100
2021-08-02,FCPT,28.93000030517578,29.450000762939453,28.6299991607666,28.690000534057617,22.598121643066406,243100
2021-08-02,FCPT,28.93000030517578,29.450000762939453,28.6299991607666,28.690000534057617,22.598121643066406,243100
2021-08-03,FCPT,28.8700008392334,28.8700008392334,28.299999237060547,28.559999465942383,22.49571990966797,291800
2021-08-03,FCPT,28.8700008392334,28.8700008392334,28.299999237060547,28.559999465942383,22.49571990966797,291800
2021-08-04,FCPT,28.3700008392334,28.700000762939453,28.190000534057617,28.229999542236328,22.23579406738281,304700
2021-08-04,FCPT,28.3700008392334,28.700000762939453,28.190000534057617,28.229999542236328,22.23579406738281,304700
2021-08-05,FCPT,29.57999992370605,29.57999992370605,28.549999237060547,29.100000381469727,22.921062469482425,326200
2021-08-05,FCPT,29.57999992370605,29.57999992370605,28.549999237060547,29.100000381469727,22.921062469482425,326200
2021-08-06,FCPT,29.21999931335449,29.350000381469727,28.540000915527344,28.690000534057617,22.598121643066406,239900
2021-08-06,FCPT,29.21999931335449,29.350000381469727,28.540000915527344,28.690000534057617,22.598121643066406,239900
2021-08-09,FCPT,28.57999992370605,28.61000061035156,28.21999931335449,28.290000915527344,22.283056259155277,136000
2021-08-09,FCPT,28.57999992370605,28.61000061035156,28.21999931335449,28.290000915527344,22.283056259155277,136000
2021-08-10,FCPT,28.149999618530277,28.149999618530277,27.479999542236328,27.51000022888184,21.66867446899414,258500
2021-08-10,FCPT,28.149999618530277,28.149999618530277,27.479999542236328,27.51000022888184,21.66867446899414,258500
2021-08-11,FCPT,27.63999938964844,27.700000762939453,27.420000076293945,27.540000915527344,21.69230461120605,238400
2021-08-11,FCPT,27.63999938964844,27.700000762939453,27.420000076293945,27.540000915527344,21.69230461120605,238400
2021-08-12,FCPT,27.5,27.600000381469727,27.209999084472656,27.350000381469727,21.54264640808105,303300
2021-08-12,FCPT,27.5,27.600000381469727,27.209999084472656,27.350000381469727,21.54264640808105,303300
2021-08-13,FCPT,27.190000534057617,27.459999084472656,27.18000030517578,27.3799991607666,21.5662784576416,216300
2021-08-13,FCPT,27.190000534057617,27.459999084472656,27.18000030517578,27.3799991607666,21.5662784576416,216300
2021-08-16,FCPT,27.350000381469727,27.670000076293945,27.18000030517578,27.239999771118164,21.456005096435547,245900
2021-08-16,FCPT,27.350000381469727,27.670000076293945,27.18000030517578,27.239999771118164,21.456005096435547,245900
2021-08-17,FCPT,27.059999465942383,27.229999542236328,26.729999542236328,27.209999084472656,21.432373046875,313000
2021-08-17,FCPT,27.059999465942383,27.229999542236328,26.729999542236328,27.209999084472656,21.432373046875,313000
2021-08-18,FCPT,27.01000022888184,27.399999618530277,26.81999969482422,27.290000915527344,21.49538803100586,368400
2021-08-18,FCPT,27.01000022888184,27.399999618530277,26.81999969482422,27.290000915527344,21.49538803100586,368400
2021-08-19,FCPT,27.1299991607666,27.46999931335449,26.899999618530277,27.31999969482422,21.519018173217773,393300
2021-08-19,FCPT,27.1299991607666,27.46999931335449,26.899999618530277,27.31999969482422,21.519018173217773,393300
2021-08-20,FCPT,27.32999992370605,27.809999465942383,27.1200008392334,27.6200008392334,21.75531768798828,727100
2021-08-20,FCPT,27.32999992370605,27.809999465942383,27.1200008392334,27.6200008392334,21.75531768798828,727100
2021-08-23,FCPT,27.600000381469727,27.670000076293945,27.209999084472656,27.3799991607666,21.5662784576416,211300
2021-08-23,FCPT,27.600000381469727,27.670000076293945,27.209999084472656,27.3799991607666,21.5662784576416,211300
2021-08-24,FCPT,27.38999938964844,27.479999542236328,27.01000022888184,27.149999618530277,21.38511276245117,239400
2021-08-24,FCPT,27.38999938964844,27.479999542236328,27.01000022888184,27.149999618530277,21.38511276245117,239400
2021-08-25,FCPT,27.11000061035156,27.690000534057617,27.01000022888184,27.450000762939453,21.62141227722168,206500
2021-08-25,FCPT,27.11000061035156,27.690000534057617,27.01000022888184,27.450000762939453,21.62141227722168,206500
2021-08-26,FCPT,27.3799991607666,27.8799991607666,27.11000061035156,27.459999084472656,21.629289627075195,255500
2021-08-26,FCPT,27.3799991607666,27.8799991607666,27.11000061035156,27.459999084472656,21.629289627075195,255500
2021-08-27,FCPT,27.63999938964844,28.1200008392334,27.51000022888184,27.989999771118164,22.046754837036133,288500
2021-08-27,FCPT,27.63999938964844,28.1200008392334,27.51000022888184,27.989999771118164,22.046754837036133,288500
2021-08-30,FCPT,28.13999938964844,28.420000076293945,27.850000381469727,28.3799991607666,22.353944778442383,364200
2021-08-30,FCPT,28.13999938964844,28.420000076293945,27.850000381469727,28.3799991607666,22.353944778442383,364200
2021-08-31,FCPT,28.440000534057617,28.6299991607666,28.280000686645508,28.61000061035156,22.535106658935547,546300
2021-08-31,FCPT,28.440000534057617,28.6299991607666,28.280000686645508,28.61000061035156,22.535106658935547,546300
2021-09-01,FCPT,28.770000457763672,28.920000076293945,28.59000015258789,28.770000457763672,22.661130905151367,276700
2021-09-01,FCPT,28.770000457763672,28.920000076293945,28.59000015258789,28.770000457763672,22.661130905151367,276700
2021-09-02,FCPT,28.8700008392334,28.8700008392334,28.61000061035156,28.75,22.645376205444336,262500
2021-09-02,FCPT,28.8700008392334,28.8700008392334,28.61000061035156,28.75,22.645376205444336,262500
2021-09-03,FCPT,28.71999931335449,29.020000457763672,28.540000915527344,29.0,22.842294692993164,362800
2021-09-03,FCPT,28.71999931335449,29.020000457763672,28.540000915527344,29.0,22.842294692993164,362800
2021-09-07,FCPT,28.959999084472656,29.049999237060547,28.1299991607666,28.13999938964844,22.164907455444336,319400
2021-09-07,FCPT,28.959999084472656,29.049999237060547,28.1299991607666,28.13999938964844,22.164907455444336,319400
2021-09-08,FCPT,28.07999992370605,28.479999542236328,27.899999618530277,28.11000061035156,22.14127540588379,815100
2021-09-08,FCPT,28.07999992370605,28.479999542236328,27.899999618530277,28.11000061035156,22.14127540588379,815100
2021-09-09,FCPT,28.0,28.15999984741211,27.239999771118164,27.239999771118164,21.456005096435547,426300
2021-09-09,FCPT,28.0,28.15999984741211,27.239999771118164,27.239999771118164,21.456005096435547,426300
2021-09-10,FCPT,27.350000381469727,27.36000061035156,26.65999984741211,26.670000076293945,21.00703811645508,389700
2021-09-10,FCPT,27.350000381469727,27.36000061035156,26.65999984741211,26.670000076293945,21.00703811645508,389700
2021-09-13,FCPT,26.739999771118164,27.200000762939453,26.709999084472656,27.049999237060547,21.306344985961918,275700
2021-09-13,FCPT,26.739999771118164,27.200000762939453,26.709999084472656,27.049999237060547,21.306344985961918,275700
2021-09-14,FCPT,27.309999465942383,27.32999992370605,26.780000686645508,27.170000076293945,21.40087127685547,376200
2021-09-14,FCPT,27.309999465942383,27.32999992370605,26.780000686645508,27.170000076293945,21.40087127685547,376200
2021-09-15,FCPT,27.11000061035156,27.32999992370605,26.8799991607666,27.299999237060547,21.50326538085937,406000
2021-09-15,FCPT,27.11000061035156,27.32999992370605,26.8799991607666,27.299999237060547,21.50326538085937,406000
2021-09-16,FCPT,27.34000015258789,27.700000762939453,27.21999931335449,27.520000457763672,21.676551818847656,435300
2021-09-16,FCPT,27.34000015258789,27.700000762939453,27.21999931335449,27.520000457763672,21.676551818847656,435300
2021-09-17,FCPT,27.61000061035156,27.63999938964844,27.0,27.290000915527344,21.49538803100586,1485300
2021-09-17,FCPT,27.61000061035156,27.63999938964844,27.0,27.290000915527344,21.49538803100586,1485300
2021-09-20,FCPT,27.13999938964844,27.440000534057617,27.020000457763672,27.32999992370605,21.52689552307129,665000
2021-09-20,FCPT,27.13999938964844,27.440000534057617,27.020000457763672,27.32999992370605,21.52689552307129,665000
2021-09-21,FCPT,27.38999938964844,27.549999237060547,27.15999984741211,27.200000762939453,21.42449951171875,338700
2021-09-21,FCPT,27.38999938964844,27.549999237060547,27.15999984741211,27.200000762939453,21.42449951171875,338700
2021-09-22,FCPT,27.290000915527344,27.649999618530277,27.18000030517578,27.51000022888184,21.66867446899414,420900
2021-09-22,FCPT,27.290000915527344,27.649999618530277,27.18000030517578,27.51000022888184,21.66867446899414,420900
2021-09-23,FCPT,27.6200008392334,27.75,27.26000022888184,27.420000076293945,21.5977840423584,373000
2021-09-23,FCPT,27.6200008392334,27.75,27.26000022888184,27.420000076293945,21.5977840423584,373000
2021-09-24,FCPT,27.270000457763672,27.6299991607666,27.25,27.459999084472656,21.629289627075195,629400
2021-09-24,FCPT,27.270000457763672,27.6299991607666,27.25,27.459999084472656,21.629289627075195,629400
2021-09-27,FCPT,27.59000015258789,27.84000015258789,27.07999992370605,27.11000061035156,21.35361099243164,325200
2021-09-27,FCPT,27.59000015258789,27.84000015258789,27.07999992370605,27.11000061035156,21.35361099243164,325200
2021-09-28,FCPT,26.90999984741211,27.440000534057617,26.649999618530277,27.299999237060547,21.50326538085937,348900
2021-09-28,FCPT,26.90999984741211,27.440000534057617,26.649999618530277,27.299999237060547,21.50326538085937,348900
2021-09-29,FCPT,27.420000076293945,27.799999237060547,27.31999969482422,27.559999465942383,21.70806121826172,218900
2021-09-29,FCPT,27.420000076293945,27.799999237060547,27.31999969482422,27.559999465942383,21.70806121826172,218900
2021-09-30,FCPT,27.700000762939453,27.76000022888184,26.850000381469727,26.86000061035156,21.15669059753418,415400
2021-09-30,FCPT,27.700000762939453,27.76000022888184,26.850000381469727,26.86000061035156,21.15669059753418,415400
2021-10-01,FCPT,26.979999542236328,27.549999237060547,26.920000076293945,27.309999465942383,21.511138916015625,476300
2021-10-01,FCPT,26.979999542236328,27.549999237060547,26.920000076293945,27.309999465942383,21.511138916015625,476300
2021-10-04,FCPT,27.200000762939453,27.5,26.979999542236328,27.1200008392334,21.36148452758789,333000
2021-10-04,FCPT,27.200000762939453,27.5,26.979999542236328,27.1200008392334,21.36148452758789,333000
2021-10-05,FCPT,27.209999084472656,27.420000076293945,26.979999542236328,27.36000061035156,21.550525665283203,438700
2021-10-05,FCPT,27.209999084472656,27.420000076293945,26.979999542236328,27.36000061035156,21.550525665283203,438700
2021-10-06,FCPT,26.770000457763672,27.3799991607666,26.700000762939453,27.36000061035156,21.80394554138184,275500
2021-10-06,FCPT,26.770000457763672,27.3799991607666,26.700000762939453,27.36000061035156,21.80394554138184,275500
2021-10-07,FCPT,27.420000076293945,27.59000015258789,27.07999992370605,27.209999084472656,21.684406280517575,351800
2021-10-07,FCPT,27.420000076293945,27.59000015258789,27.07999992370605,27.209999084472656,21.684406280517575,351800
2021-10-08,FCPT,27.06999969482422,27.36000061035156,27.040000915527344,27.200000762939453,21.67643928527832,271300
2021-10-08,FCPT,27.06999969482422,27.36000061035156,27.040000915527344,27.200000762939453,21.67643928527832,271300
2021-10-11,FCPT,27.190000534057617,27.75,27.170000076293945,27.71999931335449,22.090839385986328,143800
2021-10-11,FCPT,27.190000534057617,27.75,27.170000076293945,27.71999931335449,22.090839385986328,143800
2021-10-12,FCPT,27.780000686645508,28.11000061035156,27.549999237060547,27.959999084472656,22.282100677490234,234700
2021-10-12,FCPT,27.780000686645508,28.11000061035156,27.549999237060547,27.959999084472656,22.282100677490234,234700
2021-10-13,FCPT,27.979999542236328,28.459999084472656,27.799999237060547,28.450000762939453,22.67259788513184,285600
2021-10-13,FCPT,27.979999542236328,28.459999084472656,27.799999237060547,28.450000762939453,22.67259788513184,285600
2021-10-14,FCPT,28.59000015258789,28.700000762939453,28.31999969482422,28.68000030517578,22.85589027404785,180000
2021-10-14,FCPT,28.59000015258789,28.700000762939453,28.31999969482422,28.68000030517578,22.85589027404785,180000
2021-10-15,FCPT,28.940000534057617,29.1299991607666,28.6200008392334,28.76000022888184,22.91964340209961,350000
2021-10-15,FCPT,28.940000534057617,29.1299991607666,28.6200008392334,28.76000022888184,22.91964340209961,350000
2021-10-18,FCPT,28.700000762939453,28.920000076293945,28.489999771118164,28.600000381469727,22.79213523864746,253200
2021-10-18,FCPT,28.700000762939453,28.920000076293945,28.489999771118164,28.600000381469727,22.79213523864746,253200
2021-10-19,FCPT,28.65999984741211,28.700000762939453,28.34000015258789,28.51000022888184,22.72041320800781,334800
2021-10-19,FCPT,28.65999984741211,28.700000762939453,28.34000015258789,28.51000022888184,22.72041320800781,334800
2021-10-20,FCPT,28.61000061035156,29.100000381469727,28.530000686645508,29.049999237060547,23.150754928588867,284300
2021-10-20,FCPT,28.61000061035156,29.100000381469727,28.530000686645508,29.049999237060547,23.150754928588867,284300
2021-10-21,FCPT,28.96999931335449,29.170000076293945,28.84000015258789,29.030000686645508,23.134815216064453,308200
2021-10-21,FCPT,28.96999931335449,29.170000076293945,28.84000015258789,29.030000686645508,23.134815216064453,308200
2021-10-22,FCPT,29.100000381469727,29.239999771118164,28.86000061035156,29.059999465942383,23.15872573852539,216400
2021-10-22,FCPT,29.100000381469727,29.239999771118164,28.86000061035156,29.059999465942383,23.15872573852539,216400
2021-10-25,FCPT,29.049999237060547,29.36000061035156,28.799999237060547,29.290000915527344,23.34202003479004,200800
2021-10-25,FCPT,29.049999237060547,29.36000061035156,28.799999237060547,29.290000915527344,23.34202003479004,200800
2021-10-26,FCPT,29.280000686645508,29.88999938964844,29.26000022888184,29.700000762939453,23.66875648498535,318900
2021-10-26,FCPT,29.280000686645508,29.88999938964844,29.26000022888184,29.700000762939453,23.66875648498535,318900
2021-10-27,FCPT,29.61000061035156,30.100000381469727,29.25,29.43000030517578,23.45358657836914,289800
2021-10-27,FCPT,29.61000061035156,30.100000381469727,29.25,29.43000030517578,23.45358657836914,289800
2021-10-28,FCPT,29.59000015258789,29.690000534057617,29.059999465942383,29.239999771118164,23.30217170715332,283700
2021-10-28,FCPT,29.59000015258789,29.690000534057617,29.059999465942383,29.239999771118164,23.30217170715332,283700
2021-10-29,FCPT,29.270000457763672,29.40999984741211,28.90999984741211,29.0,23.11090850830078,401500
2021-10-29,FCPT,29.270000457763672,29.40999984741211,28.90999984741211,29.0,23.11090850830078,401500
2021-11-01,FCPT,29.07999992370605,29.190000534057617,28.479999542236328,29.07999992370605,23.17466354370117,440800
2021-11-01,FCPT,29.07999992370605,29.190000534057617,28.479999542236328,29.07999992370605,23.17466354370117,440800
2021-11-02,FCPT,29.239999771118164,29.36000061035156,28.850000381469727,28.86000061035156,22.99934196472168,397700
2021-11-02,FCPT,29.239999771118164,29.36000061035156,28.850000381469727,28.86000061035156,22.99934196472168,397700
2021-11-03,FCPT,28.8799991607666,29.43000030517578,28.86000061035156,28.950000762939453,23.07106208801269,766000
2021-11-03,FCPT,28.8799991607666,29.43000030517578,28.86000061035156,28.950000762939453,23.07106208801269,766000
2021-11-04,FCPT,29.1200008392334,29.190000534057617,28.59000015258789,28.81999969482422,22.96746063232422,379200
2021-11-04,FCPT,29.1200008392334,29.190000534057617,28.59000015258789,28.81999969482422,22.96746063232422,379200
2021-11-05,FCPT,29.1299991607666,29.790000915527344,29.1299991607666,29.56999969482422,23.565155029296875,415500
2021-11-05,FCPT,29.1299991607666,29.790000915527344,29.1299991607666,29.56999969482422,23.565155029296875,415500
2021-11-08,FCPT,29.709999084472656,29.709999084472656,29.0,29.450000762939453,23.469526290893555,671300
2021-11-08,FCPT,29.709999084472656,29.709999084472656,29.0,29.450000762939453,23.469526290893555,671300
2021-11-09,FCPT,29.479999542236328,29.520000457763672,29.170000076293945,29.280000686645508,23.33404541015625,475500
2021-11-09,FCPT,29.479999542236328,29.520000457763672,29.170000076293945,29.280000686645508,23.33404541015625,475500
2021-11-10,FCPT,29.3700008392334,29.450000762939453,28.84000015258789,28.90999984741211,23.0391845703125,393300
2021-11-10,FCPT,29.3700008392334,29.450000762939453,28.84000015258789,28.90999984741211,23.0391845703125,393300
2021-11-11,FCPT,28.8700008392334,28.8700008392334,28.6200008392334,28.809999465942383,22.959495544433597,299500
2021-11-11,FCPT,28.8700008392334,28.8700008392334,28.6200008392334,28.809999465942383,22.959495544433597,299500
2021-11-12,FCPT,28.8799991607666,29.0,28.3799991607666,28.40999984741211,22.640722274780277,245200
2021-11-12,FCPT,28.8799991607666,29.0,28.3799991607666,28.40999984741211,22.640722274780277,245200
2021-11-15,FCPT,28.479999542236328,28.6200008392334,28.32999992370605,28.600000381469727,22.79213523864746,307000
2021-11-15,FCPT,28.479999542236328,28.6200008392334,28.32999992370605,28.600000381469727,22.79213523864746,307000
2021-11-16,FCPT,28.71999931335449,28.71999931335449,28.280000686645508,28.399999618530277,22.63275146484375,316500
2021-11-16,FCPT,28.71999931335449,28.71999931335449,28.280000686645508,28.399999618530277,22.63275146484375,316500
2021-11-17,FCPT,28.290000915527344,28.43000030517578,27.780000686645508,28.049999237060547,22.35382843017578,323800
2021-11-17,FCPT,28.290000915527344,28.43000030517578,27.780000686645508,28.049999237060547,22.35382843017578,323800
2021-11-18,FCPT,27.96999931335449,28.309999465942383,27.899999618530277,28.18000030517578,22.457427978515625,544600
2021-11-18,FCPT,27.96999931335449,28.309999465942383,27.899999618530277,28.18000030517578,22.457427978515625,544600
2021-11-19,FCPT,28.100000381469727,28.36000061035156,27.899999618530277,28.239999771118164,22.50524139404297,766200
2021-11-19,FCPT,28.100000381469727,28.36000061035156,27.899999618530277,28.239999771118164,22.50524139404297,766200
2021-11-22,FCPT,28.239999771118164,28.56999969482422,28.190000534057617,28.239999771118164,22.50524139404297,335700
2021-11-22,FCPT,28.239999771118164,28.56999969482422,28.190000534057617,28.239999771118164,22.50524139404297,335700
2021-11-23,FCPT,28.290000915527344,28.5,28.020000457763672,28.15999984741211,22.44149208068848,287800
2021-11-23,FCPT,28.290000915527344,28.5,28.020000457763672,28.15999984741211,22.44149208068848,287800
2021-11-24,FCPT,28.059999465942383,28.489999771118164,27.950000762939453,28.350000381469727,22.592905044555664,574800
2021-11-24,FCPT,28.059999465942383,28.489999771118164,27.950000762939453,28.350000381469727,22.592905044555664,574800
2021-11-26,FCPT,27.739999771118164,27.76000022888184,26.96999931335449,27.200000762939453,21.67643928527832,258500
2021-11-26,FCPT,27.739999771118164,27.76000022888184,26.96999931335449,27.200000762939453,21.67643928527832,258500
2021-11-29,FCPT,27.479999542236328,27.5,27.09000015258789,27.200000762939453,21.67643928527832,292000
2021-11-29,FCPT,27.479999542236328,27.5,27.09000015258789,27.200000762939453,21.67643928527832,292000
2021-11-30,FCPT,26.96999931335449,27.40999984741211,26.850000381469727,27.020000457763672,21.53299331665039,586100
2021-11-30,FCPT,26.96999931335449,27.40999984741211,26.850000381469727,27.020000457763672,21.53299331665039,586100
2021-12-01,FCPT,27.399999618530277,27.84000015258789,26.63999938964844,26.649999618530277,21.238126754760746,344900
2021-12-01,FCPT,27.399999618530277,27.84000015258789,26.63999938964844,26.649999618530277,21.238126754760746,344900
2021-12-02,FCPT,26.799999237060547,27.76000022888184,26.76000022888184,27.479999542236328,21.89957618713379,280000
2021-12-02,FCPT,26.799999237060547,27.76000022888184,26.76000022888184,27.479999542236328,21.89957618713379,280000
2021-12-03,FCPT,27.540000915527344,27.700000762939453,27.1200008392334,27.3700008392334,21.811914443969727,1091700
2021-12-03,FCPT,27.540000915527344,27.700000762939453,27.1200008392334,27.3700008392334,21.811914443969727,1091700
2021-12-06,FCPT,27.729999542236328,28.520000457763672,27.729999542236328,28.270000457763672,22.529151916503903,361800
2021-12-06,FCPT,27.729999542236328,28.520000457763672,27.729999542236328,28.270000457763672,22.529151916503903,361800
2021-12-07,FCPT,28.450000762939453,28.549999237060547,27.940000534057617,28.059999465942383,22.361797332763672,796600
2021-12-07,FCPT,28.450000762939453,28.549999237060547,27.940000534057617,28.059999465942383,22.361797332763672,796600
2021-12-08,FCPT,28.190000534057617,29.049999237060547,27.88999938964844,28.899999618530277,23.03121757507324,1176100
2021-12-08,FCPT,28.190000534057617,29.049999237060547,27.88999938964844,28.899999618530277,23.03121757507324,1176100
2021-12-09,FCPT,28.690000534057617,28.690000534057617,28.290000915527344,28.32999992370605,22.576963424682617,391100
2021-12-09,FCPT,28.690000534057617,28.690000534057617,28.290000915527344,28.32999992370605,22.576963424682617,391100
2021-12-10,FCPT,28.350000381469727,28.420000076293945,27.959999084472656,28.1299991607666,22.41758155822754,311000
2021-12-10,FCPT,28.350000381469727,28.420000076293945,27.959999084472656,28.1299991607666,22.41758155822754,311000
2021-12-13,FCPT,27.950000762939453,28.5,27.950000762939453,28.36000061035156,22.60087203979492,379500
2021-12-13,FCPT,27.950000762939453,28.5,27.950000762939453,28.36000061035156,22.60087203979492,379500
2021-12-14,FCPT,28.350000381469727,28.51000022888184,28.0,28.149999618530277,22.43351936340332,815200
2021-12-14,FCPT,28.350000381469727,28.51000022888184,28.0,28.149999618530277,22.43351936340332,815200
2021-12-15,FCPT,28.209999084472656,28.57999992370605,27.950000762939453,28.479999542236328,22.69650650024414,678000
2021-12-15,FCPT,28.209999084472656,28.57999992370605,27.950000762939453,28.479999542236328,22.69650650024414,678000
2021-12-16,FCPT,28.51000022888184,28.600000381469727,28.020000457763672,28.200000762939453,22.473365783691406,581200
2021-12-16,FCPT,28.51000022888184,28.600000381469727,28.020000457763672,28.200000762939453,22.473365783691406,581200
2021-12-17,FCPT,28.049999237060547,28.43000030517578,27.950000762939453,28.18000030517578,22.457427978515625,1533900
2021-12-17,FCPT,28.049999237060547,28.43000030517578,27.950000762939453,28.18000030517578,22.457427978515625,1533900
2021-12-20,FCPT,27.81999969482422,27.86000061035156,27.26000022888184,27.739999771118164,22.106779098510746,331300
2021-12-20,FCPT,27.81999969482422,27.86000061035156,27.26000022888184,27.739999771118164,22.106779098510746,331300
2021-12-21,FCPT,27.84000015258789,28.540000915527344,27.84000015258789,28.5,22.71244430541992,294500
2021-12-21,FCPT,27.84000015258789,28.540000915527344,27.84000015258789,28.5,22.71244430541992,294500
2021-12-22,FCPT,28.59000015258789,28.780000686645508,28.530000686645508,28.729999542236328,22.89573860168457,229700
2021-12-22,FCPT,28.59000015258789,28.780000686645508,28.530000686645508,28.729999542236328,22.89573860168457,229700
2021-12-23,FCPT,28.959999084472656,29.0,28.56999969482422,28.670000076293945,22.84792137145996,200900
2021-12-23,FCPT,28.959999084472656,29.0,28.56999969482422,28.670000076293945,22.84792137145996,200900
2021-12-27,FCPT,28.76000022888184,29.25,28.6200008392334,29.229999542236328,23.294204711914062,225100
2021-12-27,FCPT,28.76000022888184,29.25,28.6200008392334,29.229999542236328,23.294204711914062,225100
2021-12-28,FCPT,29.13999938964844,29.3799991607666,29.100000381469727,29.209999084472656,23.278261184692383,237800
2021-12-28,FCPT,29.13999938964844,29.3799991607666,29.100000381469727,29.209999084472656,23.278261184692383,237800
2021-12-29,FCPT,29.38999938964844,29.729999542236328,29.020000457763672,29.690000534057617,23.660791397094727,381600
2021-12-29,FCPT,29.38999938964844,29.729999542236328,29.020000457763672,29.690000534057617,23.660791397094727,381600
2021-12-30,FCPT,29.75,30.09000015258789,29.709999084472656,29.76000022888184,23.716575622558597,353400
2021-12-30,FCPT,29.75,30.09000015258789,29.709999084472656,29.76000022888184,23.716575622558597,353400
2021-12-31,FCPT,29.520000457763672,29.68000030517578,29.31999969482422,29.40999984741211,23.70287704467773,281500
2021-12-31,FCPT,29.520000457763672,29.68000030517578,29.31999969482422,29.40999984741211,23.70287704467773,281500
2022-01-03,FCPT,29.600000381469727,29.68000030517578,28.920000076293945,29.299999237060547,23.614219665527344,422300
2022-01-03,FCPT,29.600000381469727,29.68000030517578,28.920000076293945,29.299999237060547,23.614219665527344,422300
2022-01-04,FCPT,29.489999771118164,29.809999465942383,29.489999771118164,29.530000686645508,23.79958915710449,314300
2022-01-04,FCPT,29.489999771118164,29.809999465942383,29.489999771118164,29.530000686645508,23.79958915710449,314300
2022-01-05,FCPT,29.600000381469727,29.790000915527344,28.90999984741211,28.90999984741211,23.299901962280277,586500
2022-01-05,FCPT,29.600000381469727,29.790000915527344,28.90999984741211,28.90999984741211,23.299901962280277,586500
2022-01-06,FCPT,29.040000915527344,29.309999465942383,28.76000022888184,28.82999992370605,23.23542213439941,495100
2022-01-06,FCPT,29.040000915527344,29.309999465942383,28.76000022888184,28.82999992370605,23.23542213439941,495100
2022-01-07,FCPT,28.670000076293945,28.8799991607666,28.420000076293945,28.46999931335449,22.945283889770508,1083400
2022-01-07,FCPT,28.670000076293945,28.8799991607666,28.420000076293945,28.46999931335449,22.945283889770508,1083400
2022-01-10,FCPT,28.229999542236328,28.38999938964844,27.93000030517578,28.229999542236328,22.75185775756836,393300
2022-01-10,FCPT,28.229999542236328,28.38999938964844,27.93000030517578,28.229999542236328,22.75185775756836,393300
2022-01-11,FCPT,28.32999992370605,28.38999938964844,27.899999618530277,28.18000030517578,22.711557388305664,383800
2022-01-11,FCPT,28.32999992370605,28.38999938964844,27.899999618530277,28.18000030517578,22.711557388305664,383800
2022-01-12,FCPT,28.09000015258789,28.40999984741211,27.940000534057617,27.959999084472656,22.534252166748047,241400
2022-01-12,FCPT,28.09000015258789,28.40999984741211,27.940000534057617,27.959999084472656,22.534252166748047,241400
2022-01-13,FCPT,28.13999938964844,28.459999084472656,28.07999992370605,28.299999237060547,22.808273315429688,211900
2022-01-13,FCPT,28.13999938964844,28.459999084472656,28.07999992370605,28.299999237060547,22.808273315429688,211900
2022-01-14,FCPT,28.07999992370605,28.280000686645508,27.700000762939453,28.049999237060547,22.606788635253903,207200
2022-01-14,FCPT,28.07999992370605,28.280000686645508,27.700000762939453,28.049999237060547,22.606788635253903,207200
2022-01-18,FCPT,27.850000381469727,28.0,27.59000015258789,27.790000915527344,22.397241592407227,327400
2022-01-18,FCPT,27.850000381469727,28.0,27.59000015258789,27.790000915527344,22.397241592407227,327400
2022-01-19,FCPT,27.780000686645508,28.209999084472656,27.34000015258789,27.399999618530277,22.08292007446289,304200
2022-01-19,FCPT,27.780000686645508,28.209999084472656,27.34000015258789,27.399999618530277,22.08292007446289,304200
2022-01-20,FCPT,27.40999984741211,27.709999084472656,26.86000061035156,26.959999084472656,21.728307723999023,405400
2022-01-20,FCPT,27.40999984741211,27.709999084472656,26.86000061035156,26.959999084472656,21.728307723999023,405400
2022-01-21,FCPT,27.030000686645508,27.43000030517578,26.88999938964844,27.020000457763672,21.776660919189453,427300
2022-01-21,FCPT,27.030000686645508,27.43000030517578,26.88999938964844,27.020000457763672,21.776660919189453,427300
2022-01-24,FCPT,26.75,27.09000015258789,26.07999992370605,26.989999771118164,21.752485275268555,623000
2022-01-24,FCPT,26.75,27.09000015258789,26.07999992370605,26.989999771118164,21.752485275268555,623000
2022-01-25,FCPT,26.61000061035156,27.399999618530277,26.36000061035156,27.209999084472656,21.92979049682617,467800
2022-01-25,FCPT,26.61000061035156,27.399999618530277,26.36000061035156,27.209999084472656,21.92979049682617,467800
2022-01-26,FCPT,27.350000381469727,27.739999771118164,26.479999542236328,26.700000762939453,21.51875877380371,303300
2022-01-26,FCPT,27.350000381469727,27.739999771118164,26.479999542236328,26.700000762939453,21.51875877380371,303300
2022-01-27,FCPT,26.700000762939453,27.200000762939453,26.1299991607666,26.3700008392334,21.252796173095703,351300
2022-01-27,FCPT,26.700000762939453,27.200000762939453,26.1299991607666,26.3700008392334,21.252796173095703,351300
2022-01-28,FCPT,26.18000030517578,27.01000022888184,25.979999542236328,26.989999771118164,21.752485275268555,302400
2022-01-28,FCPT,26.18000030517578,27.01000022888184,25.979999542236328,26.989999771118164,21.752485275268555,302400
2022-01-31,FCPT,26.780000686645508,27.1200008392334,26.71999931335449,27.06999969482422,21.816957473754883,576900
2022-01-31,FCPT,26.780000686645508,27.1200008392334,26.71999931335449,27.06999969482422,21.816957473754883,576900
2022-02-01,FCPT,27.1299991607666,27.299999237060547,26.850000381469727,27.01000022888184,21.768604278564453,295600
2022-02-01,FCPT,27.1299991607666,27.299999237060547,26.850000381469727,27.01000022888184,21.768604278564453,295600
2022-02-02,FCPT,26.989999771118164,27.15999984741211,26.84000015258789,26.96999931335449,21.73636245727539,815600
2022-02-02,FCPT,26.989999771118164,27.15999984741211,26.84000015258789,26.96999931335449,21.73636245727539,815600
2022-02-03,FCPT,26.739999771118164,26.809999465942383,26.450000762939453,26.46999931335449,21.333391189575195,405200
2022-02-03,FCPT,26.739999771118164,26.809999465942383,26.450000762939453,26.46999931335449,21.333391189575195,405200
2022-02-04,FCPT,26.270000457763672,26.540000915527344,25.86000061035156,26.209999084472656,21.12384414672852,318500
2022-02-04,FCPT,26.270000457763672,26.540000915527344,25.86000061035156,26.209999084472656,21.12384414672852,318500
2022-02-07,FCPT,26.13999938964844,26.229999542236328,25.920000076293945,25.96999931335449,20.930418014526367,295500
2022-02-07,FCPT,26.13999938964844,26.229999542236328,25.920000076293945,25.96999931335449,20.930418014526367,295500
2022-02-08,FCPT,25.989999771118164,26.059999465942383,25.75,25.809999465942383,20.801469802856445,236200
2022-02-08,FCPT,25.989999771118164,26.059999465942383,25.75,25.809999465942383,20.801469802856445,236200
2022-02-09,FCPT,25.950000762939453,26.15999984741211,25.899999618530277,26.13999938964844,21.067428588867188,337800
2022-02-09,FCPT,25.950000762939453,26.15999984741211,25.899999618530277,26.13999938964844,21.067428588867188,337800
2022-02-10,FCPT,25.809999465942383,26.229999542236328,25.540000915527344,25.600000381469727,20.632221221923828,770300
2022-02-10,FCPT,25.809999465942383,26.229999542236328,25.540000915527344,25.600000381469727,20.632221221923828,770300
2022-02-11,FCPT,25.790000915527344,26.07999992370605,25.61000061035156,25.850000381469727,20.833703994750977,375500
2022-02-11,FCPT,25.790000915527344,26.07999992370605,25.61000061035156,25.850000381469727,20.833703994750977,375500
2022-02-14,FCPT,25.96999931335449,26.190000534057617,25.700000762939453,25.950000762939453,20.91429901123047,481200
2022-02-14,FCPT,25.96999931335449,26.190000534057617,25.700000762939453,25.950000762939453,20.91429901123047,481200
2022-02-15,FCPT,26.170000076293945,26.3700008392334,25.989999771118164,26.1299991607666,21.059370040893555,265800
2022-02-15,FCPT,26.170000076293945,26.3700008392334,25.989999771118164,26.1299991607666,21.059370040893555,265800
2022-02-16,FCPT,26.190000534057617,26.420000076293945,26.09000015258789,26.32999992370605,21.220558166503903,430900
2022-02-16,FCPT,26.190000534057617,26.420000076293945,26.09000015258789,26.32999992370605,21.220558166503903,430900
2022-02-17,FCPT,26.729999542236328,26.729999542236328,26.059999465942383,26.40999984741211,21.2850341796875,554800
2022-02-17,FCPT,26.729999542236328,26.729999542236328,26.059999465942383,26.40999984741211,21.2850341796875,554800
2022-02-18,FCPT,26.5,26.75,26.1299991607666,26.26000022888184,21.164142608642575,427400
2022-02-18,FCPT,26.5,26.75,26.1299991607666,26.26000022888184,21.164142608642575,427400
2022-02-22,FCPT,26.200000762939453,26.36000061035156,25.84000015258789,26.13999938964844,21.067428588867188,552300
2022-02-22,FCPT,26.200000762939453,26.36000061035156,25.84000015258789,26.13999938964844,21.067428588867188,552300
2022-02-23,FCPT,26.3799991607666,26.670000076293945,26.059999465942383,26.100000381469727,21.03519058227539,508200
2022-02-23,FCPT,26.3799991607666,26.670000076293945,26.059999465942383,26.100000381469727,21.03519058227539,508200
2022-02-24,FCPT,25.799999237060547,26.38999938964844,25.68000030517578,26.280000686645508,21.18026161193848,785000
2022-02-24,FCPT,25.799999237060547,26.38999938964844,25.68000030517578,26.280000686645508,21.18026161193848,785000
2022-02-25,FCPT,26.43000030517578,26.8700008392334,26.18000030517578,26.71999931335449,21.534875869750977,425200
2022-02-25,FCPT,26.43000030517578,26.8700008392334,26.18000030517578,26.71999931335449,21.534875869750977,425200
2022-02-28,FCPT,26.61000061035156,26.780000686645508,26.06999969482422,26.3799991607666,21.26085662841797,839000
2022-02-28,FCPT,26.61000061035156,26.780000686645508,26.06999969482422,26.3799991607666,21.26085662841797,839000
2022-03-01,FCPT,26.270000457763672,26.459999084472656,25.76000022888184,26.01000022888184,20.9626522064209,443200
2022-03-01,FCPT,26.270000457763672,26.459999084472656,25.76000022888184,26.01000022888184,20.9626522064209,443200
2022-03-02,FCPT,26.25,26.5,25.950000762939453,26.43000030517578,21.3011531829834,293600
2022-03-02,FCPT,26.25,26.5,25.950000762939453,26.43000030517578,21.3011531829834,293600
2022-03-03,FCPT,26.43000030517578,26.770000457763672,26.200000762939453,26.76000022888184,21.567115783691406,405900
2022-03-03,FCPT,26.43000030517578,26.770000457763672,26.200000762939453,26.76000022888184,21.567115783691406,405900
2022-03-04,FCPT,26.700000762939453,27.309999465942383,26.559999465942383,27.280000686645508,21.986207962036133,562500
2022-03-04,FCPT,26.700000762939453,27.309999465942383,26.559999465942383,27.280000686645508,21.986207962036133,562500
2022-03-07,FCPT,27.399999618530277,27.40999984741211,26.3700008392334,26.440000534057617,21.30921173095703,576500
2022-03-07,FCPT,27.399999618530277,27.40999984741211,26.3700008392334,26.440000534057617,21.30921173095703,576500
2022-03-08,FCPT,26.36000061035156,26.81999969482422,26.190000534057617,26.38999938964844,21.2689151763916,568700
2022-03-08,FCPT,26.36000061035156,26.81999969482422,26.190000534057617,26.38999938964844,21.2689151763916,568700
2022-03-09,FCPT,26.799999237060547,26.90999984741211,26.43000030517578,26.459999084472656,21.32533264160156,421100
2022-03-09,FCPT,26.799999237060547,26.90999984741211,26.43000030517578,26.459999084472656,21.32533264160156,421100
2022-03-10,FCPT,26.07999992370605,27.01000022888184,26.0,26.93000030517578,21.70412826538086,503100
2022-03-10,FCPT,26.07999992370605,27.01000022888184,26.0,26.93000030517578,21.70412826538086,503100
2022-03-11,FCPT,27.07999992370605,27.26000022888184,26.93000030517578,27.0,21.76054573059082,330100
2022-03-11,FCPT,27.07999992370605,27.26000022888184,26.93000030517578,27.0,21.76054573059082,330100
2022-03-14,FCPT,27.18000030517578,27.18000030517578,26.420000076293945,26.600000381469727,21.43816375732422,278700
2022-03-14,FCPT,27.18000030517578,27.18000030517578,26.420000076293945,26.600000381469727,21.43816375732422,278700
2022-03-15,FCPT,26.75,26.920000076293945,26.5,26.6200008392334,21.454288482666016,574100
2022-03-15,FCPT,26.75,26.920000076293945,26.5,26.6200008392334,21.454288482666016,574100
2022-03-16,FCPT,26.68000030517578,26.82999992370605,26.01000022888184,26.549999237060547,21.397863388061523,362000
2022-03-16,FCPT,26.68000030517578,26.82999992370605,26.01000022888184,26.549999237060547,21.397863388061523,362000
2022-03-17,FCPT,26.34000015258789,26.75,26.26000022888184,26.450000762939453,21.31727409362793,761200
2022-03-17,FCPT,26.34000015258789,26.75,26.26000022888184,26.450000762939453,21.31727409362793,761200
2022-03-18,FCPT,26.649999618530277,26.649999618530277,26.239999771118164,26.61000061035156,21.44622611999512,964800
2022-03-18,FCPT,26.649999618530277,26.649999618530277,26.239999771118164,26.61000061035156,21.44622611999512,964800
2022-03-21,FCPT,26.51000022888184,26.82999992370605,26.26000022888184,26.399999618530277,21.276973724365234,197400
2022-03-21,FCPT,26.51000022888184,26.82999992370605,26.26000022888184,26.399999618530277,21.276973724365234,197400
2022-03-22,FCPT,26.530000686645508,26.76000022888184,26.40999984741211,26.5,21.357568740844727,451600
2022-03-22,FCPT,26.530000686645508,26.76000022888184,26.40999984741211,26.5,21.357568740844727,451600
2022-03-23,FCPT,26.38999938964844,26.559999465942383,26.1200008392334,26.200000762939453,21.11578750610352,243700
2022-03-23,FCPT,26.38999938964844,26.559999465942383,26.1200008392334,26.200000762939453,21.11578750610352,243700
2022-03-24,FCPT,26.18000030517578,26.32999992370605,26.049999237060547,26.32999992370605,21.220558166503903,329100
2022-03-24,FCPT,26.18000030517578,26.32999992370605,26.049999237060547,26.32999992370605,21.220558166503903,329100
2022-03-25,FCPT,26.46999931335449,26.549999237060547,26.3799991607666,26.540000915527344,21.389812469482425,364900
2022-03-25,FCPT,26.46999931335449,26.549999237060547,26.3799991607666,26.540000915527344,21.389812469482425,364900
2022-03-28,FCPT,26.59000015258789,26.670000076293945,26.43000030517578,26.56999969482422,21.41398429870605,366800
2022-03-28,FCPT,26.59000015258789,26.670000076293945,26.43000030517578,26.56999969482422,21.41398429870605,366800
2022-03-29,FCPT,26.850000381469727,27.38999938964844,26.700000762939453,27.26000022888184,21.9700870513916,690400
2022-03-29,FCPT,26.850000381469727,27.38999938964844,26.700000762939453,27.26000022888184,21.9700870513916,690400
2022-03-30,FCPT,27.149999618530277,27.25,26.700000762939453,26.770000457763672,21.84198760986328,274000
2022-03-30,FCPT,27.149999618530277,27.25,26.700000762939453,26.770000457763672,21.84198760986328,274000
2022-03-31,FCPT,26.84000015258789,27.3799991607666,26.84000015258789,27.040000915527344,22.06228828430176,1155000
2022-03-31,FCPT,26.84000015258789,27.3799991607666,26.84000015258789,27.040000915527344,22.06228828430176,1155000
2022-04-01,FCPT,27.18000030517578,27.75,27.170000076293945,27.690000534057617,22.59263038635254,819500
2022-04-01,FCPT,27.18000030517578,27.75,27.170000076293945,27.690000534057617,22.59263038635254,819500
2022-04-04,FCPT,27.76000022888184,27.76000022888184,27.270000457763672,27.520000457763672,22.45392417907715,729700
2022-04-04,FCPT,27.76000022888184,27.76000022888184,27.270000457763672,27.520000457763672,22.45392417907715,729700
2022-04-05,FCPT,27.420000076293945,27.76000022888184,27.1200008392334,27.43000030517578,22.3804931640625,1153900
2022-04-05,FCPT,27.420000076293945,27.76000022888184,27.1200008392334,27.43000030517578,22.3804931640625,1153900
2022-04-06,FCPT,27.420000076293945,27.8799991607666,27.299999237060547,27.700000762939453,22.600791931152344,1330000
2022-04-06,FCPT,27.420000076293945,27.8799991607666,27.299999237060547,27.700000762939453,22.600791931152344,1330000
2022-04-07,FCPT,27.700000762939453,27.790000915527344,27.420000076293945,27.690000534057617,22.59263038635254,1174100
2022-04-07,FCPT,27.700000762939453,27.790000915527344,27.420000076293945,27.690000534057617,22.59263038635254,1174100
2022-04-08,FCPT,27.690000534057617,28.020000457763672,27.559999465942383,27.86000061035156,22.73133659362793,845200
2022-04-08,FCPT,27.690000534057617,28.020000457763672,27.559999465942383,27.86000061035156,22.73133659362793,845200
2022-04-11,FCPT,27.86000061035156,28.190000534057617,27.63999938964844,28.13999938964844,22.959793090820312,1031200
2022-04-11,FCPT,27.86000061035156,28.190000534057617,27.63999938964844,28.13999938964844,22.959793090820312,1031200
2022-04-12,FCPT,28.200000762939453,28.6200008392334,28.170000076293945,28.3799991607666,23.155611038208008,1265900
2022-04-12,FCPT,28.200000762939453,28.6200008392334,28.170000076293945,28.3799991607666,23.155611038208008,1265900
2022-04-13,FCPT,28.420000076293945,28.770000457763672,28.36000061035156,28.770000457763672,23.47381591796875,810000
2022-04-13,FCPT,28.420000076293945,28.770000457763672,28.36000061035156,28.770000457763672,23.47381591796875,810000
2022-04-14,FCPT,28.850000381469727,29.06999969482422,28.75,29.01000022888184,23.66963577270508,560500
2022-04-14,FCPT,28.850000381469727,29.06999969482422,28.75,29.01000022888184,23.66963577270508,560500
2022-04-18,FCPT,29.0,29.40999984741211,28.940000534057617,29.239999771118164,23.8572940826416,807400
2022-04-18,FCPT,29.0,29.40999984741211,28.940000534057617,29.239999771118164,23.8572940826416,807400
2022-04-19,FCPT,29.309999465942383,29.670000076293945,29.290000915527344,29.51000022888184,24.07758903503418,736100
2022-04-19,FCPT,29.309999465942383,29.670000076293945,29.290000915527344,29.51000022888184,24.07758903503418,736100
2022-04-20,FCPT,29.68000030517578,29.979999542236328,29.59000015258789,29.71999931335449,24.248931884765625,889100
2022-04-20,FCPT,29.68000030517578,29.979999542236328,29.59000015258789,29.71999931335449,24.248931884765625,889100
2022-04-21,FCPT,29.88999938964844,30.049999237060547,29.670000076293945,29.84000015258789,24.346843719482425,942000
2022-04-21,FCPT,29.88999938964844,30.049999237060547,29.670000076293945,29.84000015258789,24.346843719482425,942000
2022-04-22,FCPT,29.84000015258789,30.1299991607666,29.6299991607666,29.729999542236328,24.25709342956543,1002800
2022-04-22,FCPT,29.84000015258789,30.1299991607666,29.6299991607666,29.729999542236328,24.25709342956543,1002800
2022-04-25,FCPT,29.65999984741211,29.809999465942383,28.989999771118164,29.46999931335449,24.044952392578125,714300
2022-04-25,FCPT,29.65999984741211,29.809999465942383,28.989999771118164,29.46999931335449,24.044952392578125,714300
2022-04-26,FCPT,29.399999618530277,29.489999771118164,28.56999969482422,28.71999931335449,23.43302345275879,1086800
2022-04-26,FCPT,29.399999618530277,29.489999771118164,28.56999969482422,28.71999931335449,23.43302345275879,1086800
2022-04-27,FCPT,29.26000022888184,29.26000022888184,28.06999969482422,28.09000015258789,22.918994903564453,1073500
2022-04-27,FCPT,29.26000022888184,29.26000022888184,28.06999969482422,28.09000015258789,22.918994903564453,1073500
2022-04-28,FCPT,28.11000061035156,28.93000030517578,27.950000762939453,28.88999938964844,23.571725845336918,660100
2022-04-28,FCPT,28.11000061035156,28.93000030517578,27.950000762939453,28.88999938964844,23.571725845336918,660100
2022-04-29,FCPT,28.790000915527344,28.850000381469727,27.40999984741211,27.459999084472656,22.404972076416016,923500
2022-04-29,FCPT,28.790000915527344,28.850000381469727,27.40999984741211,27.459999084472656,22.404972076416016,923500
2022-05-02,FCPT,27.5,27.729999542236328,26.07999992370605,26.540000915527344,21.65433120727539,498200
2022-05-02,FCPT,27.5,27.729999542236328,26.07999992370605,26.540000915527344,21.65433120727539,498200
2022-05-03,FCPT,26.51000022888184,27.21999931335449,26.459999084472656,27.049999237060547,22.070444107055664,560300
2022-05-03,FCPT,26.51000022888184,27.21999931335449,26.459999084472656,27.049999237060547,22.070444107055664,560300
2022-05-04,FCPT,26.940000534057617,27.61000061035156,26.90999984741211,27.559999465942383,22.48656272888184,325300
2022-05-04,FCPT,26.940000534057617,27.61000061035156,26.90999984741211,27.559999465942383,22.48656272888184,325300
2022-05-05,FCPT,27.31999969482422,27.540000915527344,26.75,26.959999084472656,21.99701499938965,312600
2022-05-05,FCPT,27.31999969482422,27.540000915527344,26.75,26.959999084472656,21.99701499938965,312600
2022-05-06,FCPT,26.76000022888184,26.88999938964844,26.18000030517578,26.540000915527344,21.65433120727539,330100
2022-05-06,FCPT,26.76000022888184,26.88999938964844,26.18000030517578,26.540000915527344,21.65433120727539,330100
2022-05-09,FCPT,26.299999237060547,26.440000534057617,25.670000076293945,25.729999542236328,20.99343681335449,482100
2022-05-09,FCPT,26.299999237060547,26.440000534057617,25.670000076293945,25.729999542236328,20.99343681335449,482100
2022-05-10,FCPT,25.90999984741211,26.100000381469727,25.1299991607666,25.36000061035156,20.691553115844727,672900
2022-05-10,FCPT,25.90999984741211,26.100000381469727,25.1299991607666,25.36000061035156,20.691553115844727,672900
2022-05-11,FCPT,25.46999931335449,25.8700008392334,25.100000381469727,25.280000686645508,20.62628173828125,369300
2022-05-11,FCPT,25.46999931335449,25.8700008392334,25.100000381469727,25.280000686645508,20.62628173828125,369300
2022-05-12,FCPT,25.32999992370605,26.0,25.1200008392334,25.93000030517578,21.15662384033203,522500
2022-05-12,FCPT,25.32999992370605,26.0,25.1200008392334,25.93000030517578,21.15662384033203,522500
2022-05-13,FCPT,26.13999938964844,26.600000381469727,25.88999938964844,26.51000022888184,21.629852294921875,600600
2022-05-13,FCPT,26.13999938964844,26.600000381469727,25.88999938964844,26.51000022888184,21.629852294921875,600600
2022-05-16,FCPT,26.40999984741211,26.780000686645508,26.25,26.700000762939453,21.784875869750977,327900
2022-05-16,FCPT,26.40999984741211,26.780000686645508,26.25,26.700000762939453,21.784875869750977,327900
2022-05-17,FCPT,26.940000534057617,27.239999771118164,26.649999618530277,27.209999084472656,22.200990676879883,321800
2022-05-17,FCPT,26.940000534057617,27.239999771118164,26.649999618530277,27.209999084472656,22.200990676879883,321800
2022-05-18,FCPT,26.940000534057617,27.0,26.36000061035156,26.479999542236328,21.60537338256836,520100
2022-05-18,FCPT,26.940000534057617,27.0,26.36000061035156,26.479999542236328,21.60537338256836,520100
2022-05-19,FCPT,26.200000762939453,26.530000686645508,25.989999771118164,26.15999984741211,21.344284057617188,427800
2022-05-19,FCPT,26.200000762939453,26.530000686645508,25.989999771118164,26.15999984741211,21.344284057617188,427800
2022-05-20,FCPT,26.5,26.549999237060547,25.959999084472656,26.399999618530277,21.540102005004883,293800
2022-05-20,FCPT,26.5,26.549999237060547,25.959999084472656,26.399999618530277,21.540102005004883,293800
2022-05-23,FCPT,26.549999237060547,26.549999237060547,26.059999465942383,26.31999969482422,21.474828720092773,390500
2022-05-23,FCPT,26.549999237060547,26.549999237060547,26.059999465942383,26.31999969482422,21.474828720092773,390500
2022-05-24,FCPT,26.18000030517578,26.790000915527344,25.8700008392334,26.709999084472656,21.793031692504883,528400
2022-05-24,FCPT,26.18000030517578,26.790000915527344,25.8700008392334,26.709999084472656,21.793031692504883,528400
2022-05-25,FCPT,26.729999542236328,27.200000762939453,26.71999931335449,27.07999992370605,22.09492301940918,300400
2022-05-25,FCPT,26.729999542236328,27.200000762939453,26.71999931335449,27.07999992370605,22.09492301940918,300400
2022-05-26,FCPT,27.299999237060547,27.36000061035156,27.06999969482422,27.07999992370605,22.09492301940918,365600
2022-05-26,FCPT,27.299999237060547,27.36000061035156,27.06999969482422,27.07999992370605,22.09492301940918,365600
2022-05-27,FCPT,27.3799991607666,27.75,27.170000076293945,27.59000015258789,22.511035919189453,343000
2022-05-27,FCPT,27.3799991607666,27.75,27.170000076293945,27.59000015258789,22.511035919189453,343000
2022-05-31,FCPT,27.520000457763672,27.709999084472656,27.25,27.56999969482422,22.49472045898437,602900
2022-05-31,FCPT,27.520000457763672,27.709999084472656,27.25,27.56999969482422,22.49472045898437,602900
2022-06-01,FCPT,27.46999931335449,27.670000076293945,27.030000686645508,27.440000534057617,22.388648986816406,390000
2022-06-01,FCPT,27.46999931335449,27.670000076293945,27.030000686645508,27.440000534057617,22.388648986816406,390000
2022-06-02,FCPT,27.5,27.770000457763672,27.030000686645508,27.75,22.641584396362305,255500
2022-06-02,FCPT,27.5,27.770000457763672,27.030000686645508,27.75,22.641584396362305,255500
2022-06-03,FCPT,27.559999465942383,27.739999771118164,27.34000015258789,27.450000762939453,22.396812438964844,216800
2022-06-03,FCPT,27.559999465942383,27.739999771118164,27.34000015258789,27.450000762939453,22.396812438964844,216800
2022-06-06,FCPT,27.76000022888184,27.920000076293945,27.38999938964844,27.520000457763672,22.45392417907715,448300
2022-06-06,FCPT,27.76000022888184,27.920000076293945,27.38999938964844,27.520000457763672,22.45392417907715,448300
2022-06-07,FCPT,27.46999931335449,27.809999465942383,27.32999992370605,27.770000457763672,22.65790557861328,522400
2022-06-07,FCPT,27.46999931335449,27.809999465942383,27.32999992370605,27.770000457763672,22.65790557861328,522400
2022-06-08,FCPT,27.51000022888184,27.549999237060547,27.09000015258789,27.299999237060547,22.2744255065918,357600
2022-06-08,FCPT,27.51000022888184,27.549999237060547,27.09000015258789,27.299999237060547,22.2744255065918,357600
2022-06-09,FCPT,27.280000686645508,27.34000015258789,26.71999931335449,26.809999465942383,21.8746280670166,603500
2022-06-09,FCPT,27.280000686645508,27.34000015258789,26.71999931335449,26.809999465942383,21.8746280670166,603500
2022-06-10,FCPT,26.65999984741211,26.809999465942383,26.26000022888184,26.65999984741211,21.75223922729492,441600
2022-06-10,FCPT,26.65999984741211,26.809999465942383,26.26000022888184,26.65999984741211,21.75223922729492,441600
2022-06-13,FCPT,26.1200008392334,26.26000022888184,25.07999992370605,25.190000534057617,20.552846908569336,517400
2022-06-13,FCPT,26.1200008392334,26.26000022888184,25.07999992370605,25.190000534057617,20.552846908569336,517400
2022-06-14,FCPT,25.09000015258789,25.270000457763672,24.239999771118164,24.649999618530277,20.112253189086918,884000
2022-06-14,FCPT,25.09000015258789,25.270000457763672,24.239999771118164,24.649999618530277,20.112253189086918,884000
2022-06-15,FCPT,24.809999465942383,26.07999992370605,24.65999984741211,25.59000015258789,20.87921524047852,600500
2022-06-15,FCPT,24.809999465942383,26.07999992370605,24.65999984741211,25.59000015258789,20.87921524047852,600500
2022-06-16,FCPT,25.239999771118164,25.420000076293945,24.93000030517578,25.3700008392334,20.6997127532959,460400
2022-06-16,FCPT,25.239999771118164,25.420000076293945,24.93000030517578,25.3700008392334,20.6997127532959,460400
2022-06-17,FCPT,25.63999938964844,26.239999771118164,25.559999465942383,25.709999084472656,20.97711944580078,1028200
2022-06-17,FCPT,25.63999938964844,26.239999771118164,25.559999465942383,25.709999084472656,20.97711944580078,1028200
2022-06-21,FCPT,25.799999237060547,26.40999984741211,25.790000915527344,25.81999969482422,21.066871643066406,523100
2022-06-21,FCPT,25.799999237060547,26.40999984741211,25.790000915527344,25.81999969482422,21.066871643066406,523100
2022-06-22,FCPT,25.670000076293945,26.420000076293945,25.57999992370605,26.049999237060547,21.25453186035156,399200
2022-06-22,FCPT,25.670000076293945,26.420000076293945,25.57999992370605,26.049999237060547,21.25453186035156,399200
2022-06-23,FCPT,25.88999938964844,26.739999771118164,25.88999938964844,26.6299991607666,21.727760314941406,414700
2022-06-23,FCPT,25.88999938964844,26.739999771118164,25.88999938964844,26.6299991607666,21.727760314941406,414700
2022-06-24,FCPT,26.799999237060547,27.25,26.76000022888184,27.059999465942383,22.0786075592041,705700
2022-06-24,FCPT,26.799999237060547,27.25,26.76000022888184,27.059999465942383,22.0786075592041,705700
2022-06-27,FCPT,27.21999931335449,27.440000534057617,27.0,27.15999984741211,22.160200119018555,265700
2022-06-27,FCPT,27.21999931335449,27.440000534057617,27.0,27.15999984741211,22.160200119018555,265700
2022-06-28,FCPT,27.34000015258789,27.540000915527344,26.989999771118164,27.07999992370605,22.09492301940918,367400
2022-06-28,FCPT,27.34000015258789,27.540000915527344,26.989999771118164,27.07999992370605,22.09492301940918,367400
2022-06-29,FCPT,26.43000030517578,26.729999542236328,26.43000030517578,26.700000762939453,22.05609893798828,375500
2022-06-29,FCPT,26.43000030517578,26.729999542236328,26.43000030517578,26.700000762939453,22.05609893798828,375500
2022-06-30,FCPT,26.59000015258789,26.920000076293945,26.31999969482422,26.59000015258789,21.965234756469727,439400
2022-06-30,FCPT,26.59000015258789,26.920000076293945,26.31999969482422,26.59000015258789,21.965234756469727,439400
2022-07-01,FCPT,26.43000030517578,27.31999969482422,26.43000030517578,27.239999771118164,22.50217628479004,298200
2022-07-01,FCPT,26.43000030517578,27.31999969482422,26.43000030517578,27.239999771118164,22.50217628479004,298200
2022-07-05,FCPT,26.8799991607666,27.270000457763672,26.68000030517578,27.229999542236328,22.493915557861328,512300
2022-07-05,FCPT,26.8799991607666,27.270000457763672,26.68000030517578,27.229999542236328,22.493915557861328,512300
2022-07-06,FCPT,27.239999771118164,27.40999984741211,26.920000076293945,27.020000457763672,22.3204402923584,554400
2022-07-06,FCPT,27.239999771118164,27.40999984741211,26.920000076293945,27.020000457763672,22.3204402923584,554400
2022-07-07,FCPT,27.25,27.34000015258789,26.979999542236328,27.15999984741211,22.43609046936035,240300
2022-07-07,FCPT,27.25,27.34000015258789,26.979999542236328,27.15999984741211,22.43609046936035,240300
2022-07-08,FCPT,27.31999969482422,27.43000030517578,27.030000686645508,27.36000061035156,22.601303100585938,287700
2022-07-08,FCPT,27.31999969482422,27.43000030517578,27.030000686645508,27.36000061035156,22.601303100585938,287700
2022-07-11,FCPT,27.3700008392334,27.600000381469727,27.209999084472656,27.459999084472656,22.683914184570312,293900
2022-07-11,FCPT,27.3700008392334,27.600000381469727,27.209999084472656,27.459999084472656,22.683914184570312,293900
2022-07-12,FCPT,27.459999084472656,27.739999771118164,26.90999984741211,27.15999984741211,22.43609046936035,329400
2022-07-12,FCPT,27.459999084472656,27.739999771118164,26.90999984741211,27.15999984741211,22.43609046936035,329400
2022-07-13,FCPT,27.07999992370605,27.149999618530277,26.920000076293945,27.020000457763672,22.3204402923584,265200
2022-07-13,FCPT,27.07999992370605,27.149999618530277,26.920000076293945,27.020000457763672,22.3204402923584,265200
2022-07-14,FCPT,26.5,27.479999542236328,26.5,27.450000762939453,22.67565155029297,326900
2022-07-14,FCPT,26.5,27.479999542236328,26.5,27.450000762939453,22.67565155029297,326900
2022-07-15,FCPT,27.989999771118164,28.299999237060547,27.6200008392334,27.920000076293945,23.063907623291016,467300
2022-07-15,FCPT,27.989999771118164,28.299999237060547,27.6200008392334,27.920000076293945,23.063907623291016,467300
2022-07-18,FCPT,27.809999465942383,28.15999984741211,27.3799991607666,27.51000022888184,22.7252140045166,302900
2022-07-18,FCPT,27.809999465942383,28.15999984741211,27.3799991607666,27.51000022888184,22.7252140045166,302900
2022-07-19,FCPT,27.709999084472656,27.979999542236328,27.57999992370605,27.96999931335449,23.105209350585938,350600
2022-07-19,FCPT,27.709999084472656,27.979999542236328,27.57999992370605,27.96999931335449,23.105209350585938,350600
2022-07-20,FCPT,27.950000762939453,28.18000030517578,27.71999931335449,27.88999938964844,23.039121627807617,335700
2022-07-20,FCPT,27.950000762939453,28.18000030517578,27.71999931335449,27.88999938964844,23.039121627807617,335700
2022-07-21,FCPT,27.809999465942383,27.8700008392334,27.489999771118164,27.8700008392334,23.022605895996094,326200
2022-07-21,FCPT,27.809999465942383,27.8700008392334,27.489999771118164,27.8700008392334,23.022605895996094,326200
2022-07-22,FCPT,28.040000915527344,28.21999931335449,27.8799991607666,28.1299991607666,23.237377166748047,400900
2022-07-22,FCPT,28.040000915527344,28.21999931335449,27.8799991607666,28.1299991607666,23.237377166748047,400900
2022-07-25,FCPT,28.399999618530277,28.520000457763672,28.059999465942383,28.3700008392334,23.43563461303711,506600
2022-07-25,FCPT,28.399999618530277,28.520000457763672,28.059999465942383,28.3700008392334,23.43563461303711,506600
2022-07-26,FCPT,28.34000015258789,28.790000915527344,28.34000015258789,28.65999984741211,23.675199508666992,283700
2022-07-26,FCPT,28.34000015258789,28.790000915527344,28.34000015258789,28.65999984741211,23.675199508666992,283700
2022-07-27,FCPT,28.51000022888184,28.8799991607666,27.46999931335449,28.670000076293945,23.68345832824707,332400
2022-07-27,FCPT,28.51000022888184,28.8799991607666,27.46999931335449,28.670000076293945,23.68345832824707,332400
2022-07-28,FCPT,28.96999931335449,29.270000457763672,28.75,29.25,24.162578582763672,193300
2022-07-28,FCPT,28.96999931335449,29.270000457763672,28.75,29.25,24.162578582763672,193300
2022-07-29,FCPT,29.280000686645508,29.440000534057617,29.1200008392334,29.229999542236328,24.14605712890625,305100
2022-07-29,FCPT,29.280000686645508,29.440000534057617,29.1200008392334,29.229999542236328,24.14605712890625,305100
2022-08-01,FCPT,28.82999992370605,29.040000915527344,28.670000076293945,28.780000686645508,23.77432632446289,496200
2022-08-01,FCPT,28.82999992370605,29.040000915527344,28.670000076293945,28.780000686645508,23.77432632446289,496200
2022-08-02,FCPT,28.51000022888184,28.950000762939453,28.350000381469727,28.530000686645508,23.567811965942383,1377400
2022-08-02,FCPT,28.51000022888184,28.950000762939453,28.350000381469727,28.530000686645508,23.567811965942383,1377400
2022-08-03,FCPT,28.71999931335449,28.96999931335449,28.18000030517578,28.18000030517578,23.278684616088867,397900
2022-08-03,FCPT,28.71999931335449,28.96999931335449,28.18000030517578,28.18000030517578,23.278684616088867,397900
2022-08-04,FCPT,28.18000030517578,28.459999084472656,28.07999992370605,28.450000762939453,23.50172233581543,269400
2022-08-04,FCPT,28.18000030517578,28.459999084472656,28.07999992370605,28.450000762939453,23.50172233581543,269400
2022-08-05,FCPT,28.440000534057617,28.6200008392334,28.100000381469727,28.600000381469727,23.625635147094727,217300
2022-08-05,FCPT,28.440000534057617,28.6200008392334,28.100000381469727,28.600000381469727,23.625635147094727,217300
2022-08-08,FCPT,28.82999992370605,29.049999237060547,28.75,28.920000076293945,23.88997459411621,389200
2022-08-08,FCPT,28.82999992370605,29.049999237060547,28.75,28.920000076293945,23.88997459411621,389200
2022-08-09,FCPT,28.93000030517578,29.1200008392334,28.770000457763672,28.979999542236328,23.93953895568848,475900
2022-08-09,FCPT,28.93000030517578,29.1200008392334,28.770000457763672,28.979999542236328,23.93953895568848,475900
2022-08-10,FCPT,29.290000915527344,29.3700008392334,29.09000015258789,29.170000076293945,24.096494674682617,453400
2022-08-10,FCPT,29.290000915527344,29.3700008392334,29.09000015258789,29.170000076293945,24.096494674682617,453400
2022-08-11,FCPT,29.32999992370605,29.350000381469727,28.959999084472656,28.989999771118164,23.94780158996582,296100
2022-08-11,FCPT,29.32999992370605,29.350000381469727,28.959999084472656,28.989999771118164,23.94780158996582,296100
2022-08-12,FCPT,29.11000061035156,29.309999465942383,29.049999237060547,29.100000381469727,24.038671493530277,327100
2022-08-12,FCPT,29.11000061035156,29.309999465942383,29.049999237060547,29.100000381469727,24.038671493530277,327100
2022-08-15,FCPT,29.200000762939453,29.239999771118164,29.040000915527344,29.1299991607666,24.063451766967773,243400
2022-08-15,FCPT,29.200000762939453,29.239999771118164,29.040000915527344,29.1299991607666,24.063451766967773,243400
2022-08-16,FCPT,29.01000022888184,29.1299991607666,28.700000762939453,28.84000015258789,23.82389259338379,643900
2022-08-16,FCPT,29.01000022888184,29.1299991607666,28.700000762939453,28.84000015258789,23.82389259338379,643900
2022-08-17,FCPT,28.559999465942383,28.989999771118164,28.3700008392334,28.700000762939453,23.708240509033203,373400
2022-08-17,FCPT,28.559999465942383,28.989999771118164,28.3700008392334,28.700000762939453,23.708240509033203,373400
2022-08-18,FCPT,28.770000457763672,28.86000061035156,28.51000022888184,28.57999992370605,23.60910987854004,192000
2022-08-18,FCPT,28.770000457763672,28.86000061035156,28.51000022888184,28.57999992370605,23.60910987854004,192000
2022-08-19,FCPT,28.5,28.56999969482422,28.350000381469727,28.479999542236328,23.526500701904297,336700
2022-08-19,FCPT,28.5,28.56999969482422,28.350000381469727,28.479999542236328,23.526500701904297,336700
2022-08-22,FCPT,28.280000686645508,28.36000061035156,28.020000457763672,28.170000076293945,23.270421981811523,388400
2022-08-22,FCPT,28.280000686645508,28.36000061035156,28.020000457763672,28.170000076293945,23.270421981811523,388400
2022-08-23,FCPT,28.149999618530277,28.149999618530277,27.690000534057617,28.040000915527344,23.16303253173828,383500
2022-08-23,FCPT,28.149999618530277,28.149999618530277,27.690000534057617,28.040000915527344,23.16303253173828,383500
2022-08-24,FCPT,28.09000015258789,28.170000076293945,27.90999984741211,27.959999084472656,23.09694480895996,211500
2022-08-24,FCPT,28.09000015258789,28.170000076293945,27.90999984741211,27.959999084472656,23.09694480895996,211500
2022-08-25,FCPT,27.950000762939453,28.25,27.899999618530277,28.229999542236328,23.319988250732425,194500
2022-08-25,FCPT,27.950000762939453,28.25,27.899999618530277,28.229999542236328,23.319988250732425,194500
2022-08-26,FCPT,28.170000076293945,28.26000022888184,27.700000762939453,27.84000015258789,22.997821807861328,244800
2022-08-26,FCPT,28.170000076293945,28.26000022888184,27.700000762939453,27.84000015258789,22.997821807861328,244800
2022-08-29,FCPT,27.690000534057617,28.040000915527344,27.5,27.690000534057617,22.8739070892334,202500
2022-08-29,FCPT,27.690000534057617,28.040000915527344,27.5,27.690000534057617,22.8739070892334,202500
2022-08-30,FCPT,27.76000022888184,27.76000022888184,27.1200008392334,27.190000534057617,22.46087074279785,380600
2022-08-30,FCPT,27.76000022888184,27.76000022888184,27.1200008392334,27.190000534057617,22.46087074279785,380600
2022-08-31,FCPT,27.32999992370605,27.459999084472656,26.850000381469727,26.88999938964844,22.213054656982425,340300
2022-08-31,FCPT,27.32999992370605,27.459999084472656,26.850000381469727,26.88999938964844,22.213054656982425,340300
2022-09-01,FCPT,26.780000686645508,26.799999237060547,26.56999969482422,26.709999084472656,22.06435775756836,201600
2022-09-01,FCPT,26.780000686645508,26.799999237060547,26.56999969482422,26.709999084472656,22.06435775756836,201600
2022-09-02,FCPT,26.959999084472656,27.25,26.280000686645508,26.38999938964844,21.80001640319824,204100
2022-09-02,FCPT,26.959999084472656,27.25,26.280000686645508,26.38999938964844,21.80001640319824,204100
2022-09-06,FCPT,26.38999938964844,26.549999237060547,26.170000076293945,26.489999771118164,21.882625579833984,256500
2022-09-06,FCPT,26.38999938964844,26.549999237060547,26.170000076293945,26.489999771118164,21.882625579833984,256500
2022-09-07,FCPT,26.56999969482422,26.959999084472656,26.299999237060547,26.82999992370605,22.16349029541016,408100
2022-09-07,FCPT,26.56999969482422,26.959999084472656,26.299999237060547,26.82999992370605,22.16349029541016,408100
2022-09-08,FCPT,26.670000076293945,26.790000915527344,26.450000762939453,26.6200008392334,21.990015029907227,320700
2022-09-08,FCPT,26.670000076293945,26.790000915527344,26.450000762939453,26.6200008392334,21.990015029907227,320700
2022-09-09,FCPT,26.65999984741211,26.850000381469727,26.489999771118164,26.6299991607666,21.99827003479004,261100
2022-09-09,FCPT,26.65999984741211,26.850000381469727,26.489999771118164,26.6299991607666,21.99827003479004,261100
2022-09-12,FCPT,26.81999969482422,27.13999938964844,26.75,27.06999969482422,22.361743927001957,257200
2022-09-12,FCPT,26.81999969482422,27.13999938964844,26.75,27.06999969482422,22.361743927001957,257200
2022-09-13,FCPT,26.729999542236328,26.989999771118164,26.26000022888184,26.3700008392334,21.78349494934082,308900
2022-09-13,FCPT,26.729999542236328,26.989999771118164,26.26000022888184,26.3700008392334,21.78349494934082,308900
2022-09-14,FCPT,26.420000076293945,26.43000030517578,26.049999237060547,26.25,21.68436622619629,251000
2022-09-14,FCPT,26.420000076293945,26.43000030517578,26.049999237060547,26.25,21.68436622619629,251000
2022-09-15,FCPT,26.200000762939453,26.739999771118164,26.200000762939453,26.290000915527344,21.7174072265625,456300
2022-09-15,FCPT,26.200000762939453,26.739999771118164,26.200000762939453,26.290000915527344,21.7174072265625,456300
2022-09-16,FCPT,26.239999771118164,26.809999465942383,26.040000915527344,26.76000022888184,22.105661392211918,694500
2022-09-16,FCPT,26.239999771118164,26.809999465942383,26.040000915527344,26.76000022888184,22.105661392211918,694500
2022-09-19,FCPT,26.59000015258789,26.88999938964844,26.51000022888184,26.8799991607666,22.20479202270508,348500
2022-09-19,FCPT,26.59000015258789,26.88999938964844,26.51000022888184,26.8799991607666,22.20479202270508,348500
2022-09-20,FCPT,26.59000015258789,26.68000030517578,26.299999237060547,26.459999084472656,21.857839584350582,294700
2022-09-20,FCPT,26.59000015258789,26.68000030517578,26.299999237060547,26.459999084472656,21.857839584350582,294700
2022-09-21,FCPT,26.809999465942383,27.5,26.809999465942383,26.899999618530277,22.221309661865234,1025400
2022-09-21,FCPT,26.809999465942383,27.5,26.809999465942383,26.899999618530277,22.221309661865234,1025400
2022-09-22,FCPT,26.81999969482422,26.81999969482422,25.729999542236328,25.86000061035156,21.362199783325195,394400
2022-09-22,FCPT,26.81999969482422,26.81999969482422,25.729999542236328,25.86000061035156,21.362199783325195,394400
2022-09-23,FCPT,25.670000076293945,26.11000061035156,25.549999237060547,25.76000022888184,21.27959251403809,526400
2022-09-23,FCPT,25.670000076293945,26.11000061035156,25.549999237060547,25.76000022888184,21.27959251403809,526400
2022-09-26,FCPT,25.770000457763672,25.770000457763672,24.600000381469727,25.06999969482422,20.7096004486084,428100
2022-09-26,FCPT,25.770000457763672,25.770000457763672,24.600000381469727,25.06999969482422,20.7096004486084,428100
2022-09-27,FCPT,25.270000457763672,25.31999969482422,24.3799991607666,24.40999984741211,20.16439819335937,325400
2022-09-27,FCPT,25.270000457763672,25.31999969482422,24.3799991607666,24.40999984741211,20.16439819335937,325400
2022-09-28,FCPT,24.739999771118164,25.209999084472656,24.43000030517578,25.020000457763672,20.66830062866211,408200
2022-09-28,FCPT,24.739999771118164,25.209999084472656,24.43000030517578,25.020000457763672,20.66830062866211,408200
2022-09-29,FCPT,24.440000534057617,24.549999237060547,23.34000015258789,23.670000076293945,19.81685256958008,360300
2022-09-29,FCPT,24.440000534057617,24.549999237060547,23.34000015258789,23.670000076293945,19.81685256958008,360300
2022-09-30,FCPT,23.8799991607666,24.420000076293945,23.690000534057617,24.190000534057617,20.2522029876709,658800
2022-09-30,FCPT,23.8799991607666,24.420000076293945,23.690000534057617,24.190000534057617,20.2522029876709,658800
2022-10-03,FCPT,24.549999237060547,24.59000015258789,24.0,24.049999237060547,20.134992599487305,448600
2022-10-03,FCPT,24.549999237060547,24.59000015258789,24.0,24.049999237060547,20.134992599487305,448600
2022-10-04,FCPT,24.290000915527344,24.790000915527344,24.270000457763672,24.489999771118164,20.503366470336918,545800
2022-10-04,FCPT,24.290000915527344,24.790000915527344,24.270000457763672,24.489999771118164,20.503366470336918,545800
2022-10-05,FCPT,24.25,24.34000015258789,23.549999237060547,24.020000457763672,20.10987663269043,255300
2022-10-05,FCPT,24.25,24.34000015258789,23.549999237060547,24.020000457763672,20.10987663269043,255300
2022-10-06,FCPT,23.920000076293945,24.11000061035156,23.440000534057617,23.51000022888184,19.682899475097656,288500
2022-10-06,FCPT,23.920000076293945,24.11000061035156,23.440000534057617,23.51000022888184,19.682899475097656,288500
2022-10-07,FCPT,23.32999992370605,23.46999931335449,22.84000015258789,23.06999969482422,19.31452369689941,417700
2022-10-07,FCPT,23.32999992370605,23.46999931335449,22.84000015258789,23.06999969482422,19.31452369689941,417700
2022-10-10,FCPT,23.049999237060547,23.309999465942383,22.790000915527344,22.799999237060547,19.088476181030277,251700
2022-10-10,FCPT,23.049999237060547,23.309999465942383,22.790000915527344,22.799999237060547,19.088476181030277,251700
2022-10-11,FCPT,22.790000915527344,23.63999938964844,22.670000076293945,23.549999237060547,19.716384887695312,773800
2022-10-11,FCPT,22.790000915527344,23.63999938964844,22.670000076293945,23.549999237060547,19.716384887695312,773800
2022-10-12,FCPT,23.690000534057617,24.049999237060547,23.450000762939453,23.71999931335449,19.858715057373047,838700
2022-10-12,FCPT,23.690000534057617,24.049999237060547,23.450000762939453,23.71999931335449,19.858715057373047,838700
2022-10-13,FCPT,23.5,24.100000381469727,23.100000381469727,23.899999618530277,20.009408950805664,604800
2022-10-13,FCPT,23.5,24.100000381469727,23.100000381469727,23.899999618530277,20.009408950805664,604800
2022-10-14,FCPT,24.15999984741211,24.399999618530277,23.11000061035156,23.270000457763672,19.48196792602539,428900
2022-10-14,FCPT,24.15999984741211,24.399999618530277,23.11000061035156,23.270000457763672,19.48196792602539,428900
2022-10-17,FCPT,23.6299991607666,24.3799991607666,23.6299991607666,23.82999992370605,19.9508056640625,532800
2022-10-17,FCPT,23.6299991607666,24.3799991607666,23.6299991607666,23.82999992370605,19.9508056640625,532800
2022-10-18,FCPT,24.1200008392334,24.420000076293945,24.020000457763672,24.280000686645508,20.32755279541016,340200
2022-10-18,FCPT,24.1200008392334,24.420000076293945,24.020000457763672,24.280000686645508,20.32755279541016,340200
2022-10-19,FCPT,24.049999237060547,24.280000686645508,23.6200008392334,23.82999992370605,19.9508056640625,402100
2022-10-19,FCPT,24.049999237060547,24.280000686645508,23.6200008392334,23.82999992370605,19.9508056640625,402100
2022-10-20,FCPT,23.90999984741211,24.040000915527344,23.5,23.6299991607666,19.78336334228516,362100
2022-10-20,FCPT,23.90999984741211,24.040000915527344,23.5,23.6299991607666,19.78336334228516,362100
2022-10-21,FCPT,23.84000015258789,23.84000015258789,23.399999618530277,23.709999084472656,19.850339889526367,296600
2022-10-21,FCPT,23.84000015258789,23.84000015258789,23.399999618530277,23.709999084472656,19.850339889526367,296600
2022-10-24,FCPT,23.940000534057617,24.200000762939453,23.709999084472656,23.8700008392334,19.98429298400879,321400
2022-10-24,FCPT,23.940000534057617,24.200000762939453,23.709999084472656,23.8700008392334,19.98429298400879,321400
2022-10-25,FCPT,23.959999084472656,24.71999931335449,23.940000534057617,24.46999931335449,20.486621856689453,483100
2022-10-25,FCPT,23.959999084472656,24.71999931335449,23.940000534057617,24.46999931335449,20.486621856689453,483100
2022-10-26,FCPT,24.65999984741211,24.739999771118164,24.38999938964844,24.420000076293945,20.44476318359375,268500
2022-10-26,FCPT,24.65999984741211,24.739999771118164,24.38999938964844,24.420000076293945,20.44476318359375,268500
2022-10-27,FCPT,24.709999084472656,25.209999084472656,24.56999969482422,24.8799991607666,20.829877853393555,249900
2022-10-27,FCPT,24.709999084472656,25.209999084472656,24.56999969482422,24.8799991607666,20.829877853393555,249900
2022-10-28,FCPT,24.90999984741211,25.420000076293945,24.84000015258789,25.3799991607666,21.248491287231445,344500
2022-10-28,FCPT,24.90999984741211,25.420000076293945,24.84000015258789,25.3799991607666,21.248491287231445,344500
2022-10-31,FCPT,25.200000762939453,25.63999938964844,25.07999992370605,25.6200008392334,21.449419021606445,458800
2022-10-31,FCPT,25.200000762939453,25.63999938964844,25.07999992370605,25.6200008392334,21.449419021606445,458800
2022-11-01,FCPT,25.68000030517578,25.790000915527344,25.479999542236328,25.709999084472656,21.524770736694336,349100
2022-11-01,FCPT,25.68000030517578,25.790000915527344,25.479999542236328,25.709999084472656,21.524770736694336,349100
2022-11-02,FCPT,25.989999771118164,26.26000022888184,25.36000061035156,25.57999992370605,21.415929794311523,748400
2022-11-02,FCPT,25.989999771118164,26.26000022888184,25.36000061035156,25.57999992370605,21.415929794311523,748400
2022-11-03,FCPT,25.350000381469727,26.09000015258789,25.11000061035156,25.96999931335449,21.7424430847168,386100
2022-11-03,FCPT,25.350000381469727,26.09000015258789,25.11000061035156,25.96999931335449,21.7424430847168,386100
2022-11-04,FCPT,25.940000534057617,26.530000686645508,25.940000534057617,26.51000022888184,22.19454002380371,358700
2022-11-04,FCPT,25.940000534057617,26.530000686645508,25.940000534057617,26.51000022888184,22.19454002380371,358700
2022-11-07,FCPT,26.770000457763672,26.959999084472656,26.38999938964844,26.530000686645508,22.21128273010254,422900
2022-11-07,FCPT,26.770000457763672,26.959999084472656,26.38999938964844,26.530000686645508,22.21128273010254,422900
2022-11-08,FCPT,26.520000457763672,26.81999969482422,26.280000686645508,26.559999465942383,22.236400604248047,663900
2022-11-08,FCPT,26.520000457763672,26.81999969482422,26.280000686645508,26.559999465942383,22.236400604248047,663900
2022-11-09,FCPT,26.40999984741211,26.739999771118164,26.149999618530277,26.3700008392334,22.07732963562012,656600
2022-11-09,FCPT,26.40999984741211,26.739999771118164,26.149999618530277,26.3700008392334,22.07732963562012,656600
2022-11-10,FCPT,27.190000534057617,27.790000915527344,27.059999465942383,27.36000061035156,22.906169891357425,695800
2022-11-10,FCPT,27.190000534057617,27.790000915527344,27.059999465942383,27.36000061035156,22.906169891357425,695800
2022-11-11,FCPT,27.299999237060547,27.299999237060547,26.780000686645508,26.920000076293945,22.53779602050781,495700
2022-11-11,FCPT,27.299999237060547,27.299999237060547,26.780000686645508,26.920000076293945,22.53779602050781,495700
2022-11-14,FCPT,26.8700008392334,27.38999938964844,26.670000076293945,27.049999237060547,22.646636962890625,428100
2022-11-14,FCPT,26.8700008392334,27.38999938964844,26.670000076293945,27.049999237060547,22.646636962890625,428100
2022-11-15,FCPT,27.38999938964844,27.399999618530277,26.899999618530277,26.989999771118164,22.596405029296875,502600
2022-11-15,FCPT,27.38999938964844,27.399999618530277,26.899999618530277,26.989999771118164,22.596405029296875,502600
2022-11-16,FCPT,26.989999771118164,27.209999084472656,26.709999084472656,26.739999771118164,22.38709831237793,561800
2022-11-16,FCPT,26.989999771118164,27.209999084472656,26.709999084472656,26.739999771118164,22.38709831237793,561800
2022-11-17,FCPT,26.43000030517578,26.959999084472656,26.309999465942383,26.739999771118164,22.38709831237793,1776900
2022-11-17,FCPT,26.43000030517578,26.959999084472656,26.309999465942383,26.739999771118164,22.38709831237793,1776900
2022-11-18,FCPT,27.059999465942383,27.290000915527344,26.959999084472656,27.100000381469727,22.688495635986328,379800
2022-11-18,FCPT,27.059999465942383,27.290000915527344,26.959999084472656,27.100000381469727,22.688495635986328,379800
2022-11-21,FCPT,26.90999984741211,27.299999237060547,26.84000015258789,27.18000030517578,22.755470275878903,468500
2022-11-21,FCPT,26.90999984741211,27.299999237060547,26.84000015258789,27.18000030517578,22.755470275878903,468500
2022-11-22,FCPT,27.270000457763672,27.3700008392334,26.96999931335449,26.979999542236328,22.588031768798828,453500
2022-11-22,FCPT,27.270000457763672,27.3700008392334,26.96999931335449,26.979999542236328,22.588031768798828,453500
2022-11-23,FCPT,26.850000381469727,27.1200008392334,26.5,26.770000457763672,22.412214279174805,684300
2022-11-23,FCPT,26.850000381469727,27.1200008392334,26.5,26.770000457763672,22.412214279174805,684300
2022-11-25,FCPT,26.799999237060547,27.1200008392334,26.6200008392334,27.1200008392334,22.705242156982425,477000
2022-11-25,FCPT,26.799999237060547,27.1200008392334,26.6200008392334,27.1200008392334,22.705242156982425,477000
2022-11-28,FCPT,26.989999771118164,27.170000076293945,26.559999465942383,26.600000381469727,22.26988983154297,759600
2022-11-28,FCPT,26.989999771118164,27.170000076293945,26.559999465942383,26.600000381469727,22.26988983154297,759600
2022-11-29,FCPT,26.68000030517578,26.770000457763672,26.489999771118164,26.68000030517578,22.33686637878418,460100
2022-11-29,FCPT,26.68000030517578,26.770000457763672,26.489999771118164,26.68000030517578,22.33686637878418,460100
2022-11-30,FCPT,26.6200008392334,27.149999618530277,26.149999618530277,27.13999938964844,22.72198486328125,886500
2022-11-30,FCPT,26.6200008392334,27.149999618530277,26.149999618530277,27.13999938964844,22.72198486328125,886500
2022-12-01,FCPT,27.3700008392334,27.479999542236328,26.670000076293945,26.920000076293945,22.53779602050781,413600
2022-12-01,FCPT,27.3700008392334,27.479999542236328,26.670000076293945,26.920000076293945,22.53779602050781,413600
2022-12-02,FCPT,26.68000030517578,27.1200008392334,26.649999618530277,26.96999931335449,22.57965469360352,320300
2022-12-02,FCPT,26.68000030517578,27.1200008392334,26.649999618530277,26.96999931335449,22.57965469360352,320300
2022-12-05,FCPT,26.790000915527344,26.979999542236328,26.75,26.850000381469727,22.479190826416016,389200
2022-12-05,FCPT,26.790000915527344,26.979999542236328,26.75,26.850000381469727,22.479190826416016,389200
2022-12-06,FCPT,26.81999969482422,27.0,26.690000534057617,26.88999938964844,22.51268196105957,426500
2022-12-06,FCPT,26.81999969482422,27.0,26.690000534057617,26.88999938964844,22.51268196105957,426500
2022-12-07,FCPT,26.920000076293945,27.280000686645508,26.56999969482422,26.799999237060547,22.437332153320312,1617200
2022-12-07,FCPT,26.920000076293945,27.280000686645508,26.56999969482422,26.799999237060547,22.437332153320312,1617200
2022-12-08,FCPT,26.770000457763672,27.13999938964844,26.670000076293945,26.76000022888184,22.403844833374023,507600
2022-12-08,FCPT,26.770000457763672,27.13999938964844,26.670000076293945,26.76000022888184,22.403844833374023,507600
2022-12-09,FCPT,26.71999931335449,26.979999542236328,26.709999084472656,26.920000076293945,22.53779602050781,222900
2022-12-09,FCPT,26.71999931335449,26.979999542236328,26.709999084472656,26.920000076293945,22.53779602050781,222900
2022-12-12,FCPT,26.950000762939453,27.040000915527344,26.790000915527344,26.93000030517578,22.54616928100586,398400
2022-12-12,FCPT,26.950000762939453,27.040000915527344,26.790000915527344,26.93000030517578,22.54616928100586,398400
2022-12-13,FCPT,27.5,27.6200008392334,26.8700008392334,26.96999931335449,22.57965469360352,432200
2022-12-13,FCPT,27.5,27.6200008392334,26.8700008392334,26.96999931335449,22.57965469360352,432200
2022-12-14,FCPT,27.1200008392334,27.270000457763672,26.809999465942383,26.979999542236328,22.588031768798828,397500
2022-12-14,FCPT,27.1200008392334,27.270000457763672,26.809999465942383,26.979999542236328,22.588031768798828,397500
2022-12-15,FCPT,26.770000457763672,26.959999084472656,26.6200008392334,26.76000022888184,22.403844833374023,598400
2022-12-15,FCPT,26.770000457763672,26.959999084472656,26.6200008392334,26.76000022888184,22.403844833374023,598400
2022-12-16,FCPT,26.3700008392334,26.6299991607666,25.81999969482422,26.07999992370605,21.83453750610352,1856700
2022-12-16,FCPT,26.3700008392334,26.6299991607666,25.81999969482422,26.07999992370605,21.83453750610352,1856700
2022-12-19,FCPT,26.07999992370605,26.270000457763672,25.899999618530277,26.020000457763672,21.78430557250977,517400
2022-12-19,FCPT,26.07999992370605,26.270000457763672,25.899999618530277,26.020000457763672,21.78430557250977,517400
2022-12-20,FCPT,26.36000061035156,26.739999771118164,25.920000076293945,26.479999542236328,22.16942596435547,437400
2022-12-20,FCPT,26.36000061035156,26.739999771118164,25.920000076293945,26.479999542236328,22.16942596435547,437400
2022-12-21,FCPT,26.6299991607666,27.100000381469727,26.57999992370605,26.63999938964844,22.303377151489254,348100
2022-12-21,FCPT,26.6299991607666,27.100000381469727,26.57999992370605,26.63999938964844,22.303377151489254,348100
2022-12-22,FCPT,26.5,26.6299991607666,26.200000762939453,26.51000022888184,22.19454002380371,349500
2022-12-22,FCPT,26.5,26.6299991607666,26.200000762939453,26.51000022888184,22.19454002380371,349500
2022-12-23,FCPT,26.399999618530277,26.81999969482422,26.399999618530277,26.76000022888184,22.403844833374023,209400
2022-12-23,FCPT,26.399999618530277,26.81999969482422,26.399999618530277,26.76000022888184,22.403844833374023,209400
2022-12-27,FCPT,26.790000915527344,26.920000076293945,26.26000022888184,26.479999542236328,22.16942596435547,329300
2022-12-27,FCPT,26.790000915527344,26.920000076293945,26.26000022888184,26.479999542236328,22.16942596435547,329300
2022-12-28,FCPT,26.51000022888184,26.600000381469727,25.90999984741211,25.989999771118164,21.759185791015625,295900
2022-12-28,FCPT,26.51000022888184,26.600000381469727,25.90999984741211,25.989999771118164,21.759185791015625,295900
2022-12-29,FCPT,26.049999237060547,26.100000381469727,25.71999931335449,25.8799991607666,21.95429801940918,277900
2022-12-29,FCPT,26.049999237060547,26.100000381469727,25.71999931335449,25.8799991607666,21.95429801940918,277900
2022-12-30,FCPT,25.809999465942383,25.96999931335449,25.65999984741211,25.93000030517578,21.996713638305664,317800
2022-12-30,FCPT,25.809999465942383,25.96999931335449,25.65999984741211,25.93000030517578,21.996713638305664,317800
2023-01-03,FCPT,26.1299991607666,26.399999618530277,25.88999938964844,26.200000762939453,22.22576141357422,335000
2023-01-03,FCPT,26.1299991607666,26.399999618530277,25.88999938964844,26.200000762939453,22.22576141357422,335000
2023-01-04,FCPT,26.450000762939453,27.049999237060547,26.40999984741211,26.690000534057617,22.64143180847168,857100
2023-01-04,FCPT,26.450000762939453,27.049999237060547,26.40999984741211,26.690000534057617,22.64143180847168,857100
2023-01-05,FCPT,26.59000015258789,26.59000015258789,26.1299991607666,26.40999984741211,22.40390396118164,369200
2023-01-05,FCPT,26.59000015258789,26.59000015258789,26.1299991607666,26.40999984741211,22.40390396118164,369200
2023-01-06,FCPT,26.489999771118164,26.899999618530277,26.489999771118164,26.780000686645508,22.71778106689453,219900
2023-01-06,FCPT,26.489999771118164,26.899999618530277,26.489999771118164,26.780000686645508,22.71778106689453,219900
2023-01-09,FCPT,26.71999931335449,27.290000915527344,26.670000076293945,27.18000030517578,23.057106018066406,369000
2023-01-09,FCPT,26.71999931335449,27.290000915527344,26.670000076293945,27.18000030517578,23.057106018066406,369000
2023-01-10,FCPT,27.13999938964844,27.34000015258789,27.049999237060547,27.309999465942383,23.167387008666992,630300
2023-01-10,FCPT,27.13999938964844,27.34000015258789,27.049999237060547,27.309999465942383,23.167387008666992,630300
2023-01-11,FCPT,27.43000030517578,27.88999938964844,27.40999984741211,27.799999237060547,23.58305931091309,349300
2023-01-11,FCPT,27.43000030517578,27.88999938964844,27.40999984741211,27.799999237060547,23.58305931091309,349300
2023-01-12,FCPT,28.0,28.440000534057617,27.86000061035156,28.3799991607666,24.0750789642334,402700
2023-01-12,FCPT,28.0,28.440000534057617,27.86000061035156,28.3799991607666,24.0750789642334,402700
2023-01-13,FCPT,28.11000061035156,28.32999992370605,27.899999618530277,28.229999542236328,23.947834014892575,274600
2023-01-13,FCPT,28.11000061035156,28.32999992370605,27.899999618530277,28.229999542236328,23.947834014892575,274600
2023-01-17,FCPT,28.3799991607666,28.600000381469727,28.280000686645508,28.459999084472656,24.142942428588867,216300
2023-01-17,FCPT,28.3799991607666,28.600000381469727,28.280000686645508,28.459999084472656,24.142942428588867,216300
2023-01-18,FCPT,28.46999931335449,28.6200008392334,27.88999938964844,27.959999084472656,23.718788146972656,267200
2023-01-18,FCPT,28.46999931335449,28.6200008392334,27.88999938964844,27.959999084472656,23.718788146972656,267200
2023-01-19,FCPT,27.90999984741211,28.280000686645508,27.86000061035156,28.13999938964844,23.871484756469727,319700
2023-01-19,FCPT,27.90999984741211,28.280000686645508,27.86000061035156,28.13999938964844,23.871484756469727,319700
2023-01-20,FCPT,28.31999969482422,28.450000762939453,27.81999969482422,28.239999771118164,23.95631599426269,366400
2023-01-20,FCPT,28.31999969482422,28.450000762939453,27.81999969482422,28.239999771118164,23.95631599426269,366400
2023-01-23,FCPT,28.09000015258789,28.530000686645508,28.049999237060547,28.209999084472656,23.93086242675781,320500
2023-01-23,FCPT,28.09000015258789,28.530000686645508,28.049999237060547,28.209999084472656,23.93086242675781,320500
2023-01-24,FCPT,27.940000534057617,28.399999618530277,27.5,28.25,23.96479797363281,211700
2023-01-24,FCPT,27.940000534057617,28.399999618530277,27.5,28.25,23.96479797363281,211700
2023-01-25,FCPT,28.190000534057617,28.38999938964844,28.030000686645508,28.34000015258789,24.04114532470703,223800
2023-01-25,FCPT,28.190000534057617,28.38999938964844,28.030000686645508,28.34000015258789,24.04114532470703,223800
2023-01-26,FCPT,28.31999969482422,28.56999969482422,28.209999084472656,28.530000686645508,24.202327728271484,262300
2023-01-26,FCPT,28.31999969482422,28.56999969482422,28.209999084472656,28.530000686645508,24.202327728271484,262300
2023-01-27,FCPT,28.51000022888184,28.790000915527344,28.07999992370605,28.549999237060547,24.21929359436035,256300
2023-01-27,FCPT,28.51000022888184,28.790000915527344,28.07999992370605,28.549999237060547,24.21929359436035,256300
2023-01-30,FCPT,28.450000762939453,28.56999969482422,28.239999771118164,28.309999465942383,24.015697479248047,254700
2023-01-30,FCPT,28.450000762939453,28.56999969482422,28.239999771118164,28.309999465942383,24.015697479248047,254700
2023-01-31,FCPT,28.420000076293945,28.809999465942383,28.209999084472656,28.76000022888184,24.397438049316406,404000
2023-01-31,FCPT,28.420000076293945,28.809999465942383,28.209999084472656,28.76000022888184,24.397438049316406,404000
2023-02-01,FCPT,28.71999931335449,28.93000030517578,28.11000061035156,28.600000381469727,24.261707305908203,376600
2023-02-01,FCPT,28.71999931335449,28.93000030517578,28.11000061035156,28.600000381469727,24.261707305908203,376600
2023-02-02,FCPT,28.65999984741211,29.299999237060547,28.65999984741211,29.020000457763672,24.618000030517575,301900
2023-02-02,FCPT,28.65999984741211,29.299999237060547,28.65999984741211,29.020000457763672,24.618000030517575,301900
2023-02-03,FCPT,28.82999992370605,28.93000030517578,28.46999931335449,28.850000381469727,24.473787307739254,416600
2023-02-03,FCPT,28.82999992370605,28.93000030517578,28.46999931335449,28.850000381469727,24.473787307739254,416600
2023-02-06,FCPT,28.690000534057617,28.950000762939453,28.459999084472656,28.90999984741211,24.524682998657227,252300
2023-02-06,FCPT,28.690000534057617,28.950000762939453,28.459999084472656,28.90999984741211,24.524682998657227,252300
2023-02-07,FCPT,28.65999984741211,29.15999984741211,28.530000686645508,28.88999938964844,24.507719039916992,649300
2023-02-07,FCPT,28.65999984741211,29.15999984741211,28.530000686645508,28.88999938964844,24.507719039916992,649300
2023-02-08,FCPT,28.690000534057617,28.989999771118164,28.690000534057617,28.850000381469727,24.473787307739254,360600
2023-02-08,FCPT,28.690000534057617,28.989999771118164,28.690000534057617,28.850000381469727,24.473787307739254,360600
2023-02-09,FCPT,29.18000030517578,29.18000030517578,28.309999465942383,28.459999084472656,24.142942428588867,338800
2023-02-09,FCPT,29.18000030517578,29.18000030517578,28.309999465942383,28.459999084472656,24.142942428588867,338800
2023-02-10,FCPT,28.450000762939453,28.709999084472656,28.38999938964844,28.600000381469727,24.261707305908203,256000
2023-02-10,FCPT,28.450000762939453,28.709999084472656,28.38999938964844,28.600000381469727,24.261707305908203,256000
2023-02-13,FCPT,28.739999771118164,28.799999237060547,28.61000061035156,28.700000762939453,24.34653854370117,190700
2023-02-13,FCPT,28.739999771118164,28.799999237060547,28.61000061035156,28.700000762939453,24.34653854370117,190700
2023-02-14,FCPT,28.56999969482422,28.850000381469727,28.209999084472656,28.209999084472656,23.93086242675781,605100
2023-02-14,FCPT,28.56999969482422,28.850000381469727,28.209999084472656,28.209999084472656,23.93086242675781,605100
2023-02-15,FCPT,28.0,28.479999542236328,27.809999465942383,28.450000762939453,24.134462356567383,382600
2023-02-15,FCPT,28.0,28.479999542236328,27.809999465942383,28.450000762939453,24.134462356567383,382600
2023-02-16,FCPT,27.88999938964844,28.959999084472656,27.61000061035156,28.86000061035156,24.48226928710937,409300
2023-02-16,FCPT,27.88999938964844,28.959999084472656,27.61000061035156,28.86000061035156,24.48226928710937,409300
2023-02-17,FCPT,29.01000022888184,29.01000022888184,28.229999542236328,28.440000534057617,24.125980377197266,392000
2023-02-17,FCPT,29.01000022888184,29.01000022888184,28.229999542236328,28.440000534057617,24.125980377197266,392000
2023-02-21,FCPT,28.200000762939453,28.399999618530277,27.75,28.21999931335449,23.939348220825195,1481600
2023-02-21,FCPT,28.200000762939453,28.399999618530277,27.75,28.21999931335449,23.939348220825195,1481600
2023-02-22,FCPT,28.21999931335449,28.34000015258789,27.799999237060547,27.8700008392334,23.64244270324707,387400
2023-02-22,FCPT,28.21999931335449,28.34000015258789,27.799999237060547,27.8700008392334,23.64244270324707,387400
2023-02-23,FCPT,28.049999237060547,28.100000381469727,27.76000022888184,28.049999237060547,23.79513359069824,278100
2023-02-23,FCPT,28.049999237060547,28.100000381469727,27.76000022888184,28.049999237060547,23.79513359069824,278100
2023-02-24,FCPT,27.84000015258789,27.920000076293945,27.51000022888184,27.68000030517578,23.48126220703125,372400
2023-02-24,FCPT,27.84000015258789,27.920000076293945,27.51000022888184,27.68000030517578,23.48126220703125,372400
2023-02-27,FCPT,27.959999084472656,28.030000686645508,27.399999618530277,27.540000915527344,23.362497329711918,252600
2023-02-27,FCPT,27.959999084472656,28.030000686645508,27.399999618530277,27.540000915527344,23.362497329711918,252600
2023-02-28,FCPT,27.5,27.700000762939453,27.1299991607666,27.149999618530277,23.031658172607425,550900
2023-02-28,FCPT,27.5,27.700000762939453,27.1299991607666,27.149999618530277,23.031658172607425,550900
2023-03-01,FCPT,27.049999237060547,27.32999992370605,26.75,27.06999969482422,22.963790893554688,423200
2023-03-01,FCPT,27.049999237060547,27.32999992370605,26.75,27.06999969482422,22.963790893554688,423200
2023-03-02,FCPT,26.989999771118164,27.989999771118164,26.93000030517578,27.31999969482422,23.17586898803711,242100
2023-03-02,FCPT,26.989999771118164,27.989999771118164,26.93000030517578,27.31999969482422,23.17586898803711,242100
2023-03-03,FCPT,27.540000915527344,27.799999237060547,27.280000686645508,27.649999618530277,23.455812454223636,477900
2023-03-03,FCPT,27.540000915527344,27.799999237060547,27.280000686645508,27.649999618530277,23.455812454223636,477900
2023-03-06,FCPT,27.790000915527344,27.96999931335449,27.25,27.3799991607666,23.226770401000977,514300
2023-03-06,FCPT,27.790000915527344,27.96999931335449,27.25,27.3799991607666,23.226770401000977,514300
2023-03-07,FCPT,27.43000030517578,27.5,26.790000915527344,26.899999618530277,22.819578170776367,615800
2023-03-07,FCPT,27.43000030517578,27.5,26.790000915527344,26.899999618530277,22.819578170776367,615800
2023-03-08,FCPT,26.8700008392334,27.149999618530277,26.799999237060547,27.020000457763672,22.921375274658203,301100
2023-03-08,FCPT,26.8700008392334,27.149999618530277,26.799999237060547,27.020000457763672,22.921375274658203,301100
2023-03-09,FCPT,27.09000015258789,27.18000030517578,26.729999542236328,26.809999465942383,22.74323272705078,306300
2023-03-09,FCPT,27.09000015258789,27.18000030517578,26.729999542236328,26.809999465942383,22.74323272705078,306300
2023-03-10,FCPT,26.739999771118164,26.8700008392334,25.81999969482422,26.0,22.05609703063965,329100
2023-03-10,FCPT,26.739999771118164,26.8700008392334,25.81999969482422,26.0,22.05609703063965,329100
2023-03-13,FCPT,25.76000022888184,26.6299991607666,25.75,26.40999984741211,22.40390396118164,349900
2023-03-13,FCPT,25.76000022888184,26.6299991607666,25.75,26.40999984741211,22.40390396118164,349900
2023-03-14,FCPT,27.56999969482422,27.56999969482422,26.63999938964844,26.940000534057617,22.85351181030273,352400
2023-03-14,FCPT,27.56999969482422,27.56999969482422,26.63999938964844,26.940000534057617,22.85351181030273,352400
2023-03-15,FCPT,26.57999992370605,27.0,26.440000534057617,26.8700008392334,22.79412841796875,420300
2023-03-15,FCPT,26.57999992370605,27.0,26.440000534057617,26.8700008392334,22.79412841796875,420300
2023-03-16,FCPT,26.59000015258789,27.149999618530277,26.36000061035156,26.899999618530277,22.819578170776367,508100
2023-03-16,FCPT,26.59000015258789,27.149999618530277,26.36000061035156,26.899999618530277,22.819578170776367,508100
2023-03-17,FCPT,26.739999771118164,26.82999992370605,26.190000534057617,26.59000015258789,22.556602478027344,1300400
2023-03-17,FCPT,26.739999771118164,26.82999992370605,26.190000534057617,26.59000015258789,22.556602478027344,1300400
2023-03-20,FCPT,26.649999618530277,27.280000686645508,26.540000915527344,26.88999938964844,22.81109619140625,500100
2023-03-20,FCPT,26.649999618530277,27.280000686645508,26.540000915527344,26.88999938964844,22.81109619140625,500100
2023-03-21,FCPT,27.07999992370605,27.209999084472656,26.34000015258789,26.520000457763672,22.49721908569336,356400
2023-03-21,FCPT,27.07999992370605,27.209999084472656,26.34000015258789,26.520000457763672,22.49721908569336,356400
2023-03-22,FCPT,26.440000534057617,26.450000762939453,25.25,25.270000457763672,21.436830520629883,614000
2023-03-22,FCPT,26.440000534057617,26.450000762939453,25.25,25.270000457763672,21.436830520629883,614000
2023-03-23,FCPT,25.25,25.600000381469727,25.13999938964844,25.309999465942383,21.47076416015625,495400
2023-03-23,FCPT,25.25,25.600000381469727,25.13999938964844,25.309999465942383,21.47076416015625,495400
2023-03-24,FCPT,25.209999084472656,26.1200008392334,25.200000762939453,26.049999237060547,22.09851455688477,382700
2023-03-24,FCPT,25.209999084472656,26.1200008392334,25.200000762939453,26.049999237060547,22.09851455688477,382700
2023-03-27,FCPT,26.34000015258789,26.38999938964844,26.030000686645508,26.21999931335449,22.24272727966309,456500
2023-03-27,FCPT,26.34000015258789,26.38999938964844,26.030000686645508,26.21999931335449,22.24272727966309,456500
2023-03-28,FCPT,26.1200008392334,26.399999618530277,26.020000457763672,26.38999938964844,22.386938095092773,326800
2023-03-28,FCPT,26.1200008392334,26.399999618530277,26.020000457763672,26.38999938964844,22.386938095092773,326800
2023-03-29,FCPT,26.520000457763672,26.649999618530277,26.450000762939453,26.6299991607666,22.590532302856445,332800
2023-03-29,FCPT,26.520000457763672,26.649999618530277,26.450000762939453,26.6299991607666,22.590532302856445,332800
2023-03-30,FCPT,26.40999984741211,26.520000457763672,26.299999237060547,26.40999984741211,22.693649291992188,324800
2023-03-30,FCPT,26.40999984741211,26.520000457763672,26.299999237060547,26.40999984741211,22.693649291992188,324800
2023-03-31,FCPT,26.61000061035156,26.8700008392334,26.549999237060547,26.86000061035156,23.080326080322266,652400
2023-03-31,FCPT,26.61000061035156,26.8700008392334,26.549999237060547,26.86000061035156,23.080326080322266,652400
2023-04-03,FCPT,26.90999984741211,27.1299991607666,26.530000686645508,26.729999542236328,22.96862030029297,333000
2023-04-03,FCPT,26.90999984741211,27.1299991607666,26.530000686645508,26.729999542236328,22.96862030029297,333000
2023-04-04,FCPT,26.729999542236328,26.76000022888184,26.32999992370605,26.6200008392334,22.87409782409668,355400
2023-04-04,FCPT,26.729999542236328,26.76000022888184,26.32999992370605,26.6200008392334,22.87409782409668,355400
2023-04-05,FCPT,26.600000381469727,26.780000686645508,26.31999969482422,26.32999992370605,22.62490463256836,464100
2023-04-05,FCPT,26.600000381469727,26.780000686645508,26.31999969482422,26.32999992370605,22.62490463256836,464100
2023-04-06,FCPT,26.540000915527344,26.57999992370605,26.170000076293945,26.32999992370605,22.62490463256836,465300
2023-04-06,FCPT,26.540000915527344,26.57999992370605,26.170000076293945,26.32999992370605,22.62490463256836,465300
2023-04-10,FCPT,26.26000022888184,26.549999237060547,26.190000534057617,26.450000762939453,22.7280216217041,292200
2023-04-10,FCPT,26.26000022888184,26.549999237060547,26.190000534057617,26.450000762939453,22.7280216217041,292200
2023-04-11,FCPT,26.57999992370605,26.649999618530277,26.309999465942383,26.450000762939453,22.7280216217041,261400
2023-04-11,FCPT,26.57999992370605,26.649999618530277,26.309999465942383,26.450000762939453,22.7280216217041,261400
2023-04-12,FCPT,26.600000381469727,26.81999969482422,26.350000381469727,26.3700008392334,22.659276962280277,242400
2023-04-12,FCPT,26.600000381469727,26.81999969482422,26.350000381469727,26.3700008392334,22.659276962280277,242400
2023-04-13,FCPT,26.3799991607666,26.399999618530277,25.940000534057617,26.280000686645508,22.581941604614254,347600
2023-04-13,FCPT,26.3799991607666,26.399999618530277,25.940000534057617,26.280000686645508,22.581941604614254,347600
2023-04-14,FCPT,26.3700008392334,26.440000534057617,25.690000534057617,25.780000686645508,22.152299880981445,251800
2023-04-14,FCPT,26.3700008392334,26.440000534057617,25.690000534057617,25.780000686645508,22.152299880981445,251800
2023-04-17,FCPT,25.790000915527344,26.209999084472656,25.71999931335449,26.200000762939453,22.51319694519043,355200
2023-04-17,FCPT,25.790000915527344,26.209999084472656,25.71999931335449,26.200000762939453,22.51319694519043,355200
2023-04-18,FCPT,26.15999984741211,26.18000030517578,25.75,25.799999237060547,22.16948509216309,320900
2023-04-18,FCPT,26.15999984741211,26.18000030517578,25.75,25.799999237060547,22.16948509216309,320900
2023-04-19,FCPT,25.65999984741211,25.959999084472656,25.59000015258789,25.76000022888184,22.135114669799805,641100
2023-04-19,FCPT,25.65999984741211,25.959999084472656,25.59000015258789,25.76000022888184,22.135114669799805,641100
2023-04-20,FCPT,25.729999542236328,25.920000076293945,25.520000457763672,25.670000076293945,22.05778312683105,444500
2023-04-20,FCPT,25.729999542236328,25.920000076293945,25.520000457763672,25.670000076293945,22.05778312683105,444500
2023-04-21,FCPT,25.780000686645508,25.950000762939453,25.40999984741211,25.729999542236328,22.10933494567871,288300
2023-04-21,FCPT,25.780000686645508,25.950000762939453,25.40999984741211,25.729999542236328,22.10933494567871,288300
2023-04-24,FCPT,25.780000686645508,25.82999992370605,25.299999237060547,25.40999984741211,21.834367752075195,446900
2023-04-24,FCPT,25.780000686645508,25.82999992370605,25.299999237060547,25.40999984741211,21.834367752075195,446900
2023-04-25,FCPT,25.25,25.57999992370605,25.21999931335449,25.309999465942383,21.748437881469727,670800
2023-04-25,FCPT,25.25,25.57999992370605,25.21999931335449,25.309999465942383,21.748437881469727,670800
2023-04-26,FCPT,25.200000762939453,25.549999237060547,24.799999237060547,24.81999969482422,21.327390670776367,574600
2023-04-26,FCPT,25.200000762939453,25.549999237060547,24.799999237060547,24.81999969482422,21.327390670776367,574600
2023-04-27,FCPT,24.850000381469727,25.299999237060547,24.84000015258789,25.290000915527344,21.73125267028809,328700
2023-04-27,FCPT,24.850000381469727,25.299999237060547,24.84000015258789,25.290000915527344,21.73125267028809,328700
2023-04-28,FCPT,25.309999465942383,25.6299991607666,25.309999465942383,25.51000022888184,21.92029190063477,324000
2023-04-28,FCPT,25.309999465942383,25.6299991607666,25.309999465942383,25.51000022888184,21.92029190063477,324000
2023-05-01,FCPT,25.43000030517578,25.729999542236328,25.290000915527344,25.38999938964844,21.81718063354492,364700
2023-05-01,FCPT,25.43000030517578,25.729999542236328,25.290000915527344,25.38999938964844,21.81718063354492,364700
2023-05-02,FCPT,25.0,25.18000030517578,24.399999618530277,25.01000022888184,21.490650177001957,533700
2023-05-02,FCPT,25.0,25.18000030517578,24.399999618530277,25.01000022888184,21.490650177001957,533700
2023-05-03,FCPT,25.1299991607666,25.809999465942383,25.11000061035156,25.40999984741211,21.834367752075195,551900
2023-05-03,FCPT,25.1299991607666,25.809999465942383,25.11000061035156,25.40999984741211,21.834367752075195,551900
2023-05-04,FCPT,25.280000686645508,25.93000030517578,25.13999938964844,25.8799991607666,22.238224029541016,355500
2023-05-04,FCPT,25.280000686645508,25.93000030517578,25.13999938964844,25.8799991607666,22.238224029541016,355500
2023-05-05,FCPT,26.149999618530277,26.299999237060547,25.82999992370605,26.149999618530277,22.47023582458496,401200
2023-05-05,FCPT,26.149999618530277,26.299999237060547,25.82999992370605,26.149999618530277,22.47023582458496,401200
2023-05-08,FCPT,26.09000015258789,26.299999237060547,25.979999542236328,26.040000915527344,22.375713348388672,228500
2023-05-08,FCPT,26.09000015258789,26.299999237060547,25.979999542236328,26.040000915527344,22.375713348388672,228500
2023-05-09,FCPT,25.989999771118164,25.989999771118164,25.68000030517578,25.790000915527344,22.1608943939209,208500
2023-05-09,FCPT,25.989999771118164,25.989999771118164,25.68000030517578,25.790000915527344,22.1608943939209,208500
2023-05-10,FCPT,26.040000915527344,26.1200008392334,25.709999084472656,25.979999542236328,22.32415771484375,471100
2023-05-10,FCPT,26.040000915527344,26.1200008392334,25.709999084472656,25.979999542236328,22.32415771484375,471100
2023-05-11,FCPT,25.780000686645508,25.88999938964844,25.61000061035156,25.86000061035156,22.221044540405277,376100
2023-05-11,FCPT,25.780000686645508,25.88999938964844,25.61000061035156,25.86000061035156,22.221044540405277,376100
2023-05-12,FCPT,25.8799991607666,26.01000022888184,25.65999984741211,25.850000381469727,22.212448120117188,204900
2023-05-12,FCPT,25.8799991607666,26.01000022888184,25.65999984741211,25.850000381469727,22.212448120117188,204900
2023-05-15,FCPT,25.90999984741211,26.190000534057617,25.84000015258789,25.920000076293945,22.27259826660156,337400
2023-05-15,FCPT,25.90999984741211,26.190000534057617,25.84000015258789,25.920000076293945,22.27259826660156,337400
2023-05-16,FCPT,25.86000061035156,25.920000076293945,25.51000022888184,25.540000915527344,21.946075439453125,416700
2023-05-16,FCPT,25.86000061035156,25.920000076293945,25.51000022888184,25.540000915527344,21.946075439453125,416700
2023-05-17,FCPT,25.649999618530277,25.940000534057617,25.600000381469727,25.850000381469727,22.212448120117188,716900
2023-05-17,FCPT,25.649999618530277,25.940000534057617,25.600000381469727,25.850000381469727,22.212448120117188,716900
2023-05-18,FCPT,25.799999237060547,25.8700008392334,25.600000381469727,25.799999237060547,22.16948509216309,262900
2023-05-18,FCPT,25.799999237060547,25.8700008392334,25.600000381469727,25.799999237060547,22.16948509216309,262900
2023-05-19,FCPT,26.01000022888184,26.149999618530277,25.61000061035156,25.700000762939453,22.08356094360352,644700
2023-05-19,FCPT,26.01000022888184,26.149999618530277,25.61000061035156,25.700000762939453,22.08356094360352,644700
2023-05-22,FCPT,25.670000076293945,26.059999465942383,25.61000061035156,25.809999465942383,22.178077697753903,202500
2023-05-22,FCPT,25.670000076293945,26.059999465942383,25.61000061035156,25.809999465942383,22.178077697753903,202500
2023-05-23,FCPT,25.71999931335449,26.1200008392334,25.549999237060547,25.86000061035156,22.221044540405277,353700
2023-05-23,FCPT,25.71999931335449,26.1200008392334,25.549999237060547,25.86000061035156,22.221044540405277,353700
2023-05-24,FCPT,25.8700008392334,25.950000762939453,25.600000381469727,25.75,22.126523971557617,764300
2023-05-24,FCPT,25.8700008392334,25.950000762939453,25.600000381469727,25.75,22.126523971557617,764300
2023-05-25,FCPT,25.76000022888184,25.76000022888184,25.36000061035156,25.43000030517578,21.85154914855957,325000
2023-05-25,FCPT,25.76000022888184,25.76000022888184,25.36000061035156,25.43000030517578,21.85154914855957,325000
2023-05-26,FCPT,25.440000534057617,25.6200008392334,25.26000022888184,25.59000015258789,21.989036560058597,213200
2023-05-26,FCPT,25.440000534057617,25.6200008392334,25.26000022888184,25.59000015258789,21.989036560058597,213200
2023-05-30,FCPT,25.600000381469727,25.770000457763672,25.459999084472656,25.5,21.911701202392575,324800
2023-05-30,FCPT,25.600000381469727,25.770000457763672,25.459999084472656,25.5,21.911701202392575,324800
2023-05-31,FCPT,25.540000915527344,25.850000381469727,25.479999542236328,25.700000762939453,22.08356094360352,741000
2023-05-31,FCPT,25.540000915527344,25.850000381469727,25.479999542236328,25.700000762939453,22.08356094360352,741000
2023-06-01,FCPT,25.770000457763672,25.850000381469727,25.540000915527344,25.780000686645508,22.152299880981445,530200
2023-06-01,FCPT,25.770000457763672,25.850000381469727,25.540000915527344,25.780000686645508,22.152299880981445,530200
2023-06-02,FCPT,26.020000457763672,26.350000381469727,25.899999618530277,26.25,22.5561637878418,461000
2023-06-02,FCPT,26.020000457763672,26.350000381469727,25.899999618530277,26.25,22.5561637878418,461000
2023-06-05,FCPT,26.06999969482422,26.25,25.780000686645508,26.0,22.34134101867676,314500
2023-06-05,FCPT,26.06999969482422,26.25,25.780000686645508,26.0,22.34134101867676,314500
2023-06-06,FCPT,25.90999984741211,26.21999931335449,25.8799991607666,26.1299991607666,22.45304679870605,431600
2023-06-06,FCPT,25.90999984741211,26.21999931335449,25.8799991607666,26.1299991607666,22.45304679870605,431600
2023-06-07,FCPT,26.21999931335449,26.799999237060547,26.21999931335449,26.65999984741211,22.90846443176269,660700
2023-06-07,FCPT,26.21999931335449,26.799999237060547,26.21999931335449,26.65999984741211,22.90846443176269,660700
2023-06-08,FCPT,26.63999938964844,26.700000762939453,26.32999992370605,26.36000061035156,22.650684356689453,553600
2023-06-08,FCPT,26.63999938964844,26.700000762939453,26.32999992370605,26.36000061035156,22.650684356689453,553600
2023-06-09,FCPT,26.290000915527344,26.46999931335449,26.11000061035156,26.32999992370605,22.62490463256836,614700
2023-06-09,FCPT,26.290000915527344,26.46999931335449,26.11000061035156,26.32999992370605,22.62490463256836,614700
2023-06-12,FCPT,26.299999237060547,26.40999984741211,26.18000030517578,26.350000381469727,22.642091751098636,526800
2023-06-12,FCPT,26.299999237060547,26.40999984741211,26.18000030517578,26.350000381469727,22.642091751098636,526800
2023-06-13,FCPT,26.31999969482422,26.540000915527344,26.270000457763672,26.420000076293945,22.70223999023437,858000
2023-06-13,FCPT,26.31999969482422,26.540000915527344,26.270000457763672,26.420000076293945,22.70223999023437,858000
2023-06-14,FCPT,26.450000762939453,26.61000061035156,26.229999542236328,26.36000061035156,22.650684356689453,440700
2023-06-14,FCPT,26.450000762939453,26.61000061035156,26.229999542236328,26.36000061035156,22.650684356689453,440700
2023-06-15,FCPT,26.40999984741211,26.459999084472656,26.18000030517578,26.3799991607666,22.667871475219727,750400
2023-06-15,FCPT,26.40999984741211,26.459999084472656,26.18000030517578,26.3799991607666,22.667871475219727,750400
2023-06-16,FCPT,26.440000534057617,26.600000381469727,26.26000022888184,26.59000015258789,22.848318099975582,1511500
2023-06-16,FCPT,26.440000534057617,26.600000381469727,26.26000022888184,26.59000015258789,22.848318099975582,1511500
2023-06-20,FCPT,26.540000915527344,26.540000915527344,25.850000381469727,25.86000061035156,22.221044540405277,695100
2023-06-20,FCPT,26.540000915527344,26.540000915527344,25.850000381469727,25.86000061035156,22.221044540405277,695100
2023-06-21,FCPT,25.75,25.75,25.18000030517578,25.530000686645508,21.937482833862305,581300
2023-06-21,FCPT,25.75,25.75,25.18000030517578,25.530000686645508,21.937482833862305,581300
2023-06-22,FCPT,25.600000381469727,25.71999931335449,25.239999771118164,25.43000030517578,21.85154914855957,535800
2023-06-22,FCPT,25.600000381469727,25.71999931335449,25.239999771118164,25.43000030517578,21.85154914855957,535800
2023-06-23,FCPT,25.36000061035156,25.420000076293945,24.780000686645508,24.959999084472656,21.44769096374512,1166100
2023-06-23,FCPT,25.36000061035156,25.420000076293945,24.780000686645508,24.959999084472656,21.44769096374512,1166100
2023-06-26,FCPT,24.959999084472656,25.520000457763672,24.950000762939453,25.51000022888184,21.92029190063477,503800
2023-06-26,FCPT,24.959999084472656,25.520000457763672,24.950000762939453,25.51000022888184,21.92029190063477,503800
2023-06-27,FCPT,25.559999465942383,25.790000915527344,25.46999931335449,25.68000030517578,22.06637191772461,376600
2023-06-27,FCPT,25.559999465942383,25.790000915527344,25.46999931335449,25.68000030517578,22.06637191772461,376600
2023-06-28,FCPT,25.76000022888184,25.799999237060547,25.40999984741211,25.690000534057617,22.0749626159668,636700
2023-06-28,FCPT,25.76000022888184,25.799999237060547,25.40999984741211,25.690000534057617,22.0749626159668,636700
2023-06-29,FCPT,25.239999771118164,25.61000061035156,25.239999771118164,25.479999542236328,22.18816947937012,1037500
2023-06-29,FCPT,25.239999771118164,25.61000061035156,25.239999771118164,25.479999542236328,22.18816947937012,1037500
2023-06-30,FCPT,25.65999984741211,25.65999984741211,25.0,25.399999618530277,22.118505477905277,1048800
2023-06-30,FCPT,25.65999984741211,25.65999984741211,25.0,25.399999618530277,22.118505477905277,1048800
2023-07-03,FCPT,25.36000061035156,25.75,25.32999992370605,25.6299991607666,22.318788528442383,171400
2023-07-03,FCPT,25.36000061035156,25.75,25.32999992370605,25.6299991607666,22.318788528442383,171400
2023-07-05,FCPT,25.559999465942383,25.75,25.309999465942383,25.56999969482422,22.266542434692383,576000
2023-07-05,FCPT,25.559999465942383,25.75,25.309999465942383,25.56999969482422,22.266542434692383,576000
2023-07-06,FCPT,25.34000015258789,25.600000381469727,24.979999542236328,25.3700008392334,22.09238052368164,494200
2023-07-06,FCPT,25.34000015258789,25.600000381469727,24.979999542236328,25.3700008392334,22.09238052368164,494200
2023-07-07,FCPT,25.270000457763672,25.5,25.190000534057617,25.34000015258789,22.066255569458008,794000
2023-07-07,FCPT,25.270000457763672,25.5,25.190000534057617,25.34000015258789,22.066255569458008,794000
2023-07-10,FCPT,25.34000015258789,25.450000762939453,25.229999542236328,25.3799991607666,22.10108757019043,348000
2023-07-10,FCPT,25.34000015258789,25.450000762939453,25.229999542236328,25.3799991607666,22.10108757019043,348000
2023-07-11,FCPT,25.420000076293945,25.850000381469727,25.40999984741211,25.81999969482422,22.484243392944336,662200
2023-07-11,FCPT,25.420000076293945,25.850000381469727,25.40999984741211,25.81999969482422,22.484243392944336,662200
2023-07-12,FCPT,26.09000015258789,26.34000015258789,25.899999618530277,26.040000915527344,22.67582321166992,924700
2023-07-12,FCPT,26.09000015258789,26.34000015258789,25.899999618530277,26.040000915527344,22.67582321166992,924700
2023-07-13,FCPT,25.940000534057617,26.040000915527344,25.739999771118164,25.90999984741211,22.562618255615234,354000
2023-07-13,FCPT,25.940000534057617,26.040000915527344,25.739999771118164,25.90999984741211,22.562618255615234,354000
2023-07-14,FCPT,25.809999465942383,26.01000022888184,25.729999542236328,25.96999931335449,22.6148624420166,258900
2023-07-14,FCPT,25.809999465942383,26.01000022888184,25.729999542236328,25.96999931335449,22.6148624420166,258900
2023-07-17,FCPT,25.8799991607666,26.290000915527344,25.770000457763672,26.26000022888184,22.867401123046875,486100
2023-07-17,FCPT,25.8799991607666,26.290000915527344,25.770000457763672,26.26000022888184,22.867401123046875,486100
2023-07-18,FCPT,26.350000381469727,26.549999237060547,26.1299991607666,26.3799991607666,22.971895217895508,712700
2023-07-18,FCPT,26.350000381469727,26.549999237060547,26.1299991607666,26.3799991607666,22.971895217895508,712700
2023-07-19,FCPT,26.540000915527344,26.729999542236328,26.46999931335449,26.57999992370605,23.146059036254883,496900
2023-07-19,FCPT,26.540000915527344,26.729999542236328,26.46999931335449,26.57999992370605,23.146059036254883,496900
2023-07-20,FCPT,26.6299991607666,26.8799991607666,26.399999618530277,26.81999969482422,23.35505104064941,239000
2023-07-20,FCPT,26.6299991607666,26.8799991607666,26.399999618530277,26.81999969482422,23.35505104064941,239000
2023-07-21,FCPT,26.96999931335449,27.040000915527344,26.790000915527344,27.0,23.511796951293945,456400
2023-07-21,FCPT,26.96999931335449,27.040000915527344,26.790000915527344,27.0,23.511796951293945,456400
2023-07-24,FCPT,27.030000686645508,27.459999084472656,26.989999771118164,27.420000076293945,23.877538681030277,1096000
2023-07-24,FCPT,27.030000686645508,27.459999084472656,26.989999771118164,27.420000076293945,23.877538681030277,1096000
2023-07-25,FCPT,27.31999969482422,27.5,27.200000762939453,27.21999931335449,23.703371047973636,668500
2023-07-25,FCPT,27.31999969482422,27.5,27.200000762939453,27.21999931335449,23.703371047973636,668500
2023-07-26,FCPT,27.25,27.559999465942383,27.209999084472656,27.530000686645508,23.97332572937012,739700
2023-07-26,FCPT,27.25,27.559999465942383,27.209999084472656,27.530000686645508,23.97332572937012,739700
2023-07-27,FCPT,27.5,27.600000381469727,26.709999084472656,26.770000457763672,23.31151008605957,345400
2023-07-27,FCPT,27.5,27.600000381469727,26.709999084472656,26.770000457763672,23.31151008605957,345400
2023-07-28,FCPT,26.93000030517578,26.979999542236328,26.149999618530277,26.190000534057617,22.806442260742188,266600
2023-07-28,FCPT,26.93000030517578,26.979999542236328,26.149999618530277,26.190000534057617,22.806442260742188,266600
2023-07-31,FCPT,26.200000762939453,26.32999992370605,26.09000015258789,26.299999237060547,22.90222930908203,1242900
2023-07-31,FCPT,26.200000762939453,26.32999992370605,26.09000015258789,26.299999237060547,22.90222930908203,1242900
2023-08-01,FCPT,26.21999931335449,26.34000015258789,25.959999084472656,26.11000061035156,22.736780166625977,432400
2023-08-01,FCPT,26.21999931335449,26.34000015258789,25.959999084472656,26.11000061035156,22.736780166625977,432400
2023-08-02,FCPT,26.040000915527344,26.11000061035156,25.1200008392334,25.440000534057617,22.15333747863769,658300
2023-08-02,FCPT,26.040000915527344,26.11000061035156,25.1200008392334,25.440000534057617,22.15333747863769,658300
2023-08-03,FCPT,25.440000534057617,25.59000015258789,25.149999618530277,25.43000030517578,22.144630432128903,404100
2023-08-03,FCPT,25.440000534057617,25.59000015258789,25.149999618530277,25.43000030517578,22.144630432128903,404100
2023-08-04,FCPT,25.399999618530277,25.799999237060547,25.399999618530277,25.59000015258789,22.283958435058597,618100
2023-08-04,FCPT,25.399999618530277,25.799999237060547,25.399999618530277,25.59000015258789,22.283958435058597,618100
2023-08-07,FCPT,25.6299991607666,26.09000015258789,25.51000022888184,26.020000457763672,22.658409118652344,701400
2023-08-07,FCPT,25.6299991607666,26.09000015258789,25.51000022888184,26.020000457763672,22.658409118652344,701400
2023-08-08,FCPT,25.809999465942383,25.920000076293945,25.57999992370605,25.799999237060547,22.466827392578125,341900
2023-08-08,FCPT,25.809999465942383,25.920000076293945,25.57999992370605,25.799999237060547,22.466827392578125,341900
2023-08-09,FCPT,25.75,26.09000015258789,25.6200008392334,25.88999938964844,22.54520034790039,844300
2023-08-09,FCPT,25.75,26.09000015258789,25.6200008392334,25.88999938964844,22.54520034790039,844300
2023-08-10,FCPT,25.950000762939453,26.059999465942383,25.729999542236328,25.920000076293945,22.57132339477539,372500
2023-08-10,FCPT,25.950000762939453,26.059999465942383,25.729999542236328,25.920000076293945,22.57132339477539,372500
2023-08-11,FCPT,25.8799991607666,26.0,25.790000915527344,25.950000762939453,22.59744644165039,321600
2023-08-11,FCPT,25.8799991607666,26.0,25.790000915527344,25.950000762939453,22.59744644165039,321600
2023-08-14,FCPT,25.899999618530277,25.93000030517578,25.530000686645508,25.559999465942383,22.257837295532227,473200
2023-08-14,FCPT,25.899999618530277,25.93000030517578,25.530000686645508,25.559999465942383,22.257837295532227,473200
2023-08-15,FCPT,25.399999618530277,25.530000686645508,25.200000762939453,25.200000762939453,21.9443416595459,410500
2023-08-15,FCPT,25.399999618530277,25.530000686645508,25.200000762939453,25.200000762939453,21.9443416595459,410500
2023-08-16,FCPT,25.25,25.3799991607666,24.920000076293945,24.920000076293945,21.700517654418945,334700
2023-08-16,FCPT,25.25,25.3799991607666,24.920000076293945,24.920000076293945,21.700517654418945,334700
2023-08-17,FCPT,24.950000762939453,25.190000534057617,24.82999992370605,24.82999992370605,21.62214469909668,435000
2023-08-17,FCPT,24.950000762939453,25.190000534057617,24.82999992370605,24.82999992370605,21.62214469909668,435000
2023-08-18,FCPT,24.690000534057617,25.01000022888184,24.690000534057617,24.84000015258789,21.6308536529541,298200
2023-08-18,FCPT,24.690000534057617,25.01000022888184,24.690000534057617,24.84000015258789,21.6308536529541,298200
2023-08-21,FCPT,24.84000015258789,24.8799991607666,24.38999938964844,24.530000686645508,21.360902786254883,247500
2023-08-21,FCPT,24.84000015258789,24.8799991607666,24.38999938964844,24.530000686645508,21.360902786254883,247500
2023-08-22,FCPT,24.61000061035156,24.75,24.489999771118164,24.709999084472656,21.51764678955078,194800
2023-08-22,FCPT,24.61000061035156,24.75,24.489999771118164,24.709999084472656,21.51764678955078,194800
2023-08-23,FCPT,24.8700008392334,25.13999938964844,24.71999931335449,25.1299991607666,21.88338661193848,325300
2023-08-23,FCPT,24.8700008392334,25.13999938964844,24.71999931335449,25.1299991607666,21.88338661193848,325300
2023-08-24,FCPT,25.100000381469727,25.34000015258789,24.71999931335449,24.770000457763672,21.56989479064941,277600
2023-08-24,FCPT,25.100000381469727,25.34000015258789,24.71999931335449,24.770000457763672,21.56989479064941,277600
2023-08-25,FCPT,24.850000381469727,24.950000762939453,24.709999084472656,24.71999931335449,21.52635765075684,158300
2023-08-25,FCPT,24.850000381469727,24.950000762939453,24.709999084472656,24.71999931335449,21.52635765075684,158300
2023-08-28,FCPT,24.770000457763672,25.1200008392334,24.770000457763672,25.049999237060547,21.813724517822266,362600
2023-08-28,FCPT,24.770000457763672,25.1200008392334,24.770000457763672,25.049999237060547,21.813724517822266,362600
2023-08-29,FCPT,25.01000022888184,25.13999938964844,24.96999931335449,25.11000061035156,21.865970611572266,220900
2023-08-29,FCPT,25.01000022888184,25.13999938964844,24.96999931335449,25.11000061035156,21.865970611572266,220900
2023-08-30,FCPT,25.13999938964844,25.32999992370605,25.1299991607666,25.239999771118164,21.979175567626957,250700
2023-08-30,FCPT,25.13999938964844,25.32999992370605,25.1299991607666,25.239999771118164,21.979175567626957,250700
2023-08-31,FCPT,25.25,25.270000457763672,25.06999969482422,25.15999984741211,21.909513473510746,337000
2023-08-31,FCPT,25.25,25.270000457763672,25.06999969482422,25.15999984741211,21.909513473510746,337000
2023-09-01,FCPT,25.229999542236328,25.36000061035156,25.01000022888184,25.11000061035156,21.865970611572266,218900
2023-09-01,FCPT,25.229999542236328,25.36000061035156,25.01000022888184,25.11000061035156,21.865970611572266,218900
2023-09-05,FCPT,24.959999084472656,25.020000457763672,24.440000534057617,24.5,21.334779739379883,386500
2023-09-05,FCPT,24.959999084472656,25.020000457763672,24.440000534057617,24.5,21.334779739379883,386500
2023-09-06,FCPT,24.57999992370605,24.700000762939453,24.34000015258789,24.40999984741211,21.256404876708984,342100
2023-09-06,FCPT,24.57999992370605,24.700000762939453,24.34000015258789,24.40999984741211,21.256404876708984,342100
2023-09-07,FCPT,24.38999938964844,24.6299991607666,24.3799991607666,24.51000022888184,21.343486785888672,379300
2023-09-07,FCPT,24.38999938964844,24.6299991607666,24.3799991607666,24.51000022888184,21.343486785888672,379300
2023-09-08,FCPT,24.57999992370605,24.68000030517578,24.40999984741211,24.649999618530277,21.46540260314941,298300
2023-09-08,FCPT,24.57999992370605,24.68000030517578,24.40999984741211,24.649999618530277,21.46540260314941,298300
2023-09-11,FCPT,24.71999931335449,24.799999237060547,24.420000076293945,24.68000030517578,21.49152374267578,282000
2023-09-11,FCPT,24.71999931335449,24.799999237060547,24.420000076293945,24.68000030517578,21.49152374267578,282000
2023-09-12,FCPT,24.549999237060547,24.709999084472656,24.309999465942383,24.61000061035156,21.43056869506836,236800
2023-09-12,FCPT,24.549999237060547,24.709999084472656,24.309999465942383,24.61000061035156,21.43056869506836,236800
2023-09-13,FCPT,24.57999992370605,24.600000381469727,24.280000686645508,24.31999969482422,21.17803382873535,270800
2023-09-13,FCPT,24.57999992370605,24.600000381469727,24.280000686645508,24.31999969482422,21.17803382873535,270800
2023-09-14,FCPT,24.530000686645508,24.75,24.530000686645508,24.63999938964844,21.456687927246094,381600
2023-09-14,FCPT,24.530000686645508,24.75,24.530000686645508,24.63999938964844,21.456687927246094,381600
2023-09-15,FCPT,24.57999992370605,24.600000381469727,24.21999931335449,24.25,21.117076873779297,914300
2023-09-15,FCPT,24.57999992370605,24.600000381469727,24.21999931335449,24.25,21.117076873779297,914300
2023-09-18,FCPT,24.31999969482422,24.31999969482422,24.040000915527344,24.15999984741211,21.038705825805664,409800
2023-09-18,FCPT,24.31999969482422,24.31999969482422,24.040000915527344,24.15999984741211,21.038705825805664,409800
2023-09-19,FCPT,24.1299991607666,24.290000915527344,23.96999931335449,24.170000076293945,21.047412872314453,241700
2023-09-19,FCPT,24.1299991607666,24.290000915527344,23.96999931335449,24.170000076293945,21.047412872314453,241700
2023-09-20,FCPT,24.34000015258789,24.6299991607666,24.1200008392334,24.1299991607666,21.0125789642334,471500
2023-09-20,FCPT,24.34000015258789,24.6299991607666,24.1200008392334,24.1299991607666,21.0125789642334,471500
2023-09-21,FCPT,24.149999618530277,24.280000686645508,23.540000915527344,23.559999465942383,20.51621627807617,939600
2023-09-21,FCPT,24.149999618530277,24.280000686645508,23.540000915527344,23.559999465942383,20.51621627807617,939600
2023-09-22,FCPT,23.51000022888184,23.68000030517578,23.270000457763672,23.31999969482422,20.307226181030277,443800
2023-09-22,FCPT,23.51000022888184,23.68000030517578,23.270000457763672,23.31999969482422,20.307226181030277,443800
2023-09-25,FCPT,23.21999931335449,23.270000457763672,22.93000030517578,23.1299991607666,20.14177131652832,526700
2023-09-25,FCPT,23.21999931335449,23.270000457763672,22.93000030517578,23.1299991607666,20.14177131652832,526700
2023-09-26,FCPT,22.940000534057617,23.0,22.450000762939453,22.549999237060547,19.63670539855957,698600
2023-09-26,FCPT,22.940000534057617,23.0,22.450000762939453,22.549999237060547,19.63670539855957,698600
2023-09-27,FCPT,22.63999938964844,22.670000076293945,22.07999992370605,22.1200008392334,19.26226043701172,642900
2023-09-27,FCPT,22.63999938964844,22.670000076293945,22.07999992370605,22.1200008392334,19.26226043701172,642900
2023-09-28,FCPT,21.8799991607666,22.1299991607666,21.770000457763672,22.030000686645508,19.48335838317871,947900
2023-09-28,FCPT,21.8799991607666,22.1299991607666,21.770000457763672,22.030000686645508,19.48335838317871,947900
2023-09-29,FCPT,22.229999542236328,22.399999618530277,21.90999984741211,22.190000534057617,19.62486457824707,638700
2023-09-29,FCPT,22.229999542236328,22.399999618530277,21.90999984741211,22.190000534057617,19.62486457824707,638700
2023-10-02,FCPT,22.200000762939453,22.350000381469727,21.8799991607666,22.049999237060547,19.50104522705078,812400
2023-10-02,FCPT,22.200000762939453,22.350000381469727,21.8799991607666,22.049999237060547,19.50104522705078,812400
2023-10-03,FCPT,21.93000030517578,22.049999237060547,21.739999771118164,21.899999618530277,19.36838722229004,821000
2023-10-03,FCPT,21.93000030517578,22.049999237060547,21.739999771118164,21.899999618530277,19.36838722229004,821000
2023-10-04,FCPT,22.0,22.1299991607666,21.799999237060547,22.1200008392334,19.562957763671875,913400
2023-10-04,FCPT,22.0,22.1299991607666,21.799999237060547,22.1200008392334,19.562957763671875,913400
2023-10-05,FCPT,22.0,22.25,21.989999771118164,22.01000022888184,19.46567153930664,686500
2023-10-05,FCPT,22.0,22.25,21.989999771118164,22.01000022888184,19.46567153930664,686500
2023-10-06,FCPT,21.799999237060547,22.030000686645508,21.59000015258789,21.90999984741211,19.377227783203125,761300
2023-10-06,FCPT,21.799999237060547,22.030000686645508,21.59000015258789,21.90999984741211,19.377227783203125,761300
2023-10-09,FCPT,21.790000915527344,22.32999992370605,21.790000915527344,22.15999984741211,19.598331451416016,420800
2023-10-09,FCPT,21.790000915527344,22.32999992370605,21.790000915527344,22.15999984741211,19.598331451416016,420800
2023-10-10,FCPT,22.1200008392334,22.40999984741211,21.989999771118164,22.149999618530277,19.58948516845703,749700
2023-10-10,FCPT,22.1200008392334,22.40999984741211,21.989999771118164,22.149999618530277,19.58948516845703,749700
2023-10-11,FCPT,22.280000686645508,22.450000762939453,22.170000076293945,22.420000076293945,19.82827377319336,473600
2023-10-11,FCPT,22.280000686645508,22.450000762939453,22.170000076293945,22.420000076293945,19.82827377319336,473600
2023-10-12,FCPT,22.40999984741211,22.40999984741211,21.790000915527344,21.790000915527344,19.271100997924805,568400
2023-10-12,FCPT,22.40999984741211,22.40999984741211,21.790000915527344,21.790000915527344,19.271100997924805,568400
2023-10-13,FCPT,21.8799991607666,22.09000015258789,21.350000381469727,21.549999237060547,19.0588493347168,1140600
2023-10-13,FCPT,21.8799991607666,22.09000015258789,21.350000381469727,21.549999237060547,19.0588493347168,1140600
2023-10-16,FCPT,21.71999931335449,21.940000534057617,21.3700008392334,21.76000022888184,19.244571685791016,687500
2023-10-16,FCPT,21.71999931335449,21.940000534057617,21.3700008392334,21.76000022888184,19.244571685791016,687500
2023-10-17,FCPT,21.6200008392334,22.200000762939453,21.6200008392334,21.90999984741211,19.377227783203125,596900
2023-10-17,FCPT,21.6200008392334,22.200000762939453,21.6200008392334,21.90999984741211,19.377227783203125,596900
2023-10-18,FCPT,21.790000915527344,21.8799991607666,21.520000457763672,21.530000686645508,19.04115867614746,799500
2023-10-18,FCPT,21.790000915527344,21.8799991607666,21.520000457763672,21.530000686645508,19.04115867614746,799500
2023-10-19,FCPT,21.399999618530277,21.59000015258789,21.100000381469727,21.1200008392334,18.67855453491211,1115700
2023-10-19,FCPT,21.399999618530277,21.59000015258789,21.100000381469727,21.1200008392334,18.67855453491211,1115700
2023-10-20,FCPT,21.209999084472656,21.3700008392334,20.96999931335449,21.0,18.572423934936523,704300
2023-10-20,FCPT,21.209999084472656,21.3700008392334,20.96999931335449,21.0,18.572423934936523,704300
2023-10-23,FCPT,20.850000381469727,20.96999931335449,20.649999618530277,20.780000686645508,18.377857208251957,809300
2023-10-23,FCPT,20.850000381469727,20.96999931335449,20.649999618530277,20.780000686645508,18.377857208251957,809300
2023-10-24,FCPT,20.8700008392334,21.020000457763672,20.84000015258789,21.0,18.572423934936523,380800
2023-10-24,FCPT,20.8700008392334,21.020000457763672,20.84000015258789,21.0,18.572423934936523,380800
2023-10-25,FCPT,20.88999938964844,20.940000534057617,20.63999938964844,20.649999618530277,18.26288414001465,609100
2023-10-25,FCPT,20.88999938964844,20.940000534057617,20.63999938964844,20.649999618530277,18.26288414001465,609100
2023-10-26,FCPT,20.809999465942383,21.07999992370605,20.770000457763672,20.959999084472656,18.53704833984375,596900
2023-10-26,FCPT,20.809999465942383,21.07999992370605,20.770000457763672,20.959999084472656,18.53704833984375,596900
2023-10-27,FCPT,20.93000030517578,21.059999465942383,20.530000686645508,20.61000061035156,18.227508544921875,644700
2023-10-27,FCPT,20.93000030517578,21.059999465942383,20.530000686645508,20.61000061035156,18.227508544921875,644700
2023-10-30,FCPT,20.76000022888184,20.86000061035156,20.51000022888184,20.799999237060547,18.395544052124023,932400
2023-10-30,FCPT,20.76000022888184,20.86000061035156,20.51000022888184,20.799999237060547,18.395544052124023,932400
2023-10-31,FCPT,20.950000762939453,21.309999465942383,20.88999938964844,21.299999237060547,18.837745666503903,1015500
2023-10-31,FCPT,20.950000762939453,21.309999465942383,20.88999938964844,21.299999237060547,18.837745666503903,1015500
2023-11-01,FCPT,21.280000686645508,21.93000030517578,21.25,21.93000030517578,19.39491844177246,1038100
2023-11-01,FCPT,21.280000686645508,21.93000030517578,21.25,21.93000030517578,19.39491844177246,1038100
2023-11-02,FCPT,21.71999931335449,22.36000061035156,21.459999084472656,22.32999992370605,19.748676300048828,1078300
2023-11-02,FCPT,21.71999931335449,22.36000061035156,21.459999084472656,22.32999992370605,19.748676300048828,1078300
2023-11-03,FCPT,22.809999465942383,22.82999992370605,22.299999237060547,22.31999969482422,19.73983383178711,747400
2023-11-03,FCPT,22.809999465942383,22.82999992370605,22.299999237060547,22.31999969482422,19.73983383178711,747400
2023-11-06,FCPT,22.15999984741211,22.15999984741211,21.770000457763672,22.06999969482422,19.518733978271484,625300
2023-11-06,FCPT,22.15999984741211,22.15999984741211,21.770000457763672,22.06999969482422,19.518733978271484,625300
2023-11-07,FCPT,22.209999084472656,22.5,21.68000030517578,21.76000022888184,19.244571685791016,461700
2023-11-07,FCPT,22.209999084472656,22.5,21.68000030517578,21.76000022888184,19.244571685791016,461700
2023-11-08,FCPT,21.739999771118164,22.06999969482422,21.700000762939453,22.030000686645508,19.48335838317871,367800
2023-11-08,FCPT,21.739999771118164,22.06999969482422,21.700000762939453,22.030000686645508,19.48335838317871,367800
2023-11-09,FCPT,22.170000076293945,22.18000030517578,21.71999931335449,21.82999992370605,19.306480407714844,792600
2023-11-09,FCPT,22.170000076293945,22.18000030517578,21.71999931335449,21.82999992370605,19.306480407714844,792600
2023-11-10,FCPT,21.88999938964844,21.899999618530277,21.670000076293945,21.8700008392334,19.341854095458984,378700
2023-11-10,FCPT,21.88999938964844,21.899999618530277,21.670000076293945,21.8700008392334,19.341854095458984,378700
2023-11-13,FCPT,21.81999969482422,21.88999938964844,21.600000381469727,21.809999465942383,19.28878593444824,260300
2023-11-13,FCPT,21.81999969482422,21.88999938964844,21.600000381469727,21.809999465942383,19.28878593444824,260300
2023-11-14,FCPT,22.459999084472656,23.059999465942383,22.459999084472656,22.950000762939453,20.297008514404297,548200
2023-11-14,FCPT,22.459999084472656,23.059999465942383,22.459999084472656,22.950000762939453,20.297008514404297,548200
2023-11-15,FCPT,22.90999984741211,22.979999542236328,22.68000030517578,22.729999542236328,20.102439880371094,390400
2023-11-15,FCPT,22.90999984741211,22.979999542236328,22.68000030517578,22.729999542236328,20.102439880371094,390400
2023-11-16,FCPT,22.709999084472656,22.780000686645508,22.559999465942383,22.6299991607666,20.013996124267575,363100
2023-11-16,FCPT,22.709999084472656,22.780000686645508,22.559999465942383,22.6299991607666,20.013996124267575,363100
2023-11-17,FCPT,22.809999465942383,22.809999465942383,22.559999465942383,22.61000061035156,19.996315002441406,456200
2023-11-17,FCPT,22.809999465942383,22.809999465942383,22.559999465942383,22.61000061035156,19.996315002441406,456200
2023-11-20,FCPT,22.61000061035156,22.81999969482422,22.440000534057617,22.81999969482422,20.182035446166992,301600
2023-11-20,FCPT,22.61000061035156,22.81999969482422,22.440000534057617,22.81999969482422,20.182035446166992,301600
2023-11-21,FCPT,22.68000030517578,22.8700008392334,22.6299991607666,22.75,20.1201229095459,251200
2023-11-21,FCPT,22.68000030517578,22.8700008392334,22.6299991607666,22.75,20.1201229095459,251200
2023-11-22,FCPT,22.940000534057617,23.0,22.76000022888184,22.82999992370605,20.190879821777344,218200
2023-11-22,FCPT,22.940000534057617,23.0,22.76000022888184,22.82999992370605,20.190879821777344,218200
2023-11-24,FCPT,22.780000686645508,23.030000686645508,22.71999931335449,22.950000762939453,20.297008514404297,136800
2023-11-24,FCPT,22.780000686645508,23.030000686645508,22.71999931335449,22.950000762939453,20.297008514404297,136800
2023-11-27,FCPT,22.950000762939453,23.059999465942383,22.81999969482422,22.950000762939453,20.297008514404297,302600
2023-11-27,FCPT,22.950000762939453,23.059999465942383,22.81999969482422,22.950000762939453,20.297008514404297,302600
2023-11-28,FCPT,22.90999984741211,23.239999771118164,22.780000686645508,23.07999992370605,20.411977767944336,292900
2023-11-28,FCPT,22.90999984741211,23.239999771118164,22.780000686645508,23.07999992370605,20.411977767944336,292900
2023-11-29,FCPT,23.25,23.40999984741211,22.81999969482422,22.850000381469727,20.20856475830078,554700
2023-11-29,FCPT,23.25,23.40999984741211,22.81999969482422,22.850000381469727,20.20856475830078,554700
2023-11-30,FCPT,22.82999992370605,23.01000022888184,22.729999542236328,22.989999771118164,20.332380294799805,766600
2023-11-30,FCPT,22.82999992370605,23.01000022888184,22.729999542236328,22.989999771118164,20.332380294799805,766600
2023-12-01,FCPT,22.959999084472656,23.84000015258789,22.959999084472656,23.780000686645508,21.03106117248535,623100
2023-12-01,FCPT,22.959999084472656,23.84000015258789,22.959999084472656,23.780000686645508,21.03106117248535,623100
2023-12-04,FCPT,23.739999771118164,24.489999771118164,23.739999771118164,24.420000076293945,21.597076416015625,862400
2023-12-04,FCPT,23.739999771118164,24.489999771118164,23.739999771118164,24.420000076293945,21.597076416015625,862400
2023-12-05,FCPT,24.40999984741211,24.459999084472656,24.239999771118164,24.36000061035156,21.54401397705078,796800
2023-12-05,FCPT,24.40999984741211,24.459999084472656,24.239999771118164,24.36000061035156,21.54401397705078,796800
2023-12-06,FCPT,24.530000686645508,24.82999992370605,24.299999237060547,24.799999237060547,21.93314743041992,2180900
2023-12-06,FCPT,24.530000686645508,24.82999992370605,24.299999237060547,24.799999237060547,21.93314743041992,2180900
2023-12-07,FCPT,24.790000915527344,25.200000762939453,24.709999084472656,25.149999618530277,22.24268913269043,1194300
2023-12-07,FCPT,24.790000915527344,25.200000762939453,24.709999084472656,25.149999618530277,22.24268913269043,1194300
2023-12-08,FCPT,25.040000915527344,25.399999618530277,24.18000030517578,24.21999931335449,21.420196533203125,1333200
2023-12-08,FCPT,25.040000915527344,25.399999618530277,24.18000030517578,24.21999931335449,21.420196533203125,1333200
2023-12-11,FCPT,24.13999938964844,24.3799991607666,23.8700008392334,24.34000015258789,21.526323318481445,1410400
2023-12-11,FCPT,24.13999938964844,24.3799991607666,23.8700008392334,24.34000015258789,21.526323318481445,1410400
2023-12-12,FCPT,24.440000534057617,24.5,24.200000762939453,24.280000686645508,21.4732608795166,428900
2023-12-12,FCPT,24.440000534057617,24.5,24.200000762939453,24.280000686645508,21.4732608795166,428900
2023-12-13,FCPT,24.239999771118164,25.18000030517578,24.11000061035156,25.0,22.11002922058105,801500
2023-12-13,FCPT,24.239999771118164,25.18000030517578,24.11000061035156,25.0,22.11002922058105,801500
2023-12-14,FCPT,25.399999618530277,25.600000381469727,25.170000076293945,25.32999992370605,22.40188217163086,849900
2023-12-14,FCPT,25.399999618530277,25.600000381469727,25.170000076293945,25.32999992370605,22.40188217163086,849900
2023-12-15,FCPT,25.11000061035156,25.420000076293945,24.940000534057617,24.979999542236328,22.09234046936035,2011400
2023-12-15,FCPT,25.11000061035156,25.420000076293945,24.940000534057617,24.979999542236328,22.09234046936035,2011400
2023-12-18,FCPT,25.059999465942383,25.100000381469727,24.63999938964844,24.90999984741211,22.030431747436523,1211300
2023-12-18,FCPT,25.059999465942383,25.100000381469727,24.63999938964844,24.90999984741211,22.030431747436523,1211300
2023-12-19,FCPT,25.030000686645508,25.270000457763672,24.96999931335449,24.979999542236328,22.09234046936035,724200
2023-12-19,FCPT,25.030000686645508,25.270000457763672,24.96999931335449,24.979999542236328,22.09234046936035,724200
2023-12-20,FCPT,25.06999969482422,25.690000534057617,25.059999465942383,25.18000030517578,22.26922416687012,796900
2023-12-20,FCPT,25.06999969482422,25.690000534057617,25.059999465942383,25.18000030517578,22.26922416687012,796900
2023-12-21,FCPT,25.299999237060547,25.40999984741211,25.059999465942383,25.200000762939453,22.28690719604492,668500
2023-12-21,FCPT,25.299999237060547,25.40999984741211,25.059999465942383,25.200000762939453,22.28690719604492,668500
2023-12-22,FCPT,25.290000915527344,25.5,25.11000061035156,25.32999992370605,22.40188217163086,969500
2023-12-22,FCPT,25.290000915527344,25.5,25.11000061035156,25.32999992370605,22.40188217163086,969500
2023-12-26,FCPT,25.40999984741211,25.76000022888184,25.32999992370605,25.61000061035156,22.649513244628903,619400
2023-12-26,FCPT,25.40999984741211,25.76000022888184,25.32999992370605,25.61000061035156,22.649513244628903,619400
2023-12-27,FCPT,25.690000534057617,25.809999465942383,25.530000686645508,25.709999084472656,22.73795318603516,419600
2023-12-27,FCPT,25.690000534057617,25.809999465942383,25.530000686645508,25.709999084472656,22.73795318603516,419600
2023-12-28,FCPT,25.239999771118164,25.6200008392334,25.11000061035156,25.51000022888184,22.867935180664062,521400
2023-12-28,FCPT,25.239999771118164,25.6200008392334,25.11000061035156,25.51000022888184,22.867935180664062,521400
2023-12-29,FCPT,25.38999938964844,25.459999084472656,25.25,25.299999237060547,22.6796875,606300
2023-12-29,FCPT,25.38999938964844,25.459999084472656,25.25,25.299999237060547,22.6796875,606300
2024-01-02,FCPT,25.25,25.82999992370605,25.21999931335449,25.59000015258789,22.93965148925781,598200
2024-01-02,FCPT,25.25,25.82999992370605,25.21999931335449,25.59000015258789,22.93965148925781,598200
2024-01-03,FCPT,25.489999771118164,25.489999771118164,24.90999984741211,24.96999931335449,22.383867263793945,552900
2024-01-03,FCPT,25.489999771118164,25.489999771118164,24.90999984741211,24.96999931335449,22.383867263793945,552900
2024-01-04,FCPT,24.96999931335449,25.170000076293945,24.75,25.040000915527344,22.446613311767575,589000
2024-01-04,FCPT,24.96999931335449,25.170000076293945,24.75,25.040000915527344,22.446613311767575,589000
2024-01-05,FCPT,24.86000061035156,25.18000030517578,24.84000015258789,25.020000457763672,22.428688049316406,397900
2024-01-05,FCPT,24.86000061035156,25.18000030517578,24.84000015258789,25.020000457763672,22.428688049316406,397900
2024-01-08,FCPT,25.06999969482422,25.43000030517578,25.0,25.32999992370605,22.706579208374023,498100
2024-01-08,FCPT,25.06999969482422,25.43000030517578,25.0,25.32999992370605,22.706579208374023,498100
2024-01-09,FCPT,25.040000915527344,25.540000915527344,25.0,25.34000015258789,22.71554374694824,677500
2024-01-09,FCPT,25.040000915527344,25.540000915527344,25.0,25.34000015258789,22.71554374694824,677500
2024-01-10,FCPT,25.32999992370605,25.459999084472656,25.149999618530277,25.21999931335449,22.60797119140625,444000
2024-01-10,FCPT,25.32999992370605,25.459999084472656,25.149999618530277,25.21999931335449,22.60797119140625,444000
2024-01-11,FCPT,25.1299991607666,25.25,24.93000030517578,25.200000762939453,22.590044021606445,541900
2024-01-11,FCPT,25.1299991607666,25.25,24.93000030517578,25.200000762939453,22.590044021606445,541900
2024-01-12,FCPT,25.489999771118164,25.63999938964844,25.030000686645508,25.18000030517578,22.57211685180664,336500
2024-01-12,FCPT,25.489999771118164,25.63999938964844,25.030000686645508,25.18000030517578,22.57211685180664,336500
2024-01-16,FCPT,25.0,25.07999992370605,24.530000686645508,24.6200008392334,22.070114135742188,585300
2024-01-16,FCPT,25.0,25.07999992370605,24.530000686645508,24.6200008392334,22.070114135742188,585300
2024-01-17,FCPT,24.32999992370605,24.56999969482422,23.920000076293945,24.229999542236328,21.720504760742188,534600
2024-01-17,FCPT,24.32999992370605,24.56999969482422,23.920000076293945,24.229999542236328,21.720504760742188,534600
2024-01-18,FCPT,24.26000022888184,24.26000022888184,23.84000015258789,24.030000686645508,21.54121971130371,418900
2024-01-18,FCPT,24.26000022888184,24.26000022888184,23.84000015258789,24.030000686645508,21.54121971130371,418900
2024-01-19,FCPT,24.07999992370605,24.34000015258789,23.790000915527344,24.13999938964844,21.63982963562012,522600
2024-01-19,FCPT,24.07999992370605,24.34000015258789,23.790000915527344,24.13999938964844,21.63982963562012,522600
2024-01-22,FCPT,24.290000915527344,24.65999984741211,24.229999542236328,24.290000915527344,21.774293899536133,565100
2024-01-22,FCPT,24.290000915527344,24.65999984741211,24.229999542236328,24.290000915527344,21.774293899536133,565100
2024-01-23,FCPT,24.46999931335449,24.6200008392334,24.0,24.09000015258789,21.595006942749023,374400
2024-01-23,FCPT,24.46999931335449,24.6200008392334,24.0,24.09000015258789,21.595006942749023,374400
2024-01-24,FCPT,24.3700008392334,24.3700008392334,23.440000534057617,23.479999542236328,21.04818344116211,571200
2024-01-24,FCPT,24.3700008392334,24.3700008392334,23.440000534057617,23.479999542236328,21.04818344116211,571200
2024-01-25,FCPT,23.81999969482422,23.850000381469727,23.59000015258789,23.75,21.29022026062012,347000
2024-01-25,FCPT,23.81999969482422,23.850000381469727,23.59000015258789,23.75,21.29022026062012,347000
2024-01-26,FCPT,23.8700008392334,23.959999084472656,23.59000015258789,23.65999984741211,21.20953941345215,366500
2024-01-26,FCPT,23.8700008392334,23.959999084472656,23.59000015258789,23.65999984741211,21.20953941345215,366500
2024-01-29,FCPT,23.6200008392334,24.0,23.3700008392334,23.979999542236328,21.49639892578125,459600
2024-01-29,FCPT,23.6200008392334,24.0,23.3700008392334,23.979999542236328,21.49639892578125,459600
2024-01-30,FCPT,23.8799991607666,24.020000457763672,23.6200008392334,23.700000762939453,21.245397567749023,256400
2024-01-30,FCPT,23.8799991607666,24.020000457763672,23.6200008392334,23.700000762939453,21.245397567749023,256400
2024-01-31,FCPT,23.850000381469727,23.920000076293945,23.399999618530277,23.40999984741211,20.985435485839844,550100
2024-01-31,FCPT,23.850000381469727,23.920000076293945,23.399999618530277,23.40999984741211,20.985435485839844,550100
2024-02-01,FCPT,23.38999938964844,24.059999465942383,23.25,24.020000457763672,21.53225898742676,673900
2024-02-01,FCPT,23.38999938964844,24.059999465942383,23.25,24.020000457763672,21.53225898742676,673900
2024-02-02,FCPT,23.700000762939453,23.71999931335449,23.299999237060547,23.479999542236328,21.04818344116211,513200
2024-02-02,FCPT,23.700000762939453,23.71999931335449,23.299999237060547,23.479999542236328,21.04818344116211,513200
2024-02-05,FCPT,23.09000015258789,23.200000762939453,22.8700008392334,22.950000762939453,20.573078155517575,512200
2024-02-05,FCPT,23.09000015258789,23.200000762939453,22.8700008392334,22.950000762939453,20.573078155517575,512200
2024-02-06,FCPT,22.84000015258789,23.26000022888184,22.770000457763672,23.11000061035156,20.71650505065918,465900
2024-02-06,FCPT,22.84000015258789,23.26000022888184,22.770000457763672,23.11000061035156,20.71650505065918,465900
2024-02-07,FCPT,23.1200008392334,23.1200008392334,22.82999992370605,22.88999938964844,20.519289016723636,349400
2024-02-07,FCPT,23.1200008392334,23.1200008392334,22.82999992370605,22.88999938964844,20.519289016723636,349400
2024-02-08,FCPT,22.84000015258789,23.11000061035156,22.739999771118164,22.940000534057617,20.56411361694336,335600
2024-02-08,FCPT,22.84000015258789,23.11000061035156,22.739999771118164,22.940000534057617,20.56411361694336,335600
2024-02-09,FCPT,22.950000762939453,23.1200008392334,22.63999938964844,23.100000381469727,20.70754051208496,388300
2024-02-09,FCPT,22.950000762939453,23.1200008392334,22.63999938964844,23.100000381469727,20.70754051208496,388300
2024-02-12,FCPT,23.18000030517578,23.31999969482422,23.11000061035156,23.1299991607666,20.73443031311035,380700
2024-02-12,FCPT,23.18000030517578,23.31999969482422,23.11000061035156,23.1299991607666,20.73443031311035,380700
2024-02-13,FCPT,22.530000686645508,22.950000762939453,22.459999084472656,22.920000076293945,20.54618263244629,721200
2024-02-13,FCPT,22.530000686645508,22.950000762939453,22.459999084472656,22.920000076293945,20.54618263244629,721200
2024-02-14,FCPT,23.1200008392334,23.13999938964844,22.84000015258789,22.959999084472656,20.58203887939453,460700
2024-02-14,FCPT,23.1200008392334,23.13999938964844,22.84000015258789,22.959999084472656,20.58203887939453,460700
2024-02-15,FCPT,23.309999465942383,24.1200008392334,23.170000076293945,23.51000022888184,21.0750789642334,773900
2024-02-15,FCPT,23.309999465942383,24.1200008392334,23.170000076293945,23.51000022888184,21.0750789642334,773900
2024-02-16,FCPT,23.170000076293945,23.709999084472656,23.1200008392334,23.549999237060547,21.11093139648437,484900
2024-02-16,FCPT,23.170000076293945,23.709999084472656,23.1200008392334,23.549999237060547,21.11093139648437,484900
2024-02-20,FCPT,23.540000915527344,23.8799991607666,23.450000762939453,23.780000686645508,21.317113876342773,572000
2024-02-20,FCPT,23.540000915527344,23.8799991607666,23.450000762939453,23.780000686645508,21.317113876342773,572000
2024-02-21,FCPT,23.8700008392334,23.959999084472656,23.68000030517578,23.850000381469727,21.379865646362305,322300
2024-02-21,FCPT,23.8700008392334,23.959999084472656,23.68000030517578,23.850000381469727,21.379865646362305,322300
2024-02-22,FCPT,23.739999771118164,23.76000022888184,23.420000076293945,23.739999771118164,21.2812557220459,462400
2024-02-22,FCPT,23.739999771118164,23.76000022888184,23.420000076293945,23.739999771118164,21.2812557220459,462400
2024-02-23,FCPT,23.82999992370605,23.93000030517578,23.61000061035156,23.63999938964844,21.191612243652344,256700
2024-02-23,FCPT,23.82999992370605,23.93000030517578,23.61000061035156,23.63999938964844,21.191612243652344,256700
2024-02-26,FCPT,23.51000022888184,23.649999618530277,23.280000686645508,23.350000381469727,20.9316463470459,345700
2024-02-26,FCPT,23.51000022888184,23.649999618530277,23.280000686645508,23.350000381469727,20.9316463470459,345700
2024-02-27,FCPT,23.5,23.6299991607666,23.270000457763672,23.36000061035156,20.94061279296875,342000
2024-02-27,FCPT,23.5,23.6299991607666,23.270000457763672,23.36000061035156,20.94061279296875,342000
2024-02-28,FCPT,23.229999542236328,23.649999618530277,23.13999938964844,23.57999992370605,21.13782501220703,334600
2024-02-28,FCPT,23.229999542236328,23.649999618530277,23.13999938964844,23.57999992370605,21.13782501220703,334600
2024-02-29,FCPT,23.8799991607666,24.200000762939453,23.68000030517578,24.18000030517578,21.675683975219727,957600
2024-02-29,FCPT,23.8799991607666,24.200000762939453,23.68000030517578,24.18000030517578,21.675683975219727,957600
2024-03-01,FCPT,24.13999938964844,24.68000030517578,23.81999969482422,24.670000076293945,22.114933013916016,1220600
2024-03-01,FCPT,24.13999938964844,24.68000030517578,23.81999969482422,24.670000076293945,22.114933013916016,1220600
2024-03-04,FCPT,24.6299991607666,25.31999969482422,24.6299991607666,25.309999465942383,22.68865394592285,902500
2024-03-04,FCPT,24.6299991607666,25.31999969482422,24.6299991607666,25.309999465942383,22.68865394592285,902500
2024-03-05,FCPT,25.25,25.270000457763672,24.1299991607666,24.18000030517578,21.675683975219727,1115500
2024-03-05,FCPT,25.25,25.270000457763672,24.1299991607666,24.18000030517578,21.675683975219727,1115500
2024-03-06,FCPT,24.38999938964844,24.38999938964844,24.1200008392334,24.190000534057617,21.684650421142575,355400
2024-03-06,FCPT,24.38999938964844,24.38999938964844,24.1200008392334,24.190000534057617,21.684650421142575,355400
2024-03-07,FCPT,24.059999465942383,24.350000381469727,23.959999084472656,24.1200008392334,21.62190055847168,277300
2024-03-07,FCPT,24.059999465942383,24.350000381469727,23.959999084472656,24.1200008392334,21.62190055847168,277300
2024-03-08,FCPT,24.149999618530277,24.450000762939453,24.020000457763672,24.280000686645508,21.76532745361328,288700
2024-03-08,FCPT,24.149999618530277,24.450000762939453,24.020000457763672,24.280000686645508,21.76532745361328,288700
2024-03-11,FCPT,24.209999084472656,24.520000457763672,24.100000381469727,24.3799991607666,21.854969024658203,272200
2024-03-11,FCPT,24.209999084472656,24.520000457763672,24.100000381469727,24.3799991607666,21.854969024658203,272200
2024-03-12,FCPT,24.309999465942383,24.309999465942383,24.0,24.229999542236328,21.720504760742188,286200
2024-03-12,FCPT,24.309999465942383,24.309999465942383,24.0,24.229999542236328,21.720504760742188,286200
2024-03-13,FCPT,24.13999938964844,24.3799991607666,23.90999984741211,23.959999084472656,21.47846794128418,405600
2024-03-13,FCPT,24.13999938964844,24.3799991607666,23.90999984741211,23.959999084472656,21.47846794128418,405600
2024-03-14,FCPT,23.8799991607666,23.88999938964844,23.40999984741211,23.76000022888184,21.299182891845703,669100
2024-03-14,FCPT,23.8799991607666,23.88999938964844,23.40999984741211,23.76000022888184,21.299182891845703,669100
2024-03-15,FCPT,23.690000534057617,24.68000030517578,23.690000534057617,24.549999237060547,22.007362365722656,1741900
2024-03-15,FCPT,23.690000534057617,24.68000030517578,23.690000534057617,24.549999237060547,22.007362365722656,1741900
2024-03-18,FCPT,24.43000030517578,24.709999084472656,24.270000457763672,24.479999542236328,21.94461441040039,637100
2024-03-18,FCPT,24.43000030517578,24.709999084472656,24.270000457763672,24.479999542236328,21.94461441040039,637100
2024-03-19,FCPT,24.5,24.729999542236328,24.32999992370605,24.459999084472656,21.926685333251957,275200
2024-03-19,FCPT,24.5,24.729999542236328,24.32999992370605,24.459999084472656,21.926685333251957,275200
2024-03-20,FCPT,24.3700008392334,24.600000381469727,24.280000686645508,24.450000762939453,21.91772079467773,405600
2024-03-20,FCPT,24.3700008392334,24.600000381469727,24.280000686645508,24.450000762939453,21.91772079467773,405600
2024-03-21,FCPT,24.56999969482422,24.770000457763672,24.299999237060547,24.520000457763672,21.980470657348636,593400
2024-03-21,FCPT,24.56999969482422,24.770000457763672,24.299999237060547,24.520000457763672,21.980470657348636,593400
2024-03-22,FCPT,24.63999938964844,24.63999938964844,24.09000015258789,24.1200008392334,21.62190055847168,590500
2024-03-22,FCPT,24.63999938964844,24.63999938964844,24.09000015258789,24.1200008392334,21.62190055847168,590500
2024-03-25,FCPT,24.15999984741211,24.239999771118164,23.88999938964844,23.90999984741211,21.43364906311035,527900
2024-03-25,FCPT,24.15999984741211,24.239999771118164,23.88999938964844,23.90999984741211,21.43364906311035,527900
2024-03-26,FCPT,23.940000534057617,24.1299991607666,23.86000061035156,24.09000015258789,21.595006942749023,340200
2024-03-26,FCPT,23.940000534057617,24.1299991607666,23.86000061035156,24.09000015258789,21.595006942749023,340200
2024-03-27,FCPT,24.01000022888184,24.280000686645508,23.93000030517578,24.26000022888184,22.06337547302246,380200
2024-03-27,FCPT,24.01000022888184,24.280000686645508,23.93000030517578,24.26000022888184,22.06337547302246,380200
2024-03-28,FCPT,24.32999992370605,24.51000022888184,24.32999992370605,24.46999931335449,22.254358291625977,472000
2024-03-28,FCPT,24.32999992370605,24.51000022888184,24.32999992370605,24.46999931335449,22.254358291625977,472000
2024-04-01,FCPT,24.520000457763672,24.520000457763672,24.100000381469727,24.40999984741211,22.19979286193848,286400
2024-04-01,FCPT,24.520000457763672,24.520000457763672,24.100000381469727,24.40999984741211,22.19979286193848,286400
2024-04-02,FCPT,24.15999984741211,24.280000686645508,23.6200008392334,23.76000022888184,21.608646392822266,481300
2024-04-02,FCPT,24.15999984741211,24.280000686645508,23.6200008392334,23.76000022888184,21.608646392822266,481300
2024-04-03,FCPT,23.6299991607666,23.739999771118164,23.3799991607666,23.520000457763672,21.390378952026367,467200
2024-04-03,FCPT,23.6299991607666,23.739999771118164,23.3799991607666,23.520000457763672,21.390378952026367,467200
2024-04-04,FCPT,23.76000022888184,23.84000015258789,23.36000061035156,23.5,21.372188568115234,424600
2024-04-04,FCPT,23.76000022888184,23.84000015258789,23.36000061035156,23.5,21.372188568115234,424600
2024-04-05,FCPT,23.3799991607666,23.690000534057617,23.229999542236328,23.6200008392334,21.481325149536133,364700
2024-04-05,FCPT,23.3799991607666,23.690000534057617,23.229999542236328,23.6200008392334,21.481325149536133,364700
2024-04-08,FCPT,23.649999618530277,23.850000381469727,23.649999618530277,23.770000457763672,21.61774063110352,250200
2024-04-08,FCPT,23.649999618530277,23.850000381469727,23.649999618530277,23.770000457763672,21.61774063110352,250200
2024-04-09,FCPT,23.850000381469727,24.299999237060547,23.850000381469727,24.290000915527344,22.090660095214844,214500
2024-04-09,FCPT,23.850000381469727,24.299999237060547,23.850000381469727,24.290000915527344,22.090660095214844,214500
2024-04-10,FCPT,23.600000381469727,23.68000030517578,22.959999084472656,23.31999969482422,21.208484649658203,500600
2024-04-10,FCPT,23.600000381469727,23.68000030517578,22.959999084472656,23.31999969482422,21.208484649658203,500600
2024-04-11,FCPT,23.399999618530277,23.739999771118164,23.270000457763672,23.520000457763672,21.390378952026367,445200
2024-04-11,FCPT,23.399999618530277,23.739999771118164,23.270000457763672,23.520000457763672,21.390378952026367,445200
2024-04-12,FCPT,23.459999084472656,23.6200008392334,23.270000457763672,23.34000015258789,21.2266788482666,561700
2024-04-12,FCPT,23.459999084472656,23.6200008392334,23.270000457763672,23.34000015258789,21.2266788482666,561700
2024-04-15,FCPT,23.36000061035156,23.450000762939453,22.96999931335449,23.25,21.144824981689453,985000
2024-04-15,FCPT,23.36000061035156,23.450000762939453,22.96999931335449,23.25,21.144824981689453,985000
2024-04-16,FCPT,23.18000030517578,23.420000076293945,22.649999618530277,22.739999771118164,20.68100357055664,1420200
2024-04-16,FCPT,23.18000030517578,23.420000076293945,22.649999618530277,22.739999771118164,20.68100357055664,1420200
2024-04-17,FCPT,22.71999931335449,22.8700008392334,22.3799991607666,22.56999969482422,20.52639579772949,693500
2024-04-17,FCPT,22.71999931335449,22.8700008392334,22.3799991607666,22.56999969482422,20.52639579772949,693500
2024-04-18,FCPT,22.68000030517578,22.8799991607666,22.540000915527344,22.65999984741211,20.60824966430664,819200
2024-04-18,FCPT,22.68000030517578,22.8799991607666,22.540000915527344,22.65999984741211,20.60824966430664,819200
2024-04-19,FCPT,22.709999084472656,23.049999237060547,22.709999084472656,23.030000686645508,20.944744110107425,441200
2024-04-19,FCPT,22.709999084472656,23.049999237060547,22.709999084472656,23.030000686645508,20.944744110107425,441200
2024-04-22,FCPT,23.049999237060547,23.43000030517578,22.88999938964844,23.280000686645508,21.17210960388184,431600
2024-04-22,FCPT,23.049999237060547,23.43000030517578,22.88999938964844,23.280000686645508,21.17210960388184,431600
2024-04-23,FCPT,23.270000457763672,23.76000022888184,23.270000457763672,23.649999618530277,21.508607864379883,329400
2024-04-23,FCPT,23.270000457763672,23.76000022888184,23.270000457763672,23.649999618530277,21.508607864379883,329400
2024-04-24,FCPT,23.489999771118164,23.6200008392334,23.31999969482422,23.61000061035156,21.472230911254883,297100
2024-04-24,FCPT,23.489999771118164,23.6200008392334,23.31999969482422,23.61000061035156,21.472230911254883,297100
2024-04-25,FCPT,23.440000534057617,23.59000015258789,23.309999465942383,23.479999542236328,21.35400009155273,289100
2024-04-25,FCPT,23.440000534057617,23.59000015258789,23.309999465942383,23.479999542236328,21.35400009155273,289100
2024-04-26,FCPT,23.59000015258789,23.770000457763672,23.3799991607666,23.440000534057617,21.31762313842773,292600
2024-04-26,FCPT,23.59000015258789,23.770000457763672,23.3799991607666,23.440000534057617,21.31762313842773,292600
2024-04-29,FCPT,23.56999969482422,23.88999938964844,23.56999969482422,23.690000534057617,21.54498672485352,323100
2024-04-29,FCPT,23.56999969482422,23.88999938964844,23.56999969482422,23.690000534057617,21.54498672485352,323100
2024-04-30,FCPT,23.530000686645508,23.75,23.40999984741211,23.450000762939453,21.32671546936035,495800
2024-04-30,FCPT,23.530000686645508,23.75,23.40999984741211,23.450000762939453,21.32671546936035,495800
2024-05-01,FCPT,23.420000076293945,23.959999084472656,23.420000076293945,23.559999465942383,21.426755905151367,305200
2024-05-01,FCPT,23.420000076293945,23.959999084472656,23.420000076293945,23.559999465942383,21.426755905151367,305200
2024-05-02,FCPT,24.170000076293945,24.90999984741211,23.25,24.09000015258789,21.90876579284668,818300
2024-05-02,FCPT,24.170000076293945,24.90999984741211,23.25,24.09000015258789,21.90876579284668,818300
2024-05-03,FCPT,24.43000030517578,24.559999465942383,24.0,24.13999938964844,21.95423889160156,349800
2024-05-03,FCPT,24.43000030517578,24.559999465942383,24.0,24.13999938964844,21.95423889160156,349800
2024-05-06,FCPT,24.229999542236328,24.229999542236328,23.84000015258789,23.96999931335449,21.79963111877441,301800
2024-05-06,FCPT,24.229999542236328,24.229999542236328,23.84000015258789,23.96999931335449,21.79963111877441,301800
2024-05-07,FCPT,24.09000015258789,24.280000686645508,24.0,24.09000015258789,21.90876579284668,349300
2024-05-07,FCPT,24.09000015258789,24.280000686645508,24.0,24.09000015258789,21.90876579284668,349300
2024-05-08,FCPT,24.030000686645508,24.11000061035156,23.82999992370605,24.059999465942383,21.88148307800293,258000
2024-05-08,FCPT,24.030000686645508,24.11000061035156,23.82999992370605,24.059999465942383,21.88148307800293,258000
2024-05-09,FCPT,24.18000030517578,24.309999465942383,24.040000915527344,24.229999542236328,22.03609085083008,276500
2024-05-09,FCPT,24.18000030517578,24.309999465942383,24.040000915527344,24.229999542236328,22.03609085083008,276500
2024-05-10,FCPT,24.209999084472656,24.600000381469727,24.190000534057617,24.559999465942383,22.33621025085449,392700
2024-05-10,FCPT,24.209999084472656,24.600000381469727,24.190000534057617,24.559999465942383,22.33621025085449,392700
2024-05-13,FCPT,24.71999931335449,24.729999542236328,24.479999542236328,24.63999938964844,22.408966064453125,332300
2024-05-13,FCPT,24.71999931335449,24.729999542236328,24.479999542236328,24.63999938964844,22.408966064453125,332300
2024-05-14,FCPT,24.82999992370605,24.96999931335449,24.729999542236328,24.950000762939453,22.69089698791504,320500
2024-05-14,FCPT,24.82999992370605,24.96999931335449,24.729999542236328,24.950000762939453,22.69089698791504,320500
2024-05-15,FCPT,25.26000022888184,25.440000534057617,25.09000015258789,25.190000534057617,22.909168243408203,432900
2024-05-15,FCPT,25.26000022888184,25.440000534057617,25.09000015258789,25.190000534057617,22.909168243408203,432900
2024-05-16,FCPT,25.209999084472656,25.209999084472656,24.88999938964844,25.0,22.736371994018555,314600
2024-05-16,FCPT,25.209999084472656,25.209999084472656,24.88999938964844,25.0,22.736371994018555,314600
2024-05-17,FCPT,25.030000686645508,25.1200008392334,24.799999237060547,25.049999237060547,22.78183937072754,440500
2024-05-17,FCPT,25.030000686645508,25.1200008392334,24.799999237060547,25.049999237060547,22.78183937072754,440500
2024-05-20,FCPT,24.96999931335449,25.190000534057617,24.84000015258789,24.8700008392334,22.618141174316406,256700
2024-05-20,FCPT,24.96999931335449,25.190000534057617,24.84000015258789,24.8700008392334,22.618141174316406,256700
2024-05-21,FCPT,24.809999465942383,25.040000915527344,24.780000686645508,24.84000015258789,22.590858459472656,277400
2024-05-21,FCPT,24.809999465942383,25.040000915527344,24.780000686645508,24.84000015258789,22.590858459472656,277400
2024-05-22,FCPT,24.84000015258789,24.8799991607666,24.5,24.600000381469727,22.37259101867676,244000
2024-05-22,FCPT,24.84000015258789,24.8799991607666,24.5,24.600000381469727,22.37259101867676,244000
2024-05-23,FCPT,24.479999542236328,24.51000022888184,23.950000762939453,24.049999237060547,21.872386932373047,474900
2024-05-23,FCPT,24.479999542236328,24.51000022888184,23.950000762939453,24.049999237060547,21.872386932373047,474900
2024-05-24,FCPT,24.239999771118164,24.239999771118164,24.020000457763672,24.11000061035156,21.926958084106445,206000
2024-05-24,FCPT,24.239999771118164,24.239999771118164,24.020000457763672,24.11000061035156,21.926958084106445,206000
2024-05-28,FCPT,24.21999931335449,24.31999969482422,23.84000015258789,23.90999984741211,21.74506378173828,286300
2024-05-28,FCPT,24.21999931335449,24.31999969482422,23.84000015258789,23.90999984741211,21.74506378173828,286300
2024-05-29,FCPT,23.76000022888184,23.899999618530277,23.700000762939453,23.76000022888184,21.608646392822266,301500
2024-05-29,FCPT,23.76000022888184,23.899999618530277,23.700000762939453,23.76000022888184,21.608646392822266,301500
2024-05-30,FCPT,24.0,24.13999938964844,23.93000030517578,24.11000061035156,21.926958084106445,389400
2024-05-30,FCPT,24.0,24.13999938964844,23.93000030517578,24.11000061035156,21.926958084106445,389400
2024-05-31,FCPT,24.200000762939453,24.479999542236328,24.11000061035156,24.40999984741211,22.19979286193848,497400
2024-05-31,FCPT,24.200000762939453,24.479999542236328,24.11000061035156,24.40999984741211,22.19979286193848,497400
2024-06-03,FCPT,24.559999465942383,24.8799991607666,24.5,24.809999465942383,22.563573837280277,285400
2024-06-03,FCPT,24.559999465942383,24.8799991607666,24.5,24.809999465942383,22.563573837280277,285400
2024-06-04,FCPT,24.76000022888184,25.020000457763672,24.76000022888184,24.93000030517578,22.67271041870117,273300
2024-06-04,FCPT,24.76000022888184,25.020000457763672,24.76000022888184,24.93000030517578,22.67271041870117,273300
2024-06-05,FCPT,24.950000762939453,25.030000686645508,24.670000076293945,24.75,22.50900650024414,173900
2024-06-05,FCPT,24.950000762939453,25.030000686645508,24.670000076293945,24.75,22.50900650024414,173900
2024-06-06,FCPT,24.549999237060547,24.75,24.5,24.700000762939453,22.46353530883789,218300
2024-06-06,FCPT,24.549999237060547,24.75,24.5,24.700000762939453,22.46353530883789,218300
2024-06-07,FCPT,24.32999992370605,24.459999084472656,24.13999938964844,24.15999984741211,21.972431182861328,283500
2024-06-07,FCPT,24.32999992370605,24.459999084472656,24.13999938964844,24.15999984741211,21.972431182861328,283500
2024-06-10,FCPT,23.979999542236328,24.11000061035156,23.76000022888184,23.88999938964844,21.72687339782715,303100
2024-06-10,FCPT,23.979999542236328,24.11000061035156,23.76000022888184,23.88999938964844,21.72687339782715,303100
2024-06-11,FCPT,23.989999771118164,24.200000762939453,23.8799991607666,24.040000915527344,21.86329460144043,356100
2024-06-11,FCPT,23.989999771118164,24.200000762939453,23.8799991607666,24.040000915527344,21.86329460144043,356100
2024-06-12,FCPT,24.6200008392334,24.799999237060547,24.1299991607666,24.290000915527344,22.090660095214844,290200
2024-06-12,FCPT,24.6200008392334,24.799999237060547,24.1299991607666,24.290000915527344,22.090660095214844,290200
2024-06-13,FCPT,24.190000534057617,24.36000061035156,24.11000061035156,24.350000381469727,22.14522361755371,298500
2024-06-13,FCPT,24.190000534057617,24.36000061035156,24.11000061035156,24.350000381469727,22.14522361755371,298500
2024-06-14,FCPT,24.18000030517578,24.46999931335449,24.15999984741211,24.3799991607666,22.172510147094727,303100
2024-06-14,FCPT,24.18000030517578,24.46999931335449,24.15999984741211,24.3799991607666,22.172510147094727,303100
2024-06-17,FCPT,24.290000915527344,24.549999237060547,24.21999931335449,24.399999618530277,22.190698623657227,451400
2024-06-17,FCPT,24.290000915527344,24.549999237060547,24.21999931335449,24.399999618530277,22.190698623657227,451400
2024-06-18,FCPT,24.440000534057617,24.709999084472656,24.3799991607666,24.399999618530277,22.190698623657227,443500
2024-06-18,FCPT,24.440000534057617,24.709999084472656,24.3799991607666,24.399999618530277,22.190698623657227,443500
2024-06-20,FCPT,24.25,24.46999931335449,24.149999618530277,24.440000534057617,22.22707748413086,299700
2024-06-20,FCPT,24.25,24.46999931335449,24.149999618530277,24.440000534057617,22.22707748413086,299700
2024-06-21,FCPT,24.5,24.530000686645508,24.170000076293945,24.530000686645508,22.30892562866211,1066800
2024-06-21,FCPT,24.5,24.530000686645508,24.170000076293945,24.530000686645508,22.30892562866211,1066800
2024-06-24,FCPT,24.489999771118164,24.86000061035156,24.489999771118164,24.549999237060547,22.32711601257324,305100
2024-06-24,FCPT,24.489999771118164,24.86000061035156,24.489999771118164,24.549999237060547,22.32711601257324,305100
2024-06-25,FCPT,24.530000686645508,24.600000381469727,24.290000915527344,24.299999237060547,22.099750518798828,418700
2024-06-25,FCPT,24.530000686645508,24.600000381469727,24.290000915527344,24.299999237060547,22.099750518798828,418700
2024-06-26,FCPT,24.13999938964844,24.479999542236328,24.13999938964844,24.46999931335449,22.254358291625977,384200
2024-06-26,FCPT,24.13999938964844,24.479999542236328,24.13999938964844,24.46999931335449,22.254358291625977,384200
2024-06-27,FCPT,24.530000686645508,24.68000030517578,24.43000030517578,24.600000381469727,22.37259101867676,438400
2024-06-27,FCPT,24.530000686645508,24.68000030517578,24.43000030517578,24.600000381469727,22.37259101867676,438400
2024-06-28,FCPT,24.46999931335449,24.68000030517578,24.290000915527344,24.670000076293945,22.755380630493164,1498300
2024-06-28,FCPT,24.46999931335449,24.68000030517578,24.290000915527344,24.670000076293945,22.755380630493164,1498300
2024-07-01,FCPT,24.6200008392334,24.6200008392334,24.21999931335449,24.440000534057617,22.54323387145996,323000
2024-07-01,FCPT,24.6200008392334,24.6200008392334,24.21999931335449,24.440000534057617,22.54323387145996,323000
2024-07-02,FCPT,24.56999969482422,24.780000686645508,24.549999237060547,24.65999984741211,22.74615859985352,312500
2024-07-02,FCPT,24.56999969482422,24.780000686645508,24.549999237060547,24.65999984741211,22.74615859985352,312500
2024-07-03,FCPT,24.68000030517578,24.959999084472656,24.56999969482422,24.65999984741211,22.74615859985352,200100
2024-07-03,FCPT,24.68000030517578,24.959999084472656,24.56999969482422,24.65999984741211,22.74615859985352,200100
2024-07-05,FCPT,24.71999931335449,24.81999969482422,24.549999237060547,24.76000022888184,22.838397979736328,246000
2024-07-05,FCPT,24.71999931335449,24.81999969482422,24.549999237060547,24.76000022888184,22.838397979736328,246000
2024-07-08,FCPT,24.739999771118164,24.96999931335449,24.600000381469727,24.61000061035156,22.70003700256348,340600
2024-07-08,FCPT,24.739999771118164,24.96999931335449,24.600000381469727,24.61000061035156,22.70003700256348,340600
2024-07-09,FCPT,24.549999237060547,24.90999984741211,24.420000076293945,24.729999542236328,22.81072425842285,724100
2024-07-09,FCPT,24.549999237060547,24.90999984741211,24.420000076293945,24.729999542236328,22.81072425842285,724100
2024-07-10,FCPT,24.90999984741211,25.239999771118164,24.76000022888184,25.200000762939453,23.24424934387207,354600
2024-07-10,FCPT,24.90999984741211,25.239999771118164,24.76000022888184,25.200000762939453,23.24424934387207,354600
2024-07-11,FCPT,25.71999931335449,26.149999618530277,25.6299991607666,25.75,23.751564025878903,549800
2024-07-11,FCPT,25.71999931335449,26.149999618530277,25.6299991607666,25.75,23.751564025878903,549800
2024-07-12,FCPT,25.96999931335449,26.21999931335449,25.600000381469727,25.799999237060547,23.79768180847168,800000
2024-07-12,FCPT,25.96999931335449,26.21999931335449,25.600000381469727,25.799999237060547,23.79768180847168,800000
2024-07-15,FCPT,25.989999771118164,26.25,25.88999938964844,26.01000022888184,23.991384506225582,452100
2024-07-15,FCPT,25.989999771118164,26.25,25.88999938964844,26.01000022888184,23.991384506225582,452100
2024-07-16,FCPT,26.229999542236328,26.61000061035156,26.229999542236328,26.600000381469727,24.53559684753418,568100
2024-07-16,FCPT,26.229999542236328,26.61000061035156,26.229999542236328,26.600000381469727,24.53559684753418,568100
2024-07-17,FCPT,26.559999465942383,27.229999542236328,26.559999465942383,27.06999969482422,24.96912002563477,459400
2024-07-17,FCPT,26.559999465942383,27.229999542236328,26.559999465942383,27.06999969482422,24.96912002563477,459400
2024-07-18,FCPT,26.899999618530277,27.56999969482422,26.899999618530277,27.030000686645508,24.932222366333008,374300
2024-07-18,FCPT,26.899999618530277,27.56999969482422,26.899999618530277,27.030000686645508,24.932222366333008,374300
2024-07-19,FCPT,27.1200008392334,27.170000076293945,26.670000076293945,26.850000381469727,24.766193389892575,321500
2024-07-19,FCPT,27.1200008392334,27.170000076293945,26.670000076293945,26.850000381469727,24.766193389892575,321500
2024-07-22,FCPT,26.8700008392334,27.149999618530277,26.65999984741211,27.020000457763672,24.923002243041992,333500
2024-07-22,FCPT,26.8700008392334,27.149999618530277,26.65999984741211,27.020000457763672,24.923002243041992,333500
2024-07-23,FCPT,27.049999237060547,27.399999618530277,26.8799991607666,27.1299991607666,25.02446174621582,456900
2024-07-23,FCPT,27.049999237060547,27.399999618530277,26.8799991607666,27.1299991607666,25.02446174621582,456900
2024-07-24,FCPT,27.15999984741211,27.46999931335449,26.739999771118164,26.780000686645508,24.70162582397461,659400
2024-07-24,FCPT,27.15999984741211,27.46999931335449,26.739999771118164,26.780000686645508,24.70162582397461,659400
2024-07-25,FCPT,26.93000030517578,27.38999938964844,26.81999969482422,27.01000022888184,24.913774490356445,666700
2024-07-25,FCPT,26.93000030517578,27.38999938964844,26.81999969482422,27.01000022888184,24.913774490356445,666700
2024-07-26,FCPT,27.229999542236328,27.600000381469727,27.07999992370605,27.5,25.365745544433597,283500
2024-07-26,FCPT,27.229999542236328,27.600000381469727,27.07999992370605,27.5,25.365745544433597,283500
2024-07-29,FCPT,27.63999938964844,27.63999938964844,27.239999771118164,27.299999237060547,25.1812686920166,331900
2024-07-29,FCPT,27.63999938964844,27.63999938964844,27.239999771118164,27.299999237060547,25.1812686920166,331900
2024-07-30,FCPT,27.299999237060547,27.600000381469727,27.11000061035156,27.59000015258789,25.44876289367676,459000
2024-07-30,FCPT,27.299999237060547,27.600000381469727,27.11000061035156,27.59000015258789,25.44876289367676,459000
2024-07-31,FCPT,27.530000686645508,27.6299991607666,27.1299991607666,27.13999938964844,25.0336856842041,633500
2024-07-31,FCPT,27.530000686645508,27.6299991607666,27.1299991607666,27.13999938964844,25.0336856842041,633500
2024-08-01,FCPT,27.709999084472656,27.709999084472656,26.43000030517578,27.26000022888184,25.14437484741211,659600
2024-08-01,FCPT,27.709999084472656,27.709999084472656,26.43000030517578,27.26000022888184,25.14437484741211,659600
2024-08-02,FCPT,26.270000457763672,27.6299991607666,26.270000457763672,27.43000030517578,25.301179885864254,801400
2024-08-02,FCPT,26.270000457763672,27.6299991607666,26.270000457763672,27.43000030517578,25.301179885864254,801400
2024-08-05,FCPT,26.739999771118164,27.479999542236328,26.65999984741211,27.049999237060547,24.95067024230957,1257100
2024-08-05,FCPT,26.739999771118164,27.479999542236328,26.65999984741211,27.049999237060547,24.95067024230957,1257100
2024-08-06,FCPT,26.940000534057617,27.420000076293945,26.81999969482422,27.21999931335449,25.10747718811035,698200
2024-08-06,FCPT,26.940000534057617,27.420000076293945,26.81999969482422,27.21999931335449,25.10747718811035,698200
2024-08-07,FCPT,27.299999237060547,27.31999969482422,26.690000534057617,26.770000457763672,24.69240379333496,589200
2024-08-07,FCPT,27.299999237060547,27.31999969482422,26.690000534057617,26.770000457763672,24.69240379333496,589200
2024-08-08,FCPT,26.799999237060547,27.049999237060547,26.709999084472656,26.81999969482422,24.7385196685791,319500
2024-08-08,FCPT,26.799999237060547,27.049999237060547,26.709999084472656,26.81999969482422,24.7385196685791,319500
2024-08-09,FCPT,26.790000915527344,27.059999465942383,26.75,26.959999084472656,24.867656707763672,377200
2024-08-09,FCPT,26.790000915527344,27.059999465942383,26.75,26.959999084472656,24.867656707763672,377200
2024-08-12,FCPT,26.81999969482422,26.8700008392334,26.489999771118164,26.81999969482422,24.7385196685791,336100
2024-08-12,FCPT,26.81999969482422,26.8700008392334,26.489999771118164,26.81999969482422,24.7385196685791,336100
2024-08-13,FCPT,27.020000457763672,27.209999084472656,26.780000686645508,27.020000457763672,24.923002243041992,415200
2024-08-13,FCPT,27.020000457763672,27.209999084472656,26.780000686645508,27.020000457763672,24.923002243041992,415200
2024-08-14,FCPT,27.100000381469727,27.25,26.93000030517578,27.100000381469727,24.99679374694824,672200
2024-08-14,FCPT,27.100000381469727,27.25,26.93000030517578,27.100000381469727,24.99679374694824,672200
2024-08-15,FCPT,27.32999992370605,27.450000762939453,27.0,27.1200008392334,25.01523971557617,758700
2024-08-15,FCPT,27.32999992370605,27.450000762939453,27.0,27.1200008392334,25.01523971557617,758700
2024-08-16,FCPT,27.1299991607666,27.280000686645508,26.790000915527344,26.84000015258789,24.756969451904297,273700
2024-08-16,FCPT,27.1299991607666,27.280000686645508,26.790000915527344,26.84000015258789,24.756969451904297,273700
2024-08-19,FCPT,26.850000381469727,27.149999618530277,26.76000022888184,27.049999237060547,24.95067024230957,641100
2024-08-19,FCPT,26.850000381469727,27.149999618530277,26.76000022888184,27.049999237060547,24.95067024230957,641100
2024-08-20,FCPT,27.01000022888184,27.059999465942383,26.84000015258789,26.88999938964844,24.80308723449707,374100
2024-08-20,FCPT,27.01000022888184,27.059999465942383,26.84000015258789,26.88999938964844,24.80308723449707,374100
2024-08-21,FCPT,27.0,27.200000762939453,26.899999618530277,27.049999237060547,24.95067024230957,549700
2024-08-21,FCPT,27.0,27.200000762939453,26.899999618530277,27.049999237060547,24.95067024230957,549700
2024-08-22,FCPT,27.06999969482422,27.1200008392334,26.93000030517578,26.950000762939453,24.85843276977539,549000
2024-08-22,FCPT,27.06999969482422,27.1200008392334,26.93000030517578,26.950000762939453,24.85843276977539,549000
2024-08-23,FCPT,27.01000022888184,27.65999984741211,27.01000022888184,27.489999771118164,25.356523513793945,967700
2024-08-23,FCPT,27.01000022888184,27.65999984741211,27.01000022888184,27.489999771118164,25.356523513793945,967700
2024-08-26,FCPT,27.65999984741211,27.81999969482422,27.57999992370605,27.709999084472656,25.5594482421875,1248900
2024-08-26,FCPT,27.65999984741211,27.81999969482422,27.57999992370605,27.709999084472656,25.5594482421875,1248900
2024-08-27,FCPT,27.68000030517578,27.86000061035156,27.520000457763672,27.81999969482422,25.660911560058597,867900
2024-08-27,FCPT,27.68000030517578,27.86000061035156,27.520000457763672,27.81999969482422,25.660911560058597,867900
2024-08-28,FCPT,27.8700008392334,28.15999984741211,27.649999618530277,27.96999931335449,25.79927062988281,921100
2024-08-28,FCPT,27.8700008392334,28.15999984741211,27.649999618530277,27.96999931335449,25.79927062988281,921100
2024-08-29,FCPT,28.030000686645508,28.309999465942383,27.850000381469727,28.06999969482422,25.891508102416992,1100600
2024-08-29,FCPT,28.030000686645508,28.309999465942383,27.850000381469727,28.06999969482422,25.891508102416992,1100600
2024-08-30,FCPT,28.18000030517578,28.350000381469727,28.06999969482422,28.350000381469727,26.149778366088867,398700
2024-08-30,FCPT,28.18000030517578,28.350000381469727,28.06999969482422,28.350000381469727,26.149778366088867,398700
2024-09-03,FCPT,28.200000762939453,28.57999992370605,28.13999938964844,28.399999618530277,26.195898056030277,508300
2024-09-03,FCPT,28.200000762939453,28.57999992370605,28.13999938964844,28.399999618530277,26.195898056030277,508300
2024-09-04,FCPT,28.479999542236328,28.950000762939453,28.43000030517578,28.93000030517578,26.68476676940918,606000
2024-09-04,FCPT,28.479999542236328,28.950000762939453,28.43000030517578,28.93000030517578,26.68476676940918,606000
2024-09-05,FCPT,29.07999992370605,29.299999237060547,28.75,28.799999237060547,26.564855575561523,988200
2024-09-05,FCPT,29.07999992370605,29.299999237060547,28.75,28.799999237060547,26.564855575561523,988200
2024-09-06,FCPT,28.84000015258789,29.26000022888184,28.700000762939453,29.170000076293945,26.90614128112793,784100
2024-09-06,FCPT,28.84000015258789,29.26000022888184,28.700000762939453,29.170000076293945,26.90614128112793,784100
2024-09-09,FCPT,29.020000457763672,29.700000762939453,28.920000076293945,29.57999992370605,27.28432273864746,673500
2024-09-09,FCPT,29.020000457763672,29.700000762939453,28.920000076293945,29.57999992370605,27.28432273864746,673500
2024-09-10,FCPT,29.65999984741211,29.86000061035156,29.459999084472656,29.57999992370605,27.28432273864746,742700
2024-09-10,FCPT,29.65999984741211,29.86000061035156,29.459999084472656,29.57999992370605,27.28432273864746,742700
2024-09-11,FCPT,29.36000061035156,29.739999771118164,29.18000030517578,29.6200008392334,27.321216583251957,364200
2024-09-11,FCPT,29.36000061035156,29.739999771118164,29.18000030517578,29.6200008392334,27.321216583251957,364200
2024-09-12,FCPT,29.6200008392334,29.780000686645508,29.540000915527344,29.780000686645508,27.46879768371582,334600
2024-09-12,FCPT,29.6200008392334,29.780000686645508,29.540000915527344,29.780000686645508,27.46879768371582,334600
2024-09-13,FCPT,30.0,30.440000534057617,29.709999084472656,30.399999618530277,28.040678024291992,358600
2024-09-13,FCPT,30.0,30.440000534057617,29.709999084472656,30.399999618530277,28.040678024291992,358600
2024-09-16,FCPT,30.57999992370605,30.6200008392334,30.290000915527344,30.479999542236328,28.11446952819824,367100
2024-09-16,FCPT,30.57999992370605,30.6200008392334,30.290000915527344,30.479999542236328,28.11446952819824,367100
2024-09-17,FCPT,30.600000381469727,30.71999931335449,30.43000030517578,30.5,28.132917404174805,653300
2024-09-17,FCPT,30.600000381469727,30.71999931335449,30.43000030517578,30.5,28.132917404174805,653300
2024-09-18,FCPT,30.600000381469727,30.93000030517578,30.18000030517578,30.6200008392334,28.24360466003418,835500
2024-09-18,FCPT,30.600000381469727,30.93000030517578,30.18000030517578,30.6200008392334,28.24360466003418,835500
2024-09-19,FCPT,30.8799991607666,30.8799991607666,29.61000061035156,29.979999542236328,27.65327453613281,1307200
2024-09-19,FCPT,30.8799991607666,30.8799991607666,29.61000061035156,29.979999542236328,27.65327453613281,1307200
2024-09-20,FCPT,29.71999931335449,30.09000015258789,29.6299991607666,29.790000915527344,27.478025436401367,2308500
2024-09-20,FCPT,29.71999931335449,30.09000015258789,29.6299991607666,29.790000915527344,27.478025436401367,2308500
2024-09-23,FCPT,29.940000534057617,30.200000762939453,29.809999465942383,29.90999984741211,27.58870887756348,442200
2024-09-23,FCPT,29.940000534057617,30.200000762939453,29.809999465942383,29.90999984741211,27.58870887756348,442200
2024-09-24,FCPT,29.790000915527344,30.040000915527344,29.709999084472656,29.709999084472656,27.40423011779785,380200
2024-09-24,FCPT,29.790000915527344,30.040000915527344,29.709999084472656,29.709999084472656,27.40423011779785,380200
2024-09-25,FCPT,29.799999237060547,29.950000762939453,29.440000534057617,29.559999465942383,27.265872955322266,554000
2024-09-25,FCPT,29.799999237060547,29.950000762939453,29.440000534057617,29.559999465942383,27.265872955322266,554000
2024-09-26,FCPT,29.649999618530277,29.670000076293945,29.270000457763672,29.450000762939453,27.16440963745117,512600
2024-09-26,FCPT,29.649999618530277,29.670000076293945,29.270000457763672,29.450000762939453,27.16440963745117,512600
2024-09-27,FCPT,29.709999084472656,29.799999237060547,29.3799991607666,29.56999969482422,27.275094985961918,389800
2024-09-27,FCPT,29.709999084472656,29.799999237060547,29.3799991607666,29.56999969482422,27.275094985961918,389800
2024-09-30,FCPT,29.26000022888184,29.51000022888184,29.13999938964844,29.309999465942383,27.35442543029785,692600
2024-09-30,FCPT,29.26000022888184,29.51000022888184,29.13999938964844,29.309999465942383,27.35442543029785,692600
2024-10-01,FCPT,29.43000030517578,29.479999542236328,29.13999938964844,29.31999969482422,27.363758087158203,508800
2024-10-01,FCPT,29.43000030517578,29.479999542236328,29.13999938964844,29.31999969482422,27.363758087158203,508800
2024-10-02,FCPT,29.13999938964844,29.209999084472656,28.8799991607666,29.020000457763672,27.08377265930176,473300
2024-10-02,FCPT,29.13999938964844,29.209999084472656,28.8799991607666,29.020000457763672,27.08377265930176,473300
2024-10-03,FCPT,28.96999931335449,29.030000686645508,28.739999771118164,28.8700008392334,26.943782806396484,330300
2024-10-03,FCPT,28.96999931335449,29.030000686645508,28.739999771118164,28.8700008392334,26.943782806396484,330300
2024-10-04,FCPT,28.770000457763672,28.780000686645508,28.34000015258789,28.61000061035156,26.70112991333008,313400
2024-10-04,FCPT,28.770000457763672,28.780000686645508,28.34000015258789,28.61000061035156,26.70112991333008,313400
2024-10-07,FCPT,28.530000686645508,28.63999938964844,28.38999938964844,28.549999237060547,26.645132064819336,330000
2024-10-07,FCPT,28.530000686645508,28.63999938964844,28.38999938964844,28.549999237060547,26.645132064819336,330000
2024-10-08,FCPT,28.65999984741211,28.65999984741211,28.40999984741211,28.520000457763672,26.61713409423828,380900
2024-10-08,FCPT,28.65999984741211,28.65999984741211,28.40999984741211,28.520000457763672,26.61713409423828,380900
2024-10-09,FCPT,28.38999938964844,28.6299991607666,28.36000061035156,28.6200008392334,26.7104606628418,422400
2024-10-09,FCPT,28.38999938964844,28.6299991607666,28.36000061035156,28.6200008392334,26.7104606628418,422400
2024-10-10,FCPT,28.459999084472656,28.65999984741211,28.239999771118164,28.63999938964844,26.729127883911133,494300
2024-10-10,FCPT,28.459999084472656,28.65999984741211,28.239999771118164,28.63999938964844,26.729127883911133,494300
2024-10-11,FCPT,28.68000030517578,28.93000030517578,28.59000015258789,28.649999618530277,26.738460540771484,415800
2024-10-11,FCPT,28.68000030517578,28.93000030517578,28.59000015258789,28.649999618530277,26.738460540771484,415800
2024-10-14,FCPT,28.6299991607666,28.86000061035156,28.530000686645508,28.799999237060547,26.87845230102539,354500
2024-10-14,FCPT,28.6299991607666,28.86000061035156,28.530000686645508,28.799999237060547,26.87845230102539,354500
2024-10-15,FCPT,28.959999084472656,29.520000457763672,28.899999618530277,29.21999931335449,27.270431518554688,359100
2024-10-15,FCPT,28.959999084472656,29.520000457763672,28.899999618530277,29.21999931335449,27.270431518554688,359100
2024-10-16,FCPT,29.36000061035156,29.790000915527344,29.299999237060547,29.700000762939453,27.71840476989746,243500
2024-10-16,FCPT,29.36000061035156,29.790000915527344,29.299999237060547,29.700000762939453,27.71840476989746,243500
2024-10-17,FCPT,29.59000015258789,29.6299991607666,29.36000061035156,29.450000762939453,27.48508644104004,275200
2024-10-17,FCPT,29.59000015258789,29.6299991607666,29.36000061035156,29.450000762939453,27.48508644104004,275200
2024-10-18,FCPT,29.51000022888184,29.770000457763672,29.459999084472656,29.729999542236328,27.746400833129883,231500
2024-10-18,FCPT,29.51000022888184,29.770000457763672,29.459999084472656,29.729999542236328,27.746400833129883,231500
2024-10-21,FCPT,29.790000915527344,29.790000915527344,29.170000076293945,29.190000534057617,27.242431640625,240800
2024-10-21,FCPT,29.790000915527344,29.790000915527344,29.170000076293945,29.190000534057617,27.242431640625,240800
2024-10-22,FCPT,29.26000022888184,29.43000030517578,29.149999618530277,29.15999984741211,27.214431762695312,302900
2024-10-22,FCPT,29.26000022888184,29.43000030517578,29.149999618530277,29.15999984741211,27.214431762695312,302900
2024-10-23,FCPT,29.030000686645508,29.440000534057617,29.030000686645508,29.309999465942383,27.35442543029785,377200
2024-10-23,FCPT,29.030000686645508,29.440000534057617,29.030000686645508,29.309999465942383,27.35442543029785,377200
2024-10-24,FCPT,29.26000022888184,29.38999938964844,29.0,29.09000015258789,27.14910316467285,416200
2024-10-24,FCPT,29.26000022888184,29.38999938964844,29.0,29.09000015258789,27.14910316467285,416200
2024-10-25,FCPT,29.15999984741211,29.15999984741211,28.21999931335449,28.239999771118164,26.35581588745117,385700
2024-10-25,FCPT,29.15999984741211,29.15999984741211,28.21999931335449,28.239999771118164,26.35581588745117,385700
2024-10-28,FCPT,28.43000030517578,28.6299991607666,28.280000686645508,28.34000015258789,26.44914436340332,317400
2024-10-28,FCPT,28.43000030517578,28.6299991607666,28.280000686645508,28.34000015258789,26.44914436340332,317400
2024-10-29,FCPT,28.18000030517578,28.3799991607666,28.020000457763672,28.07999992370605,26.206491470336918,460900
2024-10-29,FCPT,28.18000030517578,28.3799991607666,28.020000457763672,28.07999992370605,26.206491470336918,460900
2024-10-30,FCPT,27.979999542236328,28.290000915527344,27.82999992370605,27.8799991607666,26.01983642578125,641200
2024-10-30,FCPT,27.979999542236328,28.290000915527344,27.82999992370605,27.8799991607666,26.01983642578125,641200
2024-10-31,FCPT,28.950000762939453,29.0,27.520000457763672,27.559999465942383,25.72118377685547,863700
2024-10-31,FCPT,28.950000762939453,29.0,27.520000457763672,27.559999465942383,25.72118377685547,863700
2024-11-01,FCPT,27.690000534057617,27.90999984741211,27.3700008392334,27.3700008392334,25.54386329650879,513300
2024-11-01,FCPT,27.690000534057617,27.90999984741211,27.3700008392334,27.3700008392334,25.54386329650879,513300
2024-11-04,FCPT,27.459999084472656,28.059999465942383,27.459999084472656,27.71999931335449,25.870512008666992,476600
2024-11-04,FCPT,27.459999084472656,28.059999465942383,27.459999084472656,27.71999931335449,25.870512008666992,476600
2024-11-05,FCPT,27.540000915527344,27.90999984741211,27.520000457763672,27.8700008392334,26.0105037689209,451500
2024-11-05,FCPT,27.540000915527344,27.90999984741211,27.520000457763672,27.8700008392334,26.0105037689209,451500
2024-11-06,FCPT,28.32999992370605,28.3799991607666,27.13999938964844,27.520000457763672,25.683856964111328,886400
2024-11-06,FCPT,28.32999992370605,28.3799991607666,27.13999938964844,27.520000457763672,25.683856964111328,886400
2024-11-07,FCPT,27.649999618530277,28.059999465942383,27.43000030517578,27.809999465942383,25.95450592041016,707800
2024-11-07,FCPT,27.649999618530277,28.059999465942383,27.43000030517578,27.809999465942383,25.95450592041016,707800
2024-11-08,FCPT,27.940000534057617,28.190000534057617,27.90999984741211,28.049999237060547,26.178491592407227,1068300
2024-11-08,FCPT,27.940000534057617,28.190000534057617,27.90999984741211,28.049999237060547,26.178491592407227,1068300
2024-11-11,FCPT,28.020000457763672,28.190000534057617,27.88999938964844,27.96999931335449,26.10383033752441,492800
2024-11-11,FCPT,28.020000457763672,28.190000534057617,27.88999938964844,27.96999931335449,26.10383033752441,492800
2024-11-12,FCPT,27.940000534057617,28.299999237060547,27.81999969482422,27.93000030517578,26.066499710083008,1110700
2024-11-12,FCPT,27.940000534057617,28.299999237060547,27.81999969482422,27.93000030517578,26.066499710083008,1110700
2024-11-13,FCPT,28.149999618530277,28.32999992370605,27.76000022888184,27.899999618530277,26.038501739501957,712000
2024-11-13,FCPT,28.149999618530277,28.32999992370605,27.76000022888184,27.899999618530277,26.038501739501957,712000
2024-11-14,FCPT,28.11000061035156,28.18000030517578,27.729999542236328,27.920000076293945,26.05716896057129,1090900
2024-11-14,FCPT,28.11000061035156,28.18000030517578,27.729999542236328,27.920000076293945,26.05716896057129,1090900
2024-11-15,FCPT,28.06999969482422,28.299999237060547,27.8799991607666,28.21999931335449,26.33715057373047,676700
2024-11-15,FCPT,28.06999969482422,28.299999237060547,27.8799991607666,28.21999931335449,26.33715057373047,676700
2024-11-18,FCPT,28.11000061035156,28.76000022888184,27.96999931335449,28.76000022888184,26.841121673583984,754300
2024-11-18,FCPT,28.11000061035156,28.76000022888184,27.96999931335449,28.76000022888184,26.841121673583984,754300
2024-11-19,FCPT,28.76000022888184,29.1299991607666,28.59000015258789,29.100000381469727,27.15843772888184,673600
2024-11-19,FCPT,28.76000022888184,29.1299991607666,28.59000015258789,29.100000381469727,27.15843772888184,673600
2024-11-20,FCPT,28.850000381469727,28.979999542236328,28.559999465942383,28.959999084472656,27.027774810791016,385900
2024-11-20,FCPT,28.850000381469727,28.979999542236328,28.559999465942383,28.959999084472656,27.027774810791016,385900
2024-11-21,FCPT,29.040000915527344,29.440000534057617,28.899999618530277,29.170000076293945,27.22376823425293,413300
2024-11-21,FCPT,29.040000915527344,29.440000534057617,28.899999618530277,29.170000076293945,27.22376823425293,413300
2024-11-22,FCPT,29.3799991607666,29.540000915527344,29.11000061035156,29.25,27.29843139648437,427100
2024-11-22,FCPT,29.3799991607666,29.540000915527344,29.11000061035156,29.25,27.29843139648437,427100
2024-11-25,FCPT,29.309999465942383,29.68000030517578,29.309999465942383,29.399999618530277,27.438419342041016,682700
2024-11-25,FCPT,29.309999465942383,29.68000030517578,29.309999465942383,29.399999618530277,27.438419342041016,682700
2024-11-26,FCPT,29.270000457763672,29.549999237060547,29.07999992370605,29.43000030517578,27.466419219970703,593900
2024-11-26,FCPT,29.270000457763672,29.549999237060547,29.07999992370605,29.43000030517578,27.466419219970703,593900
2024-11-27,FCPT,29.600000381469727,29.979999542236328,29.540000915527344,29.540000915527344,27.569080352783203,488300
2024-11-27,FCPT,29.600000381469727,29.979999542236328,29.540000915527344,29.540000915527344,27.569080352783203,488300
2024-11-29,FCPT,29.799999237060547,30.1200008392334,29.690000534057617,29.709999084472656,27.72773742675781,475500
2024-11-29,FCPT,29.799999237060547,30.1200008392334,29.690000534057617,29.709999084472656,27.72773742675781,475500
2024-12-02,FCPT,29.709999084472656,29.709999084472656,28.93000030517578,28.940000534057617,27.009113311767575,562000
2024-12-02,FCPT,29.709999084472656,29.709999084472656,28.93000030517578,28.940000534057617,27.009113311767575,562000
2024-12-03,FCPT,29.01000022888184,29.06999969482422,28.489999771118164,28.82999992370605,26.90645217895508,396900
2024-12-03,FCPT,29.01000022888184,29.06999969482422,28.489999771118164,28.82999992370605,26.90645217895508,396900
2024-12-04,FCPT,28.850000381469727,29.209999084472656,28.63999938964844,29.15999984741211,27.214431762695312,438400
2024-12-04,FCPT,28.850000381469727,29.209999084472656,28.63999938964844,29.15999984741211,27.214431762695312,438400
2024-12-05,FCPT,29.049999237060547,29.31999969482422,28.979999542236328,29.270000457763672,27.31709671020508,428300
2024-12-05,FCPT,29.049999237060547,29.31999969482422,28.979999542236328,29.270000457763672,27.31709671020508,428300
2024-12-06,FCPT,29.479999542236328,29.479999542236328,28.959999084472656,29.170000076293945,27.22376823425293,339400
2024-12-06,FCPT,29.479999542236328,29.479999542236328,28.959999084472656,29.170000076293945,27.22376823425293,339400
2024-12-09,FCPT,29.26000022888184,29.459999084472656,29.13999938964844,29.239999771118164,27.28909683227539,359000
2024-12-09,FCPT,29.26000022888184,29.459999084472656,29.13999938964844,29.239999771118164,27.28909683227539,359000
2024-12-10,FCPT,29.25,29.3799991607666,28.90999984741211,29.299999237060547,27.3450927734375,305000
2024-12-10,FCPT,29.25,29.3799991607666,28.90999984741211,29.299999237060547,27.3450927734375,305000
2024-12-11,FCPT,29.270000457763672,29.40999984741211,28.790000915527344,28.93000030517578,26.999780654907227,614300
2024-12-11,FCPT,29.270000457763672,29.40999984741211,28.790000915527344,28.93000030517578,26.999780654907227,614300
2024-12-12,FCPT,28.950000762939453,29.190000534057617,28.809999465942383,28.90999984741211,26.98111343383789,458600
2024-12-12,FCPT,28.950000762939453,29.190000534057617,28.809999465942383,28.90999984741211,26.98111343383789,458600
2024-12-13,FCPT,28.850000381469727,28.940000534057617,28.57999992370605,28.729999542236328,26.81312370300293,843800
2024-12-13,FCPT,28.850000381469727,28.940000534057617,28.57999992370605,28.729999542236328,26.81312370300293,843800
2024-12-16,FCPT,28.68000030517578,28.809999465942383,28.479999542236328,28.5,26.59847068786621,1389000
2024-12-16,FCPT,28.68000030517578,28.809999465942383,28.479999542236328,28.5,26.59847068786621,1389000
2024-12-17,FCPT,28.229999542236328,28.450000762939453,27.920000076293945,28.11000061035156,26.2344913482666,835800
2024-12-17,FCPT,28.229999542236328,28.450000762939453,27.920000076293945,28.11000061035156,26.2344913482666,835800
2024-12-18,FCPT,28.15999984741211,28.479999542236328,27.09000015258789,27.11000061035156,25.301212310791016,555000
2024-12-18,FCPT,28.15999984741211,28.479999542236328,27.09000015258789,27.11000061035156,25.301212310791016,555000
2024-12-19,FCPT,27.200000762939453,27.399999618530277,26.729999542236328,26.739999771118164,24.95589828491211,599800
2024-12-19,FCPT,27.200000762939453,27.399999618530277,26.729999542236328,26.739999771118164,24.95589828491211,599800
2024-12-20,FCPT,26.57999992370605,27.350000381469727,26.57999992370605,27.15999984741211,25.34787368774414,3228900
2024-12-20,FCPT,26.57999992370605,27.350000381469727,26.57999992370605,27.15999984741211,25.34787368774414,3228900
2024-12-23,FCPT,27.290000915527344,27.290000915527344,26.709999084472656,27.170000076293945,25.35720634460449,601000
2024-12-23,FCPT,27.290000915527344,27.290000915527344,26.709999084472656,27.170000076293945,25.35720634460449,601000
2024-12-24,FCPT,27.06999969482422,27.649999618530277,26.989999771118164,27.649999618530277,25.805179595947266,329000
2024-12-24,FCPT,27.06999969482422,27.649999618530277,26.989999771118164,27.649999618530277,25.805179595947266,329000
2024-12-26,FCPT,27.479999542236328,27.8700008392334,27.479999542236328,27.780000686645508,25.9265079498291,409600
2024-12-26,FCPT,27.479999542236328,27.8700008392334,27.479999542236328,27.780000686645508,25.9265079498291,409600
2024-12-27,FCPT,27.61000061035156,27.93000030517578,27.36000061035156,27.450000762939453,25.6185245513916,711000
2024-12-27,FCPT,27.61000061035156,27.93000030517578,27.36000061035156,27.450000762939453,25.6185245513916,711000
2024-12-30,FCPT,27.440000534057617,27.549999237060547,27.1200008392334,27.489999771118164,25.65585708618164,513300
2024-12-30,FCPT,27.440000534057617,27.549999237060547,27.1200008392334,27.489999771118164,25.65585708618164,513300
2024-12-31,FCPT,27.350000381469727,27.3700008392334,27.040000915527344,27.13999938964844,25.66058158874512,1784800
2024-12-31,FCPT,27.350000381469727,27.3700008392334,27.040000915527344,27.13999938964844,25.66058158874512,1784800
2025-01-02,FCPT,27.06999969482422,27.239999771118164,26.63999938964844,26.809999465942383,25.34857177734375,841500
2025-01-02,FCPT,27.06999969482422,27.239999771118164,26.63999938964844,26.809999465942383,25.34857177734375,841500
2025-01-03,FCPT,26.8799991607666,27.34000015258789,26.799999237060547,27.15999984741211,25.679492950439453,524600
2025-01-03,FCPT,26.8799991607666,27.34000015258789,26.799999237060547,27.15999984741211,25.679492950439453,524600
2025-01-06,FCPT,27.07999992370605,27.280000686645508,26.850000381469727,27.09000015258789,25.61330795288086,466200
2025-01-06,FCPT,27.07999992370605,27.280000686645508,26.850000381469727,27.09000015258789,25.61330795288086,466200
2025-01-07,FCPT,27.21999931335449,27.32999992370605,26.43000030517578,26.76000022888184,25.30129814147949,495600
2025-01-07,FCPT,27.21999931335449,27.32999992370605,26.43000030517578,26.76000022888184,25.30129814147949,495600
2025-01-08,FCPT,26.649999618530277,26.88999938964844,26.450000762939453,26.88999938964844,25.424211502075195,405000
2025-01-08,FCPT,26.649999618530277,26.88999938964844,26.450000762939453,26.88999938964844,25.424211502075195,405000
2025-01-10,FCPT,26.489999771118164,26.5,26.06999969482422,26.26000022888184,24.82855224609375,653900
2025-01-10,FCPT,26.489999771118164,26.5,26.06999969482422,26.26000022888184,24.82855224609375,653900
2025-01-13,FCPT,26.270000457763672,26.81999969482422,26.18000030517578,26.780000686645508,25.320207595825195,642100
2025-01-13,FCPT,26.270000457763672,26.81999969482422,26.18000030517578,26.780000686645508,25.320207595825195,642100
2025-01-14,FCPT,26.780000686645508,27.209999084472656,26.780000686645508,27.0,25.528215408325195,569300
2025-01-14,FCPT,26.780000686645508,27.209999084472656,26.780000686645508,27.0,25.528215408325195,569300
2025-01-15,FCPT,27.530000686645508,27.600000381469727,27.049999237060547,27.1299991607666,25.6511287689209,485500
2025-01-15,FCPT,27.530000686645508,27.600000381469727,27.049999237060547,27.1299991607666,25.6511287689209,485500
2025-01-16,FCPT,27.21999931335449,27.84000015258789,27.18000030517578,27.729999542236328,26.21842193603516,677600
2025-01-16,FCPT,27.21999931335449,27.84000015258789,27.18000030517578,27.729999542236328,26.21842193603516,677600
2025-01-17,FCPT,27.84000015258789,27.93000030517578,27.540000915527344,27.559999465942383,26.05768775939941,521300
2025-01-17,FCPT,27.84000015258789,27.93000030517578,27.540000915527344,27.559999465942383,26.05768775939941,521300
2025-01-21,FCPT,27.63999938964844,28.06999969482422,27.600000381469727,28.0,26.47370338439941,363300
2025-01-21,FCPT,27.63999938964844,28.06999969482422,27.600000381469727,28.0,26.47370338439941,363300
2025-01-22,FCPT,27.940000534057617,27.940000534057617,27.420000076293945,27.479999542236328,25.9820499420166,420600
2025-01-22,FCPT,27.940000534057617,27.940000534057617,27.420000076293945,27.479999542236328,25.9820499420166,420600
2025-01-23,FCPT,27.3799991607666,27.57999992370605,27.07999992370605,27.420000076293945,25.92532157897949,420200
2025-01-23,FCPT,27.3799991607666,27.57999992370605,27.07999992370605,27.420000076293945,25.92532157897949,420200
2025-01-24,FCPT,27.290000915527344,27.729999542236328,27.290000915527344,27.63999938964844,26.13332939147949,261200
2025-01-24,FCPT,27.290000915527344,27.729999542236328,27.290000915527344,27.63999938964844,26.13332939147949,261200
2025-01-27,FCPT,27.799999237060547,28.38999938964844,27.170000076293945,28.239999771118164,26.70062065124512,667300
2025-01-27,FCPT,27.799999237060547,28.38999938964844,27.170000076293945,28.239999771118164,26.70062065124512,667300
2025-01-28,FCPT,28.07999992370605,28.36000061035156,27.76000022888184,27.799999237060547,26.28460693359375,300200
2025-01-28,FCPT,28.07999992370605,28.36000061035156,27.76000022888184,27.799999237060547,26.28460693359375,300200
2025-01-29,FCPT,27.670000076293945,27.920000076293945,27.32999992370605,27.420000076293945,25.92532157897949,526000
2025-01-29,FCPT,27.670000076293945,27.920000076293945,27.32999992370605,27.420000076293945,25.92532157897949,526000
2025-01-30,FCPT,27.76000022888184,27.959999084472656,27.420000076293945,27.670000076293945,26.16169166564941,342800
2025-01-30,FCPT,27.76000022888184,27.959999084472656,27.420000076293945,27.670000076293945,26.16169166564941,342800
2025-01-31,FCPT,27.57999992370605,27.76000022888184,27.190000534057617,27.43000030517578,25.934776306152344,461400
2025-01-31,FCPT,27.57999992370605,27.76000022888184,27.190000534057617,27.43000030517578,25.934776306152344,461400
2025-02-03,FCPT,27.229999542236328,27.940000534057617,27.100000381469727,27.84000015258789,26.32242584228516,430500
2025-02-03,FCPT,27.229999542236328,27.940000534057617,27.100000381469727,27.84000015258789,26.32242584228516,430500
2025-02-04,FCPT,27.690000534057617,27.76000022888184,27.420000076293945,27.670000076293945,26.16169166564941,336500
2025-02-04,FCPT,27.690000534057617,27.76000022888184,27.420000076293945,27.670000076293945,26.16169166564941,336500
2025-02-05,FCPT,27.90999984741211,28.0,27.76000022888184,27.989999771118164,26.464250564575195,331500
2025-02-05,FCPT,27.90999984741211,28.0,27.76000022888184,27.989999771118164,26.464250564575195,331500
2025-02-06,FCPT,28.059999465942383,28.059999465942383,27.770000457763672,28.01000022888184,26.483158111572266,280900
2025-02-06,FCPT,28.059999465942383,28.059999465942383,27.770000457763672,28.01000022888184,26.483158111572266,280900
2025-02-07,FCPT,27.90999984741211,27.950000762939453,27.6200008392334,27.90999984741211,26.38861083984375,263700
2025-02-07,FCPT,27.90999984741211,27.950000762939453,27.6200008392334,27.90999984741211,26.38861083984375,263700
2025-02-10,FCPT,27.8799991607666,27.90999984741211,27.59000015258789,27.790000915527344,26.2751522064209,301500
2025-02-10,FCPT,27.8799991607666,27.90999984741211,27.59000015258789,27.790000915527344,26.2751522064209,301500
2025-02-11,FCPT,27.670000076293945,27.979999542236328,27.63999938964844,27.950000762939453,26.42642974853516,313700
2025-02-11,FCPT,27.670000076293945,27.979999542236328,27.63999938964844,27.950000762939453,26.42642974853516,313700
2025-02-12,FCPT,27.540000915527344,27.82999992370605,27.450000762939453,27.75,26.23733329772949,639900
2025-02-12,FCPT,27.540000915527344,27.82999992370605,27.450000762939453,27.75,26.23733329772949,639900
2025-02-13,FCPT,28.07999992370605,28.520000457763672,27.459999084472656,28.40999984741211,26.861352920532227,607500
2025-02-13,FCPT,28.07999992370605,28.520000457763672,27.459999084472656,28.40999984741211,26.861352920532227,607500
2025-02-14,FCPT,28.38999938964844,28.46999931335449,27.71999931335449,27.76000022888184,26.24678611755371,492700
2025-02-14,FCPT,28.38999938964844,28.46999931335449,27.71999931335449,27.76000022888184,26.24678611755371,492700
2025-02-18,FCPT,27.61000061035156,28.040000915527344,27.61000061035156,27.799999237060547,26.28460693359375,762600
2025-02-18,FCPT,27.61000061035156,28.040000915527344,27.61000061035156,27.799999237060547,26.28460693359375,762600
2025-02-19,FCPT,27.5,27.920000076293945,27.34000015258789,27.700000762939453,26.190059661865234,685400
2025-02-19,FCPT,27.5,27.920000076293945,27.34000015258789,27.700000762939453,26.190059661865234,685400
2025-02-20,FCPT,27.540000915527344,27.950000762939453,27.43000030517578,27.709999084472656,26.19951057434082,760100
2025-02-20,FCPT,27.540000915527344,27.950000762939453,27.43000030517578,27.709999084472656,26.19951057434082,760100
2025-02-21,FCPT,27.90999984741211,28.1299991607666,27.75,27.96999931335449,26.44533920288086,807900
2025-02-21,FCPT,27.90999984741211,28.1299991607666,27.75,27.96999931335449,26.44533920288086,807900
2025-02-24,FCPT,27.979999542236328,28.350000381469727,27.780000686645508,28.26000022888184,26.719532012939453,1320700
2025-02-24,FCPT,27.979999542236328,28.350000381469727,27.780000686645508,28.26000022888184,26.719532012939453,1320700
2025-02-25,FCPT,28.350000381469727,28.850000381469727,28.270000457763672,28.63999938964844,27.07881546020508,747500
2025-02-25,FCPT,28.350000381469727,28.850000381469727,28.270000457763672,28.63999938964844,27.07881546020508,747500
2025-02-26,FCPT,28.6299991607666,28.84000015258789,28.299999237060547,28.440000534057617,26.889720916748047,736800
2025-02-26,FCPT,28.6299991607666,28.84000015258789,28.299999237060547,28.440000534057617,26.889720916748047,736800
2025-02-27,FCPT,28.440000534057617,28.6299991607666,28.26000022888184,28.5,26.94644927978516,1299700
2025-02-27,FCPT,28.440000534057617,28.6299991607666,28.26000022888184,28.5,26.94644927978516,1299700
2025-02-28,FCPT,28.68000030517578,28.93000030517578,28.46999931335449,28.75,27.18281936645508,1522700
2025-02-28,FCPT,28.68000030517578,28.93000030517578,28.46999931335449,28.75,27.18281936645508,1522700
2025-03-03,FCPT,28.690000534057617,29.07999992370605,28.690000534057617,29.020000457763672,27.43810272216797,991800
2025-03-03,FCPT,28.690000534057617,29.07999992370605,28.690000534057617,29.020000457763672,27.43810272216797,991800
2025-03-04,FCPT,29.06999969482422,29.32999992370605,28.59000015258789,28.600000381469727,27.040998458862305,1168900
2025-03-04,FCPT,29.06999969482422,29.32999992370605,28.59000015258789,28.600000381469727,27.040998458862305,1168900
2025-03-05,FCPT,28.520000457763672,29.1200008392334,28.520000457763672,28.959999084472656,27.38137435913086,757700
2025-03-05,FCPT,28.520000457763672,29.1200008392334,28.520000457763672,28.959999084472656,27.38137435913086,757700
2025-03-06,FCPT,28.799999237060547,28.8700008392334,28.290000915527344,28.799999237060547,27.23009490966797,710000
2025-03-06,FCPT,28.799999237060547,28.8700008392334,28.290000915527344,28.799999237060547,27.23009490966797,710000
2025-03-07,FCPT,28.739999771118164,29.459999084472656,28.739999771118164,29.309999465942383,27.71229362487793,778400
2025-03-07,FCPT,28.739999771118164,29.459999084472656,28.739999771118164,29.309999465942383,27.71229362487793,778400
2025-03-10,FCPT,29.399999618530277,29.809999465942383,28.82999992370605,28.989999771118164,27.40973854064941,1227500
2025-03-10,FCPT,29.399999618530277,29.809999465942383,28.82999992370605,28.989999771118164,27.40973854064941,1227500
2025-03-11,FCPT,29.170000076293945,29.190000534057617,28.059999465942383,28.149999618530277,26.615528106689453,1564300
2025-03-11,FCPT,29.170000076293945,29.190000534057617,28.059999465942383,28.149999618530277,26.615528106689453,1564300
2025-03-12,FCPT,27.950000762939453,28.01000022888184,27.5,27.68000030517578,26.1711483001709,1852500
2025-03-12,FCPT,27.950000762939453,28.01000022888184,27.5,27.68000030517578,26.1711483001709,1852500
2025-03-13,FCPT,27.81999969482422,28.18000030517578,27.440000534057617,27.51000022888184,26.01041603088379,781300
2025-03-13,FCPT,27.81999969482422,28.18000030517578,27.440000534057617,27.51000022888184,26.01041603088379,781300
2025-03-14,FCPT,27.63999938964844,27.989999771118164,27.350000381469727,27.989999771118164,26.464250564575195,837800
2025-03-14,FCPT,27.63999938964844,27.989999771118164,27.350000381469727,27.989999771118164,26.464250564575195,837800
2025-03-17,FCPT,28.0,28.51000022888184,28.0,28.21999931335449,26.68170928955078,1156700
2025-03-17,FCPT,28.0,28.51000022888184,28.0,28.21999931335449,26.68170928955078,1156700
2025-03-18,FCPT,28.200000762939453,28.34000015258789,27.82999992370605,28.06999969482422,26.539888381958008,1133900
2025-03-18,FCPT,28.200000762939453,28.34000015258789,27.82999992370605,28.06999969482422,26.539888381958008,1133900
2025-03-19,FCPT,28.11000061035156,28.280000686645508,27.700000762939453,28.100000381469727,26.568254470825195,1291700
2025-03-19,FCPT,28.11000061035156,28.280000686645508,27.700000762939453,28.100000381469727,26.568254470825195,1291700
2025-03-20,FCPT,28.049999237060547,28.649999618530277,27.88999938964844,28.520000457763672,26.96536064147949,887200
2025-03-20,FCPT,28.049999237060547,28.649999618530277,27.88999938964844,28.520000457763672,26.96536064147949,887200
2025-03-21,FCPT,28.31999969482422,28.350000381469727,27.959999084472656,28.11000061035156,26.57770729064941,1906500
2025-03-21,FCPT,28.31999969482422,28.350000381469727,27.959999084472656,28.11000061035156,26.57770729064941,1906500
2025-03-24,FCPT,28.229999542236328,28.540000915527344,28.190000534057617,28.479999542236328,26.92753791809082,833400
2025-03-24,FCPT,28.229999542236328,28.540000915527344,28.190000534057617,28.479999542236328,26.92753791809082,833400
2025-03-25,FCPT,28.450000762939453,28.6200008392334,28.149999618530277,28.350000381469727,26.80462455749512,647700
2025-03-25,FCPT,28.450000762939453,28.6200008392334,28.149999618530277,28.350000381469727,26.80462455749512,647700
2025-03-26,FCPT,28.38999938964844,28.76000022888184,28.3799991607666,28.690000534057617,27.1260929107666,611100
2025-03-26,FCPT,28.38999938964844,28.76000022888184,28.3799991607666,28.690000534057617,27.1260929107666,611100
2025-03-27,FCPT,28.770000457763672,28.88999938964844,28.450000762939453,28.46999931335449,26.9180850982666,517300
2025-03-27,FCPT,28.770000457763672,28.88999938964844,28.450000762939453,28.46999931335449,26.9180850982666,517300
2025-03-28,FCPT,28.559999465942383,28.63999938964844,28.229999542236328,28.57999992370605,27.0220890045166,420300
2025-03-28,FCPT,28.559999465942383,28.63999938964844,28.229999542236328,28.57999992370605,27.0220890045166,420300
2025-03-31,FCPT,28.43000030517578,28.96999931335449,28.209999084472656,28.700000762939453,27.476844787597656,1260600
2025-03-31,FCPT,28.43000030517578,28.96999931335449,28.209999084472656,28.700000762939453,27.476844787597656,1260600
2025-04-01,FCPT,28.709999084472656,28.84000015258789,28.3799991607666,28.700000762939453,27.476844787597656,504600
2025-04-01,FCPT,28.709999084472656,28.84000015258789,28.3799991607666,28.700000762939453,27.476844787597656,504600
2025-04-02,FCPT,28.61000061035156,28.76000022888184,28.350000381469727,28.459999084472656,27.2470703125,715500
2025-04-02,FCPT,28.61000061035156,28.76000022888184,28.350000381469727,28.459999084472656,27.2470703125,715500
2025-04-03,FCPT,28.270000457763672,28.75,28.049999237060547,28.3799991607666,27.17048072814941,1733600
2025-04-03,FCPT,28.270000457763672,28.75,28.049999237060547,28.3799991607666,27.17048072814941,1733600
2025-04-04,FCPT,28.09000015258789,28.690000534057617,27.600000381469727,27.690000534057617,26.509889602661133,1864500
2025-04-04,FCPT,28.09000015258789,28.690000534057617,27.600000381469727,27.690000534057617,26.509889602661133,1864500
2025-04-07,FCPT,26.690000534057617,27.850000381469727,26.280000686645508,26.799999237060547,25.65781784057617,1513000
2025-04-07,FCPT,26.690000534057617,27.850000381469727,26.280000686645508,26.799999237060547,25.65781784057617,1513000
2025-04-08,FCPT,27.18000030517578,27.34000015258789,25.68000030517578,26.059999465942383,24.94935607910156,1807600
2025-04-08,FCPT,27.18000030517578,27.34000015258789,25.68000030517578,26.059999465942383,24.94935607910156,1807600
2025-04-09,FCPT,25.649999618530277,27.200000762939453,25.01000022888184,26.899999618530277,25.753557205200195,1170400
2025-04-09,FCPT,25.649999618530277,27.200000762939453,25.01000022888184,26.899999618530277,25.753557205200195,1170400
2025-04-10,FCPT,26.71999931335449,27.489999771118164,26.01000022888184,26.68000030517578,25.54293441772461,1194700
2025-04-10,FCPT,26.71999931335449,27.489999771118164,26.01000022888184,26.68000030517578,25.54293441772461,1194700
2025-04-11,FCPT,26.540000915527344,27.290000915527344,26.280000686645508,27.11000061035156,25.95460700988769,779900
2025-04-11,FCPT,26.540000915527344,27.290000915527344,26.280000686645508,27.11000061035156,25.95460700988769,779900
2025-04-14,FCPT,27.149999618530277,27.799999237060547,27.1299991607666,27.489999771118164,26.31841087341309,820600
2025-04-14,FCPT,27.149999618530277,27.799999237060547,27.1299991607666,27.489999771118164,26.31841087341309,820600
2025-04-15,FCPT,27.520000457763672,27.790000915527344,27.520000457763672,27.739999771118164,26.557756423950195,636400
2025-04-15,FCPT,27.520000457763672,27.790000915527344,27.520000457763672,27.739999771118164,26.557756423950195,636400
2025-04-16,FCPT,27.8700008392334,28.049999237060547,27.65999984741211,27.790000915527344,26.605627059936523,621800
2025-04-16,FCPT,27.8700008392334,28.049999237060547,27.65999984741211,27.790000915527344,26.605627059936523,621800
2025-04-17,FCPT,27.770000457763672,28.399999618530277,27.770000457763672,28.239999771118164,27.03644752502441,539900
2025-04-17,FCPT,27.770000457763672,28.399999618530277,27.770000457763672,28.239999771118164,27.03644752502441,539900
2025-04-21,FCPT,28.1299991607666,28.40999984741211,27.959999084472656,28.32999992370605,27.12261199951172,789500
2025-04-21,FCPT,28.1299991607666,28.40999984741211,27.959999084472656,28.32999992370605,27.12261199951172,789500
2025-04-22,FCPT,28.450000762939453,28.90999984741211,28.450000762939453,28.670000076293945,27.448122024536133,523000
2025-04-22,FCPT,28.450000762939453,28.90999984741211,28.450000762939453,28.670000076293945,27.448122024536133,523000
2025-04-23,FCPT,28.75,28.84000015258789,28.149999618530277,28.399999618530277,27.18962860107422,680500
2025-04-23,FCPT,28.75,28.84000015258789,28.149999618530277,28.399999618530277,27.18962860107422,680500
2025-04-24,FCPT,28.309999465942383,28.38999938964844,27.770000457763672,27.86000061035156,26.672645568847656,526000
2025-04-24,FCPT,28.309999465942383,28.38999938964844,27.770000457763672,27.86000061035156,26.672645568847656,526000
2025-04-25,FCPT,27.790000915527344,27.809999465942383,27.3799991607666,27.709999084472656,26.529035568237305,499500
2025-04-25,FCPT,27.790000915527344,27.809999465942383,27.3799991607666,27.709999084472656,26.529035568237305,499500
2025-04-28,FCPT,27.65999984741211,27.920000076293945,27.31999969482422,27.8799991607666,26.691789627075195,576800
2025-04-28,FCPT,27.65999984741211,27.920000076293945,27.31999969482422,27.8799991607666,26.691789627075195,576800
2025-04-29,FCPT,27.86000061035156,28.100000381469727,27.780000686645508,27.850000381469727,26.663068771362305,509700
2025-04-29,FCPT,27.86000061035156,28.100000381469727,27.780000686645508,27.850000381469727,26.663068771362305,509700
2025-04-30,FCPT,27.8799991607666,28.049999237060547,27.520000457763672,27.950000762939453,26.758808135986328,693200
2025-04-30,FCPT,27.8799991607666,28.049999237060547,27.520000457763672,27.950000762939453,26.758808135986328,693200
2025-05-01,FCPT,28.34000015258789,28.979999542236328,27.700000762939453,27.88999938964844,26.701364517211918,797100
2025-05-01,FCPT,28.34000015258789,28.979999542236328,27.700000762939453,27.88999938964844,26.701364517211918,797100
2025-05-02,FCPT,28.0,28.350000381469727,27.68000030517578,27.88999938964844,26.701364517211918,496200
2025-05-02,FCPT,28.0,28.350000381469727,27.68000030517578,27.88999938964844,26.701364517211918,496200
2025-05-05,FCPT,27.81999969482422,27.93000030517578,27.559999465942383,27.71999931335449,26.53860855102539,444600
2025-05-05,FCPT,27.81999969482422,27.93000030517578,27.559999465942383,27.71999931335449,26.53860855102539,444600
2025-05-06,FCPT,27.71999931335449,28.01000022888184,27.51000022888184,27.88999938964844,26.701364517211918,638000
2025-05-06,FCPT,27.71999931335449,28.01000022888184,27.51000022888184,27.88999938964844,26.701364517211918,638000
2025-05-07,FCPT,27.920000076293945,28.13999938964844,27.68000030517578,27.76000022888184,26.576904296875,880000
2025-05-07,FCPT,27.920000076293945,28.13999938964844,27.68000030517578,27.76000022888184,26.576904296875,880000
2025-05-08,FCPT,27.81999969482422,27.979999542236328,27.479999542236328,27.57999992370605,26.40457534790039,380000
2025-05-08,FCPT,27.81999969482422,27.979999542236328,27.479999542236328,27.57999992370605,26.40457534790039,380000
2025-05-09,FCPT,27.56999969482422,27.82999992370605,27.559999465942383,27.75,26.567331314086918,469100
2025-05-09,FCPT,27.56999969482422,27.82999992370605,27.559999465942383,27.75,26.567331314086918,469100
2025-05-12,FCPT,27.809999465942383,27.8799991607666,27.18000030517578,27.32999992370605,26.165231704711918,525200
2025-05-12,FCPT,27.809999465942383,27.8799991607666,27.18000030517578,27.32999992370605,26.165231704711918,525200
2025-05-13,FCPT,27.309999465942383,27.3700008392334,26.76000022888184,26.8799991607666,25.73440933227539,526800
2025-05-13,FCPT,27.309999465942383,27.3700008392334,26.76000022888184,26.8799991607666,25.73440933227539,526800
2025-05-14,FCPT,26.82999992370605,26.82999992370605,26.32999992370605,26.739999771118164,25.60037612915039,442100
2025-05-14,FCPT,26.82999992370605,26.82999992370605,26.32999992370605,26.739999771118164,25.60037612915039,442100
2025-05-15,FCPT,26.93000030517578,27.489999771118164,26.809999465942383,27.350000381469727,26.18437957763672,420100
2025-05-15,FCPT,26.93000030517578,27.489999771118164,26.809999465942383,27.350000381469727,26.18437957763672,420100
2025-05-16,FCPT,27.43000030517578,27.600000381469727,27.25,27.56999969482422,26.395002365112305,612500
2025-05-16,FCPT,27.43000030517578,27.600000381469727,27.25,27.56999969482422,26.395002365112305,612500
2025-05-19,FCPT,27.40999984741211,27.6299991607666,27.38999938964844,27.61000061035156,26.433298110961918,290700
2025-05-19,FCPT,27.40999984741211,27.6299991607666,27.38999938964844,27.61000061035156,26.433298110961918,290700
2025-05-20,FCPT,27.479999542236328,27.6200008392334,27.46999931335449,27.549999237060547,26.3758544921875,407100
2025-05-20,FCPT,27.479999542236328,27.6200008392334,27.46999931335449,27.549999237060547,26.3758544921875,407100
2025-05-21,FCPT,27.440000534057617,27.600000381469727,27.229999542236328,27.309999465942383,26.14608192443848,507200
2025-05-21,FCPT,27.440000534057617,27.600000381469727,27.229999542236328,27.309999465942383,26.14608192443848,507200
2025-05-22,FCPT,27.190000534057617,27.190000534057617,26.940000534057617,27.0,25.849294662475582,645100
2025-05-22,FCPT,27.190000534057617,27.190000534057617,26.940000534057617,27.0,25.849294662475582,645100
2025-05-23,FCPT,27.06999969482422,27.11000061035156,26.709999084472656,27.07999992370605,25.925886154174805,526800
2025-05-23,FCPT,27.06999969482422,27.11000061035156,26.709999084472656,27.07999992370605,25.925886154174805,526800
2025-05-27,FCPT,27.15999984741211,27.399999618530277,27.030000686645508,27.280000686645508,26.11736297607422,693000
2025-05-27,FCPT,27.15999984741211,27.399999618530277,27.030000686645508,27.280000686645508,26.11736297607422,693000
2025-05-28,FCPT,27.229999542236328,27.229999542236328,26.93000030517578,27.190000534057617,26.031198501586918,482500
2025-05-28,FCPT,27.229999542236328,27.229999542236328,26.93000030517578,27.190000534057617,26.031198501586918,482500
2025-05-29,FCPT,27.15999984741211,27.459999084472656,27.06999969482422,27.40999984741211,26.2418212890625,307400
2025-05-29,FCPT,27.15999984741211,27.459999084472656,27.06999969482422,27.40999984741211,26.2418212890625,307400
2025-05-30,FCPT,27.40999984741211,27.71999931335449,27.31999969482422,27.61000061035156,26.433298110961918,600800
2025-05-30,FCPT,27.40999984741211,27.71999931335449,27.31999969482422,27.61000061035156,26.433298110961918,600800
2025-06-02,FCPT,27.459999084472656,27.65999984741211,27.229999542236328,27.57999992370605,26.40457534790039,404400
2025-06-02,FCPT,27.459999084472656,27.65999984741211,27.229999542236328,27.57999992370605,26.40457534790039,404400
2025-06-03,FCPT,27.46999931335449,27.600000381469727,27.270000457763672,27.38999938964844,26.22267341613769,478700
2025-06-03,FCPT,27.46999931335449,27.600000381469727,27.270000457763672,27.38999938964844,26.22267341613769,478700
2025-06-04,FCPT,27.3700008392334,27.530000686645508,27.200000762939453,27.40999984741211,26.2418212890625,569000
2025-06-04,FCPT,27.3700008392334,27.530000686645508,27.200000762939453,27.40999984741211,26.2418212890625,569000
2025-06-05,FCPT,27.479999542236328,27.479999542236328,27.100000381469727,27.170000076293945,26.01205062866211,397400
2025-06-05,FCPT,27.479999542236328,27.479999542236328,27.100000381469727,27.170000076293945,26.01205062866211,397400
2025-06-06,FCPT,27.350000381469727,27.479999542236328,27.239999771118164,27.38999938964844,26.22267341613769,357100
2025-06-06,FCPT,27.350000381469727,27.479999542236328,27.239999771118164,27.38999938964844,26.22267341613769,357100
2025-06-09,FCPT,27.3799991607666,28.059999465942383,27.32999992370605,27.799999237060547,26.61520004272461,515400
2025-06-09,FCPT,27.3799991607666,28.059999465942383,27.32999992370605,27.799999237060547,26.61520004272461,515400
2025-06-10,FCPT,27.790000915527344,28.11000061035156,27.40999984741211,27.63999938964844,26.462018966674805,519900
2025-06-10,FCPT,27.790000915527344,28.11000061035156,27.40999984741211,27.63999938964844,26.462018966674805,519900
2025-06-11,FCPT,27.739999771118164,27.88999938964844,27.459999084472656,27.540000915527344,26.366283416748047,377400
2025-06-11,FCPT,27.739999771118164,27.88999938964844,27.459999084472656,27.540000915527344,26.366283416748047,377400
2025-06-12,FCPT,27.61000061035156,27.690000534057617,27.31999969482422,27.68000030517578,26.50031471252441,429000
2025-06-12,FCPT,27.61000061035156,27.690000534057617,27.31999969482422,27.68000030517578,26.50031471252441,429000
2025-06-13,FCPT,27.450000762939453,27.559999465942383,27.200000762939453,27.38999938964844,26.22267341613769,448900
2025-06-13,FCPT,27.450000762939453,27.559999465942383,27.200000762939453,27.38999938964844,26.22267341613769,448900
2025-06-16,FCPT,27.540000915527344,27.799999237060547,27.25,27.290000915527344,26.126935958862305,578300
2025-06-16,FCPT,27.540000915527344,27.799999237060547,27.25,27.290000915527344,26.126935958862305,578300
2025-06-17,FCPT,27.149999618530277,27.40999984741211,27.100000381469727,27.399999618530277,26.23224639892578,801300
2025-06-17,FCPT,27.149999618530277,27.40999984741211,27.100000381469727,27.399999618530277,26.23224639892578,801300
2025-06-18,FCPT,27.32999992370605,27.440000534057617,26.96999931335449,27.31999969482422,26.155656814575195,3767800
2025-06-18,FCPT,27.32999992370605,27.440000534057617,26.96999931335449,27.31999969482422,26.155656814575195,3767800
2025-06-20,FCPT,27.40999984741211,27.850000381469727,27.270000457763672,27.31999969482422,26.155656814575195,1529400
2025-06-20,FCPT,27.40999984741211,27.850000381469727,27.270000457763672,27.31999969482422,26.155656814575195,1529400
2025-06-23,FCPT,27.43000030517578,27.899999618530277,27.40999984741211,27.850000381469727,26.663068771362305,607000
2025-06-23,FCPT,27.43000030517578,27.899999618530277,27.40999984741211,27.850000381469727,26.663068771362305,607000
2025-06-24,FCPT,27.75,27.790000915527344,27.56999969482422,27.57999992370605,26.40457534790039,441100
2025-06-24,FCPT,27.75,27.790000915527344,27.56999969482422,27.57999992370605,26.40457534790039,441100
2025-06-25,FCPT,27.479999542236328,27.479999542236328,26.90999984741211,26.940000534057617,25.791852951049805,526300
2025-06-25,FCPT,27.479999542236328,27.479999542236328,26.90999984741211,26.940000534057617,25.791852951049805,526300
2025-06-26,FCPT,27.01000022888184,27.32999992370605,26.899999618530277,27.299999237060547,26.136510848999023,738300
2025-06-26,FCPT,27.01000022888184,27.32999992370605,26.899999618530277,27.299999237060547,26.136510848999023,738300
2025-06-27,FCPT,27.26000022888184,27.440000534057617,27.059999465942383,27.100000381469727,25.94503402709961,1487800
2025-06-27,FCPT,27.26000022888184,27.440000534057617,27.059999465942383,27.100000381469727,25.94503402709961,1487800
2025-06-30,FCPT,26.82999992370605,27.13999938964844,26.540000915527344,26.90999984741211,26.1050968170166,924300
2025-06-30,FCPT,26.82999992370605,27.13999938964844,26.540000915527344,26.90999984741211,26.1050968170166,924300
2025-07-01,FCPT,27.01000022888184,27.46999931335449,26.899999618530277,27.170000076293945,26.35732078552246,575200
2025-07-01,FCPT,27.01000022888184,27.46999931335449,26.899999618530277,27.170000076293945,26.35732078552246,575200
2025-07-02,FCPT,27.01000022888184,27.239999771118164,26.75,27.11000061035156,26.299116134643555,666600
2025-07-02,FCPT,27.01000022888184,27.239999771118164,26.75,27.11000061035156,26.299116134643555,666600
2025-07-03,FCPT,27.020000457763672,27.21999931335449,26.93000030517578,27.18000030517578,26.367021560668945,243000
2025-07-03,FCPT,27.020000457763672,27.21999931335449,26.93000030517578,27.18000030517578,26.367021560668945,243000
2025-07-07,FCPT,27.07999992370605,27.399999618530277,26.8799991607666,26.979999542236328,26.173002243041992,599700
2025-07-07,FCPT,27.07999992370605,27.399999618530277,26.8799991607666,26.979999542236328,26.173002243041992,599700
2025-07-08,FCPT,26.88999938964844,26.920000076293945,26.6299991607666,26.770000457763672,25.96928596496582,535900
2025-07-08,FCPT,26.88999938964844,26.920000076293945,26.6299991607666,26.770000457763672,25.96928596496582,535900
2025-07-09,FCPT,26.75,26.86000061035156,26.59000015258789,26.600000381469727,25.804370880126957,485900
2025-07-09,FCPT,26.75,26.86000061035156,26.59000015258789,26.600000381469727,25.804370880126957,485900
2025-07-10,FCPT,26.540000915527344,26.8799991607666,26.540000915527344,26.600000381469727,25.804370880126957,501300
2025-07-10,FCPT,26.540000915527344,26.8799991607666,26.540000915527344,26.600000381469727,25.804370880126957,501300
2025-07-11,FCPT,26.420000076293945,26.739999771118164,26.309999465942383,26.57999992370605,25.78496742248535,598900
2025-07-11,FCPT,26.420000076293945,26.739999771118164,26.309999465942383,26.57999992370605,25.78496742248535,598900
2025-07-14,FCPT,26.559999465942383,26.940000534057617,26.559999465942383,26.940000534057617,26.134201049804688,493900
2025-07-14,FCPT,26.559999465942383,26.940000534057617,26.559999465942383,26.940000534057617,26.134201049804688,493900
2025-07-15,FCPT,26.850000381469727,26.959999084472656,26.239999771118164,26.25,25.46483993530273,495600
2025-07-15,FCPT,26.850000381469727,26.959999084472656,26.239999771118164,26.25,25.46483993530273,495600
2025-07-16,FCPT,26.31999969482422,26.68000030517578,26.299999237060547,26.350000381469727,25.561847686767575,535700
2025-07-16,FCPT,26.31999969482422,26.68000030517578,26.299999237060547,26.350000381469727,25.561847686767575,535700
2025-07-17,FCPT,26.26000022888184,26.530000686645508,26.1200008392334,26.280000686645508,25.493942260742188,747300
2025-07-17,FCPT,26.26000022888184,26.530000686645508,26.1200008392334,26.280000686645508,25.493942260742188,747300
2025-07-18,FCPT,26.280000686645508,26.479999542236328,26.209999084472656,26.34000015258789,25.552146911621094,559600
2025-07-18,FCPT,26.280000686645508,26.479999542236328,26.209999084472656,26.34000015258789,25.552146911621094,559600
2025-07-21,FCPT,26.5,26.63999938964844,26.270000457763672,26.36000061035156,25.57155036926269,674900
2025-07-21,FCPT,26.5,26.63999938964844,26.270000457763672,26.36000061035156,25.57155036926269,674900
2025-07-22,FCPT,26.200000762939453,26.920000076293945,26.200000762939453,26.88999938964844,26.085695266723636,568900
2025-07-22,FCPT,26.200000762939453,26.920000076293945,26.200000762939453,26.88999938964844,26.085695266723636,568900
2025-07-23,FCPT,26.82999992370605,26.959999084472656,26.559999465942383,26.690000534057617,25.891677856445312,678500
2025-07-23,FCPT,26.82999992370605,26.959999084472656,26.559999465942383,26.690000534057617,25.891677856445312,678500
2025-07-24,FCPT,26.559999465942383,26.86000061035156,26.51000022888184,26.56999969482422,25.775266647338867,452600
2025-07-24,FCPT,26.559999465942383,26.86000061035156,26.51000022888184,26.56999969482422,25.775266647338867,452600
2025-07-25,FCPT,26.549999237060547,26.559999465942383,26.21999931335449,26.489999771118164,25.697660446166992,382900
2025-07-25,FCPT,26.549999237060547,26.559999465942383,26.21999931335449,26.489999771118164,25.697660446166992,382900
2025-07-28,FCPT,26.420000076293945,26.520000457763672,26.049999237060547,26.13999938964844,25.358129501342773,654100
2025-07-28,FCPT,26.420000076293945,26.520000457763672,26.049999237060547,26.13999938964844,25.358129501342773,654100
2025-07-29,FCPT,26.280000686645508,26.479999542236328,26.09000015258789,26.479999542236328,25.687957763671875,570800
2025-07-29,FCPT,26.280000686645508,26.479999542236328,26.09000015258789,26.479999542236328,25.687957763671875,570800
2025-07-30,FCPT,26.309999465942383,26.440000534057617,25.65999984741211,25.68000030517578,24.911888122558597,1037800
2025-07-30,FCPT,26.309999465942383,26.440000534057617,25.65999984741211,25.68000030517578,24.911888122558597,1037800
2025-07-31,FCPT,25.43000030517578,25.670000076293945,25.170000076293945,25.239999771118164,24.485048294067383,758100
2025-07-31,FCPT,25.43000030517578,25.670000076293945,25.170000076293945,25.239999771118164,24.485048294067383,758100
2025-08-01,FCPT,25.59000015258789,25.84000015258789,25.34000015258789,25.489999771118164,24.72757148742676,919500
2025-08-01,FCPT,25.59000015258789,25.84000015258789,25.34000015258789,25.489999771118164,24.72757148742676,919500
2025-08-04,FCPT,25.549999237060547,25.84000015258789,25.350000381469727,25.68000030517578,24.911888122558597,776100
2025-08-04,FCPT,25.549999237060547,25.84000015258789,25.350000381469727,25.68000030517578,24.911888122558597,776100
2025-08-05,FCPT,25.540000915527344,25.71999931335449,25.3700008392334,25.549999237060547,24.785776138305664,882300
2025-08-05,FCPT,25.540000915527344,25.71999931335449,25.3700008392334,25.549999237060547,24.785776138305664,882300
2025-08-06,FCPT,25.6299991607666,25.780000686645508,25.51000022888184,25.530000686645508,24.766376495361328,743300
2025-08-06,FCPT,25.6299991607666,25.780000686645508,25.51000022888184,25.530000686645508,24.766376495361328,743300
2025-08-07,FCPT,25.59000015258789,25.920000076293945,25.459999084472656,25.90999984741211,25.135007858276367,473400
2025-08-07,FCPT,25.59000015258789,25.920000076293945,25.459999084472656,25.90999984741211,25.135007858276367,473400
2025-08-08,FCPT,25.920000076293945,26.049999237060547,25.670000076293945,25.690000534057617,24.92159080505371,441300
2025-08-08,FCPT,25.920000076293945,26.049999237060547,25.670000076293945,25.690000534057617,24.92159080505371,441300
2025-08-11,FCPT,25.65999984741211,25.690000534057617,25.280000686645508,25.290000915527344,24.53355598449707,526900
2025-08-11,FCPT,25.65999984741211,25.690000534057617,25.280000686645508,25.290000915527344,24.53355598449707,526900
2025-08-12,FCPT,25.38999938964844,25.450000762939453,25.15999984741211,25.38999938964844,24.63056182861328,590600
2025-08-12,FCPT,25.38999938964844,25.450000762939453,25.15999984741211,25.38999938964844,24.63056182861328,590600
2025-08-13,FCPT,25.540000915527344,25.540000915527344,25.309999465942383,25.46999931335449,24.70816993713379,418400
2025-08-13,FCPT,25.540000915527344,25.540000915527344,25.309999465942383,25.46999931335449,24.70816993713379,418400
2025-08-14,FCPT,25.31999969482422,25.420000076293945,25.170000076293945,25.3799991607666,24.6208610534668,611400
2025-08-14,FCPT,25.31999969482422,25.420000076293945,25.170000076293945,25.3799991607666,24.6208610534668,611400
2025-08-15,FCPT,25.46999931335449,25.51000022888184,25.299999237060547,25.43000030517578,24.66936492919922,440600
2025-08-15,FCPT,25.46999931335449,25.51000022888184,25.299999237060547,25.43000030517578,24.66936492919922,440600
2025-08-18,FCPT,25.450000762939453,25.540000915527344,25.13999938964844,25.149999618530277,24.397741317749023,355700
2025-08-18,FCPT,25.450000762939453,25.540000915527344,25.13999938964844,25.149999618530277,24.397741317749023,355700
2025-08-19,FCPT,25.209999084472656,25.65999984741211,25.209999084472656,25.65999984741211,24.892486572265625,442400
2025-08-19,FCPT,25.209999084472656,25.65999984741211,25.209999084472656,25.65999984741211,24.892486572265625,442400
2025-08-20,FCPT,25.700000762939453,26.09000015258789,25.700000762939453,25.90999984741211,25.135007858276367,483800
2025-08-20,FCPT,25.700000762939453,26.09000015258789,25.700000762939453,25.90999984741211,25.135007858276367,483800
2025-08-21,FCPT,25.82999992370605,26.049999237060547,25.729999542236328,25.780000686645508,25.00889778137207,294500
2025-08-21,FCPT,25.82999992370605,26.049999237060547,25.729999542236328,25.780000686645508,25.00889778137207,294500
2025-08-22,FCPT,25.96999931335449,26.239999771118164,25.93000030517578,26.049999237060547,25.27082061767578,464300
2025-08-22,FCPT,25.96999931335449,26.239999771118164,25.93000030517578,26.049999237060547,25.27082061767578,464300
2025-08-25,FCPT,25.88999938964844,26.049999237060547,25.6299991607666,25.670000076293945,24.90218734741211,297900
2025-08-25,FCPT,25.88999938964844,26.049999237060547,25.6299991607666,25.670000076293945,24.90218734741211,297900
2025-08-26,FCPT,25.690000534057617,25.81999969482422,25.61000061035156,25.709999084472656,24.940990447998047,519500
2025-08-26,FCPT,25.690000534057617,25.81999969482422,25.61000061035156,25.709999084472656,24.940990447998047,519500
2025-08-27,FCPT,25.76000022888184,25.950000762939453,25.709999084472656,25.899999618530277,25.125307083129883,330200
2025-08-27,FCPT,25.76000022888184,25.950000762939453,25.709999084472656,25.899999618530277,25.125307083129883,330200
2025-08-28,FCPT,25.920000076293945,25.920000076293945,25.459999084472656,25.63999938964844,24.873085021972656,444800
2025-08-28,FCPT,25.920000076293945,25.920000076293945,25.459999084472656,25.63999938964844,24.873085021972656,444800
2025-08-29,FCPT,25.68000030517578,25.88999938964844,25.68000030517578,25.88999938964844,25.1156063079834,565800
2025-08-29,FCPT,25.68000030517578,25.88999938964844,25.68000030517578,25.88999938964844,25.1156063079834,565800
2025-09-02,FCPT,25.799999237060547,25.8799991607666,25.399999618530277,25.6299991607666,24.86338233947754,524200
2025-09-02,FCPT,25.799999237060547,25.8799991607666,25.399999618530277,25.6299991607666,24.86338233947754,524200
2025-09-03,FCPT,25.489999771118164,25.780000686645508,25.489999771118164,25.780000686645508,25.00889778137207,438500
2025-09-03,FCPT,25.489999771118164,25.780000686645508,25.489999771118164,25.780000686645508,25.00889778137207,438500
2025-09-04,FCPT,25.920000076293945,26.020000457763672,25.709999084472656,26.01000022888184,25.232017517089844,628400
2025-09-04,FCPT,25.920000076293945,26.020000457763672,25.709999084472656,26.01000022888184,25.232017517089844,628400
2025-09-05,FCPT,26.1200008392334,26.399999618530277,26.06999969482422,26.11000061035156,25.32902717590332,865200
2025-09-05,FCPT,26.1200008392334,26.399999618530277,26.06999969482422,26.11000061035156,25.32902717590332,865200
2025-09-08,FCPT,25.899999618530277,26.1200008392334,25.670000076293945,26.11000061035156,25.32902717590332,728200
2025-09-08,FCPT,25.899999618530277,26.1200008392334,25.670000076293945,26.11000061035156,25.32902717590332,728200
2025-09-09,FCPT,26.09000015258789,26.1299991607666,25.86000061035156,26.01000022888184,25.232017517089844,581600
2025-09-09,FCPT,26.09000015258789,26.1299991607666,25.86000061035156,26.01000022888184,25.232017517089844,581600
2025-09-10,FCPT,25.959999084472656,26.059999465942383,25.670000076293945,25.700000762939453,24.93128967285156,384100
2025-09-10,FCPT,25.959999084472656,26.059999465942383,25.670000076293945,25.700000762939453,24.93128967285156,384100
2025-09-11,FCPT,25.299999237060547,25.82999992370605,25.280000686645508,25.450000762939453,24.68876838684082,605100
2025-09-11,FCPT,25.299999237060547,25.82999992370605,25.280000686645508,25.450000762939453,24.68876838684082,605100
2025-09-12,FCPT,25.479999542236328,25.549999237060547,25.350000381469727,25.450000762939453,24.68876838684082,540500
2025-09-12,FCPT,25.479999542236328,25.549999237060547,25.350000381469727,25.450000762939453,24.68876838684082,540500
2025-09-15,FCPT,25.63999938964844,25.81999969482422,25.520000457763672,25.6200008392334,24.853683471679688,644400
2025-09-15,FCPT,25.63999938964844,25.81999969482422,25.520000457763672,25.6200008392334,24.853683471679688,644400
2025-09-16,FCPT,25.56999969482422,25.739999771118164,25.26000022888184,25.3700008392334,24.611162185668945,1133800
2025-09-16,FCPT,25.56999969482422,25.739999771118164,25.26000022888184,25.3700008392334,24.611162185668945,1133800
2025-09-17,FCPT,25.3799991607666,25.82999992370605,25.350000381469727,25.40999984741211,24.64996337890625,647500
2025-09-17,FCPT,25.3799991607666,25.82999992370605,25.350000381469727,25.40999984741211,24.64996337890625,647500
2025-09-18,FCPT,25.21999931335449,25.549999237060547,25.200000762939453,25.450000762939453,24.68876838684082,664200
2025-09-18,FCPT,25.21999931335449,25.549999237060547,25.200000762939453,25.450000762939453,24.68876838684082,664200
2025-09-19,FCPT,25.46999931335449,25.649999618530277,25.270000457763672,25.270000457763672,24.51415061950684,1661300
2025-09-19,FCPT,25.46999931335449,25.649999618530277,25.270000457763672,25.270000457763672,24.51415061950684,1661300
2025-09-22,FCPT,25.31999969482422,25.520000457763672,24.649999618530277,24.700000762939453,23.96120262145996,825300
2025-09-22,FCPT,25.31999969482422,25.520000457763672,24.649999618530277,24.700000762939453,23.96120262145996,825300
2025-09-23,FCPT,24.71999931335449,24.850000381469727,24.6200008392334,24.690000534057617,23.951499938964844,684500
2025-09-23,FCPT,24.71999931335449,24.850000381469727,24.6200008392334,24.690000534057617,23.951499938964844,684500
2025-09-24,FCPT,24.6200008392334,24.770000457763672,24.420000076293945,24.43000030517578,23.699277877807617,559300
2025-09-24,FCPT,24.6200008392334,24.770000457763672,24.420000076293945,24.43000030517578,23.699277877807617,559300
2025-09-25,FCPT,24.549999237060547,24.600000381469727,24.34000015258789,24.440000534057617,23.70897674560547,693600
2025-09-25,FCPT,24.549999237060547,24.600000381469727,24.34000015258789,24.440000534057617,23.70897674560547,693600
2025-09-26,FCPT,24.520000457763672,24.670000076293945,24.32999992370605,24.450000762939453,23.718679428100582,1094500
2025-09-26,FCPT,24.520000457763672,24.670000076293945,24.32999992370605,24.450000762939453,23.718679428100582,1094500
2025-09-29,FCPT,24.479999542236328,24.6299991607666,24.309999465942383,24.3700008392334,23.64107322692871,833400
2025-09-29,FCPT,24.479999542236328,24.6299991607666,24.309999465942383,24.3700008392334,23.64107322692871,833400
2025-09-30,FCPT,24.059999465942383,24.56999969482422,24.01000022888184,24.399999618530277,24.020076751708984,719100
2025-09-30,FCPT,24.059999465942383,24.56999969482422,24.01000022888184,24.399999618530277,24.020076751708984,719100
2025-10-01,FCPT,24.46999931335449,24.63999938964844,24.299999237060547,24.559999465942383,24.177583694458008,848300
2025-10-01,FCPT,24.46999931335449,24.63999938964844,24.299999237060547,24.559999465942383,24.177583694458008,848300
2025-10-02,FCPT,24.420000076293945,24.51000022888184,24.149999618530277,24.350000381469727,23.970855712890625,646700
2025-10-02,FCPT,24.420000076293945,24.51000022888184,24.149999618530277,24.350000381469727,23.970855712890625,646700
2025-10-03,FCPT,24.36000061035156,24.65999984741211,24.25,24.26000022888184,23.88225555419922,595100
2025-10-03,FCPT,24.36000061035156,24.65999984741211,24.25,24.26000022888184,23.88225555419922,595100
2025-10-06,FCPT,24.100000381469727,24.15999984741211,23.729999542236328,23.82999992370605,23.45895195007324,501600
2025-10-06,FCPT,24.100000381469727,24.15999984741211,23.729999542236328,23.82999992370605,23.45895195007324,501600
2025-10-07,FCPT,23.809999465942383,24.18000030517578,23.63999938964844,24.059999465942383,23.68536949157715,788800
2025-10-07,FCPT,23.809999465942383,24.18000030517578,23.63999938964844,24.059999465942383,23.68536949157715,788800
2025-10-08,FCPT,24.020000457763672,24.100000381469727,23.729999542236328,24.049999237060547,23.675525665283203,687900
2025-10-08,FCPT,24.020000457763672,24.100000381469727,23.729999542236328,24.049999237060547,23.675525665283203,687900
2025-10-09,FCPT,24.049999237060547,24.229999542236328,23.86000061035156,23.940000534057617,23.56723976135254,352400
2025-10-09,FCPT,24.049999237060547,24.229999542236328,23.86000061035156,23.940000534057617,23.56723976135254,352400
2025-10-10,FCPT,24.09000015258789,24.18000030517578,23.84000015258789,23.899999618530277,23.52786064147949,646700
2025-10-10,FCPT,24.09000015258789,24.18000030517578,23.84000015258789,23.899999618530277,23.52786064147949,646700
2025-10-13,FCPT,23.809999465942383,23.989999771118164,23.700000762939453,23.84000015258789,23.468795776367188,436000
2025-10-13,FCPT,23.809999465942383,23.989999771118164,23.700000762939453,23.84000015258789,23.468795776367188,436000
2025-10-14,FCPT,23.809999465942383,24.1200008392334,23.799999237060547,24.09000015258789,23.714902877807617,450700
2025-10-14,FCPT,23.809999465942383,24.1200008392334,23.799999237060547,24.09000015258789,23.714902877807617,450700
2025-10-15,FCPT,24.06999969482422,24.600000381469727,24.030000686645508,24.350000381469727,23.970855712890625,613400
2025-10-15,FCPT,24.06999969482422,24.600000381469727,24.030000686645508,24.350000381469727,23.970855712890625,613400
2025-10-16,FCPT,24.290000915527344,24.46999931335449,24.13999938964844,24.290000915527344,23.91179084777832,485600
2025-10-16,FCPT,24.290000915527344,24.46999931335449,24.13999938964844,24.290000915527344,23.91179084777832,485600
2025-10-17,FCPT,24.270000457763672,24.459999084472656,24.1299991607666,24.399999618530277,24.020076751708984,410500
2025-10-17,FCPT,24.270000457763672,24.459999084472656,24.1299991607666,24.399999618530277,24.020076751708984,410500
2025-10-20,FCPT,24.3700008392334,24.709999084472656,24.290000915527344,24.700000762939453,24.315406799316406,493800
2025-10-20,FCPT,24.3700008392334,24.709999084472656,24.290000915527344,24.700000762939453,24.315406799316406,493800
2025-10-21,FCPT,24.670000076293945,24.799999237060547,24.61000061035156,24.6299991607666,24.24649429321289,456100
2025-10-21,FCPT,24.670000076293945,24.799999237060547,24.61000061035156,24.6299991607666,24.24649429321289,456100
2025-10-22,FCPT,24.76000022888184,24.780000686645508,24.51000022888184,24.729999542236328,24.34493827819824,438100
2025-10-22,FCPT,24.76000022888184,24.780000686645508,24.51000022888184,24.729999542236328,24.34493827819824,438100
2025-10-23,FCPT,24.76000022888184,24.76000022888184,24.440000534057617,24.6200008392334,24.236652374267575,347800
2025-10-23,FCPT,24.76000022888184,24.76000022888184,24.440000534057617,24.6200008392334,24.236652374267575,347800
2025-10-24,FCPT,24.6299991607666,24.670000076293945,24.450000762939453,24.46999931335449,24.088985443115234,379200
2025-10-24,FCPT,24.6299991607666,24.670000076293945,24.450000762939453,24.46999931335449,24.088985443115234,379200
2025-10-27,FCPT,24.36000061035156,24.459999084472656,24.26000022888184,24.34000015258789,23.961009979248047,521500
2025-10-27,FCPT,24.36000061035156,24.459999084472656,24.26000022888184,24.34000015258789,23.961009979248047,521500
2025-10-28,FCPT,24.209999084472656,24.229999542236328,23.799999237060547,23.86000061035156,23.48848533630371,567400
2025-10-28,FCPT,24.209999084472656,24.229999542236328,23.799999237060547,23.86000061035156,23.48848533630371,567400
2025-10-29,FCPT,23.75,23.8799991607666,23.049999237060547,23.450000762939453,23.084869384765625,859900
2025-10-29,FCPT,23.75,23.8799991607666,23.049999237060547,23.450000762939453,23.084869384765625,859900
2025-10-30,FCPT,23.479999542236328,23.63999938964844,23.290000915527344,23.540000915527344,23.1734676361084,745100
2025-10-30,FCPT,23.479999542236328,23.63999938964844,23.290000915527344,23.540000915527344,23.1734676361084,745100
2025-10-31,FCPT,23.32999992370605,23.739999771118164,23.100000381469727,23.63999938964844,23.27190971374512,723100
2025-10-31,FCPT,23.32999992370605,23.739999771118164,23.100000381469727,23.63999938964844,23.27190971374512,723100
2025-11-03,FCPT,23.559999465942383,24.1200008392334,23.280000686645508,24.11000061035156,23.73459243774414,813300
2025-11-03,FCPT,23.559999465942383,24.1200008392334,23.280000686645508,24.11000061035156,23.73459243774414,813300
2025-11-04,FCPT,24.209999084472656,24.209999084472656,23.6200008392334,23.82999992370605,23.45895195007324,459300
2025-11-04,FCPT,24.209999084472656,24.209999084472656,23.6200008392334,23.82999992370605,23.45895195007324,459300
2025-11-05,FCPT,23.959999084472656,24.1200008392334,23.63999938964844,23.96999931335449,23.59677124023437,524900
2025-11-05,FCPT,23.959999084472656,24.1200008392334,23.63999938964844,23.96999931335449,23.59677124023437,524900
2025-11-06,FCPT,23.989999771118164,24.15999984741211,23.68000030517578,23.729999542236328,23.36050796508789,490400
2025-11-06,FCPT,23.989999771118164,24.15999984741211,23.68000030517578,23.729999542236328,23.36050796508789,490400
2025-11-07,FCPT,23.899999618530277,24.209999084472656,23.770000457763672,24.170000076293945,23.793657302856445,444700
2025-11-07,FCPT,23.899999618530277,24.209999084472656,23.770000457763672,24.170000076293945,23.793657302856445,444700
2025-11-10,FCPT,24.149999618530277,24.280000686645508,24.0,24.13999938964844,23.764123916625977,469900
2025-11-10,FCPT,24.149999618530277,24.280000686645508,24.0,24.13999938964844,23.764123916625977,469900
2025-11-11,FCPT,24.239999771118164,24.56999969482422,24.190000534057617,24.530000686645508,24.14805221557617,568900
2025-11-11,FCPT,24.239999771118164,24.56999969482422,24.190000534057617,24.530000686645508,24.14805221557617,568900
2025-11-12,FCPT,24.450000762939453,24.479999542236328,23.950000762939453,24.020000457763672,23.645994186401367,851500
2025-11-12,FCPT,24.450000762939453,24.479999542236328,23.950000762939453,24.020000457763672,23.645994186401367,851500
2025-11-13,FCPT,23.81999969482422,24.190000534057617,23.81999969482422,24.1200008392334,23.74443626403809,804300
2025-11-13,FCPT,23.81999969482422,24.190000534057617,23.81999969482422,24.1200008392334,23.74443626403809,804300
2025-11-14,FCPT,24.270000457763672,24.479999542236328,23.8700008392334,24.209999084472656,23.83303451538086,457500
2025-11-14,FCPT,24.270000457763672,24.479999542236328,23.8700008392334,24.209999084472656,23.83303451538086,457500
2025-11-17,FCPT,24.26000022888184,24.299999237060547,23.8700008392334,23.899999618530277,23.52786064147949,916000
2025-11-17,FCPT,24.26000022888184,24.299999237060547,23.8700008392334,23.899999618530277,23.52786064147949,916000
2025-11-18,FCPT,23.899999618530277,24.11000061035156,23.790000915527344,24.06999969482422,23.695215225219727,487900
2025-11-18,FCPT,23.899999618530277,24.11000061035156,23.790000915527344,24.06999969482422,23.695215225219727,487900
2025-11-19,FCPT,24.0,24.030000686645508,23.690000534057617,23.770000457763672,23.399887084960938,552200
2025-11-19,FCPT,24.0,24.030000686645508,23.690000534057617,23.770000457763672,23.399887084960938,552200
2025-11-20,FCPT,23.799999237060547,23.920000076293945,23.549999237060547,23.57999992370605,23.21284484863281,607500
2025-11-20,FCPT,23.799999237060547,23.920000076293945,23.549999237060547,23.57999992370605,23.21284484863281,607500
2025-11-21,FCPT,23.799999237060547,24.15999984741211,23.6299991607666,24.01000022888184,23.63614845275879,967100
2025-11-21,FCPT,23.799999237060547,24.15999984741211,23.6299991607666,24.01000022888184,23.63614845275879,967100
2025-11-24,FCPT,23.979999542236328,24.149999618530277,23.76000022888184,23.959999084472656,23.58692741394043,1007200
2025-11-24,FCPT,23.979999542236328,24.149999618530277,23.76000022888184,23.959999084472656,23.58692741394043,1007200
2025-11-25,FCPT,23.979999542236328,24.34000015258789,23.979999542236328,24.030000686645508,23.655838012695312,568000
2025-11-25,FCPT,23.979999542236328,24.34000015258789,23.979999542236328,24.030000686645508,23.655838012695312,568000
2025-11-26,FCPT,23.959999084472656,24.26000022888184,23.959999084472656,24.01000022888184,23.63614845275879,877400
2025-11-26,FCPT,23.959999084472656,24.26000022888184,23.959999084472656,24.01000022888184,23.63614845275879,877400
2025-11-28,FCPT,23.940000534057617,24.06999969482422,23.899999618530277,24.040000915527344,23.665681838989254,397300
2025-11-28,FCPT,23.940000534057617,24.06999969482422,23.899999618530277,24.040000915527344,23.665681838989254,397300
2025-12-01,FCPT,23.84000015258789,24.01000022888184,23.75,23.76000022888184,23.39004135131836,598900
2025-12-01,FCPT,23.84000015258789,24.01000022888184,23.75,23.76000022888184,23.39004135131836,598900
2025-12-02,FCPT,23.920000076293945,23.950000762939453,23.56999969482422,23.600000381469727,23.232532501220703,547300
2025-12-02,FCPT,23.920000076293945,23.950000762939453,23.56999969482422,23.600000381469727,23.232532501220703,547300
2025-12-03,FCPT,23.739999771118164,24.1299991607666,23.450000762939453,23.530000686645508,23.163623809814453,497000
2025-12-03,FCPT,23.739999771118164,24.1299991607666,23.450000762939453,23.530000686645508,23.163623809814453,497000
2025-12-04,FCPT,23.559999465942383,23.600000381469727,23.25,23.36000061035156,22.99627113342285,636200
2025-12-04,FCPT,23.559999465942383,23.600000381469727,23.25,23.36000061035156,22.99627113342285,636200
2025-12-05,FCPT,23.239999771118164,23.489999771118164,23.049999237060547,23.07999992370605,22.72062873840332,656700
2025-12-05,FCPT,23.239999771118164,23.489999771118164,23.049999237060547,23.07999992370605,22.72062873840332,656700
2025-12-08,FCPT,23.100000381469727,23.200000762939453,22.799999237060547,22.88999938964844,22.533586502075195,747400
2025-12-08,FCPT,23.100000381469727,23.200000762939453,22.799999237060547,22.88999938964844,22.533586502075195,747400
2025-12-09,FCPT,22.989999771118164,23.229999542236328,22.920000076293945,23.0,22.641876220703125,739300
2025-12-09,FCPT,22.989999771118164,23.229999542236328,22.920000076293945,23.0,22.641876220703125,739300
2025-12-10,FCPT,22.950000762939453,23.18000030517578,22.920000076293945,23.100000381469727,22.740318298339844,1206500
2025-12-10,FCPT,22.950000762939453,23.18000030517578,22.920000076293945,23.100000381469727,22.740318298339844,1206500
2025-12-11,FCPT,23.21999931335449,23.3799991607666,22.93000030517578,23.01000022888184,22.65172004699707,873500
2025-12-11,FCPT,23.21999931335449,23.3799991607666,22.93000030517578,23.01000022888184,22.65172004699707,873500
2025-12-12,FCPT,23.11000061035156,23.32999992370605,22.88999938964844,23.059999465942383,22.70094108581543,1003700
2025-12-12,FCPT,23.11000061035156,23.32999992370605,22.88999938964844,23.059999465942383,22.70094108581543,1003700
2025-12-15,FCPT,23.209999084472656,23.36000061035156,23.06999969482422,23.270000457763672,22.907670974731445,820400
2025-12-15,FCPT,23.209999084472656,23.36000061035156,23.06999969482422,23.270000457763672,22.907670974731445,820400
2025-12-16,FCPT,23.3799991607666,23.3799991607666,22.950000762939453,22.979999542236328,22.6221866607666,615400
2025-12-16,FCPT,23.3799991607666,23.3799991607666,22.950000762939453,22.979999542236328,22.6221866607666,615400
2025-12-17,FCPT,22.899999618530277,23.540000915527344,22.86000061035156,23.450000762939453,23.084869384765625,750700
2025-12-17,FCPT,22.899999618530277,23.540000915527344,22.86000061035156,23.450000762939453,23.084869384765625,750700
2025-12-18,FCPT,23.540000915527344,23.65999984741211,23.309999465942383,23.36000061035156,22.99627113342285,892200
2025-12-18,FCPT,23.540000915527344,23.65999984741211,23.309999465942383,23.36000061035156,22.99627113342285,892200
2025-12-19,FCPT,23.280000686645508,23.40999984741211,23.229999542236328,23.280000686645508,22.917516708374023,2624100
2025-12-19,FCPT,23.280000686645508,23.40999984741211,23.229999542236328,23.280000686645508,22.917516708374023,2624100
2025-12-22,FCPT,23.149999618530277,23.440000534057617,23.1299991607666,23.440000534057617,23.07502555847168,1079300
2025-12-22,FCPT,23.149999618530277,23.440000534057617,23.1299991607666,23.440000534057617,23.07502555847168,1079300
2025-12-23,FCPT,23.399999618530277,23.489999771118164,23.040000915527344,23.270000457763672,22.907670974731445,1754300
2025-12-23,FCPT,23.399999618530277,23.489999771118164,23.040000915527344,23.270000457763672,22.907670974731445,1754300
2025-12-24,FCPT,23.3799991607666,23.459999084472656,23.270000457763672,23.420000076293945,23.05533599853516,567800
2025-12-24,FCPT,23.3799991607666,23.459999084472656,23.270000457763672,23.420000076293945,23.05533599853516,567800
2025-12-26,FCPT,23.420000076293945,23.520000457763672,23.32999992370605,23.43000030517578,23.0651798248291,657800
2025-12-26,FCPT,23.420000076293945,23.520000457763672,23.32999992370605,23.43000030517578,23.0651798248291,657800
2025-12-29,FCPT,23.489999771118164,23.61000061035156,23.3700008392334,23.479999542236328,23.11440086364746,864100
2025-12-29,FCPT,23.489999771118164,23.61000061035156,23.3700008392334,23.479999542236328,23.11440086364746,864100
2025-12-30,FCPT,23.489999771118164,23.61000061035156,23.450000762939453,23.56999969482422,23.202999114990234,744100
2025-12-30,FCPT,23.489999771118164,23.61000061035156,23.450000762939453,23.56999969482422,23.202999114990234,744100
2025-12-31,FCPT,23.270000457763672,23.280000686645508,23.0,23.059999465942383,23.059999465942383,705000
2025-12-31,FCPT,23.270000457763672,23.280000686645508,23.0,23.059999465942383,23.059999465942383,705000
2026-01-02,FCPT,23.059999465942383,23.3700008392334,22.780000686645508,23.239999771118164,23.239999771118164,873100
2026-01-02,FCPT,23.059999465942383,23.3700008392334,22.780000686645508,23.239999771118164,23.239999771118164,873100
2026-01-05,FCPT,23.15999984741211,23.290000915527344,22.920000076293945,23.290000915527344,23.290000915527344,1100300
2026-01-05,FCPT,23.15999984741211,23.290000915527344,22.920000076293945,23.290000915527344,23.290000915527344,1100300
2026-01-06,FCPT,23.190000534057617,23.51000022888184,23.1200008392334,23.489999771118164,23.489999771118164,776000
2026-01-06,FCPT,23.190000534057617,23.51000022888184,23.1200008392334,23.489999771118164,23.489999771118164,776000
2026-01-07,FCPT,23.59000015258789,23.71999931335449,23.420000076293945,23.5,23.5,843000
2026-01-07,FCPT,23.59000015258789,23.71999931335449,23.420000076293945,23.5,23.5,843000
2026-01-08,FCPT,23.3799991607666,23.950000762939453,23.3799991607666,23.920000076293945,23.920000076293945,623400
2026-01-08,FCPT,23.3799991607666,23.950000762939453,23.3799991607666,23.920000076293945,23.920000076293945,623400
2026-01-09,FCPT,23.93000030517578,24.18000030517578,23.8700008392334,23.959999084472656,23.959999084472656,1431800
2026-01-09,FCPT,23.93000030517578,24.18000030517578,23.8700008392334,23.959999084472656,23.959999084472656,1431800
2026-01-12,FCPT,24.030000686645508,24.38999938964844,23.84000015258789,24.229999542236328,24.229999542236328,1087100
2026-01-12,FCPT,24.030000686645508,24.38999938964844,23.84000015258789,24.229999542236328,24.229999542236328,1087100
2026-01-13,FCPT,24.309999465942383,24.709999084472656,24.21999931335449,24.38999938964844,24.38999938964844,1167700
2026-01-13,FCPT,24.309999465942383,24.709999084472656,24.21999931335449,24.38999938964844,24.38999938964844,1167700
2026-01-14,FCPT,24.399999618530277,24.6299991607666,24.18000030517578,24.479999542236328,24.479999542236328,1143900
2026-01-14,FCPT,24.399999618530277,24.6299991607666,24.18000030517578,24.479999542236328,24.479999542236328,1143900
2026-01-15,FCPT,24.450000762939453,24.96999931335449,24.3700008392334,24.90999984741211,24.90999984741211,1216800
2026-01-15,FCPT,24.450000762939453,24.96999931335449,24.3700008392334,24.90999984741211,24.90999984741211,1216800
2026-01-16,FCPT,24.809999465942383,24.950000762939453,24.520000457763672,24.799999237060547,24.799999237060547,1745300
2026-01-16,FCPT,24.809999465942383,24.950000762939453,24.520000457763672,24.799999237060547,24.799999237060547,1745300
2026-01-20,FCPT,24.6200008392334,24.809999465942383,24.530000686645508,24.709999084472656,24.709999084472656,865700
2026-01-20,FCPT,24.6200008392334,24.809999465942383,24.530000686645508,24.709999084472656,24.709999084472656,865700
2026-01-21,FCPT,24.71999931335449,24.809999465942383,24.32999992370605,24.600000381469727,24.600000381469727,981500
2026-01-21,FCPT,24.71999931335449,24.809999465942383,24.32999992370605,24.600000381469727,24.600000381469727,981500
2026-01-22,FCPT,24.57999992370605,24.690000534057617,24.26000022888184,24.280000686645508,24.280000686645508,690400
2026-01-22,FCPT,24.57999992370605,24.690000534057617,24.26000022888184,24.280000686645508,24.280000686645508,690400
2026-01-23,FCPT,24.229999542236328,24.440000534057617,24.15999984741211,24.43000030517578,24.43000030517578,688300
2026-01-23,FCPT,24.229999542236328,24.440000534057617,24.15999984741211,24.43000030517578,24.43000030517578,688300
2026-01-26,FCPT,24.3700008392334,24.520000457763672,24.15999984741211,24.31999969482422,24.31999969482422,686300
2026-01-26,FCPT,24.3700008392334,24.520000457763672,24.15999984741211,24.31999969482422,24.31999969482422,686300
2026-01-27,FCPT,24.26000022888184,24.420000076293945,24.18000030517578,24.31999969482422,24.31999969482422,534800
2026-01-27,FCPT,24.26000022888184,24.420000076293945,24.18000030517578,24.31999969482422,24.31999969482422,534800
2026-01-28,FCPT,24.34000015258789,24.3700008392334,23.850000381469727,23.940000534057617,23.940000534057617,865400
2026-01-28,FCPT,24.34000015258789,24.3700008392334,23.850000381469727,23.940000534057617,23.940000534057617,865400
2026-01-29,FCPT,24.059999465942383,24.32999992370605,23.920000076293945,24.190000534057617,24.190000534057617,849300
2026-01-29,FCPT,24.059999465942383,24.32999992370605,23.920000076293945,24.190000534057617,24.190000534057617,849300
2026-01-30,FCPT,24.229999542236328,24.739999771118164,24.0,24.649999618530277,24.649999618530277,1103100
2026-01-30,FCPT,24.229999542236328,24.739999771118164,24.0,24.649999618530277,24.649999618530277,1103100
2026-02-02,FCPT,24.59000015258789,24.770000457763672,24.40999984741211,24.5,24.5,695100
2026-02-02,FCPT,24.59000015258789,24.770000457763672,24.40999984741211,24.5,24.5,695100
2026-02-03,FCPT,24.420000076293945,24.729999542236328,24.31999969482422,24.51000022888184,24.51000022888184,793700
2026-02-03,FCPT,24.420000076293945,24.729999542236328,24.31999969482422,24.51000022888184,24.51000022888184,793700
2026-02-04,FCPT,24.729999542236328,25.07999992370605,24.56999969482422,24.8799991607666,24.8799991607666,512700
2026-02-04,FCPT,24.729999542236328,25.07999992370605,24.56999969482422,24.8799991607666,24.8799991607666,512700
2026-02-05,FCPT,25.020000457763672,25.5,24.790000915527344,25.489999771118164,25.489999771118164,641900
2026-02-05,FCPT,25.020000457763672,25.5,24.790000915527344,25.489999771118164,25.489999771118164,641900
2026-02-06,FCPT,25.59000015258789,25.690000534057617,25.25,25.34000015258789,25.34000015258789,609000
2026-02-06,FCPT,25.59000015258789,25.690000534057617,25.25,25.34000015258789,25.34000015258789,609000
2026-02-09,FCPT,25.31999969482422,25.3700008392334,25.030000686645508,25.239999771118164,25.239999771118164,380400
2026-02-09,FCPT,25.31999969482422,25.3700008392334,25.030000686645508,25.239999771118164,25.239999771118164,380400
2026-02-10,FCPT,25.21999931335449,25.57999992370605,25.1299991607666,25.34000015258789,25.34000015258789,518900
2026-02-10,FCPT,25.21999931335449,25.57999992370605,25.1299991607666,25.34000015258789,25.34000015258789,518900
2026-02-11,FCPT,25.32999992370605,25.32999992370605,25.149999618530277,25.25,25.25,838900
2026-02-11,FCPT,25.32999992370605,25.32999992370605,25.149999618530277,25.25,25.25,838900
2026-02-12,FCPT,25.3700008392334,25.440000534057617,23.96999931335449,24.420000076293945,24.420000076293945,2296200
2026-02-12,FCPT,25.3700008392334,25.440000534057617,23.96999931335449,24.420000076293945,24.420000076293945,2296200
2026-02-13,FCPT,24.600000381469727,24.799999237060547,24.299999237060547,24.3700008392334,24.3700008392334,1622000
2026-02-13,FCPT,24.600000381469727,24.799999237060547,24.299999237060547,24.3700008392334,24.3700008392334,1622000
2026-02-17,FCPT,24.700000762939453,25.06999969482422,24.38999938964844,25.059999465942383,25.059999465942383,1256900
2026-02-17,FCPT,24.700000762939453,25.06999969482422,24.38999938964844,25.059999465942383,25.059999465942383,1256900
2026-02-18,FCPT,24.86000061035156,25.020000457763672,24.530000686645508,24.71999931335449,24.71999931335449,1229200
2026-02-18,FCPT,24.86000061035156,25.020000457763672,24.530000686645508,24.71999931335449,24.71999931335449,1229200
2026-02-19,FCPT,25.270000457763672,25.40999984741211,24.920000076293945,25.049999237060547,25.049999237060547,1074200
2026-02-19,FCPT,25.270000457763672,25.40999984741211,24.920000076293945,25.049999237060547,25.049999237060547,1074200
2026-02-20,FCPT,25.13999938964844,25.290000915527344,24.899999618530277,25.26000022888184,25.26000022888184,965900
2026-02-20,FCPT,25.13999938964844,25.290000915527344,24.899999618530277,25.26000022888184,25.26000022888184,965900
2026-02-23,FCPT,25.26000022888184,25.6200008392334,25.239999771118164,25.420000076293945,25.420000076293945,558200
2026-02-23,FCPT,25.26000022888184,25.6200008392334,25.239999771118164,25.420000076293945,25.420000076293945,558200
2026-02-24,FCPT,25.43000030517578,25.56999969482422,25.200000762939453,25.40999984741211,25.40999984741211,649700
2026-02-24,FCPT,25.43000030517578,25.56999969482422,25.200000762939453,25.40999984741211,25.40999984741211,649700
2026-02-25,FCPT,25.32999992370605,25.6200008392334,24.959999084472656,25.56999969482422,25.56999969482422,694500
2026-02-25,FCPT,25.32999992370605,25.6200008392334,24.959999084472656,25.56999969482422,25.56999969482422,694500
2026-02-26,FCPT,25.68000030517578,25.81999969482422,25.51000022888184,25.57999992370605,25.57999992370605,703100
2026-02-26,FCPT,25.68000030517578,25.81999969482422,25.51000022888184,25.57999992370605,25.57999992370605,703100
