Date,Ticker,Open,High,Low,Close,Adj Close,Volume
2015-07-06,KHC,71.0,74.29000091552734,71.0,72.95999908447266,45.96123504638672,3809700
2015-07-06,KHC,71.0,74.29000091552734,71.0,72.95999908447266,45.96123504638672,3809700
2015-07-07,KHC,73.7300033569336,74.70999908447266,72.95999908447266,74.62999725341797,47.01325225830078,5794300
2015-07-07,KHC,73.7300033569336,74.70999908447266,72.95999908447266,74.62999725341797,47.01325225830078,5794300
2015-07-08,KHC,74.30000305175781,75.5,74.04000091552734,75.4000015258789,47.498321533203125,4276600
2015-07-08,KHC,74.30000305175781,75.5,74.04000091552734,75.4000015258789,47.498321533203125,4276600
2015-07-09,KHC,76.47000122070312,77.06600189208984,74.5,74.80000305175781,47.12035369873047,4267100
2015-07-09,KHC,76.47000122070312,77.06600189208984,74.5,74.80000305175781,47.12035369873047,4267100
2015-07-10,KHC,75.05000305175781,77.80000305175781,75.0,77.30999755859375,48.70153045654297,4983000
2015-07-10,KHC,75.05000305175781,77.80000305175781,75.0,77.30999755859375,48.70153045654297,4983000
2015-07-13,KHC,79.5,79.69999694824219,77.91000366210938,78.83000183105469,49.659061431884766,9078900
2015-07-13,KHC,79.5,79.69999694824219,77.91000366210938,78.83000183105469,49.659061431884766,9078900
2015-07-14,KHC,79.44999694824219,79.5,77.6500015258789,78.0,49.136192321777344,18746100
2015-07-14,KHC,79.44999694824219,79.5,77.6500015258789,78.0,49.136192321777344,18746100
2015-07-15,KHC,77.6500015258789,78.16999816894531,76.4000015258789,76.70999908447266,48.32355117797852,6330500
2015-07-15,KHC,77.6500015258789,78.16999816894531,76.4000015258789,76.70999908447266,48.32355117797852,6330500
2015-07-16,KHC,76.97000122070312,78.83999633789062,76.94999694824219,78.75,49.60865020751953,5634100
2015-07-16,KHC,76.97000122070312,78.83999633789062,76.94999694824219,78.75,49.60865020751953,5634100
2015-07-17,KHC,79.43000030517578,79.69000244140625,77.26000213623047,79.62999725341797,50.16300201416016,6100900
2015-07-17,KHC,79.43000030517578,79.69000244140625,77.26000213623047,79.62999725341797,50.16300201416016,6100900
2015-07-20,KHC,79.94999694824219,81.19999694824219,79.12999725341797,80.11000061035156,50.46538162231445,10284500
2015-07-20,KHC,79.94999694824219,81.19999694824219,79.12999725341797,80.11000061035156,50.46538162231445,10284500
2015-07-21,KHC,79.97000122070312,80.68000030517578,79.4000015258789,80.22000122070312,50.53468704223633,6088600
2015-07-21,KHC,79.97000122070312,80.68000030517578,79.4000015258789,80.22000122070312,50.53468704223633,6088600
2015-07-22,KHC,80.83000183105469,80.9000015258789,78.58000183105469,78.63999938964844,49.53936004638672,5201200
2015-07-22,KHC,80.83000183105469,80.9000015258789,78.58000183105469,78.63999938964844,49.53936004638672,5201200
2015-07-23,KHC,78.41999816894531,78.56999969482422,76.63999938964844,76.73999786376953,48.68292999267578,2975400
2015-07-23,KHC,78.41999816894531,78.56999969482422,76.63999938964844,76.73999786376953,48.68292999267578,2975400
2015-07-24,KHC,76.91999816894531,77.43000030517578,75.94999694824219,76.41000366210938,48.47358703613281,3116000
2015-07-24,KHC,76.91999816894531,77.43000030517578,75.94999694824219,76.41000366210938,48.47358703613281,3116000
2015-07-27,KHC,76.62999725341797,77.9800033569336,76.29000091552734,77.37999725341797,49.08893203735352,5774300
2015-07-27,KHC,76.62999725341797,77.9800033569336,76.29000091552734,77.37999725341797,49.08893203735352,5774300
2015-07-28,KHC,78.44000244140625,78.6500015258789,77.5,78.31999969482422,49.68526458740234,1895900
2015-07-28,KHC,78.44000244140625,78.6500015258789,77.5,78.31999969482422,49.68526458740234,1895900
2015-07-29,KHC,78.26000213623047,78.30000305175781,77.0,77.91000366210938,49.42517852783203,2278600
2015-07-29,KHC,78.26000213623047,78.30000305175781,77.0,77.91000366210938,49.42517852783203,2278600
2015-07-30,KHC,78.20999908447266,79.69000244140625,77.5999984741211,79.20999908447266,50.24987411499024,3247000
2015-07-30,KHC,78.20999908447266,79.69000244140625,77.5999984741211,79.20999908447266,50.24987411499024,3247000
2015-07-31,KHC,79.94000244140625,79.94000244140625,78.86499786376953,79.47000122070312,50.414798736572266,2685500
2015-07-31,KHC,79.94000244140625,79.94000244140625,78.86499786376953,79.47000122070312,50.414798736572266,2685500
2015-08-03,KHC,80.0,81.02999877929688,79.91000366210938,80.37000274658203,50.98577117919922,2681800
2015-08-03,KHC,80.0,81.02999877929688,79.91000366210938,80.37000274658203,50.98577117919922,2681800
2015-08-04,KHC,80.56999969482422,81.0,79.66999816894531,79.80999755859375,50.63050842285156,2429600
2015-08-04,KHC,80.56999969482422,81.0,79.66999816894531,79.80999755859375,50.63050842285156,2429600
2015-08-05,KHC,80.01000213623047,81.0,79.8499984741211,80.4800033569336,51.05556106567383,4324300
2015-08-05,KHC,80.01000213623047,81.0,79.8499984741211,80.4800033569336,51.05556106567383,4324300
2015-08-06,KHC,81.05000305175781,81.19000244140625,79.51000213623047,79.76000213623047,50.59878540039063,3708600
2015-08-06,KHC,81.05000305175781,81.19000244140625,79.51000213623047,79.76000213623047,50.59878540039063,3708600
2015-08-07,KHC,79.13999938964844,79.37999725341797,77.29000091552734,78.45999908447266,49.77408218383789,3274100
2015-08-07,KHC,79.13999938964844,79.37999725341797,77.29000091552734,78.45999908447266,49.77408218383789,3274100
2015-08-10,KHC,79.43000030517578,79.80000305175781,78.56999969482422,78.80999755859375,49.99611282348633,3252300
2015-08-10,KHC,79.43000030517578,79.80000305175781,78.56999969482422,78.80999755859375,49.99611282348633,3252300
2015-08-11,KHC,77.62999725341797,80.4800033569336,77.06999969482422,77.97000122070312,49.46322250366211,3889100
2015-08-11,KHC,77.62999725341797,80.4800033569336,77.06999969482422,77.97000122070312,49.46322250366211,3889100
2015-08-12,KHC,77.83000183105469,78.30999755859375,76.08999633789062,76.69000244140625,48.65122222900391,3688800
2015-08-12,KHC,77.83000183105469,78.30999755859375,76.08999633789062,76.69000244140625,48.65122222900391,3688800
2015-08-13,KHC,77.01000213623047,77.06999969482422,75.80000305175781,75.98999786376953,48.20713424682617,2917500
2015-08-13,KHC,77.01000213623047,77.06999969482422,75.80000305175781,75.98999786376953,48.20713424682617,2917500
2015-08-14,KHC,76.06999969482422,76.73999786376953,75.11699676513672,76.41999816894531,48.47993087768555,2572800
2015-08-14,KHC,76.06999969482422,76.73999786376953,75.11699676513672,76.41999816894531,48.47993087768555,2572800
2015-08-17,KHC,75.86000061035156,76.41000366210938,75.51000213623047,75.80000305175781,48.08660888671875,2260300
2015-08-17,KHC,75.86000061035156,76.41000366210938,75.51000213623047,75.80000305175781,48.08660888671875,2260300
2015-08-18,KHC,75.72000122070312,75.9530029296875,75.05999755859375,75.19000244140625,47.69962310791016,2009700
2015-08-18,KHC,75.72000122070312,75.9530029296875,75.05999755859375,75.19000244140625,47.69962310791016,2009700
2015-08-19,KHC,75.0,75.29000091552734,73.91999816894531,74.77999877929688,47.43952560424805,3025700
2015-08-19,KHC,75.0,75.29000091552734,73.91999816894531,74.77999877929688,47.43952560424805,3025700
2015-08-20,KHC,74.0199966430664,74.76399993896484,73.77999877929688,74.25,47.103302001953125,2207000
2015-08-20,KHC,74.0199966430664,74.76399993896484,73.77999877929688,74.25,47.103302001953125,2207000
2015-08-21,KHC,73.30999755859375,74.25,72.26000213623047,72.2699966430664,45.84722518920898,5564500
2015-08-21,KHC,73.30999755859375,74.25,72.26000213623047,72.2699966430664,45.84722518920898,5564500
2015-08-24,KHC,68.23999786376953,72.23999786376953,61.41999816894531,70.87000274658203,44.95907974243164,9844600
2015-08-24,KHC,68.23999786376953,72.23999786376953,61.41999816894531,70.87000274658203,44.95907974243164,9844600
2015-08-25,KHC,71.54000091552734,72.4000015258789,70.0,70.20999908447266,44.54038238525391,4423400
2015-08-25,KHC,71.54000091552734,72.4000015258789,70.0,70.20999908447266,44.54038238525391,4423400
2015-08-26,KHC,71.72000122070312,74.11000061035156,69.52999877929688,73.91000366210938,46.88761138916016,5356300
2015-08-26,KHC,71.72000122070312,74.11000061035156,69.52999877929688,73.91000366210938,46.88761138916016,5356300
2015-08-27,KHC,73.16999816894531,75.25,73.12000274658203,75.18000030517578,47.69329452514648,5937800
2015-08-27,KHC,73.16999816894531,75.25,73.12000274658203,75.18000030517578,47.69329452514648,5937800
2015-08-28,KHC,74.4000015258789,75.19000244140625,73.81999969482422,74.69000244140625,47.382450103759766,2150100
2015-08-28,KHC,74.4000015258789,75.19000244140625,73.81999969482422,74.69000244140625,47.382450103759766,2150100
2015-08-31,KHC,74.20999908447266,74.43000030517578,72.56999969482422,72.66000366210938,46.09462356567383,2688400
2015-08-31,KHC,74.20999908447266,74.43000030517578,72.56999969482422,72.66000366210938,46.09462356567383,2688400
2015-09-01,KHC,71.2300033569336,72.54000091552734,69.63999938964844,70.12000274658203,44.48328399658203,4671400
2015-09-01,KHC,71.2300033569336,72.54000091552734,69.63999938964844,70.12000274658203,44.48328399658203,4671400
2015-09-02,KHC,70.83999633789062,72.06999969482422,70.30999755859375,72.06999969482422,45.7203369140625,2986500
2015-09-02,KHC,70.83999633789062,72.06999969482422,70.30999755859375,72.06999969482422,45.7203369140625,2986500
2015-09-03,KHC,72.55999755859375,73.88999938964844,71.79000091552734,72.16000366210938,45.777442932128906,2595300
2015-09-03,KHC,72.55999755859375,73.88999938964844,71.79000091552734,72.16000366210938,45.777442932128906,2595300
2015-09-04,KHC,71.13999938964844,71.69000244140625,70.12899780273438,70.56999969482422,44.76876449584961,2997000
2015-09-04,KHC,71.13999938964844,71.69000244140625,70.12899780273438,70.56999969482422,44.76876449584961,2997000
2015-09-08,KHC,71.8499984741211,74.33000183105469,70.80999755859375,74.06999969482422,46.9891242980957,4450700
2015-09-08,KHC,71.8499984741211,74.33000183105469,70.80999755859375,74.06999969482422,46.9891242980957,4450700
2015-09-09,KHC,74.44999694824219,74.5,71.9800033569336,72.16999816894531,45.78377151489258,2936400
2015-09-09,KHC,74.44999694824219,74.5,71.9800033569336,72.16999816894531,45.78377151489258,2936400
2015-09-10,KHC,72.12999725341797,73.05000305175781,71.77999877929688,72.16000366210938,45.777442932128906,3619700
2015-09-10,KHC,72.12999725341797,73.05000305175781,71.77999877929688,72.16000366210938,45.777442932128906,3619700
2015-09-11,KHC,72.25,73.93000030517578,71.5999984741211,73.76000213623047,46.79245376586914,2146700
2015-09-11,KHC,72.25,73.93000030517578,71.5999984741211,73.76000213623047,46.79245376586914,2146700
2015-09-14,KHC,73.5,74.70999908447266,72.55500030517578,74.55000305175781,47.29363250732422,2927400
2015-09-14,KHC,73.5,74.70999908447266,72.55500030517578,74.55000305175781,47.29363250732422,2927400
2015-09-15,KHC,74.94000244140625,75.5199966430664,73.75499725341797,75.38999938964844,47.82651138305664,3393300
2015-09-15,KHC,74.94000244140625,75.5199966430664,73.75499725341797,75.38999938964844,47.82651138305664,3393300
2015-09-16,KHC,75.19999694824219,76.70999908447266,74.30000305175781,76.37000274658203,48.44820785522461,2302800
2015-09-16,KHC,75.19999694824219,76.70999908447266,74.30000305175781,76.37000274658203,48.44820785522461,2302800
2015-09-17,KHC,76.58000183105469,77.76000213623047,76.0,76.43000030517578,48.48627471923828,3142600
2015-09-17,KHC,76.58000183105469,77.76000213623047,76.0,76.43000030517578,48.48627471923828,3142600
2015-09-18,KHC,75.55000305175781,76.5,75.01000213623047,75.44000244140625,47.85822296142578,7231700
2015-09-18,KHC,75.55000305175781,76.5,75.01000213623047,75.44000244140625,47.85822296142578,7231700
2015-09-21,KHC,75.69000244140625,76.19000244140625,74.95999908447266,75.19999694824219,47.70597457885742,3256300
2015-09-21,KHC,75.69000244140625,76.19000244140625,74.95999908447266,75.19999694824219,47.70597457885742,3256300
2015-09-22,KHC,74.1500015258789,74.87000274658203,73.66000366210938,74.30999755859375,47.14136505126953,2628700
2015-09-22,KHC,74.1500015258789,74.87000274658203,73.66000366210938,74.30999755859375,47.14136505126953,2628700
2015-09-23,KHC,74.16999816894531,74.5979995727539,73.25499725341797,73.30999755859375,46.50696563720703,3713200
2015-09-23,KHC,74.16999816894531,74.5979995727539,73.25499725341797,73.30999755859375,46.50696563720703,3713200
2015-09-24,KHC,73.0,73.13999938964844,71.69999694824219,72.91999816894531,46.259559631347656,4416100
2015-09-24,KHC,73.0,73.13999938964844,71.69999694824219,72.91999816894531,46.259559631347656,4416100
2015-09-25,KHC,73.80000305175781,73.8499984741211,72.77999877929688,73.3499984741211,46.53236389160156,3517000
2015-09-25,KHC,73.80000305175781,73.8499984741211,72.77999877929688,73.3499984741211,46.53236389160156,3517000
2015-09-28,KHC,72.80999755859375,73.2699966430664,69.98999786376953,69.98999786376953,44.40081405639648,5006600
2015-09-28,KHC,72.80999755859375,73.2699966430664,69.98999786376953,69.98999786376953,44.40081405639648,5006600
2015-09-29,KHC,70.16000366210938,70.9800033569336,68.6500015258789,69.19999694824219,43.899635314941406,3870900
2015-09-29,KHC,70.16000366210938,70.9800033569336,68.6500015258789,69.19999694824219,43.899635314941406,3870900
2015-09-30,KHC,69.66999816894531,70.80000305175781,69.45999908447266,70.58000183105469,44.77510452270508,3132800
2015-09-30,KHC,69.66999816894531,70.80000305175781,69.45999908447266,70.58000183105469,44.77510452270508,3132800
2015-10-01,KHC,71.2699966430664,71.97000122070312,69.7699966430664,70.83000183105469,44.93370056152344,2519700
2015-10-01,KHC,71.2699966430664,71.97000122070312,69.7699966430664,70.83000183105469,44.93370056152344,2519700
2015-10-02,KHC,70.19000244140625,71.45999908447266,69.37000274658203,71.41000366210938,45.3016471862793,2593100
2015-10-02,KHC,70.19000244140625,71.45999908447266,69.37000274658203,71.41000366210938,45.3016471862793,2593100
2015-10-05,KHC,72.0,73.25,71.3499984741211,72.23999786376953,45.82817840576172,6323500
2015-10-05,KHC,72.0,73.25,71.3499984741211,72.23999786376953,45.82817840576172,6323500
2015-10-06,KHC,72.29000091552734,73.05000305175781,71.88999938964844,72.47000122070312,45.97409439086914,2760200
2015-10-06,KHC,72.29000091552734,73.05000305175781,71.88999938964844,72.47000122070312,45.97409439086914,2760200
2015-10-07,KHC,72.73999786376953,73.73999786376953,72.4800033569336,73.1500015258789,46.40548706054688,2325200
2015-10-07,KHC,72.73999786376953,73.73999786376953,72.4800033569336,73.1500015258789,46.40548706054688,2325200
2015-10-08,KHC,73.16000366210938,74.47000122070312,72.73999786376953,74.43000030517578,47.21749496459961,2239700
2015-10-08,KHC,73.16000366210938,74.47000122070312,72.73999786376953,74.43000030517578,47.21749496459961,2239700
2015-10-09,KHC,74.41000366210938,75.22000122070312,73.98999786376953,74.38999938964844,47.19212341308594,2938100
2015-10-09,KHC,74.41000366210938,75.22000122070312,73.98999786376953,74.38999938964844,47.19212341308594,2938100
2015-10-12,KHC,74.41000366210938,74.41000366210938,73.30999755859375,73.72000122070312,46.76708221435547,2081100
2015-10-12,KHC,74.41000366210938,74.41000366210938,73.30999755859375,73.72000122070312,46.76708221435547,2081100
2015-10-13,KHC,73.61000061035156,73.93000030517578,73.18000030517578,73.37999725341797,46.55138397216797,2147500
2015-10-13,KHC,73.61000061035156,73.93000030517578,73.18000030517578,73.37999725341797,46.55138397216797,2147500
2015-10-14,KHC,73.12000274658203,74.30000305175781,73.0,73.7699966430664,46.79880142211914,1956800
2015-10-14,KHC,73.12000274658203,74.30000305175781,73.0,73.7699966430664,46.79880142211914,1956800
2015-10-15,KHC,74.1500015258789,75.22000122070312,73.9219970703125,75.22000122070312,47.718658447265625,2135700
2015-10-15,KHC,74.1500015258789,75.22000122070312,73.9219970703125,75.22000122070312,47.718658447265625,2135700
2015-10-16,KHC,75.68000030517578,78.0,74.87000274658203,77.38999938964844,49.09529495239258,3435200
2015-10-16,KHC,75.68000030517578,78.0,74.87000274658203,77.38999938964844,49.09529495239258,3435200
2015-10-19,KHC,76.88999938964844,77.19999694824219,76.29000091552734,76.80000305175781,48.72099304199219,1951900
2015-10-19,KHC,76.88999938964844,77.19999694824219,76.29000091552734,76.80000305175781,48.72099304199219,1951900
2015-10-20,KHC,76.19999694824219,77.16000366210938,76.11000061035156,76.87000274658203,48.76540756225586,1922100
2015-10-20,KHC,76.19999694824219,77.16000366210938,76.11000061035156,76.87000274658203,48.76540756225586,1922100
2015-10-21,KHC,77.0,77.73999786376953,76.62999725341797,77.05000305175781,48.87960052490234,2370100
2015-10-21,KHC,77.0,77.73999786376953,76.62999725341797,77.05000305175781,48.87960052490234,2370100
2015-10-22,KHC,77.22000122070312,79.94000244140625,77.22000122070312,79.94000244140625,50.71297836303711,3951700
2015-10-22,KHC,77.22000122070312,79.94000244140625,77.22000122070312,79.94000244140625,50.71297836303711,3951700
2015-10-23,KHC,79.1500015258789,79.88999938964844,77.43000030517578,77.9800033569336,49.46958160400391,3179000
2015-10-23,KHC,79.1500015258789,79.88999938964844,77.43000030517578,77.9800033569336,49.46958160400391,3179000
2015-10-26,KHC,78.18000030517578,78.18000030517578,76.4800033569336,76.80999755859375,48.727333068847656,2563800
2015-10-26,KHC,78.18000030517578,78.18000030517578,76.4800033569336,76.80999755859375,48.727333068847656,2563800
2015-10-27,KHC,76.20999908447266,77.4800033569336,76.20999908447266,77.16999816894531,48.95572280883789,2435200
2015-10-27,KHC,76.20999908447266,77.4800033569336,76.20999908447266,77.16999816894531,48.95572280883789,2435200
2015-10-28,KHC,77.1500015258789,79.19999694824219,76.33999633789062,79.18000030517578,50.23085403442383,2382000
2015-10-28,KHC,77.1500015258789,79.19999694824219,76.33999633789062,79.18000030517578,50.23085403442383,2382000
2015-10-29,KHC,78.83999633789062,78.99700164794922,77.8489990234375,78.6500015258789,49.894630432128906,1788500
2015-10-29,KHC,78.83999633789062,78.99700164794922,77.8489990234375,78.6500015258789,49.894630432128906,1788500
2015-10-30,KHC,78.37000274658203,78.98999786376953,77.86000061035156,77.97000122070312,49.46322250366211,2053000
2015-10-30,KHC,78.37000274658203,78.98999786376953,77.86000061035156,77.97000122070312,49.46322250366211,2053000
2015-11-02,KHC,78.43000030517578,78.93000030517578,77.72000122070312,78.2699966430664,49.65353775024414,1536500
2015-11-02,KHC,78.43000030517578,78.93000030517578,77.72000122070312,78.2699966430664,49.65353775024414,1536500
2015-11-03,KHC,77.83000183105469,78.0,75.87999725341797,76.43000030517578,48.48627471923828,4489800
2015-11-03,KHC,77.83000183105469,78.0,75.87999725341797,76.43000030517578,48.48627471923828,4489800
2015-11-04,KHC,76.31999969482422,76.66799926757812,75.23999786376953,75.81999969482422,48.09930038452149,2630400
2015-11-04,KHC,76.31999969482422,76.66799926757812,75.23999786376953,75.81999969482422,48.09930038452149,2630400
2015-11-05,KHC,76.19999694824219,76.4990005493164,74.75,75.41999816894531,47.84553527832031,3347200
2015-11-05,KHC,76.19999694824219,76.4990005493164,74.75,75.41999816894531,47.84553527832031,3347200
2015-11-06,KHC,73.75,74.5,71.58000183105469,72.01000213623047,45.68227767944336,8819900
2015-11-06,KHC,73.75,74.5,71.58000183105469,72.01000213623047,45.68227767944336,8819900
2015-11-09,KHC,72.0,72.68000030517578,70.8499984741211,71.23999786376953,45.193790435791016,4231000
2015-11-09,KHC,72.0,72.68000030517578,70.8499984741211,71.23999786376953,45.193790435791016,4231000
2015-11-10,KHC,71.75,72.22000122070312,71.1510009765625,72.08000183105469,45.726680755615234,3470400
2015-11-10,KHC,71.75,72.22000122070312,71.1510009765625,72.08000183105469,45.726680755615234,3470400
2015-11-11,KHC,72.69999694824219,72.86000061035156,71.36000061035156,72.11000061035156,45.745704650878906,3537300
2015-11-11,KHC,72.69999694824219,72.86000061035156,71.36000061035156,72.11000061035156,45.745704650878906,3537300
2015-11-12,KHC,71.18000030517578,71.37799835205078,70.25,70.9000015258789,45.33964538574219,3931500
2015-11-12,KHC,71.18000030517578,71.37799835205078,70.25,70.9000015258789,45.33964538574219,3931500
2015-11-13,KHC,70.62000274658203,71.70999908447266,70.58000183105469,70.7699966430664,45.25650405883789,3008000
2015-11-13,KHC,70.62000274658203,71.70999908447266,70.58000183105469,70.7699966430664,45.25650405883789,3008000
2015-11-16,KHC,71.0199966430664,72.11000061035156,70.94000244140625,71.65499877929688,45.82244873046875,2398400
2015-11-16,KHC,71.0199966430664,72.11000061035156,70.94000244140625,71.65499877929688,45.82244873046875,2398400
2015-11-17,KHC,72.0999984741211,72.12999725341797,70.63999938964844,71.44999694824219,45.69136428833008,4247400
2015-11-17,KHC,72.0999984741211,72.12999725341797,70.63999938964844,71.44999694824219,45.69136428833008,4247400
2015-11-18,KHC,71.83999633789062,73.03500366210938,71.16999816894531,72.58499908447266,46.41718673706055,3780200
2015-11-18,KHC,71.83999633789062,73.03500366210938,71.16999816894531,72.58499908447266,46.41718673706055,3780200
2015-11-19,KHC,73.25,73.7300033569336,72.33999633789062,73.33999633789062,46.89998626708984,2828700
2015-11-19,KHC,73.25,73.7300033569336,72.33999633789062,73.33999633789062,46.89998626708984,2828700
2015-11-20,KHC,74.16999816894531,75.56999969482422,73.4000015258789,73.6500015258789,47.09822845458984,4003200
2015-11-20,KHC,74.16999816894531,75.56999969482422,73.4000015258789,73.6500015258789,47.09822845458984,4003200
2015-11-23,KHC,74.02999877929688,74.54000091552734,73.8949966430664,74.06999969482422,47.366825103759766,2706000
2015-11-23,KHC,74.02999877929688,74.54000091552734,73.8949966430664,74.06999969482422,47.366825103759766,2706000
2015-11-24,KHC,73.7300033569336,74.51000213623047,73.68000030517578,74.47000122070312,47.62260437011719,2863900
2015-11-24,KHC,73.7300033569336,74.51000213623047,73.68000030517578,74.47000122070312,47.62260437011719,2863900
2015-11-25,KHC,74.44999694824219,74.91999816894531,73.8499984741211,74.63999938964844,47.73133087158203,2384100
2015-11-25,KHC,74.44999694824219,74.91999816894531,73.8499984741211,74.63999938964844,47.73133087158203,2384100
2015-11-27,KHC,74.56999969482422,75.0,74.22000122070312,74.61000061035156,47.712135314941406,777300
2015-11-27,KHC,74.56999969482422,75.0,74.22000122070312,74.61000061035156,47.712135314941406,777300
2015-11-30,KHC,74.5199966430664,74.86000061035156,73.5,73.69000244140625,47.12381362915039,4200100
2015-11-30,KHC,74.5199966430664,74.86000061035156,73.5,73.69000244140625,47.12381362915039,4200100
2015-12-01,KHC,74.2300033569336,75.0,73.80000305175781,74.47000122070312,47.62260437011719,3749300
2015-12-01,KHC,74.2300033569336,75.0,73.80000305175781,74.47000122070312,47.62260437011719,3749300
2015-12-02,KHC,74.20999908447266,74.62000274658203,72.91999816894531,73.04000091552734,46.70815658569336,2568600
2015-12-02,KHC,74.20999908447266,74.62000274658203,72.91999816894531,73.04000091552734,46.70815658569336,2568600
2015-12-03,KHC,73.30000305175781,73.68000030517578,71.08999633789062,71.45999908447266,45.697750091552734,3019000
2015-12-03,KHC,73.30000305175781,73.68000030517578,71.08999633789062,71.45999908447266,45.697750091552734,3019000
2015-12-04,KHC,71.4000015258789,72.7300033569336,71.06999969482422,72.22000122070312,46.18377685546875,4495900
2015-12-04,KHC,71.4000015258789,72.7300033569336,71.06999969482422,72.22000122070312,46.18377685546875,4495900
2015-12-07,KHC,71.91999816894531,72.20500183105469,70.8499984741211,71.43000030517578,45.67856979370117,3323600
2015-12-07,KHC,71.91999816894531,72.20500183105469,70.8499984741211,71.43000030517578,45.67856979370117,3323600
2015-12-08,KHC,71.0,71.65499877929688,70.58799743652344,71.52999877929688,45.74251937866211,4519800
2015-12-08,KHC,71.0,71.65499877929688,70.58799743652344,71.52999877929688,45.74251937866211,4519800
2015-12-09,KHC,71.16000366210938,72.16999816894531,70.5,70.9000015258789,45.33964538574219,3940800
2015-12-09,KHC,71.16000366210938,72.16999816894531,70.5,70.9000015258789,45.33964538574219,3940800
2015-12-10,KHC,70.83000183105469,71.33499908447266,70.51000213623047,70.83999633789062,45.30127334594727,2733700
2015-12-10,KHC,70.83000183105469,71.33499908447266,70.51000213623047,70.83999633789062,45.30127334594727,2733700
2015-12-11,KHC,70.08999633789062,70.69000244140625,69.38999938964844,69.69000244140625,44.565860748291016,3756000
2015-12-11,KHC,70.08999633789062,70.69000244140625,69.38999938964844,69.69000244140625,44.565860748291016,3756000
2015-12-14,KHC,70.06999969482422,71.08000183105469,69.7699966430664,70.9749984741211,45.38760757446289,3881600
2015-12-14,KHC,70.06999969482422,71.08000183105469,69.7699966430664,70.9749984741211,45.38760757446289,3881600
2015-12-15,KHC,71.7300033569336,72.75,71.6500015258789,72.01000213623047,46.04947280883789,4168700
2015-12-15,KHC,71.7300033569336,72.75,71.6500015258789,72.01000213623047,46.04947280883789,4168700
2015-12-16,KHC,72.61000061035156,73.19999694824219,71.88999938964844,73.01000213623047,46.68898010253906,2176900
2015-12-16,KHC,72.61000061035156,73.19999694824219,71.88999938964844,73.01000213623047,46.68898010253906,2176900
2015-12-17,KHC,72.94999694824219,73.30000305175781,71.9000015258789,71.91999816894531,45.99192428588867,2402700
2015-12-17,KHC,72.94999694824219,73.30000305175781,71.9000015258789,71.91999816894531,45.99192428588867,2402700
2015-12-18,KHC,71.41999816894531,71.94000244140625,70.62999725341797,70.66999816894531,45.19255447387695,6568300
2015-12-18,KHC,71.41999816894531,71.94000244140625,70.62999725341797,70.66999816894531,45.19255447387695,6568300
2015-12-21,KHC,70.5199966430664,71.66000366210938,70.37000274658203,71.37999725341797,46.021034240722656,5466900
2015-12-21,KHC,70.5199966430664,71.66000366210938,70.37000274658203,71.37999725341797,46.021034240722656,5466900
2015-12-22,KHC,71.63999938964844,73.19000244140625,71.31500244140625,72.93000030517578,47.0203742980957,5053300
2015-12-22,KHC,71.63999938964844,73.19000244140625,71.31500244140625,72.93000030517578,47.0203742980957,5053300
2015-12-23,KHC,73.30000305175781,74.77999877929688,72.98999786376953,74.51000213623047,48.03904724121094,4193400
2015-12-23,KHC,73.30000305175781,74.77999877929688,72.98999786376953,74.51000213623047,48.03904724121094,4193400
2015-12-24,KHC,74.80999755859375,74.80999755859375,73.87999725341797,73.95999908447266,47.68444442749024,1962500
2015-12-24,KHC,74.80999755859375,74.80999755859375,73.87999725341797,73.95999908447266,47.68444442749024,1962500
2015-12-28,KHC,73.70999908447266,73.78399658203125,72.88999938964844,73.41999816894531,47.3362922668457,5421800
2015-12-28,KHC,73.70999908447266,73.78399658203125,72.88999938964844,73.41999816894531,47.3362922668457,5421800
2015-12-29,KHC,73.6500015258789,74.86000061035156,73.4000015258789,74.69000244140625,48.15511322021485,4350900
2015-12-29,KHC,73.6500015258789,74.86000061035156,73.4000015258789,74.69000244140625,48.15511322021485,4350900
2015-12-30,KHC,74.6500015258789,74.95999908447266,73.70999908447266,73.75,47.549072265625,1779900
2015-12-30,KHC,74.6500015258789,74.95999908447266,73.70999908447266,73.75,47.549072265625,1779900
2015-12-31,KHC,73.37000274658203,73.5,72.62999725341797,72.76000213623047,46.91078567504883,1857100
2015-12-31,KHC,73.37000274658203,73.5,72.62999725341797,72.76000213623047,46.91078567504883,1857100
2016-01-04,KHC,71.37999725341797,72.8499984741211,71.3499984741211,72.69999694824219,46.87208938598633,5209400
2016-01-04,KHC,71.37999725341797,72.8499984741211,71.3499984741211,72.69999694824219,46.87208938598633,5209400
2016-01-05,KHC,72.73999786376953,73.58000183105469,72.27999877929688,73.38999938964844,47.31695938110352,3858200
2016-01-05,KHC,72.73999786376953,73.58000183105469,72.27999877929688,73.38999938964844,47.31695938110352,3858200
2016-01-06,KHC,72.19999694824219,73.68000030517578,72.02999877929688,73.52999877929688,47.4072265625,3294700
2016-01-06,KHC,72.19999694824219,73.68000030517578,72.02999877929688,73.52999877929688,47.4072265625,3294700
2016-01-07,KHC,72.01000213623047,72.98999786376953,71.8499984741211,71.9000015258789,46.35628890991211,4050300
2016-01-07,KHC,72.01000213623047,72.98999786376953,71.8499984741211,71.9000015258789,46.35628890991211,4050300
2016-01-08,KHC,72.19000244140625,72.47000122070312,71.0999984741211,71.18000030517578,45.89209747314453,3092100
2016-01-08,KHC,72.19000244140625,72.47000122070312,71.0999984741211,71.18000030517578,45.89209747314453,3092100
2016-01-11,KHC,71.3499984741211,72.52999877929688,70.7699966430664,72.2699966430664,46.5948486328125,3329000
2016-01-11,KHC,71.3499984741211,72.52999877929688,70.7699966430664,72.2699966430664,46.5948486328125,3329000
2016-01-12,KHC,72.8499984741211,73.3499984741211,72.13200378417969,73.2300033569336,47.21379852294922,2924600
2016-01-12,KHC,72.8499984741211,73.3499984741211,72.13200378417969,73.2300033569336,47.21379852294922,2924600
2016-01-13,KHC,73.19000244140625,73.44000244140625,70.63999938964844,70.80999755859375,45.65353775024414,3448500
2016-01-13,KHC,73.19000244140625,73.44000244140625,70.63999938964844,70.80999755859375,45.65353775024414,3448500
2016-01-14,KHC,70.95999908447266,71.52799987792969,70.30400085449219,70.73999786376953,45.6084098815918,4610600
2016-01-14,KHC,70.95999908447266,71.52799987792969,70.30400085449219,70.73999786376953,45.6084098815918,4610600
2016-01-15,KHC,68.9000015258789,70.1500015258789,68.18000030517578,69.19999694824219,44.61551284790039,6551200
2016-01-15,KHC,68.9000015258789,70.1500015258789,68.18000030517578,69.19999694824219,44.61551284790039,6551200
2016-01-19,KHC,70.01000213623047,70.5199966430664,69.55000305175781,70.16999816894531,45.24091720581055,5107100
2016-01-19,KHC,70.01000213623047,70.5199966430664,69.55000305175781,70.16999816894531,45.24091720581055,5107100
2016-01-20,KHC,69.27999877929688,71.58000183105469,68.73999786376953,71.16999816894531,45.885650634765625,4607000
2016-01-20,KHC,69.27999877929688,71.58000183105469,68.73999786376953,71.16999816894531,45.885650634765625,4607000
2016-01-21,KHC,72.0,73.33000183105469,71.32599639892578,73.05000305175781,47.097755432128906,6208200
2016-01-21,KHC,72.0,73.33000183105469,71.32599639892578,73.05000305175781,47.097755432128906,6208200
2016-01-22,KHC,73.5999984741211,74.5,72.51000213623047,74.38999938964844,47.9616813659668,3111700
2016-01-22,KHC,73.5999984741211,74.5,72.51000213623047,74.38999938964844,47.9616813659668,3111700
2016-01-25,KHC,73.69999694824219,74.66999816894531,73.33999633789062,74.02999877929688,47.72957992553711,4123100
2016-01-25,KHC,73.69999694824219,74.66999816894531,73.33999633789062,74.02999877929688,47.72957992553711,4123100
2016-01-26,KHC,73.37000274658203,76.0,73.37000274658203,75.9800033569336,48.98682022094727,3851300
2016-01-26,KHC,73.37000274658203,76.0,73.37000274658203,75.9800033569336,48.98682022094727,3851300
2016-01-27,KHC,75.87000274658203,77.1500015258789,75.1500015258789,75.97000122070312,48.98037338256836,5348200
2016-01-27,KHC,75.87000274658203,77.1500015258789,75.1500015258789,75.97000122070312,48.98037338256836,5348200
2016-01-28,KHC,76.2699966430664,76.98999786376953,75.4800033569336,76.16000366210938,49.10285949707031,3542400
2016-01-28,KHC,76.2699966430664,76.98999786376953,75.4800033569336,76.16000366210938,49.10285949707031,3542400
2016-01-29,KHC,76.9000015258789,78.22000122070312,76.4000015258789,78.05999755859375,50.32785034179688,4508200
2016-01-29,KHC,76.9000015258789,78.22000122070312,76.4000015258789,78.05999755859375,50.32785034179688,4508200
2016-02-01,KHC,77.37000274658203,77.4800033569336,75.66999816894531,77.01000213623047,49.65088653564453,3564200
2016-02-01,KHC,77.37000274658203,77.4800033569336,75.66999816894531,77.01000213623047,49.65088653564453,3564200
2016-02-02,KHC,75.97000122070312,76.80000305175781,75.72000122070312,75.97000122070312,48.98037338256836,5631600
2016-02-02,KHC,75.97000122070312,76.80000305175781,75.72000122070312,75.97000122070312,48.98037338256836,5631600
2016-02-03,KHC,76.37000274658203,76.37000274658203,73.83000183105469,74.88999938964844,48.2840461730957,6239700
2016-02-03,KHC,76.37000274658203,76.37000274658203,73.83000183105469,74.88999938964844,48.2840461730957,6239700
2016-02-04,KHC,75.04000091552734,75.19999694824219,72.91999816894531,74.1500015258789,47.80696105957031,7077100
2016-02-04,KHC,75.04000091552734,75.19999694824219,72.91999816894531,74.1500015258789,47.80696105957031,7077100
2016-02-05,KHC,74.27999877929688,74.55999755859375,72.13999938964844,72.77999877929688,46.92365646362305,9351600
2016-02-05,KHC,74.27999877929688,74.55999755859375,72.13999938964844,72.77999877929688,46.92365646362305,9351600
2016-02-08,KHC,72.08999633789062,72.19999694824219,70.18000030517578,71.22000122070312,45.91788101196289,4704600
2016-02-08,KHC,72.08999633789062,72.19999694824219,70.18000030517578,71.22000122070312,45.91788101196289,4704600
2016-02-09,KHC,70.5999984741211,71.95999908447266,70.01000213623047,71.51000213623047,46.1048583984375,4616900
2016-02-09,KHC,70.5999984741211,71.95999908447266,70.01000213623047,71.51000213623047,46.1048583984375,4616900
2016-02-10,KHC,72.06999969482422,73.30000305175781,71.71299743652344,72.11000061035156,46.49168014526367,2520100
2016-02-10,KHC,72.06999969482422,73.30000305175781,71.71299743652344,72.11000061035156,46.49168014526367,2520100
2016-02-11,KHC,70.9000015258789,71.95999908447266,70.17400360107422,71.44000244140625,46.059715270996094,3041500
2016-02-11,KHC,70.9000015258789,71.95999908447266,70.17400360107422,71.44000244140625,46.059715270996094,3041500
2016-02-12,KHC,72.19999694824219,72.44999694824219,71.0199966430664,71.91999816894531,46.36920547485352,2985800
2016-02-12,KHC,72.19999694824219,72.44999694824219,71.0199966430664,71.91999816894531,46.36920547485352,2985800
2016-02-16,KHC,72.9000015258789,73.05999755859375,71.91999816894531,72.30999755859375,46.62063980102539,3852100
2016-02-16,KHC,72.9000015258789,73.05999755859375,71.91999816894531,72.30999755859375,46.62063980102539,3852100
2016-02-17,KHC,73.0,74.38999938964844,72.5,74.23999786376953,47.86495208740234,3628100
2016-02-17,KHC,73.0,74.38999938964844,72.5,74.23999786376953,47.86495208740234,3628100
2016-02-18,KHC,74.08000183105469,74.29000091552734,73.33999633789062,73.44999694824219,47.35563659667969,2755200
2016-02-18,KHC,74.08000183105469,74.29000091552734,73.33999633789062,73.44999694824219,47.35563659667969,2755200
2016-02-19,KHC,72.9000015258789,73.69300079345703,72.83000183105469,73.5199966430664,47.400760650634766,4333500
2016-02-19,KHC,72.9000015258789,73.69300079345703,72.83000183105469,73.5199966430664,47.400760650634766,4333500
2016-02-22,KHC,74.38999938964844,74.38999938964844,72.20999908447266,73.33000183105469,47.27825546264648,2916700
2016-02-22,KHC,74.38999938964844,74.38999938964844,72.20999908447266,73.33000183105469,47.27825546264648,2916700
2016-02-23,KHC,73.0999984741211,73.48999786376953,72.55999755859375,72.81999969482422,46.9494514465332,2805600
2016-02-23,KHC,73.0999984741211,73.48999786376953,72.55999755859375,72.81999969482422,46.9494514465332,2805600
2016-02-24,KHC,72.33000183105469,73.33000183105469,71.82499694824219,72.98999786376953,47.059059143066406,3526500
2016-02-24,KHC,72.33000183105469,73.33000183105469,71.82499694824219,72.98999786376953,47.059059143066406,3526500
2016-02-25,KHC,73.41000366210938,74.9800033569336,73.33000183105469,74.95999908447266,48.32918167114258,4962300
2016-02-25,KHC,73.41000366210938,74.9800033569336,73.33000183105469,74.95999908447266,48.32918167114258,4962300
2016-02-26,KHC,78.80000305175781,78.9000015258789,76.6500015258789,77.83999633789062,50.186012268066406,10319700
2016-02-26,KHC,78.80000305175781,78.9000015258789,76.6500015258789,77.83999633789062,50.186012268066406,10319700
2016-02-29,KHC,77.27999877929688,78.0,76.93000030517578,77.0199966430664,49.6573371887207,4885500
2016-02-29,KHC,77.27999877929688,78.0,76.93000030517578,77.0199966430664,49.6573371887207,4885500
2016-03-01,KHC,77.66000366210938,77.91999816894531,76.91999816894531,77.66000366210938,50.06997299194336,5445500
2016-03-01,KHC,77.66000366210938,77.91999816894531,76.91999816894531,77.66000366210938,50.06997299194336,5445500
2016-03-02,KHC,77.61000061035156,77.80000305175781,76.12000274658203,77.48999786376953,49.96035385131836,5075800
2016-03-02,KHC,77.61000061035156,77.80000305175781,76.12000274658203,77.48999786376953,49.96035385131836,5075800
2016-03-03,KHC,77.30000305175781,77.55000305175781,76.45999908447266,77.37000274658203,49.88298416137695,3239900
2016-03-03,KHC,77.30000305175781,77.55000305175781,76.45999908447266,77.37000274658203,49.88298416137695,3239900
2016-03-04,KHC,77.91000366210938,77.91999816894531,76.26000213623047,77.19999694824219,49.773380279541016,3677800
2016-03-04,KHC,77.91000366210938,77.91999816894531,76.26000213623047,77.19999694824219,49.773380279541016,3677800
2016-03-07,KHC,77.01000213623047,77.38999938964844,76.13999938964844,76.5,49.32208251953125,2574800
2016-03-07,KHC,77.01000213623047,77.38999938964844,76.13999938964844,76.5,49.32208251953125,2574800
2016-03-08,KHC,76.01000213623047,77.1500015258789,75.94000244140625,76.29000091552734,49.18667602539063,2783700
2016-03-08,KHC,76.01000213623047,77.1500015258789,75.94000244140625,76.29000091552734,49.18667602539063,2783700
2016-03-09,KHC,76.66999816894531,77.0,75.80000305175781,76.62999725341797,49.4058837890625,2631300
2016-03-09,KHC,76.66999816894531,77.0,75.80000305175781,76.62999725341797,49.4058837890625,2631300
2016-03-10,KHC,76.9800033569336,77.14600372314453,75.55000305175781,76.22000122070312,49.14155960083008,2107200
2016-03-10,KHC,76.9800033569336,77.14600372314453,75.55000305175781,76.22000122070312,49.14155960083008,2107200
2016-03-11,KHC,77.26000213623047,77.3499984741211,76.41000366210938,76.94999694824219,49.61219787597656,2342700
2016-03-11,KHC,77.26000213623047,77.3499984741211,76.41000366210938,76.94999694824219,49.61219787597656,2342700
2016-03-14,KHC,76.87999725341797,77.7699966430664,76.0999984741211,77.56999969482422,50.01193237304688,2278300
2016-03-14,KHC,76.87999725341797,77.7699966430664,76.0999984741211,77.56999969482422,50.01193237304688,2278300
2016-03-15,KHC,77.45999908447266,77.81999969482422,76.81999969482422,77.77999877929688,50.14733505249024,2924700
2016-03-15,KHC,77.45999908447266,77.81999969482422,76.81999969482422,77.77999877929688,50.14733505249024,2924700
2016-03-16,KHC,77.9800033569336,78.11000061035156,76.94999694824219,78.02999877929688,50.68319320678711,3400000
2016-03-16,KHC,77.9800033569336,78.11000061035156,76.94999694824219,78.02999877929688,50.68319320678711,3400000
2016-03-17,KHC,77.58000183105469,78.0999984741211,76.73999786376953,78.01000213623047,50.67022705078125,4506000
2016-03-17,KHC,77.58000183105469,78.0999984741211,76.73999786376953,78.01000213623047,50.67022705078125,4506000
2016-03-18,KHC,78.37999725341797,78.38999938964844,76.7699966430664,77.30999755859375,50.21554183959961,9081000
2016-03-18,KHC,78.37999725341797,78.38999938964844,76.7699966430664,77.30999755859375,50.21554183959961,9081000
2016-03-21,KHC,76.97000122070312,77.5,76.16999816894531,76.58999633789062,49.74785614013672,3203400
2016-03-21,KHC,76.97000122070312,77.5,76.16999816894531,76.58999633789062,49.74785614013672,3203400
2016-03-22,KHC,76.98999786376953,77.0250015258789,76.02999877929688,76.44000244140625,49.65044021606445,2615600
2016-03-22,KHC,76.98999786376953,77.0250015258789,76.02999877929688,76.44000244140625,49.65044021606445,2615600
2016-03-23,KHC,76.56999969482422,77.05999755859375,76.20999908447266,76.80999755859375,49.890769958496094,2295800
2016-03-23,KHC,76.56999969482422,77.05999755859375,76.20999908447266,76.80999755859375,49.890769958496094,2295800
2016-03-24,KHC,76.7699966430664,77.2699966430664,75.85900115966797,76.45999908447266,49.66343307495117,3356700
2016-03-24,KHC,76.7699966430664,77.2699966430664,75.85900115966797,76.45999908447266,49.66343307495117,3356700
2016-03-28,KHC,76.62000274658203,77.93000030517578,76.05999755859375,77.76000213623047,50.50782012939453,3581800
2016-03-28,KHC,76.62000274658203,77.93000030517578,76.05999755859375,77.76000213623047,50.50782012939453,3581800
2016-03-29,KHC,77.58000183105469,78.80999755859375,77.02999877929688,78.80000305175781,51.18334579467773,3907400
2016-03-29,KHC,77.58000183105469,78.80999755859375,77.02999877929688,78.80000305175781,51.18334579467773,3907400
2016-03-30,KHC,78.91999816894531,79.05000305175781,78.2699966430664,78.9000015258789,51.248291015625,3339900
2016-03-30,KHC,78.91999816894531,79.05000305175781,78.2699966430664,78.9000015258789,51.248291015625,3339900
2016-03-31,KHC,78.94999694824219,78.94999694824219,78.27999877929688,78.55999755859375,51.02745056152344,3400300
2016-03-31,KHC,78.94999694824219,78.94999694824219,78.27999877929688,78.55999755859375,51.02745056152344,3400300
2016-04-01,KHC,78.52999877929688,79.16000366210938,78.11499786376953,79.08000183105469,51.365211486816406,3418200
2016-04-01,KHC,78.52999877929688,79.16000366210938,78.11499786376953,79.08000183105469,51.365211486816406,3418200
2016-04-04,KHC,78.97000122070312,79.08999633789062,78.37999725341797,78.8499984741211,51.21580123901367,3495200
2016-04-04,KHC,78.97000122070312,79.08999633789062,78.37999725341797,78.8499984741211,51.21580123901367,3495200
2016-04-05,KHC,78.47000122070312,78.8499984741211,77.88999938964844,78.01000213623047,50.67022705078125,2679600
2016-04-05,KHC,78.47000122070312,78.8499984741211,77.88999938964844,78.01000213623047,50.67022705078125,2679600
2016-04-06,KHC,78.41999816894531,78.41999816894531,77.5,78.36000061035156,50.897552490234375,2421900
2016-04-06,KHC,78.41999816894531,78.41999816894531,77.5,78.36000061035156,50.897552490234375,2421900
2016-04-07,KHC,78.0199966430664,78.29000091552734,77.0250015258789,77.5,50.33894348144531,3216400
2016-04-07,KHC,78.0199966430664,78.29000091552734,77.0250015258789,77.5,50.33894348144531,3216400
2016-04-08,KHC,77.97000122070312,78.5999984741211,77.54000091552734,78.47000122070312,50.968994140625,2139000
2016-04-08,KHC,77.97000122070312,78.5999984741211,77.54000091552734,78.47000122070312,50.968994140625,2139000
2016-04-11,KHC,78.7300033569336,79.0,77.8499984741211,77.91000366210938,50.605255126953125,2894800
2016-04-11,KHC,78.7300033569336,79.0,77.8499984741211,77.91000366210938,50.605255126953125,2894800
2016-04-12,KHC,78.0,78.62999725341797,77.54000091552734,78.33000183105469,50.87805938720703,2348300
2016-04-12,KHC,78.0,78.62999725341797,77.54000091552734,78.33000183105469,50.87805938720703,2348300
2016-04-13,KHC,78.68000030517578,78.7300033569336,77.08999633789062,77.4000015258789,50.27399063110352,3246400
2016-04-13,KHC,78.68000030517578,78.7300033569336,77.08999633789062,77.4000015258789,50.27399063110352,3246400
2016-04-14,KHC,77.4000015258789,77.81500244140625,76.88999938964844,77.16999816894531,50.12459945678711,3150500
2016-04-14,KHC,77.4000015258789,77.81500244140625,76.88999938964844,77.16999816894531,50.12459945678711,3150500
2016-04-15,KHC,77.55999755859375,78.29000091552734,77.12999725341797,78.05000305175781,50.69618988037109,3042200
2016-04-15,KHC,77.55999755859375,78.29000091552734,77.12999725341797,78.05000305175781,50.69618988037109,3042200
2016-04-18,KHC,77.91999816894531,78.36000061035156,77.2699966430664,78.33999633789062,50.884544372558594,2207300
2016-04-18,KHC,77.91999816894531,78.36000061035156,77.2699966430664,78.33999633789062,50.884544372558594,2207300
2016-04-19,KHC,78.33999633789062,78.87999725341797,77.86000061035156,78.30000305175781,50.858585357666016,2591200
2016-04-19,KHC,78.33999633789062,78.87999725341797,77.86000061035156,78.30000305175781,50.858585357666016,2591200
2016-04-20,KHC,78.33999633789062,78.68000030517578,77.5,77.91999816894531,50.61174011230469,1867400
2016-04-20,KHC,78.33999633789062,78.68000030517578,77.5,77.91999816894531,50.61174011230469,1867400
2016-04-21,KHC,77.79000091552734,77.91999816894531,76.64099884033203,76.73999786376953,49.84529876708984,2110700
2016-04-21,KHC,77.79000091552734,77.91999816894531,76.64099884033203,76.73999786376953,49.84529876708984,2110700
2016-04-22,KHC,76.69999694824219,78.1500015258789,76.69999694824219,78.0999984741211,50.72867965698242,2409800
2016-04-22,KHC,76.69999694824219,78.1500015258789,76.69999694824219,78.0999984741211,50.72867965698242,2409800
2016-04-25,KHC,77.87999725341797,78.83999633789062,77.54000091552734,78.7300033569336,51.13785934448242,2323800
2016-04-25,KHC,77.87999725341797,78.83999633789062,77.54000091552734,78.7300033569336,51.13785934448242,2323800
2016-04-26,KHC,78.70999908447266,79.55000305175781,78.51000213623047,78.69999694824219,51.118385314941406,2315700
2016-04-26,KHC,78.70999908447266,79.55000305175781,78.51000213623047,78.69999694824219,51.118385314941406,2315700
2016-04-27,KHC,79.22000122070312,79.5,77.98999786376953,79.0999984741211,51.37819290161133,2249600
2016-04-27,KHC,79.22000122070312,79.5,77.98999786376953,79.0999984741211,51.37819290161133,2249600
2016-04-28,KHC,78.55000305175781,79.2300033569336,78.08999633789062,78.36000061035156,50.897552490234375,1962600
2016-04-28,KHC,78.55000305175781,79.2300033569336,78.08999633789062,78.36000061035156,50.897552490234375,1962600
2016-04-29,KHC,77.61000061035156,78.28500366210938,77.12999725341797,78.06999969482422,50.70917510986328,3208700
2016-04-29,KHC,77.61000061035156,78.28500366210938,77.12999725341797,78.06999969482422,50.70917510986328,3208700
2016-05-02,KHC,78.06999969482422,80.25,78.0,79.5199966430664,51.6510124206543,3700700
2016-05-02,KHC,78.06999969482422,80.25,78.0,79.5199966430664,51.6510124206543,3700700
2016-05-03,KHC,79.0199966430664,79.29000091552734,78.22100067138672,78.68000030517578,51.10540008544922,2508200
2016-05-03,KHC,79.0199966430664,79.29000091552734,78.22100067138672,78.68000030517578,51.10540008544922,2508200
2016-05-04,KHC,78.4800033569336,80.30000305175781,78.29000091552734,79.9800033569336,51.94979095458984,4687000
2016-05-04,KHC,78.4800033569336,80.30000305175781,78.29000091552734,79.9800033569336,51.94979095458984,4687000
2016-05-05,KHC,82.95999908447266,84.16999816894531,82.5,82.97000122070312,53.89190673828125,8629300
2016-05-05,KHC,82.95999908447266,84.16999816894531,82.5,82.97000122070312,53.89190673828125,8629300
2016-05-06,KHC,82.83000183105469,84.04000091552734,81.94000244140625,84.0,54.5609016418457,3993600
2016-05-06,KHC,82.83000183105469,84.04000091552734,81.94000244140625,84.0,54.5609016418457,3993600
2016-05-09,KHC,84.0,84.79000091552734,83.63999938964844,84.26000213623047,54.72979736328125,3272300
2016-05-09,KHC,84.0,84.79000091552734,83.63999938964844,84.26000213623047,54.72979736328125,3272300
2016-05-10,KHC,84.44000244140625,86.19999694824219,84.2300033569336,86.13999938964844,55.95092391967773,3593700
2016-05-10,KHC,84.44000244140625,86.19999694824219,84.2300033569336,86.13999938964844,55.95092391967773,3593700
2016-05-11,KHC,85.97000122070312,86.54000091552734,85.19000244140625,85.19999694824219,55.3403549194336,2824500
2016-05-11,KHC,85.97000122070312,86.54000091552734,85.19000244140625,85.19999694824219,55.3403549194336,2824500
2016-05-12,KHC,85.4800033569336,86.66000366210938,85.1500015258789,86.33999633789062,56.08081817626953,2427500
2016-05-12,KHC,85.4800033569336,86.66000366210938,85.1500015258789,86.33999633789062,56.08081817626953,2427500
2016-05-13,KHC,86.02999877929688,86.44999694824219,84.72000122070312,85.12999725341797,55.29490661621094,2857300
2016-05-13,KHC,86.02999877929688,86.44999694824219,84.72000122070312,85.12999725341797,55.29490661621094,2857300
2016-05-16,KHC,85.33000183105469,86.23999786376953,85.04000091552734,85.87000274658203,55.77555084228516,2061900
2016-05-16,KHC,85.33000183105469,86.23999786376953,85.04000091552734,85.87000274658203,55.77555084228516,2061900
2016-05-17,KHC,85.69000244140625,86.05999755859375,81.7699966430664,82.16000366210938,53.36576461791992,7395100
2016-05-17,KHC,85.69000244140625,86.05999755859375,81.7699966430664,82.16000366210938,53.36576461791992,7395100
2016-05-18,KHC,81.94999694824219,82.27899932861328,80.45999908447266,81.18000030517578,52.7292366027832,8695600
2016-05-18,KHC,81.94999694824219,82.27899932861328,80.45999908447266,81.18000030517578,52.7292366027832,8695600
2016-05-19,KHC,80.8499984741211,83.0199966430664,80.61000061035156,83.0,53.91139221191406,3932800
2016-05-19,KHC,80.8499984741211,83.0199966430664,80.61000061035156,83.0,53.91139221191406,3932800
2016-05-20,KHC,82.4000015258789,82.86000061035156,81.81999969482422,82.41999816894531,53.53464889526367,2720100
2016-05-20,KHC,82.4000015258789,82.86000061035156,81.81999969482422,82.41999816894531,53.53464889526367,2720100
2016-05-23,KHC,82.51000213623047,83.25,82.41999816894531,82.80999755859375,53.787967681884766,1996900
2016-05-23,KHC,82.51000213623047,83.25,82.41999816894531,82.80999755859375,53.787967681884766,1996900
2016-05-24,KHC,83.12999725341797,84.375,82.69999694824219,84.22000122070312,54.70381927490234,2385600
2016-05-24,KHC,83.12999725341797,84.375,82.69999694824219,84.22000122070312,54.70381927490234,2385600
2016-05-25,KHC,83.55999755859375,84.77999877929688,83.12999725341797,84.2699966430664,55.1125602722168,2563100
2016-05-25,KHC,83.55999755859375,84.77999877929688,83.12999725341797,84.2699966430664,55.1125602722168,2563100
2016-05-26,KHC,84.0199966430664,84.81999969482422,83.76000213623047,83.80999755859375,54.81171417236328,2424000
2016-05-26,KHC,84.0199966430664,84.81999969482422,83.76000213623047,83.80999755859375,54.81171417236328,2424000
2016-05-27,KHC,83.66000366210938,84.26000213623047,83.5,84.0999984741211,55.00139236450195,1272800
2016-05-27,KHC,83.66000366210938,84.26000213623047,83.5,84.0999984741211,55.00139236450195,1272800
2016-05-31,KHC,84.16000366210938,84.44000244140625,82.67400360107422,83.19000244140625,54.406246185302734,3943700
2016-05-31,KHC,84.16000366210938,84.44000244140625,82.67400360107422,83.19000244140625,54.406246185302734,3943700
2016-06-01,KHC,83.08999633789062,83.98999786376953,83.0,83.94999694824219,54.90329360961914,1955400
2016-06-01,KHC,83.08999633789062,83.98999786376953,83.0,83.94999694824219,54.90329360961914,1955400
2016-06-02,KHC,83.87999725341797,84.79000091552734,83.55000305175781,84.77999877929688,55.44610595703125,2207200
2016-06-02,KHC,83.87999725341797,84.79000091552734,83.55000305175781,84.77999877929688,55.44610595703125,2207200
2016-06-03,KHC,85.0,85.41999816894531,84.69999694824219,85.30000305175781,55.78618621826172,3031400
2016-06-03,KHC,85.0,85.41999816894531,84.69999694824219,85.30000305175781,55.78618621826172,3031400
2016-06-06,KHC,85.5,85.5999984741211,84.69000244140625,84.98999786376953,55.58344268798828,2551900
2016-06-06,KHC,85.5,85.5999984741211,84.69000244140625,84.98999786376953,55.58344268798828,2551900
2016-06-07,KHC,85.16999816894531,85.68000030517578,84.62000274658203,84.75,55.42647552490234,2454400
2016-06-07,KHC,85.16999816894531,85.68000030517578,84.62000274658203,84.75,55.42647552490234,2454400
2016-06-08,KHC,85.05999755859375,85.41999816894531,84.33000183105469,85.18000030517578,55.70770263671875,1757200
2016-06-08,KHC,85.05999755859375,85.41999816894531,84.33000183105469,85.18000030517578,55.70770263671875,1757200
2016-06-09,KHC,84.91999816894531,85.7300033569336,84.77999877929688,85.62000274658203,55.99546813964844,2098600
2016-06-09,KHC,84.91999816894531,85.7300033569336,84.77999877929688,85.62000274658203,55.99546813964844,2098600
2016-06-10,KHC,85.5999984741211,85.5999984741211,84.70999908447266,85.33999633789062,55.81233978271485,2118000
2016-06-10,KHC,85.5999984741211,85.5999984741211,84.70999908447266,85.33999633789062,55.81233978271485,2118000
2016-06-13,KHC,85.2699966430664,85.75,84.6449966430664,84.94999694824219,55.55728530883789,2790400
2016-06-13,KHC,85.2699966430664,85.75,84.6449966430664,84.94999694824219,55.55728530883789,2790400
2016-06-14,KHC,84.94000244140625,85.29000091552734,84.33000183105469,84.87999725341797,55.51152038574219,2637500
2016-06-14,KHC,84.94000244140625,85.29000091552734,84.33000183105469,84.87999725341797,55.51152038574219,2637500
2016-06-15,KHC,85.0,85.38999938964844,84.36000061035156,84.83999633789062,55.485347747802734,2967400
2016-06-15,KHC,85.0,85.38999938964844,84.36000061035156,84.83999633789062,55.485347747802734,2967400
2016-06-16,KHC,84.68000030517578,85.31999969482422,83.9800033569336,85.27999877929688,55.77310180664063,2333400
2016-06-16,KHC,84.68000030517578,85.31999969482422,83.9800033569336,85.27999877929688,55.77310180664063,2333400
2016-06-17,KHC,85.33999633789062,85.37000274658203,84.0199966430664,84.81999969482422,55.47226333618164,5526500
2016-06-17,KHC,85.33999633789062,85.37000274658203,84.0199966430664,84.81999969482422,55.47226333618164,5526500
2016-06-20,KHC,85.48999786376953,86.5,85.23799896240234,85.5,55.916988372802734,2854100
2016-06-20,KHC,85.48999786376953,86.5,85.23799896240234,85.5,55.916988372802734,2854100
2016-06-21,KHC,85.54000091552734,86.44000244140625,85.48999786376953,85.69000244140625,56.04125595092773,1953700
2016-06-21,KHC,85.54000091552734,86.44000244140625,85.48999786376953,85.69000244140625,56.04125595092773,1953700
2016-06-22,KHC,85.94000244140625,85.98999786376953,85.08000183105469,85.20999908447266,55.727333068847656,1961400
2016-06-22,KHC,85.94000244140625,85.98999786376953,85.08000183105469,85.20999908447266,55.727333068847656,1961400
2016-06-23,KHC,85.94000244140625,86.38800048828125,85.42500305175781,86.37000274658203,56.485965728759766,2452200
2016-06-23,KHC,85.94000244140625,86.38800048828125,85.42500305175781,86.37000274658203,56.485965728759766,2452200
2016-06-24,KHC,83.69999694824219,85.0999984741211,83.41999816894531,83.7300033569336,54.759422302246094,11942100
2016-06-24,KHC,83.69999694824219,85.0999984741211,83.41999816894531,83.7300033569336,54.759422302246094,11942100
2016-06-27,KHC,83.2300033569336,83.8499984741211,82.5,83.62999725341797,54.69399642944336,3458500
2016-06-27,KHC,83.2300033569336,83.8499984741211,82.5,83.62999725341797,54.69399642944336,3458500
2016-06-28,KHC,83.87699890136719,84.79000091552734,83.0,84.7699966430664,55.439579010009766,3569400
2016-06-28,KHC,83.87699890136719,84.79000091552734,83.0,84.7699966430664,55.439579010009766,3569400
2016-06-29,KHC,85.02999877929688,86.33000183105469,84.69999694824219,86.0999984741211,56.30938720703125,3348300
2016-06-29,KHC,85.02999877929688,86.33000183105469,84.69999694824219,86.0999984741211,56.30938720703125,3348300
2016-06-30,KHC,86.38999938964844,88.62999725341797,86.16999816894531,88.4800033569336,57.86591720581055,5571200
2016-06-30,KHC,86.38999938964844,88.62999725341797,86.16999816894531,88.4800033569336,57.86591720581055,5571200
2016-07-01,KHC,88.58000183105469,89.4000015258789,88.1500015258789,88.23999786376953,57.70895004272461,2551300
2016-07-01,KHC,88.58000183105469,89.4000015258789,88.1500015258789,88.23999786376953,57.70895004272461,2551300
2016-07-05,KHC,88.19000244140625,89.48999786376953,87.5,88.73999786376953,58.03593826293945,3320400
2016-07-05,KHC,88.19000244140625,89.48999786376953,87.5,88.73999786376953,58.03593826293945,3320400
2016-07-06,KHC,88.6500015258789,89.76499938964844,88.25,89.73999786376953,58.68994903564453,3331700
2016-07-06,KHC,88.6500015258789,89.76499938964844,88.25,89.73999786376953,58.68994903564453,3331700
2016-07-07,KHC,89.56999969482422,89.81999969482422,88.80999755859375,89.30999755859375,58.40872573852539,2525600
2016-07-07,KHC,89.56999969482422,89.81999969482422,88.80999755859375,89.30999755859375,58.40872573852539,2525600
2016-07-08,KHC,89.93000030517578,90.26000213623048,89.12999725341797,89.8499984741211,58.76190185546875,3703300
2016-07-08,KHC,89.93000030517578,90.26000213623048,89.12999725341797,89.8499984741211,58.76190185546875,3703300
2016-07-11,KHC,89.93000030517578,90.1500015258789,89.30999755859375,89.83999633789062,58.7553596496582,2860500
2016-07-11,KHC,89.93000030517578,90.1500015258789,89.30999755859375,89.83999633789062,58.7553596496582,2860500
2016-07-12,KHC,89.48999786376953,89.72000122070312,87.62999725341797,87.80000305175781,57.42119598388672,4362900
2016-07-12,KHC,89.48999786376953,89.72000122070312,87.62999725341797,87.80000305175781,57.42119598388672,4362900
2016-07-13,KHC,87.83000183105469,89.08000183105469,87.62999725341797,89.0199966430664,58.21906280517578,2702400
2016-07-13,KHC,87.83000183105469,89.08000183105469,87.62999725341797,89.0199966430664,58.21906280517578,2702400
2016-07-14,KHC,89.13999938964844,89.24700164794922,87.86000061035156,88.33999633789062,57.77435302734375,3457800
2016-07-14,KHC,89.13999938964844,89.24700164794922,87.86000061035156,88.33999633789062,57.77435302734375,3457800
2016-07-15,KHC,88.9000015258789,89.22000122070312,88.12999725341797,88.86000061035156,58.114444732666016,2311700
2016-07-15,KHC,88.9000015258789,89.22000122070312,88.12999725341797,88.86000061035156,58.114444732666016,2311700
2016-07-18,KHC,89.08000183105469,89.30000305175781,88.54000091552734,89.0999984741211,58.27138900756836,1769400
2016-07-18,KHC,89.08000183105469,89.30000305175781,88.54000091552734,89.0999984741211,58.27138900756836,1769400
2016-07-19,KHC,88.83999633789062,89.11000061035156,88.26000213623047,88.97000122070312,58.18637466430664,1751700
2016-07-19,KHC,88.83999633789062,89.11000061035156,88.26000213623047,88.97000122070312,58.18637466430664,1751700
2016-07-20,KHC,88.87000274658203,88.94999694824219,87.94000244140625,88.16999816894531,57.66318130493164,2229500
2016-07-20,KHC,88.87000274658203,88.94999694824219,87.94000244140625,88.16999816894531,57.66318130493164,2229500
2016-07-21,KHC,88.0999984741211,88.19000244140625,87.3270034790039,87.63999938964844,57.31655883789063,2081100
2016-07-21,KHC,88.0999984741211,88.19000244140625,87.3270034790039,87.63999938964844,57.31655883789063,2081100
2016-07-22,KHC,88.0199966430664,88.48999786376953,87.81500244140625,88.16000366210938,57.65664291381836,2022900
2016-07-22,KHC,88.0199966430664,88.48999786376953,87.81500244140625,88.16000366210938,57.65664291381836,2022900
2016-07-25,KHC,88.16000366210938,88.43000030517578,87.83000183105469,88.41000366210938,57.82013320922852,1447400
2016-07-25,KHC,88.16000366210938,88.43000030517578,87.83000183105469,88.41000366210938,57.82013320922852,1447400
2016-07-26,KHC,88.54000091552734,88.79000091552734,87.04000091552734,87.05999755859375,56.93721771240234,1553100
2016-07-26,KHC,88.54000091552734,88.79000091552734,87.04000091552734,87.05999755859375,56.93721771240234,1553100
2016-07-27,KHC,87.37999725341797,87.45999908447266,85.19999694824219,85.62999725341797,56.00200653076172,3931700
2016-07-27,KHC,87.37999725341797,87.45999908447266,85.19999694824219,85.62999725341797,56.00200653076172,3931700
2016-07-28,KHC,85.68000030517578,86.20999908447266,85.23999786376953,85.95999908447266,56.21783065795898,2190300
2016-07-28,KHC,85.68000030517578,86.20999908447266,85.23999786376953,85.95999908447266,56.21783065795898,2190300
2016-07-29,KHC,86.2300033569336,86.62999725341797,85.86000061035156,86.38999938964844,56.499053955078125,1778900
2016-07-29,KHC,86.2300033569336,86.62999725341797,85.86000061035156,86.38999938964844,56.499053955078125,1778900
2016-08-01,KHC,86.30000305175781,86.58000183105469,85.5199966430664,85.97000122070312,56.22437286376953,2778500
2016-08-01,KHC,86.30000305175781,86.58000183105469,85.5199966430664,85.97000122070312,56.22437286376953,2778500
2016-08-02,KHC,85.75,85.75,84.63999938964844,85.1500015258789,55.68809509277344,2832300
2016-08-02,KHC,85.75,85.75,84.63999938964844,85.1500015258789,55.68809509277344,2832300
2016-08-03,KHC,85.30999755859375,85.47599792480469,84.25,84.9000015258789,55.52457809448242,2491500
2016-08-03,KHC,85.30999755859375,85.47599792480469,84.25,84.9000015258789,55.52457809448242,2491500
2016-08-04,KHC,85.12999725341797,85.63999938964844,84.68000030517578,85.54000091552734,55.94314193725586,3221800
2016-08-04,KHC,85.12999725341797,85.63999938964844,84.68000030517578,85.54000091552734,55.94314193725586,3221800
2016-08-05,KHC,89.8499984741211,90.48999786376952,88.5,88.79000091552734,58.06864547729492,5106200
2016-08-05,KHC,89.8499984741211,90.48999786376952,88.5,88.79000091552734,58.06864547729492,5106200
2016-08-08,KHC,88.70999908447266,88.79000091552734,87.58999633789062,88.75,58.04248809814453,2428000
2016-08-08,KHC,88.70999908447266,88.79000091552734,87.58999633789062,88.75,58.04248809814453,2428000
2016-08-09,KHC,88.93000030517578,89.98999786376953,88.73500061035156,89.77999877929688,58.71611785888672,2275800
2016-08-09,KHC,88.93000030517578,89.98999786376953,88.73500061035156,89.77999877929688,58.71611785888672,2275800
2016-08-10,KHC,89.7699966430664,89.94999694824219,88.97000122070312,89.3499984741211,58.43486785888672,1423100
2016-08-10,KHC,89.7699966430664,89.94999694824219,88.97000122070312,89.3499984741211,58.43486785888672,1423100
2016-08-11,KHC,89.70999908447266,90.43000030517578,89.29000091552734,89.44000244140625,58.49375534057617,2588800
2016-08-11,KHC,89.70999908447266,90.43000030517578,89.29000091552734,89.44000244140625,58.49375534057617,2588800
2016-08-12,KHC,89.2300033569336,90.47000122070312,89.2300033569336,89.55999755859375,58.57222366333008,1539100
2016-08-12,KHC,89.2300033569336,90.47000122070312,89.2300033569336,89.55999755859375,58.57222366333008,1539100
2016-08-15,KHC,89.70999908447266,89.88999938964844,88.8499984741211,89.08000183105469,58.258296966552734,1661000
2016-08-15,KHC,89.70999908447266,89.88999938964844,88.8499984741211,89.08000183105469,58.258296966552734,1661000
2016-08-16,KHC,89.02999877929688,89.16999816894531,88.25499725341797,88.95999908447266,58.17983627319336,2259300
2016-08-16,KHC,89.02999877929688,89.16999816894531,88.25499725341797,88.95999908447266,58.17983627319336,2259300
2016-08-17,KHC,89.05000305175781,89.47000122070312,88.23999786376953,89.41000366210938,58.47414016723633,1832700
2016-08-17,KHC,89.05000305175781,89.47000122070312,88.23999786376953,89.41000366210938,58.47414016723633,1832700
2016-08-18,KHC,89.30000305175781,89.86000061035156,89.0999984741211,89.76000213623047,58.703033447265625,1823000
2016-08-18,KHC,89.30000305175781,89.86000061035156,89.0999984741211,89.76000213623047,58.703033447265625,1823000
2016-08-19,KHC,89.5999984741211,90.1999969482422,89.3499984741211,89.91999816894531,58.80766677856445,1694900
2016-08-19,KHC,89.5999984741211,90.1999969482422,89.3499984741211,89.91999816894531,58.80766677856445,1694900
2016-08-22,KHC,89.87999725341797,90.38999938964844,89.5199966430664,89.97000122070312,58.840370178222656,2092800
2016-08-22,KHC,89.87999725341797,90.38999938964844,89.5199966430664,89.97000122070312,58.840370178222656,2092800
2016-08-23,KHC,90.25,90.4800033569336,89.34700012207031,89.47000122070312,58.51336669921875,2020000
2016-08-23,KHC,90.25,90.4800033569336,89.34700012207031,89.47000122070312,58.51336669921875,2020000
2016-08-24,KHC,88.83999633789062,88.98999786376953,88.02999877929688,88.94999694824219,58.56604766845703,2581200
2016-08-24,KHC,88.83999633789062,88.98999786376953,88.02999877929688,88.94999694824219,58.56604766845703,2581200
2016-08-25,KHC,88.98999786376953,89.94000244140625,88.69300079345703,88.9000015258789,58.53311920166016,1825900
2016-08-25,KHC,88.98999786376953,89.94000244140625,88.69300079345703,88.9000015258789,58.53311920166016,1825900
2016-08-26,KHC,89.04000091552734,89.44999694824219,87.91999816894531,88.16999816894531,58.05249786376953,1863600
2016-08-26,KHC,89.04000091552734,89.44999694824219,87.91999816894531,88.16999816894531,58.05249786376953,1863600
2016-08-29,KHC,88.3499984741211,88.80999755859375,88.12999725341797,88.56999969482422,58.31584930419922,1685100
2016-08-29,KHC,88.3499984741211,88.80999755859375,88.12999725341797,88.56999969482422,58.31584930419922,1685100
2016-08-30,KHC,88.62999725341797,88.82499694824219,87.7699966430664,87.97000122070312,57.92079925537109,1841500
2016-08-30,KHC,88.62999725341797,88.82499694824219,87.7699966430664,87.97000122070312,57.92079925537109,1841500
2016-08-31,KHC,88.11000061035156,89.81999969482422,88.11000061035156,89.48999786376953,58.92159271240234,2696400
2016-08-31,KHC,88.11000061035156,89.81999969482422,88.11000061035156,89.48999786376953,58.92159271240234,2696400
2016-09-01,KHC,89.56999969482422,89.70999908447266,88.54000091552734,89.4800033569336,58.91500854492188,2215500
2016-09-01,KHC,89.56999969482422,89.70999908447266,88.54000091552734,89.4800033569336,58.91500854492188,2215500
2016-09-02,KHC,89.9000015258789,90.54000091552734,89.11000061035156,89.61000061035156,59.00059509277344,2062100
2016-09-02,KHC,89.9000015258789,90.54000091552734,89.11000061035156,89.61000061035156,59.00059509277344,2062100
2016-09-06,KHC,89.69000244140625,90.18000030517578,89.13500213623047,89.73999786376953,59.08618927001953,1786400
2016-09-06,KHC,89.69000244140625,90.18000030517578,89.13500213623047,89.73999786376953,59.08618927001953,1786400
2016-09-07,KHC,89.2300033569336,89.80999755859375,88.95999908447266,89.79000091552734,59.1191291809082,3344800
2016-09-07,KHC,89.2300033569336,89.80999755859375,88.95999908447266,89.79000091552734,59.1191291809082,3344800
2016-09-08,KHC,89.69999694824219,89.79000091552734,88.70999908447266,89.19000244140625,58.72406005859375,2191600
2016-09-08,KHC,89.69999694824219,89.79000091552734,88.70999908447266,89.19000244140625,58.72406005859375,2191600
2016-09-09,KHC,88.23999786376953,88.37000274658203,85.94999694824219,85.97000122070312,56.603965759277344,3837900
2016-09-09,KHC,88.23999786376953,88.37000274658203,85.94999694824219,85.97000122070312,56.603965759277344,3837900
2016-09-12,KHC,85.58000183105469,88.69999694824219,85.3499984741211,88.55999755859375,58.30924606323242,3015000
2016-09-12,KHC,85.58000183105469,88.69999694824219,85.3499984741211,88.55999755859375,58.30924606323242,3015000
2016-09-13,KHC,89.2699966430664,89.2699966430664,87.44999694824219,88.2699966430664,58.11832046508789,2579800
2016-09-13,KHC,89.2699966430664,89.2699966430664,87.44999694824219,88.2699966430664,58.11832046508789,2579800
2016-09-14,KHC,88.12999725341797,88.81999969482422,87.37999725341797,87.68000030517578,57.72986602783203,1898400
2016-09-14,KHC,88.12999725341797,88.81999969482422,87.37999725341797,87.68000030517578,57.72986602783203,1898400
2016-09-15,KHC,87.36000061035156,89.26000213623047,87.31999969482422,89.16999816894531,58.71090698242188,1912600
2016-09-15,KHC,87.36000061035156,89.26000213623047,87.31999969482422,89.16999816894531,58.71090698242188,1912600
2016-09-16,KHC,88.83000183105469,89.12999725341797,87.6500015258789,88.94000244140625,58.55945587158203,4476800
2016-09-16,KHC,88.83000183105469,89.12999725341797,87.6500015258789,88.94000244140625,58.55945587158203,4476800
2016-09-19,KHC,88.87999725341797,89.0,86.9000015258789,86.97000122070312,57.26237487792969,4032400
2016-09-19,KHC,88.87999725341797,89.0,86.9000015258789,86.97000122070312,57.26237487792969,4032400
2016-09-20,KHC,87.4800033569336,87.72000122070312,87.0999984741211,87.12000274658203,57.36114501953125,3018400
2016-09-20,KHC,87.4800033569336,87.72000122070312,87.0999984741211,87.12000274658203,57.36114501953125,3018400
2016-09-21,KHC,87.26000213623047,88.16000366210938,86.76000213623047,87.91000366210938,57.88129806518555,2592400
2016-09-21,KHC,87.26000213623047,88.16000366210938,86.76000213623047,87.91000366210938,57.88129806518555,2592400
2016-09-22,KHC,88.62999725341797,89.16000366210938,88.33999633789062,89.05000305175781,58.631874084472656,1516800
2016-09-22,KHC,88.62999725341797,89.16000366210938,88.33999633789062,89.05000305175781,58.631874084472656,1516800
2016-09-23,KHC,89.19000244140625,89.5,88.66999816894531,88.83000183105469,58.48703002929688,1467000
2016-09-23,KHC,89.19000244140625,89.5,88.66999816894531,88.83000183105469,58.48703002929688,1467000
2016-09-26,KHC,88.77999877929688,88.9800033569336,88.05999755859375,88.52999877929688,58.28950881958008,1487400
2016-09-26,KHC,88.77999877929688,88.9800033569336,88.05999755859375,88.52999877929688,58.28950881958008,1487400
2016-09-27,KHC,88.76000213623047,89.48999786376953,88.5199966430664,89.2300033569336,58.75040435791016,1530300
2016-09-27,KHC,88.76000213623047,89.48999786376953,88.5199966430664,89.2300033569336,58.75040435791016,1530300
2016-09-28,KHC,89.58000183105469,89.62000274658203,88.80999755859375,89.55000305175781,58.96111297607422,1628700
2016-09-28,KHC,89.58000183105469,89.62000274658203,88.80999755859375,89.55000305175781,58.96111297607422,1628700
2016-09-29,KHC,89.2300033569336,89.43000030517578,88.41000366210938,88.56999969482422,58.31584930419922,1411800
2016-09-29,KHC,89.2300033569336,89.43000030517578,88.41000366210938,88.56999969482422,58.31584930419922,1411800
2016-09-30,KHC,89.0,89.91000366210938,88.8499984741211,89.51000213623047,58.934757232666016,2499200
2016-09-30,KHC,89.0,89.91000366210938,88.8499984741211,89.51000213623047,58.934757232666016,2499200
2016-10-03,KHC,89.25,89.45999908447266,88.75,89.08000183105469,58.65162658691406,1857900
2016-10-03,KHC,89.25,89.45999908447266,88.75,89.08000183105469,58.65162658691406,1857900
2016-10-04,KHC,89.29000091552734,89.29000091552734,87.69000244140625,88.0199966430664,57.95372009277344,1940500
2016-10-04,KHC,89.29000091552734,89.29000091552734,87.69000244140625,88.0199966430664,57.95372009277344,1940500
2016-10-05,KHC,88.31999969482422,88.31999969482422,87.33999633789062,87.37999725341797,57.5323371887207,1910900
2016-10-05,KHC,88.31999969482422,88.31999969482422,87.33999633789062,87.37999725341797,57.5323371887207,1910900
2016-10-06,KHC,87.02999877929688,87.66000366210938,86.77999877929688,87.48999786376953,57.60472869873047,1172000
2016-10-06,KHC,87.02999877929688,87.66000366210938,86.77999877929688,87.48999786376953,57.60472869873047,1172000
2016-10-07,KHC,87.76000213623047,87.76000213623047,86.69999694824219,87.4000015258789,57.54550552368164,1723500
2016-10-07,KHC,87.76000213623047,87.76000213623047,86.69999694824219,87.4000015258789,57.54550552368164,1723500
2016-10-10,KHC,87.44000244140625,88.66999816894531,87.44000244140625,88.5,58.26975631713867,2012500
2016-10-10,KHC,87.44000244140625,88.66999816894531,87.44000244140625,88.5,58.26975631713867,2012500
2016-10-11,KHC,88.23999786376953,88.5,87.05999755859375,87.23999786376953,57.44013214111328,2508700
2016-10-11,KHC,88.23999786376953,88.5,87.05999755859375,87.23999786376953,57.44013214111328,2508700
2016-10-12,KHC,88.45999908447266,88.45999908447266,87.0,87.13999938964844,57.374305725097656,3072600
2016-10-12,KHC,88.45999908447266,88.45999908447266,87.0,87.13999938964844,57.374305725097656,3072600
2016-10-13,KHC,86.79000091552734,87.31999969482422,86.5,87.05000305175781,57.3150520324707,2861900
2016-10-13,KHC,86.79000091552734,87.31999969482422,86.5,87.05000305175781,57.3150520324707,2861900
2016-10-14,KHC,87.33999633789062,88.69999694824219,87.05999755859375,88.52999877929688,58.28950881958008,2388900
2016-10-14,KHC,87.33999633789062,88.69999694824219,87.05999755859375,88.52999877929688,58.28950881958008,2388900
2016-10-17,KHC,88.72000122070312,89.0,88.02999877929688,88.83000183105469,58.48703002929688,2208400
2016-10-17,KHC,88.72000122070312,89.0,88.02999877929688,88.83000183105469,58.48703002929688,2208400
2016-10-18,KHC,90.08999633789062,90.1500015258789,88.9000015258789,88.93000030517578,58.552879333496094,2740000
2016-10-18,KHC,90.08999633789062,90.1500015258789,88.9000015258789,88.93000030517578,58.552879333496094,2740000
2016-10-19,KHC,88.93000030517578,88.94999694824219,87.55000305175781,88.08000183105469,57.99322128295898,2721000
2016-10-19,KHC,88.93000030517578,88.94999694824219,87.55000305175781,88.08000183105469,57.99322128295898,2721000
2016-10-20,KHC,87.22000122070312,88.76000213623047,87.22000122070312,87.95999908447266,57.91421127319336,2662100
2016-10-20,KHC,87.22000122070312,88.76000213623047,87.22000122070312,87.95999908447266,57.91421127319336,2662100
2016-10-21,KHC,87.6500015258789,88.18000030517578,86.9800033569336,87.91999816894531,57.88787460327149,2086600
2016-10-21,KHC,87.6500015258789,88.18000030517578,86.9800033569336,87.91999816894531,57.88787460327149,2086600
2016-10-24,KHC,88.61000061035156,89.22000122070312,88.51100158691406,88.91000366210938,58.53971862792969,1744500
2016-10-24,KHC,88.61000061035156,89.22000122070312,88.51100158691406,88.91000366210938,58.53971862792969,1744500
2016-10-25,KHC,89.2300033569336,89.68000030517578,88.16999816894531,88.36000061035156,58.17758941650391,3220100
2016-10-25,KHC,89.2300033569336,89.68000030517578,88.16999816894531,88.36000061035156,58.17758941650391,3220100
2016-10-26,KHC,88.51000213623047,88.69999694824219,87.91000366210938,88.08000183105469,57.99322128295898,1513400
2016-10-26,KHC,88.51000213623047,88.69999694824219,87.91000366210938,88.08000183105469,57.99322128295898,1513400
2016-10-27,KHC,88.16999816894531,88.37000274658203,87.18099975585938,87.69000244140625,57.736446380615234,2127800
2016-10-27,KHC,88.16999816894531,88.37000274658203,87.18099975585938,87.69000244140625,57.736446380615234,2127800
2016-10-28,KHC,87.4800033569336,88.66999816894531,87.4800033569336,88.08000183105469,57.99322128295898,1771100
2016-10-28,KHC,87.4800033569336,88.66999816894531,87.4800033569336,88.08000183105469,57.99322128295898,1771100
2016-10-31,KHC,88.44000244140625,89.16000366210938,88.30999755859375,88.94999694824219,58.56604766845703,3577400
2016-10-31,KHC,88.44000244140625,89.16000366210938,88.30999755859375,88.94999694824219,58.56604766845703,3577400
2016-11-01,KHC,89.0,89.18000030517578,88.11000061035156,88.37000274658203,58.18416595458984,2542700
2016-11-01,KHC,89.0,89.18000030517578,88.11000061035156,88.37000274658203,58.18416595458984,2542700
2016-11-02,KHC,88.62999725341797,88.69000244140625,87.9800033569336,88.1500015258789,58.03932571411133,1916700
2016-11-02,KHC,88.62999725341797,88.69000244140625,87.9800033569336,88.1500015258789,58.03932571411133,1916700
2016-11-03,KHC,88.12000274658203,88.37000274658203,86.12999725341797,86.25,56.78831481933594,5041900
2016-11-03,KHC,88.12000274658203,88.37000274658203,86.12999725341797,86.25,56.78831481933594,5041900
2016-11-04,KHC,82.02999877929688,85.23999786376953,81.0,84.05000305175781,55.33979415893555,7825200
2016-11-04,KHC,82.02999877929688,85.23999786376953,81.0,84.05000305175781,55.33979415893555,7825200
2016-11-07,KHC,85.31999969482422,86.08999633789062,84.30000305175781,86.02999877929688,56.64347839355469,4101100
2016-11-07,KHC,85.31999969482422,86.08999633789062,84.30000305175781,86.02999877929688,56.64347839355469,4101100
2016-11-08,KHC,86.2300033569336,88.83999633789062,86.06999969482422,88.33999633789062,58.1644172668457,2791200
2016-11-08,KHC,86.2300033569336,88.83999633789062,86.06999969482422,88.33999633789062,58.1644172668457,2791200
2016-11-09,KHC,86.18000030517578,86.97000122070312,84.18000030517578,84.94000244140625,55.9258041381836,5097200
2016-11-09,KHC,86.18000030517578,86.97000122070312,84.18000030517578,84.94000244140625,55.9258041381836,5097200
2016-11-10,KHC,85.02999877929688,85.52999877929688,80.55999755859375,81.41999816894531,53.60816955566406,7643600
2016-11-10,KHC,85.02999877929688,85.52999877929688,80.55999755859375,81.41999816894531,53.60816955566406,7643600
2016-11-11,KHC,81.0,81.73999786376953,80.16000366210938,81.20999908447266,53.46990966796875,4151100
2016-11-11,KHC,81.0,81.73999786376953,80.16000366210938,81.20999908447266,53.46990966796875,4151100
2016-11-14,KHC,81.01000213623047,81.62999725341797,79.91999816894531,80.08000183105469,52.72590637207031,4463400
2016-11-14,KHC,81.01000213623047,81.62999725341797,79.91999816894531,80.08000183105469,52.72590637207031,4463400
2016-11-15,KHC,80.56999969482422,81.72000122070312,80.22000122070312,81.13999938964844,53.423828125,5723900
2016-11-15,KHC,80.56999969482422,81.72000122070312,80.22000122070312,81.13999938964844,53.423828125,5723900
2016-11-16,KHC,81.37999725341797,82.75,81.29000091552734,82.4000015258789,54.25343704223633,3327200
2016-11-16,KHC,81.37999725341797,82.75,81.29000091552734,82.4000015258789,54.25343704223633,3327200
2016-11-17,KHC,82.30999755859375,82.83999633789062,81.5,82.83999633789062,54.543113708496094,3161600
2016-11-17,KHC,82.30999755859375,82.83999633789062,81.5,82.83999633789062,54.543113708496094,3161600
2016-11-18,KHC,82.69999694824219,82.93000030517578,82.0199966430664,82.52999877929688,54.3390007019043,2715700
2016-11-18,KHC,82.69999694824219,82.93000030517578,82.0199966430664,82.52999877929688,54.3390007019043,2715700
2016-11-21,KHC,82.52999877929688,83.81999969482422,82.20500183105469,83.63999938964844,55.069862365722656,2508600
2016-11-21,KHC,82.52999877929688,83.81999969482422,82.20500183105469,83.63999938964844,55.069862365722656,2508600
2016-11-22,KHC,83.86000061035156,84.47000122070312,83.69999694824219,84.08999633789062,55.36614608764648,2648000
2016-11-22,KHC,83.86000061035156,84.47000122070312,83.69999694824219,84.08999633789062,55.36614608764648,2648000
2016-11-23,KHC,83.80000305175781,84.30999755859375,81.7300033569336,82.44000244140625,54.27975845336914,3459900
2016-11-23,KHC,83.80000305175781,84.30999755859375,81.7300033569336,82.44000244140625,54.27975845336914,3459900
2016-11-25,KHC,82.62999725341797,83.29000091552734,82.62999725341797,82.94999694824219,54.61556243896485,1230300
2016-11-25,KHC,82.62999725341797,83.29000091552734,82.62999725341797,82.94999694824219,54.61556243896485,1230300
2016-11-28,KHC,82.94999694824219,83.66999816894531,82.36000061035156,83.22000122070312,54.793338775634766,2642300
2016-11-28,KHC,82.94999694824219,83.66999816894531,82.36000061035156,83.22000122070312,54.793338775634766,2642300
2016-11-29,KHC,83.4000015258789,84.5,83.12999725341797,84.0,55.30686569213867,3744600
2016-11-29,KHC,83.4000015258789,84.5,83.12999725341797,84.0,55.30686569213867,3744600
2016-11-30,KHC,83.0999984741211,83.51000213623047,81.6500015258789,81.6500015258789,54.1463623046875,3309900
2016-11-30,KHC,83.0999984741211,83.51000213623047,81.6500015258789,81.6500015258789,54.1463623046875,3309900
2016-12-01,KHC,81.51000213623047,81.77999877929688,79.93000030517578,80.48999786376953,53.37710952758789,4043300
2016-12-01,KHC,81.51000213623047,81.77999877929688,79.93000030517578,80.48999786376953,53.37710952758789,4043300
2016-12-02,KHC,80.73999786376953,81.5199966430664,80.3499984741211,80.91000366210938,53.65563583374024,2779300
2016-12-02,KHC,80.73999786376953,81.5199966430664,80.3499984741211,80.91000366210938,53.65563583374024,2779300
2016-12-05,KHC,80.91000366210938,81.1500015258789,80.11499786376953,80.27999877929688,53.23783493041992,4415500
2016-12-05,KHC,80.91000366210938,81.1500015258789,80.11499786376953,80.27999877929688,53.23783493041992,4415500
2016-12-06,KHC,80.61000061035156,80.87799835205078,79.69000244140625,79.95999908447266,53.02564239501953,3566800
2016-12-06,KHC,80.61000061035156,80.87799835205078,79.69000244140625,79.95999908447266,53.02564239501953,3566800
2016-12-07,KHC,80.44000244140625,83.20999908447266,80.2699966430664,82.94999694824219,55.00848007202149,4870200
2016-12-07,KHC,80.44000244140625,83.20999908447266,80.2699966430664,82.94999694824219,55.00848007202149,4870200
2016-12-08,KHC,82.58999633789062,82.79000091552734,81.86000061035156,82.30999755859375,54.58403396606445,2497500
2016-12-08,KHC,82.58999633789062,82.79000091552734,81.86000061035156,82.30999755859375,54.58403396606445,2497500
2016-12-09,KHC,82.55000305175781,83.79299926757812,82.06999969482422,83.77999877929688,55.558868408203125,2380900
2016-12-09,KHC,82.55000305175781,83.79299926757812,82.06999969482422,83.77999877929688,55.558868408203125,2380900
2016-12-12,KHC,83.5999984741211,84.83000183105469,83.29000091552734,84.19999694824219,55.837398529052734,2536300
2016-12-12,KHC,83.5999984741211,84.83000183105469,83.29000091552734,84.19999694824219,55.837398529052734,2536300
2016-12-13,KHC,84.5999984741211,85.5999984741211,84.02999877929688,84.94000244140625,56.32814407348633,3644100
2016-12-13,KHC,84.5999984741211,85.5999984741211,84.02999877929688,84.94000244140625,56.32814407348633,3644100
2016-12-14,KHC,84.9800033569336,85.4000015258789,83.72000122070312,84.36000061035156,55.94351577758789,3348600
2016-12-14,KHC,84.9800033569336,85.4000015258789,83.72000122070312,84.36000061035156,55.94351577758789,3348600
2016-12-15,KHC,85.12999725341797,86.05999755859375,84.12999725341797,85.37000274658203,56.61328506469727,4410100
2016-12-15,KHC,85.12999725341797,86.05999755859375,84.12999725341797,85.37000274658203,56.61328506469727,4410100
2016-12-16,KHC,85.87999725341797,86.55999755859375,84.86000061035156,86.45999908447266,57.33613586425781,6037700
2016-12-16,KHC,85.87999725341797,86.55999755859375,84.86000061035156,86.45999908447266,57.33613586425781,6037700
2016-12-19,KHC,86.3499984741211,86.88999938964844,85.72000122070312,86.5999984741211,57.42897033691406,3365400
2016-12-19,KHC,86.3499984741211,86.88999938964844,85.72000122070312,86.5999984741211,57.42897033691406,3365400
2016-12-20,KHC,86.27999877929688,86.5999984741211,85.33000183105469,85.9800033569336,57.01783752441406,2665500
2016-12-20,KHC,86.27999877929688,86.5999984741211,85.33000183105469,85.9800033569336,57.01783752441406,2665500
2016-12-21,KHC,85.93000030517578,86.98999786376953,85.80000305175781,86.61000061035156,57.43560409545898,2202000
2016-12-21,KHC,85.93000030517578,86.98999786376953,85.80000305175781,86.61000061035156,57.43560409545898,2202000
2016-12-22,KHC,86.44999694824219,87.29000091552734,86.30000305175781,87.27999877929688,57.87989807128906,1966300
2016-12-22,KHC,86.44999694824219,87.29000091552734,86.30000305175781,87.27999877929688,57.87989807128906,1966300
2016-12-23,KHC,87.0999984741211,87.62000274658203,86.95999908447266,87.56999969482422,58.07221984863281,2484700
2016-12-23,KHC,87.0999984741211,87.62000274658203,86.95999908447266,87.56999969482422,58.07221984863281,2484700
2016-12-27,KHC,87.66000366210938,88.08000183105469,87.30000305175781,87.58000183105469,58.07884979248047,1993200
2016-12-27,KHC,87.66000366210938,88.08000183105469,87.30000305175781,87.58000183105469,58.07884979248047,1993200
2016-12-28,KHC,87.5,87.7699966430664,87.02999877929688,87.30999755859375,57.89982223510742,1384800
2016-12-28,KHC,87.5,87.7699966430664,87.02999877929688,87.30999755859375,57.89982223510742,1384800
2016-12-29,KHC,87.30000305175781,88.1500015258789,87.30000305175781,87.93000030517578,58.310977935791016,1837800
2016-12-29,KHC,87.30000305175781,88.1500015258789,87.30000305175781,87.93000030517578,58.310977935791016,1837800
2016-12-30,KHC,88.0199966430664,88.16000366210938,87.06999969482422,87.31999969482422,57.90644073486328,2051400
2016-12-30,KHC,88.0199966430664,88.16000366210938,87.06999969482422,87.31999969482422,57.90644073486328,2051400
2017-01-03,KHC,87.8499984741211,87.97000122070312,86.4000015258789,87.52999877929688,58.04568862915039,3104600
2017-01-03,KHC,87.8499984741211,87.97000122070312,86.4000015258789,87.52999877929688,58.04568862915039,3104600
2017-01-04,KHC,87.5199966430664,87.97000122070312,86.9000015258789,87.02999877929688,57.714141845703125,2274900
2017-01-04,KHC,87.5199966430664,87.97000122070312,86.9000015258789,87.02999877929688,57.714141845703125,2274900
2017-01-05,KHC,86.9000015258789,87.30000305175781,86.08000183105469,86.52999877929688,57.3825569152832,3037400
2017-01-05,KHC,86.9000015258789,87.30000305175781,86.08000183105469,86.52999877929688,57.3825569152832,3037400
2017-01-06,KHC,86.52999877929688,86.62999725341797,85.83000183105469,86.30999755859375,57.23664474487305,2450200
2017-01-06,KHC,86.52999877929688,86.62999725341797,85.83000183105469,86.30999755859375,57.23664474487305,2450200
2017-01-09,KHC,86.25,86.4749984741211,85.58999633789062,86.06999969482422,57.07749176025391,2482400
2017-01-09,KHC,86.25,86.4749984741211,85.58999633789062,86.06999969482422,57.07749176025391,2482400
2017-01-10,KHC,85.8499984741211,86.30000305175781,85.41000366210938,85.91000366210938,56.97139739990234,2539900
2017-01-10,KHC,85.8499984741211,86.30000305175781,85.41000366210938,85.91000366210938,56.97139739990234,2539900
2017-01-11,KHC,86.12000274658203,87.04000091552734,86.04000091552734,86.76000213623047,57.53507995605469,2754500
2017-01-11,KHC,86.12000274658203,87.04000091552734,86.04000091552734,86.76000213623047,57.53507995605469,2754500
2017-01-12,KHC,86.83000183105469,87.7699966430664,86.5,87.41999816894531,57.97275161743164,2484700
2017-01-12,KHC,86.83000183105469,87.7699966430664,86.5,87.41999816894531,57.97275161743164,2484700
2017-01-13,KHC,87.41999816894531,87.43000030517578,86.5780029296875,87.02999877929688,57.714141845703125,1799100
2017-01-13,KHC,87.41999816894531,87.43000030517578,86.5780029296875,87.02999877929688,57.714141845703125,1799100
2017-01-17,KHC,86.70999908447266,87.9749984741211,86.70999908447266,87.91999816894531,58.30432891845703,2304800
2017-01-17,KHC,86.70999908447266,87.9749984741211,86.70999908447266,87.91999816894531,58.30432891845703,2304800
2017-01-18,KHC,87.80000305175781,88.58999633789062,87.80000305175781,88.3499984741211,58.58949279785156,2881800
2017-01-18,KHC,87.80000305175781,88.58999633789062,87.80000305175781,88.3499984741211,58.58949279785156,2881800
2017-01-19,KHC,88.18000030517578,88.43000030517578,87.55000305175781,87.8499984741211,58.25791549682617,1690600
2017-01-19,KHC,88.18000030517578,88.43000030517578,87.55000305175781,87.8499984741211,58.25791549682617,1690600
2017-01-20,KHC,88.3499984741211,89.0,88.01000213623047,88.94999694824219,58.98739242553711,2795500
2017-01-20,KHC,88.3499984741211,89.0,88.01000213623047,88.94999694824219,58.98739242553711,2795500
2017-01-23,KHC,88.66000366210938,88.94999694824219,88.19999694824219,88.80000305175781,58.88789749145508,2654100
2017-01-23,KHC,88.66000366210938,88.94999694824219,88.19999694824219,88.80000305175781,58.88789749145508,2654100
2017-01-24,KHC,88.91000366210938,89.19000244140625,88.31999969482422,88.69000244140625,58.81496810913086,2171100
2017-01-24,KHC,88.91000366210938,89.19000244140625,88.31999969482422,88.69000244140625,58.81496810913086,2171100
2017-01-25,KHC,88.93000030517578,89.2699966430664,88.41000366210938,88.83999633789062,58.9144287109375,2262100
2017-01-25,KHC,88.93000030517578,89.2699966430664,88.41000366210938,88.83999633789062,58.9144287109375,2262100
2017-01-26,KHC,89.48999786376953,89.9000015258789,88.71499633789062,89.41000366210938,59.29243469238281,3091900
2017-01-26,KHC,89.48999786376953,89.9000015258789,88.71499633789062,89.41000366210938,59.29243469238281,3091900
2017-01-27,KHC,88.95999908447266,89.7699966430664,88.77999877929688,89.43000030517578,59.30570602416992,1842800
2017-01-27,KHC,88.95999908447266,89.7699966430664,88.77999877929688,89.43000030517578,59.30570602416992,1842800
2017-01-30,KHC,89.08999633789062,89.5,88.62999725341797,89.08000183105469,59.07358551025391,2233600
2017-01-30,KHC,89.08999633789062,89.5,88.62999725341797,89.08000183105469,59.07358551025391,2233600
2017-01-31,KHC,88.9000015258789,89.55999755859375,88.83499908447266,89.29000091552734,59.21287536621094,2650500
2017-01-31,KHC,88.9000015258789,89.55999755859375,88.83499908447266,89.29000091552734,59.21287536621094,2650500
2017-02-01,KHC,88.88999938964844,89.33499908447266,88.30799865722656,88.41000366210938,58.6292724609375,1816800
2017-02-01,KHC,88.88999938964844,89.33499908447266,88.30799865722656,88.41000366210938,58.6292724609375,1816800
2017-02-02,KHC,88.51000213623047,89.0999984741211,88.31999969482422,88.61000061035156,58.76191711425781,1826700
2017-02-02,KHC,88.51000213623047,89.0999984741211,88.31999969482422,88.61000061035156,58.76191711425781,1826700
2017-02-03,KHC,89.20999908447266,89.3499984741211,88.63999938964844,89.2699966430664,59.1995964050293,2205100
2017-02-03,KHC,89.20999908447266,89.3499984741211,88.63999938964844,89.2699966430664,59.1995964050293,2205100
2017-02-06,KHC,89.30000305175781,89.4000015258789,88.63999938964844,88.69999694824219,58.821590423583984,1359800
2017-02-06,KHC,89.30000305175781,89.4000015258789,88.63999938964844,88.69999694824219,58.821590423583984,1359800
2017-02-07,KHC,88.70999908447266,89.0199966430664,88.5,88.80999755859375,58.89454650878906,2599300
2017-02-07,KHC,88.70999908447266,89.0199966430664,88.5,88.80999755859375,58.89454650878906,2599300
2017-02-08,KHC,88.80999755859375,89.30999755859375,88.79000091552734,89.19000244140625,59.14653396606445,3300300
2017-02-08,KHC,88.80999755859375,89.30999755859375,88.79000091552734,89.19000244140625,59.14653396606445,3300300
2017-02-09,KHC,89.2699966430664,90.38999938964844,89.04000091552734,89.77999877929688,59.53779602050781,2708300
2017-02-09,KHC,89.2699966430664,90.38999938964844,89.04000091552734,89.77999877929688,59.53779602050781,2708300
2017-02-10,KHC,89.5999984741211,90.54000091552734,89.33999633789062,90.1999969482422,59.81633758544922,1882100
2017-02-10,KHC,89.5999984741211,90.54000091552734,89.33999633789062,90.1999969482422,59.81633758544922,1882100
2017-02-13,KHC,90.30999755859376,90.5999984741211,89.69499969482422,90.58000183105467,60.06830596923828,1812500
2017-02-13,KHC,90.30999755859376,90.5999984741211,89.69499969482422,90.58000183105467,60.06830596923828,1812500
2017-02-14,KHC,90.56999969482422,91.06300354003906,90.0999984741211,90.80999755859376,60.220829010009766,2322700
2017-02-14,KHC,90.56999969482422,91.06300354003906,90.0999984741211,90.80999755859376,60.220829010009766,2322700
2017-02-15,KHC,91.12999725341795,91.3000030517578,90.26000213623048,91.09500122070312,60.40984344482422,3083900
2017-02-15,KHC,91.12999725341795,91.3000030517578,90.26000213623048,91.09500122070312,60.40984344482422,3083900
2017-02-16,KHC,89.0999984741211,89.83999633789062,86.3499984741211,87.27999877929688,57.87989807128906,10584700
2017-02-16,KHC,89.0999984741211,89.83999633789062,86.3499984741211,87.27999877929688,57.87989807128906,10584700
2017-02-17,KHC,92.0,97.7699966430664,91.8499984741211,96.6500015258789,64.09365844726562,30007700
2017-02-17,KHC,92.0,97.7699966430664,91.8499984741211,96.6500015258789,64.09365844726562,30007700
2017-02-21,KHC,91.81999969482422,95.4800033569336,91.3499984741211,94.87000274658205,62.913230895996094,14423200
2017-02-21,KHC,91.81999969482422,95.4800033569336,91.3499984741211,94.87000274658205,62.913230895996094,14423200
2017-02-22,KHC,94.8499984741211,95.0,92.98999786376952,93.36000061035156,61.911888122558594,4990400
2017-02-22,KHC,94.8499984741211,95.0,92.98999786376952,93.36000061035156,61.911888122558594,4990400
2017-02-23,KHC,93.29000091552734,93.62000274658205,92.3499984741211,92.94000244140624,61.63335418701172,2901000
2017-02-23,KHC,93.29000091552734,93.62000274658205,92.3499984741211,92.94000244140624,61.63335418701172,2901000
2017-02-24,KHC,93.51000213623048,93.8000030517578,92.56999969482422,93.08000183105467,61.72620391845703,2670500
2017-02-24,KHC,93.51000213623048,93.8000030517578,92.56999969482422,93.08000183105467,61.72620391845703,2670500
2017-02-27,KHC,92.5999984741211,92.87000274658205,90.33000183105467,90.61000061035156,60.08823394775391,6084900
2017-02-27,KHC,92.5999984741211,92.87000274658205,90.33000183105467,90.61000061035156,60.08823394775391,6084900
2017-02-28,KHC,90.68000030517578,91.9800033569336,90.3499984741211,91.51000213623048,60.6850471496582,4267700
2017-02-28,KHC,90.68000030517578,91.9800033569336,90.3499984741211,91.51000213623048,60.6850471496582,4267700
2017-03-01,KHC,91.7699966430664,91.91000366210938,90.6500015258789,91.43000030517578,61.032169342041016,2858600
2017-03-01,KHC,91.7699966430664,91.91000366210938,90.6500015258789,91.43000030517578,61.032169342041016,2858600
2017-03-02,KHC,91.5,91.69000244140624,90.77999877929688,91.27999877929688,60.93202972412109,2552700
2017-03-02,KHC,91.5,91.69000244140624,90.77999877929688,91.27999877929688,60.93202972412109,2552700
2017-03-03,KHC,91.25,91.5,90.80999755859376,91.5,61.078887939453125,1653000
2017-03-03,KHC,91.25,91.5,90.80999755859376,91.5,61.078887939453125,1653000
2017-03-06,KHC,91.0199966430664,91.51000213623048,90.79000091552734,91.16000366210938,60.85194396972656,2044900
2017-03-06,KHC,91.0199966430664,91.51000213623048,90.79000091552734,91.16000366210938,60.85194396972656,2044900
2017-03-07,KHC,90.80999755859376,91.44000244140624,90.72000122070312,90.8000030517578,60.61161804199219,1491000
2017-03-07,KHC,90.80999755859376,91.44000244140624,90.72000122070312,90.8000030517578,60.61161804199219,1491000
2017-03-08,KHC,90.66999816894533,91.16999816894533,90.44000244140624,90.9000015258789,60.67838287353516,2034200
2017-03-08,KHC,90.66999816894533,91.16999816894533,90.44000244140624,90.9000015258789,60.67838287353516,2034200
2017-03-09,KHC,90.7699966430664,91.58499908447266,90.62000274658205,91.52999877929688,61.098915100097656,2108500
2017-03-09,KHC,90.7699966430664,91.58499908447266,90.62000274658205,91.52999877929688,61.098915100097656,2108500
2017-03-10,KHC,92.08000183105467,92.09100341796876,91.26000213623048,91.51000213623048,61.085567474365234,2277100
2017-03-10,KHC,92.08000183105467,92.09100341796876,91.26000213623048,91.51000213623048,61.085567474365234,2277100
2017-03-13,KHC,91.37000274658205,91.5,91.0199966430664,91.18000030517578,60.86526870727539,2182900
2017-03-13,KHC,91.37000274658205,91.5,91.0199966430664,91.18000030517578,60.86526870727539,2182900
2017-03-14,KHC,91.16000366210938,91.3499984741211,90.66999816894533,91.05999755859376,60.78519058227539,2097300
2017-03-14,KHC,91.16000366210938,91.3499984741211,90.66999816894533,91.05999755859376,60.78519058227539,2097300
2017-03-15,KHC,91.58999633789062,92.13999938964844,91.08999633789062,91.83999633789062,61.30586242675781,2076300
2017-03-15,KHC,91.58999633789062,92.13999938964844,91.08999633789062,91.83999633789062,61.30586242675781,2076300
2017-03-16,KHC,92.73999786376952,93.2699966430664,92.16000366210938,92.7699966430664,61.92665100097656,4139000
2017-03-16,KHC,92.73999786376952,93.2699966430664,92.16000366210938,92.7699966430664,61.92665100097656,4139000
2017-03-17,KHC,93.5999984741211,93.66999816894533,91.81999969482422,91.9800033569336,61.39930725097656,5655700
2017-03-17,KHC,93.5999984741211,93.66999816894533,91.81999969482422,91.9800033569336,61.39930725097656,5655700
2017-03-20,KHC,92.02999877929688,92.9499969482422,91.88999938964844,92.36000061035156,61.652957916259766,2063000
2017-03-20,KHC,92.02999877929688,92.9499969482422,91.88999938964844,92.36000061035156,61.652957916259766,2063000
2017-03-21,KHC,92.30999755859376,92.77999877929688,91.58999633789062,91.9000015258789,61.34590911865234,2322600
2017-03-21,KHC,92.30999755859376,92.77999877929688,91.58999633789062,91.9000015258789,61.34590911865234,2322600
2017-03-22,KHC,92.25,92.75,92.04000091552734,92.29000091552734,61.60624313354492,1540300
2017-03-22,KHC,92.25,92.75,92.04000091552734,92.29000091552734,61.60624313354492,1540300
2017-03-23,KHC,92.0500030517578,92.77999877929688,91.9000015258789,92.01000213623048,61.41933441162109,1833300
2017-03-23,KHC,92.0500030517578,92.77999877929688,91.9000015258789,92.01000213623048,61.41933441162109,1833300
2017-03-24,KHC,92.23999786376952,92.4000015258789,91.31999969482422,91.68000030517578,61.19904327392578,1703800
2017-03-24,KHC,92.23999786376952,92.4000015258789,91.31999969482422,91.68000030517578,61.19904327392578,1703800
2017-03-27,KHC,91.5,91.58999633789062,91.09100341796876,91.25,60.91200637817383,1699000
2017-03-27,KHC,91.5,91.58999633789062,91.09100341796876,91.25,60.91200637817383,1699000
2017-03-28,KHC,90.77999877929688,91.66500091552734,90.77999877929688,91.41000366210938,61.01884460449219,2222800
2017-03-28,KHC,90.77999877929688,91.66500091552734,90.77999877929688,91.41000366210938,61.01884460449219,2222800
2017-03-29,KHC,91.1999969482422,91.5999984741211,91.05999755859376,91.48999786376952,61.07221221923828,1462600
2017-03-29,KHC,91.1999969482422,91.5999984741211,91.05999755859376,91.48999786376952,61.07221221923828,1462600
2017-03-30,KHC,91.43000030517578,91.66999816894533,91.04000091552734,91.0999984741211,60.811893463134766,1143100
2017-03-30,KHC,91.43000030517578,91.66999816894533,91.04000091552734,91.0999984741211,60.811893463134766,1143100
2017-03-31,KHC,90.87999725341795,91.19000244140624,90.56999969482422,90.80999755859376,60.6182861328125,2205100
2017-03-31,KHC,90.87999725341795,91.19000244140624,90.56999969482422,90.80999755859376,60.6182861328125,2205100
2017-04-03,KHC,90.8000030517578,91.27999877929688,90.62999725341795,91.05999755859376,60.78519058227539,3414800
2017-04-03,KHC,90.8000030517578,91.27999877929688,90.62999725341795,91.05999755859376,60.78519058227539,3414800
2017-04-04,KHC,90.6999969482422,91.25,90.2699966430664,91.22000122070312,60.89199066162109,2194000
2017-04-04,KHC,90.6999969482422,91.25,90.2699966430664,91.22000122070312,60.89199066162109,2194000
2017-04-05,KHC,91.0999984741211,92.41999816894533,91.02999877929688,91.41999816894533,61.02550506591797,2694700
2017-04-05,KHC,91.0999984741211,92.41999816894533,91.02999877929688,91.41999816894533,61.02550506591797,2694700
2017-04-06,KHC,91.48999786376952,91.79000091552734,90.6500015258789,90.9499969482422,60.711761474609375,2096900
2017-04-06,KHC,91.48999786376952,91.79000091552734,90.6500015258789,90.9499969482422,60.711761474609375,2096900
2017-04-07,KHC,91.16999816894533,91.48999786376952,90.66999816894533,90.6999969482422,60.54484558105469,2000300
2017-04-07,KHC,91.16999816894533,91.48999786376952,90.66999816894533,90.6999969482422,60.54484558105469,2000300
2017-04-10,KHC,90.6500015258789,91.0,90.16000366210938,90.88999938964844,60.67169570922852,3496900
2017-04-10,KHC,90.6500015258789,91.0,90.16000366210938,90.88999938964844,60.67169570922852,3496900
2017-04-11,KHC,90.88999938964844,91.06999969482422,90.38800048828124,90.83000183105467,60.63166046142578,1396500
2017-04-11,KHC,90.88999938964844,91.06999969482422,90.38800048828124,90.83000183105467,60.63166046142578,1396500
2017-04-12,KHC,91.02999877929688,92.13999938964844,91.01000213623048,91.93000030517578,61.36593627929688,2007400
2017-04-12,KHC,91.02999877929688,92.13999938964844,91.01000213623048,91.93000030517578,61.36593627929688,2007400
2017-04-13,KHC,92.0500030517578,92.0500030517578,91.4800033569336,91.5,61.078887939453125,1816300
2017-04-13,KHC,92.0500030517578,92.0500030517578,91.4800033569336,91.5,61.078887939453125,1816300
2017-04-17,KHC,91.8000030517578,91.95999908447266,91.02999877929688,91.58000183105467,61.13229751586914,1803800
2017-04-17,KHC,91.8000030517578,91.95999908447266,91.02999877929688,91.58000183105467,61.13229751586914,1803800
2017-04-18,KHC,91.54000091552734,92.62999725341795,91.33000183105467,92.5,61.74639892578125,2135100
2017-04-18,KHC,91.54000091552734,92.62999725341795,91.33000183105467,92.5,61.74639892578125,2135100
2017-04-19,KHC,92.43000030517578,92.4499969482422,91.69000244140624,91.8499984741211,61.31252670288086,1978300
2017-04-19,KHC,92.43000030517578,92.4499969482422,91.69000244140624,91.8499984741211,61.31252670288086,1978300
2017-04-20,KHC,92.11000061035156,92.4000015258789,91.5500030517578,92.04000091552734,61.439361572265625,1787900
2017-04-20,KHC,92.11000061035156,92.4000015258789,91.5500030517578,92.04000091552734,61.439361572265625,1787900
2017-04-21,KHC,92.12999725341795,92.23999786376952,91.55999755859376,91.5999984741211,61.145633697509766,1964500
2017-04-21,KHC,92.12999725341795,92.23999786376952,91.55999755859376,91.5999984741211,61.145633697509766,1964500
2017-04-24,KHC,92.01000213623048,92.87000274658205,92.01000213623048,92.55999755859376,61.78647994995117,2185400
2017-04-24,KHC,92.01000213623048,92.87000274658205,92.01000213623048,92.55999755859376,61.78647994995117,2185400
2017-04-25,KHC,92.63999938964844,92.8949966430664,92.27999877929688,92.29000091552734,61.60624313354492,1882400
2017-04-25,KHC,92.63999938964844,92.8949966430664,92.27999877929688,92.29000091552734,61.60624313354492,1882400
2017-04-26,KHC,92.31999969482422,92.33000183105467,90.87999725341795,90.91999816894533,60.69173431396485,2736600
2017-04-26,KHC,92.31999969482422,92.33000183105467,90.87999725341795,90.91999816894533,60.69173431396485,2736600
2017-04-27,KHC,90.91999816894533,91.41999816894533,90.66000366210938,90.83000183105467,60.63166046142578,2290300
2017-04-27,KHC,90.91999816894533,91.41999816894533,90.66000366210938,90.83000183105467,60.63166046142578,2290300
2017-04-28,KHC,91.1999969482422,91.2300033569336,89.83000183105469,90.38999938964844,60.33792495727539,2894500
2017-04-28,KHC,91.1999969482422,91.2300033569336,89.83000183105469,90.38999938964844,60.33792495727539,2894500
2017-05-01,KHC,90.6500015258789,90.75,89.3499984741211,89.47000122070312,59.723819732666016,3363600
2017-05-01,KHC,90.6500015258789,90.75,89.3499984741211,89.47000122070312,59.723819732666016,3363600
2017-05-02,KHC,89.63999938964844,89.83000183105469,88.76000213623047,89.0,59.41006851196289,3058600
2017-05-02,KHC,89.63999938964844,89.83000183105469,88.76000213623047,89.0,59.41006851196289,3058600
2017-05-03,KHC,90.22000122070312,90.22000122070312,88.9000015258789,89.13999938964844,59.50352096557617,2695300
2017-05-03,KHC,90.22000122070312,90.22000122070312,88.9000015258789,89.13999938964844,59.50352096557617,2695300
2017-05-04,KHC,88.0,91.8000030517578,87.13999938964844,89.69999694824219,59.87733459472656,6391200
2017-05-04,KHC,88.0,91.8000030517578,87.13999938964844,89.69999694824219,59.87733459472656,6391200
2017-05-05,KHC,89.86000061035156,90.0999984741211,89.18000030517578,89.62999725341797,59.83060073852539,2267300
2017-05-05,KHC,89.86000061035156,90.0999984741211,89.18000030517578,89.62999725341797,59.83060073852539,2267300
2017-05-08,KHC,89.58000183105469,89.7699966430664,89.0,89.4800033569336,59.73048400878906,2311600
2017-05-08,KHC,89.58000183105469,89.7699966430664,89.0,89.4800033569336,59.73048400878906,2311600
2017-05-09,KHC,89.2300033569336,89.6510009765625,88.87000274658203,89.19999694824219,59.54357147216797,2299200
2017-05-09,KHC,89.2300033569336,89.6510009765625,88.87000274658203,89.19999694824219,59.54357147216797,2299200
2017-05-10,KHC,89.11000061035156,89.4000015258789,88.94000244140625,89.33000183105469,59.63036346435547,1654400
2017-05-10,KHC,89.11000061035156,89.4000015258789,88.94000244140625,89.33000183105469,59.63036346435547,1654400
2017-05-11,KHC,88.80000305175781,89.45999908447266,88.80000305175781,89.27999877929688,59.59699249267578,1402500
2017-05-11,KHC,88.80000305175781,89.45999908447266,88.80000305175781,89.27999877929688,59.59699249267578,1402500
2017-05-12,KHC,89.33999633789062,89.44999694824219,88.66999816894531,88.94999694824219,59.376708984375,1827300
2017-05-12,KHC,89.33999633789062,89.44999694824219,88.66999816894531,88.94999694824219,59.376708984375,1827300
2017-05-15,KHC,88.76000213623047,89.47000122070312,88.55999755859375,89.44999694824219,59.7104606628418,2029600
2017-05-15,KHC,88.76000213623047,89.47000122070312,88.55999755859375,89.44999694824219,59.7104606628418,2029600
2017-05-16,KHC,89.26000213623047,89.83000183105469,88.8499984741211,89.11000061035156,59.48349380493164,1974600
2017-05-16,KHC,89.26000213623047,89.83000183105469,88.8499984741211,89.11000061035156,59.48349380493164,1974600
2017-05-17,KHC,88.91000366210938,90.13999938964844,88.51000213623047,89.51000213623047,60.15555191040039,3866600
2017-05-17,KHC,88.91000366210938,90.13999938964844,88.51000213623047,89.51000213623047,60.15555191040039,3866600
2017-05-18,KHC,89.6500015258789,90.7300033569336,88.91000366210938,90.16000366210938,60.59239959716797,2854700
2017-05-18,KHC,89.6500015258789,90.7300033569336,88.91000366210938,90.16000366210938,60.59239959716797,2854700
2017-05-19,KHC,89.75,90.5500030517578,89.4000015258789,90.27999877929688,60.67304229736328,2707600
2017-05-19,KHC,89.75,90.5500030517578,89.4000015258789,90.27999877929688,60.67304229736328,2707600
2017-05-22,KHC,90.11000061035156,91.33000183105467,90.04000091552734,91.18000030517578,61.27786636352539,1830500
2017-05-22,KHC,90.11000061035156,91.33000183105467,90.04000091552734,91.18000030517578,61.27786636352539,1830500
2017-05-23,KHC,91.20999908447266,92.0,91.01000213623048,91.87000274658205,61.74159240722656,1803500
2017-05-23,KHC,91.20999908447266,92.0,91.01000213623048,91.87000274658205,61.74159240722656,1803500
2017-05-24,KHC,92.0,92.66000366210938,91.77999877929688,92.58999633789062,62.22547149658203,1814900
2017-05-24,KHC,92.0,92.66000366210938,91.77999877929688,92.58999633789062,62.22547149658203,1814900
2017-05-25,KHC,92.69000244140624,93.01000213623048,92.37999725341795,92.80999755859376,62.37333679199219,1665400
2017-05-25,KHC,92.69000244140624,93.01000213623048,92.37999725341795,92.80999755859376,62.37333679199219,1665400
2017-05-26,KHC,92.9000015258789,93.08999633789062,92.5199966430664,92.98999786376952,62.49429321289063,1308000
2017-05-26,KHC,92.9000015258789,93.08999633789062,92.5199966430664,92.98999786376952,62.49429321289063,1308000
2017-05-30,KHC,92.94000244140624,93.0,92.18800354003906,92.45999908447266,62.13811874389648,1952600
2017-05-30,KHC,92.94000244140624,93.0,92.18800354003906,92.45999908447266,62.13811874389648,1952600
2017-05-31,KHC,92.62999725341795,92.9499969482422,91.97000122070312,92.1999969482422,61.96337127685547,2283000
2017-05-31,KHC,92.62999725341795,92.9499969482422,91.97000122070312,92.1999969482422,61.96337127685547,2283000
2017-06-01,KHC,92.3499984741211,92.73999786376952,91.41999816894533,92.7300033569336,62.319557189941406,2466000
2017-06-01,KHC,92.3499984741211,92.73999786376952,91.41999816894533,92.7300033569336,62.319557189941406,2466000
2017-06-02,KHC,92.94000244140624,93.5500030517578,92.37999725341795,93.54000091552734,62.86391830444336,2506100
2017-06-02,KHC,92.94000244140624,93.5500030517578,92.37999725341795,93.54000091552734,62.86391830444336,2506100
2017-06-05,KHC,93.58000183105467,93.6999969482422,93.0500030517578,93.44000244140624,62.79673385620117,1707500
2017-06-05,KHC,93.58000183105467,93.6999969482422,93.0500030517578,93.44000244140624,62.79673385620117,1707500
2017-06-06,KHC,93.4499969482422,93.87000274658205,93.08000183105467,93.20999908447266,62.64214324951172,1758500
2017-06-06,KHC,93.4499969482422,93.87000274658205,93.08000183105467,93.20999908447266,62.64214324951172,1758500
2017-06-07,KHC,93.4499969482422,93.87999725341795,93.13999938964844,93.7699966430664,63.01848220825195,1987300
2017-06-07,KHC,93.4499969482422,93.87999725341795,93.13999938964844,93.7699966430664,63.01848220825195,1987300
2017-06-08,KHC,93.45999908447266,93.66999816894533,92.4749984741211,92.56999969482422,62.21204376220703,2458700
2017-06-08,KHC,93.45999908447266,93.66999816894533,92.4749984741211,92.56999969482422,62.21204376220703,2458700
2017-06-09,KHC,92.4800033569336,92.54000091552734,90.45999908447266,90.83000183105467,61.04267501831055,2801800
2017-06-09,KHC,92.4800033569336,92.54000091552734,90.45999908447266,90.83000183105467,61.04267501831055,2801800
2017-06-12,KHC,90.5999984741211,92.41999816894533,90.4290008544922,91.25,61.32492065429688,2720600
2017-06-12,KHC,90.5999984741211,92.41999816894533,90.4290008544922,91.25,61.32492065429688,2720600
2017-06-13,KHC,90.68000030517578,91.66000366210938,90.16999816894533,91.58999633789062,61.55343627929688,1909800
2017-06-13,KHC,90.68000030517578,91.66000366210938,90.16999816894533,91.58999633789062,61.55343627929688,1909800
2017-06-14,KHC,92.1500015258789,92.4499969482422,90.98999786376952,91.45999908447266,61.466068267822266,1697300
2017-06-14,KHC,92.1500015258789,92.4499969482422,90.98999786376952,91.45999908447266,61.466068267822266,1697300
2017-06-15,KHC,91.16000366210938,91.83999633789062,91.01000213623048,91.6500015258789,61.59375762939453,2312700
2017-06-15,KHC,91.16000366210938,91.83999633789062,91.01000213623048,91.6500015258789,61.59375762939453,2312700
2017-06-16,KHC,90.87000274658205,91.22000122070312,88.91000366210938,89.41000366210938,60.088356018066406,7470600
2017-06-16,KHC,90.87000274658205,91.22000122070312,88.91000366210938,89.41000366210938,60.088356018066406,7470600
2017-06-19,KHC,89.95999908447266,90.23999786376952,89.0199966430664,89.8499984741211,60.38405990600586,3331600
2017-06-19,KHC,89.95999908447266,90.23999786376952,89.0199966430664,89.8499984741211,60.38405990600586,3331600
2017-06-20,KHC,89.66000366210938,89.77200317382812,89.13999938964844,89.27999877929688,60.00099563598633,2659500
2017-06-20,KHC,89.66000366210938,89.77200317382812,89.13999938964844,89.27999877929688,60.00099563598633,2659500
2017-06-21,KHC,89.30999755859375,89.697998046875,89.11000061035156,89.4000015258789,60.08163833618164,2186200
2017-06-21,KHC,89.30999755859375,89.697998046875,89.11000061035156,89.4000015258789,60.08163833618164,2186200
2017-06-22,KHC,89.47000122070312,89.75,88.8949966430664,89.0999984741211,59.880008697509766,2721000
2017-06-22,KHC,89.47000122070312,89.75,88.8949966430664,89.0999984741211,59.880008697509766,2721000
2017-06-23,KHC,89.4000015258789,89.4000015258789,88.56999969482422,88.8499984741211,59.71199798583984,4205800
2017-06-23,KHC,89.4000015258789,89.4000015258789,88.56999969482422,88.8499984741211,59.71199798583984,4205800
2017-06-26,KHC,89.52999877929688,89.7300033569336,88.87000274658203,88.94000244140625,59.772491455078125,1704300
2017-06-26,KHC,89.52999877929688,89.7300033569336,88.87000274658203,88.94000244140625,59.772491455078125,1704300
2017-06-27,KHC,88.76000213623047,88.94999694824219,87.4800033569336,87.51000213623047,58.811431884765625,2962100
2017-06-27,KHC,88.76000213623047,88.94999694824219,87.4800033569336,87.51000213623047,58.811431884765625,2962100
2017-06-28,KHC,88.11000061035156,88.48999786376953,87.20999908447266,87.81999969482422,59.019779205322266,3032300
2017-06-28,KHC,88.11000061035156,88.48999786376953,87.20999908447266,87.81999969482422,59.019779205322266,3032300
2017-06-29,KHC,87.69000244140625,87.81300354003906,85.44999694824219,85.76000213623047,57.63534927368164,5189200
2017-06-29,KHC,87.69000244140625,87.81300354003906,85.44999694824219,85.76000213623047,57.63534927368164,5189200
2017-06-30,KHC,87.19999694824219,87.2699966430664,85.5,85.63999938964844,57.55469131469727,3415000
2017-06-30,KHC,87.19999694824219,87.2699966430664,85.5,85.63999938964844,57.55469131469727,3415000
2017-07-03,KHC,85.95999908447266,86.0999984741211,84.38999938964844,84.47000122070312,56.76839447021485,2905500
2017-07-03,KHC,85.95999908447266,86.0999984741211,84.38999938964844,84.47000122070312,56.76839447021485,2905500
2017-07-05,KHC,84.45999908447266,84.76000213623047,83.6449966430664,83.79000091552734,56.31139755249024,4607700
2017-07-05,KHC,84.45999908447266,84.76000213623047,83.6449966430664,83.79000091552734,56.31139755249024,4607700
2017-07-06,KHC,83.30000305175781,83.61000061035156,82.62000274658203,82.81999969482422,55.65950775146485,3403100
2017-07-06,KHC,83.30000305175781,83.61000061035156,82.62000274658203,82.81999969482422,55.65950775146485,3403100
2017-07-07,KHC,82.58000183105469,83.9000015258789,82.19999694824219,83.04000091552734,55.80736923217773,3454600
2017-07-07,KHC,82.58000183105469,83.9000015258789,82.19999694824219,83.04000091552734,55.80736923217773,3454600
2017-07-10,KHC,83.38999938964844,83.7300033569336,82.76000213623047,82.7699966430664,55.62591552734375,2980600
2017-07-10,KHC,83.38999938964844,83.7300033569336,82.76000213623047,82.7699966430664,55.62591552734375,2980600
2017-07-11,KHC,82.19999694824219,83.98999786376953,82.19999694824219,83.75,56.28451156616211,5022700
2017-07-11,KHC,82.19999694824219,83.98999786376953,82.19999694824219,83.75,56.28451156616211,5022700
2017-07-12,KHC,84.33000183105469,85.18000030517578,84.29000091552734,84.69999694824219,56.922969818115234,4026400
2017-07-12,KHC,84.33000183105469,85.18000030517578,84.29000091552734,84.69999694824219,56.922969818115234,4026400
2017-07-13,KHC,84.73999786376953,85.04000091552734,84.33499908447266,84.8499984741211,57.02377700805664,2626500
2017-07-13,KHC,84.73999786376953,85.04000091552734,84.33499908447266,84.8499984741211,57.02377700805664,2626500
2017-07-14,KHC,85.30999755859375,85.69999694824219,84.83000183105469,85.6500015258789,57.56143569946289,2533600
2017-07-14,KHC,85.30999755859375,85.69999694824219,84.83000183105469,85.6500015258789,57.56143569946289,2533600
2017-07-17,KHC,85.68000030517578,85.75,85.08999633789062,85.5999984741211,57.52781295776367,1831500
2017-07-17,KHC,85.68000030517578,85.75,85.08999633789062,85.5999984741211,57.52781295776367,1831500
2017-07-18,KHC,85.69000244140625,85.8499984741211,85.1729965209961,85.5999984741211,57.52781295776367,1586800
2017-07-18,KHC,85.69000244140625,85.8499984741211,85.1729965209961,85.5999984741211,57.52781295776367,1586800
2017-07-19,KHC,85.62999725341797,85.8499984741211,85.20999908447266,85.69000244140625,57.58831405639648,2184500
2017-07-19,KHC,85.62999725341797,85.8499984741211,85.20999908447266,85.69000244140625,57.58831405639648,2184500
2017-07-20,KHC,86.0999984741211,86.0999984741211,85.66500091552734,85.9000015258789,57.72943115234375,2770500
2017-07-20,KHC,86.0999984741211,86.0999984741211,85.66500091552734,85.9000015258789,57.72943115234375,2770500
2017-07-21,KHC,85.66000366210938,86.19000244140625,85.41000366210938,86.16000366210938,57.9041748046875,2840800
2017-07-21,KHC,85.66000366210938,86.19000244140625,85.41000366210938,86.16000366210938,57.9041748046875,2840800
2017-07-24,KHC,86.12000274658203,86.30999755859375,85.5999984741211,86.22000122070312,57.94450378417969,1881400
2017-07-24,KHC,86.12000274658203,86.30999755859375,85.5999984741211,86.22000122070312,57.94450378417969,1881400
2017-07-25,KHC,86.23999786376953,87.61000061035156,86.1449966430664,87.41999816894531,58.75095748901367,3016900
2017-07-25,KHC,86.23999786376953,87.61000061035156,86.1449966430664,87.41999816894531,58.75095748901367,3016900
2017-07-26,KHC,87.5,90.37999725341795,87.41000366210938,87.66000366210938,58.91226196289063,2935300
2017-07-26,KHC,87.5,90.37999725341795,87.41000366210938,87.66000366210938,58.91226196289063,2935300
2017-07-27,KHC,87.52999877929688,88.22000122070312,87.30999755859375,88.19000244140625,59.26845169067383,3025800
2017-07-27,KHC,87.52999877929688,88.22000122070312,87.30999755859375,88.19000244140625,59.26845169067383,3025800
2017-07-28,KHC,87.80000305175781,88.06999969482422,87.06999969482422,87.63999938964844,58.8988151550293,1902100
2017-07-28,KHC,87.80000305175781,88.06999969482422,87.06999969482422,87.63999938964844,58.8988151550293,1902100
2017-07-31,KHC,87.79000091552734,87.98999786376953,86.9800033569336,87.45999908447266,58.7778434753418,2593100
2017-07-31,KHC,87.79000091552734,87.98999786376953,86.9800033569336,87.45999908447266,58.7778434753418,2593100
2017-08-01,KHC,87.37999725341797,87.7699966430664,86.55000305175781,86.66999816894531,58.24690628051758,3281500
2017-08-01,KHC,87.37999725341797,87.7699966430664,86.55000305175781,86.66999816894531,58.24690628051758,3281500
2017-08-02,KHC,86.29000091552734,87.13999938964844,85.4800033569336,86.87000274658203,58.38132858276367,3770500
2017-08-02,KHC,86.29000091552734,87.13999938964844,85.4800033569336,86.87000274658203,58.38132858276367,3770500
2017-08-03,KHC,86.9000015258789,87.5989990234375,86.33000183105469,86.51000213623047,58.1393928527832,3966400
2017-08-03,KHC,86.9000015258789,87.5989990234375,86.33000183105469,86.51000213623047,58.1393928527832,3966400
2017-08-04,KHC,87.58000183105469,87.58000183105469,85.98100280761719,86.66000366210938,58.240211486816406,8002300
2017-08-04,KHC,87.58000183105469,87.58000183105469,85.98100280761719,86.66000366210938,58.240211486816406,8002300
2017-08-07,KHC,86.54000091552734,87.2300033569336,86.26000213623047,87.0199966430664,58.48213577270508,3195100
2017-08-07,KHC,86.54000091552734,87.2300033569336,86.26000213623047,87.0199966430664,58.48213577270508,3195100
2017-08-08,KHC,86.63999938964844,86.9800033569336,86.0199966430664,86.16000366210938,57.9041748046875,3125500
2017-08-08,KHC,86.63999938964844,86.9800033569336,86.0199966430664,86.16000366210938,57.9041748046875,3125500
2017-08-09,KHC,86.0,86.73999786376953,85.51000213623047,86.45999908447266,58.10579299926758,2527100
2017-08-09,KHC,86.0,86.73999786376953,85.51000213623047,86.45999908447266,58.10579299926758,2527100
2017-08-10,KHC,85.91999816894531,86.4000015258789,85.58000183105469,85.88999938964844,57.72270202636719,3015600
2017-08-10,KHC,85.91999816894531,86.4000015258789,85.58000183105469,85.88999938964844,57.72270202636719,3015600
2017-08-11,KHC,85.9000015258789,86.56999969482422,85.63999938964844,86.47000122070312,58.11251068115234,2538900
2017-08-11,KHC,85.9000015258789,86.56999969482422,85.63999938964844,86.47000122070312,58.11251068115234,2538900
2017-08-14,KHC,86.75,87.29000091552734,86.5,87.0199966430664,58.48213577270508,2473400
2017-08-14,KHC,86.75,87.29000091552734,86.5,87.0199966430664,58.48213577270508,2473400
2017-08-15,KHC,87.05000305175781,87.19999694824219,86.50199890136719,86.73999786376953,58.29394912719727,1766700
2017-08-15,KHC,87.05000305175781,87.19999694824219,86.50199890136719,86.73999786376953,58.29394912719727,1766700
2017-08-16,KHC,86.44999694824219,86.68000030517578,86.27999877929688,86.5,58.55458450317383,1920100
2017-08-16,KHC,86.44999694824219,86.68000030517578,86.27999877929688,86.5,58.55458450317383,1920100
2017-08-17,KHC,86.2699966430664,86.76000213623047,85.08000183105469,85.11000061035156,57.61365509033203,3023000
2017-08-17,KHC,86.2699966430664,86.76000213623047,85.08000183105469,85.11000061035156,57.61365509033203,3023000
2017-08-18,KHC,84.91999816894531,85.27999877929688,84.16000366210938,84.48999786376953,57.193946838378906,2833500
2017-08-18,KHC,84.91999816894531,85.27999877929688,84.16000366210938,84.48999786376953,57.193946838378906,2833500
2017-08-21,KHC,84.7300033569336,84.7300033569336,84.25,84.55000305175781,57.23457717895508,1764700
2017-08-21,KHC,84.7300033569336,84.7300033569336,84.25,84.55000305175781,57.23457717895508,1764700
2017-08-22,KHC,84.76000213623047,85.12999725341797,84.6500015258789,85.05000305175781,57.573020935058594,2038600
2017-08-22,KHC,84.76000213623047,85.12999725341797,84.6500015258789,85.05000305175781,57.573020935058594,2038600
2017-08-23,KHC,84.94999694824219,85.16000366210938,84.4800033569336,84.75,57.36994171142578,1687600
2017-08-23,KHC,84.94999694824219,85.16000366210938,84.4800033569336,84.75,57.36994171142578,1687600
2017-08-24,KHC,84.5,84.58999633789062,82.69000244140625,82.80000305175781,56.0499267578125,3438100
2017-08-24,KHC,84.5,84.58999633789062,82.69000244140625,82.80000305175781,56.0499267578125,3438100
2017-08-25,KHC,83.27999877929688,83.31999969482422,82.44999694824219,82.5999984741211,55.91454315185547,3285600
2017-08-25,KHC,83.27999877929688,83.31999969482422,82.44999694824219,82.5999984741211,55.91454315185547,3285600
2017-08-28,KHC,82.77999877929688,83.0,81.625,82.13999938964844,55.6031494140625,2644100
2017-08-28,KHC,82.77999877929688,83.0,81.625,82.13999938964844,55.6031494140625,2644100
2017-08-29,KHC,81.77999877929688,82.11000061035156,81.08799743652344,81.44000244140625,55.129302978515625,3491400
2017-08-29,KHC,81.77999877929688,82.11000061035156,81.08799743652344,81.44000244140625,55.129302978515625,3491400
2017-08-30,KHC,81.5,82.19000244140625,81.2300033569336,81.93000030517578,55.46099090576172,3426800
2017-08-30,KHC,81.5,82.19000244140625,81.2300033569336,81.93000030517578,55.46099090576172,3426800
2017-08-31,KHC,81.0999984741211,82.0999984741211,80.29000091552734,80.75,54.6622200012207,5374100
2017-08-31,KHC,81.0999984741211,82.0999984741211,80.29000091552734,80.75,54.6622200012207,5374100
2017-09-01,KHC,80.75,81.0999984741211,80.0999984741211,80.8499984741211,54.72991561889648,4889900
2017-09-01,KHC,80.75,81.0999984741211,80.0999984741211,80.8499984741211,54.72991561889648,4889900
2017-09-05,KHC,80.72000122070312,81.5,80.55000305175781,81.1500015258789,54.9329948425293,3301700
2017-09-05,KHC,80.72000122070312,81.5,80.55000305175781,81.1500015258789,54.9329948425293,3301700
2017-09-06,KHC,81.2300033569336,81.4000015258789,80.83000183105469,81.33000183105469,55.05483627319336,2517500
2017-09-06,KHC,81.2300033569336,81.4000015258789,80.83000183105469,81.33000183105469,55.05483627319336,2517500
2017-09-07,KHC,81.44999694824219,81.72000122070312,80.83000183105469,81.45999908447266,55.14286422729492,3257200
2017-09-07,KHC,81.44999694824219,81.72000122070312,80.83000183105469,81.45999908447266,55.14286422729492,3257200
2017-09-08,KHC,81.44999694824219,82.0199966430664,80.66000366210938,81.72000122070312,55.3188705444336,3546800
2017-09-08,KHC,81.44999694824219,82.0199966430664,80.66000366210938,81.72000122070312,55.3188705444336,3546800
2017-09-11,KHC,82.0999984741211,82.55999755859375,81.95999908447266,82.55000305175781,55.880706787109375,2905500
2017-09-11,KHC,82.0999984741211,82.55999755859375,81.95999908447266,82.55000305175781,55.880706787109375,2905500
2017-09-12,KHC,82.81999969482422,82.9800033569336,82.05999755859375,82.18000030517578,55.63023376464844,2256000
2017-09-12,KHC,82.81999969482422,82.9800033569336,82.05999755859375,82.18000030517578,55.63023376464844,2256000
2017-09-13,KHC,82.26000213623047,82.3499984741211,81.66999816894531,81.91000366210938,55.44747161865234,2939200
2017-09-13,KHC,82.26000213623047,82.3499984741211,81.66999816894531,81.91000366210938,55.44747161865234,2939200
2017-09-14,KHC,81.9800033569336,82.0,81.0,81.27999877929688,55.02099609375,2987900
2017-09-14,KHC,81.9800033569336,82.0,81.0,81.27999877929688,55.02099609375,2987900
2017-09-15,KHC,81.33000183105469,81.87999725341797,80.5199966430664,81.43000030517578,55.12254333496094,5962900
2017-09-15,KHC,81.33000183105469,81.87999725341797,80.5199966430664,81.43000030517578,55.12254333496094,5962900
2017-09-18,KHC,81.23999786376953,81.61000061035156,81.04000091552734,81.4000015258789,55.10222625732422,2766200
2017-09-18,KHC,81.23999786376953,81.61000061035156,81.04000091552734,81.4000015258789,55.10222625732422,2766200
2017-09-19,KHC,81.30000305175781,81.41999816894531,80.5999984741211,80.83000183105469,54.71637725830078,2382900
2017-09-19,KHC,81.30000305175781,81.41999816894531,80.5999984741211,80.83000183105469,54.71637725830078,2382900
2017-09-20,KHC,80.48999786376953,80.55999755859375,79.12999725341797,79.87000274658203,54.0665283203125,6182400
2017-09-20,KHC,80.48999786376953,80.55999755859375,79.12999725341797,79.87000274658203,54.0665283203125,6182400
2017-09-21,KHC,79.98999786376953,80.45999908447266,78.94000244140625,79.01000213623047,53.48435974121094,2962700
2017-09-21,KHC,79.98999786376953,80.45999908447266,78.94000244140625,79.01000213623047,53.48435974121094,2962700
2017-09-22,KHC,79.01000213623047,79.23999786376953,77.4000015258789,77.5199966430664,52.47573852539063,4792600
2017-09-22,KHC,79.01000213623047,79.23999786376953,77.4000015258789,77.5199966430664,52.47573852539063,4792600
2017-09-25,KHC,77.5999984741211,78.44999694824219,77.47000122070312,78.41999816894531,53.08497619628906,4332600
2017-09-25,KHC,77.5999984741211,78.44999694824219,77.47000122070312,78.41999816894531,53.08497619628906,4332600
2017-09-26,KHC,78.5999984741211,78.91000366210938,78.02999877929688,78.58999633789062,53.20005798339844,3160300
2017-09-26,KHC,78.5999984741211,78.91000366210938,78.02999877929688,78.58999633789062,53.20005798339844,3160300
2017-09-27,KHC,78.63999938964844,78.80000305175781,77.80000305175781,78.2300033569336,52.95635986328125,3278800
2017-09-27,KHC,78.63999938964844,78.80000305175781,77.80000305175781,78.2300033569336,52.95635986328125,3278800
2017-09-28,KHC,78.27999877929688,78.75,77.7300033569336,77.97000122070312,52.78035736083984,2804500
2017-09-28,KHC,78.27999877929688,78.75,77.7300033569336,77.97000122070312,52.78035736083984,2804500
2017-09-29,KHC,78.02999877929688,78.26899719238281,77.44000244140625,77.55000305175781,52.49604415893555,3781800
2017-09-29,KHC,78.02999877929688,78.26899719238281,77.44000244140625,77.55000305175781,52.49604415893555,3781800
2017-10-02,KHC,77.55000305175781,78.2699966430664,76.88999938964844,77.8499984741211,52.69913482666016,3635900
2017-10-02,KHC,77.55000305175781,78.2699966430664,76.88999938964844,77.8499984741211,52.69913482666016,3635900
2017-10-03,KHC,77.94999694824219,78.13999938964844,77.29000091552734,77.81999969482422,52.67881774902344,2372900
2017-10-03,KHC,77.94999694824219,78.13999938964844,77.29000091552734,77.81999969482422,52.67881774902344,2372900
2017-10-04,KHC,77.2300033569336,78.1500015258789,76.76000213623047,77.7699966430664,52.64496612548828,3681100
2017-10-04,KHC,77.2300033569336,78.1500015258789,76.76000213623047,77.7699966430664,52.64496612548828,3681100
2017-10-05,KHC,77.94999694824219,78.48500061035156,77.69999694824219,78.25,52.96989822387695,2845300
2017-10-05,KHC,77.94999694824219,78.48500061035156,77.69999694824219,78.25,52.96989822387695,2845300
2017-10-06,KHC,78.83999633789062,78.94000244140625,77.98500061035156,78.18000030517578,52.92250442504883,2355900
2017-10-06,KHC,78.83999633789062,78.94000244140625,77.98500061035156,78.18000030517578,52.92250442504883,2355900
2017-10-09,KHC,78.29000091552734,78.62000274658203,77.19499969482422,77.33000183105469,52.34710311889648,2673700
2017-10-09,KHC,78.29000091552734,78.62000274658203,77.19499969482422,77.33000183105469,52.34710311889648,2673700
2017-10-10,KHC,77.75,78.25,77.66000366210938,78.13999938964844,52.89542770385742,2984700
2017-10-10,KHC,77.75,78.25,77.66000366210938,78.13999938964844,52.89542770385742,2984700
2017-10-11,KHC,78.05999755859375,78.66000366210938,77.91999816894531,78.19000244140625,52.92927551269531,2327700
2017-10-11,KHC,78.05999755859375,78.66000366210938,77.91999816894531,78.19000244140625,52.92927551269531,2327700
2017-10-12,KHC,78.3499984741211,78.64800262451172,78.04000091552734,78.1500015258789,52.90220260620117,2485400
2017-10-12,KHC,78.3499984741211,78.64800262451172,78.04000091552734,78.1500015258789,52.90220260620117,2485400
2017-10-13,KHC,78.55000305175781,78.5999984741211,77.66000366210938,77.73999786376953,52.624656677246094,3707800
2017-10-13,KHC,78.55000305175781,78.5999984741211,77.66000366210938,77.73999786376953,52.624656677246094,3707800
2017-10-16,KHC,77.79000091552734,78.09500122070312,77.4800033569336,77.6500015258789,52.56374740600586,3432300
2017-10-16,KHC,77.79000091552734,78.09500122070312,77.4800033569336,77.6500015258789,52.56374740600586,3432300
2017-10-17,KHC,77.7300033569336,78.01000213623047,77.33999633789062,77.54000091552734,52.4892807006836,4373400
2017-10-17,KHC,77.7300033569336,78.01000213623047,77.33999633789062,77.54000091552734,52.4892807006836,4373400
2017-10-18,KHC,77.41000366210938,77.46199798583984,76.66999816894531,77.0999984741211,52.19141006469727,3279400
2017-10-18,KHC,77.41000366210938,77.46199798583984,76.66999816894531,77.0999984741211,52.19141006469727,3279400
2017-10-19,KHC,77.0,77.08799743652344,76.30999755859375,76.47000122070312,51.76494216918945,3965000
2017-10-19,KHC,77.0,77.08799743652344,76.30999755859375,76.47000122070312,51.76494216918945,3965000
2017-10-20,KHC,76.7699966430664,77.0999984741211,76.12000274658203,76.70999908447266,51.92741775512695,4761200
2017-10-20,KHC,76.7699966430664,77.0999984741211,76.12000274658203,76.70999908447266,51.92741775512695,4761200
2017-10-23,KHC,76.87999725341797,77.0999984741211,76.44999694824219,77.05999755859375,52.16434860229492,4240900
2017-10-23,KHC,76.87999725341797,77.0999984741211,76.44999694824219,77.05999755859375,52.16434860229492,4240900
2017-10-24,KHC,77.12000274658203,77.41999816894531,76.93000030517578,77.22000122070312,52.27264022827149,3061500
2017-10-24,KHC,77.12000274658203,77.41999816894531,76.93000030517578,77.22000122070312,52.27264022827149,3061500
2017-10-25,KHC,76.7300033569336,77.41999816894531,76.2300033569336,77.33000183105469,52.34710311889648,3927100
2017-10-25,KHC,76.7300033569336,77.41999816894531,76.2300033569336,77.33000183105469,52.34710311889648,3927100
2017-10-26,KHC,77.58999633789062,77.94000244140625,77.1500015258789,77.30000305175781,52.32681655883789,2849600
2017-10-26,KHC,77.58999633789062,77.94000244140625,77.1500015258789,77.30000305175781,52.32681655883789,2849600
2017-10-27,KHC,76.81999969482422,77.47000122070312,76.23500061035156,77.30000305175781,52.32681655883789,3751800
2017-10-27,KHC,76.81999969482422,77.47000122070312,76.23500061035156,77.30000305175781,52.32681655883789,3751800
2017-10-30,KHC,77.19999694824219,77.22000122070312,75.20999908447266,75.2699966430664,50.9526481628418,5216300
2017-10-30,KHC,77.19999694824219,77.22000122070312,75.20999908447266,75.2699966430664,50.9526481628418,5216300
2017-10-31,KHC,76.18000030517578,77.4000015258789,76.0199966430664,77.33000183105469,52.34710311889648,4836100
2017-10-31,KHC,76.18000030517578,77.4000015258789,76.0199966430664,77.33000183105469,52.34710311889648,4836100
2017-11-01,KHC,77.70999908447266,77.86000061035156,77.08000183105469,77.69999694824219,52.59757995605469,4052600
2017-11-01,KHC,77.70999908447266,77.86000061035156,77.08000183105469,77.69999694824219,52.59757995605469,4052600
2017-11-02,KHC,76.83999633789062,78.19000244140625,75.51000213623047,78.02999877929688,52.82096862792969,6533400
2017-11-02,KHC,76.83999633789062,78.19000244140625,75.51000213623047,78.02999877929688,52.82096862792969,6533400
2017-11-03,KHC,77.87000274658203,78.19000244140625,77.56999969482422,78.0,52.80068588256836,4077600
2017-11-03,KHC,77.87000274658203,78.19000244140625,77.56999969482422,78.0,52.80068588256836,4077600
2017-11-06,KHC,78.08999633789062,78.22000122070312,76.51000213623047,77.0,52.12373733520508,4682000
2017-11-06,KHC,78.08999633789062,78.22000122070312,76.51000213623047,77.0,52.12373733520508,4682000
2017-11-07,KHC,76.93000030517578,78.63999938964844,76.48999786376953,78.18000030517578,52.92250442504883,3421700
2017-11-07,KHC,76.93000030517578,78.63999938964844,76.48999786376953,78.18000030517578,52.92250442504883,3421700
2017-11-08,KHC,78.63999938964844,80.08999633789062,78.22000122070312,79.58000183105469,53.870208740234375,4058700
2017-11-08,KHC,78.63999938964844,80.08999633789062,78.22000122070312,79.58000183105469,53.870208740234375,4058700
2017-11-09,KHC,79.26000213623047,79.94000244140625,79.0199966430664,79.41000366210938,53.755130767822266,3431600
2017-11-09,KHC,79.26000213623047,79.94000244140625,79.0199966430664,79.41000366210938,53.755130767822266,3431600
2017-11-10,KHC,78.97000122070312,79.87999725341797,78.97000122070312,79.72000122070312,53.96498489379883,3403000
2017-11-10,KHC,78.97000122070312,79.87999725341797,78.97000122070312,79.72000122070312,53.96498489379883,3403000
2017-11-13,KHC,79.66000366210938,80.37000274658203,79.5999984741211,79.8499984741211,54.052982330322266,3237500
2017-11-13,KHC,79.66000366210938,80.37000274658203,79.5999984741211,79.8499984741211,54.052982330322266,3237500
2017-11-14,KHC,79.54000091552734,79.87999725341797,79.02999877929688,79.37999725341797,53.734840393066406,2839200
2017-11-14,KHC,79.54000091552734,79.87999725341797,79.02999877929688,79.37999725341797,53.734840393066406,2839200
2017-11-15,KHC,79.48999786376953,79.88999938964844,78.56999969482422,78.77999877929688,53.32867431640625,3277400
2017-11-15,KHC,79.48999786376953,79.88999938964844,78.56999969482422,78.77999877929688,53.32867431640625,3277400
2017-11-16,KHC,78.72000122070312,80.16000366210938,78.51000213623047,79.68000030517578,54.36924362182617,3028900
2017-11-16,KHC,78.72000122070312,80.16000366210938,78.51000213623047,79.68000030517578,54.36924362182617,3028900
2017-11-17,KHC,79.62999725341797,80.06999969482422,79.2750015258789,79.62999725341797,54.33511734008789,4263200
2017-11-17,KHC,79.62999725341797,80.06999969482422,79.2750015258789,79.62999725341797,54.33511734008789,4263200
2017-11-20,KHC,79.69999694824219,80.95999908447266,79.62999725341797,79.93000030517578,54.539825439453125,3736700
2017-11-20,KHC,79.69999694824219,80.95999908447266,79.62999725341797,79.93000030517578,54.539825439453125,3736700
2017-11-21,KHC,80.12000274658203,80.29000091552734,79.76000213623047,80.01000213623047,54.59442901611328,2455600
2017-11-21,KHC,80.12000274658203,80.29000091552734,79.76000213623047,80.01000213623047,54.59442901611328,2455600
2017-11-22,KHC,80.04000091552734,80.19999694824219,79.58999633789062,79.81999969482422,54.46478271484375,2923900
2017-11-22,KHC,80.04000091552734,80.19999694824219,79.58999633789062,79.81999969482422,54.46478271484375,2923900
2017-11-24,KHC,80.25,80.3499984741211,79.54000091552734,79.76000213623047,54.42383193969727,1144800
2017-11-24,KHC,80.25,80.3499984741211,79.54000091552734,79.76000213623047,54.42383193969727,1144800
2017-11-27,KHC,79.76000213623047,80.04000091552734,79.44999694824219,79.61000061035156,54.32147216796875,4605000
2017-11-27,KHC,79.76000213623047,80.04000091552734,79.44999694824219,79.61000061035156,54.32147216796875,4605000
2017-11-28,KHC,79.69999694824219,79.86000061035156,78.71499633789062,78.9800033569336,53.89159393310547,3165500
2017-11-28,KHC,79.69999694824219,79.86000061035156,78.71499633789062,78.9800033569336,53.89159393310547,3165500
2017-11-29,KHC,78.94999694824219,81.55999755859375,78.83000183105469,81.08999633789062,55.33134460449219,4067400
2017-11-29,KHC,78.94999694824219,81.55999755859375,78.83000183105469,81.08999633789062,55.33134460449219,4067400
2017-11-30,KHC,81.44000244140625,82.18000030517578,80.5,81.37000274658203,55.52239990234375,4409700
2017-11-30,KHC,81.44000244140625,82.18000030517578,80.5,81.37000274658203,55.52239990234375,4409700
2017-12-01,KHC,80.94999694824219,81.5999984741211,80.29000091552734,81.20999908447266,55.41322326660156,3360800
2017-12-01,KHC,80.94999694824219,81.5999984741211,80.29000091552734,81.20999908447266,55.41322326660156,3360800
2017-12-04,KHC,81.31999969482422,82.29000091552734,81.16500091552734,81.91999816894531,55.89770126342773,2908100
2017-12-04,KHC,81.31999969482422,82.29000091552734,81.16500091552734,81.91999816894531,55.89770126342773,2908100
2017-12-05,KHC,82.05000305175781,82.4800033569336,80.51000213623047,80.63999938964844,55.024295806884766,3248000
2017-12-05,KHC,82.05000305175781,82.4800033569336,80.51000213623047,80.63999938964844,55.024295806884766,3248000
2017-12-06,KHC,80.75,81.13999938964844,80.23999786376953,80.48999786376953,54.92194366455078,2582100
2017-12-06,KHC,80.75,81.13999938964844,80.23999786376953,80.48999786376953,54.92194366455078,2582100
2017-12-07,KHC,80.16999816894531,80.5,79.30999755859375,79.36000061035156,54.1509017944336,2532300
2017-12-07,KHC,80.16999816894531,80.5,79.30999755859375,79.36000061035156,54.1509017944336,2532300
2017-12-08,KHC,79.5999984741211,79.70600128173828,77.93499755859375,78.4800033569336,53.55043029785156,5332600
2017-12-08,KHC,79.5999984741211,79.70600128173828,77.93499755859375,78.4800033569336,53.55043029785156,5332600
2017-12-11,KHC,78.18000030517578,78.38999938964844,77.19000244140625,78.37000274658203,53.47536849975586,3988400
2017-12-11,KHC,78.18000030517578,78.38999938964844,77.19000244140625,78.37000274658203,53.47536849975586,3988400
2017-12-12,KHC,78.33000183105469,79.08999633789062,78.12000274658203,78.94999694824219,53.871124267578125,3140800
2017-12-12,KHC,78.33000183105469,79.08999633789062,78.12000274658203,78.94999694824219,53.871124267578125,3140800
2017-12-13,KHC,79.25,79.5999984741211,78.7699966430664,79.27999877929688,54.0963020324707,3028300
2017-12-13,KHC,79.25,79.5999984741211,78.7699966430664,79.27999877929688,54.0963020324707,3028300
2017-12-14,KHC,79.27999877929688,79.69999694824219,78.87000274658203,78.9800033569336,53.89159393310547,3321300
2017-12-14,KHC,79.27999877929688,79.69999694824219,78.87000274658203,78.9800033569336,53.89159393310547,3321300
2017-12-15,KHC,79.80000305175781,79.83000183105469,79.01000213623047,79.54000091552734,54.273719787597656,6684900
2017-12-15,KHC,79.80000305175781,79.83000183105469,79.01000213623047,79.54000091552734,54.273719787597656,6684900
2017-12-18,KHC,79.9800033569336,80.36000061035156,79.29000091552734,79.37000274658203,54.15772247314453,2721100
2017-12-18,KHC,79.9800033569336,80.36000061035156,79.29000091552734,79.37000274658203,54.15772247314453,2721100
2017-12-19,KHC,79.5199966430664,79.81999969482422,78.38999938964844,78.5199966430664,53.57772064208984,2889900
2017-12-19,KHC,79.5199966430664,79.81999969482422,78.38999938964844,78.5199966430664,53.57772064208984,2889900
2017-12-20,KHC,78.80999755859375,78.88999938964844,77.31999969482422,77.37999725341797,52.79983901977539,3802400
2017-12-20,KHC,78.80999755859375,78.88999938964844,77.31999969482422,77.37999725341797,52.79983901977539,3802400
2017-12-21,KHC,77.83999633789062,78.16999816894531,77.06999969482422,77.87999725341797,53.14101791381836,4562400
2017-12-21,KHC,77.83999633789062,78.16999816894531,77.06999969482422,77.87999725341797,53.14101791381836,4562400
2017-12-22,KHC,78.13999938964844,78.5999984741211,77.87999725341797,78.23999786376953,53.386661529541016,3091400
2017-12-22,KHC,78.13999938964844,78.5999984741211,77.87999725341797,78.23999786376953,53.386661529541016,3091400
2017-12-26,KHC,78.12000274658203,78.47000122070312,78.0,78.11000061035156,53.297977447509766,2532000
2017-12-26,KHC,78.12000274658203,78.47000122070312,78.0,78.11000061035156,53.297977447509766,2532000
2017-12-27,KHC,78.23999786376953,78.5999984741211,77.94999694824219,77.9800033569336,53.20927047729492,1757300
2017-12-27,KHC,78.23999786376953,78.5999984741211,77.94999694824219,77.9800033569336,53.20927047729492,1757300
2017-12-28,KHC,78.22000122070312,78.29000091552734,77.72000122070312,77.91999816894531,53.16830825805664,1883800
2017-12-28,KHC,78.22000122070312,78.29000091552734,77.72000122070312,77.91999816894531,53.16830825805664,1883800
2017-12-29,KHC,77.69999694824219,78.68000030517578,77.69000244140625,77.76000213623047,53.05913925170898,2443700
2017-12-29,KHC,77.69999694824219,78.68000030517578,77.69000244140625,77.76000213623047,53.05913925170898,2443700
2018-01-02,KHC,78.22000122070312,78.30999755859375,76.87999725341797,77.0199966430664,52.55420684814453,4009000
2018-01-02,KHC,78.22000122070312,78.30999755859375,76.87999725341797,77.0199966430664,52.55420684814453,4009000
2018-01-03,KHC,77.33000183105469,77.58999633789062,76.9000015258789,77.01000213623047,52.54738998413086,3369300
2018-01-03,KHC,77.33000183105469,77.58999633789062,76.9000015258789,77.01000213623047,52.54738998413086,3369300
2018-01-04,KHC,77.2300033569336,78.22000122070312,77.05999755859375,77.91000366210938,53.1614990234375,3608500
2018-01-04,KHC,77.2300033569336,78.22000122070312,77.05999755859375,77.91000366210938,53.1614990234375,3608500
2018-01-05,KHC,78.04000091552734,78.33000183105469,77.2300033569336,77.83999633789062,53.11370849609375,4152500
2018-01-05,KHC,78.04000091552734,78.33000183105469,77.2300033569336,77.83999633789062,53.11370849609375,4152500
2018-01-08,KHC,77.81999969482422,78.58000183105469,77.81999969482422,78.4800033569336,53.55043029785156,3126900
2018-01-08,KHC,77.81999969482422,78.58000183105469,77.81999969482422,78.4800033569336,53.55043029785156,3126900
2018-01-09,KHC,78.54000091552734,78.72000122070312,78.05000305175781,78.62000274658203,53.64595413208008,3436500
2018-01-09,KHC,78.54000091552734,78.72000122070312,78.05000305175781,78.62000274658203,53.64595413208008,3436500
2018-01-10,KHC,78.6500015258789,78.6500015258789,77.4000015258789,77.88999938964844,53.14785003662109,3823700
2018-01-10,KHC,78.6500015258789,78.6500015258789,77.4000015258789,77.88999938964844,53.14785003662109,3823700
2018-01-11,KHC,78.0199966430664,78.19999694824219,77.0199966430664,77.12999725341797,52.62925338745117,3493700
2018-01-11,KHC,78.0199966430664,78.19999694824219,77.0199966430664,77.12999725341797,52.62925338745117,3493700
2018-01-12,KHC,77.3499984741211,77.56999969482422,76.5999984741211,77.3499984741211,52.77937316894531,4223500
2018-01-12,KHC,77.3499984741211,77.56999969482422,76.5999984741211,77.3499984741211,52.77937316894531,4223500
2018-01-16,KHC,77.97000122070312,78.91999816894531,77.55999755859375,78.63999938964844,53.65959930419922,5327800
2018-01-16,KHC,77.97000122070312,78.91999816894531,77.55999755859375,78.63999938964844,53.65959930419922,5327800
2018-01-17,KHC,79.11000061035156,80.66999816894531,78.79000091552734,80.06999969482422,54.63535690307617,6547600
2018-01-17,KHC,79.11000061035156,80.66999816894531,78.79000091552734,80.06999969482422,54.63535690307617,6547600
2018-01-18,KHC,80.16000366210938,80.5999984741211,79.0199966430664,79.2699966430664,54.089473724365234,3447200
2018-01-18,KHC,80.16000366210938,80.5999984741211,79.0199966430664,79.2699966430664,54.089473724365234,3447200
2018-01-19,KHC,79.52999877929688,79.95999908447266,79.0999984741211,79.66000366210938,54.35559844970703,3749400
2018-01-19,KHC,79.52999877929688,79.95999908447266,79.0999984741211,79.66000366210938,54.35559844970703,3749400
2018-01-22,KHC,79.81999969482422,80.44999694824219,79.76000213623047,80.16999816894531,54.70358657836914,3988300
2018-01-22,KHC,79.81999969482422,80.44999694824219,79.76000213623047,80.16999816894531,54.70358657836914,3988300
2018-01-23,KHC,79.76000213623047,80.52999877929688,79.55999755859375,80.2699966430664,54.77183532714844,2833000
2018-01-23,KHC,79.76000213623047,80.52999877929688,79.55999755859375,80.2699966430664,54.77183532714844,2833000
2018-01-24,KHC,80.5,80.58999633789062,79.70999908447266,79.86000061035156,54.4920654296875,3119600
2018-01-24,KHC,80.5,80.58999633789062,79.70999908447266,79.86000061035156,54.4920654296875,3119600
2018-01-25,KHC,80.0,80.44499969482422,79.38200378417969,79.66999816894531,54.36243438720703,2927300
2018-01-25,KHC,80.0,80.44499969482422,79.38200378417969,79.66999816894531,54.36243438720703,2927300
2018-01-26,KHC,79.9000015258789,80.0,78.4000015258789,79.38999938964844,54.17135238647461,4772400
2018-01-26,KHC,79.9000015258789,80.0,78.4000015258789,79.38999938964844,54.17135238647461,4772400
2018-01-29,KHC,79.16999816894531,79.87999725341797,78.38999938964844,78.41999816894531,53.50949096679688,3280500
2018-01-29,KHC,79.16999816894531,79.87999725341797,78.38999938964844,78.41999816894531,53.50949096679688,3280500
2018-01-30,KHC,78.63999938964844,79.66000366210938,78.43000030517578,78.5,53.564083099365234,3334300
2018-01-30,KHC,78.63999938964844,79.66000366210938,78.43000030517578,78.5,53.564083099365234,3334300
2018-01-31,KHC,78.62000274658203,78.87999725341797,77.8499984741211,78.38999938964844,53.489013671875,4855700
2018-01-31,KHC,78.62000274658203,78.87999725341797,77.8499984741211,78.38999938964844,53.489013671875,4855700
2018-02-01,KHC,78.12000274658203,78.94999694824219,77.5999984741211,78.56999969482422,53.6118392944336,3119800
2018-02-01,KHC,78.12000274658203,78.94999694824219,77.5999984741211,78.56999969482422,53.6118392944336,3119800
2018-02-02,KHC,78.12000274658203,78.33999633789062,76.6500015258789,77.19000244140625,52.67021560668945,5239700
2018-02-02,KHC,78.12000274658203,78.33999633789062,76.6500015258789,77.19000244140625,52.67021560668945,5239700
2018-02-05,KHC,77.29000091552734,77.93900299072266,74.17500305175781,74.26000213623047,50.67094802856445,5372900
2018-02-05,KHC,77.29000091552734,77.93900299072266,74.17500305175781,74.26000213623047,50.67094802856445,5372900
2018-02-06,KHC,73.83999633789062,74.31999969482422,72.05000305175781,74.30999755859375,50.70505905151367,7556400
2018-02-06,KHC,73.83999633789062,74.31999969482422,72.05000305175781,74.30999755859375,50.70505905151367,7556400
2018-02-07,KHC,73.83999633789062,74.70999908447266,73.5199966430664,73.55000305175781,50.186466217041016,6753700
2018-02-07,KHC,73.83999633789062,74.70999908447266,73.5199966430664,73.55000305175781,50.186466217041016,6753700
2018-02-08,KHC,73.5999984741211,74.04000091552734,71.25,71.58000183105469,48.84225463867188,8210800
2018-02-08,KHC,73.5999984741211,74.04000091552734,71.25,71.58000183105469,48.84225463867188,8210800
2018-02-09,KHC,72.0,72.66000366210938,70.24500274658203,71.37999725341797,48.70576858520508,6871000
2018-02-09,KHC,72.0,72.66000366210938,70.24500274658203,71.37999725341797,48.70576858520508,6871000
2018-02-12,KHC,71.5199966430664,72.62999725341797,71.44999694824219,71.80999755859375,48.99918365478516,4372900
2018-02-12,KHC,71.5199966430664,72.62999725341797,71.44999694824219,71.80999755859375,48.99918365478516,4372900
2018-02-13,KHC,71.5199966430664,71.98999786376953,70.68000030517578,71.70999908447266,48.93095779418945,4043600
2018-02-13,KHC,71.5199966430664,71.98999786376953,70.68000030517578,71.70999908447266,48.93095779418945,4043600
2018-02-14,KHC,71.33999633789062,72.04000091552734,70.69999694824219,71.91999816894531,49.074249267578125,5503100
2018-02-14,KHC,71.33999633789062,72.04000091552734,70.69999694824219,71.91999816894531,49.074249267578125,5503100
2018-02-15,KHC,72.19000244140625,72.77999877929688,70.6500015258789,72.70999908447266,49.61330032348633,7410900
2018-02-15,KHC,72.19000244140625,72.77999877929688,70.6500015258789,72.70999908447266,49.61330032348633,7410900
2018-02-16,KHC,69.94000244140625,71.25,67.6500015258789,70.80000305175781,48.31001663208008,14988800
2018-02-16,KHC,69.94000244140625,71.25,67.6500015258789,70.80000305175781,48.31001663208008,14988800
2018-02-20,KHC,70.77999877929688,70.80000305175781,68.0199966430664,68.69000244140625,46.87026977539063,8715200
2018-02-20,KHC,70.77999877929688,70.80000305175781,68.0199966430664,68.69000244140625,46.87026977539063,8715200
2018-02-21,KHC,68.91999816894531,68.93000030517578,67.44000244140625,67.47000122070312,46.03781509399414,6647900
2018-02-21,KHC,68.91999816894531,68.93000030517578,67.44000244140625,67.47000122070312,46.03781509399414,6647900
2018-02-22,KHC,67.37999725341797,68.2490005493164,67.05000305175781,67.63999938964844,46.1537971496582,5972000
2018-02-22,KHC,67.37999725341797,68.2490005493164,67.05000305175781,67.63999938964844,46.1537971496582,5972000
2018-02-23,KHC,67.95999908447266,69.11000061035156,67.3499984741211,69.0199966430664,47.09544372558594,5740900
2018-02-23,KHC,67.95999908447266,69.11000061035156,67.3499984741211,69.0199966430664,47.09544372558594,5740900
2018-02-26,KHC,69.5999984741211,70.0,68.55999755859375,69.73999786376953,47.586727142333984,7520500
2018-02-26,KHC,69.5999984741211,70.0,68.55999755859375,69.73999786376953,47.586727142333984,7520500
2018-02-27,KHC,69.61000061035156,70.01499938964844,67.86000061035156,67.87000274658203,46.31075286865234,5412100
2018-02-27,KHC,69.61000061035156,70.01499938964844,67.86000061035156,67.87000274658203,46.31075286865234,5412100
2018-02-28,KHC,68.2699966430664,68.58999633789062,67.02999877929688,67.05000305175781,45.75122833251953,6193000
2018-02-28,KHC,68.2699966430664,68.58999633789062,67.02999877929688,67.05000305175781,45.75122833251953,6193000
2018-03-01,KHC,67.13999938964844,67.98899841308594,66.36000061035156,66.88999938964844,45.64205551147461,5209600
2018-03-01,KHC,67.13999938964844,67.98899841308594,66.36000061035156,66.88999938964844,45.64205551147461,5209600
2018-03-02,KHC,67.0199966430664,67.61000061035156,66.5199966430664,67.16999816894531,45.83311462402344,4820800
2018-03-02,KHC,67.0199966430664,67.61000061035156,66.5199966430664,67.16999816894531,45.83311462402344,4820800
2018-03-05,KHC,66.72000122070312,67.7300033569336,66.72000122070312,67.43000030517578,46.01052474975586,3910800
2018-03-05,KHC,66.72000122070312,67.7300033569336,66.72000122070312,67.43000030517578,46.01052474975586,3910800
2018-03-06,KHC,67.69999694824219,67.87000274658203,67.2300033569336,67.7699966430664,46.24251937866211,3539400
2018-03-06,KHC,67.69999694824219,67.87000274658203,67.2300033569336,67.7699966430664,46.24251937866211,3539400
2018-03-07,KHC,67.3499984741211,67.58999633789062,66.7300033569336,67.45999908447266,46.03098678588867,3316500
2018-03-07,KHC,67.3499984741211,67.58999633789062,66.7300033569336,67.45999908447266,46.03098678588867,3316500
2018-03-08,KHC,67.16999816894531,67.36000061035156,66.46499633789062,66.98999786376953,46.137733459472656,3508400
2018-03-08,KHC,67.16999816894531,67.36000061035156,66.46499633789062,66.98999786376953,46.137733459472656,3508400
2018-03-09,KHC,67.19999694824219,67.5999984741211,66.52999877929688,67.2300033569336,46.30303955078125,4911000
2018-03-09,KHC,67.19999694824219,67.5999984741211,66.52999877929688,67.2300033569336,46.30303955078125,4911000
2018-03-12,KHC,67.26000213623047,67.88999938964844,67.0999984741211,67.69999694824219,46.6267204284668,2653200
2018-03-12,KHC,67.26000213623047,67.88999938964844,67.0999984741211,67.69999694824219,46.6267204284668,2653200
2018-03-13,KHC,67.83999633789062,67.94999694824219,67.16000366210938,67.37000274658203,46.39946365356445,3360700
2018-03-13,KHC,67.83999633789062,67.94999694824219,67.16000366210938,67.37000274658203,46.39946365356445,3360700
2018-03-14,KHC,67.61000061035156,67.91000366210938,66.22000122070312,66.58000183105469,45.85536575317383,3900900
2018-03-14,KHC,67.61000061035156,67.91000366210938,66.22000122070312,66.58000183105469,45.85536575317383,3900900
2018-03-15,KHC,66.4000015258789,66.66999816894531,65.11499786376953,65.45999908447266,45.0839958190918,4870800
2018-03-15,KHC,66.4000015258789,66.66999816894531,65.11499786376953,65.45999908447266,45.0839958190918,4870800
2018-03-16,KHC,65.44999694824219,65.83999633789062,64.94000244140625,65.36000061035156,45.01512145996094,7204500
2018-03-16,KHC,65.44999694824219,65.83999633789062,64.94000244140625,65.36000061035156,45.01512145996094,7204500
2018-03-19,KHC,65.18000030517578,65.36000061035156,63.58000183105469,63.95000076293945,44.04401397705078,6947200
2018-03-19,KHC,65.18000030517578,65.36000061035156,63.58000183105469,63.95000076293945,44.04401397705078,6947200
2018-03-20,KHC,64.02999877929688,64.20999908447266,62.81999969482422,63.18000030517578,43.51369094848633,7502500
2018-03-20,KHC,64.02999877929688,64.20999908447266,62.81999969482422,63.18000030517578,43.51369094848633,7502500
2018-03-21,KHC,62.52999877929688,62.7599983215332,61.75,61.9900016784668,42.694114685058594,7088700
2018-03-21,KHC,62.52999877929688,62.7599983215332,61.75,61.9900016784668,42.694114685058594,7088700
2018-03-22,KHC,61.72999954223633,61.959999084472656,60.4900016784668,60.52999877929688,41.688575744628906,8156600
2018-03-22,KHC,61.72999954223633,61.959999084472656,60.4900016784668,60.52999877929688,41.688575744628906,8156600
2018-03-23,KHC,60.72999954223633,61.65700149536133,59.95000076293945,60.02999877929688,41.34421157836914,6316300
2018-03-23,KHC,60.72999954223633,61.65700149536133,59.95000076293945,60.02999877929688,41.34421157836914,6316300
2018-03-26,KHC,60.880001068115234,61.72999954223633,60.52999877929688,61.650001525878906,42.45994567871094,5310600
2018-03-26,KHC,60.880001068115234,61.72999954223633,60.52999877929688,61.650001525878906,42.45994567871094,5310600
2018-03-27,KHC,61.7400016784668,61.97999954223633,60.38999938964844,60.70000076293945,41.80565643310547,5276500
2018-03-27,KHC,61.7400016784668,61.97999954223633,60.38999938964844,60.70000076293945,41.80565643310547,5276500
2018-03-28,KHC,60.84000015258789,61.959999084472656,60.7509994506836,61.369998931884766,42.26709747314453,4778200
2018-03-28,KHC,60.84000015258789,61.959999084472656,60.7509994506836,61.369998931884766,42.26709747314453,4778200
2018-03-29,KHC,61.790000915527344,62.619998931884766,61.685001373291016,62.290000915527344,42.90073013305664,5001900
2018-03-29,KHC,61.790000915527344,62.619998931884766,61.685001373291016,62.290000915527344,42.90073013305664,5001900
2018-04-02,KHC,61.93999862670898,62.0,59.790000915527344,60.060001373291016,41.36488342285156,5294200
2018-04-02,KHC,61.93999862670898,62.0,59.790000915527344,60.060001373291016,41.36488342285156,5294200
2018-04-03,KHC,60.619998931884766,60.65999984741211,59.47999954223633,60.2400016784668,41.48884963989258,6325300
2018-04-03,KHC,60.619998931884766,60.65999984741211,59.47999954223633,60.2400016784668,41.48884963989258,6325300
2018-04-04,KHC,59.790000915527344,61.823001861572266,59.72600173950195,61.380001068115234,42.27398681640625,4764400
2018-04-04,KHC,59.790000915527344,61.823001861572266,59.72600173950195,61.380001068115234,42.27398681640625,4764400
2018-04-05,KHC,61.70000076293945,61.900001525878906,60.95000076293945,61.310001373291016,42.22578430175781,4272700
2018-04-05,KHC,61.70000076293945,61.900001525878906,60.95000076293945,61.310001373291016,42.22578430175781,4272700
2018-04-06,KHC,61.09000015258789,61.97999954223633,60.15999984741211,60.540000915527344,41.6954460144043,3932000
2018-04-06,KHC,61.09000015258789,61.97999954223633,60.15999984741211,60.540000915527344,41.6954460144043,3932000
2018-04-09,KHC,60.88999938964844,61.400001525878906,60.34000015258789,60.650001525878906,41.77122116088867,4669300
2018-04-09,KHC,60.88999938964844,61.400001525878906,60.34000015258789,60.650001525878906,41.77122116088867,4669300
2018-04-10,KHC,61.650001525878906,61.81999969482422,60.619998931884766,61.25,42.18445587158203,4667400
2018-04-10,KHC,61.650001525878906,61.81999969482422,60.619998931884766,61.25,42.18445587158203,4667400
2018-04-11,KHC,60.84999847412109,61.83000183105469,60.77999877929688,61.540000915527344,42.38418960571289,3852600
2018-04-11,KHC,60.84999847412109,61.83000183105469,60.77999877929688,61.540000915527344,42.38418960571289,3852600
2018-04-12,KHC,61.52999877929688,61.70500183105469,60.77999877929688,60.93999862670898,41.9709587097168,5145800
2018-04-12,KHC,61.52999877929688,61.70500183105469,60.77999877929688,60.93999862670898,41.9709587097168,5145800
2018-04-13,KHC,61.06999969482422,61.130001068115234,60.4900016784668,60.91999816894531,41.95718002319336,3746000
2018-04-13,KHC,61.06999969482422,61.130001068115234,60.4900016784668,60.91999816894531,41.95718002319336,3746000
2018-04-16,KHC,60.02000045776367,61.310001373291016,59.91999816894531,61.18999862670898,42.14313507080078,5446000
2018-04-16,KHC,60.02000045776367,61.310001373291016,59.91999816894531,61.18999862670898,42.14313507080078,5446000
2018-04-17,KHC,61.68999862670898,61.810001373291016,61.09000015258789,61.68999862670898,42.48749923706055,4444100
2018-04-17,KHC,61.68999862670898,61.810001373291016,61.09000015258789,61.68999862670898,42.48749923706055,4444100
2018-04-18,KHC,61.65999984741211,61.79999923706055,60.34999847412109,60.790000915527344,41.86764907836914,5525800
2018-04-18,KHC,61.65999984741211,61.79999923706055,60.34999847412109,60.790000915527344,41.86764907836914,5525800
2018-04-19,KHC,60.75,60.88999938964844,59.630001068115234,59.72999954223633,41.13759231567383,7461800
2018-04-19,KHC,60.75,60.88999938964844,59.630001068115234,59.72999954223633,41.13759231567383,7461800
2018-04-20,KHC,59.84999847412109,60.15800094604492,57.54999923706055,58.220001220703125,40.097618103027344,9765800
2018-04-20,KHC,59.84999847412109,60.15800094604492,57.54999923706055,58.220001220703125,40.097618103027344,9765800
2018-04-23,KHC,58.0,58.18999862670898,57.40999984741211,57.68000030517578,39.725711822509766,7905100
2018-04-23,KHC,58.0,58.18999862670898,57.40999984741211,57.68000030517578,39.725711822509766,7905100
2018-04-24,KHC,57.95000076293945,58.0,56.11000061035156,56.52999877929688,38.93366622924805,8266800
2018-04-24,KHC,57.95000076293945,58.0,56.11000061035156,56.52999877929688,38.93366622924805,8266800
2018-04-25,KHC,56.52000045776367,57.400001525878906,56.290000915527344,56.84999847412109,39.15406036376953,6766600
2018-04-25,KHC,56.52000045776367,57.400001525878906,56.290000915527344,56.84999847412109,39.15406036376953,6766600
2018-04-26,KHC,57.02999877929688,57.46599960327149,56.5099983215332,57.33000183105469,39.484649658203125,5147400
2018-04-26,KHC,57.02999877929688,57.46599960327149,56.5099983215332,57.33000183105469,39.484649658203125,5147400
2018-04-27,KHC,57.43000030517578,58.2599983215332,57.36000061035156,57.65999984741211,39.71192169189453,4096100
2018-04-27,KHC,57.43000030517578,58.2599983215332,57.36000061035156,57.65999984741211,39.71192169189453,4096100
2018-04-30,KHC,57.900001525878906,58.15999984741211,56.36000061035156,56.380001068115234,38.83037185668945,6761600
2018-04-30,KHC,57.900001525878906,58.15999984741211,56.36000061035156,56.380001068115234,38.83037185668945,6761600
2018-05-01,KHC,56.31999969482422,56.43999862670898,55.29999923706055,55.70000076293945,38.36204147338867,6350200
2018-05-01,KHC,56.31999969482422,56.43999862670898,55.29999923706055,55.70000076293945,38.36204147338867,6350200
2018-05-02,KHC,55.880001068115234,55.95000076293945,54.11000061035156,54.20000076293945,37.32893371582031,9045100
2018-05-02,KHC,55.880001068115234,55.95000076293945,54.11000061035156,54.20000076293945,37.32893371582031,9045100
2018-05-03,KHC,56.27000045776367,56.400001525878906,54.93999862670898,54.95000076293945,37.845489501953125,10380800
2018-05-03,KHC,56.27000045776367,56.400001525878906,54.93999862670898,54.95000076293945,37.845489501953125,10380800
2018-05-04,KHC,55.0,58.45000076293945,54.68999862670898,58.0099983215332,39.9529914855957,9221300
2018-05-04,KHC,55.0,58.45000076293945,54.68999862670898,58.0099983215332,39.9529914855957,9221300
2018-05-07,KHC,58.5,59.244998931884766,58.18999862670898,58.83000183105469,40.51773071289063,7337400
2018-05-07,KHC,58.5,59.244998931884766,58.18999862670898,58.83000183105469,40.51773071289063,7337400
2018-05-08,KHC,58.68999862670898,59.130001068115234,57.619998931884766,58.7599983215332,40.46952819824219,7163200
2018-05-08,KHC,58.68999862670898,59.130001068115234,57.619998931884766,58.7599983215332,40.46952819824219,7163200
2018-05-09,KHC,58.93999862670898,59.31999969482422,58.09000015258789,58.47999954223633,40.27668380737305,5002300
2018-05-09,KHC,58.93999862670898,59.31999969482422,58.09000015258789,58.47999954223633,40.27668380737305,5002300
2018-05-10,KHC,58.75,59.34999847412109,58.54999923706055,59.040000915527344,40.66238021850586,3934200
2018-05-10,KHC,58.75,59.34999847412109,58.54999923706055,59.040000915527344,40.66238021850586,3934200
2018-05-11,KHC,58.970001220703125,59.86000061035156,58.970001220703125,59.2400016784668,40.80011749267578,3980300
2018-05-11,KHC,58.970001220703125,59.86000061035156,58.970001220703125,59.2400016784668,40.80011749267578,3980300
2018-05-14,KHC,59.369998931884766,59.59999847412109,58.91999816894531,59.27999877929688,40.82765579223633,4228700
2018-05-14,KHC,59.369998931884766,59.59999847412109,58.91999816894531,59.27999877929688,40.82765579223633,4228700
2018-05-15,KHC,59.15999984741211,59.4900016784668,58.619998931884766,59.040000915527344,40.66238021850586,5662600
2018-05-15,KHC,59.15999984741211,59.4900016784668,58.619998931884766,59.040000915527344,40.66238021850586,5662600
2018-05-16,KHC,59.060001373291016,59.31999969482422,58.52999877929688,59.290000915527344,40.83456039428711,4334000
2018-05-16,KHC,59.060001373291016,59.31999969482422,58.52999877929688,59.290000915527344,40.83456039428711,4334000
2018-05-17,KHC,58.720001220703125,58.84000015258789,57.720001220703125,58.060001373291016,40.41342544555664,4694100
2018-05-17,KHC,58.720001220703125,58.84000015258789,57.720001220703125,58.060001373291016,40.41342544555664,4694100
2018-05-18,KHC,57.61000061035156,57.65999984741211,55.71500015258789,56.790000915527344,39.52943420410156,9529000
2018-05-18,KHC,57.61000061035156,57.65999984741211,55.71500015258789,56.790000915527344,39.52943420410156,9529000
2018-05-21,KHC,57.0,57.34999847412109,56.20199966430664,56.45000076293945,39.292762756347656,4588300
2018-05-21,KHC,57.0,57.34999847412109,56.20199966430664,56.45000076293945,39.292762756347656,4588300
2018-05-22,KHC,56.58000183105469,57.25600051879883,56.209999084472656,56.58000183105469,39.383262634277344,4179500
2018-05-22,KHC,56.58000183105469,57.25600051879883,56.209999084472656,56.58000183105469,39.383262634277344,4179500
2018-05-23,KHC,56.29999923706055,57.08000183105469,56.29999923706055,56.97999954223633,39.66168212890625,3134900
2018-05-23,KHC,56.29999923706055,57.08000183105469,56.29999923706055,56.97999954223633,39.66168212890625,3134900
2018-05-24,KHC,57.0,57.15999984741211,56.380001068115234,57.060001373291016,39.71736145019531,2750600
2018-05-24,KHC,57.0,57.15999984741211,56.380001068115234,57.060001373291016,39.71736145019531,2750600
2018-05-25,KHC,57.119998931884766,58.119998931884766,57.09999847412109,57.77000045776367,40.21157836914063,3296000
2018-05-25,KHC,57.119998931884766,58.119998931884766,57.09999847412109,57.77000045776367,40.21157836914063,3296000
2018-05-29,KHC,57.56999969482422,57.86000061035156,56.93999862670898,57.400001525878906,39.95402908325195,4231400
2018-05-29,KHC,57.56999969482422,57.86000061035156,56.93999862670898,57.400001525878906,39.95402908325195,4231400
2018-05-30,KHC,57.650001525878906,59.060001373291016,57.43999862670898,58.84000015258789,40.95636367797852,5587300
2018-05-30,KHC,57.650001525878906,59.060001373291016,57.43999862670898,58.84000015258789,40.95636367797852,5587300
2018-05-31,KHC,58.790000915527344,58.93999862670898,57.150001525878906,57.47999954223633,40.00971221923828,6787400
2018-05-31,KHC,58.790000915527344,58.93999862670898,57.150001525878906,57.47999954223633,40.00971221923828,6787400
2018-06-01,KHC,57.63999938964844,58.18000030517578,57.27999877929688,57.650001525878906,40.1280517578125,4745600
2018-06-01,KHC,57.63999938964844,58.18000030517578,57.27999877929688,57.650001525878906,40.1280517578125,4745600
2018-06-04,KHC,57.84999847412109,58.65999984741211,57.75,58.41999816894531,40.66402053833008,3626300
2018-06-04,KHC,57.84999847412109,58.65999984741211,57.75,58.41999816894531,40.66402053833008,3626300
2018-06-05,KHC,58.77999877929688,58.79199981689453,57.66699981689453,57.91999816894531,40.31597518920898,4920300
2018-06-05,KHC,58.77999877929688,58.79199981689453,57.66699981689453,57.91999816894531,40.31597518920898,4920300
2018-06-06,KHC,58.09000015258789,58.09000015258789,57.0099983215332,57.91999816894531,40.31597518920898,4826800
2018-06-06,KHC,58.09000015258789,58.09000015258789,57.0099983215332,57.91999816894531,40.31597518920898,4826800
2018-06-07,KHC,57.5099983215332,58.15999984741211,57.06999969482422,57.66999816894531,40.141971588134766,4501800
2018-06-07,KHC,57.5099983215332,58.15999984741211,57.06999969482422,57.66999816894531,40.141971588134766,4501800
2018-06-08,KHC,57.790000915527344,58.59000015258789,57.66999816894531,58.470001220703125,40.698829650878906,4266700
2018-06-08,KHC,57.790000915527344,58.59000015258789,57.66999816894531,58.470001220703125,40.698829650878906,4266700
2018-06-11,KHC,58.59999847412109,60.13999938964844,58.58000183105469,59.880001068115234,41.680267333984375,5252000
2018-06-11,KHC,58.59999847412109,60.13999938964844,58.58000183105469,59.880001068115234,41.680267333984375,5252000
2018-06-12,KHC,60.22999954223633,60.650001525878906,59.290000915527344,60.119998931884766,41.84732055664063,4309300
2018-06-12,KHC,60.22999954223633,60.650001525878906,59.290000915527344,60.119998931884766,41.84732055664063,4309300
2018-06-13,KHC,60.36000061035156,60.68000030517578,59.650001525878906,60.09999847412109,41.833404541015625,3477900
2018-06-13,KHC,60.36000061035156,60.68000030517578,59.650001525878906,60.09999847412109,41.833404541015625,3477900
2018-06-14,KHC,60.38999938964844,61.0099983215332,59.93999862670898,60.66999816894531,42.23015594482422,3572700
2018-06-14,KHC,60.38999938964844,61.0099983215332,59.93999862670898,60.66999816894531,42.23015594482422,3572700
2018-06-15,KHC,60.810001373291016,61.63999938964844,60.38999938964844,61.61000061035156,42.88445663452149,7616400
2018-06-15,KHC,60.810001373291016,61.63999938964844,60.38999938964844,61.61000061035156,42.88445663452149,7616400
2018-06-18,KHC,61.43000030517578,62.650001525878906,60.470001220703125,60.869998931884766,42.3693733215332,4491300
2018-06-18,KHC,61.43000030517578,62.650001525878906,60.470001220703125,60.869998931884766,42.3693733215332,4491300
2018-06-19,KHC,60.59000015258789,62.27000045776367,60.5,62.13999938964844,43.25337600708008,5974300
2018-06-19,KHC,60.59000015258789,62.27000045776367,60.5,62.13999938964844,43.25337600708008,5974300
2018-06-20,KHC,62.27000045776367,63.34000015258789,62.0,63.040000915527344,43.87982940673828,6027600
2018-06-20,KHC,62.27000045776367,63.34000015258789,62.0,63.040000915527344,43.87982940673828,6027600
2018-06-21,KHC,63.04999923706055,63.20000076293945,62.25,62.56999969482422,43.55268096923828,4956000
2018-06-21,KHC,63.04999923706055,63.20000076293945,62.25,62.56999969482422,43.55268096923828,4956000
2018-06-22,KHC,62.810001373291016,63.45000076293945,62.65999984741211,63.209999084472656,43.9981575012207,4247200
2018-06-22,KHC,62.810001373291016,63.45000076293945,62.65999984741211,63.209999084472656,43.9981575012207,4247200
2018-06-25,KHC,62.84999847412109,64.54000091552734,62.81999969482422,63.31999969482422,44.0747184753418,4976500
2018-06-25,KHC,62.84999847412109,64.54000091552734,62.81999969482422,63.31999969482422,44.0747184753418,4976500
2018-06-26,KHC,63.58000183105469,63.61000061035156,62.34999847412109,63.209999084472656,43.9981575012207,4190400
2018-06-26,KHC,63.58000183105469,63.61000061035156,62.34999847412109,63.209999084472656,43.9981575012207,4190400
2018-06-27,KHC,62.9900016784668,63.81499862670898,62.5099983215332,62.68999862670898,43.6362190246582,3250100
2018-06-27,KHC,62.9900016784668,63.81499862670898,62.5099983215332,62.68999862670898,43.6362190246582,3250100
2018-06-28,KHC,62.84000015258789,63.31999969482422,62.505001068115234,62.650001525878906,43.60836791992188,3688000
2018-06-28,KHC,62.84000015258789,63.31999969482422,62.505001068115234,62.650001525878906,43.60836791992188,3688000
2018-06-29,KHC,62.90999984741211,63.22999954223633,62.130001068115234,62.81999969482422,43.7266960144043,3812500
2018-06-29,KHC,62.90999984741211,63.22999954223633,62.130001068115234,62.81999969482422,43.7266960144043,3812500
2018-07-02,KHC,62.5,62.59000015258789,61.52000045776367,62.09000015258789,43.21857070922852,3666600
2018-07-02,KHC,62.5,62.59000015258789,61.52000045776367,62.09000015258789,43.21857070922852,3666600
2018-07-03,KHC,62.33000183105469,63.130001068115234,62.33000183105469,62.63999938964844,43.60139846801758,1674000
2018-07-03,KHC,62.33000183105469,63.130001068115234,62.33000183105469,62.63999938964844,43.60139846801758,1674000
2018-07-05,KHC,63.27999877929688,64.0,62.63999938964844,63.95000076293945,44.51324844360352,2834300
2018-07-05,KHC,63.27999877929688,64.0,62.63999938964844,63.95000076293945,44.51324844360352,2834300
2018-07-06,KHC,64.0,64.62000274658203,63.66999816894531,64.43000030517578,44.84735107421875,3330000
2018-07-06,KHC,64.0,64.62000274658203,63.66999816894531,64.43000030517578,44.84735107421875,3330000
2018-07-09,KHC,64.6500015258789,64.75,63.619998931884766,63.970001220703125,44.52716445922852,3079900
2018-07-09,KHC,64.6500015258789,64.75,63.619998931884766,63.970001220703125,44.52716445922852,3079900
2018-07-10,KHC,64.33999633789062,64.33999633789062,63.33000183105469,64.0,44.54805755615234,3112900
2018-07-10,KHC,64.33999633789062,64.33999633789062,63.33000183105469,64.0,44.54805755615234,3112900
2018-07-11,KHC,63.90999984741211,64.27999877929688,63.5099983215332,63.7400016784668,44.367069244384766,2520900
2018-07-11,KHC,63.90999984741211,64.27999877929688,63.5099983215332,63.7400016784668,44.367069244384766,2520900
2018-07-12,KHC,63.93000030517578,64.05000305175781,63.290000915527344,63.63999938964844,44.2974739074707,2659900
2018-07-12,KHC,63.93000030517578,64.05000305175781,63.290000915527344,63.63999938964844,44.2974739074707,2659900
2018-07-13,KHC,63.63999938964844,64.58999633789062,63.5,63.84999847412109,44.44363784790039,3997900
2018-07-13,KHC,63.63999938964844,64.58999633789062,63.5,63.84999847412109,44.44363784790039,3997900
2018-07-16,KHC,63.88999938964844,63.9900016784668,62.59000015258789,62.63999938964844,43.60139846801758,4164900
2018-07-16,KHC,63.88999938964844,63.9900016784668,62.59000015258789,62.63999938964844,43.60139846801758,4164900
2018-07-17,KHC,62.63999938964844,63.380001068115234,62.54999923706055,63.04999923706055,43.88679122924805,5032300
2018-07-17,KHC,62.63999938964844,63.380001068115234,62.54999923706055,63.04999923706055,43.88679122924805,5032300
2018-07-18,KHC,63.04999923706055,63.18000030517578,61.540000915527344,61.59000015258789,42.870548248291016,5196400
2018-07-18,KHC,63.04999923706055,63.18000030517578,61.540000915527344,61.59000015258789,42.870548248291016,5196400
2018-07-19,KHC,61.310001373291016,62.0099983215332,60.880001068115234,61.34000015258789,42.6965217590332,6839500
2018-07-19,KHC,61.310001373291016,62.0099983215332,60.880001068115234,61.34000015258789,42.6965217590332,6839500
2018-07-20,KHC,61.27000045776367,61.380001068115234,60.54999923706055,60.68999862670898,42.24407958984375,5809500
2018-07-20,KHC,61.27000045776367,61.380001068115234,60.54999923706055,60.68999862670898,42.24407958984375,5809500
2018-07-23,KHC,60.400001525878906,60.88999938964844,60.13999938964844,60.29999923706055,41.972618103027344,4857500
2018-07-23,KHC,60.400001525878906,60.88999938964844,60.13999938964844,60.29999923706055,41.972618103027344,4857500
2018-07-24,KHC,60.29999923706055,60.470001220703125,59.150001525878906,59.66999816894531,41.53409957885742,6374000
2018-07-24,KHC,60.29999923706055,60.470001220703125,59.150001525878906,59.66999816894531,41.53409957885742,6374000
2018-07-25,KHC,59.709999084472656,60.15999984741211,58.93999862670898,59.84000015258789,41.65242767333984,3713900
2018-07-25,KHC,59.709999084472656,60.15999984741211,58.93999862670898,59.84000015258789,41.65242767333984,3713900
2018-07-26,KHC,60.720001220703125,61.70000076293945,60.22999954223633,60.47999954223633,42.0979118347168,4082200
2018-07-26,KHC,60.720001220703125,61.70000076293945,60.22999954223633,60.47999954223633,42.0979118347168,4082200
2018-07-27,KHC,60.59999847412109,61.04899978637695,59.887001037597656,60.2599983215332,41.94477462768555,3771100
2018-07-27,KHC,60.59999847412109,61.04899978637695,59.887001037597656,60.2599983215332,41.94477462768555,3771100
2018-07-30,KHC,60.09999847412109,60.619998931884766,59.81999969482422,60.27999877929688,41.95869827270508,3743100
2018-07-30,KHC,60.09999847412109,60.619998931884766,59.81999969482422,60.27999877929688,41.95869827270508,3743100
2018-07-31,KHC,60.61000061035156,61.16999816894531,60.0099983215332,60.25,41.93782043457031,6484800
2018-07-31,KHC,60.61000061035156,61.16999816894531,60.0099983215332,60.25,41.93782043457031,6484800
2018-08-01,KHC,60.0,60.09999847412109,59.25,59.27999877929688,41.262638092041016,4013200
2018-08-01,KHC,60.0,60.09999847412109,59.25,59.27999877929688,41.262638092041016,4013200
2018-08-02,KHC,59.09999847412109,59.650001525878906,58.24300003051758,59.400001525878906,41.34616088867188,6445100
2018-08-02,KHC,59.09999847412109,59.650001525878906,58.24300003051758,59.400001525878906,41.34616088867188,6445100
2018-08-03,KHC,61.0,64.98999786376953,60.380001068115234,64.4800033569336,44.88216781616211,16199700
2018-08-03,KHC,61.0,64.98999786376953,60.380001068115234,64.4800033569336,44.88216781616211,16199700
2018-08-06,KHC,63.84999847412109,64.12000274658203,62.150001525878906,62.29999923706055,43.3647346496582,7453200
2018-08-06,KHC,63.84999847412109,64.12000274658203,62.150001525878906,62.29999923706055,43.3647346496582,7453200
2018-08-07,KHC,62.5,62.540000915527344,61.07500076293945,61.31999969482422,42.6826057434082,6542400
2018-08-07,KHC,62.5,62.540000915527344,61.07500076293945,61.31999969482422,42.6826057434082,6542400
2018-08-08,KHC,60.08000183105469,60.84999847412109,59.5,60.27999877929688,41.95869827270508,11053800
2018-08-08,KHC,60.08000183105469,60.84999847412109,59.5,60.27999877929688,41.95869827270508,11053800
2018-08-09,KHC,60.41999816894531,60.619998931884766,59.68000030517578,60.0,41.7637939453125,6568700
2018-08-09,KHC,60.41999816894531,60.619998931884766,59.68000030517578,60.0,41.7637939453125,6568700
2018-08-10,KHC,59.7599983215332,60.0,59.09999847412109,59.650001525878906,41.52018356323242,5118000
2018-08-10,KHC,59.7599983215332,60.0,59.09999847412109,59.650001525878906,41.52018356323242,5118000
2018-08-13,KHC,59.47999954223633,59.709999084472656,58.83000183105469,59.27999877929688,41.262638092041016,5790400
2018-08-13,KHC,59.47999954223633,59.709999084472656,58.83000183105469,59.27999877929688,41.262638092041016,5790400
2018-08-14,KHC,59.5,60.060001373291016,59.43000030517578,59.52000045776367,41.42969512939453,4439900
2018-08-14,KHC,59.5,60.060001373291016,59.43000030517578,59.52000045776367,41.42969512939453,4439900
2018-08-15,KHC,59.560001373291016,59.58000183105469,58.97999954223633,59.09000015258789,41.13037490844727,5299600
2018-08-15,KHC,59.560001373291016,59.58000183105469,58.97999954223633,59.09000015258789,41.13037490844727,5299600
2018-08-16,KHC,58.970001220703125,60.150001525878906,58.83000183105469,60.02999877929688,42.23137664794922,6261800
2018-08-16,KHC,58.970001220703125,60.150001525878906,58.83000183105469,60.02999877929688,42.23137664794922,6261800
2018-08-17,KHC,60.29999923706055,61.310001373291016,59.77000045776367,61.02000045776367,42.927825927734375,6417000
2018-08-17,KHC,60.29999923706055,61.310001373291016,59.77000045776367,61.02000045776367,42.927825927734375,6417000
2018-08-20,KHC,61.02999877929688,61.68199920654297,60.61000061035156,60.63999938964844,42.66049575805664,4647000
2018-08-20,KHC,61.02999877929688,61.68199920654297,60.61000061035156,60.63999938964844,42.66049575805664,4647000
2018-08-21,KHC,60.75,60.75,59.59000015258789,59.84000015258789,42.09769821166992,4849800
2018-08-21,KHC,60.75,60.75,59.59000015258789,59.84000015258789,42.09769821166992,4849800
2018-08-22,KHC,59.97999954223633,60.09999847412109,59.34000015258789,59.54999923706055,41.89368438720703,3224800
2018-08-22,KHC,59.97999954223633,60.09999847412109,59.34000015258789,59.54999923706055,41.89368438720703,3224800
2018-08-23,KHC,59.2599983215332,59.4900016784668,58.75,58.79999923706055,41.36605072021485,5179800
2018-08-23,KHC,59.2599983215332,59.4900016784668,58.75,58.79999923706055,41.36605072021485,5179800
2018-08-24,KHC,58.91999816894531,59.41999816894531,58.7599983215332,59.02999877929688,41.52786636352539,4513200
2018-08-24,KHC,58.91999816894531,59.41999816894531,58.7599983215332,59.02999877929688,41.52786636352539,4513200
2018-08-27,KHC,59.34999847412109,59.869998931884766,59.18000030517578,59.56999969482422,41.907752990722656,3496800
2018-08-27,KHC,59.34999847412109,59.869998931884766,59.18000030517578,59.56999969482422,41.907752990722656,3496800
2018-08-28,KHC,59.5099983215332,59.869998931884766,58.790000915527344,58.790000915527344,41.3590202331543,4293500
2018-08-28,KHC,59.5099983215332,59.869998931884766,58.790000915527344,58.790000915527344,41.3590202331543,4293500
2018-08-29,KHC,58.900001525878906,59.369998931884766,58.560001373291016,59.29999923706055,41.71781921386719,5188900
2018-08-29,KHC,58.900001525878906,59.369998931884766,58.560001373291016,59.29999923706055,41.71781921386719,5188900
2018-08-30,KHC,59.130001068115234,59.56999969482422,58.165000915527344,58.220001220703125,40.95802688598633,5063800
2018-08-30,KHC,59.130001068115234,59.56999969482422,58.165000915527344,58.220001220703125,40.95802688598633,5063800
2018-08-31,KHC,58.35499954223633,58.56999969482422,57.630001068115234,58.27000045776367,40.99319839477539,5520300
2018-08-31,KHC,58.35499954223633,58.56999969482422,57.630001068115234,58.27000045776367,40.99319839477539,5520300
2018-09-04,KHC,58.45000076293945,58.619998931884766,56.54999923706055,56.65999984741211,39.86054992675781,6918700
2018-09-04,KHC,58.45000076293945,58.619998931884766,56.54999923706055,56.65999984741211,39.86054992675781,6918700
2018-09-05,KHC,56.650001525878906,57.7140007019043,56.290000915527344,57.0,40.09975051879883,7064200
2018-09-05,KHC,56.650001525878906,57.7140007019043,56.290000915527344,57.0,40.09975051879883,7064200
2018-09-06,KHC,57.040000915527344,57.25,56.060001373291016,56.79999923706055,39.95905303955078,8822100
2018-09-06,KHC,57.040000915527344,57.25,56.060001373291016,56.79999923706055,39.95905303955078,8822100
2018-09-07,KHC,56.68999862670898,56.720001220703125,56.16999816894531,56.59000015258789,39.81130599975586,6815900
2018-09-07,KHC,56.68999862670898,56.720001220703125,56.16999816894531,56.59000015258789,39.81130599975586,6815900
2018-09-10,KHC,56.900001525878906,57.47999954223633,56.810001373291016,57.2400016784668,40.26858901977539,8285300
2018-09-10,KHC,56.900001525878906,57.47999954223633,56.810001373291016,57.2400016784668,40.26858901977539,8285300
2018-09-11,KHC,57.34999847412109,57.8650016784668,56.68999862670898,57.7599983215332,40.63441467285156,7617300
2018-09-11,KHC,57.34999847412109,57.8650016784668,56.68999862670898,57.7599983215332,40.63441467285156,7617300
2018-09-12,KHC,58.22999954223633,59.52999877929688,57.79999923706055,59.119998931884766,41.59118270874024,6699000
2018-09-12,KHC,58.22999954223633,59.52999877929688,57.79999923706055,59.119998931884766,41.59118270874024,6699000
2018-09-13,KHC,59.25,59.90999984741211,58.900001525878906,59.4900016784668,41.85147476196289,5891500
2018-09-13,KHC,59.25,59.90999984741211,58.900001525878906,59.4900016784668,41.85147476196289,5891500
2018-09-14,KHC,59.29999923706055,59.35900115966797,58.59999847412109,58.970001220703125,41.48564529418945,3953700
2018-09-14,KHC,59.29999923706055,59.35900115966797,58.59999847412109,58.970001220703125,41.48564529418945,3953700
2018-09-17,KHC,58.02000045776367,58.4900016784668,57.70000076293945,58.34999847412109,41.04947662353516,7494000
2018-09-17,KHC,58.02000045776367,58.4900016784668,57.70000076293945,58.34999847412109,41.04947662353516,7494000
2018-09-18,KHC,57.84999847412109,58.04999923706055,56.380001068115234,57.09999847412109,40.17009353637695,7285100
2018-09-18,KHC,57.84999847412109,58.04999923706055,56.380001068115234,57.09999847412109,40.17009353637695,7285100
2018-09-19,KHC,57.31999969482422,57.45000076293945,56.81999969482422,56.88999938964844,40.02235794067383,5079400
2018-09-19,KHC,57.31999969482422,57.45000076293945,56.81999969482422,56.88999938964844,40.02235794067383,5079400
2018-09-20,KHC,57.27999877929688,57.94400024414063,57.220001220703125,57.56999969482422,40.5007438659668,5364600
2018-09-20,KHC,57.27999877929688,57.94400024414063,57.220001220703125,57.56999969482422,40.5007438659668,5364600
2018-09-21,KHC,57.93000030517578,57.93999862670898,57.04999923706055,57.119998931884766,40.18416595458984,11543500
2018-09-21,KHC,57.93000030517578,57.93999862670898,57.04999923706055,57.119998931884766,40.18416595458984,11543500
2018-09-24,KHC,57.0,57.29999923706055,56.23500061035156,56.52000045776367,39.76205825805664,4729000
2018-09-24,KHC,57.0,57.29999923706055,56.23500061035156,56.52000045776367,39.76205825805664,4729000
2018-09-25,KHC,56.650001525878906,56.84299850463867,55.59999847412109,55.65999984741211,39.15704727172852,3813200
2018-09-25,KHC,56.650001525878906,56.84299850463867,55.59999847412109,55.65999984741211,39.15704727172852,3813200
2018-09-26,KHC,55.90999984741211,55.91999816894531,55.06999969482422,55.16999816894531,38.81232833862305,5436500
2018-09-26,KHC,55.90999984741211,55.91999816894531,55.06999969482422,55.16999816894531,38.81232833862305,5436500
2018-09-27,KHC,55.11000061035156,55.775001525878906,54.31999969482422,55.040000915527344,38.72087860107422,7881900
2018-09-27,KHC,55.11000061035156,55.775001525878906,54.31999969482422,55.040000915527344,38.72087860107422,7881900
2018-09-28,KHC,54.97999954223633,55.43999862670898,54.400001525878906,55.11000061035156,38.77012252807617,6505300
2018-09-28,KHC,54.97999954223633,55.43999862670898,54.400001525878906,55.11000061035156,38.77012252807617,6505300
2018-10-01,KHC,55.4900016784668,55.935001373291016,55.22499847412109,55.540000915527344,39.0726318359375,6208700
2018-10-01,KHC,55.4900016784668,55.935001373291016,55.22499847412109,55.540000915527344,39.0726318359375,6208700
2018-10-02,KHC,55.56999969482422,56.290000915527344,55.459999084472656,55.93000030517578,39.34699249267578,3930000
2018-10-02,KHC,55.56999969482422,56.290000915527344,55.459999084472656,55.93000030517578,39.34699249267578,3930000
2018-10-03,KHC,56.06999969482422,56.5,55.380001068115234,55.59999847412109,39.114837646484375,5395100
2018-10-03,KHC,56.06999969482422,56.5,55.380001068115234,55.59999847412109,39.114837646484375,5395100
2018-10-04,KHC,55.45000076293945,55.880001068115234,55.13999938964844,55.52000045776367,39.05855941772461,4349500
2018-10-04,KHC,55.45000076293945,55.880001068115234,55.13999938964844,55.52000045776367,39.05855941772461,4349500
2018-10-05,KHC,55.70000076293945,56.040000915527344,55.22999954223633,55.88999938964844,39.3188591003418,4163400
2018-10-05,KHC,55.70000076293945,56.040000915527344,55.22999954223633,55.88999938964844,39.3188591003418,4163400
2018-10-08,KHC,55.84999847412109,57.310001373291016,55.84999847412109,57.060001373291016,40.1419563293457,6060700
2018-10-08,KHC,55.84999847412109,57.310001373291016,55.84999847412109,57.060001373291016,40.1419563293457,6060700
2018-10-09,KHC,57.29999923706055,57.47999954223633,55.59000015258789,56.06999969482422,39.44549179077149,8535700
2018-10-09,KHC,57.29999923706055,57.47999954223633,55.59000015258789,56.06999969482422,39.44549179077149,8535700
2018-10-10,KHC,55.810001373291016,57.02999877929688,55.72999954223633,55.7400016784668,39.21333312988281,7799600
2018-10-10,KHC,55.810001373291016,57.02999877929688,55.72999954223633,55.7400016784668,39.21333312988281,7799600
2018-10-11,KHC,55.970001220703125,56.22999954223633,53.56999969482422,53.81999969482422,37.86259841918945,9593800
2018-10-11,KHC,55.970001220703125,56.22999954223633,53.56999969482422,53.81999969482422,37.86259841918945,9593800
2018-10-12,KHC,53.93999862670898,54.43000030517578,53.02999877929688,54.2400016784668,38.15807342529297,9452500
2018-10-12,KHC,53.93999862670898,54.43000030517578,53.02999877929688,54.2400016784668,38.15807342529297,9452500
2018-10-15,KHC,54.04999923706055,54.959999084472656,54.04999923706055,54.470001220703125,38.31988143920898,4829800
2018-10-15,KHC,54.04999923706055,54.959999084472656,54.04999923706055,54.470001220703125,38.31988143920898,4829800
2018-10-16,KHC,54.709999084472656,55.65999984741211,54.4900016784668,55.43999862670898,39.00226974487305,4813700
2018-10-16,KHC,54.709999084472656,55.65999984741211,54.4900016784668,55.43999862670898,39.00226974487305,4813700
2018-10-17,KHC,55.40999984741211,57.02000045776367,55.29999923706055,56.400001525878906,39.67764663696289,7094000
2018-10-17,KHC,55.40999984741211,57.02000045776367,55.29999923706055,56.400001525878906,39.67764663696289,7094000
2018-10-18,KHC,56.40999984741211,56.91999816894531,55.43000030517578,55.540000915527344,39.0726318359375,6075400
2018-10-18,KHC,56.40999984741211,56.91999816894531,55.43000030517578,55.540000915527344,39.0726318359375,6075400
2018-10-19,KHC,56.150001525878906,57.755001068115234,56.09999847412109,57.560001373291016,40.49370193481445,8880700
2018-10-19,KHC,56.150001525878906,57.755001068115234,56.09999847412109,57.560001373291016,40.49370193481445,8880700
2018-10-22,KHC,57.65999984741211,58.08000183105469,56.09000015258789,56.209999084472656,39.543975830078125,7390000
2018-10-22,KHC,57.65999984741211,58.08000183105469,56.09000015258789,56.209999084472656,39.543975830078125,7390000
2018-10-23,KHC,56.20000076293945,56.86100006103516,55.52999877929688,56.59999847412109,39.81834030151367,6429000
2018-10-23,KHC,56.20000076293945,56.86100006103516,55.52999877929688,56.59999847412109,39.81834030151367,6429000
2018-10-24,KHC,56.41999816894531,57.380001068115234,55.70500183105469,55.77999877929688,39.24147415161133,5833800
2018-10-24,KHC,56.41999816894531,57.380001068115234,55.70500183105469,55.77999877929688,39.24147415161133,5833800
2018-10-25,KHC,55.7599983215332,56.540000915527344,55.34000015258789,55.97999954223633,39.38217926025391,5712800
2018-10-25,KHC,55.7599983215332,56.540000915527344,55.34000015258789,55.97999954223633,39.38217926025391,5712800
2018-10-26,KHC,55.5099983215332,55.58000183105469,54.29999923706055,54.650001525878906,38.44651794433594,6480000
2018-10-26,KHC,55.5099983215332,55.58000183105469,54.29999923706055,54.650001525878906,38.44651794433594,6480000
2018-10-29,KHC,55.16999816894531,56.11000061035156,54.720001220703125,55.52000045776367,39.05855941772461,6301400
2018-10-29,KHC,55.16999816894531,56.11000061035156,54.720001220703125,55.52000045776367,39.05855941772461,6301400
2018-10-30,KHC,55.619998931884766,56.43000030517578,55.33000183105469,55.84999847412109,39.290714263916016,6015500
2018-10-30,KHC,55.619998931884766,56.43000030517578,55.33000183105469,55.84999847412109,39.290714263916016,6015500
2018-10-31,KHC,55.5,55.54499816894531,53.77000045776367,54.970001220703125,38.671634674072266,8888100
2018-10-31,KHC,55.5,55.54499816894531,53.77000045776367,54.970001220703125,38.671634674072266,8888100
2018-11-01,KHC,55.130001068115234,56.5,54.61000061035156,56.20000076293945,39.53694152832031,7427700
2018-11-01,KHC,55.130001068115234,56.5,54.61000061035156,56.20000076293945,39.53694152832031,7427700
2018-11-02,KHC,52.25,52.52000045776367,50.4109992980957,50.72999954223633,35.688777923583984,22310600
2018-11-02,KHC,52.25,52.52000045776367,50.4109992980957,50.72999954223633,35.688777923583984,22310600
2018-11-05,KHC,51.06999969482422,53.0,51.040000915527344,52.38999938964844,36.85659408569336,10481500
2018-11-05,KHC,51.06999969482422,53.0,51.040000915527344,52.38999938964844,36.85659408569336,10481500
2018-11-06,KHC,52.77000045776367,53.720001220703125,52.43000030517578,53.459999084472656,37.60934448242188,6724000
2018-11-06,KHC,52.77000045776367,53.720001220703125,52.43000030517578,53.459999084472656,37.60934448242188,6724000
2018-11-07,KHC,53.84999847412109,54.02999877929688,52.900001525878906,53.54999923706055,37.67266082763672,5379400
2018-11-07,KHC,53.84999847412109,54.02999877929688,52.900001525878906,53.54999923706055,37.67266082763672,5379400
2018-11-08,KHC,53.25,53.59999847412109,52.93999862670898,53.310001373291016,37.50382232666016,5031800
2018-11-08,KHC,53.25,53.59999847412109,52.93999862670898,53.310001373291016,37.50382232666016,5031800
2018-11-09,KHC,53.36000061035156,54.14500045776367,53.06999969482422,53.9900016784668,37.98219299316406,5712700
2018-11-09,KHC,53.36000061035156,54.14500045776367,53.06999969482422,53.9900016784668,37.98219299316406,5712700
2018-11-12,KHC,54.02999877929688,54.869998931884766,53.5099983215332,53.66999816894531,37.75707626342773,5540900
2018-11-12,KHC,54.02999877929688,54.869998931884766,53.5099983215332,53.66999816894531,37.75707626342773,5540900
2018-11-13,KHC,53.75,54.27000045776367,52.97999954223633,53.380001068115234,37.55305480957031,5511400
2018-11-13,KHC,53.75,54.27000045776367,52.97999954223633,53.380001068115234,37.55305480957031,5511400
2018-11-14,KHC,53.43000030517578,53.560001373291016,52.16999816894531,52.63999938964844,37.03246307373047,5601600
2018-11-14,KHC,53.43000030517578,53.560001373291016,52.16999816894531,52.63999938964844,37.03246307373047,5601600
2018-11-15,KHC,52.0,52.27000045776367,51.45000076293945,51.9900016784668,37.0146713256836,6902900
2018-11-15,KHC,52.0,52.27000045776367,51.45000076293945,51.9900016784668,37.0146713256836,6902900
2018-11-16,KHC,52.0099983215332,52.900001525878906,51.77000045776367,52.08000183105469,37.07875061035156,11005000
2018-11-16,KHC,52.0099983215332,52.900001525878906,51.77000045776367,52.08000183105469,37.07875061035156,11005000
2018-11-19,KHC,51.970001220703125,52.7400016784668,51.72999954223633,51.88999938964844,36.943485260009766,6378100
2018-11-19,KHC,51.970001220703125,52.7400016784668,51.72999954223633,51.88999938964844,36.943485260009766,6378100
2018-11-20,KHC,52.04999923706055,52.3650016784668,50.709999084472656,50.93999862670898,36.26711654663086,5967000
2018-11-20,KHC,52.04999923706055,52.3650016784668,50.709999084472656,50.93999862670898,36.26711654663086,5967000
2018-11-21,KHC,51.02999877929688,51.47999954223633,50.720001220703125,51.15999984741211,36.42374038696289,4154900
2018-11-21,KHC,51.02999877929688,51.47999954223633,50.720001220703125,51.15999984741211,36.42374038696289,4154900
2018-11-23,KHC,51.02999877929688,51.5,50.83000183105469,51.040000915527344,36.33830642700195,2018700
2018-11-23,KHC,51.02999877929688,51.5,50.83000183105469,51.040000915527344,36.33830642700195,2018700
2018-11-26,KHC,51.560001373291016,51.720001220703125,50.95000076293945,51.06999969482422,36.35966873168945,4527200
2018-11-26,KHC,51.560001373291016,51.720001220703125,50.95000076293945,51.06999969482422,36.35966873168945,4527200
2018-11-27,KHC,50.93000030517578,51.85499954223633,50.584999084472656,51.79999923706055,36.87939453125,5269200
2018-11-27,KHC,50.93000030517578,51.85499954223633,50.584999084472656,51.79999923706055,36.87939453125,5269200
2018-11-28,KHC,51.31999969482422,51.40999984741211,50.619998931884766,51.18000030517578,36.43799591064453,6212700
2018-11-28,KHC,51.31999969482422,51.40999984741211,50.619998931884766,51.18000030517578,36.43799591064453,6212700
2018-11-29,KHC,50.959999084472656,51.65499877929688,50.83000183105469,51.18999862670898,36.44510269165039,4840300
2018-11-29,KHC,50.959999084472656,51.65499877929688,50.83000183105469,51.18999862670898,36.44510269165039,4840300
2018-11-30,KHC,51.11000061035156,51.290000915527344,50.77999877929688,51.119998931884766,36.395263671875,6402800
2018-11-30,KHC,51.11000061035156,51.290000915527344,50.77999877929688,51.119998931884766,36.395263671875,6402800
2018-12-03,KHC,51.400001525878906,51.65999984741211,50.880001068115234,51.41999816894531,36.60885620117188,5849600
2018-12-03,KHC,51.400001525878906,51.65999984741211,50.880001068115234,51.41999816894531,36.60885620117188,5849600
2018-12-04,KHC,51.400001525878906,51.68999862670898,49.86000061035156,49.97999954223633,35.58363723754883,6460000
2018-12-04,KHC,51.400001525878906,51.68999862670898,49.86000061035156,49.97999954223633,35.58363723754883,6460000
2018-12-06,KHC,50.0,50.22999954223633,48.52000045776367,49.52000045776367,35.256134033203125,8413300
2018-12-06,KHC,50.0,50.22999954223633,48.52000045776367,49.52000045776367,35.256134033203125,8413300
2018-12-07,KHC,49.400001525878906,49.94499969482422,48.51499938964844,48.709999084472656,34.679443359375,5152600
2018-12-07,KHC,49.400001525878906,49.94499969482422,48.51499938964844,48.709999084472656,34.679443359375,5152600
2018-12-10,KHC,48.86000061035156,49.0,47.18999862670898,48.27000045776367,34.36617660522461,7708700
2018-12-10,KHC,48.86000061035156,49.0,47.18999862670898,48.27000045776367,34.36617660522461,7708700
2018-12-11,KHC,48.709999084472656,49.310001373291016,48.130001068115234,48.380001068115234,34.44450759887695,6550200
2018-12-11,KHC,48.709999084472656,49.310001373291016,48.130001068115234,48.380001068115234,34.44450759887695,6550200
2018-12-12,KHC,48.95000076293945,49.16999816894531,48.22999954223633,48.2599983215332,34.359066009521484,7351700
2018-12-12,KHC,48.95000076293945,49.16999816894531,48.22999954223633,48.2599983215332,34.359066009521484,7351700
2018-12-13,KHC,48.369998931884766,48.63199996948242,48.0,48.470001220703125,34.50857162475586,4683500
2018-12-13,KHC,48.369998931884766,48.63199996948242,48.0,48.470001220703125,34.50857162475586,4683500
2018-12-14,KHC,48.36000061035156,48.45000076293945,47.374000549316406,47.459999084472656,33.78950500488281,5653400
2018-12-14,KHC,48.36000061035156,48.45000076293945,47.374000549316406,47.459999084472656,33.78950500488281,5653400
2018-12-17,KHC,47.5,47.98500061035156,46.369998931884766,46.81999969482422,33.3338508605957,7994300
2018-12-17,KHC,47.5,47.98500061035156,46.369998931884766,46.81999969482422,33.3338508605957,7994300
2018-12-18,KHC,46.97999954223633,47.2400016784668,45.880001068115234,46.150001525878906,32.856842041015625,7852600
2018-12-18,KHC,46.97999954223633,47.2400016784668,45.880001068115234,46.150001525878906,32.856842041015625,7852600
2018-12-19,KHC,46.5,46.880001068115234,44.869998931884766,45.09000015258789,32.10216522216797,11399300
2018-12-19,KHC,46.5,46.880001068115234,44.869998931884766,45.09000015258789,32.10216522216797,11399300
2018-12-20,KHC,45.08000183105469,45.47999954223633,44.41999816894531,44.84999847412109,31.93130111694336,11469400
2018-12-20,KHC,45.08000183105469,45.47999954223633,44.41999816894531,44.84999847412109,31.93130111694336,11469400
2018-12-21,KHC,45.04999923706055,45.900001525878906,43.94599914550781,44.04999923706055,31.361726760864254,13230600
2018-12-21,KHC,45.04999923706055,45.900001525878906,43.94599914550781,44.04999923706055,31.361726760864254,13230600
2018-12-24,KHC,44.060001373291016,44.220001220703125,42.43999862670898,42.540000915527344,30.28666877746582,5241100
2018-12-24,KHC,44.060001373291016,44.220001220703125,42.43999862670898,42.540000915527344,30.28666877746582,5241100
2018-12-26,KHC,42.65999984741211,43.290000915527344,41.59999847412109,43.290000915527344,30.82064437866211,9547100
2018-12-26,KHC,42.65999984741211,43.290000915527344,41.59999847412109,43.290000915527344,30.82064437866211,9547100
2018-12-27,KHC,43.220001220703125,43.790000915527344,42.27999877929688,43.7599983215332,31.15525245666504,9022000
2018-12-27,KHC,43.220001220703125,43.790000915527344,42.27999877929688,43.7599983215332,31.15525245666504,9022000
2018-12-28,KHC,43.88999938964844,44.54999923706055,43.38999938964844,43.56999969482422,31.01998519897461,8321800
2018-12-28,KHC,43.88999938964844,44.54999923706055,43.38999938964844,43.56999969482422,31.01998519897461,8321800
2018-12-31,KHC,42.90999984741211,43.41999816894531,42.34000015258789,43.040000915527344,30.642654418945312,9206000
2018-12-31,KHC,42.90999984741211,43.41999816894531,42.34000015258789,43.040000915527344,30.642654418945312,9206000
2019-01-02,KHC,42.75,43.720001220703125,42.28499984741211,43.34000015258789,30.856246948242188,6417800
2019-01-02,KHC,42.75,43.720001220703125,42.28499984741211,43.34000015258789,30.856246948242188,6417800
2019-01-03,KHC,43.150001525878906,43.880001068115234,42.97999954223633,43.310001373291016,30.834888458251957,7613500
2019-01-03,KHC,43.150001525878906,43.880001068115234,42.97999954223633,43.310001373291016,30.834888458251957,7613500
2019-01-04,KHC,44.08000183105469,44.63999938964844,43.5,44.4900016784668,31.674989700317383,6452600
2019-01-04,KHC,44.08000183105469,44.63999938964844,43.5,44.4900016784668,31.674989700317383,6452600
2019-01-07,KHC,44.4900016784668,45.709999084472656,44.0099983215332,45.33000183105469,32.27303695678711,6711400
2019-01-07,KHC,44.4900016784668,45.709999084472656,44.0099983215332,45.33000183105469,32.27303695678711,6711400
2019-01-08,KHC,45.61000061035156,45.73400115966797,45.040000915527344,45.369998931884766,32.301513671875,8308100
2019-01-08,KHC,45.61000061035156,45.73400115966797,45.040000915527344,45.369998931884766,32.301513671875,8308100
2019-01-09,KHC,45.310001373291016,45.470001220703125,44.77000045776367,45.130001068115234,32.13064193725586,6628800
2019-01-09,KHC,45.310001373291016,45.470001220703125,44.77000045776367,45.130001068115234,32.13064193725586,6628800
2019-01-10,KHC,45.150001525878906,45.66999816894531,44.790000915527344,45.59999847412109,32.46525573730469,6153000
2019-01-10,KHC,45.150001525878906,45.66999816894531,44.790000915527344,45.59999847412109,32.46525573730469,6153000
2019-01-11,KHC,45.790000915527344,45.86800003051758,44.78499984741211,45.61000061035156,32.47237777709961,4879400
2019-01-11,KHC,45.790000915527344,45.86800003051758,44.78499984741211,45.61000061035156,32.47237777709961,4879400
2019-01-14,KHC,45.56999969482422,46.41999816894531,45.43999862670898,46.25,32.92803192138672,7977200
2019-01-14,KHC,45.56999969482422,46.41999816894531,45.43999862670898,46.25,32.92803192138672,7977200
2019-01-15,KHC,46.65999984741211,46.91999816894531,46.2400016784668,46.90999984741211,33.397918701171875,6086900
2019-01-15,KHC,46.65999984741211,46.91999816894531,46.2400016784668,46.90999984741211,33.397918701171875,6086900
2019-01-16,KHC,47.0,47.34000015258789,46.63999938964844,46.84000015258789,33.34809875488281,8449400
2019-01-16,KHC,47.0,47.34000015258789,46.63999938964844,46.84000015258789,33.34809875488281,8449400
2019-01-17,KHC,46.91999816894531,47.09999847412109,46.310001373291016,47.08000183105469,33.51895904541016,7363900
2019-01-17,KHC,46.91999816894531,47.09999847412109,46.310001373291016,47.08000183105469,33.51895904541016,7363900
2019-01-18,KHC,47.41999816894531,47.79999923706055,47.0,47.52999877929688,33.83933639526367,6141000
2019-01-18,KHC,47.41999816894531,47.79999923706055,47.0,47.52999877929688,33.83933639526367,6141000
2019-01-22,KHC,47.84000015258789,47.900001525878906,46.5099983215332,47.27999877929688,33.661346435546875,6959800
2019-01-22,KHC,47.84000015258789,47.900001525878906,46.5099983215332,47.27999877929688,33.661346435546875,6959800
2019-01-23,KHC,47.52999877929688,47.70000076293945,46.58000183105469,47.060001373291016,33.50472640991211,5213900
2019-01-23,KHC,47.52999877929688,47.70000076293945,46.58000183105469,47.060001373291016,33.50472640991211,5213900
2019-01-24,KHC,46.58000183105469,47.07500076293945,46.400001525878906,46.540000915527344,33.13450622558594,6063000
2019-01-24,KHC,46.58000183105469,47.07500076293945,46.400001525878906,46.540000915527344,33.13450622558594,6063000
2019-01-25,KHC,46.84000015258789,47.2400016784668,46.65999984741211,46.75,33.28400802612305,5422000
2019-01-25,KHC,46.84000015258789,47.2400016784668,46.65999984741211,46.75,33.28400802612305,5422000
2019-01-28,KHC,46.77999877929688,47.11000061035156,46.060001373291016,46.900001525878906,33.39080810546875,6545800
2019-01-28,KHC,46.77999877929688,47.11000061035156,46.060001373291016,46.900001525878906,33.39080810546875,6545800
2019-01-29,KHC,47.040000915527344,47.2599983215332,46.40999984741211,46.880001068115234,33.376564025878906,4440500
2019-01-29,KHC,47.040000915527344,47.2599983215332,46.40999984741211,46.880001068115234,33.376564025878906,4440500
2019-01-30,KHC,47.0,47.13999938964844,46.52000045776367,46.75,33.28400802612305,5414300
2019-01-30,KHC,47.0,47.13999938964844,46.52000045776367,46.75,33.28400802612305,5414300
2019-01-31,KHC,46.970001220703125,48.09999847412109,46.93999862670898,48.060001373291016,34.216678619384766,8319600
2019-01-31,KHC,46.970001220703125,48.09999847412109,46.93999862670898,48.060001373291016,34.216678619384766,8319600
2019-02-01,KHC,48.13999938964844,48.2400016784668,47.525001525878906,47.7599983215332,34.00308990478516,4740200
2019-02-01,KHC,48.13999938964844,48.2400016784668,47.525001525878906,47.7599983215332,34.00308990478516,4740200
2019-02-04,KHC,47.81999969482422,47.97999954223633,47.38999938964844,47.72999954223633,33.98173141479492,6251500
2019-02-04,KHC,47.81999969482422,47.97999954223633,47.38999938964844,47.72999954223633,33.98173141479492,6251500
2019-02-05,KHC,47.619998931884766,48.15999984741211,47.459999084472656,48.13999938964844,34.27363586425781,6145700
2019-02-05,KHC,47.619998931884766,48.15999984741211,47.459999084472656,48.13999938964844,34.27363586425781,6145700
2019-02-06,KHC,47.95000076293945,48.06999969482422,47.48500061035156,47.68999862670898,33.9532470703125,5012400
2019-02-06,KHC,47.95000076293945,48.06999969482422,47.48500061035156,47.68999862670898,33.9532470703125,5012400
2019-02-07,KHC,47.06999969482422,47.69300079345703,46.81999969482422,47.22999954223633,33.625755310058594,9556900
2019-02-07,KHC,47.06999969482422,47.69300079345703,46.81999969482422,47.22999954223633,33.625755310058594,9556900
2019-02-08,KHC,47.20000076293945,47.47999954223633,46.63999938964844,47.459999084472656,33.78950500488281,5278600
2019-02-08,KHC,47.20000076293945,47.47999954223633,46.63999938964844,47.459999084472656,33.78950500488281,5278600
2019-02-11,KHC,47.5,47.75,46.880001068115234,47.33000183105469,33.69694900512695,5152500
2019-02-11,KHC,47.5,47.75,46.880001068115234,47.33000183105469,33.69694900512695,5152500
2019-02-12,KHC,47.59000015258789,48.470001220703125,47.5,48.11000061035156,34.25226974487305,5363900
2019-02-12,KHC,47.59000015258789,48.470001220703125,47.5,48.11000061035156,34.25226974487305,5363900
2019-02-13,KHC,48.310001373291016,48.41999816894531,47.61000061035156,47.63999938964844,33.91765213012695,6021400
2019-02-13,KHC,48.310001373291016,48.41999816894531,47.61000061035156,47.63999938964844,33.91765213012695,6021400
2019-02-14,KHC,47.47999954223633,47.65999984741211,46.88999938964844,47.34000015258789,33.70406723022461,4390000
2019-02-14,KHC,47.47999954223633,47.65999984741211,46.88999938964844,47.34000015258789,33.70406723022461,4390000
2019-02-15,KHC,47.81999969482422,48.09000015258789,47.34000015258789,47.619998931884766,33.90340805053711,5758800
2019-02-15,KHC,47.81999969482422,48.09000015258789,47.34000015258789,47.619998931884766,33.90340805053711,5758800
2019-02-19,KHC,47.81999969482422,48.380001068115234,47.630001068115234,47.77000045776367,34.01021194458008,7443900
2019-02-19,KHC,47.81999969482422,48.380001068115234,47.630001068115234,47.77000045776367,34.01021194458008,7443900
2019-02-20,KHC,47.900001525878906,48.5,47.630001068115234,48.2599983215332,34.359066009521484,7048900
2019-02-20,KHC,47.900001525878906,48.5,47.630001068115234,48.2599983215332,34.359066009521484,7048900
2019-02-21,KHC,48.38999938964844,48.65999984741211,47.84999847412109,48.18000030517578,34.30211639404297,10117900
2019-02-21,KHC,48.38999938964844,48.65999984741211,47.84999847412109,48.18000030517578,34.30211639404297,10117900
2019-02-22,KHC,35.849998474121094,36.0,34.5099983215332,34.95000076293945,24.88291358947754,135204800
2019-02-22,KHC,35.849998474121094,36.0,34.5099983215332,34.95000076293945,24.88291358947754,135204800
2019-02-25,KHC,35.0,35.41999816894531,34.060001373291016,34.22999954223633,24.37030792236328,47394300
2019-02-25,KHC,35.0,35.41999816894531,34.060001373291016,34.22999954223633,24.37030792236328,47394300
2019-02-26,KHC,34.2400016784668,34.5099983215332,33.040000915527344,33.119998931884766,23.58003044128418,36361600
2019-02-26,KHC,34.2400016784668,34.5099983215332,33.040000915527344,33.119998931884766,23.58003044128418,36361600
2019-02-27,KHC,33.150001525878906,33.25,32.04999923706055,32.20000076293945,22.92502784729004,28284100
2019-02-27,KHC,33.150001525878906,33.25,32.04999923706055,32.20000076293945,22.92502784729004,28284100
2019-02-28,KHC,32.41999816894531,33.63999938964844,31.81999969482422,33.189998626708984,23.629867553710938,39658300
2019-02-28,KHC,32.41999816894531,33.63999938964844,31.81999969482422,33.189998626708984,23.629867553710938,39658300
2019-03-01,KHC,33.40999984741211,33.4900016784668,32.349998474121094,32.400001525878906,23.06742286682129,20796800
2019-03-01,KHC,33.40999984741211,33.4900016784668,32.349998474121094,32.400001525878906,23.06742286682129,20796800
2019-03-04,KHC,32.900001525878906,33.54999923706055,32.77000045776367,33.22999954223633,23.65834617614746,19256700
2019-03-04,KHC,32.900001525878906,33.54999923706055,32.77000045776367,33.22999954223633,23.65834617614746,19256700
2019-03-05,KHC,33.380001068115234,33.38999938964844,32.65999984741211,33.040000915527344,23.52308464050293,13556300
2019-03-05,KHC,33.380001068115234,33.38999938964844,32.65999984741211,33.040000915527344,23.52308464050293,13556300
2019-03-06,KHC,33.130001068115234,33.20000076293945,32.75,32.86000061035156,23.39492416381836,8978600
2019-03-06,KHC,33.130001068115234,33.20000076293945,32.75,32.86000061035156,23.39492416381836,8978600
2019-03-07,KHC,32.630001068115234,32.630001068115234,31.809999465942383,31.88999938964844,22.984106063842773,15205600
2019-03-07,KHC,32.630001068115234,32.630001068115234,31.809999465942383,31.88999938964844,22.984106063842773,15205600
2019-03-08,KHC,31.690000534057617,32.29999923706055,31.600000381469727,32.099998474121094,23.135459899902344,12460800
2019-03-08,KHC,31.690000534057617,32.29999923706055,31.600000381469727,32.099998474121094,23.135459899902344,12460800
2019-03-11,KHC,31.989999771118164,32.189998626708984,31.650999069213867,32.16999816894531,23.185911178588867,12449900
2019-03-11,KHC,31.989999771118164,32.189998626708984,31.650999069213867,32.16999816894531,23.185911178588867,12449900
2019-03-12,KHC,32.20000076293945,32.41999816894531,31.856000900268555,31.989999771118164,23.05618095397949,10361500
2019-03-12,KHC,32.20000076293945,32.41999816894531,31.856000900268555,31.989999771118164,23.05618095397949,10361500
2019-03-13,KHC,32.06999969482422,32.310001373291016,31.899999618530277,32.29999923706055,23.27960586547852,8688600
2019-03-13,KHC,32.06999969482422,32.310001373291016,31.899999618530277,32.29999923706055,23.27960586547852,8688600
2019-03-14,KHC,32.34000015258789,32.5,31.850000381469727,31.8700008392334,22.96969223022461,8199900
2019-03-14,KHC,32.34000015258789,32.5,31.850000381469727,31.8700008392334,22.96969223022461,8199900
2019-03-15,KHC,31.950000762939453,32.220001220703125,31.649999618530277,32.09000015258789,23.128250122070312,16516500
2019-03-15,KHC,31.950000762939453,32.220001220703125,31.649999618530277,32.09000015258789,23.128250122070312,16516500
2019-03-18,KHC,31.799999237060547,32.099998474121094,31.530000686645508,32.029998779296875,23.08500862121582,13719500
2019-03-18,KHC,31.799999237060547,32.099998474121094,31.530000686645508,32.029998779296875,23.08500862121582,13719500
2019-03-19,KHC,31.96999931335449,32.47999954223633,31.8799991607666,32.130001068115234,23.157081604003903,10194500
2019-03-19,KHC,31.96999931335449,32.47999954223633,31.8799991607666,32.130001068115234,23.157081604003903,10194500
2019-03-20,KHC,32.099998474121094,32.18000030517578,31.739999771118164,32.02000045776367,23.077804565429688,10093500
2019-03-20,KHC,32.099998474121094,32.18000030517578,31.739999771118164,32.02000045776367,23.077804565429688,10093500
2019-03-21,KHC,32.040000915527344,32.849998474121094,31.920000076293945,32.75,23.60394096374512,11186100
2019-03-21,KHC,32.040000915527344,32.849998474121094,31.920000076293945,32.75,23.60394096374512,11186100
2019-03-22,KHC,32.83000183105469,32.849998474121094,32.189998626708984,32.290000915527344,23.27239990234375,12098300
2019-03-22,KHC,32.83000183105469,32.849998474121094,32.189998626708984,32.290000915527344,23.27239990234375,12098300
2019-03-25,KHC,32.27000045776367,32.540000915527344,32.029998779296875,32.5,23.42374992370605,7663500
2019-03-25,KHC,32.27000045776367,32.540000915527344,32.029998779296875,32.5,23.42374992370605,7663500
2019-03-26,KHC,32.540000915527344,33.04999923706055,32.5099983215332,32.900001525878906,23.712045669555664,7464000
2019-03-26,KHC,32.540000915527344,33.04999923706055,32.5099983215332,32.900001525878906,23.712045669555664,7464000
2019-03-27,KHC,32.900001525878906,33.189998626708984,32.40999984741211,32.63999938964844,23.5246524810791,8391900
2019-03-27,KHC,32.900001525878906,33.189998626708984,32.40999984741211,32.63999938964844,23.5246524810791,8391900
2019-03-28,KHC,32.70000076293945,33.029998779296875,32.68000030517578,32.88999938964844,23.704843521118164,6537800
2019-03-28,KHC,32.70000076293945,33.029998779296875,32.68000030517578,32.88999938964844,23.704843521118164,6537800
2019-03-29,KHC,32.66999816894531,33.04999923706055,32.54999923706055,32.650001525878906,23.5318603515625,8130000
2019-03-29,KHC,32.66999816894531,33.04999923706055,32.54999923706055,32.650001525878906,23.5318603515625,8130000
2019-04-01,KHC,32.79999923706055,32.97999954223633,32.415000915527344,32.5,23.42374992370605,7969100
2019-04-01,KHC,32.79999923706055,32.97999954223633,32.415000915527344,32.5,23.42374992370605,7969100
2019-04-02,KHC,32.560001373291016,32.72999954223633,32.02000045776367,32.08000183105469,23.12104606628418,9344000
2019-04-02,KHC,32.560001373291016,32.72999954223633,32.02000045776367,32.08000183105469,23.12104606628418,9344000
2019-04-03,KHC,32.2400016784668,32.36000061035156,32.02000045776367,32.25,23.24357032775879,8430300
2019-04-03,KHC,32.2400016784668,32.36000061035156,32.02000045776367,32.25,23.24357032775879,8430300
2019-04-04,KHC,32.29999923706055,32.790000915527344,32.11000061035156,32.689998626708984,23.56068992614746,7574200
2019-04-04,KHC,32.29999923706055,32.790000915527344,32.11000061035156,32.689998626708984,23.56068992614746,7574200
2019-04-05,KHC,32.689998626708984,33.20000076293945,32.619998931884766,33.16999816894531,23.90664291381836,8852400
2019-04-05,KHC,32.689998626708984,33.20000076293945,32.619998931884766,33.16999816894531,23.90664291381836,8852400
2019-04-08,KHC,33.22999954223633,33.369998931884766,32.959999084472656,33.189998626708984,23.921056747436523,6571100
2019-04-08,KHC,33.22999954223633,33.369998931884766,32.959999084472656,33.189998626708984,23.921056747436523,6571100
2019-04-09,KHC,33.15999984741211,33.22999954223633,32.849998474121094,32.95000076293945,23.748083114624023,6398800
2019-04-09,KHC,33.15999984741211,33.22999954223633,32.849998474121094,32.95000076293945,23.748083114624023,6398800
2019-04-10,KHC,32.97999954223633,33.06999969482422,32.70000076293945,32.97999954223633,23.769702911376957,6323800
2019-04-10,KHC,32.97999954223633,33.06999969482422,32.70000076293945,32.97999954223633,23.769702911376957,6323800
2019-04-11,KHC,33.08000183105469,33.19499969482422,32.79999923706055,32.9900016784668,23.77691078186035,6022200
2019-04-11,KHC,33.08000183105469,33.19499969482422,32.79999923706055,32.9900016784668,23.77691078186035,6022200
2019-04-12,KHC,33.119998931884766,33.31999969482422,32.90999984741211,33.06999969482422,23.834569931030277,5278400
2019-04-12,KHC,33.119998931884766,33.31999969482422,32.90999984741211,33.06999969482422,23.834569931030277,5278400
2019-04-15,KHC,33.09000015258789,33.18000030517578,32.84000015258789,33.13999938964844,23.88501739501953,5232900
2019-04-15,KHC,33.09000015258789,33.18000030517578,32.84000015258789,33.13999938964844,23.88501739501953,5232900
2019-04-16,KHC,33.06999969482422,33.5,33.0099983215332,33.040000915527344,23.81295585632324,4618200
2019-04-16,KHC,33.06999969482422,33.5,33.0099983215332,33.040000915527344,23.81295585632324,4618200
2019-04-17,KHC,33.04999923706055,33.11000061035156,32.849998474121094,32.88999938964844,23.704843521118164,6532700
2019-04-17,KHC,33.04999923706055,33.11000061035156,32.849998474121094,32.88999938964844,23.704843521118164,6532700
2019-04-18,KHC,33.02000045776367,33.08000183105469,32.849998474121094,32.959999084472656,23.75528907775879,6834200
2019-04-18,KHC,33.02000045776367,33.08000183105469,32.849998474121094,32.959999084472656,23.75528907775879,6834200
2019-04-22,KHC,33.529998779296875,33.779998779296875,32.810001373291016,32.900001525878906,23.712045669555664,10441400
2019-04-22,KHC,33.529998779296875,33.779998779296875,32.810001373291016,32.900001525878906,23.712045669555664,10441400
2019-04-23,KHC,32.93000030517578,33.17499923706055,32.849998474121094,33.099998474121094,23.85619163513184,9615900
2019-04-23,KHC,32.93000030517578,33.17499923706055,32.849998474121094,33.099998474121094,23.85619163513184,9615900
2019-04-24,KHC,32.86000061035156,32.900001525878906,32.32899856567383,32.7599983215332,23.611141204833984,8443100
2019-04-24,KHC,32.86000061035156,32.900001525878906,32.32899856567383,32.7599983215332,23.611141204833984,8443100
2019-04-25,KHC,32.66999816894531,32.7400016784668,32.439998626708984,32.52000045776367,23.43816566467285,6196300
2019-04-25,KHC,32.66999816894531,32.7400016784668,32.439998626708984,32.52000045776367,23.43816566467285,6196300
2019-04-26,KHC,32.70000076293945,33.099998474121094,32.57500076293945,33.060001373291016,23.82736587524414,6908200
2019-04-26,KHC,32.70000076293945,33.099998474121094,32.57500076293945,33.060001373291016,23.82736587524414,6908200
2019-04-29,KHC,33.15999984741211,33.32600021362305,33.029998779296875,33.27000045776367,23.97871398925781,5963400
2019-04-29,KHC,33.15999984741211,33.32600021362305,33.029998779296875,33.27000045776367,23.97871398925781,5963400
2019-04-30,KHC,33.310001373291016,33.470001220703125,33.060001373291016,33.2400016784668,23.95709228515625,9695000
2019-04-30,KHC,33.310001373291016,33.470001220703125,33.060001373291016,33.2400016784668,23.95709228515625,9695000
2019-05-01,KHC,33.20000076293945,33.56999969482422,32.93000030517578,32.9900016784668,23.77691078186035,7402700
2019-05-01,KHC,33.20000076293945,33.56999969482422,32.93000030517578,32.9900016784668,23.77691078186035,7402700
2019-05-02,KHC,32.70000076293945,32.83000183105469,31.81999969482422,32.18000030517578,23.1931209564209,12276800
2019-05-02,KHC,32.70000076293945,32.83000183105469,31.81999969482422,32.18000030517578,23.1931209564209,12276800
2019-05-03,KHC,32.349998474121094,32.65999984741211,32.03499984741211,32.58000183105469,23.48141288757324,6995800
2019-05-03,KHC,32.349998474121094,32.65999984741211,32.03499984741211,32.58000183105469,23.48141288757324,6995800
2019-05-06,KHC,32.349998474121094,32.939998626708984,32.310001373291016,32.77000045776367,23.618350982666016,10303800
2019-05-06,KHC,32.349998474121094,32.939998626708984,32.310001373291016,32.77000045776367,23.618350982666016,10303800
2019-05-07,KHC,32.630001068115234,32.959999084472656,32.20000076293945,32.5,23.42374992370605,8719100
2019-05-07,KHC,32.630001068115234,32.959999084472656,32.20000076293945,32.5,23.42374992370605,8719100
2019-05-08,KHC,32.5,32.619998931884766,32.2599983215332,32.43000030517578,23.3733024597168,5778600
2019-05-08,KHC,32.5,32.619998931884766,32.2599983215332,32.43000030517578,23.3733024597168,5778600
2019-05-09,KHC,32.29999923706055,32.63999938964844,31.96999931335449,32.58000183105469,23.48141288757324,6838900
2019-05-09,KHC,32.29999923706055,32.63999938964844,31.96999931335449,32.58000183105469,23.48141288757324,6838900
2019-05-10,KHC,32.560001373291016,32.72999954223633,31.670000076293945,32.650001525878906,23.5318603515625,9250000
2019-05-10,KHC,32.560001373291016,32.72999954223633,31.670000076293945,32.650001525878906,23.5318603515625,9250000
2019-05-13,KHC,32.290000915527344,32.43000030517578,31.81999969482422,31.96999931335449,23.041767120361328,7944100
2019-05-13,KHC,32.290000915527344,32.43000030517578,31.81999969482422,31.96999931335449,23.041767120361328,7944100
2019-05-14,KHC,32.08000183105469,32.400001525878906,31.979999542236328,32.27000045776367,23.257984161376957,7267300
2019-05-14,KHC,32.08000183105469,32.400001525878906,31.979999542236328,32.27000045776367,23.257984161376957,7267300
2019-05-15,KHC,32.20000076293945,32.439998626708984,31.86000061035156,32.400001525878906,23.351680755615234,5744000
2019-05-15,KHC,32.20000076293945,32.439998626708984,31.86000061035156,32.400001525878906,23.351680755615234,5744000
2019-05-16,KHC,32.369998931884766,32.72999954223633,32.290000915527344,32.459999084472656,23.39492416381836,5135600
2019-05-16,KHC,32.369998931884766,32.72999954223633,32.290000915527344,32.459999084472656,23.39492416381836,5135600
2019-05-17,KHC,32.40999984741211,32.869998931884766,32.20500183105469,32.529998779296875,23.44537353515625,5852500
2019-05-17,KHC,32.40999984741211,32.869998931884766,32.20500183105469,32.529998779296875,23.44537353515625,5852500
2019-05-20,KHC,32.31999969482422,32.36000061035156,31.63999938964844,31.790000915527344,22.912036895751957,9077200
2019-05-20,KHC,32.31999969482422,32.36000061035156,31.63999938964844,31.790000915527344,22.912036895751957,9077200
2019-05-21,KHC,31.920000076293945,32.18000030517578,31.530000686645508,31.979999542236328,23.048969268798828,6531900
2019-05-21,KHC,31.920000076293945,32.18000030517578,31.530000686645508,31.979999542236328,23.048969268798828,6531900
2019-05-22,KHC,31.979999542236328,32.11000061035156,31.70499992370605,31.8799991607666,22.976896286010746,6141600
2019-05-22,KHC,31.979999542236328,32.11000061035156,31.70499992370605,31.8799991607666,22.976896286010746,6141600
2019-05-23,KHC,31.709999084472656,31.76000022888184,31.200000762939453,31.450000762939453,22.66698265075684,7162100
2019-05-23,KHC,31.709999084472656,31.76000022888184,31.200000762939453,31.450000762939453,22.66698265075684,7162100
2019-05-24,KHC,31.6200008392334,31.729999542236328,31.030000686645508,31.11000061035156,22.421937942504883,8283900
2019-05-24,KHC,31.6200008392334,31.729999542236328,31.030000686645508,31.11000061035156,22.421937942504883,8283900
2019-05-28,KHC,31.100000381469727,31.1200008392334,29.01000022888184,29.059999465942383,20.94443702697754,24476400
2019-05-28,KHC,31.100000381469727,31.1200008392334,29.01000022888184,29.059999465942383,20.94443702697754,24476400
2019-05-29,KHC,28.88999938964844,28.950000762939453,28.43000030517578,28.68000030517578,20.67055892944336,13150600
2019-05-29,KHC,28.88999938964844,28.950000762939453,28.43000030517578,28.68000030517578,20.67055892944336,13150600
2019-05-30,KHC,28.280000686645508,28.309999465942383,27.25,27.399999618530277,20.027345657348636,15970500
2019-05-30,KHC,28.280000686645508,28.309999465942383,27.25,27.399999618530277,20.027345657348636,15970500
2019-05-31,KHC,27.270000457763672,27.68000030517578,26.959999084472656,27.649999618530277,20.2100830078125,10453400
2019-05-31,KHC,27.270000457763672,27.68000030517578,26.959999084472656,27.649999618530277,20.2100830078125,10453400
2019-06-03,KHC,27.68000030517578,28.489999771118164,27.670000076293945,28.420000076293945,20.772890090942383,12485500
2019-06-03,KHC,27.68000030517578,28.489999771118164,27.670000076293945,28.420000076293945,20.772890090942383,12485500
2019-06-04,KHC,28.489999771118164,28.73200035095215,28.399999618530277,28.670000076293945,20.95562171936035,11999700
2019-06-04,KHC,28.489999771118164,28.73200035095215,28.399999618530277,28.670000076293945,20.95562171936035,11999700
2019-06-05,KHC,28.850000381469727,28.850000381469727,28.270000457763672,28.46999931335449,20.80943298339844,12103200
2019-06-05,KHC,28.850000381469727,28.850000381469727,28.270000457763672,28.46999931335449,20.80943298339844,12103200
2019-06-06,KHC,28.440000534057617,28.63999938964844,28.170000076293945,28.6200008392334,20.91907501220703,9267400
2019-06-06,KHC,28.440000534057617,28.63999938964844,28.170000076293945,28.6200008392334,20.91907501220703,9267400
2019-06-07,KHC,28.700000762939453,28.950000762939453,28.61000061035156,28.739999771118164,21.006786346435547,11638400
2019-06-07,KHC,28.700000762939453,28.950000762939453,28.61000061035156,28.739999771118164,21.006786346435547,11638400
2019-06-10,KHC,30.100000381469727,30.5,29.850000381469727,30.309999465942383,22.15433883666992,24143900
2019-06-10,KHC,30.100000381469727,30.5,29.850000381469727,30.309999465942383,22.15433883666992,24143900
2019-06-11,KHC,30.299999237060547,30.350000381469727,29.799999237060547,30.239999771118164,22.10317611694336,17107800
2019-06-11,KHC,30.299999237060547,30.350000381469727,29.799999237060547,30.239999771118164,22.10317611694336,17107800
2019-06-12,KHC,30.209999084472656,30.3700008392334,29.96999931335449,30.1299991607666,22.02276992797852,13485300
2019-06-12,KHC,30.209999084472656,30.3700008392334,29.96999931335449,30.1299991607666,22.02276992797852,13485300
2019-06-13,KHC,30.100000381469727,30.68000030517578,30.100000381469727,30.40999984741211,22.227426528930664,10592300
2019-06-13,KHC,30.100000381469727,30.68000030517578,30.100000381469727,30.40999984741211,22.227426528930664,10592300
2019-06-14,KHC,30.489999771118164,30.530000686645508,29.979999542236328,30.309999465942383,22.15433883666992,11839700
2019-06-14,KHC,30.489999771118164,30.530000686645508,29.979999542236328,30.309999465942383,22.15433883666992,11839700
2019-06-17,KHC,30.3700008392334,30.434999465942383,30.1200008392334,30.170000076293945,22.05201530456543,7957600
2019-06-17,KHC,30.3700008392334,30.434999465942383,30.1200008392334,30.170000076293945,22.05201530456543,7957600
2019-06-18,KHC,30.43000030517578,30.489999771118164,30.1200008392334,30.270000457763672,22.12510108947754,10298700
2019-06-18,KHC,30.43000030517578,30.489999771118164,30.1200008392334,30.270000457763672,22.12510108947754,10298700
2019-06-19,KHC,30.170000076293945,31.0049991607666,30.11000061035156,30.959999084472656,22.629444122314453,11185600
2019-06-19,KHC,30.170000076293945,31.0049991607666,30.11000061035156,30.959999084472656,22.629444122314453,11185600
2019-06-20,KHC,31.149999618530277,31.364999771118164,30.920000076293945,31.1299991607666,22.753692626953125,8706200
2019-06-20,KHC,31.149999618530277,31.364999771118164,30.920000076293945,31.1299991607666,22.753692626953125,8706200
2019-06-21,KHC,31.11000061035156,31.5,30.791000366210938,31.479999542236328,23.009519577026367,12099000
2019-06-21,KHC,31.11000061035156,31.5,30.791000366210938,31.479999542236328,23.009519577026367,12099000
2019-06-24,KHC,31.34000015258789,31.479999542236328,30.48500061035156,30.520000457763672,22.307832717895508,10618400
2019-06-24,KHC,31.34000015258789,31.479999542236328,30.48500061035156,30.520000457763672,22.307832717895508,10618400
2019-06-25,KHC,30.38999938964844,30.850000381469727,30.35300064086914,30.68000030517578,22.42478370666504,7514700
2019-06-25,KHC,30.38999938964844,30.850000381469727,30.35300064086914,30.68000030517578,22.42478370666504,7514700
2019-06-26,KHC,30.40999984741211,30.950000762939453,30.15999984741211,30.84000015258789,22.541728973388672,7541900
2019-06-26,KHC,30.40999984741211,30.950000762939453,30.15999984741211,30.84000015258789,22.541728973388672,7541900
2019-06-27,KHC,30.68000030517578,30.82999992370605,30.549999237060547,30.770000457763672,22.49056053161621,5051500
2019-06-27,KHC,30.68000030517578,30.82999992370605,30.549999237060547,30.770000457763672,22.49056053161621,5051500
2019-06-28,KHC,30.899999618530277,31.06999969482422,30.68000030517578,31.040000915527344,22.68791389465332,7589100
2019-06-28,KHC,30.899999618530277,31.06999969482422,30.68000030517578,31.040000915527344,22.68791389465332,7589100
2019-07-01,KHC,31.26000022888184,31.440000534057617,30.32999992370605,30.459999084472656,22.263978958129883,8090900
2019-07-01,KHC,31.26000022888184,31.440000534057617,30.32999992370605,30.459999084472656,22.263978958129883,8090900
2019-07-02,KHC,30.43000030517578,30.63999938964844,30.229999542236328,30.520000457763672,22.307832717895508,8013900
2019-07-02,KHC,30.43000030517578,30.63999938964844,30.229999542236328,30.520000457763672,22.307832717895508,8013900
2019-07-03,KHC,30.84000015258789,31.32999992370605,30.63800048828125,31.25,22.841407775878903,7003100
2019-07-03,KHC,30.84000015258789,31.32999992370605,30.63800048828125,31.25,22.841407775878903,7003100
2019-07-05,KHC,31.209999084472656,31.21500015258789,30.52400016784668,30.989999771118164,22.6513614654541,5234200
2019-07-05,KHC,31.209999084472656,31.21500015258789,30.52400016784668,30.989999771118164,22.6513614654541,5234200
2019-07-08,KHC,30.989999771118164,31.049999237060547,30.57999992370605,30.690000534057617,22.43209457397461,4360000
2019-07-08,KHC,30.989999771118164,31.049999237060547,30.57999992370605,30.690000534057617,22.43209457397461,4360000
2019-07-09,KHC,30.600000381469727,30.809999465942383,30.434999465942383,30.5,22.293212890625,5011400
2019-07-09,KHC,30.600000381469727,30.809999465942383,30.434999465942383,30.5,22.293212890625,5011400
2019-07-10,KHC,30.600000381469727,31.350000381469727,30.57999992370605,31.299999237060547,22.87795639038086,6607400
2019-07-10,KHC,30.600000381469727,31.350000381469727,30.57999992370605,31.299999237060547,22.87795639038086,6607400
2019-07-11,KHC,31.43000030517578,31.57999992370605,30.61000061035156,30.649999618530277,22.402851104736328,5846400
2019-07-11,KHC,31.43000030517578,31.57999992370605,30.61000061035156,30.649999618530277,22.402851104736328,5846400
2019-07-12,KHC,30.649999618530277,30.920000076293945,30.549999237060547,30.799999237060547,22.51249122619629,4348200
2019-07-12,KHC,30.649999618530277,30.920000076293945,30.549999237060547,30.799999237060547,22.51249122619629,4348200
2019-07-15,KHC,30.8700008392334,30.920000076293945,30.559999465942383,30.68000030517578,22.42478370666504,4572400
2019-07-15,KHC,30.8700008392334,30.920000076293945,30.559999465942383,30.68000030517578,22.42478370666504,4572400
2019-07-16,KHC,30.68000030517578,30.7450008392334,30.239999771118164,30.31999969482422,22.161645889282227,4747100
2019-07-16,KHC,30.68000030517578,30.7450008392334,30.239999771118164,30.31999969482422,22.161645889282227,4747100
2019-07-17,KHC,30.38999938964844,30.520000457763672,30.26000022888184,30.440000534057617,22.249364852905277,3901500
2019-07-17,KHC,30.38999938964844,30.520000457763672,30.26000022888184,30.440000534057617,22.249364852905277,3901500
2019-07-18,KHC,30.440000534057617,31.145000457763672,30.35300064086914,31.049999237060547,22.69523048400879,6940700
2019-07-18,KHC,30.440000534057617,31.145000457763672,30.35300064086914,31.049999237060547,22.69523048400879,6940700
2019-07-19,KHC,30.979999542236328,31.71999931335449,30.76000022888184,31.540000915527344,23.05337905883789,9416200
2019-07-19,KHC,30.979999542236328,31.71999931335449,30.76000022888184,31.540000915527344,23.05337905883789,9416200
2019-07-22,KHC,31.57999992370605,31.84000015258789,31.309999465942383,31.489999771118164,23.016828536987305,7678900
2019-07-22,KHC,31.57999992370605,31.84000015258789,31.309999465942383,31.489999771118164,23.016828536987305,7678900
2019-07-23,KHC,31.51000022888184,32.38999938964844,31.450000762939453,31.950000762939453,23.35305595397949,6696300
2019-07-23,KHC,31.51000022888184,32.38999938964844,31.450000762939453,31.950000762939453,23.35305595397949,6696300
2019-07-24,KHC,31.940000534057617,32.08000183105469,31.57999992370605,32.06999969482422,23.44076156616211,7024400
2019-07-24,KHC,31.940000534057617,32.08000183105469,31.57999992370605,32.06999969482422,23.44076156616211,7024400
2019-07-25,KHC,31.809999465942383,32.18000030517578,31.334999084472656,31.549999237060547,23.06068420410156,5788100
2019-07-25,KHC,31.809999465942383,32.18000030517578,31.334999084472656,31.549999237060547,23.06068420410156,5788100
2019-07-26,KHC,31.670000076293945,31.950000762939453,31.440000534057617,31.850000381469727,23.279964447021484,3745800
2019-07-26,KHC,31.670000076293945,31.950000762939453,31.440000534057617,31.850000381469727,23.279964447021484,3745800
2019-07-29,KHC,31.899999618530277,31.96500015258789,31.549999237060547,31.76000022888184,23.21417999267578,4465100
2019-07-29,KHC,31.899999618530277,31.96500015258789,31.549999237060547,31.76000022888184,23.21417999267578,4465100
2019-07-30,KHC,31.6299991607666,31.86000061035156,31.309999465942383,31.84000015258789,23.272655487060547,4082000
2019-07-30,KHC,31.6299991607666,31.86000061035156,31.309999465942383,31.84000015258789,23.272655487060547,4082000
2019-07-31,KHC,31.8700008392334,32.2599983215332,31.46500015258789,32.0099983215332,23.39690589904785,10875600
2019-07-31,KHC,31.8700008392334,32.2599983215332,31.46500015258789,32.0099983215332,23.39690589904785,10875600
2019-08-01,KHC,32.099998474121094,33.25,31.6299991607666,32.529998779296875,23.776988983154297,10753300
2019-08-01,KHC,32.099998474121094,33.25,31.6299991607666,32.529998779296875,23.776988983154297,10753300
2019-08-02,KHC,32.619998931884766,32.689998626708984,31.790000915527344,32.209999084472656,23.54309844970703,5842700
2019-08-02,KHC,32.619998931884766,32.689998626708984,31.790000915527344,32.209999084472656,23.54309844970703,5842700
2019-08-05,KHC,31.770000457763672,31.940000534057617,31.21999931335449,31.440000534057617,22.980281829833984,9686200
2019-08-05,KHC,31.770000457763672,31.940000534057617,31.21999931335449,31.440000534057617,22.980281829833984,9686200
2019-08-06,KHC,31.440000534057617,31.5,30.549999237060547,30.57999992370605,22.3516902923584,8156700
2019-08-06,KHC,31.440000534057617,31.5,30.549999237060547,30.57999992370605,22.3516902923584,8156700
2019-08-07,KHC,30.530000686645508,31.0,29.489999771118164,30.8700008392334,22.563655853271484,10723200
2019-08-07,KHC,30.530000686645508,31.0,29.489999771118164,30.8700008392334,22.563655853271484,10723200
2019-08-08,KHC,26.729999542236328,28.239999771118164,26.049999237060547,28.21999931335449,20.62669944763184,44732500
2019-08-08,KHC,26.729999542236328,28.239999771118164,26.049999237060547,28.21999931335449,20.62669944763184,44732500
2019-08-09,KHC,27.63999938964844,27.790000915527344,26.440000534057617,26.5,19.36952018737793,19596000
2019-08-09,KHC,27.63999938964844,27.790000915527344,26.440000534057617,26.5,19.36952018737793,19596000
2019-08-12,KHC,26.5,26.600000381469727,25.739999771118164,26.290000915527344,19.21602249145508,14772300
2019-08-12,KHC,26.5,26.600000381469727,25.739999771118164,26.290000915527344,19.21602249145508,14772300
2019-08-13,KHC,26.1200008392334,26.666000366210938,25.950000762939453,25.959999084472656,18.97481346130371,16317800
2019-08-13,KHC,26.1200008392334,26.666000366210938,25.950000762939453,25.959999084472656,18.97481346130371,16317800
2019-08-14,KHC,25.850000381469727,26.280000686645508,25.190000534057617,25.520000457763672,18.65320587158203,14678700
2019-08-14,KHC,25.850000381469727,26.280000686645508,25.190000534057617,25.520000457763672,18.65320587158203,14678700
2019-08-15,KHC,25.5,25.577999114990234,24.88500022888184,25.059999465942383,18.31698226928711,9911700
2019-08-15,KHC,25.5,25.577999114990234,24.88500022888184,25.059999465942383,18.31698226928711,9911700
2019-08-16,KHC,25.200000762939453,25.649999618530277,25.10099983215332,25.40999984741211,18.57280540466309,9915600
2019-08-16,KHC,25.200000762939453,25.649999618530277,25.10099983215332,25.40999984741211,18.57280540466309,9915600
2019-08-19,KHC,25.700000762939453,25.8700008392334,25.440000534057617,25.709999084472656,18.79208755493164,6874800
2019-08-19,KHC,25.700000762939453,25.8700008392334,25.440000534057617,25.709999084472656,18.79208755493164,6874800
2019-08-20,KHC,25.280000686645508,25.40999984741211,25.09000015258789,25.13999938964844,18.66586303710937,6652700
2019-08-20,KHC,25.280000686645508,25.40999984741211,25.09000015258789,25.13999938964844,18.66586303710937,6652700
2019-08-21,KHC,25.170000076293945,25.46999931335449,25.030000686645508,25.270000457763672,18.76238441467285,5564900
2019-08-21,KHC,25.170000076293945,25.46999931335449,25.030000686645508,25.270000457763672,18.76238441467285,5564900
2019-08-22,KHC,25.290000915527344,25.71999931335449,25.21999931335449,25.6200008392334,19.022254943847656,7445200
2019-08-22,KHC,25.290000915527344,25.71999931335449,25.21999931335449,25.6200008392334,19.022254943847656,7445200
2019-08-23,KHC,25.61000061035156,25.850000381469727,25.26000022888184,25.32999992370605,18.80693244934082,7904100
2019-08-23,KHC,25.61000061035156,25.850000381469727,25.26000022888184,25.32999992370605,18.80693244934082,7904100
2019-08-26,KHC,25.530000686645508,25.655000686645508,25.25,25.57999992370605,18.992549896240234,7259600
2019-08-26,KHC,25.530000686645508,25.655000686645508,25.25,25.57999992370605,18.992549896240234,7259600
2019-08-27,KHC,25.57999992370605,25.600000381469727,24.979999542236328,25.0,18.561912536621094,7210900
2019-08-27,KHC,25.57999992370605,25.600000381469727,24.979999542236328,25.0,18.561912536621094,7210900
2019-08-28,KHC,24.959999084472656,25.270000457763672,24.86000061035156,25.170000076293945,18.688140869140625,4094100
2019-08-28,KHC,24.959999084472656,25.270000457763672,24.86000061035156,25.170000076293945,18.688140869140625,4094100
2019-08-29,KHC,25.40999984741211,25.559999465942383,25.299999237060547,25.32999992370605,18.80693244934082,5963500
2019-08-29,KHC,25.40999984741211,25.559999465942383,25.299999237060547,25.32999992370605,18.80693244934082,5963500
2019-08-30,KHC,25.530000686645508,25.809999465942383,25.40999984741211,25.520000457763672,18.9480037689209,6646600
2019-08-30,KHC,25.530000686645508,25.809999465942383,25.40999984741211,25.520000457763672,18.9480037689209,6646600
2019-09-03,KHC,25.420000076293945,26.13999938964844,25.21999931335449,26.059999465942383,19.348939895629883,8199000
2019-09-03,KHC,25.420000076293945,26.13999938964844,25.21999931335449,26.059999465942383,19.348939895629883,8199000
2019-09-04,KHC,26.26000022888184,26.36000061035156,25.90999984741211,26.26000022888184,19.4974365234375,6442900
2019-09-04,KHC,26.26000022888184,26.36000061035156,25.90999984741211,26.26000022888184,19.4974365234375,6442900
2019-09-05,KHC,26.36000061035156,27.0,26.36000061035156,26.59000015258789,19.742450714111328,7322500
2019-09-05,KHC,26.36000061035156,27.0,26.36000061035156,26.59000015258789,19.742450714111328,7322500
2019-09-06,KHC,26.670000076293945,27.459999084472656,26.459999084472656,27.280000686645508,20.254762649536133,10224700
2019-09-06,KHC,26.670000076293945,27.459999084472656,26.459999084472656,27.280000686645508,20.254762649536133,10224700
2019-09-09,KHC,27.31999969482422,28.15999984741211,27.25,28.07999992370605,20.84873962402344,9061200
2019-09-09,KHC,27.31999969482422,28.15999984741211,27.25,28.07999992370605,20.84873962402344,9061200
2019-09-10,KHC,28.100000381469727,28.96999931335449,28.07999992370605,28.959999084472656,21.50212287902832,8596700
2019-09-10,KHC,28.100000381469727,28.96999931335449,28.07999992370605,28.959999084472656,21.50212287902832,8596700
2019-09-11,KHC,29.11000061035156,29.68000030517578,28.780000686645508,29.280000686645508,21.73971366882324,10297200
2019-09-11,KHC,29.11000061035156,29.68000030517578,28.780000686645508,29.280000686645508,21.73971366882324,10297200
2019-09-12,KHC,29.56999969482422,29.709999084472656,28.979999542236328,29.030000686645508,21.55409240722656,7024000
2019-09-12,KHC,29.56999969482422,29.709999084472656,28.979999542236328,29.030000686645508,21.55409240722656,7024000
2019-09-13,KHC,29.190000534057617,29.48500061035156,29.06999969482422,29.25,21.717443466186523,5371500
2019-09-13,KHC,29.190000534057617,29.48500061035156,29.06999969482422,29.25,21.717443466186523,5371500
2019-09-16,KHC,29.1299991607666,29.76000022888184,29.06999969482422,29.6200008392334,21.99216079711914,6108700
2019-09-16,KHC,29.1299991607666,29.76000022888184,29.06999969482422,29.6200008392334,21.99216079711914,6108700
2019-09-17,KHC,28.489999771118164,28.71999931335449,28.239999771118164,28.36000061035156,21.056638717651367,25364700
2019-09-17,KHC,28.489999771118164,28.71999931335449,28.239999771118164,28.36000061035156,21.056638717651367,25364700
2019-09-18,KHC,28.299999237060547,28.559999465942383,28.100000381469727,28.40999984741211,21.093759536743164,9318700
2019-09-18,KHC,28.299999237060547,28.559999465942383,28.100000381469727,28.40999984741211,21.093759536743164,9318700
2019-09-19,KHC,28.399999618530277,28.5,28.040000915527344,28.149999618530277,20.900718688964844,8174500
2019-09-19,KHC,28.399999618530277,28.5,28.040000915527344,28.149999618530277,20.900718688964844,8174500
2019-09-20,KHC,28.11000061035156,28.46999931335449,28.020000457763672,28.13999938964844,20.893291473388672,8794700
2019-09-20,KHC,28.11000061035156,28.46999931335449,28.020000457763672,28.13999938964844,20.893291473388672,8794700
2019-09-23,KHC,28.200000762939453,28.280000686645508,27.924999237060547,28.200000762939453,20.937841415405277,8673100
2019-09-23,KHC,28.200000762939453,28.280000686645508,27.924999237060547,28.200000762939453,20.937841415405277,8673100
2019-09-24,KHC,28.209999084472656,28.26000022888184,27.684999465942383,27.93000030517578,20.73737144470215,7334900
2019-09-24,KHC,28.209999084472656,28.26000022888184,27.684999465942383,27.93000030517578,20.73737144470215,7334900
2019-09-25,KHC,27.979999542236328,28.200000762939453,27.86899948120117,28.13999938964844,20.893291473388672,5874100
2019-09-25,KHC,27.979999542236328,28.200000762939453,27.86899948120117,28.13999938964844,20.893291473388672,5874100
2019-09-26,KHC,28.200000762939453,28.290000915527344,27.88999938964844,28.01000022888184,20.796770095825195,6775800
2019-09-26,KHC,28.200000762939453,28.290000915527344,27.88999938964844,28.01000022888184,20.796770095825195,6775800
2019-09-27,KHC,28.100000381469727,28.229999542236328,27.70499992370605,27.84000015258789,20.670551300048828,5192400
2019-09-27,KHC,28.100000381469727,28.229999542236328,27.70499992370605,27.84000015258789,20.670551300048828,5192400
2019-09-30,KHC,27.88999938964844,28.020000457763672,27.6200008392334,27.934999465942383,20.741079330444336,4796200
2019-09-30,KHC,27.88999938964844,28.020000457763672,27.6200008392334,27.934999465942383,20.741079330444336,4796200
2019-10-01,KHC,27.93000030517578,28.0,27.21999931335449,27.34000015258789,20.29930877685547,4771700
2019-10-01,KHC,27.93000030517578,28.0,27.21999931335449,27.34000015258789,20.29930877685547,4771700
2019-10-02,KHC,27.209999084472656,27.239999771118164,26.270000457763672,26.549999237060547,19.712751388549805,7133100
2019-10-02,KHC,27.209999084472656,27.239999771118164,26.270000457763672,26.549999237060547,19.712751388549805,7133100
2019-10-03,KHC,26.489999771118164,26.559999465942383,25.96999931335449,26.540000915527344,19.7053279876709,5414000
2019-10-03,KHC,26.489999771118164,26.559999465942383,25.96999931335449,26.540000915527344,19.7053279876709,5414000
2019-10-04,KHC,26.530000686645508,27.0,26.40999984741211,26.975000381469727,20.02831077575684,3582200
2019-10-04,KHC,26.530000686645508,27.0,26.40999984741211,26.975000381469727,20.02831077575684,3582200
2019-10-07,KHC,27.030000686645508,27.184999465942383,26.71999931335449,26.940000534057617,20.002321243286133,4042400
2019-10-07,KHC,27.030000686645508,27.184999465942383,26.71999931335449,26.940000534057617,20.002321243286133,4042400
2019-10-08,KHC,26.8799991607666,27.0,26.530000686645508,26.709999084472656,19.831544876098636,5536500
2019-10-08,KHC,26.8799991607666,27.0,26.530000686645508,26.709999084472656,19.831544876098636,5536500
2019-10-09,KHC,26.8700008392334,26.920000076293945,26.53499984741211,26.729999542236328,19.84639549255371,3759900
2019-10-09,KHC,26.8700008392334,26.920000076293945,26.53499984741211,26.729999542236328,19.84639549255371,3759900
2019-10-10,KHC,26.790000915527344,27.066999435424805,26.71500015258789,26.940000534057617,20.002321243286133,3611200
2019-10-10,KHC,26.790000915527344,27.066999435424805,26.71500015258789,26.940000534057617,20.002321243286133,3611200
2019-10-11,KHC,27.030000686645508,27.31999969482422,26.96999931335449,27.07999992370605,20.10626602172852,9311700
2019-10-11,KHC,27.030000686645508,27.31999969482422,26.96999931335449,27.07999992370605,20.10626602172852,9311700
2019-10-14,KHC,27.07999992370605,27.395000457763672,26.78499984741211,27.31999969482422,20.28445816040039,4037800
2019-10-14,KHC,27.07999992370605,27.395000457763672,26.78499984741211,27.31999969482422,20.28445816040039,4037800
2019-10-15,KHC,27.299999237060547,27.6200008392334,27.10300064086914,27.489999771118164,20.41067695617676,5021500
2019-10-15,KHC,27.299999237060547,27.6200008392334,27.10300064086914,27.489999771118164,20.41067695617676,5021500
2019-10-16,KHC,27.520000457763672,27.81999969482422,27.38500022888184,27.440000534057617,20.373559951782227,4074600
2019-10-16,KHC,27.520000457763672,27.81999969482422,27.38500022888184,27.440000534057617,20.373559951782227,4074600
2019-10-17,KHC,27.5,27.81999969482422,27.280000686645508,27.770000457763672,20.61857414245605,4333100
2019-10-17,KHC,27.5,27.81999969482422,27.280000686645508,27.770000457763672,20.61857414245605,4333100
2019-10-18,KHC,27.82999992370605,28.165000915527344,27.600000381469727,27.61000061035156,20.499778747558597,5437000
2019-10-18,KHC,27.82999992370605,28.165000915527344,27.600000381469727,27.61000061035156,20.499778747558597,5437000
2019-10-21,KHC,27.61000061035156,28.020000457763672,27.40999984741211,27.809999465942383,20.648271560668945,5091700
2019-10-21,KHC,27.61000061035156,28.020000457763672,27.40999984741211,27.809999465942383,20.648271560668945,5091700
2019-10-22,KHC,27.82999992370605,28.56999969482422,27.530000686645508,28.5,21.16058349609375,6029900
2019-10-22,KHC,27.82999992370605,28.56999969482422,27.530000686645508,28.5,21.16058349609375,6029900
2019-10-23,KHC,28.46999931335449,28.61000061035156,28.06999969482422,28.61000061035156,21.24225616455078,6883900
2019-10-23,KHC,28.46999931335449,28.61000061035156,28.06999969482422,28.61000061035156,21.24225616455078,6883900
2019-10-24,KHC,28.6299991607666,28.631000518798828,28.1200008392334,28.450000762939453,21.123458862304688,5071700
2019-10-24,KHC,28.6299991607666,28.631000518798828,28.1200008392334,28.450000762939453,21.123458862304688,5071700
2019-10-25,KHC,28.420000076293945,28.584999084472656,28.209999084472656,28.3799991607666,21.07149124145508,3981700
2019-10-25,KHC,28.420000076293945,28.584999084472656,28.209999084472656,28.3799991607666,21.07149124145508,3981700
2019-10-28,KHC,28.36000061035156,28.479999542236328,28.1299991607666,28.3700008392334,21.064062118530277,5500300
2019-10-28,KHC,28.36000061035156,28.479999542236328,28.1299991607666,28.3700008392334,21.064062118530277,5500300
2019-10-29,KHC,28.3700008392334,28.399999618530277,28.03499984741211,28.13999938964844,20.893291473388672,6071300
2019-10-29,KHC,28.3700008392334,28.399999618530277,28.03499984741211,28.13999938964844,20.893291473388672,6071300
2019-10-30,KHC,28.100000381469727,28.68000030517578,27.940000534057617,28.5,21.16058349609375,9601500
2019-10-30,KHC,28.100000381469727,28.68000030517578,27.940000534057617,28.5,21.16058349609375,9601500
2019-10-31,KHC,30.09000015258789,32.4630012512207,28.5,32.33000183105469,24.004270553588867,38732500
2019-10-31,KHC,30.09000015258789,32.4630012512207,28.5,32.33000183105469,24.004270553588867,38732500
2019-11-01,KHC,32.119998931884766,33.380001068115234,32.119998931884766,32.61000061035156,24.212160110473636,15048800
2019-11-01,KHC,32.119998931884766,33.380001068115234,32.119998931884766,32.61000061035156,24.212160110473636,15048800
2019-11-04,KHC,32.900001525878906,33.40999984741211,32.7400016784668,33.33000183105469,24.746746063232425,9696400
2019-11-04,KHC,32.900001525878906,33.40999984741211,32.7400016784668,33.33000183105469,24.746746063232425,9696400
2019-11-05,KHC,33.290000915527344,33.290000915527344,32.380001068115234,32.90999984741211,24.43490219116211,7719900
2019-11-05,KHC,33.290000915527344,33.290000915527344,32.380001068115234,32.90999984741211,24.43490219116211,7719900
2019-11-06,KHC,33.13999938964844,33.43000030517578,32.970001220703125,33.13999938964844,24.605674743652344,7070300
2019-11-06,KHC,33.13999938964844,33.43000030517578,32.970001220703125,33.13999938964844,24.605674743652344,7070300
2019-11-07,KHC,33.16999816894531,33.25,32.47999954223633,32.720001220703125,24.29383850097656,5570100
2019-11-07,KHC,33.16999816894531,33.25,32.47999954223633,32.720001220703125,24.29383850097656,5570100
2019-11-08,KHC,32.7599983215332,32.90999984741211,32.5,32.849998474121094,24.390352249145508,4422700
2019-11-08,KHC,32.7599983215332,32.90999984741211,32.5,32.849998474121094,24.390352249145508,4422700
2019-11-11,KHC,32.88999938964844,32.88999938964844,32.57500076293945,32.7599983215332,24.323532104492188,3763900
2019-11-11,KHC,32.88999938964844,32.88999938964844,32.57500076293945,32.7599983215332,24.323532104492188,3763900
2019-11-12,KHC,32.709999084472656,33.220001220703125,32.58000183105469,32.97999954223633,24.48688125610352,5993200
2019-11-12,KHC,32.709999084472656,33.220001220703125,32.58000183105469,32.97999954223633,24.48688125610352,5993200
2019-11-13,KHC,32.869998931884766,33.41999816894531,32.71500015258789,33.29999923706055,24.72447204589844,5227000
2019-11-13,KHC,32.869998931884766,33.41999816894531,32.71500015258789,33.29999923706055,24.72447204589844,5227000
2019-11-14,KHC,32.4900016784668,32.4900016784668,30.61000061035156,30.959999084472656,23.266551971435547,14509400
2019-11-14,KHC,32.4900016784668,32.4900016784668,30.61000061035156,30.959999084472656,23.266551971435547,14509400
2019-11-15,KHC,30.959999084472656,31.5,30.920000076293945,31.299999237060547,23.52206420898437,6952100
2019-11-15,KHC,30.959999084472656,31.5,30.920000076293945,31.299999237060547,23.52206420898437,6952100
2019-11-18,KHC,31.239999771118164,31.299999237060547,30.40999984741211,31.01000022888184,23.30412483215332,7257300
2019-11-18,KHC,31.239999771118164,31.299999237060547,30.40999984741211,31.01000022888184,23.30412483215332,7257300
2019-11-19,KHC,31.11000061035156,31.493000030517575,31.030000686645508,31.299999237060547,23.52206420898437,6661500
2019-11-19,KHC,31.11000061035156,31.493000030517575,31.030000686645508,31.299999237060547,23.52206420898437,6661500
2019-11-20,KHC,31.149999618530277,31.440000534057617,30.959999084472656,31.09000015258789,23.36424827575684,5271400
2019-11-20,KHC,31.149999618530277,31.440000534057617,30.959999084472656,31.09000015258789,23.36424827575684,5271400
2019-11-21,KHC,31.0,31.0,30.15999984741211,30.239999771118164,22.72547149658203,8815000
2019-11-21,KHC,31.0,31.0,30.15999984741211,30.239999771118164,22.72547149658203,8815000
2019-11-22,KHC,30.350000381469727,30.63999938964844,30.21999931335449,30.540000915527344,22.95092391967773,4664400
2019-11-22,KHC,30.350000381469727,30.63999938964844,30.21999931335449,30.540000915527344,22.95092391967773,4664400
2019-11-25,KHC,30.6200008392334,31.1299991607666,30.395000457763672,31.059999465942383,23.34170150756836,7140600
2019-11-25,KHC,30.6200008392334,31.1299991607666,30.395000457763672,31.059999465942383,23.34170150756836,7140600
2019-11-26,KHC,31.200000762939453,31.25,30.280000686645508,30.46999931335449,22.898317337036133,8846200
2019-11-26,KHC,31.200000762939453,31.25,30.280000686645508,30.46999931335449,22.898317337036133,8846200
2019-11-27,KHC,30.709999084472656,30.850000381469727,30.325000762939453,30.3700008392334,22.82316398620605,4407500
2019-11-27,KHC,30.709999084472656,30.850000381469727,30.325000762939453,30.3700008392334,22.82316398620605,4407500
2019-11-29,KHC,30.31999969482422,30.559999465942383,30.15999984741211,30.5,22.92086601257324,2442200
2019-11-29,KHC,30.31999969482422,30.559999465942383,30.15999984741211,30.5,22.92086601257324,2442200
2019-12-02,KHC,30.5,30.95499992370605,30.32999992370605,30.950000762939453,23.25904083251953,5816500
2019-12-02,KHC,30.5,30.95499992370605,30.32999992370605,30.950000762939453,23.25904083251953,5816500
2019-12-03,KHC,30.82999992370605,30.899999618530277,30.46999931335449,30.799999237060547,23.146316528320312,5573200
2019-12-03,KHC,30.82999992370605,30.899999618530277,30.46999931335449,30.799999237060547,23.146316528320312,5573200
2019-12-04,KHC,30.790000915527344,31.280000686645508,30.75,31.030000686645508,23.31915855407715,5448200
2019-12-04,KHC,30.790000915527344,31.280000686645508,30.75,31.030000686645508,23.31915855407715,5448200
2019-12-05,KHC,31.280000686645508,31.68000030517578,31.09000015258789,31.25,23.484493255615234,4606300
2019-12-05,KHC,31.280000686645508,31.68000030517578,31.09000015258789,31.25,23.484493255615234,4606300
2019-12-06,KHC,31.280000686645508,31.350000381469727,30.950000762939453,31.09000015258789,23.36424827575684,6496100
2019-12-06,KHC,31.280000686645508,31.350000381469727,30.950000762939453,31.09000015258789,23.36424827575684,6496100
2019-12-09,KHC,31.239999771118164,32.2400016784668,31.13999938964844,31.93000030517578,23.995513916015625,8128000
2019-12-09,KHC,31.239999771118164,32.2400016784668,31.13999938964844,31.93000030517578,23.995513916015625,8128000
2019-12-10,KHC,32.04999923706055,32.22999954223633,31.81999969482422,31.8799991607666,23.957935333251957,5544500
2019-12-10,KHC,32.04999923706055,32.22999954223633,31.81999969482422,31.8799991607666,23.957935333251957,5544500
2019-12-11,KHC,31.940000534057617,32.125,31.59000015258789,31.600000381469727,23.74751663208008,5443200
2019-12-11,KHC,31.940000534057617,32.125,31.59000015258789,31.600000381469727,23.74751663208008,5443200
2019-12-12,KHC,31.649999618530277,32.130001068115234,31.6200008392334,31.940000534057617,24.00302505493164,5689800
2019-12-12,KHC,31.649999618530277,32.130001068115234,31.6200008392334,31.940000534057617,24.00302505493164,5689800
2019-12-13,KHC,32.0,32.119998931884766,31.40900039672852,31.600000381469727,23.74751663208008,5174500
2019-12-13,KHC,32.0,32.119998931884766,31.40900039672852,31.600000381469727,23.74751663208008,5174500
2019-12-16,KHC,31.76000022888184,32.0,31.549999237060547,31.739999771118164,23.852724075317383,4744400
2019-12-16,KHC,31.76000022888184,32.0,31.549999237060547,31.739999771118164,23.852724075317383,4744400
2019-12-17,KHC,31.690000534057617,31.78400039672852,31.354999542236328,31.6200008392334,23.76254653930664,6137700
2019-12-17,KHC,31.690000534057617,31.78400039672852,31.354999542236328,31.6200008392334,23.76254653930664,6137700
2019-12-18,KHC,31.700000762939453,31.899999618530277,31.624000549316406,31.75,23.86024284362793,6317600
2019-12-18,KHC,31.700000762939453,31.899999618530277,31.624000549316406,31.75,23.86024284362793,6317600
2019-12-19,KHC,31.86000061035156,32.11000061035156,31.61000061035156,31.899999618530277,23.97296714782715,7941000
2019-12-19,KHC,31.86000061035156,32.11000061035156,31.61000061035156,31.899999618530277,23.97296714782715,7941000
2019-12-20,KHC,32.029998779296875,32.25,31.780000686645508,32.220001220703125,24.21344947814941,12601700
2019-12-20,KHC,32.029998779296875,32.25,31.780000686645508,32.220001220703125,24.21344947814941,12601700
2019-12-23,KHC,32.20000076293945,32.29999923706055,31.81999969482422,31.920000076293945,23.98799705505371,6822800
2019-12-23,KHC,32.20000076293945,32.29999923706055,31.81999969482422,31.920000076293945,23.98799705505371,6822800
2019-12-24,KHC,31.93000030517578,32.08000183105469,31.864999771118164,31.979999542236328,24.03308868408203,1594400
2019-12-24,KHC,31.93000030517578,32.08000183105469,31.864999771118164,31.979999542236328,24.03308868408203,1594400
2019-12-26,KHC,31.950000762939453,31.979999542236328,31.5,31.6299991607666,23.770055770874023,3957800
2019-12-26,KHC,31.950000762939453,31.979999542236328,31.5,31.6299991607666,23.770055770874023,3957800
2019-12-27,KHC,31.71999931335449,31.88500022888184,31.530000686645508,31.6200008392334,23.76254653930664,4089700
2019-12-27,KHC,31.71999931335449,31.88500022888184,31.530000686645508,31.6200008392334,23.76254653930664,4089700
2019-12-30,KHC,31.670000076293945,31.809999465942383,31.559999465942383,31.709999084472656,23.83017921447754,3856500
2019-12-30,KHC,31.670000076293945,31.809999465942383,31.559999465942383,31.709999084472656,23.83017921447754,3856500
2019-12-31,KHC,31.700000762939453,32.314998626708984,31.540000915527344,32.130001068115234,24.145811080932617,6069400
2019-12-31,KHC,31.700000762939453,32.314998626708984,31.540000915527344,32.130001068115234,24.145811080932617,6069400
2020-01-02,KHC,32.290000915527344,32.41999816894531,31.5,31.61000061035156,23.755029678344727,6008700
2020-01-02,KHC,32.290000915527344,32.41999816894531,31.5,31.61000061035156,23.755029678344727,6008700
2020-01-03,KHC,31.5,31.649999618530277,31.21999931335449,31.239999771118164,23.47697639465332,5012700
2020-01-03,KHC,31.5,31.649999618530277,31.21999931335449,31.239999771118164,23.47697639465332,5012700
2020-01-06,KHC,31.170000076293945,31.46999931335449,30.899999618530277,31.309999465942383,23.52958106994629,4714700
2020-01-06,KHC,31.170000076293945,31.46999931335449,30.899999618530277,31.309999465942383,23.52958106994629,4714700
2020-01-07,KHC,31.25,31.28499984741211,30.51000022888184,30.76000022888184,23.11625289916992,7165700
2020-01-07,KHC,31.25,31.28499984741211,30.51000022888184,30.76000022888184,23.11625289916992,7165700
2020-01-08,KHC,30.739999771118164,30.940000534057617,30.350000381469727,30.59000015258789,22.988494873046875,5802900
2020-01-08,KHC,30.739999771118164,30.940000534057617,30.350000381469727,30.59000015258789,22.988494873046875,5802900
2020-01-09,KHC,30.670000076293945,30.690000534057617,29.940000534057617,30.57999992370605,22.98098373413086,8938400
2020-01-09,KHC,30.670000076293945,30.690000534057617,29.940000534057617,30.57999992370605,22.98098373413086,8938400
2020-01-10,KHC,30.59000015258789,30.874000549316406,30.56999969482422,30.700000762939453,23.071163177490234,4578200
2020-01-10,KHC,30.59000015258789,30.874000549316406,30.56999969482422,30.700000762939453,23.071163177490234,4578200
2020-01-13,KHC,30.90999984741211,31.174999237060547,30.700000762939453,31.15999984741211,23.416852951049805,4269100
2020-01-13,KHC,30.90999984741211,31.174999237060547,30.700000762939453,31.15999984741211,23.416852951049805,4269100
2020-01-14,KHC,31.1299991607666,31.75,31.1200008392334,31.729999542236328,23.84521102905273,6794100
2020-01-14,KHC,31.1299991607666,31.75,31.1200008392334,31.729999542236328,23.84521102905273,6794100
2020-01-15,KHC,31.690000534057617,31.959999084472656,31.540000915527344,31.600000381469727,23.74751663208008,4243700
2020-01-15,KHC,31.690000534057617,31.959999084472656,31.540000915527344,31.600000381469727,23.74751663208008,4243700
2020-01-16,KHC,31.700000762939453,32.02000045776367,31.649999618530277,31.729999542236328,23.84521102905273,3950400
2020-01-16,KHC,31.700000762939453,32.02000045776367,31.649999618530277,31.729999542236328,23.84521102905273,3950400
2020-01-17,KHC,31.799999237060547,31.86000061035156,30.950000762939453,31.030000686645508,23.31915855407715,6645600
2020-01-17,KHC,31.799999237060547,31.86000061035156,30.950000762939453,31.030000686645508,23.31915855407715,6645600
2020-01-21,KHC,30.959999084472656,31.1200008392334,30.405000686645508,31.01000022888184,23.30412483215332,7106600
2020-01-21,KHC,30.959999084472656,31.1200008392334,30.405000686645508,31.01000022888184,23.30412483215332,7106600
2020-01-22,KHC,31.07999992370605,31.083999633789062,30.5,30.670000076293945,23.04861640930176,4535000
2020-01-22,KHC,31.07999992370605,31.083999633789062,30.5,30.670000076293945,23.04861640930176,4535000
2020-01-23,KHC,30.530000686645508,30.790000915527344,30.34000015258789,30.68000030517578,23.056135177612305,4280600
2020-01-23,KHC,30.530000686645508,30.790000915527344,30.34000015258789,30.68000030517578,23.056135177612305,4280600
2020-01-24,KHC,30.700000762939453,30.725000381469727,30.09000015258789,30.40999984741211,22.85322952270508,5951500
2020-01-24,KHC,30.700000762939453,30.725000381469727,30.09000015258789,30.40999984741211,22.85322952270508,5951500
2020-01-27,KHC,30.149999618530277,30.475000381469727,29.854999542236328,30.350000381469727,22.80813789367676,5806100
2020-01-27,KHC,30.149999618530277,30.475000381469727,29.854999542236328,30.350000381469727,22.80813789367676,5806100
2020-01-28,KHC,30.450000762939453,30.670000076293945,30.084999084472656,30.1299991607666,22.642805099487305,5645000
2020-01-28,KHC,30.450000762939453,30.670000076293945,30.084999084472656,30.1299991607666,22.642805099487305,5645000
2020-01-29,KHC,30.11000061035156,30.11000061035156,29.59499931335449,29.6200008392334,22.25954246520996,9042600
2020-01-29,KHC,30.11000061035156,30.11000061035156,29.59499931335449,29.6200008392334,22.25954246520996,9042600
2020-01-30,KHC,29.61000061035156,29.989999771118164,29.270000457763672,29.940000534057617,22.500015258789062,6169800
2020-01-30,KHC,29.61000061035156,29.989999771118164,29.270000457763672,29.940000534057617,22.500015258789062,6169800
2020-01-31,KHC,29.899999618530277,29.920000076293945,29.03499984741211,29.200000762939453,21.943910598754883,8211800
2020-01-31,KHC,29.899999618530277,29.920000076293945,29.03499984741211,29.200000762939453,21.943910598754883,8211800
2020-02-03,KHC,29.200000762939453,29.3799991607666,28.920000076293945,29.149999618530277,21.906328201293945,6305700
2020-02-03,KHC,29.200000762939453,29.3799991607666,28.920000076293945,29.149999618530277,21.906328201293945,6305700
2020-02-04,KHC,29.5,29.6200008392334,29.09000015258789,29.149999618530277,21.906328201293945,7607100
2020-02-04,KHC,29.5,29.6200008392334,29.09000015258789,29.149999618530277,21.906328201293945,7607100
2020-02-05,KHC,29.36000061035156,29.950000762939453,29.11000061035156,29.3700008392334,22.07166290283203,9092800
2020-02-05,KHC,29.36000061035156,29.950000762939453,29.11000061035156,29.3700008392334,22.07166290283203,9092800
2020-02-06,KHC,29.31999969482422,29.600000381469727,28.920000076293945,29.059999465942383,21.83869361877441,6544800
2020-02-06,KHC,29.31999969482422,29.600000381469727,28.920000076293945,29.059999465942383,21.83869361877441,6544800
2020-02-07,KHC,28.959999084472656,30.299999237060547,28.709999084472656,29.540000915527344,22.19941711425781,13268800
2020-02-07,KHC,28.959999084472656,30.299999237060547,28.709999084472656,29.540000915527344,22.19941711425781,13268800
2020-02-10,KHC,29.649999618530277,29.850000381469727,29.399999618530277,29.690000534057617,22.312145233154297,5775800
2020-02-10,KHC,29.649999618530277,29.850000381469727,29.399999618530277,29.690000534057617,22.312145233154297,5775800
2020-02-11,KHC,29.88999938964844,30.149999618530277,29.6200008392334,30.01000022888184,22.55262756347656,7123300
2020-02-11,KHC,29.88999938964844,30.149999618530277,29.6200008392334,30.01000022888184,22.55262756347656,7123300
2020-02-12,KHC,30.170000076293945,30.549999237060547,29.94499969482422,30.040000915527344,22.575172424316406,8096300
2020-02-12,KHC,30.170000076293945,30.549999237060547,29.94499969482422,30.040000915527344,22.575172424316406,8096300
2020-02-13,KHC,29.11599922180176,29.229999542236328,27.36000061035156,27.770000457763672,20.86925506591797,37333600
2020-02-13,KHC,29.11599922180176,29.229999542236328,27.36000061035156,27.770000457763672,20.86925506591797,37333600
2020-02-14,KHC,27.850000381469727,27.920000076293945,26.459999084472656,26.8799991607666,20.200416564941406,23915700
2020-02-14,KHC,27.850000381469727,27.920000076293945,26.459999084472656,26.8799991607666,20.200416564941406,23915700
2020-02-18,KHC,26.770000457763672,27.450000762939453,26.299999237060547,27.32999992370605,20.538597106933597,16772400
2020-02-18,KHC,26.770000457763672,27.450000762939453,26.299999237060547,27.32999992370605,20.538597106933597,16772400
2020-02-19,KHC,27.36000061035156,27.452999114990234,27.11000061035156,27.309999465942383,20.52356338500977,7947900
2020-02-19,KHC,27.36000061035156,27.452999114990234,27.11000061035156,27.309999465942383,20.52356338500977,7947900
2020-02-20,KHC,27.270000457763672,27.777999877929688,27.149999618530277,27.420000076293945,20.606231689453125,7005900
2020-02-20,KHC,27.270000457763672,27.777999877929688,27.149999618530277,27.420000076293945,20.606231689453125,7005900
2020-02-21,KHC,27.200000762939453,27.51000022888184,27.170000076293945,27.26000022888184,20.485992431640625,6716800
2020-02-21,KHC,27.200000762939453,27.51000022888184,27.170000076293945,27.26000022888184,20.485992431640625,6716800
2020-02-24,KHC,26.959999084472656,27.13999938964844,26.26000022888184,26.6299991607666,20.012544631958008,12622200
2020-02-24,KHC,26.959999084472656,27.13999938964844,26.26000022888184,26.6299991607666,20.012544631958008,12622200
2020-02-25,KHC,26.6200008392334,26.700000762939453,25.75,26.06999969482422,19.591699600219727,11732200
2020-02-25,KHC,26.6200008392334,26.700000762939453,25.75,26.06999969482422,19.591699600219727,11732200
2020-02-26,KHC,26.229999542236328,26.239999771118164,25.36000061035156,25.63999938964844,19.26855087280273,11768200
2020-02-26,KHC,26.229999542236328,26.239999771118164,25.36000061035156,25.63999938964844,19.26855087280273,11768200
2020-02-27,KHC,25.3799991607666,25.489999771118164,24.76000022888184,24.96999931335449,18.765045166015625,14102800
2020-02-27,KHC,25.3799991607666,25.489999771118164,24.76000022888184,24.96999931335449,18.765045166015625,14102800
2020-02-28,KHC,24.549999237060547,24.809999465942383,24.01000022888184,24.770000457763672,18.614748001098636,16274100
2020-02-28,KHC,24.549999237060547,24.809999465942383,24.01000022888184,24.770000457763672,18.614748001098636,16274100
2020-03-02,KHC,24.75,26.07999992370605,24.56999969482422,26.06999969482422,19.591699600219727,14470800
2020-03-02,KHC,24.75,26.07999992370605,24.56999969482422,26.06999969482422,19.591699600219727,14470800
2020-03-03,KHC,26.0,26.520000457763672,25.2549991607666,25.5,19.16334342956543,11011400
2020-03-03,KHC,26.0,26.520000457763672,25.2549991607666,25.5,19.16334342956543,11011400
2020-03-04,KHC,25.93000030517578,26.479999542236328,25.600000381469727,26.450000762939453,19.877269744873047,8588100
2020-03-04,KHC,25.93000030517578,26.479999542236328,25.600000381469727,26.450000762939453,19.877269744873047,8588100
2020-03-05,KHC,25.82999992370605,26.75,25.729999542236328,26.649999618530277,20.02757453918457,12581900
2020-03-05,KHC,25.82999992370605,26.75,25.729999542236328,26.649999618530277,20.02757453918457,12581900
2020-03-06,KHC,25.65999984741211,26.38999938964844,25.6200008392334,26.030000686645508,19.5616455078125,8694600
2020-03-06,KHC,25.65999984741211,26.38999938964844,25.6200008392334,26.030000686645508,19.5616455078125,8694600
2020-03-09,KHC,24.07999992370605,24.700000762939453,23.670000076293945,23.959999084472656,18.006027221679688,16231400
2020-03-09,KHC,24.07999992370605,24.700000762939453,23.670000076293945,23.959999084472656,18.006027221679688,16231400
2020-03-10,KHC,24.670000076293945,24.88999938964844,23.489999771118164,24.5,18.411840438842773,12339200
2020-03-10,KHC,24.670000076293945,24.88999938964844,23.489999771118164,24.5,18.411840438842773,12339200
2020-03-11,KHC,23.90999984741211,24.239999771118164,23.30500030517578,23.65999984741211,17.780574798583984,11763400
2020-03-11,KHC,23.90999984741211,24.239999771118164,23.30500030517578,23.65999984741211,17.780574798583984,11763400
2020-03-12,KHC,21.899999618530277,22.06999969482422,20.040000915527344,20.059999465942383,15.3344087600708,15386400
2020-03-12,KHC,21.899999618530277,22.06999969482422,20.040000915527344,20.059999465942383,15.3344087600708,15386400
2020-03-13,KHC,21.239999771118164,23.989999771118164,20.700000762939453,23.96999931335449,18.323318481445312,15014300
2020-03-13,KHC,21.239999771118164,23.989999771118164,20.700000762939453,23.96999931335449,18.323318481445312,15014300
2020-03-16,KHC,20.899999618530277,23.56999969482422,19.989999771118164,22.020000457763672,16.832691192626953,14821500
2020-03-16,KHC,20.899999618530277,23.56999969482422,19.989999771118164,22.020000457763672,16.832691192626953,14821500
2020-03-17,KHC,22.209999084472656,23.90999984741211,20.84000015258789,23.82999992370605,18.21630096435547,12594400
2020-03-17,KHC,22.209999084472656,23.90999984741211,20.84000015258789,23.82999992370605,18.21630096435547,12594400
2020-03-18,KHC,22.34000015258789,24.0,21.92799949645996,23.690000534057617,18.109285354614254,11805700
2020-03-18,KHC,22.34000015258789,24.0,21.92799949645996,23.690000534057617,18.109285354614254,11805700
2020-03-19,KHC,23.15999984741211,23.559999465942383,21.920000076293945,22.280000686645508,17.031436920166016,12585300
2020-03-19,KHC,23.15999984741211,23.559999465942383,21.920000076293945,22.280000686645508,17.031436920166016,12585300
2020-03-20,KHC,22.450000762939453,23.239999771118164,21.780000686645508,22.280000686645508,17.031436920166016,12908300
2020-03-20,KHC,22.450000762939453,23.239999771118164,21.780000686645508,22.280000686645508,17.031436920166016,12908300
2020-03-23,KHC,22.290000915527344,23.299999237060547,20.670000076293945,20.770000457763672,15.877152442932127,14829300
2020-03-23,KHC,22.290000915527344,23.299999237060547,20.670000076293945,20.770000457763672,15.877152442932127,14829300
2020-03-24,KHC,21.790000915527344,23.364999771118164,21.530000686645508,22.989999771118164,17.57417869567871,11706200
2020-03-24,KHC,21.790000915527344,23.364999771118164,21.530000686645508,22.989999771118164,17.57417869567871,11706200
2020-03-25,KHC,23.38999938964844,24.31999969482422,22.8799991607666,22.959999084472656,17.55124855041504,15683100
2020-03-25,KHC,23.38999938964844,24.31999969482422,22.8799991607666,22.959999084472656,17.55124855041504,15683100
2020-03-26,KHC,23.239999771118164,27.3799991607666,22.979999542236328,24.770000457763672,18.934864044189453,12900700
2020-03-26,KHC,23.239999771118164,27.3799991607666,22.979999542236328,24.770000457763672,18.934864044189453,12900700
2020-03-27,KHC,24.0,25.18000030517578,23.61000061035156,24.239999771118164,18.529712677001957,8529400
2020-03-27,KHC,24.0,25.18000030517578,23.61000061035156,24.239999771118164,18.529712677001957,8529400
2020-03-30,KHC,24.63999938964844,25.299999237060547,24.040000915527344,25.170000076293945,19.240631103515625,8008400
2020-03-30,KHC,24.63999938964844,25.299999237060547,24.040000915527344,25.170000076293945,19.240631103515625,8008400
2020-03-31,KHC,25.11000061035156,25.489999771118164,24.395000457763672,24.739999771118164,18.911928176879883,7037500
2020-03-31,KHC,25.11000061035156,25.489999771118164,24.395000457763672,24.739999771118164,18.911928176879883,7037500
2020-04-01,KHC,24.020000457763672,24.38500022888184,23.5,23.68000030517578,18.101638793945312,6098600
2020-04-01,KHC,24.020000457763672,24.38500022888184,23.5,23.68000030517578,18.101638793945312,6098600
2020-04-02,KHC,23.479999542236328,24.790000915527344,23.36000061035156,24.63999938964844,18.835487365722656,7376700
2020-04-02,KHC,23.479999542236328,24.790000915527344,23.36000061035156,24.63999938964844,18.835487365722656,7376700
2020-04-03,KHC,24.38999938964844,25.475000381469727,24.38999938964844,25.31999969482422,19.355297088623047,9217500
2020-04-03,KHC,24.38999938964844,25.475000381469727,24.38999938964844,25.31999969482422,19.355297088623047,9217500
2020-04-06,KHC,26.0,26.1200008392334,25.559999465942383,25.90999984741211,19.80630874633789,7757500
2020-04-06,KHC,26.0,26.1200008392334,25.559999465942383,25.90999984741211,19.80630874633789,7757500
2020-04-07,KHC,26.96999931335449,27.479999542236328,26.040000915527344,26.61000061035156,20.341407775878903,12177900
2020-04-07,KHC,26.96999931335449,27.479999542236328,26.040000915527344,26.61000061035156,20.341407775878903,12177900
2020-04-08,KHC,26.75,27.5,26.61000061035156,27.31999969482422,20.88414764404297,7458600
2020-04-08,KHC,26.75,27.5,26.61000061035156,27.31999969482422,20.88414764404297,7458600
2020-04-09,KHC,27.350000381469727,28.4950008392334,27.350000381469727,28.11000061035156,21.488046646118164,11111900
2020-04-09,KHC,27.350000381469727,28.4950008392334,27.350000381469727,28.11000061035156,21.488046646118164,11111900
2020-04-13,KHC,27.899999618530277,28.174999237060547,27.34000015258789,27.93000030517578,21.350454330444336,6711500
2020-04-13,KHC,27.899999618530277,28.174999237060547,27.34000015258789,27.93000030517578,21.350454330444336,6711500
2020-04-14,KHC,28.09000015258789,28.674999237060547,27.93000030517578,28.450000762939453,21.747955322265625,6668600
2020-04-14,KHC,28.09000015258789,28.674999237060547,27.93000030517578,28.450000762939453,21.747955322265625,6668600
2020-04-15,KHC,28.0,28.09000015258789,27.40999984741211,28.049999237060547,21.442182540893555,6209600
2020-04-15,KHC,28.0,28.09000015258789,27.40999984741211,28.049999237060547,21.442182540893555,6209600
2020-04-16,KHC,28.5,29.40999984741211,28.200000762939453,29.229999542236328,22.344207763671875,9266000
2020-04-16,KHC,28.5,29.40999984741211,28.200000762939453,29.229999542236328,22.344207763671875,9266000
2020-04-17,KHC,29.1200008392334,29.489999771118164,28.645000457763672,29.32999992370605,22.42064666748047,8131600
2020-04-17,KHC,29.1200008392334,29.489999771118164,28.645000457763672,29.32999992370605,22.42064666748047,8131600
2020-04-20,KHC,28.979999542236328,29.799999237060547,28.8799991607666,29.170000076293945,22.298341751098636,6184200
2020-04-20,KHC,28.979999542236328,29.799999237060547,28.8799991607666,29.170000076293945,22.298341751098636,6184200
2020-04-21,KHC,28.93000030517578,29.1299991607666,28.309999465942383,28.46999931335449,21.763240814208984,6143300
2020-04-21,KHC,28.93000030517578,29.1299991607666,28.309999465942383,28.46999931335449,21.763240814208984,6143300
2020-04-22,KHC,28.82999992370605,28.940000534057617,28.450000762939453,28.76000022888184,21.98492431640625,4636800
2020-04-22,KHC,28.82999992370605,28.940000534057617,28.450000762939453,28.76000022888184,21.98492431640625,4636800
2020-04-23,KHC,28.6200008392334,29.049999237060547,28.459999084472656,28.530000686645508,21.80911064147949,4418300
2020-04-23,KHC,28.6200008392334,29.049999237060547,28.459999084472656,28.530000686645508,21.80911064147949,4418300
2020-04-24,KHC,28.59000015258789,29.334999084472656,28.59000015258789,29.229999542236328,22.344207763671875,7272300
2020-04-24,KHC,28.59000015258789,29.334999084472656,28.59000015258789,29.229999542236328,22.344207763671875,7272300
2020-04-27,KHC,29.5,30.25,29.350000381469727,30.190000534057617,23.07806205749512,7071600
2020-04-27,KHC,29.5,30.25,29.350000381469727,30.190000534057617,23.07806205749512,7071600
2020-04-28,KHC,30.479999542236328,30.770000457763672,30.05500030517578,30.43000030517578,23.26151657104492,6920900
2020-04-28,KHC,30.479999542236328,30.770000457763672,30.05500030517578,30.43000030517578,23.26151657104492,6920900
2020-04-29,KHC,30.540000915527344,31.03499984741211,30.170000076293945,30.530000686645508,23.33796119689941,7681100
2020-04-29,KHC,30.540000915527344,31.03499984741211,30.170000076293945,30.530000686645508,23.33796119689941,7681100
2020-04-30,KHC,30.1299991607666,30.88999938964844,29.530000686645508,30.32999992370605,23.185077667236328,10035200
2020-04-30,KHC,30.1299991607666,30.88999938964844,29.530000686645508,30.32999992370605,23.185077667236328,10035200
2020-05-01,KHC,29.989999771118164,30.239999771118164,29.149999618530277,29.3799991607666,22.458871841430664,6200700
2020-05-01,KHC,29.989999771118164,30.239999771118164,29.149999618530277,29.3799991607666,22.458871841430664,6200700
2020-05-04,KHC,29.13999938964844,29.239999771118164,28.450000762939453,28.93000030517578,22.11487579345703,6662800
2020-05-04,KHC,29.13999938964844,29.239999771118164,28.450000762939453,28.93000030517578,22.11487579345703,6662800
2020-05-05,KHC,29.0,29.48500061035156,28.86000061035156,28.940000534057617,22.12252426147461,7385600
2020-05-05,KHC,29.0,29.48500061035156,28.86000061035156,28.940000534057617,22.12252426147461,7385600
2020-05-06,KHC,29.13999938964844,29.56999969482422,28.8799991607666,29.399999618530277,22.474157333374023,6164200
2020-05-06,KHC,29.13999938964844,29.56999969482422,28.8799991607666,29.399999618530277,22.474157333374023,6164200
2020-05-07,KHC,29.57999992370605,29.71999931335449,28.729999542236328,28.82999992370605,22.03843688964844,4934300
2020-05-07,KHC,29.57999992370605,29.71999931335449,28.729999542236328,28.82999992370605,22.03843688964844,4934300
2020-05-08,KHC,29.09000015258789,29.665000915527344,28.93000030517578,29.559999465942383,22.596466064453125,5295900
2020-05-08,KHC,29.09000015258789,29.665000915527344,28.93000030517578,29.559999465942383,22.596466064453125,5295900
2020-05-11,KHC,29.309999465942383,29.575000762939453,29.26000022888184,29.32999992370605,22.42064666748047,3929600
2020-05-11,KHC,29.309999465942383,29.575000762939453,29.26000022888184,29.32999992370605,22.42064666748047,3929600
2020-05-12,KHC,29.34000015258789,29.780000686645508,29.34000015258789,29.3799991607666,22.458871841430664,4700200
2020-05-12,KHC,29.34000015258789,29.780000686645508,29.34000015258789,29.3799991607666,22.458871841430664,4700200
2020-05-13,KHC,29.440000534057617,29.520000457763672,28.479999542236328,28.76000022888184,21.98492431640625,6637400
2020-05-13,KHC,29.440000534057617,29.520000457763672,28.479999542236328,28.76000022888184,21.98492431640625,6637400
2020-05-14,KHC,28.5,28.934999465942383,28.1200008392334,28.799999237060547,22.01550674438477,4866400
2020-05-14,KHC,28.5,28.934999465942383,28.1200008392334,28.799999237060547,22.01550674438477,4866400
2020-05-15,KHC,28.709999084472656,29.31999969482422,28.559999465942383,29.200000762939453,22.32127571105957,5349400
2020-05-15,KHC,28.709999084472656,29.31999969482422,28.559999465942383,29.200000762939453,22.32127571105957,5349400
2020-05-18,KHC,30.059999465942383,31.13999938964844,29.950000762939453,30.8700008392334,23.59786796569824,12870200
2020-05-18,KHC,30.059999465942383,31.13999938964844,29.950000762939453,30.8700008392334,23.59786796569824,12870200
2020-05-19,KHC,30.81999969482422,30.93000030517578,29.899999618530277,29.90999984741211,22.86402130126953,6538500
2020-05-19,KHC,30.81999969482422,30.93000030517578,29.899999618530277,29.90999984741211,22.86402130126953,6538500
2020-05-20,KHC,30.149999618530277,30.479999542236328,29.979999542236328,30.239999771118164,23.11627960205078,4609500
2020-05-20,KHC,30.149999618530277,30.479999542236328,29.979999542236328,30.239999771118164,23.11627960205078,4609500
2020-05-21,KHC,30.059999465942383,30.11000061035156,29.59000015258789,29.709999084472656,22.71112823486328,4170800
2020-05-21,KHC,30.059999465942383,30.11000061035156,29.59000015258789,29.709999084472656,22.71112823486328,4170800
2020-05-22,KHC,29.56999969482422,29.989999771118164,29.559999465942383,29.950000762939453,22.89459609985352,3283400
2020-05-22,KHC,29.56999969482422,29.989999771118164,29.559999465942383,29.950000762939453,22.89459609985352,3283400
2020-05-26,KHC,30.36000061035156,30.73500061035156,30.13999938964844,30.21500015258789,23.097169876098636,5977800
2020-05-26,KHC,30.36000061035156,30.73500061035156,30.13999938964844,30.21500015258789,23.097169876098636,5977800
2020-05-27,KHC,30.36000061035156,31.059999465942383,30.270000457763672,31.030000686645508,23.72017478942871,5170600
2020-05-27,KHC,30.36000061035156,31.059999465942383,30.270000457763672,31.030000686645508,23.72017478942871,5170600
2020-05-28,KHC,30.6200008392334,30.75,30.26000022888184,30.38999938964844,23.534318923950195,3709900
2020-05-28,KHC,30.6200008392334,30.75,30.26000022888184,30.38999938964844,23.534318923950195,3709900
2020-05-29,KHC,30.270000457763672,30.59000015258789,29.770000457763672,30.46999931335449,23.596269607543945,6855800
2020-05-29,KHC,30.270000457763672,30.59000015258789,29.770000457763672,30.46999931335449,23.596269607543945,6855800
2020-06-01,KHC,30.5,30.780000686645508,30.31999969482422,30.424999237060547,23.561418533325195,5396200
2020-06-01,KHC,30.5,30.780000686645508,30.31999969482422,30.424999237060547,23.561418533325195,5396200
2020-06-02,KHC,30.489999771118164,31.459999084472656,30.420000076293945,31.43000030517578,24.33970642089844,7215400
2020-06-02,KHC,30.489999771118164,31.459999084472656,30.420000076293945,31.43000030517578,24.33970642089844,7215400
2020-06-03,KHC,31.5,31.82999992370605,31.280000686645508,31.309999465942383,24.246774673461918,5623100
2020-06-03,KHC,31.5,31.82999992370605,31.280000686645508,31.309999465942383,24.246774673461918,5623100
2020-06-04,KHC,30.974000930786133,31.5,30.81999969482422,31.489999771118164,24.38616943359375,6157000
2020-06-04,KHC,30.974000930786133,31.5,30.81999969482422,31.489999771118164,24.38616943359375,6157000
2020-06-05,KHC,31.729999542236328,32.63999938964844,31.690000534057617,32.619998931884766,25.261249542236328,19534500
2020-06-05,KHC,31.729999542236328,32.63999938964844,31.690000534057617,32.619998931884766,25.261249542236328,19534500
2020-06-08,KHC,32.540000915527344,34.0,32.5099983215332,33.970001220703125,26.306697845458984,11939500
2020-06-08,KHC,32.540000915527344,34.0,32.5099983215332,33.970001220703125,26.306697845458984,11939500
2020-06-09,KHC,33.29999923706055,33.5,32.7400016784668,33.099998474121094,25.632966995239254,5874900
2020-06-09,KHC,33.29999923706055,33.5,32.7400016784668,33.099998474121094,25.632966995239254,5874900
2020-06-10,KHC,33.09000015258789,33.189998626708984,32.400001525878906,32.5,25.168323516845703,5541200
2020-06-10,KHC,33.09000015258789,33.189998626708984,32.400001525878906,32.5,25.168323516845703,5541200
2020-06-11,KHC,31.71999931335449,31.90999984741211,31.13999938964844,31.18000030517578,24.14610290527344,6965100
2020-06-11,KHC,31.71999931335449,31.90999984741211,31.13999938964844,31.18000030517578,24.14610290527344,6965100
2020-06-12,KHC,31.790000915527344,31.979999542236328,31.229999542236328,31.799999237060547,24.626235961914062,5437100
2020-06-12,KHC,31.790000915527344,31.979999542236328,31.229999542236328,31.799999237060547,24.626235961914062,5437100
2020-06-15,KHC,31.26000022888184,32.119998931884766,30.989999771118164,32.119998931884766,24.874048233032227,5008100
2020-06-15,KHC,31.26000022888184,32.119998931884766,30.989999771118164,32.119998931884766,24.874048233032227,5008100
2020-06-16,KHC,32.58000183105469,32.900001525878906,32.02000045776367,32.72999954223633,25.346437454223636,5833900
2020-06-16,KHC,32.58000183105469,32.900001525878906,32.02000045776367,32.72999954223633,25.346437454223636,5833900
2020-06-17,KHC,32.91999816894531,33.380001068115234,32.7599983215332,32.79999923706055,25.400644302368164,5047600
2020-06-17,KHC,32.91999816894531,33.380001068115234,32.7599983215332,32.79999923706055,25.400644302368164,5047600
2020-06-18,KHC,32.61000061035156,33.20000076293945,32.5,33.18000030517578,25.694921493530277,3839700
2020-06-18,KHC,32.61000061035156,33.20000076293945,32.5,33.18000030517578,25.694921493530277,3839700
2020-06-19,KHC,33.25,33.70000076293945,33.06999969482422,33.47999954223633,25.927244186401367,9231500
2020-06-19,KHC,33.25,33.70000076293945,33.06999969482422,33.47999954223633,25.927244186401367,9231500
2020-06-22,KHC,33.06999969482422,33.369998931884766,32.79999923706055,33.150001525878906,25.67169189453125,6773000
2020-06-22,KHC,33.06999969482422,33.369998931884766,32.79999923706055,33.150001525878906,25.67169189453125,6773000
2020-06-23,KHC,33.20000076293945,33.37699890136719,32.30500030517578,32.400001525878906,25.09088134765625,7113900
2020-06-23,KHC,33.20000076293945,33.37699890136719,32.30500030517578,32.400001525878906,25.09088134765625,7113900
2020-06-24,KHC,32.25,32.314998626708984,31.670000076293945,32.130001068115234,24.88179016113281,5962600
2020-06-24,KHC,32.25,32.314998626708984,31.670000076293945,32.130001068115234,24.88179016113281,5962600
2020-06-25,KHC,31.950000762939453,32.06999969482422,31.51000022888184,31.8799991607666,24.68818473815918,4871100
2020-06-25,KHC,31.950000762939453,32.06999969482422,31.51000022888184,31.8799991607666,24.68818473815918,4871100
2020-06-26,KHC,31.88999938964844,31.88999938964844,30.799999237060547,30.899999618530277,23.92926788330078,7293900
2020-06-26,KHC,31.88999938964844,31.88999938964844,30.799999237060547,30.899999618530277,23.92926788330078,7293900
2020-06-29,KHC,31.0,31.709999084472656,31.0,31.63999938964844,24.50232696533203,5010500
2020-06-29,KHC,31.0,31.709999084472656,31.0,31.63999938964844,24.50232696533203,5010500
2020-06-30,KHC,31.63999938964844,32.04999923706055,31.499000549316406,31.88999938964844,24.69593620300293,5854100
2020-06-30,KHC,31.63999938964844,32.04999923706055,31.499000549316406,31.88999938964844,24.69593620300293,5854100
2020-07-01,KHC,31.93000030517578,32.029998779296875,31.48500061035156,31.670000076293945,24.525562286376957,4482300
2020-07-01,KHC,31.93000030517578,32.029998779296875,31.48500061035156,31.670000076293945,24.525562286376957,4482300
2020-07-02,KHC,31.950000762939453,32.209999084472656,31.729999542236328,31.809999465942383,24.63397979736328,4284800
2020-07-02,KHC,31.950000762939453,32.209999084472656,31.729999542236328,31.809999465942383,24.63397979736328,4284800
2020-07-06,KHC,32.08000183105469,32.34000015258789,31.850000381469727,32.0,24.781118392944336,4839400
2020-07-06,KHC,32.08000183105469,32.34000015258789,31.850000381469727,32.0,24.781118392944336,4839400
2020-07-07,KHC,31.790000915527344,32.275001525878906,31.780000686645508,32.04999923706055,24.81983757019043,5106400
2020-07-07,KHC,31.790000915527344,32.275001525878906,31.780000686645508,32.04999923706055,24.81983757019043,5106400
2020-07-08,KHC,32.040000915527344,32.15999984741211,31.479999542236328,31.86000061035156,24.67269897460937,3668400
2020-07-08,KHC,32.040000915527344,32.15999984741211,31.479999542236328,31.86000061035156,24.67269897460937,3668400
2020-07-09,KHC,31.63999938964844,31.7549991607666,31.15999984741211,31.3700008392334,24.293243408203125,3731700
2020-07-09,KHC,31.63999938964844,31.7549991607666,31.15999984741211,31.3700008392334,24.293243408203125,3731700
2020-07-10,KHC,31.350000381469727,32.310001373291016,31.350000381469727,32.279998779296875,24.997953414916992,5302700
2020-07-10,KHC,31.350000381469727,32.310001373291016,31.350000381469727,32.279998779296875,24.997953414916992,5302700
2020-07-13,KHC,32.5099983215332,32.95000076293945,32.18000030517578,32.5099983215332,25.176063537597656,6236300
2020-07-13,KHC,32.5099983215332,32.95000076293945,32.18000030517578,32.5099983215332,25.176063537597656,6236300
2020-07-14,KHC,32.29999923706055,33.435001373291016,32.279998779296875,33.310001373291016,25.795597076416016,7868100
2020-07-14,KHC,32.29999923706055,33.435001373291016,32.279998779296875,33.310001373291016,25.795597076416016,7868100
2020-07-15,KHC,33.5,33.5,33.04999923706055,33.150001525878906,25.67169189453125,5105700
2020-07-15,KHC,33.5,33.5,33.04999923706055,33.150001525878906,25.67169189453125,5105700
2020-07-16,KHC,33.56999969482422,34.689998626708984,33.439998626708984,34.400001525878906,26.63970184326172,9726600
2020-07-16,KHC,33.56999969482422,34.689998626708984,33.439998626708984,34.400001525878906,26.63970184326172,9726600
2020-07-17,KHC,34.61000061035156,35.189998626708984,34.369998931884766,35.0099983215332,27.11208915710449,8461100
2020-07-17,KHC,34.61000061035156,35.189998626708984,34.369998931884766,35.0099983215332,27.11208915710449,8461100
2020-07-20,KHC,34.91999816894531,34.91999816894531,33.90999984741211,34.119998931884766,26.4228630065918,6514800
2020-07-20,KHC,34.91999816894531,34.91999816894531,33.90999984741211,34.119998931884766,26.4228630065918,6514800
2020-07-21,KHC,34.36000061035156,34.88999938964844,34.27000045776367,34.529998779296875,26.74036979675293,5001900
2020-07-21,KHC,34.36000061035156,34.88999938964844,34.27000045776367,34.529998779296875,26.74036979675293,5001900
2020-07-22,KHC,34.650001525878906,34.959999084472656,34.279998779296875,34.900001525878906,27.02690887451172,4020100
2020-07-22,KHC,34.650001525878906,34.959999084472656,34.279998779296875,34.900001525878906,27.02690887451172,4020100
2020-07-23,KHC,34.650001525878906,35.130001068115234,34.27000045776367,34.86000061035156,26.995927810668945,6103800
2020-07-23,KHC,34.650001525878906,35.130001068115234,34.27000045776367,34.86000061035156,26.995927810668945,6103800
2020-07-24,KHC,34.900001525878906,35.25,34.51100158691406,34.68000030517578,26.85653114318848,4331400
2020-07-24,KHC,34.900001525878906,35.25,34.51100158691406,34.68000030517578,26.85653114318848,4331400
2020-07-27,KHC,34.66999816894531,34.88800048828125,34.4900016784668,34.84000015258789,26.980443954467773,4244500
2020-07-27,KHC,34.66999816894531,34.88800048828125,34.4900016784668,34.84000015258789,26.980443954467773,4244500
2020-07-28,KHC,34.7599983215332,35.38999938964844,34.7599983215332,35.25,27.297945022583008,6037400
2020-07-28,KHC,34.7599983215332,35.38999938964844,34.7599983215332,35.25,27.297945022583008,6037400
2020-07-29,KHC,35.54999923706055,35.869998931884766,35.400001525878906,35.56999969482422,27.54576110839844,6796300
2020-07-29,KHC,35.54999923706055,35.869998931884766,35.400001525878906,35.56999969482422,27.54576110839844,6796300
2020-07-30,KHC,35.0629997253418,35.5,33.36000061035156,34.38999938964844,26.6319522857666,12148600
2020-07-30,KHC,35.0629997253418,35.5,33.36000061035156,34.38999938964844,26.6319522857666,12148600
2020-07-31,KHC,34.119998931884766,34.83000183105469,33.83000183105469,34.380001068115234,26.624210357666016,11208900
2020-07-31,KHC,34.119998931884766,34.83000183105469,33.83000183105469,34.380001068115234,26.624210357666016,11208900
2020-08-03,KHC,34.4739990234375,35.04999923706055,34.25,34.790000915527344,26.94171714782715,6207300
2020-08-03,KHC,34.4739990234375,35.04999923706055,34.25,34.790000915527344,26.94171714782715,6207300
2020-08-04,KHC,34.790000915527344,35.13999938964844,34.380001068115234,35.08000183105469,27.166297912597656,6284300
2020-08-04,KHC,34.790000915527344,35.13999938964844,34.380001068115234,35.08000183105469,27.166297912597656,6284300
2020-08-05,KHC,35.150001525878906,35.22999954223633,34.650001525878906,34.779998779296875,26.93398094177246,3966300
2020-08-05,KHC,35.150001525878906,35.22999954223633,34.650001525878906,34.779998779296875,26.93398094177246,3966300
2020-08-06,KHC,34.84000015258789,35.33000183105469,34.66999816894531,35.279998779296875,27.321184158325195,5721600
2020-08-06,KHC,34.84000015258789,35.33000183105469,34.66999816894531,35.279998779296875,27.321184158325195,5721600
2020-08-07,KHC,35.13999938964844,35.45000076293945,34.97999954223633,35.40999984741211,27.421855926513672,4163500
2020-08-07,KHC,35.13999938964844,35.45000076293945,34.97999954223633,35.40999984741211,27.421855926513672,4163500
2020-08-10,KHC,35.33000183105469,35.349998474121094,34.52000045776367,34.790000915527344,26.94171714782715,5966500
2020-08-10,KHC,35.33000183105469,35.349998474121094,34.52000045776367,34.790000915527344,26.94171714782715,5966500
2020-08-11,KHC,35.0,35.25,34.4900016784668,34.630001068115234,26.817819595336918,4790500
2020-08-11,KHC,35.0,35.25,34.4900016784668,34.630001068115234,26.817819595336918,4790500
2020-08-12,KHC,34.88999938964844,35.5,34.76499938964844,35.33000183105469,27.359901428222656,4825800
2020-08-12,KHC,34.88999938964844,35.5,34.76499938964844,35.33000183105469,27.359901428222656,4825800
2020-08-13,KHC,35.439998626708984,35.66999816894531,35.132999420166016,35.56999969482422,27.54576110839844,5121500
2020-08-13,KHC,35.439998626708984,35.66999816894531,35.132999420166016,35.56999969482422,27.54576110839844,5121500
2020-08-14,KHC,35.34000015258789,35.665000915527344,35.130001068115234,35.59000015258789,27.561250686645508,3107400
2020-08-14,KHC,35.34000015258789,35.665000915527344,35.130001068115234,35.59000015258789,27.561250686645508,3107400
2020-08-17,KHC,35.68000030517578,36.36899948120117,35.540000915527344,35.93000030517578,27.824552536010746,7010800
2020-08-17,KHC,35.68000030517578,36.36899948120117,35.540000915527344,35.93000030517578,27.824552536010746,7010800
2020-08-18,KHC,36.0,36.0099983215332,35.2599983215332,35.65999984741211,27.615449905395508,4677600
2020-08-18,KHC,36.0,36.0099983215332,35.2599983215332,35.65999984741211,27.615449905395508,4677600
2020-08-19,KHC,35.75,35.869998931884766,35.380001068115234,35.43000030517578,27.437345504760746,4002500
2020-08-19,KHC,35.75,35.869998931884766,35.380001068115234,35.43000030517578,27.437345504760746,4002500
2020-08-20,KHC,35.2599983215332,35.310001373291016,34.72999954223633,34.849998474121094,26.98818588256836,4553600
2020-08-20,KHC,35.2599983215332,35.310001373291016,34.72999954223633,34.849998474121094,26.98818588256836,4553600
2020-08-21,KHC,34.77000045776367,34.900001525878906,34.31700134277344,34.560001373291016,26.76361083984375,4749600
2020-08-21,KHC,34.77000045776367,34.900001525878906,34.31700134277344,34.560001373291016,26.76361083984375,4749600
2020-08-24,KHC,34.689998626708984,35.09000015258789,34.349998474121094,35.09000015258789,27.17404556274414,4229900
2020-08-24,KHC,34.689998626708984,35.09000015258789,34.349998474121094,35.09000015258789,27.17404556274414,4229900
2020-08-25,KHC,35.310001373291016,35.40999984741211,34.915000915527344,35.369998931884766,27.39087677001953,4667800
2020-08-25,KHC,35.310001373291016,35.40999984741211,34.915000915527344,35.369998931884766,27.39087677001953,4667800
2020-08-26,KHC,35.31999969482422,35.36000061035156,34.83000183105469,35.310001373291016,27.34441375732422,4382300
2020-08-26,KHC,35.31999969482422,35.36000061035156,34.83000183105469,35.310001373291016,27.34441375732422,4382300
2020-08-27,KHC,35.090999603271484,35.23500061035156,34.70000076293945,34.7599983215332,27.2269229888916,4432600
2020-08-27,KHC,35.090999603271484,35.23500061035156,34.70000076293945,34.7599983215332,27.2269229888916,4432600
2020-08-28,KHC,34.7599983215332,34.90999984741211,34.25,34.880001068115234,27.320913314819336,4208500
2020-08-28,KHC,34.7599983215332,34.90999984741211,34.25,34.880001068115234,27.320913314819336,4208500
2020-08-31,KHC,34.86000061035156,35.13999938964844,34.560001373291016,35.040000915527344,27.44624137878418,4479100
2020-08-31,KHC,34.86000061035156,35.13999938964844,34.560001373291016,35.040000915527344,27.44624137878418,4479100
2020-09-01,KHC,34.75,34.779998779296875,33.915000915527344,34.13999938964844,26.741283416748047,6023000
2020-09-01,KHC,34.75,34.779998779296875,33.915000915527344,34.13999938964844,26.741283416748047,6023000
2020-09-02,KHC,34.29199981689453,34.939998626708984,34.11000061035156,34.709999084472656,27.187759399414062,5114300
2020-09-02,KHC,34.29199981689453,34.939998626708984,34.11000061035156,34.709999084472656,27.187759399414062,5114300
2020-09-03,KHC,34.525001525878906,35.04999923706055,33.27000045776367,33.54999923706055,26.279151916503903,8411100
2020-09-03,KHC,34.525001525878906,35.04999923706055,33.27000045776367,33.54999923706055,26.279151916503903,8411100
2020-09-04,KHC,33.689998626708984,33.93000030517578,33.099998474121094,33.470001220703125,26.21648597717285,6642600
2020-09-04,KHC,33.689998626708984,33.93000030517578,33.099998474121094,33.470001220703125,26.21648597717285,6642600
2020-09-08,KHC,33.02000045776367,33.189998626708984,31.63500022888184,31.76000022888184,24.8770694732666,9385800
2020-09-08,KHC,33.02000045776367,33.189998626708984,31.63500022888184,31.76000022888184,24.8770694732666,9385800
2020-09-09,KHC,32.0,32.04999923706055,31.25,31.649999618530277,24.79090881347656,8372700
2020-09-09,KHC,32.0,32.04999923706055,31.25,31.649999618530277,24.79090881347656,8372700
2020-09-10,KHC,31.61000061035156,32.22999954223633,31.32999992370605,31.51000022888184,24.681249618530277,7020800
2020-09-10,KHC,31.61000061035156,32.22999954223633,31.32999992370605,31.51000022888184,24.681249618530277,7020800
2020-09-11,KHC,31.65999984741211,32.16999816894531,31.239999771118164,31.709999084472656,24.83790397644043,7068200
2020-09-11,KHC,31.65999984741211,32.16999816894531,31.239999771118164,31.709999084472656,24.83790397644043,7068200
2020-09-14,KHC,31.950000762939453,32.18000030517578,31.43000030517578,31.8700008392334,24.963233947753903,5246500
2020-09-14,KHC,31.950000762939453,32.18000030517578,31.43000030517578,31.8700008392334,24.963233947753903,5246500
2020-09-15,KHC,32.66999816894531,33.93000030517578,31.878999710083008,31.96999931335449,25.041561126708984,11059300
2020-09-15,KHC,32.66999816894531,33.93000030517578,31.878999710083008,31.96999931335449,25.041561126708984,11059300
2020-09-16,KHC,32.41999816894531,32.43000030517578,31.15999984741211,31.36000061035156,24.563756942749023,9318800
2020-09-16,KHC,32.41999816894531,32.43000030517578,31.15999984741211,31.36000061035156,24.563756942749023,9318800
2020-09-17,KHC,30.93000030517578,31.059999465942383,30.11000061035156,30.63999938964844,23.99979591369629,11360200
2020-09-17,KHC,30.93000030517578,31.059999465942383,30.11000061035156,30.63999938964844,23.99979591369629,11360200
2020-09-18,KHC,30.700000762939453,30.700000762939453,29.475000381469727,29.739999771118164,23.29484367370605,16042800
2020-09-18,KHC,30.700000762939453,30.700000762939453,29.475000381469727,29.739999771118164,23.29484367370605,16042800
2020-09-21,KHC,29.399999618530277,29.700000762939453,29.11000061035156,29.649999618530277,23.22434425354004,8388300
2020-09-21,KHC,29.399999618530277,29.700000762939453,29.11000061035156,29.649999618530277,23.22434425354004,8388300
2020-09-22,KHC,29.71999931335449,29.8700008392334,29.13500022888184,29.229999542236328,22.89536476135254,5677000
2020-09-22,KHC,29.71999931335449,29.8700008392334,29.13500022888184,29.229999542236328,22.89536476135254,5677000
2020-09-23,KHC,29.3799991607666,29.479999542236328,28.690000534057617,28.770000457763672,22.535053253173828,6527100
2020-09-23,KHC,29.3799991607666,29.479999542236328,28.690000534057617,28.770000457763672,22.535053253173828,6527100
2020-09-24,KHC,28.71999931335449,29.170000076293945,28.565000534057617,28.84000015258789,22.589887619018555,5317300
2020-09-24,KHC,28.71999931335449,29.170000076293945,28.565000534057617,28.84000015258789,22.589887619018555,5317300
2020-09-25,KHC,28.8799991607666,29.21999931335449,28.562000274658203,29.1299991607666,22.817035675048828,5704800
2020-09-25,KHC,28.8799991607666,29.21999931335449,28.562000274658203,29.1299991607666,22.817035675048828,5704800
2020-09-28,KHC,29.649999618530277,29.989999771118164,29.43000030517578,29.82999992370605,23.36533546447754,4840300
2020-09-28,KHC,29.649999618530277,29.989999771118164,29.43000030517578,29.82999992370605,23.36533546447754,4840300
2020-09-29,KHC,29.770000457763672,29.8799991607666,29.36000061035156,29.59000015258789,23.17734718322754,4339600
2020-09-29,KHC,29.770000457763672,29.8799991607666,29.36000061035156,29.59000015258789,23.17734718322754,4339600
2020-09-30,KHC,29.61000061035156,30.209999084472656,29.61000061035156,29.950000762939453,23.45932960510254,6047100
2020-09-30,KHC,29.61000061035156,30.209999084472656,29.61000061035156,29.950000762939453,23.45932960510254,6047100
2020-10-01,KHC,30.0,30.399999618530277,29.665000915527344,30.3700008392334,23.788307189941406,6060100
2020-10-01,KHC,30.0,30.399999618530277,29.665000915527344,30.3700008392334,23.788307189941406,6060100
2020-10-02,KHC,29.940000534057617,30.57999992370605,29.93000030517578,30.46999931335449,23.866634368896484,5393600
2020-10-02,KHC,29.940000534057617,30.57999992370605,29.93000030517578,30.46999931335449,23.866634368896484,5393600
2020-10-05,KHC,30.63999938964844,31.06999969482422,30.6200008392334,31.0,24.281774520874023,4470800
2020-10-05,KHC,30.63999938964844,31.06999969482422,30.6200008392334,31.0,24.281774520874023,4470800
2020-10-06,KHC,31.020000457763672,31.270000457763672,30.59000015258789,30.670000076293945,24.023290634155277,4924100
2020-10-06,KHC,31.020000457763672,31.270000457763672,30.59000015258789,30.670000076293945,24.023290634155277,4924100
2020-10-07,KHC,30.799999237060547,31.0,30.5,30.84000015258789,24.15644645690918,3869000
2020-10-07,KHC,30.799999237060547,31.0,30.5,30.84000015258789,24.15644645690918,3869000
2020-10-08,KHC,30.989999771118164,31.34000015258789,30.899999618530277,31.21999931335449,24.454099655151367,4590800
2020-10-08,KHC,30.989999771118164,31.34000015258789,30.899999618530277,31.21999931335449,24.454099655151367,4590800
2020-10-09,KHC,31.290000915527344,31.475000381469727,31.0,31.11000061035156,24.36793327331543,4100100
2020-10-09,KHC,31.290000915527344,31.475000381469727,31.0,31.11000061035156,24.36793327331543,4100100
2020-10-12,KHC,31.43000030517578,32.06999969482422,31.209999084472656,31.649999618530277,24.79090881347656,8796300
2020-10-12,KHC,31.43000030517578,32.06999969482422,31.209999084472656,31.649999618530277,24.79090881347656,8796300
2020-10-13,KHC,31.670000076293945,32.459999084472656,31.520000457763672,32.40999984741211,25.38620376586914,7446800
2020-10-13,KHC,31.670000076293945,32.459999084472656,31.520000457763672,32.40999984741211,25.38620376586914,7446800
2020-10-14,KHC,32.40999984741211,32.869998931884766,31.864999771118164,32.150001525878906,25.182552337646484,7808200
2020-10-14,KHC,32.40999984741211,32.869998931884766,31.864999771118164,32.150001525878906,25.182552337646484,7808200
2020-10-15,KHC,31.799999237060547,32.31999969482422,31.559999465942383,32.29999923706055,25.3000431060791,3685400
2020-10-15,KHC,31.799999237060547,32.31999969482422,31.559999465942383,32.29999923706055,25.3000431060791,3685400
2020-10-16,KHC,32.380001068115234,32.619998931884766,32.095001220703125,32.15999984741211,25.190385818481445,3468100
2020-10-16,KHC,32.380001068115234,32.619998931884766,32.095001220703125,32.15999984741211,25.190385818481445,3468100
2020-10-19,KHC,32.25,32.375999450683594,31.614999771118164,31.75,24.869237899780277,4164000
2020-10-19,KHC,32.25,32.375999450683594,31.614999771118164,31.75,24.869237899780277,4164000
2020-10-20,KHC,32.029998779296875,32.31999969482422,31.899999618530277,31.989999771118164,25.05722427368164,3524600
2020-10-20,KHC,32.029998779296875,32.31999969482422,31.899999618530277,31.989999771118164,25.05722427368164,3524600
2020-10-21,KHC,31.75,31.899999618530277,31.43000030517578,31.440000534057617,24.62642288208008,6503600
2020-10-21,KHC,31.75,31.899999618530277,31.43000030517578,31.440000534057617,24.62642288208008,6503600
2020-10-22,KHC,31.43000030517578,31.61000061035156,31.059999465942383,31.229999542236328,24.46193504333496,5345700
2020-10-22,KHC,31.43000030517578,31.61000061035156,31.059999465942383,31.229999542236328,24.46193504333496,5345700
2020-10-23,KHC,31.489999771118164,31.61000061035156,31.100000381469727,31.3700008392334,24.57159423828125,4140600
2020-10-23,KHC,31.489999771118164,31.61000061035156,31.100000381469727,31.3700008392334,24.57159423828125,4140600
2020-10-26,KHC,31.01000022888184,31.190000534057617,30.399999618530277,30.57999992370605,23.952795028686523,5488600
2020-10-26,KHC,31.01000022888184,31.190000534057617,30.399999618530277,30.57999992370605,23.952795028686523,5488600
2020-10-27,KHC,30.68000030517578,30.920000076293945,30.51499938964844,30.68000030517578,24.031126022338867,5880200
2020-10-27,KHC,30.68000030517578,30.920000076293945,30.51499938964844,30.68000030517578,24.031126022338867,5880200
2020-10-28,KHC,30.25,30.350000381469727,29.209999084472656,29.21999931335449,22.887535095214844,7781100
2020-10-28,KHC,30.25,30.350000381469727,29.209999084472656,29.21999931335449,22.887535095214844,7781100
2020-10-29,KHC,29.700000762939453,30.450000762939453,29.420000076293945,30.040000915527344,23.52982711791992,7875600
2020-10-29,KHC,29.700000762939453,30.450000762939453,29.420000076293945,30.040000915527344,23.52982711791992,7875600
2020-10-30,KHC,30.06999969482422,30.690000534057617,29.95499992370605,30.59000015258789,23.96062660217285,10477700
2020-10-30,KHC,30.06999969482422,30.690000534057617,29.95499992370605,30.59000015258789,23.96062660217285,10477700
2020-11-02,KHC,31.040000915527344,31.940000534057617,30.86000061035156,31.670000076293945,24.806575775146484,7165100
2020-11-02,KHC,31.040000915527344,31.940000534057617,30.86000061035156,31.670000076293945,24.806575775146484,7165100
2020-11-03,KHC,31.86000061035156,32.5,31.700000762939453,31.780000686645508,24.89273834228516,5427300
2020-11-03,KHC,31.86000061035156,32.5,31.700000762939453,31.780000686645508,24.89273834228516,5427300
2020-11-04,KHC,32.06999969482422,32.4900016784668,31.770000457763672,31.81999969482422,24.9240665435791,6169600
2020-11-04,KHC,32.06999969482422,32.4900016784668,31.770000457763672,31.81999969482422,24.9240665435791,6169600
2020-11-05,KHC,31.86000061035156,32.36000061035156,31.46999931335449,31.700000762939453,24.830076217651367,7920600
2020-11-05,KHC,31.86000061035156,32.36000061035156,31.46999931335449,31.700000762939453,24.830076217651367,7920600
2020-11-06,KHC,31.8700008392334,31.989999771118164,31.440000534057617,31.540000915527344,24.704753875732425,4069300
2020-11-06,KHC,31.8700008392334,31.989999771118164,31.440000534057617,31.540000915527344,24.704753875732425,4069300
2020-11-09,KHC,32.38999938964844,32.58000183105469,30.565000534057617,30.6200008392334,23.984128952026367,10642100
2020-11-09,KHC,32.38999938964844,32.58000183105469,30.565000534057617,30.6200008392334,23.984128952026367,10642100
2020-11-10,KHC,30.040000915527344,30.549999237060547,29.53499984741211,30.479999542236328,23.874467849731445,13382400
2020-11-10,KHC,30.040000915527344,30.549999237060547,29.53499984741211,30.479999542236328,23.874467849731445,13382400
2020-11-11,KHC,30.68000030517578,31.3799991607666,30.420000076293945,31.350000381469727,24.55592536926269,7814500
2020-11-11,KHC,30.68000030517578,31.3799991607666,30.420000076293945,31.350000381469727,24.55592536926269,7814500
2020-11-12,KHC,31.239999771118164,31.38999938964844,30.690000534057617,31.100000381469727,24.36010360717773,5846000
2020-11-12,KHC,31.239999771118164,31.38999938964844,30.690000534057617,31.100000381469727,24.36010360717773,5846000
2020-11-13,KHC,31.270000457763672,31.6200008392334,31.049999237060547,31.61000061035156,24.75957679748535,4165900
2020-11-13,KHC,31.270000457763672,31.6200008392334,31.049999237060547,31.61000061035156,24.75957679748535,4165900
2020-11-16,KHC,31.61000061035156,32.27000045776367,31.415000915527344,32.150001525878906,25.182552337646484,7456300
2020-11-16,KHC,31.61000061035156,32.27000045776367,31.415000915527344,32.150001525878906,25.182552337646484,7456300
2020-11-17,KHC,31.82999992370605,31.850000381469727,31.325000762939453,31.59000015258789,24.74391365051269,5109200
2020-11-17,KHC,31.82999992370605,31.850000381469727,31.325000762939453,31.59000015258789,24.74391365051269,5109200
2020-11-18,KHC,31.700000762939453,32.41999816894531,31.540000915527344,31.6299991607666,24.77524185180664,7285200
2020-11-18,KHC,31.700000762939453,32.41999816894531,31.540000915527344,31.6299991607666,24.77524185180664,7285200
2020-11-19,KHC,31.559999465942383,31.950000762939453,31.399999618530277,31.8799991607666,24.971067428588867,6150500
2020-11-19,KHC,31.559999465942383,31.950000762939453,31.399999618530277,31.8799991607666,24.971067428588867,6150500
2020-11-20,KHC,31.799999237060547,32.33000183105469,31.75,32.2599983215332,25.268709182739254,9019400
2020-11-20,KHC,31.799999237060547,32.33000183105469,31.75,32.2599983215332,25.268709182739254,9019400
2020-11-23,KHC,32.369998931884766,32.880001068115234,32.189998626708984,32.599998474121094,25.5350284576416,7282100
2020-11-23,KHC,32.369998931884766,32.880001068115234,32.189998626708984,32.599998474121094,25.5350284576416,7282100
2020-11-24,KHC,32.91999816894531,33.86000061035156,32.720001220703125,33.83000183105469,26.498476028442383,8618400
2020-11-24,KHC,32.91999816894531,33.86000061035156,32.720001220703125,33.83000183105469,26.498476028442383,8618400
2020-11-25,KHC,33.209999084472656,33.25,32.5,32.540000915527344,25.793006896972656,6040400
2020-11-25,KHC,33.209999084472656,33.25,32.5,32.540000915527344,25.793006896972656,6040400
2020-11-27,KHC,32.7599983215332,33.040000915527344,32.619998931884766,32.84000015258789,26.030797958374023,2220700
2020-11-27,KHC,32.7599983215332,33.040000915527344,32.619998931884766,32.84000015258789,26.030797958374023,2220700
2020-11-30,KHC,32.6150016784668,32.970001220703125,32.46500015258789,32.939998626708984,26.11006546020508,5826100
2020-11-30,KHC,32.6150016784668,32.970001220703125,32.46500015258789,32.939998626708984,26.11006546020508,5826100
2020-12-01,KHC,32.970001220703125,33.220001220703125,32.77000045776367,33.13999938964844,26.268600463867188,4623900
2020-12-01,KHC,32.970001220703125,33.220001220703125,32.77000045776367,33.13999938964844,26.268600463867188,4623900
2020-12-02,KHC,33.060001373291016,33.31999969482422,32.75,32.779998779296875,25.98324012756348,4770100
2020-12-02,KHC,33.060001373291016,33.31999969482422,32.75,32.779998779296875,25.98324012756348,4770100
2020-12-03,KHC,32.84000015258789,33.59000015258789,32.79999923706055,33.45000076293945,26.51432228088379,4868900
2020-12-03,KHC,32.84000015258789,33.59000015258789,32.79999923706055,33.45000076293945,26.51432228088379,4868900
2020-12-04,KHC,33.7599983215332,34.150001525878906,33.63999938964844,34.119998931884766,27.045398712158203,6146900
2020-12-04,KHC,33.7599983215332,34.150001525878906,33.63999938964844,34.119998931884766,27.045398712158203,6146900
2020-12-07,KHC,34.0,34.0099983215332,33.45000076293945,33.599998474121094,26.63322257995605,5240800
2020-12-07,KHC,34.0,34.0099983215332,33.45000076293945,33.599998474121094,26.63322257995605,5240800
2020-12-08,KHC,33.630001068115234,34.45000076293945,33.4900016784668,34.34000015258789,27.21978187561035,6753300
2020-12-08,KHC,33.630001068115234,34.45000076293945,33.4900016784668,34.34000015258789,27.21978187561035,6753300
2020-12-09,KHC,34.47999954223633,34.599998474121094,33.974998474121094,34.220001220703125,27.124666213989254,5380000
2020-12-09,KHC,34.47999954223633,34.599998474121094,33.974998474121094,34.220001220703125,27.124666213989254,5380000
2020-12-10,KHC,34.0099983215332,34.2400016784668,33.880001068115234,34.099998474121094,27.029544830322266,4284600
2020-12-10,KHC,34.0099983215332,34.2400016784668,33.880001068115234,34.099998474121094,27.029544830322266,4284600
2020-12-11,KHC,33.880001068115234,34.16999816894531,33.79999923706055,34.06999969482422,27.005765914916992,3814900
2020-12-11,KHC,33.880001068115234,34.16999816894531,33.79999923706055,34.06999969482422,27.005765914916992,3814900
2020-12-14,KHC,34.15999984741211,34.70000076293945,34.13999938964844,34.41999816894531,27.2831974029541,5798500
2020-12-14,KHC,34.15999984741211,34.70000076293945,34.13999938964844,34.41999816894531,27.2831974029541,5798500
2020-12-15,KHC,34.41999816894531,34.499000549316406,33.91999816894531,34.33000183105469,27.21185874938965,4687800
2020-12-15,KHC,34.41999816894531,34.499000549316406,33.91999816894531,34.33000183105469,27.21185874938965,4687800
2020-12-16,KHC,34.41999816894531,34.65999984741211,34.2599983215332,34.43000030517578,27.29112243652344,5738300
2020-12-16,KHC,34.41999816894531,34.65999984741211,34.2599983215332,34.43000030517578,27.29112243652344,5738300
2020-12-17,KHC,34.65999984741211,34.779998779296875,34.4630012512207,34.619998931884766,27.441726684570312,4282500
2020-12-17,KHC,34.65999984741211,34.779998779296875,34.4630012512207,34.619998931884766,27.441726684570312,4282500
2020-12-18,KHC,34.880001068115234,35.369998931884766,34.5099983215332,34.77000045776367,27.560626983642575,11194700
2020-12-18,KHC,34.880001068115234,35.369998931884766,34.5099983215332,34.77000045776367,27.560626983642575,11194700
2020-12-21,KHC,34.119998931884766,34.65999984741211,34.119998931884766,34.56999969482422,27.40209579467773,5183500
2020-12-21,KHC,34.119998931884766,34.65999984741211,34.119998931884766,34.56999969482422,27.40209579467773,5183500
2020-12-22,KHC,34.599998474121094,34.810001373291016,34.34000015258789,34.38999938964844,27.259418487548828,3717100
2020-12-22,KHC,34.599998474121094,34.810001373291016,34.34000015258789,34.38999938964844,27.259418487548828,3717100
2020-12-23,KHC,34.444000244140625,35.040000915527344,34.444000244140625,34.79999923706055,27.58440971374512,3577500
2020-12-23,KHC,34.444000244140625,35.040000915527344,34.444000244140625,34.79999923706055,27.58440971374512,3577500
2020-12-24,KHC,34.790000915527344,34.97999954223633,34.619998931884766,34.97999954223633,27.72707939147949,1575900
2020-12-24,KHC,34.790000915527344,34.97999954223633,34.619998931884766,34.97999954223633,27.72707939147949,1575900
2020-12-28,KHC,35.04999923706055,35.40999984741211,34.93000030517578,35.209999084472656,27.909385681152344,3576000
2020-12-28,KHC,35.04999923706055,35.40999984741211,34.93000030517578,35.209999084472656,27.909385681152344,3576000
2020-12-29,KHC,35.310001373291016,35.36000061035156,34.72999954223633,34.900001525878906,27.663671493530277,3324900
2020-12-29,KHC,35.310001373291016,35.36000061035156,34.72999954223633,34.900001525878906,27.663671493530277,3324900
2020-12-30,KHC,34.900001525878906,35.029998779296875,34.63999938964844,34.66999816894531,27.48136138916016,2439300
2020-12-30,KHC,34.900001525878906,35.029998779296875,34.63999938964844,34.66999816894531,27.48136138916016,2439300
2020-12-31,KHC,34.650001525878906,34.71500015258789,34.20500183105469,34.65999984741211,27.473432540893555,3353600
2020-12-31,KHC,34.650001525878906,34.71500015258789,34.20500183105469,34.65999984741211,27.473432540893555,3353600
2021-01-04,KHC,34.59000015258789,34.68000030517578,33.90999984741211,34.22999954223633,27.132593154907227,5824100
2021-01-04,KHC,34.59000015258789,34.68000030517578,33.90999984741211,34.22999954223633,27.132593154907227,5824100
2021-01-05,KHC,34.2869987487793,34.41999816894531,33.224998474121094,33.56999969482422,26.60943984985352,9052900
2021-01-05,KHC,34.2869987487793,34.41999816894531,33.224998474121094,33.56999969482422,26.60943984985352,9052900
2021-01-06,KHC,33.689998626708984,34.20000076293945,33.40999984741211,33.939998626708984,26.90272521972656,6754300
2021-01-06,KHC,33.689998626708984,34.20000076293945,33.40999984741211,33.939998626708984,26.90272521972656,6754300
2021-01-07,KHC,34.02000045776367,34.05799865722656,33.44499969482422,33.69499969482422,26.70852470397949,6487800
2021-01-07,KHC,34.02000045776367,34.05799865722656,33.44499969482422,33.69499969482422,26.70852470397949,6487800
2021-01-08,KHC,33.505001068115234,33.650001525878906,33.209999084472656,33.619998931884766,26.64906883239746,6226300
2021-01-08,KHC,33.505001068115234,33.650001525878906,33.209999084472656,33.619998931884766,26.64906883239746,6226300
2021-01-11,KHC,33.54999923706055,33.665000915527344,32.75,32.849998474121094,26.038724899291992,8799500
2021-01-11,KHC,33.54999923706055,33.665000915527344,32.75,32.849998474121094,26.038724899291992,8799500
2021-01-12,KHC,32.849998474121094,32.97999954223633,31.71999931335449,32.18000030517578,25.507646560668945,10999400
2021-01-12,KHC,32.849998474121094,32.97999954223633,31.71999931335449,32.18000030517578,25.507646560668945,10999400
2021-01-13,KHC,32.220001220703125,32.349998474121094,31.98500061035156,32.0099983215332,25.37289810180664,6137600
2021-01-13,KHC,32.220001220703125,32.349998474121094,31.98500061035156,32.0099983215332,25.37289810180664,6137600
2021-01-14,KHC,32.10300064086914,32.29999923706055,31.722999572753903,32.08000183105469,25.42838478088379,8530300
2021-01-14,KHC,32.10300064086914,32.29999923706055,31.722999572753903,32.08000183105469,25.42838478088379,8530300
2021-01-15,KHC,31.899999618530277,32.290000915527344,31.600000381469727,31.989999771118164,25.35704231262207,6975000
2021-01-15,KHC,31.899999618530277,32.290000915527344,31.600000381469727,31.989999771118164,25.35704231262207,6975000
2021-01-19,KHC,32.13999938964844,32.595001220703125,31.854999542236328,32.36000061035156,25.650325775146484,6148600
2021-01-19,KHC,32.13999938964844,32.595001220703125,31.854999542236328,32.36000061035156,25.650325775146484,6148600
2021-01-20,KHC,32.33000183105469,32.90999984741211,32.16999816894531,32.86000061035156,26.046653747558597,6556300
2021-01-20,KHC,32.33000183105469,32.90999984741211,32.16999816894531,32.86000061035156,26.046653747558597,6556300
2021-01-21,KHC,32.849998474121094,32.900001525878906,32.380001068115234,32.779998779296875,25.98324012756348,5138100
2021-01-21,KHC,32.849998474121094,32.900001525878906,32.380001068115234,32.779998779296875,25.98324012756348,5138100
2021-01-22,KHC,32.54999923706055,33.029998779296875,32.43199920654297,32.90999984741211,26.086286544799805,4949100
2021-01-22,KHC,32.54999923706055,33.029998779296875,32.43199920654297,32.90999984741211,26.086286544799805,4949100
2021-01-25,KHC,32.810001373291016,33.790000915527344,32.7400016784668,33.75,26.75212287902832,6447200
2021-01-25,KHC,32.810001373291016,33.790000915527344,32.7400016784668,33.75,26.75212287902832,6447200
2021-01-26,KHC,33.88999938964844,34.40999984741211,33.834999084472656,34.38999938964844,27.259418487548828,4664500
2021-01-26,KHC,33.88999938964844,34.40999984741211,33.834999084472656,34.38999938964844,27.259418487548828,4664500
2021-01-27,KHC,34.06999969482422,35.29499816894531,34.06999969482422,34.7400016784668,27.536848068237305,7207300
2021-01-27,KHC,34.06999969482422,35.29499816894531,34.06999969482422,34.7400016784668,27.536848068237305,7207300
2021-01-28,KHC,34.5,34.9900016784668,33.939998626708984,33.959999084472656,26.9185791015625,6627800
2021-01-28,KHC,34.5,34.9900016784668,33.939998626708984,33.959999084472656,26.9185791015625,6627800
2021-01-29,KHC,33.59000015258789,34.349998474121094,33.26499938964844,33.5099983215332,26.56187629699707,6544400
2021-01-29,KHC,33.59000015258789,34.349998474121094,33.26499938964844,33.5099983215332,26.56187629699707,6544400
2021-02-01,KHC,33.459999084472656,33.81999969482422,33.220001220703125,33.25,26.355791091918945,5619300
2021-02-01,KHC,33.459999084472656,33.81999969482422,33.220001220703125,33.25,26.355791091918945,5619300
2021-02-02,KHC,33.25,34.88999938964844,32.72999954223633,33.15999984741211,26.284448623657227,8602300
2021-02-02,KHC,33.25,34.88999938964844,32.72999954223633,33.15999984741211,26.284448623657227,8602300
2021-02-03,KHC,33.27000045776367,33.27000045776367,32.77000045776367,33.0099983215332,26.165550231933597,4327300
2021-02-03,KHC,33.27000045776367,33.27000045776367,32.77000045776367,33.0099983215332,26.165550231933597,4327300
2021-02-04,KHC,33.099998474121094,33.38999938964844,32.849998474121094,32.91999816894531,26.09421157836914,9149400
2021-02-04,KHC,33.099998474121094,33.38999938964844,32.849998474121094,32.91999816894531,26.09421157836914,9149400
2021-02-05,KHC,33.33000183105469,34.13999938964844,33.150001525878906,33.79999923706055,26.791746139526367,8081000
2021-02-05,KHC,33.33000183105469,34.13999938964844,33.150001525878906,33.79999923706055,26.791746139526367,8081000
2021-02-08,KHC,33.91999816894531,34.02000045776367,33.61000061035156,33.90999984741211,26.878944396972656,5075900
2021-02-08,KHC,33.91999816894531,34.02000045776367,33.61000061035156,33.90999984741211,26.878944396972656,5075900
2021-02-09,KHC,33.90999984741211,34.099998474121094,33.439998626708984,33.709999084472656,26.72041320800781,4674900
2021-02-09,KHC,33.90999984741211,34.099998474121094,33.439998626708984,33.709999084472656,26.72041320800781,4674900
2021-02-10,KHC,33.900001525878906,34.07400131225586,33.70500183105469,33.88999938964844,26.86309051513672,6148000
2021-02-10,KHC,33.900001525878906,34.07400131225586,33.70500183105469,33.88999938964844,26.86309051513672,6148000
2021-02-11,KHC,34.22999954223633,36.2859992980957,33.900001525878906,35.540000915527344,28.17096519470215,20381000
2021-02-11,KHC,34.22999954223633,36.2859992980957,33.900001525878906,35.540000915527344,28.17096519470215,20381000
2021-02-12,KHC,35.7400016784668,36.43999862670898,35.290000915527344,35.38999938964844,28.052064895629883,8821900
2021-02-12,KHC,35.7400016784668,36.43999862670898,35.290000915527344,35.38999938964844,28.052064895629883,8821900
2021-02-16,KHC,35.369998931884766,35.654998779296875,35.150001525878906,35.36000061035156,28.02829360961914,6347800
2021-02-16,KHC,35.369998931884766,35.654998779296875,35.150001525878906,35.36000061035156,28.02829360961914,6347800
2021-02-17,KHC,35.400001525878906,37.13999938964844,35.220001220703125,37.02000045776367,29.34410095214844,10648700
2021-02-17,KHC,35.400001525878906,37.13999938964844,35.220001220703125,37.02000045776367,29.34410095214844,10648700
2021-02-18,KHC,37.130001068115234,39.220001220703125,36.86000061035156,38.959999084472656,30.88185310363769,22518600
2021-02-18,KHC,37.130001068115234,39.220001220703125,36.86000061035156,38.959999084472656,30.88185310363769,22518600
2021-02-19,KHC,38.4900016784668,38.650001525878906,37.18000030517578,37.47999954223633,29.70872688293457,14349600
2021-02-19,KHC,38.4900016784668,38.650001525878906,37.18000030517578,37.47999954223633,29.70872688293457,14349600
2021-02-22,KHC,37.36000061035156,37.527000427246094,37.060001373291016,37.22999954223633,29.510560989379883,6771400
2021-02-22,KHC,37.36000061035156,37.527000427246094,37.060001373291016,37.22999954223633,29.510560989379883,6771400
2021-02-23,KHC,37.400001525878906,37.79999923706055,36.470001220703125,37.119998931884766,29.423364639282227,7042800
2021-02-23,KHC,37.400001525878906,37.79999923706055,36.470001220703125,37.119998931884766,29.423364639282227,7042800
2021-02-24,KHC,37.0099983215332,37.619998931884766,36.65999984741211,37.59999847412109,29.8038387298584,5835600
2021-02-24,KHC,37.0099983215332,37.619998931884766,36.65999984741211,37.59999847412109,29.8038387298584,5835600
2021-02-25,KHC,37.93000030517578,38.5,37.21099853515625,37.27000045776367,29.54226493835449,10442600
2021-02-25,KHC,37.93000030517578,38.5,37.21099853515625,37.27000045776367,29.54226493835449,10442600
2021-02-26,KHC,37.25,37.40999984741211,36.369998931884766,36.380001068115234,28.836801528930664,7890400
2021-02-26,KHC,37.25,37.40999984741211,36.369998931884766,36.380001068115234,28.836801528930664,7890400
2021-03-01,KHC,36.77999877929688,37.38999938964844,36.560001373291016,37.09000015258789,29.399585723876957,6195000
2021-03-01,KHC,36.77999877929688,37.38999938964844,36.560001373291016,37.09000015258789,29.399585723876957,6195000
2021-03-02,KHC,37.16999816894531,37.630001068115234,36.88999938964844,37.31999969482422,29.58189392089844,5416700
2021-03-02,KHC,37.16999816894531,37.630001068115234,36.88999938964844,37.31999969482422,29.58189392089844,5416700
2021-03-03,KHC,37.09000015258789,38.08000183105469,37.03499984741211,37.97999954223633,30.105052947998047,6537100
2021-03-03,KHC,37.09000015258789,38.08000183105469,37.03499984741211,37.97999954223633,30.105052947998047,6537100
2021-03-04,KHC,38.02000045776367,38.880001068115234,36.75,37.209999084472656,29.494709014892575,11336200
2021-03-04,KHC,38.02000045776367,38.880001068115234,36.75,37.209999084472656,29.494709014892575,11336200
2021-03-05,KHC,37.56999969482422,38.220001220703125,37.31999969482422,37.84999847412109,30.001996994018555,7562700
2021-03-05,KHC,37.56999969482422,38.220001220703125,37.31999969482422,37.84999847412109,30.001996994018555,7562700
2021-03-08,KHC,37.81999969482422,38.869998931884766,37.81999969482422,38.66999816894531,30.65198135375977,6780700
2021-03-08,KHC,37.81999969482422,38.869998931884766,37.81999969482422,38.66999816894531,30.65198135375977,6780700
2021-03-09,KHC,38.84999847412109,39.560001373291016,38.400001525878906,39.130001068115234,31.01659774780273,8743700
2021-03-09,KHC,38.84999847412109,39.560001373291016,38.400001525878906,39.130001068115234,31.01659774780273,8743700
2021-03-10,KHC,39.619998931884766,39.709999084472656,38.94200134277344,39.5099983215332,31.317806243896484,7276700
2021-03-10,KHC,39.619998931884766,39.709999084472656,38.94200134277344,39.5099983215332,31.317806243896484,7276700
2021-03-11,KHC,39.0099983215332,39.1150016784668,38.400001525878906,38.470001220703125,30.805322647094727,5939600
2021-03-11,KHC,39.0099983215332,39.1150016784668,38.400001525878906,38.470001220703125,30.805322647094727,5939600
2021-03-12,KHC,38.52999877929688,38.59000015258789,37.810001373291016,38.11000061035156,30.517053604125977,8966900
2021-03-12,KHC,38.52999877929688,38.59000015258789,37.810001373291016,38.11000061035156,30.517053604125977,8966900
2021-03-15,KHC,38.119998931884766,38.845001220703125,38.07500076293945,38.52999877929688,30.85337257385254,6920100
2021-03-15,KHC,38.119998931884766,38.845001220703125,38.07500076293945,38.52999877929688,30.85337257385254,6920100
2021-03-16,KHC,38.630001068115234,38.95000076293945,38.459999084472656,38.7400016784668,31.02152633666992,6494800
2021-03-16,KHC,38.630001068115234,38.95000076293945,38.459999084472656,38.7400016784668,31.02152633666992,6494800
2021-03-17,KHC,38.84000015258789,39.14500045776367,38.459999084472656,39.08000183105469,31.29378890991211,6407000
2021-03-17,KHC,38.84000015258789,39.14500045776367,38.459999084472656,39.08000183105469,31.29378890991211,6407000
2021-03-18,KHC,38.93000030517578,39.25,38.77000045776367,38.93999862670898,31.18168067932129,8068100
2021-03-18,KHC,38.93000030517578,39.25,38.77000045776367,38.93999862670898,31.18168067932129,8068100
2021-03-19,KHC,38.959999084472656,39.43000030517578,38.61000061035156,39.13999938964844,31.341846466064453,9966200
2021-03-19,KHC,38.959999084472656,39.43000030517578,38.61000061035156,39.13999938964844,31.341846466064453,9966200
2021-03-22,KHC,39.040000915527344,39.58000183105469,38.970001220703125,39.54999923706055,31.670150756835938,7236700
2021-03-22,KHC,39.040000915527344,39.58000183105469,38.970001220703125,39.54999923706055,31.670150756835938,7236700
2021-03-23,KHC,39.560001373291016,39.63999938964844,38.86800003051758,38.91999816894531,31.16566467285156,7663000
2021-03-23,KHC,39.560001373291016,39.63999938964844,38.86800003051758,38.91999816894531,31.16566467285156,7663000
2021-03-24,KHC,38.84000015258789,38.96900177001953,38.220001220703125,38.22999954223633,30.61314392089844,5564200
2021-03-24,KHC,38.84000015258789,38.96900177001953,38.220001220703125,38.22999954223633,30.61314392089844,5564200
2021-03-25,KHC,38.540000915527344,39.334999084472656,38.02999877929688,39.20000076293945,31.389873504638672,5414800
2021-03-25,KHC,38.540000915527344,39.334999084472656,38.02999877929688,39.20000076293945,31.389873504638672,5414800
2021-03-26,KHC,39.34999847412109,40.13999938964844,38.880001068115234,40.02999877929688,32.05451202392578,9965500
2021-03-26,KHC,39.34999847412109,40.13999938964844,38.880001068115234,40.02999877929688,32.05451202392578,9965500
2021-03-29,KHC,39.970001220703125,41.15999984741211,39.86000061035156,40.77999877929688,32.65507888793945,9905200
2021-03-29,KHC,39.970001220703125,41.15999984741211,39.86000061035156,40.77999877929688,32.65507888793945,9905200
2021-03-30,KHC,40.900001525878906,41.20800018310547,40.18000030517578,40.27999877929688,32.25471115112305,8188000
2021-03-30,KHC,40.900001525878906,41.20800018310547,40.18000030517578,40.27999877929688,32.25471115112305,8188000
2021-03-31,KHC,40.060001373291016,40.36000061035156,39.7400016784668,40.0,32.030494689941406,5671400
2021-03-31,KHC,40.060001373291016,40.36000061035156,39.7400016784668,40.0,32.030494689941406,5671400
2021-04-01,KHC,40.071998596191406,40.09000015258789,39.37099838256836,40.02999877929688,32.05451202392578,4561000
2021-04-01,KHC,40.071998596191406,40.09000015258789,39.37099838256836,40.02999877929688,32.05451202392578,4561000
2021-04-05,KHC,40.08000183105469,40.4900016784668,40.06999969482422,40.310001373291016,32.27872467041016,4416500
2021-04-05,KHC,40.08000183105469,40.4900016784668,40.06999969482422,40.310001373291016,32.27872467041016,4416500
2021-04-06,KHC,40.11000061035156,40.79499816894531,40.09999847412109,40.70000076293945,32.591026306152344,4958000
2021-04-06,KHC,40.11000061035156,40.79499816894531,40.09999847412109,40.70000076293945,32.591026306152344,4958000
2021-04-07,KHC,40.854000091552734,40.90999984741211,40.38999938964844,40.63999938964844,32.5429801940918,3678200
2021-04-07,KHC,40.854000091552734,40.90999984741211,40.38999938964844,40.63999938964844,32.5429801940918,3678200
2021-04-08,KHC,40.59000015258789,40.84999847412109,40.52000045776367,40.810001373291016,32.679107666015625,4233200
2021-04-08,KHC,40.59000015258789,40.84999847412109,40.52000045776367,40.810001373291016,32.679107666015625,4233200
2021-04-09,KHC,40.84999847412109,41.09700012207031,39.900001525878906,40.13999938964844,32.14259719848633,5485600
2021-04-09,KHC,40.84999847412109,41.09700012207031,39.900001525878906,40.13999938964844,32.14259719848633,5485600
2021-04-12,KHC,40.310001373291016,40.88999938964844,40.150001525878906,40.70000076293945,32.591026306152344,5609900
2021-04-12,KHC,40.310001373291016,40.88999938964844,40.150001525878906,40.70000076293945,32.591026306152344,5609900
2021-04-13,KHC,40.7599983215332,41.25,40.59999847412109,40.91999816894531,32.767189025878906,7243600
2021-04-13,KHC,40.7599983215332,41.25,40.59999847412109,40.91999816894531,32.767189025878906,7243600
2021-04-14,KHC,40.57500076293945,40.7869987487793,39.65999984741211,40.27000045776367,32.246700286865234,10340200
2021-04-14,KHC,40.57500076293945,40.7869987487793,39.65999984741211,40.27000045776367,32.246700286865234,10340200
2021-04-15,KHC,40.33000183105469,41.132999420166016,40.29999923706055,41.04999923706055,32.87128829956055,6743000
2021-04-15,KHC,40.33000183105469,41.132999420166016,40.29999923706055,41.04999923706055,32.87128829956055,6743000
2021-04-16,KHC,41.15999984741211,41.470001220703125,40.76499938964844,41.0,32.83125305175781,8150500
2021-04-16,KHC,41.15999984741211,41.470001220703125,40.76499938964844,41.0,32.83125305175781,8150500
2021-04-19,KHC,40.869998931884766,41.36000061035156,40.45500183105469,40.95000076293945,32.791221618652344,6512900
2021-04-19,KHC,40.869998931884766,41.36000061035156,40.45500183105469,40.95000076293945,32.791221618652344,6512900
2021-04-20,KHC,40.84000015258789,41.06999969482422,40.43000030517578,41.02999877929688,32.85527420043945,5857500
2021-04-20,KHC,40.84000015258789,41.06999969482422,40.43000030517578,41.02999877929688,32.85527420043945,5857500
2021-04-21,KHC,40.77000045776367,41.63999938964844,40.77000045776367,41.58000183105469,33.295692443847656,6706500
2021-04-21,KHC,40.77000045776367,41.63999938964844,40.77000045776367,41.58000183105469,33.295692443847656,6706500
2021-04-22,KHC,41.470001220703125,41.4900016784668,40.79999923706055,40.970001220703125,32.80723571777344,5643400
2021-04-22,KHC,41.470001220703125,41.4900016784668,40.79999923706055,40.970001220703125,32.80723571777344,5643400
2021-04-23,KHC,40.43999862670898,40.630001068115234,40.18999862670898,40.40999984741211,32.35880661010742,4725400
2021-04-23,KHC,40.43999862670898,40.630001068115234,40.18999862670898,40.40999984741211,32.35880661010742,4725400
2021-04-26,KHC,40.380001068115234,40.59999847412109,39.88999938964844,40.130001068115234,32.13459777832031,7078400
2021-04-26,KHC,40.380001068115234,40.59999847412109,39.88999938964844,40.130001068115234,32.13459777832031,7078400
2021-04-27,KHC,40.22999954223633,40.52999877929688,40.06499862670898,40.09999847412109,32.110565185546875,3999400
2021-04-27,KHC,40.22999954223633,40.52999877929688,40.06499862670898,40.09999847412109,32.110565185546875,3999400
2021-04-28,KHC,40.2599983215332,40.47999954223633,39.959999084472656,40.119998931884766,32.12657928466797,7411400
2021-04-28,KHC,40.2599983215332,40.47999954223633,39.959999084472656,40.119998931884766,32.12657928466797,7411400
2021-04-29,KHC,40.2599983215332,41.97999954223633,40.15999984741211,41.685001373291016,33.3797721862793,7898400
2021-04-29,KHC,40.2599983215332,41.97999954223633,40.15999984741211,41.685001373291016,33.3797721862793,7898400
2021-04-30,KHC,41.310001373291016,41.59999847412109,40.7599983215332,41.290000915527344,33.0634765625,7664100
2021-04-30,KHC,41.310001373291016,41.59999847412109,40.7599983215332,41.290000915527344,33.0634765625,7664100
2021-05-03,KHC,41.52000045776367,42.29999923706055,41.5099983215332,41.9900016784668,33.62401580810547,6138100
2021-05-03,KHC,41.52000045776367,42.29999923706055,41.5099983215332,41.9900016784668,33.62401580810547,6138100
2021-05-04,KHC,42.09000015258789,42.47999954223633,41.88999938964844,42.36000061035156,33.9202766418457,6947600
2021-05-04,KHC,42.09000015258789,42.47999954223633,41.88999938964844,42.36000061035156,33.9202766418457,6947600
2021-05-05,KHC,42.2400016784668,42.5099983215332,41.88999938964844,42.470001220703125,34.00837707519531,4729700
2021-05-05,KHC,42.2400016784668,42.5099983215332,41.88999938964844,42.470001220703125,34.00837707519531,4729700
2021-05-06,KHC,42.75,43.20000076293945,42.54999923706055,43.119998931884766,34.52886962890625,5286100
2021-05-06,KHC,42.75,43.20000076293945,42.54999923706055,43.119998931884766,34.52886962890625,5286100
2021-05-07,KHC,43.04999923706055,43.59999847412109,42.790000915527344,43.47999954223633,34.81714630126953,5148100
2021-05-07,KHC,43.04999923706055,43.59999847412109,42.790000915527344,43.47999954223633,34.81714630126953,5148100
2021-05-10,KHC,43.52999877929688,44.2599983215332,43.41999816894531,43.619998931884766,34.92926025390625,5437600
2021-05-10,KHC,43.52999877929688,44.2599983215332,43.41999816894531,43.619998931884766,34.92926025390625,5437600
2021-05-11,KHC,43.720001220703125,43.86000061035156,42.630001068115234,43.255001068115234,34.63697052001953,5816700
2021-05-11,KHC,43.720001220703125,43.86000061035156,42.630001068115234,43.255001068115234,34.63697052001953,5816700
2021-05-12,KHC,43.13999938964844,43.630001068115234,42.84000015258789,42.91999816894531,34.36871719360352,4770500
2021-05-12,KHC,43.13999938964844,43.630001068115234,42.84000015258789,42.91999816894531,34.36871719360352,4770500
2021-05-13,KHC,42.81999969482422,44.04999923706055,42.78499984741211,43.81999969482422,35.08940505981445,5056200
2021-05-13,KHC,42.81999969482422,44.04999923706055,42.78499984741211,43.81999969482422,35.08940505981445,5056200
2021-05-14,KHC,44.0,44.42499923706055,43.720001220703125,43.72999954223633,35.017337799072266,3295100
2021-05-14,KHC,44.0,44.42499923706055,43.720001220703125,43.72999954223633,35.017337799072266,3295100
2021-05-17,KHC,44.0,44.095001220703125,43.46099853515625,43.79999923706055,35.073387145996094,3203000
2021-05-17,KHC,44.0,44.095001220703125,43.46099853515625,43.79999923706055,35.073387145996094,3203000
2021-05-18,KHC,44.0,44.09000015258789,43.66999816894531,43.685001373291016,34.98130416870117,3687500
2021-05-18,KHC,44.0,44.09000015258789,43.66999816894531,43.685001373291016,34.98130416870117,3687500
2021-05-19,KHC,43.52000045776367,43.61000061035156,43.220001220703125,43.56999969482422,34.889217376708984,3892600
2021-05-19,KHC,43.52000045776367,43.61000061035156,43.220001220703125,43.56999969482422,34.889217376708984,3892600
2021-05-20,KHC,43.459999084472656,44.0,43.40499877929688,43.869998931884766,35.12944412231445,4203800
2021-05-20,KHC,43.459999084472656,44.0,43.40499877929688,43.869998931884766,35.12944412231445,4203800
2021-05-21,KHC,43.83000183105469,44.18999862670898,43.77999877929688,44.130001068115234,35.33763885498047,3716300
2021-05-21,KHC,43.83000183105469,44.18999862670898,43.77999877929688,44.130001068115234,35.33763885498047,3716300
2021-05-24,KHC,44.27000045776367,44.95000076293945,44.25,44.52000045776367,35.64993667602539,4282700
2021-05-24,KHC,44.27000045776367,44.95000076293945,44.25,44.52000045776367,35.64993667602539,4282700
2021-05-25,KHC,44.56999969482422,44.630001068115234,43.90999984741211,44.150001525878906,35.35365676879883,4665300
2021-05-25,KHC,44.56999969482422,44.630001068115234,43.90999984741211,44.150001525878906,35.35365676879883,4665300
2021-05-26,KHC,44.16999816894531,44.275001525878906,43.91999816894531,44.18000030517578,35.377681732177734,3085900
2021-05-26,KHC,44.16999816894531,44.275001525878906,43.91999816894531,44.18000030517578,35.377681732177734,3085900
2021-05-27,KHC,43.88999938964844,44.08000183105469,43.209999084472656,43.43000030517578,35.094844818115234,5817600
2021-05-27,KHC,43.88999938964844,44.08000183105469,43.209999084472656,43.43000030517578,35.094844818115234,5817600
2021-05-28,KHC,43.400001525878906,43.88100051879883,43.400001525878906,43.59000015258789,35.22414779663086,3133000
2021-05-28,KHC,43.400001525878906,43.88100051879883,43.400001525878906,43.59000015258789,35.22414779663086,3133000
2021-06-01,KHC,43.720001220703125,44.02999877929688,43.619998931884766,43.84999847412109,35.43424606323242,3496800
2021-06-01,KHC,43.720001220703125,44.02999877929688,43.619998931884766,43.84999847412109,35.43424606323242,3496800
2021-06-02,KHC,43.970001220703125,44.220001220703125,43.71900177001953,44.09000015258789,35.6281852722168,3525100
2021-06-02,KHC,43.970001220703125,44.220001220703125,43.71900177001953,44.09000015258789,35.6281852722168,3525100
2021-06-03,KHC,43.97999954223633,44.02999877929688,43.56999969482422,43.9900016784668,35.54738235473633,4312200
2021-06-03,KHC,43.97999954223633,44.02999877929688,43.56999969482422,43.9900016784668,35.54738235473633,4312200
2021-06-04,KHC,44.18999862670898,44.334999084472656,43.72499847412109,43.959999084472656,35.52313232421875,3091700
2021-06-04,KHC,44.18999862670898,44.334999084472656,43.72499847412109,43.959999084472656,35.52313232421875,3091700
2021-06-07,KHC,43.880001068115234,44.09999847412109,43.540000915527344,43.880001068115234,35.45848846435547,4285800
2021-06-07,KHC,43.880001068115234,44.09999847412109,43.540000915527344,43.880001068115234,35.45848846435547,4285800
2021-06-08,KHC,43.83000183105469,43.93000030517578,43.632999420166016,43.77999877929688,35.37767791748047,3523700
2021-06-08,KHC,43.83000183105469,43.93000030517578,43.632999420166016,43.77999877929688,35.37767791748047,3523700
2021-06-09,KHC,43.11000061035156,43.61000061035156,42.93000030517578,43.040000915527344,34.77969741821289,5710900
2021-06-09,KHC,43.11000061035156,43.61000061035156,42.93000030517578,43.040000915527344,34.77969741821289,5710900
2021-06-10,KHC,43.0099983215332,43.29999923706055,42.91999816894531,42.95000076293945,34.706966400146484,3195000
2021-06-10,KHC,43.0099983215332,43.29999923706055,42.91999816894531,42.95000076293945,34.706966400146484,3195000
2021-06-11,KHC,42.91600036621094,43.494998931884766,42.91600036621094,43.41999816894531,35.08677291870117,5078600
2021-06-11,KHC,42.91600036621094,43.494998931884766,42.91600036621094,43.41999816894531,35.08677291870117,5078600
2021-06-14,KHC,43.34999847412109,43.34999847412109,42.11000061035156,42.81999969482422,34.601924896240234,7227500
2021-06-14,KHC,43.34999847412109,43.34999847412109,42.11000061035156,42.81999969482422,34.601924896240234,7227500
2021-06-15,KHC,42.88999938964844,42.9900016784668,42.52999877929688,42.7599983215332,34.553436279296875,5992400
2021-06-15,KHC,42.88999938964844,42.9900016784668,42.52999877929688,42.7599983215332,34.553436279296875,5992400
2021-06-16,KHC,42.59999847412109,42.68000030517578,41.869998931884766,41.90999984741211,33.86658477783203,4601100
2021-06-16,KHC,42.59999847412109,42.68000030517578,41.869998931884766,41.90999984741211,33.86658477783203,4601100
2021-06-17,KHC,41.88999938964844,41.88999938964844,41.09999847412109,41.33000183105469,33.39789581298828,7362500
2021-06-17,KHC,41.88999938964844,41.88999938964844,41.09999847412109,41.33000183105469,33.39789581298828,7362500
2021-06-18,KHC,41.16999816894531,41.27999877929688,40.26499938964844,40.5,32.7271842956543,8795500
2021-06-18,KHC,41.16999816894531,41.27999877929688,40.26499938964844,40.5,32.7271842956543,8795500
2021-06-21,KHC,40.59000015258789,40.93000030517578,40.33100128173828,40.83000183105469,32.99385070800781,5012800
2021-06-21,KHC,40.59000015258789,40.93000030517578,40.33100128173828,40.83000183105469,32.99385070800781,5012800
2021-06-22,KHC,40.935001373291016,40.935001373291016,40.5099983215332,40.54999923706055,32.767581939697266,3341800
2021-06-22,KHC,40.935001373291016,40.935001373291016,40.5099983215332,40.54999923706055,32.767581939697266,3341800
2021-06-23,KHC,40.54399871826172,40.54999923706055,40.119998931884766,40.13999938964844,32.436275482177734,3559000
2021-06-23,KHC,40.54399871826172,40.54999923706055,40.119998931884766,40.13999938964844,32.436275482177734,3559000
2021-06-24,KHC,40.220001220703125,40.52000045776367,39.77000045776367,40.369998931884766,32.62211990356445,4986600
2021-06-24,KHC,40.220001220703125,40.52000045776367,39.77000045776367,40.369998931884766,32.62211990356445,4986600
2021-06-25,KHC,40.400001525878906,40.79499816894531,40.2599983215332,40.68999862670898,32.88072204589844,3569300
2021-06-25,KHC,40.400001525878906,40.79499816894531,40.2599983215332,40.68999862670898,32.88072204589844,3569300
2021-06-28,KHC,40.755001068115234,40.994998931884766,40.619998931884766,40.880001068115234,33.03424835205078,3837100
2021-06-28,KHC,40.755001068115234,40.994998931884766,40.619998931884766,40.880001068115234,33.03424835205078,3837100
2021-06-29,KHC,40.810001373291016,41.02000045776367,40.40499877929688,40.58000183105469,32.79182815551758,2874900
2021-06-29,KHC,40.810001373291016,41.02000045776367,40.40499877929688,40.58000183105469,32.79182815551758,2874900
2021-06-30,KHC,40.52000045776367,40.9900016784668,40.5,40.77999877929688,32.95344161987305,4348500
2021-06-30,KHC,40.52000045776367,40.9900016784668,40.5,40.77999877929688,32.95344161987305,4348500
2021-07-01,KHC,40.92499923706055,40.92499923706055,40.44499969482422,40.4900016784668,32.719112396240234,2816300
2021-07-01,KHC,40.92499923706055,40.92499923706055,40.44499969482422,40.4900016784668,32.719112396240234,2816300
2021-07-02,KHC,40.4900016784668,40.59999847412109,40.220001220703125,40.380001068115234,32.630210876464844,2698200
2021-07-02,KHC,40.4900016784668,40.59999847412109,40.220001220703125,40.380001068115234,32.630210876464844,2698200
2021-07-06,KHC,40.59000015258789,40.59000015258789,39.220001220703125,39.650001525878906,32.040313720703125,6371100
2021-07-06,KHC,40.59000015258789,40.59000015258789,39.220001220703125,39.650001525878906,32.040313720703125,6371100
2021-07-07,KHC,39.560001373291016,40.040000915527344,39.52000045776367,39.84999847412109,32.20193099975586,4974400
2021-07-07,KHC,39.560001373291016,40.040000915527344,39.52000045776367,39.84999847412109,32.20193099975586,4974400
2021-07-08,KHC,39.59000015258789,40.02999877929688,39.369998931884766,39.59999847412109,31.999908447265625,4303200
2021-07-08,KHC,39.59000015258789,40.02999877929688,39.369998931884766,39.59999847412109,31.999908447265625,4303200
2021-07-09,KHC,39.68000030517578,40.005001068115234,39.630001068115234,39.95000076293945,32.282737731933594,4357600
2021-07-09,KHC,39.68000030517578,40.005001068115234,39.630001068115234,39.95000076293945,32.282737731933594,4357600
2021-07-12,KHC,39.83000183105469,39.869998931884766,39.5099983215332,39.790000915527344,32.153446197509766,5298100
2021-07-12,KHC,39.83000183105469,39.869998931884766,39.5099983215332,39.790000915527344,32.153446197509766,5298100
2021-07-13,KHC,39.58399963378906,39.79999923706055,38.9900016784668,39.15999984741211,31.64435577392578,5212500
2021-07-13,KHC,39.58399963378906,39.79999923706055,38.9900016784668,39.15999984741211,31.64435577392578,5212500
2021-07-14,KHC,39.13999938964844,39.25,38.59000015258789,38.9900016784668,31.506982803344727,5292600
2021-07-14,KHC,39.13999938964844,39.25,38.59000015258789,38.9900016784668,31.506982803344727,5292600
2021-07-15,KHC,38.869998931884766,39.55500030517578,38.84999847412109,39.43000030517578,31.86253929138184,5314300
2021-07-15,KHC,38.869998931884766,39.55500030517578,38.84999847412109,39.43000030517578,31.86253929138184,5314300
2021-07-16,KHC,39.47999954223633,39.56999969482422,39.26100158691406,39.29999923706055,31.757488250732425,4084800
2021-07-16,KHC,39.47999954223633,39.56999969482422,39.26100158691406,39.29999923706055,31.757488250732425,4084800
2021-07-19,KHC,39.20000076293945,39.68999862670898,38.77000045776367,39.34000015258789,31.789810180664062,4266200
2021-07-19,KHC,39.20000076293945,39.68999862670898,38.77000045776367,39.34000015258789,31.789810180664062,4266200
2021-07-20,KHC,39.47999954223633,39.90800094604492,39.28499984741211,39.400001525878906,31.83830070495605,4285800
2021-07-20,KHC,39.47999954223633,39.90800094604492,39.28499984741211,39.400001525878906,31.83830070495605,4285800
2021-07-21,KHC,39.58200073242188,39.69599914550781,39.33000183105469,39.369998931884766,31.81405639648437,2973100
2021-07-21,KHC,39.58200073242188,39.69599914550781,39.33000183105469,39.369998931884766,31.81405639648437,2973100
2021-07-22,KHC,39.26900100708008,39.26900100708008,38.68999862670898,38.79999923706055,31.35344696044922,3395400
2021-07-22,KHC,39.26900100708008,39.26900100708008,38.68999862670898,38.79999923706055,31.35344696044922,3395400
2021-07-23,KHC,38.869998931884766,39.369998931884766,38.720001220703125,39.220001220703125,31.69283866882324,5025500
2021-07-23,KHC,38.869998931884766,39.369998931884766,38.720001220703125,39.220001220703125,31.69283866882324,5025500
2021-07-26,KHC,39.220001220703125,39.720001220703125,39.09999847412109,39.52000045776367,31.93526840209961,3641700
2021-07-26,KHC,39.220001220703125,39.720001220703125,39.09999847412109,39.52000045776367,31.93526840209961,3641700
2021-07-27,KHC,39.4900016784668,39.5099983215332,39.04999923706055,39.27000045776367,31.73324203491211,3565500
2021-07-27,KHC,39.4900016784668,39.5099983215332,39.04999923706055,39.27000045776367,31.73324203491211,3565500
2021-07-28,KHC,39.150001525878906,39.220001220703125,38.66999816894531,38.91999816894531,31.450424194335938,3461100
2021-07-28,KHC,39.150001525878906,39.220001220703125,38.66999816894531,38.91999816894531,31.450424194335938,3461100
2021-07-29,KHC,39.15999984741211,39.18999862670898,38.79499816894531,38.97999954223633,31.49890899658203,3204100
2021-07-29,KHC,39.15999984741211,39.18999862670898,38.79499816894531,38.97999954223633,31.49890899658203,3204100
2021-07-30,KHC,39.02999877929688,39.22999954223633,38.375,38.470001220703125,31.08677864074707,4858900
2021-07-30,KHC,39.02999877929688,39.22999954223633,38.375,38.470001220703125,31.08677864074707,4858900
2021-08-02,KHC,38.595001220703125,38.77999877929688,38.380001068115234,38.58000183105469,31.175668716430664,4207700
2021-08-02,KHC,38.595001220703125,38.77999877929688,38.380001068115234,38.58000183105469,31.175668716430664,4207700
2021-08-03,KHC,38.59999847412109,39.1150016784668,38.40999984741211,38.93999862670898,31.46657943725586,4772200
2021-08-03,KHC,38.59999847412109,39.1150016784668,38.40999984741211,38.93999862670898,31.46657943725586,4772200
2021-08-04,KHC,38.34999847412109,38.560001373291016,36.68999862670898,36.93999862670898,29.850421905517575,11007800
2021-08-04,KHC,38.34999847412109,38.560001373291016,36.68999862670898,36.93999862670898,29.850421905517575,11007800
2021-08-05,KHC,37.04999923706055,37.29999923706055,36.40999984741211,36.93999862670898,29.850421905517575,9560300
2021-08-05,KHC,37.04999923706055,37.29999923706055,36.40999984741211,36.93999862670898,29.850421905517575,9560300
2021-08-06,KHC,37.22999954223633,37.4900016784668,37.0,37.20000076293945,30.060523986816406,8639400
2021-08-06,KHC,37.22999954223633,37.4900016784668,37.0,37.20000076293945,30.060523986816406,8639400
2021-08-09,KHC,37.400001525878906,37.560001373291016,36.93999862670898,37.310001373291016,30.1494197845459,5585000
2021-08-09,KHC,37.400001525878906,37.560001373291016,36.93999862670898,37.310001373291016,30.1494197845459,5585000
2021-08-10,KHC,37.32500076293945,37.59999847412109,36.970001220703125,37.470001220703125,30.27869987487793,5581200
2021-08-10,KHC,37.32500076293945,37.59999847412109,36.970001220703125,37.470001220703125,30.27869987487793,5581200
2021-08-11,KHC,37.650001525878906,38.08000183105469,37.4900016784668,37.77000045776367,30.52113342285156,4244200
2021-08-11,KHC,37.650001525878906,38.08000183105469,37.4900016784668,37.77000045776367,30.52113342285156,4244200
2021-08-12,KHC,37.84000015258789,37.88999938964844,37.36000061035156,37.36000061035156,30.189815521240234,3194000
2021-08-12,KHC,37.84000015258789,37.88999938964844,37.36000061035156,37.36000061035156,30.189815521240234,3194000
2021-08-13,KHC,37.470001220703125,38.02999877929688,37.369998931884766,37.869998931884766,30.6019287109375,3556000
2021-08-13,KHC,37.470001220703125,38.02999877929688,37.369998931884766,37.869998931884766,30.6019287109375,3556000
2021-08-16,KHC,37.85599899291992,38.2599983215332,37.68999862670898,38.0099983215332,30.715057373046875,4530100
2021-08-16,KHC,37.85599899291992,38.2599983215332,37.68999862670898,38.0099983215332,30.715057373046875,4530100
2021-08-17,KHC,37.9900016784668,37.9900016784668,37.5099983215332,37.90999984741211,30.634252548217773,4555500
2021-08-17,KHC,37.9900016784668,37.9900016784668,37.5099983215332,37.90999984741211,30.634252548217773,4555500
2021-08-18,KHC,37.84999847412109,37.880001068115234,36.93000030517578,36.95000076293945,29.85850524902344,4786400
2021-08-18,KHC,37.84999847412109,37.880001068115234,36.93000030517578,36.95000076293945,29.85850524902344,4786400
2021-08-19,KHC,36.77000045776367,37.0099983215332,36.63999938964844,36.83000183105469,29.76152610778809,4789600
2021-08-19,KHC,36.77000045776367,37.0099983215332,36.63999938964844,36.83000183105469,29.76152610778809,4789600
2021-08-20,KHC,36.70000076293945,36.79999923706055,36.2599983215332,36.59999847412109,29.57567405700684,3688200
2021-08-20,KHC,36.70000076293945,36.79999923706055,36.2599983215332,36.59999847412109,29.57567405700684,3688200
2021-08-23,KHC,36.68999862670898,36.8650016784668,36.459999084472656,36.63999938964844,29.607999801635746,3348200
2021-08-23,KHC,36.68999862670898,36.8650016784668,36.459999084472656,36.63999938964844,29.607999801635746,3348200
2021-08-24,KHC,36.709999084472656,36.7400016784668,36.369998931884766,36.54999923706055,29.535268783569336,3250000
2021-08-24,KHC,36.709999084472656,36.7400016784668,36.369998931884766,36.54999923706055,29.535268783569336,3250000
2021-08-25,KHC,36.619998931884766,36.77000045776367,36.26499938964844,36.75,29.69688415527344,4319100
2021-08-25,KHC,36.619998931884766,36.77000045776367,36.26499938964844,36.75,29.69688415527344,4319100
2021-08-26,KHC,36.75,36.81999969482422,36.025001525878906,36.06999969482422,29.147390365600582,4474000
2021-08-26,KHC,36.75,36.81999969482422,36.025001525878906,36.06999969482422,29.147390365600582,4474000
2021-08-27,KHC,36.02999877929688,36.47499847412109,35.810001373291016,36.380001068115234,29.397897720336918,3661500
2021-08-27,KHC,36.02999877929688,36.47499847412109,35.810001373291016,36.380001068115234,29.397897720336918,3661500
2021-08-30,KHC,36.290000915527344,36.43000030517578,36.09000015258789,36.119998931884766,29.18779754638672,4600700
2021-08-30,KHC,36.290000915527344,36.43000030517578,36.09000015258789,36.119998931884766,29.18779754638672,4600700
2021-08-31,KHC,35.779998779296875,36.11899948120117,35.540000915527344,35.9900016784668,29.408418655395508,6883300
2021-08-31,KHC,35.779998779296875,36.11899948120117,35.540000915527344,35.9900016784668,29.408418655395508,6883300
2021-09-01,KHC,36.119998931884766,36.400001525878906,35.935001373291016,36.09999847412109,29.49829864501953,4678900
2021-09-01,KHC,36.119998931884766,36.400001525878906,35.935001373291016,36.09999847412109,29.49829864501953,4678900
2021-09-02,KHC,36.18999862670898,36.3849983215332,35.85499954223633,36.06999969482422,29.47378921508789,6427700
2021-09-02,KHC,36.18999862670898,36.3849983215332,35.85499954223633,36.06999969482422,29.47378921508789,6427700
2021-09-03,KHC,36.06999969482422,36.18999862670898,35.75,35.83000183105469,29.27767944335937,5550300
2021-09-03,KHC,36.06999969482422,36.18999862670898,35.75,35.83000183105469,29.27767944335937,5550300
2021-09-07,KHC,35.70000076293945,35.77000045776367,35.380001068115234,35.65999984741211,29.138765335083008,5359300
2021-09-07,KHC,35.70000076293945,35.77000045776367,35.380001068115234,35.65999984741211,29.138765335083008,5359300
2021-09-08,KHC,35.70000076293945,37.40999984741211,35.61100006103516,37.060001373291016,30.282752990722656,11755600
2021-09-08,KHC,35.70000076293945,37.40999984741211,35.61100006103516,37.060001373291016,30.282752990722656,11755600
2021-09-09,KHC,36.91999816894531,37.04999923706055,36.38999938964844,36.560001373291016,29.87418365478516,7644400
2021-09-09,KHC,36.91999816894531,37.04999923706055,36.38999938964844,36.560001373291016,29.87418365478516,7644400
2021-09-10,KHC,36.4900016784668,36.59000015258789,36.16999816894531,36.33000183105469,29.686241149902344,4071700
2021-09-10,KHC,36.4900016784668,36.59000015258789,36.16999816894531,36.33000183105469,29.686241149902344,4071700
2021-09-13,KHC,36.56999969482422,37.13999938964844,36.54999923706055,36.63999938964844,29.93955993652344,4777500
2021-09-13,KHC,36.56999969482422,37.13999938964844,36.54999923706055,36.63999938964844,29.93955993652344,4777500
2021-09-14,KHC,36.75,36.845001220703125,36.02999877929688,36.209999084472656,29.58819007873535,4371600
2021-09-14,KHC,36.75,36.845001220703125,36.02999877929688,36.209999084472656,29.58819007873535,4371600
2021-09-15,KHC,36.11199951171875,36.369998931884766,35.93000030517578,36.220001220703125,29.59636878967285,6179700
2021-09-15,KHC,36.11199951171875,36.369998931884766,35.93000030517578,36.220001220703125,29.59636878967285,6179700
2021-09-16,KHC,36.2400016784668,36.68999862670898,36.02999877929688,36.540000915527344,29.857839584350582,4102100
2021-09-16,KHC,36.2400016784668,36.68999862670898,36.02999877929688,36.540000915527344,29.857839584350582,4102100
2021-09-17,KHC,36.459999084472656,36.79999923706055,36.18000030517578,36.54999923706055,29.866010665893555,11784900
2021-09-17,KHC,36.459999084472656,36.79999923706055,36.18000030517578,36.54999923706055,29.866010665893555,11784900
2021-09-20,KHC,36.369998931884766,36.630001068115234,35.76499938964844,36.209999084472656,29.58819007873535,6614500
2021-09-20,KHC,36.369998931884766,36.630001068115234,35.76499938964844,36.209999084472656,29.58819007873535,6614500
2021-09-21,KHC,36.16999816894531,36.55500030517578,35.82500076293945,35.939998626708984,29.3675594329834,3880100
2021-09-21,KHC,36.16999816894531,36.55500030517578,35.82500076293945,35.939998626708984,29.3675594329834,3880100
2021-09-22,KHC,36.380001068115234,36.59999847412109,35.939998626708984,36.130001068115234,29.5228214263916,3977900
2021-09-22,KHC,36.380001068115234,36.59999847412109,35.939998626708984,36.130001068115234,29.5228214263916,3977900
2021-09-23,KHC,36.20000076293945,36.63999938964844,36.16899871826172,36.310001373291016,29.669898986816406,4047300
2021-09-23,KHC,36.20000076293945,36.63999938964844,36.16899871826172,36.310001373291016,29.669898986816406,4047300
2021-09-24,KHC,36.34999847412109,36.67499923706055,36.27999877929688,36.38999938964844,29.73527336120605,3393600
2021-09-24,KHC,36.34999847412109,36.67499923706055,36.27999877929688,36.38999938964844,29.73527336120605,3393600
2021-09-27,KHC,36.5099983215332,37.17599868774414,36.41999816894531,36.84000015258789,30.10297966003418,4869200
2021-09-27,KHC,36.5099983215332,37.17599868774414,36.41999816894531,36.84000015258789,30.10297966003418,4869200
2021-09-28,KHC,36.790000915527344,37.11000061035156,36.18999862670898,36.619998931884766,29.923215866088867,7260000
2021-09-28,KHC,36.790000915527344,37.11000061035156,36.18999862670898,36.619998931884766,29.923215866088867,7260000
2021-09-29,KHC,36.540000915527344,37.790000915527344,36.459999084472656,37.52999877929688,30.66680335998535,6387900
2021-09-29,KHC,36.540000915527344,37.790000915527344,36.459999084472656,37.52999877929688,30.66680335998535,6387900
2021-09-30,KHC,37.59999847412109,37.63999938964844,36.79999923706055,36.81999969482422,30.08663558959961,4731100
2021-09-30,KHC,37.59999847412109,37.63999938964844,36.79999923706055,36.81999969482422,30.08663558959961,4731100
2021-10-01,KHC,37.02000045776367,37.040000915527344,36.54999923706055,36.68000030517578,29.97224235534668,4151800
2021-10-01,KHC,37.02000045776367,37.040000915527344,36.54999923706055,36.68000030517578,29.97224235534668,4151800
2021-10-04,KHC,36.678001403808594,37.29999923706055,36.678001403808594,36.88999938964844,30.143835067749023,6787000
2021-10-04,KHC,36.678001403808594,37.29999923706055,36.678001403808594,36.88999938964844,30.143835067749023,6787000
2021-10-05,KHC,36.83000183105469,37.22499847412109,36.79999923706055,37.06999969482422,30.29092025756836,3776100
2021-10-05,KHC,36.83000183105469,37.22499847412109,36.79999923706055,37.06999969482422,30.29092025756836,3776100
2021-10-06,KHC,36.869998931884766,37.38999938964844,36.61000061035156,37.34999847412109,30.51971435546875,3623600
2021-10-06,KHC,36.869998931884766,37.38999938964844,36.61000061035156,37.34999847412109,30.51971435546875,3623600
2021-10-07,KHC,37.5,37.76499938964844,37.0,37.08000183105469,30.29909324645996,4244700
2021-10-07,KHC,37.5,37.76499938964844,37.0,37.08000183105469,30.29909324645996,4244700
2021-10-08,KHC,37.06999969482422,37.27999877929688,36.70500183105469,36.77999877929688,30.05395126342773,3156000
2021-10-08,KHC,37.06999969482422,37.27999877929688,36.70500183105469,36.77999877929688,30.05395126342773,3156000
2021-10-11,KHC,36.900001525878906,37.42499923706055,36.7599983215332,36.77999877929688,30.05395126342773,4466500
2021-10-11,KHC,36.900001525878906,37.42499923706055,36.7599983215332,36.77999877929688,30.05395126342773,4466500
2021-10-12,KHC,36.69200134277344,37.04999923706055,36.52999877929688,36.77999877929688,30.05395126342773,4657000
2021-10-12,KHC,36.69200134277344,37.04999923706055,36.52999877929688,36.77999877929688,30.05395126342773,4657000
2021-10-13,KHC,36.81999969482422,37.01499938964844,36.31999969482422,36.79999923706055,30.070297241210938,3918000
2021-10-13,KHC,36.81999969482422,37.01499938964844,36.31999969482422,36.79999923706055,30.070297241210938,3918000
2021-10-14,KHC,36.9900016784668,37.39500045776367,36.93999862670898,37.2599983215332,30.446168899536133,4014300
2021-10-14,KHC,36.9900016784668,37.39500045776367,36.93999862670898,37.2599983215332,30.446168899536133,4014300
2021-10-15,KHC,37.41999816894531,37.54100036621094,36.84999847412109,36.97999954223633,30.217374801635746,4214700
2021-10-15,KHC,37.41999816894531,37.54100036621094,36.84999847412109,36.97999954223633,30.217374801635746,4214700
2021-10-18,KHC,36.72999954223633,37.165000915527344,36.632999420166016,36.880001068115234,30.13566780090332,3025300
2021-10-18,KHC,36.72999954223633,37.165000915527344,36.632999420166016,36.880001068115234,30.13566780090332,3025300
2021-10-19,KHC,36.90999984741211,36.9900016784668,36.31999969482422,36.810001373291016,30.078466415405277,3848900
2021-10-19,KHC,36.90999984741211,36.9900016784668,36.31999969482422,36.810001373291016,30.078466415405277,3848900
2021-10-20,KHC,36.7400016784668,37.04999923706055,36.58000183105469,36.91999816894531,30.16835021972656,3493300
2021-10-20,KHC,36.7400016784668,37.04999923706055,36.58000183105469,36.91999816894531,30.16835021972656,3493300
2021-10-21,KHC,36.79999923706055,36.88999938964844,35.9900016784668,36.380001068115234,29.727100372314453,5243700
2021-10-21,KHC,36.79999923706055,36.88999938964844,35.9900016784668,36.380001068115234,29.727100372314453,5243700
2021-10-22,KHC,36.33000183105469,36.7599983215332,36.29999923706055,36.380001068115234,29.727100372314453,3408000
2021-10-22,KHC,36.33000183105469,36.7599983215332,36.29999923706055,36.380001068115234,29.727100372314453,3408000
2021-10-25,KHC,36.380001068115234,36.48500061035156,36.02000045776367,36.220001220703125,29.59636878967285,5690900
2021-10-25,KHC,36.380001068115234,36.48500061035156,36.02000045776367,36.220001220703125,29.59636878967285,5690900
2021-10-26,KHC,36.34999847412109,36.869998931884766,36.209999084472656,36.43999862670898,29.776126861572266,8539700
2021-10-26,KHC,36.34999847412109,36.869998931884766,36.209999084472656,36.43999862670898,29.776126861572266,8539700
2021-10-27,KHC,37.040000915527344,37.18999862670898,35.59000015258789,36.400001525878906,29.74343681335449,7886300
2021-10-27,KHC,37.040000915527344,37.18999862670898,35.59000015258789,36.400001525878906,29.74343681335449,7886300
2021-10-28,KHC,36.29999923706055,36.52999877929688,35.88999938964844,36.47999954223633,29.808809280395508,5816100
2021-10-28,KHC,36.29999923706055,36.52999877929688,35.88999938964844,36.47999954223633,29.808809280395508,5816100
2021-10-29,KHC,36.310001373291016,36.619998931884766,35.779998779296875,35.88999938964844,29.326705932617188,6246900
2021-10-29,KHC,36.310001373291016,36.619998931884766,35.779998779296875,35.88999938964844,29.326705932617188,6246900
2021-11-01,KHC,35.880001068115234,36.78499984741211,35.790000915527344,36.72999954223633,30.013090133666992,5043900
2021-11-01,KHC,35.880001068115234,36.78499984741211,35.790000915527344,36.72999954223633,30.013090133666992,5043900
2021-11-02,KHC,36.7400016784668,37.17499923706055,36.48699951171875,37.08000183105469,30.29909324645996,5516100
2021-11-02,KHC,36.7400016784668,37.17499923706055,36.48699951171875,37.08000183105469,30.29909324645996,5516100
2021-11-03,KHC,37.18999862670898,37.5099983215332,36.959999084472656,37.41999816894531,30.576906204223636,4854400
2021-11-03,KHC,37.18999862670898,37.5099983215332,36.959999084472656,37.41999816894531,30.576906204223636,4854400
2021-11-04,KHC,37.369998931884766,37.5099983215332,36.84000015258789,37.18999862670898,30.38897132873535,3792800
2021-11-04,KHC,37.369998931884766,37.5099983215332,36.84000015258789,37.18999862670898,30.38897132873535,3792800
2021-11-05,KHC,37.4900016784668,38.20000076293945,37.45000076293945,37.84000015258789,30.92011260986328,8470700
2021-11-05,KHC,37.4900016784668,38.20000076293945,37.45000076293945,37.84000015258789,30.92011260986328,8470700
2021-11-08,KHC,37.95000076293945,38.04499816894531,37.06999969482422,37.20000076293945,30.397146224975582,5064100
2021-11-08,KHC,37.95000076293945,38.04499816894531,37.06999969482422,37.20000076293945,30.397146224975582,5064100
2021-11-09,KHC,37.150001525878906,37.40499877929688,37.0,37.34999847412109,30.51971435546875,4083300
2021-11-09,KHC,37.150001525878906,37.40499877929688,37.0,37.34999847412109,30.51971435546875,4083300
2021-11-10,KHC,37.56499862670898,37.84000015258789,37.209999084472656,37.4900016784668,30.63411521911621,4392000
2021-11-10,KHC,37.56499862670898,37.84000015258789,37.209999084472656,37.4900016784668,30.63411521911621,4392000
2021-11-11,KHC,37.43000030517578,37.54999923706055,37.220001220703125,37.27999877929688,30.462514877319336,3380400
2021-11-11,KHC,37.43000030517578,37.54999923706055,37.220001220703125,37.27999877929688,30.462514877319336,3380400
2021-11-12,KHC,37.310001373291016,37.54999923706055,37.04999923706055,37.220001220703125,30.413484573364254,4522600
2021-11-12,KHC,37.310001373291016,37.54999923706055,37.04999923706055,37.220001220703125,30.413484573364254,4522600
2021-11-15,KHC,37.27999877929688,37.73799896240234,37.244998931884766,37.619998931884766,30.740327835083008,5967000
2021-11-15,KHC,37.27999877929688,37.73799896240234,37.244998931884766,37.619998931884766,30.740327835083008,5967000
2021-11-16,KHC,37.70000076293945,37.970001220703125,36.98500061035156,37.040000915527344,30.26641273498535,5228500
2021-11-16,KHC,37.70000076293945,37.970001220703125,36.98500061035156,37.040000915527344,30.26641273498535,5228500
2021-11-17,KHC,37.04999923706055,37.13999938964844,36.40999984741211,36.560001373291016,29.87418365478516,6974200
2021-11-17,KHC,37.04999923706055,37.13999938964844,36.40999984741211,36.560001373291016,29.87418365478516,6974200
2021-11-18,KHC,35.459999084472656,35.58000183105469,34.7599983215332,35.369998931884766,28.901796340942383,21735600
2021-11-18,KHC,35.459999084472656,35.58000183105469,34.7599983215332,35.369998931884766,28.901796340942383,21735600
2021-11-19,KHC,35.31999969482422,35.56999969482422,34.97999954223633,35.34000015258789,28.87728500366211,8973800
2021-11-19,KHC,35.31999969482422,35.56999969482422,34.97999954223633,35.34000015258789,28.87728500366211,8973800
2021-11-22,KHC,35.29999923706055,35.779998779296875,35.22999954223633,35.470001220703125,28.983516693115234,22906700
2021-11-22,KHC,35.29999923706055,35.779998779296875,35.22999954223633,35.470001220703125,28.983516693115234,22906700
2021-11-23,KHC,35.720001220703125,36.060001373291016,35.61000061035156,35.81999969482422,29.269514083862305,9909400
2021-11-23,KHC,35.720001220703125,36.060001373291016,35.61000061035156,35.81999969482422,29.269514083862305,9909400
2021-11-24,KHC,35.209999084472656,35.33000183105469,34.86000061035156,35.189998626708984,29.07944869995117,7058200
2021-11-24,KHC,35.209999084472656,35.33000183105469,34.86000061035156,35.189998626708984,29.07944869995117,7058200
2021-11-26,KHC,34.900001525878906,35.25,34.540000915527344,34.83000183105469,28.781959533691406,7366800
2021-11-26,KHC,34.900001525878906,35.25,34.540000915527344,34.83000183105469,28.781959533691406,7366800
2021-11-29,KHC,34.90999984741211,35.0,34.33000183105469,34.779998779296875,28.74064064025879,8750700
2021-11-29,KHC,34.90999984741211,35.0,34.33000183105469,34.779998779296875,28.74064064025879,8750700
2021-11-30,KHC,34.63999938964844,34.70000076293945,33.505001068115234,33.61000061035156,27.77380752563477,15110300
2021-11-30,KHC,34.63999938964844,34.70000076293945,33.505001068115234,33.61000061035156,27.77380752563477,15110300
2021-12-01,KHC,33.959999084472656,34.310001373291016,32.81999969482422,32.880001068115234,27.17056655883789,12204500
2021-12-01,KHC,33.959999084472656,34.310001373291016,32.81999969482422,32.880001068115234,27.17056655883789,12204500
2021-12-02,KHC,32.9900016784668,33.470001220703125,32.78499984741211,33.25,27.476318359375,8715100
2021-12-02,KHC,32.9900016784668,33.470001220703125,32.78499984741211,33.25,27.476318359375,8715100
2021-12-03,KHC,33.34000015258789,33.790000915527344,33.30500030517578,33.63999938964844,27.79859161376953,8062700
2021-12-03,KHC,33.34000015258789,33.790000915527344,33.30500030517578,33.63999938964844,27.79859161376953,8062700
2021-12-06,KHC,33.88999938964844,34.64500045776367,33.869998931884766,34.27000045776367,28.31919479370117,9646000
2021-12-06,KHC,33.88999938964844,34.64500045776367,33.869998931884766,34.27000045776367,28.31919479370117,9646000
2021-12-07,KHC,34.279998779296875,34.59000015258789,34.08000183105469,34.5099983215332,28.51752281188965,8188100
2021-12-07,KHC,34.279998779296875,34.59000015258789,34.08000183105469,34.5099983215332,28.51752281188965,8188100
2021-12-08,KHC,34.0,34.04999923706055,33.13999938964844,33.150001525878906,27.39368438720703,17293500
2021-12-08,KHC,34.0,34.04999923706055,33.13999938964844,33.150001525878906,27.39368438720703,17293500
2021-12-09,KHC,33.04999923706055,33.56999969482422,33.02000045776367,33.470001220703125,27.658117294311523,5900900
2021-12-09,KHC,33.04999923706055,33.56999969482422,33.02000045776367,33.470001220703125,27.658117294311523,5900900
2021-12-10,KHC,33.43000030517578,34.15999984741211,33.380001068115234,34.150001525878906,28.22004127502441,7036500
2021-12-10,KHC,33.43000030517578,34.15999984741211,33.380001068115234,34.150001525878906,28.22004127502441,7036500
2021-12-13,KHC,34.150001525878906,34.720001220703125,33.9900016784668,34.47999954223633,28.492734909057617,8376700
2021-12-13,KHC,34.150001525878906,34.720001220703125,33.9900016784668,34.47999954223633,28.492734909057617,8376700
2021-12-14,KHC,34.380001068115234,35.13999938964844,34.380001068115234,34.779998779296875,28.74064064025879,9743700
2021-12-14,KHC,34.380001068115234,35.13999938964844,34.380001068115234,34.779998779296875,28.74064064025879,9743700
2021-12-15,KHC,34.63999938964844,35.0,34.58000183105469,34.880001068115234,28.823278427124023,6108200
2021-12-15,KHC,34.63999938964844,35.0,34.58000183105469,34.880001068115234,28.823278427124023,6108200
2021-12-16,KHC,34.939998626708984,36.1150016784668,34.834999084472656,36.0,29.74879264831543,11056600
2021-12-16,KHC,34.939998626708984,36.1150016784668,34.834999084472656,36.0,29.74879264831543,11056600
2021-12-17,KHC,36.060001373291016,36.43999862670898,35.470001220703125,35.5099983215332,29.3438720703125,13626700
2021-12-17,KHC,36.060001373291016,36.43999862670898,35.470001220703125,35.5099983215332,29.3438720703125,13626700
2021-12-20,KHC,35.2599983215332,35.33000183105469,34.904998779296875,35.27000045776367,29.14555549621582,8542200
2021-12-20,KHC,35.2599983215332,35.33000183105469,34.904998779296875,35.27000045776367,29.14555549621582,8542200
2021-12-21,KHC,35.290000915527344,35.38999938964844,34.90999984741211,35.0,28.92244529724121,5432500
2021-12-21,KHC,35.290000915527344,35.38999938964844,34.90999984741211,35.0,28.92244529724121,5432500
2021-12-22,KHC,35.0,35.20000076293945,34.68000030517578,35.11000061035156,29.013341903686523,5468800
2021-12-22,KHC,35.0,35.20000076293945,34.68000030517578,35.11000061035156,29.013341903686523,5468800
2021-12-23,KHC,35.257999420166016,35.45500183105469,35.189998626708984,35.25,29.1290283203125,3735700
2021-12-23,KHC,35.257999420166016,35.45500183105469,35.189998626708984,35.25,29.1290283203125,3735700
2021-12-27,KHC,35.15999984741211,35.439998626708984,34.93000030517578,35.43000030517578,29.277774810791016,3252900
2021-12-27,KHC,35.15999984741211,35.439998626708984,34.93000030517578,35.43000030517578,29.277774810791016,3252900
2021-12-28,KHC,35.290000915527344,35.880001068115234,35.25,35.86000061035156,29.63311004638672,3597500
2021-12-28,KHC,35.290000915527344,35.880001068115234,35.25,35.86000061035156,29.63311004638672,3597500
2021-12-29,KHC,35.900001525878906,36.04999923706055,35.79499816894531,35.810001373291016,29.5917911529541,2758300
2021-12-29,KHC,35.900001525878906,36.04999923706055,35.79499816894531,35.810001373291016,29.5917911529541,2758300
2021-12-30,KHC,35.849998474121094,36.0,35.630001068115234,35.65999984741211,29.467830657958984,3561200
2021-12-30,KHC,35.849998474121094,36.0,35.630001068115234,35.65999984741211,29.467830657958984,3561200
2021-12-31,KHC,35.560001373291016,35.95000076293945,35.494998931884766,35.900001525878906,29.66615867614746,3805900
2021-12-31,KHC,35.560001373291016,35.95000076293945,35.494998931884766,35.900001525878906,29.66615867614746,3805900
2022-01-03,KHC,35.849998474121094,36.16999816894531,35.641998291015625,36.13999938964844,29.864484786987305,5957600
2022-01-03,KHC,35.849998474121094,36.16999816894531,35.641998291015625,36.13999938964844,29.864484786987305,5957600
2022-01-04,KHC,36.27999877929688,37.220001220703125,36.13999938964844,36.90999984741211,30.500778198242188,7887600
2022-01-04,KHC,36.27999877929688,37.220001220703125,36.13999938964844,36.90999984741211,30.500778198242188,7887600
2022-01-05,KHC,37.06999969482422,37.34000015258789,36.75,36.7599983215332,30.37682342529297,7096900
2022-01-05,KHC,37.06999969482422,37.34000015258789,36.75,36.7599983215332,30.37682342529297,7096900
2022-01-06,KHC,37.06999969482422,37.334999084472656,36.79999923706055,36.83000183105469,30.43466567993164,6045400
2022-01-06,KHC,37.06999969482422,37.334999084472656,36.79999923706055,36.83000183105469,30.43466567993164,6045400
2022-01-07,KHC,36.790000915527344,37.41999816894531,36.68999862670898,37.34999847412109,30.8643741607666,4915000
2022-01-07,KHC,36.790000915527344,37.41999816894531,36.68999862670898,37.34999847412109,30.8643741607666,4915000
2022-01-10,KHC,37.459999084472656,37.7400016784668,37.119998931884766,37.36000061035156,30.87264060974121,8565700
2022-01-10,KHC,37.459999084472656,37.7400016784668,37.119998931884766,37.36000061035156,30.87264060974121,8565700
2022-01-11,KHC,37.50199890136719,37.66999816894531,36.900001525878906,37.59000015258789,31.06270217895508,5556300
2022-01-11,KHC,37.50199890136719,37.66999816894531,36.900001525878906,37.59000015258789,31.06270217895508,5556300
2022-01-12,KHC,37.58000183105469,37.650001525878906,37.18999862670898,37.29999923706055,30.82305908203125,4793900
2022-01-12,KHC,37.58000183105469,37.650001525878906,37.18999862670898,37.29999923706055,30.82305908203125,4793900
2022-01-13,KHC,37.25,37.84999847412109,37.220001220703125,37.650001525878906,31.112281799316406,6287000
2022-01-13,KHC,37.25,37.84999847412109,37.220001220703125,37.650001525878906,31.112281799316406,6287000
2022-01-14,KHC,37.619998931884766,38.119998931884766,37.369998931884766,38.02000045776367,31.41803359985352,5354500
2022-01-14,KHC,37.619998931884766,38.119998931884766,37.369998931884766,38.02000045776367,31.41803359985352,5354500
2022-01-18,KHC,37.970001220703125,38.08000183105469,37.060001373291016,37.43000030517578,30.93048477172852,7062200
2022-01-18,KHC,37.970001220703125,38.08000183105469,37.060001373291016,37.43000030517578,30.93048477172852,7062200
2022-01-19,KHC,37.540000915527344,37.68999862670898,37.07500076293945,37.220001220703125,30.756946563720703,5076500
2022-01-19,KHC,37.540000915527344,37.68999862670898,37.07500076293945,37.220001220703125,30.756946563720703,5076500
2022-01-20,KHC,37.369998931884766,37.560001373291016,36.95299911499024,37.060001373291016,30.624738693237305,5274100
2022-01-20,KHC,37.369998931884766,37.560001373291016,36.95299911499024,37.060001373291016,30.624738693237305,5274100
2022-01-21,KHC,37.209999084472656,37.64500045776367,36.900001525878906,37.0,30.57515335083008,7544700
2022-01-21,KHC,37.209999084472656,37.64500045776367,36.900001525878906,37.0,30.57515335083008,7544700
2022-01-24,KHC,36.959999084472656,37.18999862670898,35.52000045776367,36.38999938964844,30.071075439453125,12053700
2022-01-24,KHC,36.959999084472656,37.18999862670898,35.52000045776367,36.38999938964844,30.071075439453125,12053700
2022-01-25,KHC,36.130001068115234,36.40499877929688,35.65999984741211,36.209999084472656,29.92233085632324,7115700
2022-01-25,KHC,36.130001068115234,36.40499877929688,35.65999984741211,36.209999084472656,29.92233085632324,7115700
2022-01-26,KHC,36.18999862670898,36.880001068115234,35.85499954223633,36.040000915527344,29.781843185424805,7220400
2022-01-26,KHC,36.18999862670898,36.880001068115234,35.85499954223633,36.040000915527344,29.781843185424805,7220400
2022-01-27,KHC,36.13999938964844,36.98500061035156,35.959999084472656,36.09000015258789,29.823169708251957,6138800
2022-01-27,KHC,36.13999938964844,36.98500061035156,35.959999084472656,36.09000015258789,29.823169708251957,6138800
2022-01-28,KHC,35.79999923706055,36.06999969482422,35.27000045776367,36.04999923706055,29.790115356445312,7069800
2022-01-28,KHC,35.79999923706055,36.06999969482422,35.27000045776367,36.04999923706055,29.790115356445312,7069800
2022-01-31,KHC,35.709999084472656,35.95000076293945,35.20000076293945,35.79999923706055,29.58352279663086,10230800
2022-01-31,KHC,35.709999084472656,35.95000076293945,35.20000076293945,35.79999923706055,29.58352279663086,10230800
2022-02-01,KHC,35.650001525878906,36.209999084472656,35.45000076293945,36.130001068115234,29.856224060058597,5978100
2022-02-01,KHC,35.650001525878906,36.209999084472656,35.45000076293945,36.130001068115234,29.856224060058597,5978100
2022-02-02,KHC,36.24599838256836,36.5099983215332,35.75,36.380001068115234,30.06280899047852,7375900
2022-02-02,KHC,36.24599838256836,36.5099983215332,35.75,36.380001068115234,30.06280899047852,7375900
2022-02-03,KHC,36.45700073242188,36.650001525878906,35.744998931884766,35.84000015258789,29.616579055786133,7982900
2022-02-03,KHC,36.45700073242188,36.650001525878906,35.744998931884766,35.84000015258789,29.616579055786133,7982900
2022-02-04,KHC,35.61000061035156,35.84000015258789,34.70000076293945,34.75,28.71584892272949,12949000
2022-02-04,KHC,35.61000061035156,35.84000015258789,34.70000076293945,34.75,28.71584892272949,12949000
2022-02-07,KHC,34.801998138427734,35.0099983215332,34.43000030517578,34.720001220703125,28.691057205200195,6537000
2022-02-07,KHC,34.801998138427734,35.0099983215332,34.43000030517578,34.720001220703125,28.691057205200195,6537000
2022-02-08,KHC,34.849998474121094,35.119998931884766,34.650001525878906,34.939998626708984,28.87285614013672,5424900
2022-02-08,KHC,34.849998474121094,35.119998931884766,34.650001525878906,34.939998626708984,28.87285614013672,5424900
2022-02-09,KHC,35.06999969482422,35.28499984741211,34.845001220703125,34.95000076293945,28.88112068176269,5993700
2022-02-09,KHC,35.06999969482422,35.28499984741211,34.845001220703125,34.95000076293945,28.88112068176269,5993700
2022-02-10,KHC,34.810001373291016,34.9900016784668,34.19499969482422,34.290000915527344,28.33572578430176,6823500
2022-02-10,KHC,34.810001373291016,34.9900016784668,34.19499969482422,34.290000915527344,28.33572578430176,6823500
2022-02-11,KHC,34.35499954223633,34.95000076293945,34.2599983215332,34.72999954223633,28.69932556152344,7097800
2022-02-11,KHC,34.35499954223633,34.95000076293945,34.2599983215332,34.72999954223633,28.69932556152344,7097800
2022-02-14,KHC,34.79999923706055,34.959999084472656,34.06999969482422,34.59000015258789,28.583641052246094,7007300
2022-02-14,KHC,34.79999923706055,34.959999084472656,34.06999969482422,34.59000015258789,28.583641052246094,7007300
2022-02-15,KHC,34.720001220703125,34.95800018310547,34.470001220703125,34.68000030517578,28.658002853393555,7912500
2022-02-15,KHC,34.720001220703125,34.95800018310547,34.470001220703125,34.68000030517578,28.658002853393555,7912500
2022-02-16,KHC,35.301998138427734,37.150001525878906,35.04999923706055,36.619998931884766,30.261138916015625,14217200
2022-02-16,KHC,35.301998138427734,37.150001525878906,35.04999923706055,36.619998931884766,30.261138916015625,14217200
2022-02-17,KHC,36.525001525878906,37.845001220703125,36.29999923706055,37.790000915527344,31.227977752685547,14990500
2022-02-17,KHC,36.525001525878906,37.845001220703125,36.29999923706055,37.790000915527344,31.227977752685547,14990500
2022-02-18,KHC,37.86000061035156,39.095001220703125,37.81999969482422,38.459999084472656,31.781627655029297,14464500
2022-02-18,KHC,37.86000061035156,39.095001220703125,37.81999969482422,38.459999084472656,31.781627655029297,14464500
2022-02-22,KHC,38.34600067138672,40.43999862670898,38.060001373291016,40.400001525878906,33.3847541809082,21506600
2022-02-22,KHC,38.34600067138672,40.43999862670898,38.060001373291016,40.400001525878906,33.3847541809082,21506600
2022-02-23,KHC,40.45000076293945,40.57699966430664,39.84999847412109,40.09999847412109,33.1368522644043,13844200
2022-02-23,KHC,40.45000076293945,40.57699966430664,39.84999847412109,40.09999847412109,33.1368522644043,13844200
2022-02-24,KHC,39.43000030517578,39.68000030517578,38.119998931884766,38.97999954223633,32.21133804321289,12733700
2022-02-24,KHC,39.43000030517578,39.68000030517578,38.119998931884766,38.97999954223633,32.21133804321289,12733700
2022-02-25,KHC,39.18000030517578,40.095001220703125,39.18000030517578,39.72999954223633,32.83110046386719,7638900
2022-02-25,KHC,39.18000030517578,40.095001220703125,39.18000030517578,39.72999954223633,32.83110046386719,7638900
2022-02-28,KHC,38.880001068115234,39.290000915527344,38.75,39.220001220703125,32.40966033935547,7291600
2022-02-28,KHC,38.880001068115234,39.290000915527344,38.75,39.220001220703125,32.40966033935547,7291600
2022-03-01,KHC,38.97999954223633,39.2400016784668,38.380001068115234,38.68000030517578,31.963428497314453,6808100
2022-03-01,KHC,38.97999954223633,39.2400016784668,38.380001068115234,38.68000030517578,31.963428497314453,6808100
2022-03-02,KHC,38.630001068115234,39.310001373291016,38.209999084472656,39.06999969482422,32.28570938110352,7331700
2022-03-02,KHC,38.630001068115234,39.310001373291016,38.209999084472656,39.06999969482422,32.28570938110352,7331700
2022-03-03,KHC,39.31999969482422,40.060001373291016,39.29999923706055,39.95000076293945,33.012901306152344,9223100
2022-03-03,KHC,39.31999969482422,40.060001373291016,39.29999923706055,39.95000076293945,33.012901306152344,9223100
2022-03-04,KHC,39.45000076293945,40.16999816894531,39.13999938964844,39.84000015258789,32.922000885009766,6585500
2022-03-04,KHC,39.45000076293945,40.16999816894531,39.13999938964844,39.84000015258789,32.922000885009766,6585500
2022-03-07,KHC,39.4900016784668,40.869998931884766,39.2599983215332,40.150001525878906,33.17817306518555,9906700
2022-03-07,KHC,39.4900016784668,40.869998931884766,39.2599983215332,40.150001525878906,33.17817306518555,9906700
2022-03-08,KHC,39.90399932861328,40.459999084472656,38.60499954223633,38.65999984741211,31.946901321411133,8977400
2022-03-08,KHC,39.90399932861328,40.459999084472656,38.60499954223633,38.65999984741211,31.946901321411133,8977400
2022-03-09,KHC,39.11000061035156,39.290000915527344,38.08000183105469,38.18000030517578,31.550249099731445,10448500
2022-03-09,KHC,39.11000061035156,39.290000915527344,38.08000183105469,38.18000030517578,31.550249099731445,10448500
2022-03-10,KHC,37.5099983215332,37.84000015258789,37.150001525878906,37.540000915527344,31.349828720092773,5216500
2022-03-10,KHC,37.5099983215332,37.84000015258789,37.150001525878906,37.540000915527344,31.349828720092773,5216500
2022-03-11,KHC,37.72999954223633,38.17499923706055,37.32500076293945,37.36000061035156,31.19950485229492,4722600
2022-03-11,KHC,37.72999954223633,38.17499923706055,37.32500076293945,37.36000061035156,31.19950485229492,4722600
2022-03-14,KHC,37.54999923706055,37.959999084472656,37.31999969482422,37.68999862670898,31.475095748901367,6295200
2022-03-14,KHC,37.54999923706055,37.959999084472656,37.31999969482422,37.68999862670898,31.475095748901367,6295200
2022-03-15,KHC,37.72999954223633,38.35499954223633,37.4900016784668,37.81999969482422,31.58365249633789,7324500
2022-03-15,KHC,37.72999954223633,38.35499954223633,37.4900016784668,37.81999969482422,31.58365249633789,7324500
2022-03-16,KHC,37.7400016784668,37.810001373291016,37.15999984741211,37.68000030517578,31.46674156188965,5733900
2022-03-16,KHC,37.7400016784668,37.810001373291016,37.15999984741211,37.68000030517578,31.46674156188965,5733900
2022-03-17,KHC,37.68000030517578,37.880001068115234,37.2400016784668,37.75,31.525196075439453,4390100
2022-03-17,KHC,37.68000030517578,37.880001068115234,37.2400016784668,37.75,31.525196075439453,4390100
2022-03-18,KHC,37.41999816894531,37.66999816894531,37.07500076293945,37.619998931884766,31.4166316986084,9386500
2022-03-18,KHC,37.41999816894531,37.66999816894531,37.07500076293945,37.619998931884766,31.4166316986084,9386500
2022-03-21,KHC,37.59000015258789,37.93999862670898,37.45000076293945,37.619998931884766,31.4166316986084,5030500
2022-03-21,KHC,37.59000015258789,37.93999862670898,37.45000076293945,37.619998931884766,31.4166316986084,5030500
2022-03-22,KHC,37.84000015258789,37.97999954223633,37.53499984741211,37.95000076293945,31.692216873168945,5495500
2022-03-22,KHC,37.84000015258789,37.97999954223633,37.53499984741211,37.95000076293945,31.692216873168945,5495500
2022-03-23,KHC,38.27999877929688,38.650001525878906,38.0,38.27999877929688,31.96779441833496,5893400
2022-03-23,KHC,38.27999877929688,38.650001525878906,38.0,38.27999877929688,31.96779441833496,5893400
2022-03-24,KHC,38.27000045776367,38.72999954223633,38.11100006103516,38.630001068115234,32.26008987426758,4540000
2022-03-24,KHC,38.27000045776367,38.72999954223633,38.11100006103516,38.630001068115234,32.26008987426758,4540000
2022-03-25,KHC,38.66999816894531,39.36000061035156,38.59999847412109,39.290000915527344,32.81126022338867,5057600
2022-03-25,KHC,38.66999816894531,39.36000061035156,38.59999847412109,39.290000915527344,32.81126022338867,5057600
2022-03-28,KHC,39.34000015258789,39.41999816894531,38.7599983215332,39.38999938964844,32.8947639465332,3517200
2022-03-28,KHC,39.34000015258789,39.41999816894531,38.7599983215332,39.38999938964844,32.8947639465332,3517200
2022-03-29,KHC,39.47999954223633,39.560001373291016,38.9900016784668,39.369998931884766,32.8780632019043,4974500
2022-03-29,KHC,39.47999954223633,39.560001373291016,38.9900016784668,39.369998931884766,32.8780632019043,4974500
2022-03-30,KHC,39.27000045776367,39.40999984741211,38.88999938964844,39.400001525878906,32.90312576293945,4439200
2022-03-30,KHC,39.27000045776367,39.40999984741211,38.88999938964844,39.400001525878906,32.90312576293945,4439200
2022-03-31,KHC,39.400001525878906,39.66999816894531,39.18000030517578,39.38999938964844,32.8947639465332,5208300
2022-03-31,KHC,39.400001525878906,39.66999816894531,39.18000030517578,39.38999938964844,32.8947639465332,5208300
2022-04-01,KHC,39.51499938964844,39.959999084472656,39.08000183105469,39.93000030517578,33.34571838378906,4798600
2022-04-01,KHC,39.51499938964844,39.959999084472656,39.08000183105469,39.93000030517578,33.34571838378906,4798600
2022-04-04,KHC,39.810001373291016,39.95000076293945,38.900001525878906,39.88999938964844,33.312313079833984,3980900
2022-04-04,KHC,39.810001373291016,39.95000076293945,38.900001525878906,39.88999938964844,33.312313079833984,3980900
2022-04-05,KHC,39.93000030517578,40.2599983215332,39.4900016784668,39.59000015258789,33.06178665161133,5432700
2022-04-05,KHC,39.93000030517578,40.2599983215332,39.4900016784668,39.59000015258789,33.06178665161133,5432700
2022-04-06,KHC,39.59000015258789,40.32500076293945,39.52999877929688,40.040000915527344,33.43758773803711,5481100
2022-04-06,KHC,39.59000015258789,40.32500076293945,39.52999877929688,40.040000915527344,33.43758773803711,5481100
2022-04-07,KHC,40.13999938964844,41.9900016784668,39.81999969482422,40.310001373291016,33.66306686401367,8079000
2022-04-07,KHC,40.13999938964844,41.9900016784668,39.81999969482422,40.310001373291016,33.66306686401367,8079000
2022-04-08,KHC,40.5,41.119998931884766,40.220001220703125,40.93999862670898,34.18918228149414,6556100
2022-04-08,KHC,40.5,41.119998931884766,40.220001220703125,40.93999862670898,34.18918228149414,6556100
2022-04-11,KHC,41.29999923706055,41.65999984741211,40.97999954223633,41.25,34.44805908203125,7380400
2022-04-11,KHC,41.29999923706055,41.65999984741211,40.97999954223633,41.25,34.44805908203125,7380400
2022-04-12,KHC,41.18999862670898,41.52999877929688,40.88999938964844,41.119998931884766,34.33950424194336,5058500
2022-04-12,KHC,41.18999862670898,41.52999877929688,40.88999938964844,41.119998931884766,34.33950424194336,5058500
2022-04-13,KHC,41.04999923706055,42.060001373291016,41.04999923706055,42.0,35.07439422607422,8202900
2022-04-13,KHC,41.04999923706055,42.060001373291016,41.04999923706055,42.0,35.07439422607422,8202900
2022-04-14,KHC,42.025001525878906,42.42699813842773,41.95000076293945,42.290000915527344,35.31657791137695,7309200
2022-04-14,KHC,42.025001525878906,42.42699813842773,41.95000076293945,42.290000915527344,35.31657791137695,7309200
2022-04-18,KHC,42.275001525878906,42.415000915527344,41.88999938964844,42.15999984741211,35.2080078125,5822900
2022-04-18,KHC,42.275001525878906,42.415000915527344,41.88999938964844,42.15999984741211,35.2080078125,5822900
2022-04-19,KHC,42.09000015258789,42.720001220703125,41.96900177001953,42.61000061035156,35.58380508422852,5835000
2022-04-19,KHC,42.09000015258789,42.720001220703125,41.96900177001953,42.61000061035156,35.58380508422852,5835000
2022-04-20,KHC,42.66999816894531,43.45000076293945,42.560001373291016,43.34999847412109,36.2017822265625,5487400
2022-04-20,KHC,42.66999816894531,43.45000076293945,42.560001373291016,43.34999847412109,36.2017822265625,5487400
2022-04-21,KHC,43.33000183105469,44.47999954223633,43.2400016784668,44.0,36.74460220336914,9219400
2022-04-21,KHC,43.33000183105469,44.47999954223633,43.2400016784668,44.0,36.74460220336914,9219400
2022-04-22,KHC,44.02000045776367,44.290000915527344,43.150001525878906,43.18000030517578,36.059814453125,7307700
2022-04-22,KHC,44.02000045776367,44.290000915527344,43.150001525878906,43.18000030517578,36.059814453125,7307700
2022-04-25,KHC,43.060001373291016,43.16999816894531,42.06999969482422,43.040000915527344,35.942901611328125,6277500
2022-04-25,KHC,43.060001373291016,43.16999816894531,42.06999969482422,43.040000915527344,35.942901611328125,6277500
2022-04-26,KHC,42.91999816894531,43.345001220703125,42.25,42.310001373291016,35.333274841308594,7364900
2022-04-26,KHC,42.91999816894531,43.345001220703125,42.25,42.310001373291016,35.333274841308594,7364900
2022-04-27,KHC,42.18000030517578,43.29999923706055,41.77999877929688,42.880001068115234,35.80928421020508,7960700
2022-04-27,KHC,42.18000030517578,43.29999923706055,41.77999877929688,42.880001068115234,35.80928421020508,7960700
2022-04-28,KHC,42.9900016784668,43.8849983215332,42.83000183105469,43.61000061035156,36.418907165527344,7386100
2022-04-28,KHC,42.9900016784668,43.8849983215332,42.83000183105469,43.61000061035156,36.418907165527344,7386100
2022-04-29,KHC,43.40999984741211,43.720001220703125,42.560001373291016,42.630001068115234,35.60050201416016,6968300
2022-04-29,KHC,43.40999984741211,43.720001220703125,42.560001373291016,42.630001068115234,35.60050201416016,6968300
2022-05-02,KHC,42.720001220703125,43.04999923706055,41.290000915527344,41.97999954223633,35.05768966674805,7637700
2022-05-02,KHC,42.720001220703125,43.04999923706055,41.290000915527344,41.97999954223633,35.05768966674805,7637700
2022-05-03,KHC,42.095001220703125,42.65999984741211,41.505001068115234,42.380001068115234,35.3917350769043,6328300
2022-05-03,KHC,42.095001220703125,42.65999984741211,41.505001068115234,42.380001068115234,35.3917350769043,6328300
2022-05-04,KHC,42.36000061035156,43.34999847412109,42.209999084472656,43.31999969482422,36.17672729492188,6499900
2022-05-04,KHC,42.36000061035156,43.34999847412109,42.209999084472656,43.31999969482422,36.17672729492188,6499900
2022-05-05,KHC,42.97999954223633,43.52000045776367,42.900001525878906,43.13999938964844,36.02640914916992,7079100
2022-05-05,KHC,42.97999954223633,43.52000045776367,42.900001525878906,43.13999938964844,36.02640914916992,7079100
2022-05-06,KHC,43.09999847412109,43.66999816894531,42.970001220703125,43.59000015258789,36.40220260620117,6368800
2022-05-06,KHC,43.09999847412109,43.66999816894531,42.970001220703125,43.59000015258789,36.40220260620117,6368800
2022-05-09,KHC,43.45500183105469,44.650001525878906,43.290000915527344,44.18999862670898,36.90326690673828,9288000
2022-05-09,KHC,43.45500183105469,44.650001525878906,43.290000915527344,44.18999862670898,36.90326690673828,9288000
2022-05-10,KHC,44.310001373291016,44.869998931884766,43.13999938964844,43.459999084472656,36.293643951416016,7641800
2022-05-10,KHC,44.310001373291016,44.869998931884766,43.13999938964844,43.459999084472656,36.293643951416016,7641800
2022-05-11,KHC,43.29999923706055,44.130001068115234,43.22999954223633,43.5,36.32706069946289,6520500
2022-05-11,KHC,43.29999923706055,44.130001068115234,43.22999954223633,43.5,36.32706069946289,6520500
2022-05-12,KHC,43.45000076293945,43.65999984741211,42.6150016784668,43.04999923706055,35.95125198364258,6604400
2022-05-12,KHC,43.45000076293945,43.65999984741211,42.6150016784668,43.04999923706055,35.95125198364258,6604400
2022-05-13,KHC,43.02000045776367,44.310001373291016,43.0099983215332,44.290000915527344,36.98678588867188,7857400
2022-05-13,KHC,43.02000045776367,44.310001373291016,43.0099983215332,44.290000915527344,36.98678588867188,7857400
2022-05-16,KHC,44.380001068115234,44.52999877929688,43.994998931884766,44.08000183105469,36.811405181884766,5795200
2022-05-16,KHC,44.380001068115234,44.52999877929688,43.994998931884766,44.08000183105469,36.811405181884766,5795200
2022-05-17,KHC,44.0,44.02999877929688,42.70000076293945,43.15999984741211,36.04310607910156,7855600
2022-05-17,KHC,44.0,44.02999877929688,42.70000076293945,43.15999984741211,36.04310607910156,7855600
2022-05-18,KHC,42.95000076293945,43.09000015258789,38.86299896240234,39.040000915527344,32.60247802734375,13824400
2022-05-18,KHC,42.95000076293945,43.09000015258789,38.86299896240234,39.040000915527344,32.60247802734375,13824400
2022-05-19,KHC,38.77000045776367,38.89500045776367,37.900001525878906,38.560001373291016,32.201637268066406,8774900
2022-05-19,KHC,38.77000045776367,38.89500045776367,37.900001525878906,38.560001373291016,32.201637268066406,8774900
2022-05-20,KHC,38.68199920654297,38.84999847412109,37.75,38.369998931884766,32.04296112060547,10146100
2022-05-20,KHC,38.68199920654297,38.84999847412109,37.75,38.369998931884766,32.04296112060547,10146100
2022-05-23,KHC,38.834999084472656,39.459999084472656,38.619998931884766,38.9900016784668,32.560726165771484,6439800
2022-05-23,KHC,38.834999084472656,39.459999084472656,38.619998931884766,38.9900016784668,32.560726165771484,6439800
2022-05-24,KHC,38.959999084472656,39.68000030517578,38.55500030517578,39.61000061035156,33.078495025634766,6215900
2022-05-24,KHC,38.959999084472656,39.68000030517578,38.55500030517578,39.61000061035156,33.078495025634766,6215900
2022-05-25,KHC,39.757999420166016,40.0,39.34999847412109,39.880001068115234,33.3039665222168,5519100
2022-05-25,KHC,39.757999420166016,40.0,39.34999847412109,39.880001068115234,33.3039665222168,5519100
2022-05-26,KHC,36.50199890136719,37.27999877929688,35.20000076293945,37.06999969482422,31.270978927612305,24785300
2022-05-26,KHC,36.50199890136719,37.27999877929688,35.20000076293945,37.06999969482422,31.270978927612305,24785300
2022-05-27,KHC,37.09000015258789,37.84999847412109,36.59999847412109,37.83000183105469,31.912094116210938,13898900
2022-05-27,KHC,37.09000015258789,37.84999847412109,36.59999847412109,37.83000183105469,31.912094116210938,13898900
2022-05-31,KHC,37.65999984741211,38.18000030517578,37.30799865722656,37.83000183105469,31.912094116210938,12744100
2022-05-31,KHC,37.65999984741211,38.18000030517578,37.30799865722656,37.83000183105469,31.912094116210938,12744100
2022-06-01,KHC,37.90999984741211,37.95000076293945,37.0,37.25,31.422821044921875,11270300
2022-06-01,KHC,37.90999984741211,37.95000076293945,37.0,37.25,31.422821044921875,11270300
2022-06-02,KHC,37.0099983215332,37.02000045776367,34.7599983215332,36.38999938964844,30.69735717773437,27694500
2022-06-02,KHC,37.0099983215332,37.02000045776367,34.7599983215332,36.38999938964844,30.69735717773437,27694500
2022-06-03,KHC,36.43999862670898,36.90999984741211,35.92499923706055,36.29999923706055,30.621437072753903,12830100
2022-06-03,KHC,36.43999862670898,36.90999984741211,35.92499923706055,36.29999923706055,30.621437072753903,12830100
2022-06-06,KHC,36.369998931884766,36.84999847412109,36.209999084472656,36.68999862670898,30.950424194335938,9601700
2022-06-06,KHC,36.369998931884766,36.84999847412109,36.209999084472656,36.68999862670898,30.950424194335938,9601700
2022-06-07,KHC,36.59000015258789,37.16999816894531,36.2599983215332,37.08000183105469,31.27941131591797,10558800
2022-06-07,KHC,36.59000015258789,37.16999816894531,36.2599983215332,37.08000183105469,31.27941131591797,10558800
2022-06-08,KHC,37.0099983215332,37.52000045776367,36.875,37.400001525878906,31.549354553222656,8893800
2022-06-08,KHC,37.0099983215332,37.52000045776367,36.875,37.400001525878906,31.549354553222656,8893800
2022-06-09,KHC,37.45000076293945,38.05500030517578,37.25,37.27000045776367,31.43968772888184,8650300
2022-06-09,KHC,37.45000076293945,38.05500030517578,37.25,37.27000045776367,31.43968772888184,8650300
2022-06-10,KHC,36.90999984741211,37.65499877929688,36.790000915527344,37.45000076293945,31.59153175354004,7858100
2022-06-10,KHC,36.90999984741211,37.65499877929688,36.790000915527344,37.45000076293945,31.59153175354004,7858100
2022-06-13,KHC,37.02000045776367,37.34000015258789,35.90999984741211,36.040000915527344,30.402099609375,9596200
2022-06-13,KHC,37.02000045776367,37.34000015258789,35.90999984741211,36.040000915527344,30.402099609375,9596200
2022-06-14,KHC,36.25,36.345001220703125,35.81999969482422,36.13999938964844,30.486461639404297,8743900
2022-06-14,KHC,36.25,36.345001220703125,35.81999969482422,36.13999938964844,30.486461639404297,8743900
2022-06-15,KHC,36.45000076293945,36.59199905395508,35.900001525878906,36.18000030517578,30.520204544067383,6870100
2022-06-15,KHC,36.45000076293945,36.59199905395508,35.900001525878906,36.18000030517578,30.520204544067383,6870100
2022-06-16,KHC,35.61000061035156,36.310001373291016,35.47999954223633,36.02999877929688,30.393665313720703,7694600
2022-06-16,KHC,35.61000061035156,36.310001373291016,35.47999954223633,36.02999877929688,30.393665313720703,7694600
2022-06-17,KHC,35.86000061035156,36.11000061035156,34.83000183105469,35.58000183105469,30.014068603515625,16994100
2022-06-17,KHC,35.86000061035156,36.11000061035156,34.83000183105469,35.58000183105469,30.014068603515625,16994100
2022-06-21,KHC,35.849998474121094,36.775001525878906,35.650001525878906,36.61000061035156,30.882946014404297,7112900
2022-06-21,KHC,35.849998474121094,36.775001525878906,35.650001525878906,36.61000061035156,30.882946014404297,7112900
2022-06-22,KHC,37.21500015258789,37.970001220703125,36.7400016784668,37.04999923706055,31.25410842895508,13139700
2022-06-22,KHC,37.21500015258789,37.970001220703125,36.7400016784668,37.04999923706055,31.25410842895508,13139700
2022-06-23,KHC,37.130001068115234,37.97999954223633,37.06999969482422,37.84999847412109,31.928955078125,9289100
2022-06-23,KHC,37.130001068115234,37.97999954223633,37.06999969482422,37.84999847412109,31.928955078125,9289100
2022-06-24,KHC,37.959999084472656,38.5,37.650001525878906,38.400001525878906,32.392921447753906,7159900
2022-06-24,KHC,37.959999084472656,38.5,37.650001525878906,38.400001525878906,32.392921447753906,7159900
2022-06-27,KHC,38.3650016784668,38.91999816894531,38.28799819946289,38.65999984741211,32.612247467041016,5325600
2022-06-27,KHC,38.3650016784668,38.91999816894531,38.28799819946289,38.65999984741211,32.612247467041016,5325600
2022-06-28,KHC,38.65999984741211,39.0099983215332,37.54999923706055,37.72999954223633,31.82773208618164,6365300
2022-06-28,KHC,38.65999984741211,39.0099983215332,37.54999923706055,37.72999954223633,31.82773208618164,6365300
2022-06-29,KHC,37.880001068115234,38.369998931884766,37.68000030517578,37.97999954223633,32.03862380981445,7501800
2022-06-29,KHC,37.880001068115234,38.369998931884766,37.68000030517578,37.97999954223633,32.03862380981445,7501800
2022-06-30,KHC,37.790000915527344,38.57500076293945,37.58000183105469,38.13999938964844,32.1735954284668,7169800
2022-06-30,KHC,37.790000915527344,38.57500076293945,37.58000183105469,38.13999938964844,32.1735954284668,7169800
2022-07-01,KHC,38.130001068115234,38.70000076293945,37.970001220703125,38.63999938964844,32.59537124633789,6971400
2022-07-01,KHC,38.130001068115234,38.70000076293945,37.970001220703125,38.63999938964844,32.59537124633789,6971400
2022-07-05,KHC,38.47999954223633,38.5099983215332,37.470001220703125,38.119998931884766,32.15672302246094,7694400
2022-07-05,KHC,38.47999954223633,38.5099983215332,37.470001220703125,38.119998931884766,32.15672302246094,7694400
2022-07-06,KHC,38.09000015258789,38.46500015258789,37.88999938964844,38.20000076293945,32.22420883178711,5178700
2022-07-06,KHC,38.09000015258789,38.46500015258789,37.88999938964844,38.20000076293945,32.22420883178711,5178700
2022-07-07,KHC,38.29499816894531,38.43000030517578,37.91999816894531,38.08000183105469,32.122982025146484,5092200
2022-07-07,KHC,38.29499816894531,38.43000030517578,37.91999816894531,38.08000183105469,32.122982025146484,5092200
2022-07-08,KHC,38.0,38.650001525878906,37.91999816894531,38.369998931884766,32.367610931396484,5511300
2022-07-08,KHC,38.0,38.650001525878906,37.91999816894531,38.369998931884766,32.367610931396484,5511300
2022-07-11,KHC,38.47999954223633,38.83000183105469,38.20000076293945,38.61000061035156,32.570072174072266,6608700
2022-07-11,KHC,38.47999954223633,38.83000183105469,38.20000076293945,38.61000061035156,32.570072174072266,6608700
2022-07-12,KHC,38.560001373291016,39.150001525878906,38.54999923706055,38.79999923706055,32.730342864990234,5837600
2022-07-12,KHC,38.560001373291016,39.150001525878906,38.54999923706055,38.79999923706055,32.730342864990234,5837600
2022-07-13,KHC,38.60499954223633,39.435001373291016,38.244998931884766,39.18000030517578,33.05089569091797,7359600
2022-07-13,KHC,38.60499954223633,39.435001373291016,38.244998931884766,39.18000030517578,33.05089569091797,7359600
2022-07-14,KHC,38.59999847412109,38.86000061035156,38.38999938964844,38.7599983215332,32.69660186767578,5684700
2022-07-14,KHC,38.59999847412109,38.86000061035156,38.38999938964844,38.7599983215332,32.69660186767578,5684700
2022-07-15,KHC,38.84999847412109,39.06999969482422,37.83000183105469,38.0099983215332,32.063926696777344,7687300
2022-07-15,KHC,38.84999847412109,39.06999969482422,37.83000183105469,38.0099983215332,32.063926696777344,7687300
2022-07-18,KHC,38.22999954223633,38.810001373291016,38.09999847412109,38.43000030517578,32.4182243347168,7908800
2022-07-18,KHC,38.22999954223633,38.810001373291016,38.09999847412109,38.43000030517578,32.4182243347168,7908800
2022-07-19,KHC,38.45500183105469,39.119998931884766,38.43000030517578,38.7400016784668,32.67972946166992,16940500
2022-07-19,KHC,38.45500183105469,39.119998931884766,38.43000030517578,38.7400016784668,32.67972946166992,16940500
2022-07-20,KHC,38.79499816894531,38.84999847412109,38.02000045776367,38.2599983215332,32.274810791015625,4469000
2022-07-20,KHC,38.79499816894531,38.84999847412109,38.02000045776367,38.2599983215332,32.274810791015625,4469000
2022-07-21,KHC,38.11000061035156,38.34000015258789,37.81999969482422,37.95000076293945,32.0133056640625,4665900
2022-07-21,KHC,38.11000061035156,38.34000015258789,37.81999969482422,37.95000076293945,32.0133056640625,4665900
2022-07-22,KHC,38.06999969482422,38.58000183105469,37.970001220703125,38.31999969482422,32.3254280090332,5585800
2022-07-22,KHC,38.06999969482422,38.58000183105469,37.970001220703125,38.31999969482422,32.3254280090332,5585800
2022-07-25,KHC,38.369998931884766,38.59999847412109,37.97999954223633,38.380001068115234,32.37604904174805,6470400
2022-07-25,KHC,38.369998931884766,38.59999847412109,37.97999954223633,38.380001068115234,32.37604904174805,6470400
2022-07-26,KHC,38.150001525878906,38.68000030517578,38.025001525878906,38.63999938964844,32.59537124633789,6343500
2022-07-26,KHC,38.150001525878906,38.68000030517578,38.025001525878906,38.63999938964844,32.59537124633789,6343500
2022-07-27,KHC,37.150001525878906,37.18999862670898,35.29999923706055,36.34000015258789,30.65516662597656,21026300
2022-07-27,KHC,37.150001525878906,37.18999862670898,35.29999923706055,36.34000015258789,30.65516662597656,21026300
2022-07-28,KHC,36.790000915527344,37.23500061035156,36.29999923706055,37.18999862670898,31.372201919555664,10672000
2022-07-28,KHC,36.790000915527344,37.23500061035156,36.29999923706055,37.18999862670898,31.372201919555664,10672000
2022-07-29,KHC,36.560001373291016,36.95600128173828,36.45000076293945,36.83000183105469,31.06852531433105,9930100
2022-07-29,KHC,36.560001373291016,36.95600128173828,36.45000076293945,36.83000183105469,31.06852531433105,9930100
2022-08-01,KHC,37.02000045776367,37.630001068115234,36.900001525878906,37.43000030517578,31.57465934753418,6924800
2022-08-01,KHC,37.02000045776367,37.630001068115234,36.900001525878906,37.43000030517578,31.57465934753418,6924800
2022-08-02,KHC,37.36000061035156,37.68999862670898,37.060001373291016,37.09000015258789,31.2878475189209,5669800
2022-08-02,KHC,37.36000061035156,37.68999862670898,37.060001373291016,37.09000015258789,31.2878475189209,5669800
2022-08-03,KHC,37.0099983215332,37.52000045776367,36.61000061035156,37.34000015258789,31.49873924255371,5461600
2022-08-03,KHC,37.0099983215332,37.52000045776367,36.61000061035156,37.34000015258789,31.49873924255371,5461600
2022-08-04,KHC,37.27999877929688,37.470001220703125,36.970001220703125,37.02999877929688,31.237239837646484,4503400
2022-08-04,KHC,37.27999877929688,37.470001220703125,36.970001220703125,37.02999877929688,31.237239837646484,4503400
2022-08-05,KHC,37.02999877929688,37.61000061035156,36.650001525878906,37.56999969482422,31.69275283813477,4683200
2022-08-05,KHC,37.02999877929688,37.61000061035156,36.650001525878906,37.56999969482422,31.69275283813477,4683200
2022-08-08,KHC,37.790000915527344,38.06999969482422,37.65999984741211,37.790000915527344,31.878353118896484,4280500
2022-08-08,KHC,37.790000915527344,38.06999969482422,37.65999984741211,37.790000915527344,31.878353118896484,4280500
2022-08-09,KHC,37.900001525878906,38.43999862670898,37.86000061035156,38.400001525878906,32.392921447753906,5634800
2022-08-09,KHC,37.900001525878906,38.43999862670898,37.86000061035156,38.400001525878906,32.392921447753906,5634800
2022-08-10,KHC,38.5099983215332,38.790000915527344,38.43000030517578,38.630001068115234,32.586936950683594,5937900
2022-08-10,KHC,38.5099983215332,38.790000915527344,38.43000030517578,38.630001068115234,32.586936950683594,5937900
2022-08-11,KHC,38.650001525878906,39.33000183105469,38.650001525878906,38.72999954223633,32.67129898071289,6269500
2022-08-11,KHC,38.650001525878906,39.33000183105469,38.650001525878906,38.72999954223633,32.67129898071289,6269500
2022-08-12,KHC,38.88999938964844,38.93000030517578,38.40999984741211,38.66999816894531,32.62068176269531,4582300
2022-08-12,KHC,38.88999938964844,38.93000030517578,38.40999984741211,38.66999816894531,32.62068176269531,4582300
2022-08-15,KHC,38.4900016784668,38.915000915527344,38.0,38.560001373291016,32.52789306640625,7060000
2022-08-15,KHC,38.4900016784668,38.915000915527344,38.0,38.560001373291016,32.52789306640625,7060000
2022-08-16,KHC,38.650001525878906,38.95000076293945,38.459999084472656,38.83000183105469,32.755653381347656,5824800
2022-08-16,KHC,38.650001525878906,38.95000076293945,38.459999084472656,38.83000183105469,32.755653381347656,5824800
2022-08-17,KHC,38.560001373291016,38.79999923706055,38.14500045776367,38.20000076293945,32.22420883178711,5914300
2022-08-17,KHC,38.560001373291016,38.79999923706055,38.14500045776367,38.20000076293945,32.22420883178711,5914300
2022-08-18,KHC,38.11000061035156,38.27999877929688,37.80500030517578,38.2599983215332,32.274810791015625,7564800
2022-08-18,KHC,38.11000061035156,38.27999877929688,37.80500030517578,38.2599983215332,32.274810791015625,7564800
2022-08-19,KHC,38.11000061035156,38.560001373291016,37.93999862670898,38.52999877929688,32.50257873535156,8903000
2022-08-19,KHC,38.11000061035156,38.560001373291016,37.93999862670898,38.52999877929688,32.50257873535156,8903000
2022-08-22,KHC,38.47999954223633,38.560001373291016,38.09999847412109,38.40999984741211,32.40134811401367,6492300
2022-08-22,KHC,38.47999954223633,38.560001373291016,38.09999847412109,38.40999984741211,32.40134811401367,6492300
2022-08-23,KHC,38.459999084472656,39.01499938964844,38.38999938964844,38.720001220703125,32.66285705566406,5453700
2022-08-23,KHC,38.459999084472656,39.01499938964844,38.38999938964844,38.720001220703125,32.66285705566406,5453700
2022-08-24,KHC,38.66999816894531,38.95500183105469,38.540000915527344,38.90999984741211,32.82313919067383,5603400
2022-08-24,KHC,38.66999816894531,38.95500183105469,38.540000915527344,38.90999984741211,32.82313919067383,5603400
2022-08-25,KHC,38.540000915527344,38.84999847412109,38.45000076293945,38.61000061035156,32.90837097167969,4335500
2022-08-25,KHC,38.540000915527344,38.84999847412109,38.45000076293945,38.61000061035156,32.90837097167969,4335500
2022-08-26,KHC,38.630001068115234,38.84999847412109,38.11000061035156,38.11000061035156,32.48220443725586,5474800
2022-08-26,KHC,38.630001068115234,38.84999847412109,38.11000061035156,38.11000061035156,32.48220443725586,5474800
2022-08-29,KHC,37.95000076293945,38.29999923706055,37.73500061035156,38.09000015258789,32.46515655517578,7483200
2022-08-29,KHC,37.95000076293945,38.29999923706055,37.73500061035156,38.09000015258789,32.46515655517578,7483200
2022-08-30,KHC,38.0099983215332,38.04999923706055,37.334999084472656,37.40999984741211,31.885574340820312,4949300
2022-08-30,KHC,38.0099983215332,38.04999923706055,37.334999084472656,37.40999984741211,31.885574340820312,4949300
2022-08-31,KHC,37.5099983215332,37.900001525878906,37.35499954223633,37.400001525878906,31.87705612182617,5176900
2022-08-31,KHC,37.5099983215332,37.900001525878906,37.35499954223633,37.400001525878906,31.87705612182617,5176900
2022-09-01,KHC,37.33000183105469,37.82500076293945,37.040000915527344,37.70000076293945,32.132755279541016,6039100
2022-09-01,KHC,37.33000183105469,37.82500076293945,37.040000915527344,37.70000076293945,32.132755279541016,6039100
2022-09-02,KHC,37.900001525878906,38.47999954223633,37.165000915527344,37.310001373291016,31.80034828186035,6155100
2022-09-02,KHC,37.900001525878906,38.47999954223633,37.165000915527344,37.310001373291016,31.80034828186035,6155100
2022-09-06,KHC,37.400001525878906,37.61000061035156,36.73500061035156,37.43000030517578,31.90262222290039,9810200
2022-09-06,KHC,37.400001525878906,37.61000061035156,36.73500061035156,37.43000030517578,31.90262222290039,9810200
2022-09-07,KHC,37.18999862670898,37.52000045776367,35.91999816894531,37.31999969482422,31.80886650085449,11405200
2022-09-07,KHC,37.18999862670898,37.52000045776367,35.91999816894531,37.31999969482422,31.80886650085449,11405200
2022-09-08,KHC,37.09999847412109,37.119998931884766,35.81999969482422,36.060001373291016,30.734939575195312,10160300
2022-09-08,KHC,37.09999847412109,37.119998931884766,35.81999969482422,36.060001373291016,30.734939575195312,10160300
2022-09-09,KHC,36.27000045776367,36.650001525878906,35.98500061035156,36.459999084472656,31.075868606567383,7979000
2022-09-09,KHC,36.27000045776367,36.650001525878906,35.98500061035156,36.459999084472656,31.075868606567383,7979000
2022-09-12,KHC,36.66999816894531,36.87699890136719,36.54499816894531,36.72999954223633,31.305992126464844,6693700
2022-09-12,KHC,36.66999816894531,36.87699890136719,36.54499816894531,36.72999954223633,31.305992126464844,6693700
2022-09-13,KHC,36.400001525878906,36.619998931884766,34.939998626708984,35.060001373291016,29.882606506347656,11789300
2022-09-13,KHC,36.400001525878906,36.619998931884766,34.939998626708984,35.060001373291016,29.882606506347656,11789300
2022-09-14,KHC,35.22999954223633,35.55799865722656,34.81999969482422,34.959999084472656,29.7973747253418,8505100
2022-09-14,KHC,35.22999954223633,35.55799865722656,34.81999969482422,34.959999084472656,29.7973747253418,8505100
2022-09-15,KHC,34.97999954223633,35.220001220703125,34.45000076293945,34.61000061035156,29.499059677124023,7369100
2022-09-15,KHC,34.97999954223633,35.220001220703125,34.45000076293945,34.61000061035156,29.499059677124023,7369100
2022-09-16,KHC,34.5099983215332,34.84000015258789,34.2599983215332,34.709999084472656,29.58428955078125,30286300
2022-09-16,KHC,34.5099983215332,34.84000015258789,34.2599983215332,34.709999084472656,29.58428955078125,30286300
2022-09-19,KHC,34.70000076293945,35.040000915527344,34.57500076293945,34.61000061035156,29.499059677124023,9566900
2022-09-19,KHC,34.70000076293945,35.040000915527344,34.57500076293945,34.61000061035156,29.499059677124023,9566900
2022-09-20,KHC,34.45000076293945,34.4900016784668,33.790000915527344,33.939998626708984,28.928001403808597,8995600
2022-09-20,KHC,34.45000076293945,34.4900016784668,33.790000915527344,33.939998626708984,28.928001403808597,8995600
2022-09-21,KHC,34.33000183105469,35.15999984741211,34.0099983215332,34.439998626708984,29.35416030883789,9057700
2022-09-21,KHC,34.33000183105469,35.15999984741211,34.0099983215332,34.439998626708984,29.35416030883789,9057700
2022-09-22,KHC,34.494998931884766,34.685001373291016,34.2400016784668,34.2599983215332,29.20073890686035,5921500
2022-09-22,KHC,34.494998931884766,34.685001373291016,34.2400016784668,34.2599983215332,29.20073890686035,5921500
2022-09-23,KHC,34.09000015258789,34.31999969482422,33.459999084472656,33.91999816894531,28.91094970703125,8006100
2022-09-23,KHC,34.09000015258789,34.31999969482422,33.459999084472656,33.91999816894531,28.91094970703125,8006100
2022-09-26,KHC,33.72999954223633,34.310001373291016,33.72999954223633,34.060001373291016,29.030282974243164,7798600
2022-09-26,KHC,33.72999954223633,34.310001373291016,33.72999954223633,34.060001373291016,29.030282974243164,7798600
2022-09-27,KHC,34.09000015258789,34.45000076293945,32.88999938964844,32.95000076293945,28.08419609069824,8853600
2022-09-27,KHC,34.09000015258789,34.45000076293945,32.88999938964844,32.95000076293945,28.08419609069824,8853600
2022-09-28,KHC,33.04999923706055,33.81999969482422,32.72999954223633,33.619998931884766,28.655254364013672,7116200
2022-09-28,KHC,33.04999923706055,33.81999969482422,32.72999954223633,33.619998931884766,28.655254364013672,7116200
2022-09-29,KHC,33.51499938964844,33.685001373291016,33.084999084472656,33.560001373291016,28.60411834716797,7118400
2022-09-29,KHC,33.51499938964844,33.685001373291016,33.084999084472656,33.560001373291016,28.60411834716797,7118400
2022-09-30,KHC,33.599998474121094,33.65999984741211,33.220001220703125,33.349998474121094,28.425127029418945,8922600
2022-09-30,KHC,33.599998474121094,33.65999984741211,33.220001220703125,33.349998474121094,28.425127029418945,8922600
2022-10-03,KHC,33.56999969482422,34.08000183105469,33.36000061035156,33.959999084472656,28.945045471191406,6707700
2022-10-03,KHC,33.56999969482422,34.08000183105469,33.36000061035156,33.959999084472656,28.945045471191406,6707700
2022-10-04,KHC,34.0099983215332,34.689998626708984,33.9900016784668,34.33000183105469,29.260406494140625,7647800
2022-10-04,KHC,34.0099983215332,34.689998626708984,33.9900016784668,34.33000183105469,29.260406494140625,7647800
2022-10-05,KHC,34.099998474121094,34.13999938964844,33.17499923706055,33.88999938964844,28.88538360595703,6307400
2022-10-05,KHC,34.099998474121094,34.13999938964844,33.17499923706055,33.88999938964844,28.88538360595703,6307400
2022-10-06,KHC,33.900001525878906,33.939998626708984,33.27000045776367,33.41999816894531,28.48478889465332,5815700
2022-10-06,KHC,33.900001525878906,33.939998626708984,33.27000045776367,33.41999816894531,28.48478889465332,5815700
2022-10-07,KHC,33.400001525878906,33.4900016784668,32.810001373291016,33.029998779296875,28.15238380432129,6786200
2022-10-07,KHC,33.400001525878906,33.4900016784668,32.810001373291016,33.029998779296875,28.15238380432129,6786200
2022-10-10,KHC,34.0,34.470001220703125,33.54999923706055,34.06999969482422,29.038801193237305,11388100
2022-10-10,KHC,34.0,34.470001220703125,33.54999923706055,34.06999969482422,29.038801193237305,11388100
2022-10-11,KHC,33.88399887084961,35.029998779296875,33.86000061035156,34.939998626708984,29.78032684326172,10133600
2022-10-11,KHC,33.88399887084961,35.029998779296875,33.86000061035156,34.939998626708984,29.78032684326172,10133600
2022-10-12,KHC,35.15999984741211,35.66999816894531,35.040000915527344,35.29999923706055,30.08716583251953,9506600
2022-10-12,KHC,35.15999984741211,35.66999816894531,35.040000915527344,35.29999923706055,30.08716583251953,9506600
2022-10-13,KHC,34.970001220703125,35.970001220703125,34.86000061035156,35.779998779296875,30.496288299560547,9355400
2022-10-13,KHC,34.970001220703125,35.970001220703125,34.86000061035156,35.779998779296875,30.496288299560547,9355400
2022-10-14,KHC,35.79999923706055,36.47999954223633,35.61000061035156,35.72999954223633,30.45366668701172,10926000
2022-10-14,KHC,35.79999923706055,36.47999954223633,35.61000061035156,35.72999954223633,30.45366668701172,10926000
2022-10-17,KHC,35.869998931884766,36.17499923706055,35.459999084472656,35.4900016784668,30.249113082885746,6234800
2022-10-17,KHC,35.869998931884766,36.17499923706055,35.459999084472656,35.4900016784668,30.249113082885746,6234800
2022-10-18,KHC,35.66999816894531,36.20500183105469,35.65999984741211,36.06999969482422,30.743453979492188,6807200
2022-10-18,KHC,35.66999816894531,36.20500183105469,35.65999984741211,36.06999969482422,30.743453979492188,6807200
2022-10-19,KHC,36.02999877929688,36.35499954223633,35.94499969482422,36.290000915527344,30.93097305297852,6906900
2022-10-19,KHC,36.02999877929688,36.35499954223633,35.94499969482422,36.290000915527344,30.93097305297852,6906900
2022-10-20,KHC,36.36000061035156,36.43000030517578,35.310001373291016,35.34000015258789,30.121257781982425,7197200
2022-10-20,KHC,36.36000061035156,36.43000030517578,35.310001373291016,35.34000015258789,30.121257781982425,7197200
2022-10-21,KHC,35.130001068115234,35.4900016784668,34.88999938964844,35.209999084472656,30.01045608520508,10239000
2022-10-21,KHC,35.130001068115234,35.4900016784668,34.88999938964844,35.209999084472656,30.01045608520508,10239000
2022-10-24,KHC,35.77000045776367,36.59999847412109,35.70000076293945,36.52000045776367,31.127002716064453,8151200
2022-10-24,KHC,35.77000045776367,36.59999847412109,35.70000076293945,36.52000045776367,31.127002716064453,8151200
2022-10-25,KHC,36.45000076293945,37.18000030517578,36.06999969482422,37.060001373291016,31.58726501464844,10129900
2022-10-25,KHC,36.45000076293945,37.18000030517578,36.06999969482422,37.060001373291016,31.58726501464844,10129900
2022-10-26,KHC,37.900001525878906,38.08000183105469,36.119998931884766,36.90999984741211,31.45941734313965,10994100
2022-10-26,KHC,37.900001525878906,38.08000183105469,36.119998931884766,36.90999984741211,31.45941734313965,10994100
2022-10-27,KHC,37.15999984741211,38.68000030517578,37.060001373291016,38.02000045776367,32.405494689941406,12208400
2022-10-27,KHC,37.15999984741211,38.68000030517578,37.060001373291016,38.02000045776367,32.405494689941406,12208400
2022-10-28,KHC,38.07500076293945,39.04999923706055,37.75,38.93999862670898,33.18963623046875,8848400
2022-10-28,KHC,38.07500076293945,39.04999923706055,37.75,38.93999862670898,33.18963623046875,8848400
2022-10-31,KHC,38.93000030517578,38.9900016784668,38.209999084472656,38.470001220703125,32.78904724121094,9104500
2022-10-31,KHC,38.93000030517578,38.9900016784668,38.209999084472656,38.470001220703125,32.78904724121094,9104500
2022-11-01,KHC,38.45000076293945,38.52000045776367,38.17499923706055,38.220001220703125,32.57596206665039,5966500
2022-11-01,KHC,38.45000076293945,38.52000045776367,38.17499923706055,38.220001220703125,32.57596206665039,5966500
2022-11-02,KHC,38.2599983215332,39.040000915527344,38.05500030517578,38.119998931884766,32.49073028564453,6467000
2022-11-02,KHC,38.2599983215332,39.040000915527344,38.05500030517578,38.119998931884766,32.49073028564453,6467000
2022-11-03,KHC,37.97999954223633,38.18999862670898,37.75,37.9900016784668,32.37992477416992,5936500
2022-11-03,KHC,37.97999954223633,38.18999862670898,37.75,37.9900016784668,32.37992477416992,5936500
2022-11-04,KHC,38.09999847412109,38.459999084472656,37.492000579833984,38.02000045776367,32.405494689941406,5799000
2022-11-04,KHC,38.09999847412109,38.459999084472656,37.492000579833984,38.02000045776367,32.405494689941406,5799000
2022-11-07,KHC,38.2599983215332,38.54999923706055,37.94499969482422,38.16999816894531,32.53334426879883,4666000
2022-11-07,KHC,38.2599983215332,38.54999923706055,37.94499969482422,38.16999816894531,32.53334426879883,4666000
2022-11-08,KHC,38.36000061035156,38.505001068115234,37.7400016784668,38.09999847412109,32.47368240356445,4825400
2022-11-08,KHC,38.36000061035156,38.505001068115234,37.7400016784668,38.09999847412109,32.47368240356445,4825400
2022-11-09,KHC,38.040000915527344,38.380001068115234,37.65999984741211,37.72999954223633,32.158321380615234,5006500
2022-11-09,KHC,38.040000915527344,38.380001068115234,37.65999984741211,37.72999954223633,32.158321380615234,5006500
2022-11-10,KHC,38.41999816894531,38.43000030517578,37.244998931884766,37.869998931884766,32.27763748168945,8742600
2022-11-10,KHC,38.41999816894531,38.43000030517578,37.244998931884766,37.869998931884766,32.27763748168945,8742600
2022-11-11,KHC,37.72999954223633,37.77999877929688,36.025001525878906,36.9900016784668,31.52760505676269,8622500
2022-11-11,KHC,37.72999954223633,37.77999877929688,36.025001525878906,36.9900016784668,31.52760505676269,8622500
2022-11-14,KHC,37.13999938964844,37.76499938964844,36.790000915527344,36.81999969482422,31.38270378112793,7884400
2022-11-14,KHC,37.13999938964844,37.76499938964844,36.790000915527344,36.81999969482422,31.38270378112793,7884400
2022-11-15,KHC,37.18999862670898,37.23799896240234,36.54999923706055,37.040000915527344,31.570220947265625,5663100
2022-11-15,KHC,37.18999862670898,37.23799896240234,36.54999923706055,37.040000915527344,31.570220947265625,5663100
2022-11-16,KHC,37.25,37.97999954223633,37.20000076293945,37.68999862670898,32.124229431152344,7042100
2022-11-16,KHC,37.25,37.97999954223633,37.20000076293945,37.68999862670898,32.124229431152344,7042100
2022-11-17,KHC,37.40999984741211,37.81999969482422,37.40999984741211,37.75,32.17536926269531,5531200
2022-11-17,KHC,37.40999984741211,37.81999969482422,37.40999984741211,37.75,32.17536926269531,5531200
2022-11-18,KHC,38.02000045776367,38.13999938964844,37.71500015258789,38.09999847412109,32.47368240356445,7592200
2022-11-18,KHC,38.02000045776367,38.13999938964844,37.71500015258789,38.09999847412109,32.47368240356445,7592200
2022-11-21,KHC,38.25,38.54499816894531,38.02999877929688,38.43999862670898,32.76347351074219,5207700
2022-11-21,KHC,38.25,38.54499816894531,38.02999877929688,38.43999862670898,32.76347351074219,5207700
2022-11-22,KHC,38.619998931884766,39.060001373291016,38.595001220703125,38.959999084472656,33.20668411254883,6365700
2022-11-22,KHC,38.619998931884766,39.060001373291016,38.595001220703125,38.959999084472656,33.20668411254883,6365700
2022-11-23,KHC,38.4900016784668,38.95000076293945,38.47999954223633,38.900001525878906,33.499488830566406,5402500
2022-11-23,KHC,38.4900016784668,38.95000076293945,38.47999954223633,38.900001525878906,33.499488830566406,5402500
2022-11-25,KHC,39.08000183105469,39.18000030517578,38.869998931884766,38.900001525878906,33.499488830566406,3595300
2022-11-25,KHC,39.08000183105469,39.18000030517578,38.869998931884766,38.900001525878906,33.499488830566406,3595300
2022-11-28,KHC,39.0,39.27000045776367,38.709999084472656,38.869998931884766,33.47364807128906,6732600
2022-11-28,KHC,39.0,39.27000045776367,38.709999084472656,38.869998931884766,33.47364807128906,6732600
2022-11-29,KHC,38.77000045776367,39.084999084472656,38.68000030517578,39.040000915527344,33.62004852294922,4773500
2022-11-29,KHC,38.77000045776367,39.084999084472656,38.68000030517578,39.040000915527344,33.62004852294922,4773500
2022-11-30,KHC,38.79999923706055,39.39500045776367,38.3650016784668,39.34999847412109,33.88700485229492,8672900
2022-11-30,KHC,38.79999923706055,39.39500045776367,38.3650016784668,39.34999847412109,33.88700485229492,8672900
2022-12-01,KHC,39.459999084472656,40.09999847412109,39.30500030517578,39.4900016784668,34.007572174072266,7710100
2022-12-01,KHC,39.459999084472656,40.09999847412109,39.30500030517578,39.4900016784668,34.007572174072266,7710100
2022-12-02,KHC,39.2599983215332,39.880001068115234,39.2400016784668,39.83000183105469,34.30036544799805,4835600
2022-12-02,KHC,39.2599983215332,39.880001068115234,39.2400016784668,39.83000183105469,34.30036544799805,4835600
2022-12-05,KHC,39.560001373291016,39.72999954223633,39.369998931884766,39.619998931884766,34.11952590942383,4985700
2022-12-05,KHC,39.560001373291016,39.72999954223633,39.369998931884766,39.619998931884766,34.11952590942383,4985700
2022-12-06,KHC,39.56999969482422,40.26499938964844,39.25,39.41999816894531,33.947288513183594,5136000
2022-12-06,KHC,39.56999969482422,40.26499938964844,39.25,39.41999816894531,33.947288513183594,5136000
2022-12-07,KHC,39.75,39.93999862670898,39.36000061035156,39.88999938964844,34.35203552246094,5307600
2022-12-07,KHC,39.75,39.93999862670898,39.36000061035156,39.88999938964844,34.35203552246094,5307600
2022-12-08,KHC,39.93999862670898,40.27999877929688,39.77000045776367,40.13999938964844,34.56732940673828,6093600
2022-12-08,KHC,39.93999862670898,40.27999877929688,39.77000045776367,40.13999938964844,34.56732940673828,6093600
2022-12-09,KHC,40.31999969482422,40.43999862670898,39.90999984741211,39.93999862670898,34.39509582519531,5887400
2022-12-09,KHC,40.31999969482422,40.43999862670898,39.90999984741211,39.93999862670898,34.39509582519531,5887400
2022-12-12,KHC,40.02000045776367,40.31499862670898,39.83000183105469,40.27999877929688,34.68790054321289,4650800
2022-12-12,KHC,40.02000045776367,40.31499862670898,39.83000183105469,40.27999877929688,34.68790054321289,4650800
2022-12-13,KHC,40.5,40.630001068115234,39.95000076293945,39.970001220703125,34.420928955078125,5797300
2022-12-13,KHC,40.5,40.630001068115234,39.95000076293945,39.970001220703125,34.420928955078125,5797300
2022-12-14,KHC,40.13999938964844,40.59999847412109,39.9900016784668,40.15999984741211,34.58456039428711,7140700
2022-12-14,KHC,40.13999938964844,40.59999847412109,39.9900016784668,40.15999984741211,34.58456039428711,7140700
2022-12-15,KHC,40.0099983215332,40.040000915527344,39.459999084472656,39.83000183105469,34.30036544799805,6140800
2022-12-15,KHC,40.0099983215332,40.040000915527344,39.459999084472656,39.83000183105469,34.30036544799805,6140800
2022-12-16,KHC,39.5,39.970001220703125,39.18999862670898,39.91999816894531,34.377872467041016,10880200
2022-12-16,KHC,39.5,39.970001220703125,39.18999862670898,39.91999816894531,34.377872467041016,10880200
2022-12-19,KHC,40.02999877929688,40.45500183105469,39.84999847412109,40.11000061035156,34.54149627685547,7268900
2022-12-19,KHC,40.02999877929688,40.45500183105469,39.84999847412109,40.11000061035156,34.54149627685547,7268900
2022-12-20,KHC,40.025001525878906,40.05500030517578,39.47999954223633,39.790000915527344,34.265926361083984,5525100
2022-12-20,KHC,40.025001525878906,40.05500030517578,39.47999954223633,39.790000915527344,34.265926361083984,5525100
2022-12-21,KHC,40.0,40.3849983215332,39.90499877929688,40.18000030517578,34.60177993774414,4822200
2022-12-21,KHC,40.0,40.3849983215332,39.90499877929688,40.18000030517578,34.60177993774414,4822200
2022-12-22,KHC,40.119998931884766,40.650001525878906,39.810001373291016,40.36000061035156,34.75679397583008,6832300
2022-12-22,KHC,40.119998931884766,40.650001525878906,39.810001373291016,40.36000061035156,34.75679397583008,6832300
2022-12-23,KHC,40.400001525878906,40.66999816894531,40.369998931884766,40.52000045776367,34.894569396972656,4947800
2022-12-23,KHC,40.400001525878906,40.66999816894531,40.369998931884766,40.52000045776367,34.894569396972656,4947800
2022-12-27,KHC,40.619998931884766,41.040000915527344,40.51499938964844,40.959999084472656,35.27349090576172,5298200
2022-12-27,KHC,40.619998931884766,41.040000915527344,40.51499938964844,40.959999084472656,35.27349090576172,5298200
2022-12-28,KHC,41.06999969482422,41.18999862670898,40.380001068115234,40.43999862670898,34.82568359375,4724500
2022-12-28,KHC,41.06999969482422,41.18999862670898,40.380001068115234,40.43999862670898,34.82568359375,4724500
2022-12-29,KHC,40.38999938964844,40.790000915527344,40.31999969482422,40.68000030517578,35.032371520996094,3910500
2022-12-29,KHC,40.38999938964844,40.790000915527344,40.31999969482422,40.68000030517578,35.032371520996094,3910500
2022-12-30,KHC,40.56999969482422,40.869998931884766,40.40999984741211,40.709999084472656,35.058204650878906,4344700
2022-12-30,KHC,40.56999969482422,40.869998931884766,40.40999984741211,40.709999084472656,35.058204650878906,4344700
2023-01-03,KHC,40.52999877929688,40.85499954223633,40.28499984741211,40.77999877929688,35.11847686767578,5749000
2023-01-03,KHC,40.52999877929688,40.85499954223633,40.28499984741211,40.77999877929688,35.11847686767578,5749000
2023-01-04,KHC,41.040000915527344,41.584999084472656,40.900001525878906,41.2400016784668,35.51461410522461,8199500
2023-01-04,KHC,41.040000915527344,41.584999084472656,40.900001525878906,41.2400016784668,35.51461410522461,8199500
2023-01-05,KHC,41.38999938964844,41.59000015258789,41.18999862670898,41.33000183105469,35.592132568359375,6608600
2023-01-05,KHC,41.38999938964844,41.59000015258789,41.18999862670898,41.33000183105469,35.592132568359375,6608600
2023-01-06,KHC,41.93999862670898,42.77999877929688,41.77999877929688,42.59000015258789,36.67719650268555,6424100
2023-01-06,KHC,41.93999862670898,42.77999877929688,41.77999877929688,42.59000015258789,36.67719650268555,6424100
2023-01-09,KHC,42.38999938964844,42.79999923706055,42.18999862670898,42.20000076293945,36.341339111328125,9772700
2023-01-09,KHC,42.38999938964844,42.79999923706055,42.18999862670898,42.20000076293945,36.341339111328125,9772700
2023-01-10,KHC,42.150001525878906,42.56999969482422,42.13999938964844,42.33000183105469,36.45329284667969,6925500
2023-01-10,KHC,42.150001525878906,42.56999969482422,42.13999938964844,42.33000183105469,36.45329284667969,6925500
2023-01-11,KHC,42.5,42.68999862670898,42.255001068115234,42.560001373291016,36.651363372802734,8550500
2023-01-11,KHC,42.5,42.68999862670898,42.255001068115234,42.560001373291016,36.651363372802734,8550500
2023-01-12,KHC,42.59999847412109,42.71500015258789,42.27000045776367,42.43000030517578,36.53940963745117,7034700
2023-01-12,KHC,42.59999847412109,42.71500015258789,42.27000045776367,42.43000030517578,36.53940963745117,7034700
2023-01-13,KHC,42.22999954223633,42.560001373291016,42.18999862670898,42.41999816894531,36.53079605102539,5982500
2023-01-13,KHC,42.22999954223633,42.560001373291016,42.18999862670898,42.41999816894531,36.53079605102539,5982500
2023-01-17,KHC,42.36000061035156,42.619998931884766,42.22999954223633,42.33000183105469,36.45329284667969,9789400
2023-01-17,KHC,42.36000061035156,42.619998931884766,42.22999954223633,42.33000183105469,36.45329284667969,9789400
2023-01-18,KHC,42.11000061035156,42.20000076293945,39.560001373291016,39.65999984741211,34.15396881103516,20037600
2023-01-18,KHC,42.11000061035156,42.20000076293945,39.560001373291016,39.65999984741211,34.15396881103516,20037600
2023-01-19,KHC,39.65999984741211,40.34000015258789,39.641998291015625,40.040000915527344,34.4812126159668,9779400
2023-01-19,KHC,39.65999984741211,40.34000015258789,39.641998291015625,40.040000915527344,34.4812126159668,9779400
2023-01-20,KHC,39.935001373291016,39.9900016784668,39.30500030517578,39.880001068115234,34.34343719482422,8773800
2023-01-20,KHC,39.935001373291016,39.9900016784668,39.30500030517578,39.880001068115234,34.34343719482422,8773800
2023-01-23,KHC,40.02999877929688,40.459999084472656,39.85499954223633,40.2599983215332,34.67066955566406,6536700
2023-01-23,KHC,40.02999877929688,40.459999084472656,39.85499954223633,40.2599983215332,34.67066955566406,6536700
2023-01-24,KHC,40.20000076293945,40.400001525878906,39.56999969482422,39.81999969482422,34.2917594909668,5834700
2023-01-24,KHC,40.20000076293945,40.400001525878906,39.56999969482422,39.81999969482422,34.2917594909668,5834700
2023-01-25,KHC,39.650001525878906,40.04999923706055,39.290000915527344,39.95000076293945,34.403709411621094,4438500
2023-01-25,KHC,39.650001525878906,40.04999923706055,39.290000915527344,39.95000076293945,34.403709411621094,4438500
2023-01-26,KHC,39.86000061035156,39.86000061035156,39.15999984741211,39.65999984741211,34.15396881103516,5426000
2023-01-26,KHC,39.86000061035156,39.86000061035156,39.15999984741211,39.65999984741211,34.15396881103516,5426000
2023-01-27,KHC,39.630001068115234,39.76499938964844,39.08000183105469,39.68999862670898,34.179805755615234,5215200
2023-01-27,KHC,39.630001068115234,39.76499938964844,39.08000183105469,39.68999862670898,34.179805755615234,5215200
2023-01-30,KHC,39.77999877929688,40.59000015258789,39.77000045776367,40.369998931884766,34.76539993286133,6228200
2023-01-30,KHC,39.77999877929688,40.59000015258789,39.77000045776367,40.369998931884766,34.76539993286133,6228200
2023-01-31,KHC,40.560001373291016,40.68000030517578,40.005001068115234,40.52999877929688,34.903194427490234,7437800
2023-01-31,KHC,40.560001373291016,40.68000030517578,40.005001068115234,40.52999877929688,34.903194427490234,7437800
2023-02-01,KHC,40.41999816894531,40.790000915527344,40.15999984741211,40.540000915527344,34.91179656982422,6064400
2023-02-01,KHC,40.41999816894531,40.790000915527344,40.15999984741211,40.540000915527344,34.91179656982422,6064400
2023-02-02,KHC,40.040000915527344,40.15499877929688,39.709999084472656,39.9900016784668,34.43816375732422,8767000
2023-02-02,KHC,40.040000915527344,40.15499877929688,39.709999084472656,39.9900016784668,34.43816375732422,8767000
2023-02-03,KHC,40.09999847412109,40.18000030517578,39.21500015258789,39.380001068115234,33.9128532409668,6196100
2023-02-03,KHC,40.09999847412109,40.18000030517578,39.21500015258789,39.380001068115234,33.9128532409668,6196100
2023-02-06,KHC,39.34999847412109,39.959999084472656,39.150001525878906,39.93000030517578,34.38648986816406,6517300
2023-02-06,KHC,39.34999847412109,39.959999084472656,39.150001525878906,39.93000030517578,34.38648986816406,6517300
2023-02-07,KHC,39.709999084472656,39.709999084472656,39.13999938964844,39.540000915527344,34.050628662109375,6112600
2023-02-07,KHC,39.709999084472656,39.709999084472656,39.13999938964844,39.540000915527344,34.050628662109375,6112600
2023-02-08,KHC,39.400001525878906,39.540000915527344,39.0,39.06999969482422,33.64588928222656,6002400
2023-02-08,KHC,39.400001525878906,39.540000915527344,39.0,39.06999969482422,33.64588928222656,6002400
2023-02-09,KHC,39.310001373291016,39.34000015258789,38.68000030517578,38.88999938964844,33.49086380004883,4941900
2023-02-09,KHC,39.310001373291016,39.34000015258789,38.68000030517578,38.88999938964844,33.49086380004883,4941900
2023-02-10,KHC,38.97999954223633,39.84999847412109,38.93999862670898,39.630001068115234,34.128135681152344,5555200
2023-02-10,KHC,38.97999954223633,39.84999847412109,38.93999862670898,39.630001068115234,34.128135681152344,5555200
2023-02-13,KHC,39.81999969482422,40.380001068115234,39.7599983215332,40.33000183105469,34.730953216552734,6591800
2023-02-13,KHC,39.81999969482422,40.380001068115234,39.7599983215332,40.33000183105469,34.730953216552734,6591800
2023-02-14,KHC,40.380001068115234,40.40999984741211,39.7400016784668,39.880001068115234,34.34343719482422,7316000
2023-02-14,KHC,40.380001068115234,40.40999984741211,39.7400016784668,39.880001068115234,34.34343719482422,7316000
2023-02-15,KHC,39.810001373291016,40.27999877929688,39.380001068115234,40.130001068115234,34.55872344970703,7756100
2023-02-15,KHC,39.810001373291016,40.27999877929688,39.380001068115234,40.130001068115234,34.55872344970703,7756100
2023-02-16,KHC,39.52999877929688,39.8849983215332,39.27999877929688,39.77999877929688,34.25730895996094,8923000
2023-02-16,KHC,39.52999877929688,39.8849983215332,39.27999877929688,39.77999877929688,34.25730895996094,8923000
2023-02-17,KHC,39.7599983215332,40.20000076293945,39.619998931884766,40.0,34.4467658996582,10134500
2023-02-17,KHC,39.7599983215332,40.20000076293945,39.619998931884766,40.0,34.4467658996582,10134500
2023-02-21,KHC,40.0,40.25,39.27999877929688,39.869998931884766,34.334815979003906,8349000
2023-02-21,KHC,40.0,40.25,39.27999877929688,39.869998931884766,34.334815979003906,8349000
2023-02-22,KHC,40.040000915527344,40.040000915527344,39.470001220703125,39.58000183105469,34.0850715637207,6589400
2023-02-22,KHC,40.040000915527344,40.040000915527344,39.470001220703125,39.58000183105469,34.0850715637207,6589400
2023-02-23,KHC,39.52999877929688,39.89500045776367,39.47999954223633,39.75,34.231475830078125,4959200
2023-02-23,KHC,39.52999877929688,39.89500045776367,39.47999954223633,39.75,34.231475830078125,4959200
2023-02-24,KHC,39.630001068115234,39.82500076293945,39.45000076293945,39.61000061035156,34.11091232299805,5082100
2023-02-24,KHC,39.630001068115234,39.82500076293945,39.45000076293945,39.61000061035156,34.11091232299805,5082100
2023-02-27,KHC,39.810001373291016,40.01499938964844,39.54100036621094,39.65999984741211,34.15396881103516,4497200
2023-02-27,KHC,39.810001373291016,40.01499938964844,39.54100036621094,39.65999984741211,34.15396881103516,4497200
2023-02-28,KHC,39.68999862670898,39.68999862670898,38.869998931884766,38.93999862670898,33.53392791748047,8956200
2023-02-28,KHC,39.68999862670898,39.68999862670898,38.869998931884766,38.93999862670898,33.53392791748047,8956200
2023-03-01,KHC,38.869998931884766,38.900001525878906,38.09999847412109,38.400001525878906,33.06889343261719,5550400
2023-03-01,KHC,38.869998931884766,38.900001525878906,38.09999847412109,38.400001525878906,33.06889343261719,5550400
2023-03-02,KHC,38.5099983215332,38.8849983215332,38.369998931884766,38.65999984741211,33.29280090332031,3976800
2023-03-02,KHC,38.5099983215332,38.8849983215332,38.369998931884766,38.65999984741211,33.29280090332031,3976800
2023-03-03,KHC,38.560001373291016,39.165000915527344,38.09999847412109,39.040000915527344,33.62004852294922,5627800
2023-03-03,KHC,38.560001373291016,39.165000915527344,38.09999847412109,39.040000915527344,33.62004852294922,5627800
2023-03-06,KHC,38.95000076293945,39.060001373291016,38.7400016784668,38.9900016784668,33.57698440551758,4142900
2023-03-06,KHC,38.95000076293945,39.060001373291016,38.7400016784668,38.9900016784668,33.57698440551758,4142900
2023-03-07,KHC,38.869998931884766,38.93999862670898,38.44499969482422,38.63999938964844,33.275577545166016,4813000
2023-03-07,KHC,38.869998931884766,38.93999862670898,38.44499969482422,38.63999938964844,33.275577545166016,4813000
2023-03-08,KHC,38.7400016784668,38.76300048828125,38.03499984741211,38.31999969482422,33.000003814697266,5839600
2023-03-08,KHC,38.7400016784668,38.76300048828125,38.03499984741211,38.31999969482422,33.000003814697266,5839600
2023-03-09,KHC,37.8650016784668,38.15999984741211,37.619998931884766,37.790000915527344,32.88687896728516,6423800
2023-03-09,KHC,37.8650016784668,38.15999984741211,37.619998931884766,37.790000915527344,32.88687896728516,6423800
2023-03-10,KHC,37.84000015258789,38.06999969482422,37.75,37.93999862670898,33.01742172241211,5349500
2023-03-10,KHC,37.84000015258789,38.06999969482422,37.75,37.93999862670898,33.01742172241211,5349500
2023-03-13,KHC,37.72999954223633,38.7400016784668,37.72999954223633,38.119998931884766,33.17405700683594,7654300
2023-03-13,KHC,37.72999954223633,38.7400016784668,37.72999954223633,38.119998931884766,33.17405700683594,7654300
2023-03-14,KHC,38.060001373291016,38.209999084472656,37.709999084472656,38.13999938964844,33.19145965576172,8377600
2023-03-14,KHC,38.060001373291016,38.209999084472656,37.709999084472656,38.13999938964844,33.19145965576172,8377600
2023-03-15,KHC,37.77999877929688,38.15999984741211,37.4900016784668,38.11000061035156,33.16535186767578,6029900
2023-03-15,KHC,37.77999877929688,38.15999984741211,37.4900016784668,38.11000061035156,33.16535186767578,6029900
2023-03-16,KHC,38.0,38.220001220703125,37.56999969482422,38.18000030517578,33.22627258300781,7558800
2023-03-16,KHC,38.0,38.220001220703125,37.56999969482422,38.18000030517578,33.22627258300781,7558800
2023-03-17,KHC,38.09999847412109,38.09999847412109,37.42499923706055,37.630001068115234,32.74763107299805,11363400
2023-03-17,KHC,38.09999847412109,38.09999847412109,37.42499923706055,37.630001068115234,32.74763107299805,11363400
2023-03-20,KHC,37.68999862670898,38.18999862670898,37.630001068115234,37.93999862670898,33.01742172241211,6216200
2023-03-20,KHC,37.68999862670898,38.18999862670898,37.630001068115234,37.93999862670898,33.01742172241211,6216200
2023-03-21,KHC,38.040000915527344,38.13999938964844,37.79499816894531,38.040000915527344,33.10443878173828,6405500
2023-03-21,KHC,38.040000915527344,38.13999938964844,37.79499816894531,38.040000915527344,33.10443878173828,6405500
2023-03-22,KHC,38.150001525878906,38.33599853515625,37.560001373291016,37.56999969482422,32.69541549682617,4445800
2023-03-22,KHC,38.150001525878906,38.33599853515625,37.560001373291016,37.56999969482422,32.69541549682617,4445800
2023-03-23,KHC,37.43999862670898,37.79499816894531,37.22299957275391,37.41999816894531,32.564876556396484,5383900
2023-03-23,KHC,37.43999862670898,37.79499816894531,37.22299957275391,37.41999816894531,32.564876556396484,5383900
2023-03-24,KHC,37.5,38.220001220703125,37.41999816894531,38.18000030517578,33.22627258300781,4940700
2023-03-24,KHC,37.5,38.220001220703125,37.41999816894531,38.18000030517578,33.22627258300781,4940700
2023-03-27,KHC,38.290000915527344,38.75,38.290000915527344,38.59999847412109,33.59177017211914,5427700
2023-03-27,KHC,38.290000915527344,38.75,38.290000915527344,38.59999847412109,33.59177017211914,5427700
2023-03-28,KHC,38.619998931884766,38.89500045776367,38.36000061035156,38.38999938964844,33.40902328491211,4118300
2023-03-28,KHC,38.619998931884766,38.89500045776367,38.36000061035156,38.38999938964844,33.40902328491211,4118300
2023-03-29,KHC,38.59999847412109,38.95000076293945,38.58100128173828,38.66999816894531,33.65269088745117,4518200
2023-03-29,KHC,38.59999847412109,38.95000076293945,38.58100128173828,38.66999816894531,33.65269088745117,4518200
2023-03-30,KHC,38.79999923706055,39.03499984741211,38.584999084472656,38.84000015258789,33.80064010620117,4557300
2023-03-30,KHC,38.79999923706055,39.03499984741211,38.584999084472656,38.84000015258789,33.80064010620117,4557300
2023-03-31,KHC,39.0,39.0,38.345001220703125,38.66999816894531,33.65269088745117,6192800
2023-03-31,KHC,39.0,39.0,38.345001220703125,38.66999816894531,33.65269088745117,6192800
2023-04-03,KHC,38.709999084472656,39.060001373291016,38.55500030517578,38.84999847412109,33.80934524536133,5605200
2023-04-03,KHC,38.709999084472656,39.060001373291016,38.55500030517578,38.84999847412109,33.80934524536133,5605200
2023-04-04,KHC,38.810001373291016,38.900001525878906,38.165000915527344,38.61000061035156,33.60048294067383,7471900
2023-04-04,KHC,38.810001373291016,38.900001525878906,38.165000915527344,38.61000061035156,33.60048294067383,7471900
2023-04-05,KHC,38.790000915527344,39.290000915527344,38.7400016784668,39.02000045776367,33.95728302001953,6513200
2023-04-05,KHC,38.790000915527344,39.290000915527344,38.7400016784668,39.02000045776367,33.95728302001953,6513200
2023-04-06,KHC,39.14500045776367,39.36000061035156,38.970001220703125,39.13999938964844,34.06171798706055,4978100
2023-04-06,KHC,39.14500045776367,39.36000061035156,38.970001220703125,39.13999938964844,34.06171798706055,4978100
2023-04-10,KHC,39.20000076293945,39.220001220703125,38.79100036621094,39.09999847412109,34.02690124511719,4284500
2023-04-10,KHC,39.20000076293945,39.220001220703125,38.79100036621094,39.09999847412109,34.02690124511719,4284500
2023-04-11,KHC,39.20000076293945,39.31499862670898,38.95000076293945,39.25,34.15745162963867,5741800
2023-04-11,KHC,39.20000076293945,39.31499862670898,38.95000076293945,39.25,34.15745162963867,5741800
2023-04-12,KHC,39.20000076293945,39.52000045776367,39.060001373291016,39.27999877929688,34.183555603027344,4475500
2023-04-12,KHC,39.20000076293945,39.52000045776367,39.060001373291016,39.27999877929688,34.183555603027344,4475500
2023-04-13,KHC,39.27999877929688,39.27999877929688,38.70000076293945,39.16999816894531,34.08782196044922,5721600
2023-04-13,KHC,39.27999877929688,39.27999877929688,38.70000076293945,39.16999816894531,34.08782196044922,5721600
2023-04-14,KHC,39.13999938964844,39.34999847412109,38.89500045776367,39.09999847412109,34.02690124511719,4577600
2023-04-14,KHC,39.13999938964844,39.34999847412109,38.89500045776367,39.09999847412109,34.02690124511719,4577600
2023-04-17,KHC,39.18999862670898,39.54999923706055,39.09999847412109,39.540000915527344,34.409820556640625,3755300
2023-04-17,KHC,39.18999862670898,39.54999923706055,39.09999847412109,39.540000915527344,34.409820556640625,3755300
2023-04-18,KHC,39.41999816894531,39.5,39.06499862670898,39.459999084472656,34.34019088745117,4271600
2023-04-18,KHC,39.41999816894531,39.5,39.06499862670898,39.459999084472656,34.34019088745117,4271600
2023-04-19,KHC,39.52000045776367,39.560001373291016,39.20000076293945,39.470001220703125,34.348899841308594,4715800
2023-04-19,KHC,39.52000045776367,39.560001373291016,39.20000076293945,39.470001220703125,34.348899841308594,4715800
2023-04-20,KHC,39.369998931884766,39.52999877929688,39.20000076293945,39.40999984741211,34.29668426513672,3878700
2023-04-20,KHC,39.369998931884766,39.52999877929688,39.20000076293945,39.40999984741211,34.29668426513672,3878700
2023-04-21,KHC,39.400001525878906,39.4900016784668,38.94499969482422,39.220001220703125,34.1313362121582,4659700
2023-04-21,KHC,39.400001525878906,39.4900016784668,38.94499969482422,39.220001220703125,34.1313362121582,4659700
2023-04-24,KHC,39.20000076293945,39.380001068115234,39.005001068115234,39.18000030517578,34.096519470214844,3857300
2023-04-24,KHC,39.20000076293945,39.380001068115234,39.005001068115234,39.18000030517578,34.096519470214844,3857300
2023-04-25,KHC,39.18000030517578,39.630001068115234,39.11000061035156,39.43999862670898,34.322792053222656,6185000
2023-04-25,KHC,39.18000030517578,39.630001068115234,39.11000061035156,39.43999862670898,34.322792053222656,6185000
2023-04-26,KHC,39.18000030517578,39.52000045776367,39.130001068115234,39.36000061035156,34.253173828125,6803300
2023-04-26,KHC,39.18000030517578,39.52000045776367,39.130001068115234,39.36000061035156,34.253173828125,6803300
2023-04-27,KHC,39.15999984741211,39.709999084472656,39.130001068115234,39.68000030517578,34.53165054321289,5971200
2023-04-27,KHC,39.15999984741211,39.709999084472656,39.130001068115234,39.68000030517578,34.53165054321289,5971200
2023-04-28,KHC,39.7400016784668,39.84000015258789,39.18999862670898,39.27000045776367,34.17485046386719,7061600
2023-04-28,KHC,39.7400016784668,39.84000015258789,39.18999862670898,39.27000045776367,34.17485046386719,7061600
2023-05-01,KHC,39.34999847412109,39.880001068115234,39.310001373291016,39.7599983215332,34.60127258300781,7369300
2023-05-01,KHC,39.34999847412109,39.880001068115234,39.310001373291016,39.7599983215332,34.60127258300781,7369300
2023-05-02,KHC,39.77999877929688,39.810001373291016,39.150001525878906,39.45000076293945,34.33149337768555,11098000
2023-05-02,KHC,39.77999877929688,39.810001373291016,39.150001525878906,39.45000076293945,34.33149337768555,11098000
2023-05-03,KHC,40.76800155639648,41.470001220703125,40.18999862670898,40.25,35.0276985168457,20626300
2023-05-03,KHC,40.76800155639648,41.470001220703125,40.18999862670898,40.25,35.0276985168457,20626300
2023-05-04,KHC,40.47999954223633,40.91999816894531,40.255001068115234,40.84000015258789,35.54114532470703,10050100
2023-05-04,KHC,40.47999954223633,40.91999816894531,40.255001068115234,40.84000015258789,35.54114532470703,10050100
2023-05-05,KHC,40.72999954223633,41.44499969482422,40.63999938964844,41.31999969482422,35.9588737487793,7676800
2023-05-05,KHC,40.72999954223633,41.44499969482422,40.63999938964844,41.31999969482422,35.9588737487793,7676800
2023-05-08,KHC,41.2400016784668,41.33000183105469,40.90999984741211,41.08000183105469,35.75000762939453,5869900
2023-05-08,KHC,41.2400016784668,41.33000183105469,40.90999984741211,41.08000183105469,35.75000762939453,5869900
2023-05-09,KHC,41.025001525878906,41.09999847412109,40.650001525878906,40.880001068115234,35.57595443725586,7023300
2023-05-09,KHC,41.025001525878906,41.09999847412109,40.650001525878906,40.880001068115234,35.57595443725586,7023300
2023-05-10,KHC,40.66999816894531,41.09000015258789,40.400001525878906,40.68000030517578,35.401912689208984,6066200
2023-05-10,KHC,40.66999816894531,41.09000015258789,40.400001525878906,40.68000030517578,35.401912689208984,6066200
2023-05-11,KHC,40.61000061035156,40.70000076293945,40.33000183105469,40.650001525878906,35.37580108642578,4147900
2023-05-11,KHC,40.61000061035156,40.70000076293945,40.33000183105469,40.650001525878906,35.37580108642578,4147900
2023-05-12,KHC,40.56999969482422,40.7400016784668,40.51499938964844,40.65999984741211,35.38450622558594,4624500
2023-05-12,KHC,40.56999969482422,40.7400016784668,40.51499938964844,40.65999984741211,35.38450622558594,4624500
2023-05-15,KHC,40.79999923706055,40.81499862670898,40.09000015258789,40.16999816894531,34.95808029174805,5675000
2023-05-15,KHC,40.79999923706055,40.81499862670898,40.09000015258789,40.16999816894531,34.95808029174805,5675000
2023-05-16,KHC,39.95000076293945,39.970001220703125,38.97999954223633,39.0,33.939876556396484,9100700
2023-05-16,KHC,39.95000076293945,39.970001220703125,38.97999954223633,39.0,33.939876556396484,9100700
2023-05-17,KHC,38.970001220703125,39.119998931884766,38.470001220703125,38.90999984741211,33.86155319213867,7796800
2023-05-17,KHC,38.970001220703125,39.119998931884766,38.470001220703125,38.90999984741211,33.86155319213867,7796800
2023-05-18,KHC,38.560001373291016,38.91999816894531,38.33000183105469,38.90999984741211,33.86155319213867,7300300
2023-05-18,KHC,38.560001373291016,38.91999816894531,38.33000183105469,38.90999984741211,33.86155319213867,7300300
2023-05-19,KHC,39.04999923706055,39.31499862670898,38.790000915527344,39.06999969482422,34.00080108642578,5899400
2023-05-19,KHC,39.04999923706055,39.31499862670898,38.790000915527344,39.06999969482422,34.00080108642578,5899400
2023-05-22,KHC,39.27999877929688,39.34000015258789,38.6150016784668,38.7400016784668,33.7136116027832,5394000
2023-05-22,KHC,39.27999877929688,39.34000015258789,38.6150016784668,38.7400016784668,33.7136116027832,5394000
2023-05-23,KHC,38.755001068115234,39.040000915527344,38.5,38.68999862670898,33.67009735107422,7738600
2023-05-23,KHC,38.755001068115234,39.040000915527344,38.5,38.68999862670898,33.67009735107422,7738600
2023-05-24,KHC,38.900001525878906,38.970001220703125,38.4900016784668,38.720001220703125,33.69620513916016,6208400
2023-05-24,KHC,38.900001525878906,38.970001220703125,38.4900016784668,38.720001220703125,33.69620513916016,6208400
2023-05-25,KHC,38.209999084472656,38.59000015258789,38.02000045776367,38.2599983215332,33.29589080810547,7841700
2023-05-25,KHC,38.209999084472656,38.59000015258789,38.02000045776367,38.2599983215332,33.29589080810547,7841700
2023-05-26,KHC,38.30500030517578,38.43999862670898,37.85499954223633,38.34000015258789,33.36551284790039,7170700
2023-05-26,KHC,38.30500030517578,38.43999862670898,37.85499954223633,38.34000015258789,33.36551284790039,7170700
2023-05-30,KHC,38.0,38.22999954223633,37.7400016784668,37.84999847412109,32.939083099365234,7503700
2023-05-30,KHC,38.0,38.22999954223633,37.7400016784668,37.84999847412109,32.939083099365234,7503700
2023-05-31,KHC,37.900001525878906,38.380001068115234,37.76499938964844,38.220001220703125,33.26108169555664,15509900
2023-05-31,KHC,37.900001525878906,38.380001068115234,37.76499938964844,38.220001220703125,33.26108169555664,15509900
2023-06-01,KHC,38.27999877929688,38.470001220703125,38.11000061035156,38.18999862670898,33.23497772216797,6727000
2023-06-01,KHC,38.27999877929688,38.470001220703125,38.11000061035156,38.18999862670898,33.23497772216797,6727000
2023-06-02,KHC,38.15999984741211,38.540000915527344,38.040000915527344,38.5099983215332,33.51345443725586,9653100
2023-06-02,KHC,38.15999984741211,38.540000915527344,38.040000915527344,38.5099983215332,33.51345443725586,9653100
2023-06-05,KHC,38.0,38.36000061035156,37.84999847412109,38.060001373291016,33.469486236572266,6678200
2023-06-05,KHC,38.0,38.36000061035156,37.84999847412109,38.060001373291016,33.469486236572266,6678200
2023-06-06,KHC,38.150001525878906,38.29499816894531,37.459999084472656,37.790000915527344,33.232051849365234,5271000
2023-06-06,KHC,38.150001525878906,38.29499816894531,37.459999084472656,37.790000915527344,33.232051849365234,5271000
2023-06-07,KHC,37.22999954223633,37.27299880981445,36.72100067138672,36.95000076293945,32.49336242675781,11075900
2023-06-07,KHC,37.22999954223633,37.27299880981445,36.72100067138672,36.95000076293945,32.49336242675781,11075900
2023-06-08,KHC,36.84000015258789,37.220001220703125,36.66999816894531,37.18999862670898,32.70441818237305,6077000
2023-06-08,KHC,36.84000015258789,37.220001220703125,36.66999816894531,37.18999862670898,32.70441818237305,6077000
2023-06-09,KHC,36.96500015258789,37.09999847412109,36.77000045776367,36.880001068115234,32.43181610107422,7828200
2023-06-09,KHC,36.96500015258789,37.09999847412109,36.77000045776367,36.880001068115234,32.43181610107422,7828200
2023-06-12,KHC,36.790000915527344,36.92499923706055,36.27999877929688,36.58000183105469,32.16799545288086,9796700
2023-06-12,KHC,36.790000915527344,36.92499923706055,36.27999877929688,36.58000183105469,32.16799545288086,9796700
2023-06-13,KHC,36.61000061035156,36.84000015258789,36.459999084472656,36.79999923706055,32.36145782470703,6304600
2023-06-13,KHC,36.61000061035156,36.84000015258789,36.459999084472656,36.79999923706055,32.36145782470703,6304600
2023-06-14,KHC,36.68999862670898,36.91999816894531,36.41999816894531,36.66999816894531,32.24713134765625,7445300
2023-06-14,KHC,36.68999862670898,36.91999816894531,36.41999816894531,36.66999816894531,32.24713134765625,7445300
2023-06-15,KHC,36.95000076293945,37.09000015258789,36.685001373291016,36.869998931884766,32.42301177978516,7082200
2023-06-15,KHC,36.95000076293945,37.09000015258789,36.685001373291016,36.869998931884766,32.42301177978516,7082200
2023-06-16,KHC,36.81999969482422,37.13999938964844,36.43000030517578,36.9900016784668,32.52853775024414,12250500
2023-06-16,KHC,36.81999969482422,37.13999938964844,36.43000030517578,36.9900016784668,32.52853775024414,12250500
2023-06-20,KHC,37.04999923706055,37.150001525878906,36.59999847412109,36.619998931884766,32.20316696166992,6844200
2023-06-20,KHC,37.04999923706055,37.150001525878906,36.59999847412109,36.619998931884766,32.20316696166992,6844200
2023-06-21,KHC,36.5,36.61000061035156,36.0,36.06999969482422,31.719501495361328,8490300
2023-06-21,KHC,36.5,36.61000061035156,36.0,36.06999969482422,31.719501495361328,8490300
2023-06-22,KHC,36.119998931884766,36.18000030517578,35.86000061035156,36.06999969482422,31.719501495361328,5865700
2023-06-22,KHC,36.119998931884766,36.18000030517578,35.86000061035156,36.06999969482422,31.719501495361328,5865700
2023-06-23,KHC,36.09999847412109,36.25,35.880001068115234,35.90999984741211,31.57879638671875,12208400
2023-06-23,KHC,36.09999847412109,36.25,35.880001068115234,35.90999984741211,31.57879638671875,12208400
2023-06-26,KHC,35.93000030517578,35.93000030517578,35.029998779296875,35.54999923706055,31.26222038269043,6648900
2023-06-26,KHC,35.93000030517578,35.93000030517578,35.029998779296875,35.54999923706055,31.26222038269043,6648900
2023-06-27,KHC,35.72999954223633,35.77000045776367,35.40999984741211,35.58000183105469,31.288610458374023,7221400
2023-06-27,KHC,35.72999954223633,35.77000045776367,35.40999984741211,35.58000183105469,31.288610458374023,7221400
2023-06-28,KHC,35.2599983215332,35.2599983215332,34.849998474121094,35.02000045776367,30.7961483001709,8543200
2023-06-28,KHC,35.2599983215332,35.2599983215332,34.849998474121094,35.02000045776367,30.7961483001709,8543200
2023-06-29,KHC,35.0,35.09000015258789,34.83000183105469,35.02000045776367,30.7961483001709,5822200
2023-06-29,KHC,35.0,35.09000015258789,34.83000183105469,35.02000045776367,30.7961483001709,5822200
2023-06-30,KHC,35.220001220703125,35.58000183105469,35.189998626708984,35.5,31.21825408935547,8907900
2023-06-30,KHC,35.220001220703125,35.58000183105469,35.189998626708984,35.5,31.21825408935547,8907900
2023-07-03,KHC,35.4900016784668,35.939998626708984,35.3849983215332,35.810001373291016,31.490861892700195,3840600
2023-07-03,KHC,35.4900016784668,35.939998626708984,35.3849983215332,35.810001373291016,31.490861892700195,3840600
2023-07-05,KHC,35.7400016784668,36.02999877929688,35.61000061035156,35.849998474121094,31.52603912353516,7293800
2023-07-05,KHC,35.7400016784668,36.02999877929688,35.61000061035156,35.849998474121094,31.52603912353516,7293800
2023-07-06,KHC,35.81999969482422,35.88999938964844,35.529998779296875,35.65999984741211,31.35895156860352,6234400
2023-07-06,KHC,35.81999969482422,35.88999938964844,35.529998779296875,35.65999984741211,31.35895156860352,6234400
2023-07-07,KHC,35.650001525878906,35.775001525878906,35.439998626708984,35.459999084472656,31.183076858520508,5440900
2023-07-07,KHC,35.650001525878906,35.775001525878906,35.439998626708984,35.459999084472656,31.183076858520508,5440900
2023-07-10,KHC,35.630001068115234,35.84000015258789,35.349998474121094,35.400001525878906,31.13031578063965,11608700
2023-07-10,KHC,35.630001068115234,35.84000015258789,35.349998474121094,35.400001525878906,31.13031578063965,11608700
2023-07-11,KHC,35.58000183105469,35.744998931884766,35.35499954223633,35.630001068115234,31.33257484436035,7666400
2023-07-11,KHC,35.58000183105469,35.744998931884766,35.35499954223633,35.630001068115234,31.33257484436035,7666400
2023-07-12,KHC,35.75,35.81999969482422,35.59000015258789,35.7599983215332,31.446895599365234,6360200
2023-07-12,KHC,35.75,35.81999969482422,35.59000015258789,35.7599983215332,31.446895599365234,6360200
2023-07-13,KHC,35.7599983215332,35.900001525878906,35.45000076293945,35.63999938964844,31.34136390686035,6825800
2023-07-13,KHC,35.7599983215332,35.900001525878906,35.45000076293945,35.63999938964844,31.34136390686035,6825800
2023-07-14,KHC,35.72999954223633,35.915000915527344,35.47999954223633,35.849998474121094,31.52603912353516,6540200
2023-07-14,KHC,35.72999954223633,35.915000915527344,35.47999954223633,35.849998474121094,31.52603912353516,6540200
2023-07-17,KHC,35.689998626708984,35.790000915527344,35.47999954223633,35.5099983215332,31.22704124450684,6698800
2023-07-17,KHC,35.689998626708984,35.790000915527344,35.47999954223633,35.5099983215332,31.22704124450684,6698800
2023-07-18,KHC,35.54999923706055,35.720001220703125,35.2400016784668,35.5099983215332,31.22704124450684,6003900
2023-07-18,KHC,35.54999923706055,35.720001220703125,35.2400016784668,35.5099983215332,31.22704124450684,6003900
2023-07-19,KHC,35.689998626708984,36.18999862670898,35.63999938964844,36.13999938964844,31.78105926513672,8147600
2023-07-19,KHC,35.689998626708984,36.18999862670898,35.63999938964844,36.13999938964844,31.78105926513672,8147600
2023-07-20,KHC,36.220001220703125,36.540000915527344,35.970001220703125,36.400001525878906,32.009700775146484,6593500
2023-07-20,KHC,36.220001220703125,36.540000915527344,35.970001220703125,36.400001525878906,32.009700775146484,6593500
2023-07-21,KHC,36.41999816894531,36.619998931884766,36.244998931884766,36.31999969482422,31.939348220825195,22388400
2023-07-21,KHC,36.41999816894531,36.619998931884766,36.244998931884766,36.31999969482422,31.939348220825195,22388400
2023-07-24,KHC,36.36000061035156,36.5099983215332,36.29999923706055,36.34999847412109,31.965726852416992,6842200
2023-07-24,KHC,36.36000061035156,36.5099983215332,36.29999923706055,36.34999847412109,31.965726852416992,6842200
2023-07-25,KHC,36.400001525878906,36.66999816894531,36.27000045776367,36.54999923706055,32.1416130065918,5689200
2023-07-25,KHC,36.400001525878906,36.66999816894531,36.27000045776367,36.54999923706055,32.1416130065918,5689200
2023-07-26,KHC,36.459999084472656,36.59999847412109,36.130001068115234,36.36000061035156,31.974529266357425,6028300
2023-07-26,KHC,36.459999084472656,36.59999847412109,36.130001068115234,36.36000061035156,31.974529266357425,6028300
2023-07-27,KHC,36.40999984741211,36.595001220703125,36.13999938964844,36.20000076293945,31.833833694458008,5797100
2023-07-27,KHC,36.40999984741211,36.595001220703125,36.13999938964844,36.20000076293945,31.833833694458008,5797100
2023-07-28,KHC,36.36000061035156,36.400001525878906,36.060001373291016,36.15999984741211,31.79864883422852,8383600
2023-07-28,KHC,36.36000061035156,36.400001525878906,36.060001373291016,36.15999984741211,31.79864883422852,8383600
2023-07-31,KHC,36.150001525878906,36.310001373291016,36.02000045776367,36.18000030517578,31.816234588623047,7959500
2023-07-31,KHC,36.150001525878906,36.310001373291016,36.02000045776367,36.18000030517578,31.816234588623047,7959500
2023-08-01,KHC,36.25,36.36000061035156,35.54999923706055,35.880001068115234,31.552419662475582,9709800
2023-08-01,KHC,36.25,36.36000061035156,35.54999923706055,35.880001068115234,31.552419662475582,9709800
2023-08-02,KHC,35.54999923706055,36.45000076293945,35.349998474121094,36.31999969482422,31.939348220825195,13250400
2023-08-02,KHC,35.54999923706055,36.45000076293945,35.349998474121094,36.31999969482422,31.939348220825195,13250400
2023-08-03,KHC,36.2599983215332,36.47499847412109,35.5099983215332,35.56999969482422,31.27981376647949,9136700
2023-08-03,KHC,36.2599983215332,36.47499847412109,35.5099983215332,35.56999969482422,31.27981376647949,9136700
2023-08-04,KHC,35.56999969482422,35.7599983215332,35.2599983215332,35.279998779296875,31.0247859954834,5771100
2023-08-04,KHC,35.56999969482422,35.7599983215332,35.2599983215332,35.279998779296875,31.0247859954834,5771100
2023-08-07,KHC,35.209999084472656,35.404998779296875,34.95000076293945,35.0,30.778562545776367,7329200
2023-08-07,KHC,35.209999084472656,35.404998779296875,34.95000076293945,35.0,30.778562545776367,7329200
2023-08-08,KHC,34.90999984741211,34.970001220703125,34.209999084472656,34.459999084472656,30.30368995666504,7586300
2023-08-08,KHC,34.90999984741211,34.970001220703125,34.209999084472656,34.459999084472656,30.30368995666504,7586300
2023-08-09,KHC,34.470001220703125,34.845001220703125,34.430999755859375,34.52000045776367,30.3564510345459,6146100
2023-08-09,KHC,34.470001220703125,34.845001220703125,34.430999755859375,34.52000045776367,30.3564510345459,6146100
2023-08-10,KHC,34.599998474121094,34.755001068115234,34.34000015258789,34.38999938964844,30.242130279541016,4152000
2023-08-10,KHC,34.599998474121094,34.755001068115234,34.34000015258789,34.38999938964844,30.242130279541016,4152000
2023-08-11,KHC,34.43000030517578,34.560001373291016,34.31999969482422,34.54999923706055,30.38283348083496,6922400
2023-08-11,KHC,34.43000030517578,34.560001373291016,34.31999969482422,34.54999923706055,30.38283348083496,6922400
2023-08-14,KHC,34.63999938964844,34.744998931884766,34.11000061035156,34.2400016784668,30.110227584838867,7806100
2023-08-14,KHC,34.63999938964844,34.744998931884766,34.11000061035156,34.2400016784668,30.110227584838867,7806100
2023-08-15,KHC,34.06999969482422,34.099998474121094,33.709999084472656,33.7599983215332,29.68811416625977,6197400
2023-08-15,KHC,34.06999969482422,34.099998474121094,33.709999084472656,33.7599983215332,29.68811416625977,6197400
2023-08-16,KHC,33.7400016784668,33.90999984741211,33.529998779296875,33.560001373291016,29.51224708557129,5400200
2023-08-16,KHC,33.7400016784668,33.90999984741211,33.529998779296875,33.560001373291016,29.51224708557129,5400200
2023-08-17,KHC,33.59000015258789,33.68000030517578,33.38999938964844,33.4900016784668,29.450681686401367,5742500
2023-08-17,KHC,33.59000015258789,33.68000030517578,33.38999938964844,33.4900016784668,29.450681686401367,5742500
2023-08-18,KHC,33.4900016784668,33.86000061035156,33.45000076293945,33.65999984741211,29.60017967224121,6558600
2023-08-18,KHC,33.4900016784668,33.86000061035156,33.45000076293945,33.65999984741211,29.60017967224121,6558600
2023-08-21,KHC,33.70500183105469,33.70500183105469,33.279998779296875,33.47999954223633,29.4418888092041,6604900
2023-08-21,KHC,33.70500183105469,33.70500183105469,33.279998779296875,33.47999954223633,29.4418888092041,6604900
2023-08-22,KHC,33.40999984741211,33.52000045776367,33.21500015258789,33.29999923706055,29.283601760864254,6851200
2023-08-22,KHC,33.40999984741211,33.52000045776367,33.21500015258789,33.29999923706055,29.283601760864254,6851200
2023-08-23,KHC,33.41999816894531,33.654998779296875,33.36000061035156,33.4900016784668,29.450681686401367,7451500
2023-08-23,KHC,33.41999816894531,33.654998779296875,33.36000061035156,33.4900016784668,29.450681686401367,7451500
2023-08-24,KHC,33.34000015258789,33.88999938964844,33.34000015258789,33.52000045776367,29.47706794738769,7037500
2023-08-24,KHC,33.34000015258789,33.88999938964844,33.34000015258789,33.52000045776367,29.47706794738769,7037500
2023-08-25,KHC,33.599998474121094,34.0,33.56999969482422,33.849998474121094,29.767263412475582,7265500
2023-08-25,KHC,33.599998474121094,34.0,33.56999969482422,33.849998474121094,29.767263412475582,7265500
2023-08-28,KHC,33.9900016784668,34.04499816894531,33.709999084472656,33.84000015258789,29.758474349975582,5730100
2023-08-28,KHC,33.9900016784668,34.04499816894531,33.709999084472656,33.84000015258789,29.758474349975582,5730100
2023-08-29,KHC,33.97999954223633,33.9900016784668,33.529998779296875,33.7599983215332,29.68811416625977,6554700
2023-08-29,KHC,33.97999954223633,33.9900016784668,33.529998779296875,33.7599983215332,29.68811416625977,6554700
2023-08-30,KHC,33.779998779296875,33.91999816894531,33.599998474121094,33.66999816894531,29.608976364135746,6450900
2023-08-30,KHC,33.779998779296875,33.91999816894531,33.599998474121094,33.66999816894531,29.608976364135746,6450900
2023-08-31,KHC,33.29999923706055,33.3650016784668,33.01499938964844,33.09000015258789,29.448780059814453,14009200
2023-08-31,KHC,33.29999923706055,33.3650016784668,33.01499938964844,33.09000015258789,29.448780059814453,14009200
2023-09-01,KHC,33.20000076293945,33.20000076293945,32.4900016784668,32.58000183105469,28.99490547180176,7765400
2023-09-01,KHC,33.20000076293945,33.20000076293945,32.4900016784668,32.58000183105469,28.99490547180176,7765400
2023-09-05,KHC,32.63999938964844,32.94900131225586,32.41999816894531,32.54999923706055,28.96819877624512,7828800
2023-09-05,KHC,32.63999938964844,32.94900131225586,32.41999816894531,32.54999923706055,28.96819877624512,7828800
2023-09-06,KHC,32.56999969482422,32.685001373291016,32.459999084472656,32.56999969482422,28.986003875732425,7067200
2023-09-06,KHC,32.56999969482422,32.685001373291016,32.459999084472656,32.56999969482422,28.986003875732425,7067200
2023-09-07,KHC,32.79999923706055,32.93000030517578,32.529998779296875,32.68000030517578,29.083898544311523,7472300
2023-09-07,KHC,32.79999923706055,32.93000030517578,32.529998779296875,32.68000030517578,29.083898544311523,7472300
2023-09-08,KHC,32.66999816894531,33.02000045776367,32.641998291015625,32.959999084472656,29.333087921142575,8047900
2023-09-08,KHC,32.66999816894531,33.02000045776367,32.641998291015625,32.959999084472656,29.333087921142575,8047900
2023-09-11,KHC,33.06999969482422,33.66999816894531,33.040000915527344,33.630001068115234,29.92935943603516,10683500
2023-09-11,KHC,33.06999969482422,33.66999816894531,33.040000915527344,33.630001068115234,29.92935943603516,10683500
2023-09-12,KHC,33.63999938964844,33.75,33.459999084472656,33.560001373291016,29.867067337036133,6726700
2023-09-12,KHC,33.63999938964844,33.75,33.459999084472656,33.560001373291016,29.867067337036133,6726700
2023-09-13,KHC,33.650001525878906,33.68000030517578,33.0,33.189998626708984,29.537776947021484,6994000
2023-09-13,KHC,33.650001525878906,33.68000030517578,33.0,33.189998626708984,29.537776947021484,6994000
2023-09-14,KHC,33.400001525878906,33.849998474121094,33.29999923706055,33.77000045776367,30.053955078125,6522800
2023-09-14,KHC,33.400001525878906,33.849998474121094,33.29999923706055,33.77000045776367,30.053955078125,6522800
2023-09-15,KHC,33.599998474121094,33.79999923706055,33.404998779296875,33.45000076293945,29.76916885375977,12095800
2023-09-15,KHC,33.599998474121094,33.79999923706055,33.404998779296875,33.45000076293945,29.76916885375977,12095800
2023-09-18,KHC,33.564998626708984,33.665000915527344,33.16999816894531,33.41999816894531,29.742469787597656,8084200
2023-09-18,KHC,33.564998626708984,33.665000915527344,33.16999816894531,33.41999816894531,29.742469787597656,8084200
2023-09-19,KHC,33.4900016784668,33.97999954223633,33.40999984741211,33.939998626708984,30.205245971679688,9260800
2023-09-19,KHC,33.4900016784668,33.97999954223633,33.40999984741211,33.939998626708984,30.205245971679688,9260800
2023-09-20,KHC,34.18000030517578,34.26100158691406,33.849998474121094,34.02000045776367,30.276445388793945,7012400
2023-09-20,KHC,34.18000030517578,34.26100158691406,33.849998474121094,34.02000045776367,30.276445388793945,7012400
2023-09-21,KHC,34.040000915527344,34.560001373291016,33.91999816894531,34.4900016784668,30.69472312927246,11579600
2023-09-21,KHC,34.040000915527344,34.560001373291016,33.91999816894531,34.4900016784668,30.69472312927246,11579600
2023-09-22,KHC,34.310001373291016,34.56999969482422,34.130001068115234,34.15999984741211,30.401042938232425,9533600
2023-09-22,KHC,34.310001373291016,34.56999969482422,34.130001068115234,34.15999984741211,30.401042938232425,9533600
2023-09-25,KHC,34.11000061035156,34.35499954223633,33.90999984741211,34.31999969482422,30.543437957763672,6382800
2023-09-25,KHC,34.11000061035156,34.35499954223633,33.90999984741211,34.31999969482422,30.543437957763672,6382800
2023-09-26,KHC,34.31999969482422,34.60499954223633,34.275001525878906,34.5,30.70363044738769,8787800
2023-09-26,KHC,34.31999969482422,34.60499954223633,34.275001525878906,34.5,30.70363044738769,8787800
2023-09-27,KHC,34.47999954223633,34.560001373291016,33.97999954223633,34.029998779296875,30.285341262817383,13115800
2023-09-27,KHC,34.47999954223633,34.560001373291016,33.97999954223633,34.029998779296875,30.285341262817383,13115800
2023-09-28,KHC,34.029998779296875,34.130001068115234,33.43000030517578,33.75,30.036157608032227,11673200
2023-09-28,KHC,34.029998779296875,34.130001068115234,33.43000030517578,33.75,30.036157608032227,11673200
2023-09-29,KHC,33.83000183105469,33.98500061035156,33.505001068115234,33.63999938964844,29.93825912475586,5633300
2023-09-29,KHC,33.83000183105469,33.98500061035156,33.505001068115234,33.63999938964844,29.93825912475586,5633300
2023-10-02,KHC,33.619998931884766,33.630001068115234,32.88999938964844,33.09000015258789,29.448780059814453,7422000
2023-10-02,KHC,33.619998931884766,33.630001068115234,32.88999938964844,33.09000015258789,29.448780059814453,7422000
2023-10-03,KHC,32.91999816894531,33.14500045776367,32.849998474121094,33.11000061035156,29.466583251953125,6157300
2023-10-03,KHC,32.91999816894531,33.14500045776367,32.849998474121094,33.11000061035156,29.466583251953125,6157300
2023-10-04,KHC,33.189998626708984,33.290000915527344,32.88999938964844,33.279998779296875,29.61787414550781,5401300
2023-10-04,KHC,33.189998626708984,33.290000915527344,32.88999938964844,33.279998779296875,29.61787414550781,5401300
2023-10-05,KHC,33.2400016784668,33.29899978637695,32.2400016784668,32.31999969482422,28.763511657714844,6681100
2023-10-05,KHC,33.2400016784668,33.29899978637695,32.2400016784668,32.31999969482422,28.763511657714844,6681100
2023-10-06,KHC,32.130001068115234,32.209999084472656,31.1200008392334,32.029998779296875,28.50542449951172,10106300
2023-10-06,KHC,32.130001068115234,32.209999084472656,31.1200008392334,32.029998779296875,28.50542449951172,10106300
2023-10-09,KHC,32.09000015258789,32.564998626708984,32.03200149536133,32.4900016784668,28.91481208801269,5565200
2023-10-09,KHC,32.09000015258789,32.564998626708984,32.03200149536133,32.4900016784668,28.91481208801269,5565200
2023-10-10,KHC,32.689998626708984,32.81700134277344,32.314998626708984,32.470001220703125,28.89700698852539,6075600
2023-10-10,KHC,32.689998626708984,32.81700134277344,32.314998626708984,32.470001220703125,28.89700698852539,6075600
2023-10-11,KHC,32.5,32.73500061035156,32.334999084472656,32.439998626708984,28.87030601501465,7981600
2023-10-11,KHC,32.5,32.73500061035156,32.334999084472656,32.439998626708984,28.87030601501465,7981600
2023-10-12,KHC,32.34000015258789,32.34000015258789,30.68000030517578,30.809999465942383,27.41967391967773,13884100
2023-10-12,KHC,32.34000015258789,32.34000015258789,30.68000030517578,30.809999465942383,27.41967391967773,13884100
2023-10-13,KHC,30.88999938964844,31.46999931335449,30.86000061035156,31.43000030517578,27.97144889831543,9364200
2023-10-13,KHC,30.88999938964844,31.46999931335449,30.86000061035156,31.43000030517578,27.97144889831543,9364200
2023-10-16,KHC,31.600000381469727,31.81999969482422,31.36899948120117,31.57999992370605,28.10494613647461,7099000
2023-10-16,KHC,31.600000381469727,31.81999969482422,31.36899948120117,31.57999992370605,28.10494613647461,7099000
2023-10-17,KHC,31.5,31.700000762939453,31.28499984741211,31.51000022888184,28.04264640808105,6768600
2023-10-17,KHC,31.5,31.700000762939453,31.28499984741211,31.51000022888184,28.04264640808105,6768600
2023-10-18,KHC,31.56999969482422,32.06999969482422,31.53499984741211,31.729999542236328,28.23843765258789,5653400
2023-10-18,KHC,31.56999969482422,32.06999969482422,31.53499984741211,31.729999542236328,28.23843765258789,5653400
2023-10-19,KHC,31.76000022888184,31.81999969482422,31.405000686645508,31.450000762939453,27.98924827575684,6258700
2023-10-19,KHC,31.76000022888184,31.81999969482422,31.405000686645508,31.450000762939453,27.98924827575684,6258700
2023-10-20,KHC,31.530000686645508,31.75,31.200000762939453,31.309999465942383,27.86465072631836,6693400
2023-10-20,KHC,31.530000686645508,31.75,31.200000762939453,31.309999465942383,27.86465072631836,6693400
2023-10-23,KHC,31.309999465942383,31.4950008392334,31.104999542236328,31.1200008392334,27.695560455322266,5213200
2023-10-23,KHC,31.309999465942383,31.4950008392334,31.104999542236328,31.1200008392334,27.695560455322266,5213200
2023-10-24,KHC,31.25,31.770000457763672,31.25,31.709999084472656,28.22063636779785,7251800
2023-10-24,KHC,31.25,31.770000457763672,31.25,31.709999084472656,28.22063636779785,7251800
2023-10-25,KHC,31.61000061035156,32.1150016784668,31.51000022888184,32.08000183105469,28.549922943115234,6616600
2023-10-25,KHC,31.61000061035156,32.1150016784668,31.51000022888184,32.08000183105469,28.549922943115234,6616600
2023-10-26,KHC,32.220001220703125,32.33000183105469,31.82999992370605,31.86000061035156,28.3541316986084,5876900
2023-10-26,KHC,32.220001220703125,32.33000183105469,31.82999992370605,31.86000061035156,28.3541316986084,5876900
2023-10-27,KHC,31.770000457763672,31.940000534057617,31.354999542236328,31.440000534057617,27.980348587036133,6053700
2023-10-27,KHC,31.770000457763672,31.940000534057617,31.354999542236328,31.440000534057617,27.980348587036133,6053700
2023-10-30,KHC,31.61000061035156,31.79199981689453,31.46500015258789,31.6200008392334,28.14054107666016,6628500
2023-10-30,KHC,31.61000061035156,31.79199981689453,31.46500015258789,31.6200008392334,28.14054107666016,6628500
2023-10-31,KHC,31.6200008392334,31.700000762939453,31.075000762939453,31.459999084472656,27.998146057128903,10525700
2023-10-31,KHC,31.6200008392334,31.700000762939453,31.075000762939453,31.459999084472656,27.998146057128903,10525700
2023-11-01,KHC,31.450000762939453,33.077999114990234,31.100000381469727,32.20000076293945,28.656719207763672,16109400
2023-11-01,KHC,31.450000762939453,33.077999114990234,31.100000381469727,32.20000076293945,28.656719207763672,16109400
2023-11-02,KHC,32.380001068115234,33.70500183105469,32.18000030517578,33.5099983215332,29.822566986083984,11280800
2023-11-02,KHC,32.380001068115234,33.70500183105469,32.18000030517578,33.5099983215332,29.822566986083984,11280800
2023-11-03,KHC,33.70000076293945,33.79999923706055,33.224998474121094,33.27000045776367,29.60897445678711,8384900
2023-11-03,KHC,33.70000076293945,33.79999923706055,33.224998474121094,33.27000045776367,29.60897445678711,8384900
2023-11-06,KHC,33.33000183105469,33.47999954223633,32.974998474121094,33.290000915527344,29.626771926879883,6880300
2023-11-06,KHC,33.33000183105469,33.47999954223633,32.974998474121094,33.290000915527344,29.626771926879883,6880300
2023-11-07,KHC,33.290000915527344,33.39500045776367,33.06999969482422,33.09000015258789,29.448780059814453,5879300
2023-11-07,KHC,33.290000915527344,33.39500045776367,33.06999969482422,33.09000015258789,29.448780059814453,5879300
2023-11-08,KHC,33.099998474121094,33.34000015258789,32.869998931884766,33.16999816894531,29.519975662231445,5985500
2023-11-08,KHC,33.099998474121094,33.34000015258789,32.869998931884766,33.16999816894531,29.519975662231445,5985500
2023-11-09,KHC,33.220001220703125,33.25,32.939998626708984,32.95000076293945,29.32418632507324,6038600
2023-11-09,KHC,33.220001220703125,33.25,32.939998626708984,32.95000076293945,29.32418632507324,6038600
2023-11-10,KHC,32.869998931884766,33.02000045776367,32.75,32.88999938964844,29.270788192749023,6561800
2023-11-10,KHC,32.869998931884766,33.02000045776367,32.75,32.88999938964844,29.270788192749023,6561800
2023-11-13,KHC,32.900001525878906,33.47999954223633,32.775001525878906,33.2400016784668,29.582277297973636,6532000
2023-11-13,KHC,32.900001525878906,33.47999954223633,32.775001525878906,33.2400016784668,29.582277297973636,6532000
2023-11-14,KHC,33.91999816894531,34.10499954223633,33.47999954223633,33.58000183105469,29.884864807128903,9084800
2023-11-14,KHC,33.91999816894531,34.10499954223633,33.47999954223633,33.58000183105469,29.884864807128903,9084800
2023-11-15,KHC,33.58000183105469,33.77000045776367,33.33000183105469,33.560001373291016,29.867067337036133,6432800
2023-11-15,KHC,33.58000183105469,33.77000045776367,33.33000183105469,33.560001373291016,29.867067337036133,6432800
2023-11-16,KHC,33.75,33.88999938964844,33.525001525878906,33.810001373291016,30.08955192565918,6816800
2023-11-16,KHC,33.75,33.88999938964844,33.525001525878906,33.810001373291016,30.08955192565918,6816800
2023-11-17,KHC,33.900001525878906,33.95000076293945,33.47999954223633,33.65999984741211,29.9560604095459,6461500
2023-11-17,KHC,33.900001525878906,33.95000076293945,33.47999954223633,33.65999984741211,29.9560604095459,6461500
2023-11-20,KHC,33.560001373291016,33.88999938964844,33.54499816894531,33.790000915527344,30.07175636291504,6551800
2023-11-20,KHC,33.560001373291016,33.88999938964844,33.54499816894531,33.790000915527344,30.07175636291504,6551800
2023-11-21,KHC,33.90999984741211,34.27000045776367,33.81999969482422,34.150001525878906,30.39214324951172,8677600
2023-11-21,KHC,33.90999984741211,34.27000045776367,33.81999969482422,34.150001525878906,30.39214324951172,8677600
2023-11-22,KHC,34.29999923706055,34.709999084472656,34.209999084472656,34.68000030517578,30.86382293701172,7110900
2023-11-22,KHC,34.29999923706055,34.709999084472656,34.209999084472656,34.68000030517578,30.86382293701172,7110900
2023-11-24,KHC,34.79999923706055,35.029998779296875,34.720001220703125,34.939998626708984,31.095212936401367,3984100
2023-11-24,KHC,34.79999923706055,35.029998779296875,34.720001220703125,34.939998626708984,31.095212936401367,3984100
2023-11-27,KHC,35.4900016784668,35.4900016784668,34.834999084472656,34.88999938964844,31.050708770751957,8878100
2023-11-27,KHC,35.4900016784668,35.4900016784668,34.834999084472656,34.88999938964844,31.050708770751957,8878100
2023-11-28,KHC,34.95000076293945,35.31999969482422,34.91999816894531,35.119998931884766,31.25540351867676,10641500
2023-11-28,KHC,34.95000076293945,35.31999969482422,34.91999816894531,35.119998931884766,31.25540351867676,10641500
2023-11-29,KHC,35.20000076293945,35.220001220703125,34.935001373291016,35.08000183105469,31.219804763793945,8116800
2023-11-29,KHC,35.20000076293945,35.220001220703125,34.935001373291016,35.08000183105469,31.219804763793945,8116800
2023-11-30,KHC,34.65999984741211,35.27000045776367,34.650001525878906,35.11000061035156,31.60689926147461,23929000
2023-11-30,KHC,34.65999984741211,35.27000045776367,34.650001525878906,35.11000061035156,31.60689926147461,23929000
2023-12-01,KHC,35.04999923706055,35.529998779296875,34.9900016784668,35.52000045776367,31.97599220275879,9401600
2023-12-01,KHC,35.04999923706055,35.529998779296875,34.9900016784668,35.52000045776367,31.97599220275879,9401600
2023-12-04,KHC,35.22999954223633,35.97999954223633,35.22999954223633,35.81999969482422,32.246055603027344,7963400
2023-12-04,KHC,35.22999954223633,35.97999954223633,35.22999954223633,35.81999969482422,32.246055603027344,7963400
2023-12-05,KHC,35.75,35.959999084472656,35.52000045776367,35.84000015258789,32.26406478881836,7660000
2023-12-05,KHC,35.75,35.959999084472656,35.52000045776367,35.84000015258789,32.26406478881836,7660000
2023-12-06,KHC,35.900001525878906,36.45000076293945,35.849998474121094,36.20000076293945,32.58815002441406,8942500
2023-12-06,KHC,35.900001525878906,36.45000076293945,35.849998474121094,36.20000076293945,32.58815002441406,8942500
2023-12-07,KHC,36.34000015258789,36.665000915527344,35.974998474121094,36.5,32.85820770263672,8693100
2023-12-07,KHC,36.34000015258789,36.665000915527344,35.974998474121094,36.5,32.85820770263672,8693100
2023-12-08,KHC,36.52000045776367,36.540000915527344,36.08000183105469,36.22999954223633,32.61515426635742,6113200
2023-12-08,KHC,36.52000045776367,36.540000915527344,36.08000183105469,36.22999954223633,32.61515426635742,6113200
2023-12-11,KHC,36.77000045776367,36.83000183105469,36.54999923706055,36.77999877929688,33.11027526855469,11739600
2023-12-11,KHC,36.77000045776367,36.83000183105469,36.54999923706055,36.77999877929688,33.11027526855469,11739600
2023-12-12,KHC,36.9900016784668,37.45000076293945,36.77000045776367,37.2599983215332,33.542381286621094,9353600
2023-12-12,KHC,36.9900016784668,37.45000076293945,36.77000045776367,37.2599983215332,33.542381286621094,9353600
2023-12-13,KHC,37.150001525878906,37.775001525878906,37.07500076293945,37.65999984741211,33.902469635009766,7541700
2023-12-13,KHC,37.150001525878906,37.775001525878906,37.07500076293945,37.65999984741211,33.902469635009766,7541700
2023-12-14,KHC,37.59999847412109,37.68999862670898,36.935001373291016,37.0,33.308326721191406,10242700
2023-12-14,KHC,37.59999847412109,37.68999862670898,36.935001373291016,37.0,33.308326721191406,10242700
2023-12-15,KHC,37.0,37.13999938964844,36.4109992980957,36.59000015258789,32.93922805786133,14202800
2023-12-15,KHC,37.0,37.13999938964844,36.4109992980957,36.59000015258789,32.93922805786133,14202800
2023-12-18,KHC,36.68000030517578,36.97999954223633,36.38999938964844,36.709999084472656,33.04726028442383,6447800
2023-12-18,KHC,36.68000030517578,36.97999954223633,36.38999938964844,36.709999084472656,33.04726028442383,6447800
2023-12-19,KHC,36.560001373291016,36.560001373291016,36.16999816894531,36.4900016784668,32.849205017089844,7464500
2023-12-19,KHC,36.560001373291016,36.560001373291016,36.16999816894531,36.4900016784668,32.849205017089844,7464500
2023-12-20,KHC,36.125,36.19499969482422,35.709999084472656,35.75,32.18304443359375,8456100
2023-12-20,KHC,36.125,36.19499969482422,35.709999084472656,35.75,32.18304443359375,8456100
2023-12-21,KHC,35.7400016784668,36.06999969482422,35.689998626708984,35.959999084472656,32.37208557128906,6185100
2023-12-21,KHC,35.7400016784668,36.06999969482422,35.689998626708984,35.959999084472656,32.37208557128906,6185100
2023-12-22,KHC,36.04999923706055,36.42499923706055,35.97999954223633,36.36000061035156,32.73218536376953,5806200
2023-12-22,KHC,36.04999923706055,36.42499923706055,35.97999954223633,36.36000061035156,32.73218536376953,5806200
2023-12-26,KHC,36.34999847412109,36.54499816894531,36.18000030517578,36.5,32.85820770263672,4079600
2023-12-26,KHC,36.34999847412109,36.54499816894531,36.18000030517578,36.5,32.85820770263672,4079600
2023-12-27,KHC,36.63999938964844,36.63999938964844,36.33000183105469,36.52000045776367,32.876220703125,4385400
2023-12-27,KHC,36.63999938964844,36.63999938964844,36.33000183105469,36.52000045776367,32.876220703125,4385400
2023-12-28,KHC,36.52000045776367,36.86000061035156,36.5099983215332,36.7400016784668,33.07427215576172,5455900
2023-12-28,KHC,36.52000045776367,36.86000061035156,36.5099983215332,36.7400016784668,33.07427215576172,5455900
2023-12-29,KHC,36.65999984741211,37.02999877929688,36.63999938964844,36.97999954223633,33.290321350097656,5537900
2023-12-29,KHC,36.65999984741211,37.02999877929688,36.63999938964844,36.97999954223633,33.290321350097656,5537900
2024-01-02,KHC,37.025001525878906,38.31900024414063,36.97999954223633,38.119998931884766,34.31657791137695,11647900
2024-01-02,KHC,37.025001525878906,38.31900024414063,36.97999954223633,38.119998931884766,34.31657791137695,11647900
2024-01-03,KHC,38.244998931884766,38.36000061035156,38.0,38.08000183105469,34.28056716918945,8913500
2024-01-03,KHC,38.244998931884766,38.36000061035156,38.0,38.08000183105469,34.28056716918945,8913500
2024-01-04,KHC,37.970001220703125,38.150001525878906,37.69499969482422,37.77999877929688,34.010498046875,7755400
2024-01-04,KHC,37.970001220703125,38.150001525878906,37.69499969482422,37.77999877929688,34.010498046875,7755400
2024-01-05,KHC,37.7599983215332,38.1150016784668,37.6349983215332,37.93999862670898,34.154537200927734,5629900
2024-01-05,KHC,37.7599983215332,38.1150016784668,37.6349983215332,37.93999862670898,34.154537200927734,5629900
2024-01-08,KHC,37.86000061035156,38.31999969482422,37.81999969482422,38.25,34.43360137939453,7553800
2024-01-08,KHC,37.86000061035156,38.31999969482422,37.81999969482422,38.25,34.43360137939453,7553800
2024-01-09,KHC,38.060001373291016,38.61000061035156,37.882999420166016,38.54999923706055,34.703670501708984,8108800
2024-01-09,KHC,38.060001373291016,38.61000061035156,37.882999420166016,38.54999923706055,34.703670501708984,8108800
2024-01-10,KHC,38.470001220703125,38.470001220703125,37.7400016784668,37.88999938964844,34.109519958496094,7852100
2024-01-10,KHC,38.470001220703125,38.470001220703125,37.7400016784668,37.88999938964844,34.109519958496094,7852100
2024-01-11,KHC,37.7599983215332,37.84000015258789,37.5,37.58000183105469,33.83045196533203,7661700
2024-01-11,KHC,37.7599983215332,37.84000015258789,37.5,37.58000183105469,33.83045196533203,7661700
2024-01-12,KHC,37.7400016784668,37.81499862670898,37.52000045776367,37.68000030517578,33.92047882080078,4958800
2024-01-12,KHC,37.7400016784668,37.81499862670898,37.52000045776367,37.68000030517578,33.92047882080078,4958800
2024-01-16,KHC,37.75,37.790000915527344,37.43000030517578,37.61000061035156,33.857460021972656,8373600
2024-01-16,KHC,37.75,37.790000915527344,37.43000030517578,37.61000061035156,33.857460021972656,8373600
2024-01-17,KHC,37.459999084472656,37.9900016784668,37.43000030517578,37.790000915527344,34.019508361816406,7680900
2024-01-17,KHC,37.459999084472656,37.9900016784668,37.43000030517578,37.790000915527344,34.019508361816406,7680900
2024-01-18,KHC,37.77000045776367,37.77000045776367,36.84999847412109,37.0099983215332,33.31732940673828,10693500
2024-01-18,KHC,37.77000045776367,37.77000045776367,36.84999847412109,37.0099983215332,33.31732940673828,10693500
2024-01-19,KHC,37.0,37.29999923706055,36.59000015258789,37.08000183105469,33.38033676147461,8786800
2024-01-19,KHC,37.0,37.29999923706055,36.59000015258789,37.08000183105469,33.38033676147461,8786800
2024-01-22,KHC,37.09999847412109,37.09999847412109,36.380001068115234,36.7599983215332,33.09226608276367,9334500
2024-01-22,KHC,37.09999847412109,37.09999847412109,36.380001068115234,36.7599983215332,33.09226608276367,9334500
2024-01-23,KHC,36.7400016784668,37.20000076293945,36.400001525878906,37.150001525878906,33.443363189697266,24754100
2024-01-23,KHC,36.7400016784668,37.20000076293945,36.400001525878906,37.150001525878906,33.443363189697266,24754100
2024-01-24,KHC,37.150001525878906,37.165000915527344,36.77000045776367,36.81999969482422,33.14628601074219,6210900
2024-01-24,KHC,37.150001525878906,37.165000915527344,36.77000045776367,36.81999969482422,33.14628601074219,6210900
2024-01-25,KHC,36.97999954223633,37.43000030517578,36.91999816894531,37.2599983215332,33.542381286621094,5129900
2024-01-25,KHC,36.97999954223633,37.43000030517578,36.91999816894531,37.2599983215332,33.542381286621094,5129900
2024-01-26,KHC,37.369998931884766,37.43999862670898,37.07500076293945,37.209999084472656,33.49736785888672,6727000
2024-01-26,KHC,37.369998931884766,37.43999862670898,37.07500076293945,37.209999084472656,33.49736785888672,6727000
2024-01-29,KHC,37.130001068115234,37.400001525878906,36.970001220703125,37.310001373291016,33.58739471435547,7089400
2024-01-29,KHC,37.130001068115234,37.400001525878906,36.970001220703125,37.310001373291016,33.58739471435547,7089400
2024-01-30,KHC,37.31999969482422,37.459999084472656,37.209999084472656,37.34999847412109,33.62339782714844,5030000
2024-01-30,KHC,37.31999969482422,37.459999084472656,37.209999084472656,37.34999847412109,33.62339782714844,5030000
2024-01-31,KHC,37.34999847412109,37.61000061035156,37.02999877929688,37.130001068115234,33.42535400390625,6270700
2024-01-31,KHC,37.34999847412109,37.61000061035156,37.02999877929688,37.130001068115234,33.42535400390625,6270700
2024-02-01,KHC,37.310001373291016,37.7599983215332,36.77000045776367,37.7599983215332,33.99249267578125,8337700
2024-02-01,KHC,37.310001373291016,37.7599983215332,36.77000045776367,37.7599983215332,33.99249267578125,8337700
2024-02-02,KHC,37.75,37.90999984741211,37.43999862670898,37.650001525878906,33.89347457885742,5809400
2024-02-02,KHC,37.75,37.90999984741211,37.43999862670898,37.650001525878906,33.89347457885742,5809400
2024-02-05,KHC,37.52000045776367,37.560001373291016,37.17499923706055,37.220001220703125,33.50637435913086,5800800
2024-02-05,KHC,37.52000045776367,37.560001373291016,37.17499923706055,37.220001220703125,33.50637435913086,5800800
2024-02-06,KHC,37.25,37.34999847412109,37.04999923706055,37.209999084472656,33.49736785888672,6116100
2024-02-06,KHC,37.25,37.34999847412109,37.04999923706055,37.209999084472656,33.49736785888672,6116100
2024-02-07,KHC,37.33000183105469,37.369998931884766,36.38999938964844,36.400001525878906,32.7681884765625,7750800
2024-02-07,KHC,37.33000183105469,37.369998931884766,36.38999938964844,36.400001525878906,32.7681884765625,7750800
2024-02-08,KHC,36.43999862670898,36.68000030517578,36.22999954223633,36.470001220703125,32.83121109008789,10685500
2024-02-08,KHC,36.43999862670898,36.68000030517578,36.22999954223633,36.470001220703125,32.83121109008789,10685500
2024-02-09,KHC,36.310001373291016,36.375,35.79999923706055,35.970001220703125,32.38109588623047,8189300
2024-02-09,KHC,36.310001373291016,36.375,35.79999923706055,35.970001220703125,32.38109588623047,8189300
2024-02-12,KHC,35.970001220703125,36.400001525878906,35.75,36.36000061035156,32.73218536376953,9648200
2024-02-12,KHC,35.970001220703125,36.400001525878906,35.75,36.36000061035156,32.73218536376953,9648200
2024-02-13,KHC,36.43000030517578,36.619998931884766,35.81999969482422,36.130001068115234,32.525123596191406,9869400
2024-02-13,KHC,36.43000030517578,36.619998931884766,35.81999969482422,36.130001068115234,32.525123596191406,9869400
2024-02-14,KHC,34.9900016784668,35.5099983215332,33.66999816894531,34.15999984741211,30.75168800354004,20793800
2024-02-14,KHC,34.9900016784668,35.5099983215332,33.66999816894531,34.15999984741211,30.75168800354004,20793800
2024-02-15,KHC,34.25,35.16999816894531,34.22999954223633,34.970001220703125,31.480871200561523,10689100
2024-02-15,KHC,34.25,35.16999816894531,34.22999954223633,34.970001220703125,31.480871200561523,10689100
2024-02-16,KHC,34.90999984741211,35.150001525878906,34.779998779296875,34.810001373291016,31.33683967590332,6404000
2024-02-16,KHC,34.90999984741211,35.150001525878906,34.779998779296875,34.810001373291016,31.33683967590332,6404000
2024-02-20,KHC,35.0,35.689998626708984,35.0,35.619998931884766,32.066017150878906,8710400
2024-02-20,KHC,35.0,35.689998626708984,35.0,35.619998931884766,32.066017150878906,8710400
2024-02-21,KHC,35.83000183105469,36.40999984741211,35.7400016784668,36.38999938964844,32.75919342041016,9722200
2024-02-21,KHC,35.83000183105469,36.40999984741211,35.7400016784668,36.38999938964844,32.75919342041016,9722200
2024-02-22,KHC,36.08000183105469,36.47999954223633,35.90999984741211,36.40999984741211,32.77718734741211,6661000
2024-02-22,KHC,36.08000183105469,36.47999954223633,35.90999984741211,36.40999984741211,32.77718734741211,6661000
2024-02-23,KHC,36.43999862670898,36.58599853515625,36.02999877929688,36.04999923706055,32.45310974121094,6194400
2024-02-23,KHC,36.43999862670898,36.58599853515625,36.02999877929688,36.04999923706055,32.45310974121094,6194400
2024-02-26,KHC,35.900001525878906,36.150001525878906,35.86600112915039,35.959999084472656,32.37208557128906,7033800
2024-02-26,KHC,35.900001525878906,36.150001525878906,35.86600112915039,35.959999084472656,32.37208557128906,7033800
2024-02-27,KHC,36.02999877929688,36.09999847412109,35.58000183105469,35.79999923706055,32.22805404663086,4807500
2024-02-27,KHC,36.02999877929688,36.09999847412109,35.58000183105469,35.79999923706055,32.22805404663086,4807500
2024-02-28,KHC,35.869998931884766,35.88999938964844,35.5,35.540000915527344,31.993995666503903,4923000
2024-02-28,KHC,35.869998931884766,35.88999938964844,35.5,35.540000915527344,31.993995666503903,4923000
2024-02-29,KHC,35.61000061035156,35.689998626708984,35.11000061035156,35.279998779296875,31.75993537902832,15251000
2024-02-29,KHC,35.61000061035156,35.689998626708984,35.11000061035156,35.279998779296875,31.75993537902832,15251000
2024-03-01,KHC,35.310001373291016,35.34000015258789,34.974998474121094,35.130001068115234,31.624906539916992,6032400
2024-03-01,KHC,35.310001373291016,35.34000015258789,34.974998474121094,35.130001068115234,31.624906539916992,6032400
2024-03-04,KHC,35.04999923706055,35.279998779296875,34.810001373291016,35.040000915527344,31.543886184692383,8826300
2024-03-04,KHC,35.04999923706055,35.279998779296875,34.810001373291016,35.040000915527344,31.543886184692383,8826300
2024-03-05,KHC,35.20199966430664,35.369998931884766,34.9900016784668,35.130001068115234,31.624906539916992,8928700
2024-03-05,KHC,35.20199966430664,35.369998931884766,34.9900016784668,35.130001068115234,31.624906539916992,8928700
2024-03-06,KHC,35.16999816894531,35.439998626708984,35.150001525878906,35.349998474121094,31.822954177856445,7355000
2024-03-06,KHC,35.16999816894531,35.439998626708984,35.150001525878906,35.349998474121094,31.822954177856445,7355000
2024-03-07,KHC,35.22999954223633,35.2400016784668,34.40999984741211,34.5,31.41321563720703,6584100
2024-03-07,KHC,35.22999954223633,35.2400016784668,34.40999984741211,34.5,31.41321563720703,6584100
2024-03-08,KHC,34.3849983215332,34.93399810791016,34.310001373291016,34.84000015258789,31.722797393798828,5872800
2024-03-08,KHC,34.3849983215332,34.93399810791016,34.310001373291016,34.84000015258789,31.722797393798828,5872800
2024-03-11,KHC,34.880001068115234,35.2400016784668,34.849998474121094,34.97999954223633,31.850269317626957,7694700
2024-03-11,KHC,34.880001068115234,35.2400016784668,34.849998474121094,34.97999954223633,31.850269317626957,7694700
2024-03-12,KHC,34.849998474121094,34.90999984741211,34.56999969482422,34.599998474121094,31.504262924194336,6893400
2024-03-12,KHC,34.849998474121094,34.90999984741211,34.56999969482422,34.599998474121094,31.504262924194336,6893400
2024-03-13,KHC,34.849998474121094,34.939998626708984,34.34000015258789,34.529998779296875,31.440528869628903,11161900
2024-03-13,KHC,34.849998474121094,34.939998626708984,34.34000015258789,34.529998779296875,31.440528869628903,11161900
2024-03-14,KHC,34.5,34.599998474121094,34.084999084472656,34.31999969482422,31.249326705932617,9222600
2024-03-14,KHC,34.5,34.599998474121094,34.084999084472656,34.31999969482422,31.249326705932617,9222600
2024-03-15,KHC,34.2599983215332,34.599998474121094,34.21500015258789,34.369998931884766,31.294845581054688,12259700
2024-03-15,KHC,34.2599983215332,34.599998474121094,34.21500015258789,34.369998931884766,31.294845581054688,12259700
2024-03-18,KHC,34.369998931884766,35.03499984741211,34.279998779296875,34.91999816894531,31.795635223388672,8794100
2024-03-18,KHC,34.369998931884766,35.03499984741211,34.279998779296875,34.91999816894531,31.795635223388672,8794100
2024-03-19,KHC,34.849998474121094,35.290000915527344,34.81999969482422,35.27000045776367,32.11432647705078,7909500
2024-03-19,KHC,34.849998474121094,35.290000915527344,34.81999969482422,35.27000045776367,32.11432647705078,7909500
2024-03-20,KHC,35.310001373291016,35.689998626708984,35.025001525878906,35.349998474121094,32.18716049194336,9952100
2024-03-20,KHC,35.310001373291016,35.689998626708984,35.025001525878906,35.349998474121094,32.18716049194336,9952100
2024-03-21,KHC,35.400001525878906,35.650001525878906,35.310001373291016,35.599998474121094,32.41480255126953,7424400
2024-03-21,KHC,35.400001525878906,35.650001525878906,35.310001373291016,35.599998474121094,32.41480255126953,7424400
2024-03-22,KHC,35.70000076293945,35.94499969482422,35.564998626708984,35.849998474121094,32.64242172241211,8880300
2024-03-22,KHC,35.70000076293945,35.94499969482422,35.564998626708984,35.849998474121094,32.64242172241211,8880300
2024-03-25,KHC,35.880001068115234,36.244998931884766,35.810001373291016,36.18000030517578,32.94289779663086,9047900
2024-03-25,KHC,35.880001068115234,36.244998931884766,35.810001373291016,36.18000030517578,32.94289779663086,9047900
2024-03-26,KHC,36.27999877929688,36.650001525878906,36.209999084472656,36.369998931884766,33.115901947021484,10195600
2024-03-26,KHC,36.27999877929688,36.650001525878906,36.209999084472656,36.369998931884766,33.115901947021484,10195600
2024-03-27,KHC,36.630001068115234,36.84000015258789,36.375,36.52999877929688,33.2615852355957,5229500
2024-03-27,KHC,36.630001068115234,36.84000015258789,36.375,36.52999877929688,33.2615852355957,5229500
2024-03-28,KHC,36.650001525878906,36.97999954223633,36.650001525878906,36.900001525878906,33.59848403930664,7159100
2024-03-28,KHC,36.650001525878906,36.97999954223633,36.650001525878906,36.900001525878906,33.59848403930664,7159100
2024-04-01,KHC,36.97999954223633,37.290000915527344,36.91999816894531,37.060001373291016,33.74416732788086,7825700
2024-04-01,KHC,36.97999954223633,37.290000915527344,36.91999816894531,37.060001373291016,33.74416732788086,7825700
2024-04-02,KHC,37.18999862670898,37.61899948120117,37.130001068115234,37.38999938964844,34.04464340209961,8312600
2024-04-02,KHC,37.18999862670898,37.61899948120117,37.130001068115234,37.38999938964844,34.04464340209961,8312600
2024-04-03,KHC,37.38999938964844,37.66999816894531,37.18999862670898,37.369998931884766,34.02642822265625,7458200
2024-04-03,KHC,37.38999938964844,37.66999816894531,37.18999862670898,37.369998931884766,34.02642822265625,7458200
2024-04-04,KHC,37.630001068115234,37.70000076293945,37.19499969482422,37.25,33.91716766357422,8500400
2024-04-04,KHC,37.630001068115234,37.70000076293945,37.19499969482422,37.25,33.91716766357422,8500400
2024-04-05,KHC,37.290000915527344,37.29999923706055,36.619998931884766,37.060001373291016,33.74416732788086,7251300
2024-04-05,KHC,37.290000915527344,37.29999923706055,36.619998931884766,37.060001373291016,33.74416732788086,7251300
2024-04-08,KHC,36.869998931884766,37.11000061035156,36.70000076293945,37.04999923706055,33.73506164550781,4650900
2024-04-08,KHC,36.869998931884766,37.11000061035156,36.70000076293945,37.04999923706055,33.73506164550781,4650900
2024-04-09,KHC,37.11000061035156,37.25,36.834999084472656,37.15999984741211,33.83522415161133,4089800
2024-04-09,KHC,37.11000061035156,37.25,36.834999084472656,37.15999984741211,33.83522415161133,4089800
2024-04-10,KHC,37.0099983215332,37.119998931884766,36.59999847412109,36.81999969482422,33.52564239501953,5540900
2024-04-10,KHC,37.0099983215332,37.119998931884766,36.59999847412109,36.81999969482422,33.52564239501953,5540900
2024-04-11,KHC,36.97999954223633,37.060001373291016,36.34000015258789,36.58000183105469,33.30711364746094,5785900
2024-04-11,KHC,36.97999954223633,37.060001373291016,36.34000015258789,36.58000183105469,33.30711364746094,5785900
2024-04-12,KHC,36.5,36.56499862670898,35.869998931884766,35.939998626708984,32.72437286376953,6394500
2024-04-12,KHC,36.5,36.56499862670898,35.869998931884766,35.939998626708984,32.72437286376953,6394500
2024-04-15,KHC,36.22999954223633,36.435001373291016,36.03099822998047,36.310001373291016,33.061279296875,6992100
2024-04-15,KHC,36.22999954223633,36.435001373291016,36.03099822998047,36.310001373291016,33.061279296875,6992100
2024-04-16,KHC,36.45000076293945,36.70000076293945,36.29999923706055,36.59000015258789,33.316219329833984,8695800
2024-04-16,KHC,36.45000076293945,36.70000076293945,36.29999923706055,36.59000015258789,33.316219329833984,8695800
2024-04-17,KHC,36.83000183105469,36.93999862670898,36.470001220703125,36.900001525878906,33.59848403930664,6176100
2024-04-17,KHC,36.83000183105469,36.93999862670898,36.470001220703125,36.900001525878906,33.59848403930664,6176100
2024-04-18,KHC,37.150001525878906,37.290000915527344,36.650001525878906,37.11000061035156,33.789695739746094,6769500
2024-04-18,KHC,37.150001525878906,37.290000915527344,36.650001525878906,37.11000061035156,33.789695739746094,6769500
2024-04-19,KHC,37.290000915527344,37.83000183105469,36.98500061035156,37.77999877929688,34.399742126464844,9117800
2024-04-19,KHC,37.290000915527344,37.83000183105469,36.98500061035156,37.77999877929688,34.399742126464844,9117800
2024-04-22,KHC,37.91999816894531,38.22999954223633,37.68999862670898,38.150001525878906,34.73664474487305,6973600
2024-04-22,KHC,37.91999816894531,38.22999954223633,37.68999862670898,38.150001525878906,34.73664474487305,6973600
2024-04-23,KHC,38.04999923706055,38.25,37.95500183105469,38.06999969482422,34.66379928588867,5858100
2024-04-23,KHC,38.04999923706055,38.25,37.95500183105469,38.06999969482422,34.66379928588867,5858100
2024-04-24,KHC,37.40999984741211,38.630001068115234,37.375,38.56999969482422,35.11906051635742,7250100
2024-04-24,KHC,37.40999984741211,38.630001068115234,37.375,38.56999969482422,35.11906051635742,7250100
2024-04-25,KHC,38.76800155639648,38.959999084472656,38.084999084472656,38.369998931884766,34.936954498291016,6667900
2024-04-25,KHC,38.76800155639648,38.959999084472656,38.084999084472656,38.369998931884766,34.936954498291016,6667900
2024-04-26,KHC,37.95500183105469,38.560001373291016,37.95500183105469,38.15999984741211,34.74575424194336,5342400
2024-04-26,KHC,37.95500183105469,38.560001373291016,37.95500183105469,38.15999984741211,34.74575424194336,5342400
2024-04-29,KHC,38.20000076293945,38.65999984741211,38.15999984741211,38.650001525878906,35.19190979003906,6163000
2024-04-29,KHC,38.20000076293945,38.65999984741211,38.15999984741211,38.650001525878906,35.19190979003906,6163000
2024-04-30,KHC,38.630001068115234,38.720001220703125,38.15999984741211,38.61000061035156,35.15549087524414,9607900
2024-04-30,KHC,38.630001068115234,38.720001220703125,38.15999984741211,38.61000061035156,35.15549087524414,9607900
2024-05-01,KHC,37.2599983215332,37.70000076293945,35.869998931884766,36.27999877929688,33.03395462036133,15583100
2024-05-01,KHC,37.2599983215332,37.70000076293945,35.869998931884766,36.27999877929688,33.03395462036133,15583100
2024-05-02,KHC,36.38999938964844,37.06499862670898,36.380001068115234,36.720001220703125,33.43458938598633,11373600
2024-05-02,KHC,36.38999938964844,37.06499862670898,36.380001068115234,36.720001220703125,33.43458938598633,11373600
2024-05-03,KHC,36.68999862670898,36.75,36.20500183105469,36.34999847412109,33.097686767578125,7102900
2024-05-03,KHC,36.68999862670898,36.75,36.20500183105469,36.34999847412109,33.097686767578125,7102900
2024-05-06,KHC,36.40999984741211,36.43999862670898,35.529998779296875,35.7400016784668,32.542274475097656,8570600
2024-05-06,KHC,36.40999984741211,36.43999862670898,35.529998779296875,35.7400016784668,32.542274475097656,8570600
2024-05-07,KHC,35.83000183105469,36.05500030517578,35.54999923706055,35.810001373291016,32.60601043701172,7643400
2024-05-07,KHC,35.83000183105469,36.05500030517578,35.54999923706055,35.810001373291016,32.60601043701172,7643400
2024-05-08,KHC,35.810001373291016,36.060001373291016,35.810001373291016,35.88999938964844,32.67884826660156,7764800
2024-05-08,KHC,35.810001373291016,36.060001373291016,35.810001373291016,35.88999938964844,32.67884826660156,7764800
2024-05-09,KHC,35.90999984741211,35.970001220703125,35.540000915527344,35.709999084472656,32.514949798583984,5027100
2024-05-09,KHC,35.90999984741211,35.970001220703125,35.540000915527344,35.709999084472656,32.514949798583984,5027100
2024-05-10,KHC,35.66999816894531,36.27999877929688,35.619998931884766,36.2400016784668,32.997535705566406,6267500
2024-05-10,KHC,35.66999816894531,36.27999877929688,35.619998931884766,36.2400016784668,32.997535705566406,6267500
2024-05-13,KHC,36.290000915527344,36.650001525878906,36.2599983215332,36.4900016784668,33.22516632080078,8561700
2024-05-13,KHC,36.290000915527344,36.650001525878906,36.2599983215332,36.4900016784668,33.22516632080078,8561700
2024-05-14,KHC,36.66999816894531,36.70000076293945,36.11000061035156,36.18999862670898,32.95199966430664,6140100
2024-05-14,KHC,36.66999816894531,36.70000076293945,36.11000061035156,36.18999862670898,32.95199966430664,6140100
2024-05-15,KHC,36.18999862670898,36.29999923706055,35.83000183105469,35.849998474121094,32.64242172241211,6162600
2024-05-15,KHC,36.18999862670898,36.29999923706055,35.83000183105469,35.849998474121094,32.64242172241211,6162600
2024-05-16,KHC,35.869998931884766,36.26499938964844,35.869998931884766,36.06999969482422,32.842742919921875,6293800
2024-05-16,KHC,35.869998931884766,36.26499938964844,35.869998931884766,36.06999969482422,32.842742919921875,6293800
2024-05-17,KHC,35.95000076293945,36.08000183105469,35.63999938964844,36.0,32.77900695800781,6117600
2024-05-17,KHC,35.95000076293945,36.08000183105469,35.63999938964844,36.0,32.77900695800781,6117600
2024-05-20,KHC,35.90999984741211,36.125,35.7599983215332,35.779998779296875,32.57868957519531,5756200
2024-05-20,KHC,35.90999984741211,36.125,35.7599983215332,35.779998779296875,32.57868957519531,5756200
2024-05-21,KHC,35.959999084472656,36.11000061035156,35.70000076293945,35.91999816894531,32.70616149902344,6015000
2024-05-21,KHC,35.959999084472656,36.11000061035156,35.70000076293945,35.91999816894531,32.70616149902344,6015000
2024-05-22,KHC,36.02999877929688,36.45000076293945,35.86000061035156,36.380001068115234,33.1250114440918,6486800
2024-05-22,KHC,36.02999877929688,36.45000076293945,35.86000061035156,36.380001068115234,33.1250114440918,6486800
2024-05-23,KHC,36.18999862670898,36.2599983215332,35.709999084472656,35.79999923706055,32.596900939941406,5339700
2024-05-23,KHC,36.18999862670898,36.2599983215332,35.709999084472656,35.79999923706055,32.596900939941406,5339700
2024-05-24,KHC,35.86000061035156,36.16999816894531,35.6619987487793,35.849998474121094,32.64242172241211,5700600
2024-05-24,KHC,35.86000061035156,36.16999816894531,35.6619987487793,35.849998474121094,32.64242172241211,5700600
2024-05-28,KHC,35.709999084472656,35.779998779296875,35.0099983215332,35.04999923706055,31.914005279541016,7364100
2024-05-28,KHC,35.709999084472656,35.779998779296875,35.0099983215332,35.04999923706055,31.914005279541016,7364100
2024-05-29,KHC,34.9900016784668,35.224998474121094,34.630001068115234,34.65999984741211,31.558900833129883,8276000
2024-05-29,KHC,34.9900016784668,35.224998474121094,34.630001068115234,34.65999984741211,31.558900833129883,8276000
2024-05-30,KHC,34.720001220703125,34.84400177001953,34.560001373291016,34.650001525878906,31.5497989654541,6700300
2024-05-30,KHC,34.720001220703125,34.84400177001953,34.560001373291016,34.650001525878906,31.5497989654541,6700300
2024-05-31,KHC,34.70000076293945,35.38999938964844,34.63999938964844,35.369998931884766,32.20537185668945,12422300
2024-05-31,KHC,34.70000076293945,35.38999938964844,34.63999938964844,35.369998931884766,32.20537185668945,12422300
2024-06-03,KHC,35.369998931884766,35.47999954223633,35.005001068115234,35.099998474121094,31.959531784057617,6283600
2024-06-03,KHC,35.369998931884766,35.47999954223633,35.005001068115234,35.099998474121094,31.959531784057617,6283600
2024-06-04,KHC,35.06999969482422,35.72999954223633,34.665000915527344,35.630001068115234,32.44211959838867,8646700
2024-06-04,KHC,35.06999969482422,35.72999954223633,34.665000915527344,35.630001068115234,32.44211959838867,8646700
2024-06-05,KHC,35.66999816894531,35.678001403808594,34.529998779296875,34.66999816894531,31.56800079345703,9807200
2024-06-05,KHC,35.66999816894531,35.678001403808594,34.529998779296875,34.66999816894531,31.56800079345703,9807200
2024-06-06,KHC,34.209999084472656,34.70000076293945,33.650001525878906,34.56999969482422,31.844348907470703,8800300
2024-06-06,KHC,34.209999084472656,34.70000076293945,33.650001525878906,34.56999969482422,31.844348907470703,8800300
2024-06-07,KHC,34.47999954223633,34.86000061035156,34.21500015258789,34.38999938964844,31.67854118347168,8340200
2024-06-07,KHC,34.47999954223633,34.86000061035156,34.21500015258789,34.38999938964844,31.67854118347168,8340200
2024-06-10,KHC,34.18000030517578,34.224998474121094,33.22999954223633,33.54999923706055,30.904769897460938,11162600
2024-06-10,KHC,34.18000030517578,34.224998474121094,33.22999954223633,33.54999923706055,30.904769897460938,11162600
2024-06-11,KHC,33.33000183105469,33.775001525878906,33.209999084472656,33.650001525878906,30.996889114379883,6206600
2024-06-11,KHC,33.33000183105469,33.775001525878906,33.209999084472656,33.650001525878906,30.996889114379883,6206600
2024-06-12,KHC,33.59000015258789,33.61000061035156,32.880001068115234,32.91999816894531,30.324443817138672,8227600
2024-06-12,KHC,33.59000015258789,33.61000061035156,32.880001068115234,32.91999816894531,30.324443817138672,8227600
2024-06-13,KHC,32.72999954223633,32.83000183105469,32.27000045776367,32.540000915527344,29.974403381347656,11641700
2024-06-13,KHC,32.72999954223633,32.83000183105469,32.27000045776367,32.540000915527344,29.974403381347656,11641700
2024-06-14,KHC,32.540000915527344,32.630001068115234,32.25,32.380001068115234,29.827024459838867,6188900
2024-06-14,KHC,32.540000915527344,32.630001068115234,32.25,32.380001068115234,29.827024459838867,6188900
2024-06-17,KHC,32.2400016784668,32.95000076293945,32.0099983215332,32.91999816894531,30.324443817138672,10035900
2024-06-17,KHC,32.2400016784668,32.95000076293945,32.0099983215332,32.91999816894531,30.324443817138672,10035900
2024-06-18,KHC,32.959999084472656,33.040000915527344,32.5099983215332,32.66999816894531,30.094152450561523,6080800
2024-06-18,KHC,32.959999084472656,33.040000915527344,32.5099983215332,32.66999816894531,30.094152450561523,6080800
2024-06-20,KHC,32.4900016784668,32.70000076293945,32.369998931884766,32.63999938964844,30.0665225982666,7236600
2024-06-20,KHC,32.4900016784668,32.70000076293945,32.369998931884766,32.63999938964844,30.0665225982666,7236600
2024-06-21,KHC,32.810001373291016,33.14500045776367,32.65999984741211,32.95000076293945,30.35207939147949,16326500
2024-06-21,KHC,32.810001373291016,33.14500045776367,32.65999984741211,32.95000076293945,30.35207939147949,16326500
2024-06-24,KHC,33.099998474121094,33.380001068115234,32.91999816894531,33.209999084472656,30.591577529907227,7262400
2024-06-24,KHC,33.099998474121094,33.380001068115234,32.91999816894531,33.209999084472656,30.591577529907227,7262400
2024-06-25,KHC,33.189998626708984,33.349998474121094,32.775001525878906,32.79999923706055,30.213903427124023,7926200
2024-06-25,KHC,33.189998626708984,33.349998474121094,32.775001525878906,32.79999923706055,30.213903427124023,7926200
2024-06-26,KHC,32.470001220703125,32.5,32.20000076293945,32.31999969482422,29.77174949645996,7682900
2024-06-26,KHC,32.470001220703125,32.5,32.20000076293945,32.31999969482422,29.77174949645996,7682900
2024-06-27,KHC,32.25,32.45000076293945,32.060001373291016,32.27000045776367,29.725696563720703,5689500
2024-06-27,KHC,32.25,32.45000076293945,32.060001373291016,32.27000045776367,29.725696563720703,5689500
2024-06-28,KHC,32.400001525878906,32.459999084472656,32.02000045776367,32.220001220703125,29.679637908935547,9939000
2024-06-28,KHC,32.400001525878906,32.459999084472656,32.02000045776367,32.220001220703125,29.679637908935547,9939000
2024-07-01,KHC,32.22999954223633,32.65999984741211,31.82999992370605,31.86000061035156,29.348020553588867,7760600
2024-07-01,KHC,32.22999954223633,32.65999984741211,31.82999992370605,31.86000061035156,29.348020553588867,7760600
2024-07-02,KHC,31.950000762939453,32.0,31.71999931335449,32.0,29.47698402404785,5470600
2024-07-02,KHC,31.950000762939453,32.0,31.71999931335449,32.0,29.47698402404785,5470600
2024-07-03,KHC,32.099998474121094,32.2400016784668,31.940000534057617,32.09000015258789,29.559886932373047,3805500
2024-07-03,KHC,32.099998474121094,32.2400016784668,31.940000534057617,32.09000015258789,29.559886932373047,3805500
2024-07-05,KHC,32.20000076293945,32.209999084472656,31.82999992370605,32.09000015258789,29.559886932373047,5200000
2024-07-05,KHC,32.20000076293945,32.209999084472656,31.82999992370605,32.09000015258789,29.559886932373047,5200000
2024-07-08,KHC,32.09000015258789,32.2599983215332,31.96999931335449,32.099998474121094,29.569095611572266,5870700
2024-07-08,KHC,32.09000015258789,32.2599983215332,31.96999931335449,32.099998474121094,29.569095611572266,5870700
2024-07-09,KHC,32.0,32.09000015258789,31.770000457763672,31.93000030517578,29.41250228881836,7630900
2024-07-09,KHC,32.0,32.09000015258789,31.770000457763672,31.93000030517578,29.41250228881836,7630900
2024-07-10,KHC,31.84000015258789,32.0099983215332,31.76000022888184,31.920000076293945,29.403289794921875,7116500
2024-07-10,KHC,31.84000015258789,32.0099983215332,31.76000022888184,31.920000076293945,29.403289794921875,7116500
2024-07-11,KHC,31.780000686645508,32.22999954223633,31.57999992370605,32.18000030517578,29.64278984069824,7468000
2024-07-11,KHC,31.780000686645508,32.22999954223633,31.57999992370605,32.18000030517578,29.64278984069824,7468000
2024-07-12,KHC,32.31999969482422,32.459999084472656,32.040000915527344,32.06999969482422,29.54146385192871,6250100
2024-07-12,KHC,32.31999969482422,32.459999084472656,32.040000915527344,32.06999969482422,29.54146385192871,6250100
2024-07-15,KHC,32.06999969482422,32.54999923706055,31.96999931335449,32.290000915527344,29.744115829467773,6723800
2024-07-15,KHC,32.06999969482422,32.54999923706055,31.96999931335449,32.290000915527344,29.744115829467773,6723800
2024-07-16,KHC,32.27000045776367,32.90999984741211,32.22999954223633,32.84000015258789,30.250751495361328,6193700
2024-07-16,KHC,32.27000045776367,32.90999984741211,32.22999954223633,32.84000015258789,30.250751495361328,6193700
2024-07-17,KHC,33.09000015258789,34.040000915527344,33.060001373291016,33.900001525878906,31.22718048095703,12096700
2024-07-17,KHC,33.09000015258789,34.040000915527344,33.060001373291016,33.900001525878906,31.22718048095703,12096700
2024-07-18,KHC,33.68000030517578,34.40999984741211,33.58000183105469,33.77000045776367,31.1074275970459,10013200
2024-07-18,KHC,33.68000030517578,34.40999984741211,33.58000183105469,33.77000045776367,31.1074275970459,10013200
2024-07-19,KHC,33.65999984741211,33.71500015258789,33.0,33.119998931884766,30.508676528930664,6419100
2024-07-19,KHC,33.65999984741211,33.71500015258789,33.0,33.119998931884766,30.508676528930664,6419100
2024-07-22,KHC,33.150001525878906,33.21799850463867,32.689998626708984,32.81999969482422,30.232328414916992,6321200
2024-07-22,KHC,33.150001525878906,33.21799850463867,32.689998626708984,32.81999969482422,30.232328414916992,6321200
2024-07-23,KHC,32.849998474121094,32.974998474121094,32.630001068115234,32.79999923706055,30.213903427124023,5618900
2024-07-23,KHC,32.849998474121094,32.974998474121094,32.630001068115234,32.79999923706055,30.213903427124023,5618900
2024-07-24,KHC,32.88999938964844,33.358001708984375,32.560001373291016,33.04999923706055,30.44419479370117,8162100
2024-07-24,KHC,32.88999938964844,33.358001708984375,32.560001373291016,33.04999923706055,30.44419479370117,8162100
2024-07-25,KHC,33.2599983215332,34.119998931884766,33.13999938964844,33.290000915527344,30.665271759033203,6893100
2024-07-25,KHC,33.2599983215332,34.119998931884766,33.13999938964844,33.290000915527344,30.665271759033203,6893100
2024-07-26,KHC,33.38999938964844,33.56999969482422,33.20000076293945,33.36000061035156,30.72975730895996,6048700
2024-07-26,KHC,33.38999938964844,33.56999969482422,33.20000076293945,33.36000061035156,30.72975730895996,6048700
2024-07-29,KHC,33.279998779296875,33.5,32.994998931884766,33.41999816894531,30.785022735595703,7411500
2024-07-29,KHC,33.279998779296875,33.5,32.994998931884766,33.41999816894531,30.785022735595703,7411500
2024-07-30,KHC,33.400001525878906,33.93000030517578,33.22999954223633,33.84000015258789,31.171911239624023,11644900
2024-07-30,KHC,33.400001525878906,33.93000030517578,33.22999954223633,33.84000015258789,31.171911239624023,11644900
2024-07-31,KHC,34.59000015258789,35.66999816894531,34.349998474121094,35.209999084472656,32.43388748168945,21392100
2024-07-31,KHC,34.59000015258789,35.66999816894531,34.349998474121094,35.209999084472656,32.43388748168945,21392100
2024-08-01,KHC,35.040000915527344,35.560001373291016,34.7599983215332,35.400001525878906,32.608909606933594,10258600
2024-08-01,KHC,35.040000915527344,35.560001373291016,34.7599983215332,35.400001525878906,32.608909606933594,10258600
2024-08-02,KHC,35.810001373291016,36.275001525878906,35.393001556396484,36.060001373291016,33.21687698364258,15882100
2024-08-02,KHC,35.810001373291016,36.275001525878906,35.393001556396484,36.060001373291016,33.21687698364258,15882100
2024-08-05,KHC,36.11000061035156,36.52000045776367,34.8849983215332,35.20000076293945,32.424678802490234,12773100
2024-08-05,KHC,36.11000061035156,36.52000045776367,34.8849983215332,35.20000076293945,32.424678802490234,12773100
2024-08-06,KHC,35.380001068115234,35.68000030517578,34.790000915527344,34.81999969482422,32.074642181396484,7266500
2024-08-06,KHC,35.380001068115234,35.68000030517578,34.790000915527344,34.81999969482422,32.074642181396484,7266500
2024-08-07,KHC,34.86000061035156,35.40999984741211,34.630001068115234,34.66999816894531,31.936464309692383,7907800
2024-08-07,KHC,34.86000061035156,35.40999984741211,34.630001068115234,34.66999816894531,31.936464309692383,7907800
2024-08-08,KHC,34.619998931884766,35.31999969482422,34.56100082397461,35.209999084472656,32.43388748168945,6301200
2024-08-08,KHC,34.619998931884766,35.31999969482422,34.56100082397461,35.209999084472656,32.43388748168945,6301200
2024-08-09,KHC,35.189998626708984,35.40999984741211,34.810001373291016,35.27000045776367,32.489166259765625,5109500
2024-08-09,KHC,35.189998626708984,35.40999984741211,34.810001373291016,35.27000045776367,32.489166259765625,5109500
2024-08-12,KHC,34.97999954223633,35.02000045776367,34.064998626708984,34.16999816894531,31.475887298583984,8413300
2024-08-12,KHC,34.97999954223633,35.02000045776367,34.064998626708984,34.16999816894531,31.475887298583984,8413300
2024-08-13,KHC,34.060001373291016,34.73500061035156,34.0,34.56999969482422,31.844348907470703,6624400
2024-08-13,KHC,34.060001373291016,34.73500061035156,34.0,34.56999969482422,31.844348907470703,6624400
2024-08-14,KHC,34.56999969482422,35.029998779296875,34.470001220703125,34.4900016784668,31.77066421508789,6105000
2024-08-14,KHC,34.56999969482422,35.029998779296875,34.470001220703125,34.4900016784668,31.77066421508789,6105000
2024-08-15,KHC,34.380001068115234,34.540000915527344,34.119998931884766,34.189998626708984,31.49431037902832,6176300
2024-08-15,KHC,34.380001068115234,34.540000915527344,34.119998931884766,34.189998626708984,31.49431037902832,6176300
2024-08-16,KHC,34.220001220703125,34.83000183105469,34.029998779296875,34.619998931884766,31.89041519165039,11470400
2024-08-16,KHC,34.220001220703125,34.83000183105469,34.029998779296875,34.619998931884766,31.89041519165039,11470400
2024-08-19,KHC,34.75,35.369998931884766,34.68000030517578,35.36000061035156,32.57206344604492,6546200
2024-08-19,KHC,34.75,35.369998931884766,34.68000030517578,35.36000061035156,32.57206344604492,6546200
2024-08-20,KHC,35.35499954223633,35.43000030517578,35.0099983215332,35.290000915527344,32.50758743286133,5619700
2024-08-20,KHC,35.35499954223633,35.43000030517578,35.0099983215332,35.290000915527344,32.50758743286133,5619700
2024-08-21,KHC,35.290000915527344,35.56999969482422,35.220001220703125,35.439998626708984,32.64575958251953,5890400
2024-08-21,KHC,35.290000915527344,35.56999969482422,35.220001220703125,35.439998626708984,32.64575958251953,5890400
2024-08-22,KHC,35.54999923706055,35.619998931884766,35.27000045776367,35.52000045776367,32.719451904296875,6178900
2024-08-22,KHC,35.54999923706055,35.619998931884766,35.27000045776367,35.52000045776367,32.719451904296875,6178900
2024-08-23,KHC,35.70000076293945,35.935001373291016,35.630001068115234,35.90999984741211,33.07870101928711,4385600
2024-08-23,KHC,35.70000076293945,35.935001373291016,35.630001068115234,35.90999984741211,33.07870101928711,4385600
2024-08-26,KHC,36.0,36.31900024414063,35.869998931884766,35.93000030517578,33.09712600708008,5876100
2024-08-26,KHC,36.0,36.31900024414063,35.869998931884766,35.93000030517578,33.09712600708008,5876100
2024-08-27,KHC,36.04999923706055,36.18000030517578,35.60300064086914,35.7400016784668,32.9221076965332,4753600
2024-08-27,KHC,36.04999923706055,36.18000030517578,35.60300064086914,35.7400016784668,32.9221076965332,4753600
2024-08-28,KHC,35.63999938964844,35.75,35.2599983215332,35.38999938964844,32.599693298339844,6563500
2024-08-28,KHC,35.63999938964844,35.75,35.2599983215332,35.38999938964844,32.599693298339844,6563500
2024-08-29,KHC,35.43000030517578,35.470001220703125,34.98500061035156,35.2599983215332,32.479949951171875,7532600
2024-08-29,KHC,35.43000030517578,35.470001220703125,34.98500061035156,35.2599983215332,32.479949951171875,7532600
2024-08-30,KHC,34.79999923706055,35.470001220703125,34.79999923706055,35.43000030517578,33.01103591918945,9320200
2024-08-30,KHC,34.79999923706055,35.470001220703125,34.79999923706055,35.43000030517578,33.01103591918945,9320200
2024-09-03,KHC,35.33000183105469,35.654998779296875,34.67499923706055,35.59000015258789,33.16011047363281,8673800
2024-09-03,KHC,35.33000183105469,35.654998779296875,34.67499923706055,35.59000015258789,33.16011047363281,8673800
2024-09-04,KHC,35.560001373291016,36.09999847412109,35.560001373291016,36.06999969482422,33.60733795166016,7428400
2024-09-04,KHC,35.560001373291016,36.09999847412109,35.560001373291016,36.06999969482422,33.60733795166016,7428400
2024-09-05,KHC,36.18999862670898,36.52999877929688,36.04999923706055,36.130001068115234,33.66324234008789,7691300
2024-09-05,KHC,36.18999862670898,36.52999877929688,36.04999923706055,36.130001068115234,33.66324234008789,7691300
2024-09-06,KHC,36.20000076293945,36.275001525878906,35.83000183105469,35.84000015258789,33.393043518066406,5831900
2024-09-06,KHC,36.20000076293945,36.275001525878906,35.83000183105469,35.84000015258789,33.393043518066406,5831900
2024-09-09,KHC,35.86000061035156,36.209999084472656,35.720001220703125,36.04999923706055,33.58870315551758,6559000
2024-09-09,KHC,35.86000061035156,36.209999084472656,35.720001220703125,36.04999923706055,33.58870315551758,6559000
2024-09-10,KHC,36.060001373291016,36.150001525878906,35.3650016784668,35.52000045776367,33.09489059448242,4669300
2024-09-10,KHC,36.060001373291016,36.150001525878906,35.3650016784668,35.52000045776367,33.09489059448242,4669300
2024-09-11,KHC,35.5099983215332,35.5099983215332,34.904998779296875,35.15999984741211,32.75946807861328,6414500
2024-09-11,KHC,35.5099983215332,35.5099983215332,34.904998779296875,35.15999984741211,32.75946807861328,6414500
2024-09-12,KHC,35.06999969482422,35.220001220703125,34.744998931884766,35.20000076293945,32.79673767089844,4608800
2024-09-12,KHC,35.06999969482422,35.220001220703125,34.744998931884766,35.20000076293945,32.79673767089844,4608800
2024-09-13,KHC,35.29999923706055,35.61000061035156,35.220001220703125,35.59000015258789,33.16011047363281,5126800
2024-09-13,KHC,35.29999923706055,35.61000061035156,35.220001220703125,35.59000015258789,33.16011047363281,5126800
2024-09-16,KHC,35.790000915527344,35.93000030517578,35.459999084472656,35.630001068115234,33.197383880615234,5390300
2024-09-16,KHC,35.790000915527344,35.93000030517578,35.459999084472656,35.630001068115234,33.197383880615234,5390300
2024-09-17,KHC,35.58000183105469,35.84299850463867,35.0099983215332,35.040000915527344,32.64765930175781,7139600
2024-09-17,KHC,35.58000183105469,35.84299850463867,35.0099983215332,35.040000915527344,32.64765930175781,7139600
2024-09-18,KHC,34.88999938964844,35.650001525878906,34.869998931884766,35.13999938964844,32.7408332824707,5392600
2024-09-18,KHC,34.88999938964844,35.650001525878906,34.869998931884766,35.13999938964844,32.7408332824707,5392600
2024-09-19,KHC,35.11000061035156,35.25,34.86000061035156,34.9900016784668,32.60107421875,7115400
2024-09-19,KHC,35.11000061035156,35.25,34.86000061035156,34.9900016784668,32.60107421875,7115400
2024-09-20,KHC,35.06999969482422,35.369998931884766,34.77000045776367,34.959999084472656,32.5731201171875,36463900
2024-09-20,KHC,35.06999969482422,35.369998931884766,34.77000045776367,34.959999084472656,32.5731201171875,36463900
2024-09-23,KHC,34.900001525878906,35.060001373291016,34.52000045776367,34.68000030517578,32.31223678588867,7264400
2024-09-23,KHC,34.900001525878906,35.060001373291016,34.52000045776367,34.68000030517578,32.31223678588867,7264400
2024-09-24,KHC,34.65999984741211,34.8849983215332,34.54999923706055,34.70000076293945,32.33087539672852,5001500
2024-09-24,KHC,34.65999984741211,34.8849983215332,34.54999923706055,34.70000076293945,32.33087539672852,5001500
2024-09-25,KHC,34.75,34.849998474121094,34.43000030517578,34.52000045776367,32.16316604614258,6158300
2024-09-25,KHC,34.75,34.849998474121094,34.43000030517578,34.52000045776367,32.16316604614258,6158300
2024-09-26,KHC,34.560001373291016,34.83000183105469,34.5,34.79999923706055,32.42404556274414,6024600
2024-09-26,KHC,34.560001373291016,34.83000183105469,34.5,34.79999923706055,32.42404556274414,6024600
2024-09-27,KHC,34.95000076293945,35.7400016784668,34.93000030517578,35.369998931884766,32.95513153076172,8654200
2024-09-27,KHC,34.95000076293945,35.7400016784668,34.93000030517578,35.369998931884766,32.95513153076172,8654200
2024-09-30,KHC,35.369998931884766,35.505001068115234,34.904998779296875,35.11000061035156,32.712886810302734,4977700
2024-09-30,KHC,35.369998931884766,35.505001068115234,34.904998779296875,35.11000061035156,32.712886810302734,4977700
2024-10-01,KHC,35.150001525878906,35.279998779296875,34.86000061035156,35.16999816894531,32.76877975463867,6149800
2024-10-01,KHC,35.150001525878906,35.279998779296875,34.86000061035156,35.16999816894531,32.76877975463867,6149800
2024-10-02,KHC,35.0099983215332,35.012001037597656,34.185001373291016,34.369998931884766,32.02340316772461,8097000
2024-10-02,KHC,35.0099983215332,35.012001037597656,34.185001373291016,34.369998931884766,32.02340316772461,8097000
2024-10-03,KHC,34.06999969482422,34.220001220703125,33.9109992980957,34.16999816894531,31.837055206298828,6316400
2024-10-03,KHC,34.06999969482422,34.220001220703125,33.9109992980957,34.16999816894531,31.837055206298828,6316400
2024-10-04,KHC,34.16999816894531,34.63999938964844,34.05799865722656,34.59000015258789,32.22838592529297,4808400
2024-10-04,KHC,34.16999816894531,34.63999938964844,34.05799865722656,34.59000015258789,32.22838592529297,4808400
2024-10-07,KHC,34.630001068115234,34.685001373291016,34.387001037597656,34.59000015258789,32.22838592529297,5087500
2024-10-07,KHC,34.630001068115234,34.685001373291016,34.387001037597656,34.59000015258789,32.22838592529297,5087500
2024-10-08,KHC,34.54999923706055,34.75,34.16999816894531,34.65999984741211,32.29360580444336,4695800
2024-10-08,KHC,34.54999923706055,34.75,34.16999816894531,34.65999984741211,32.29360580444336,4695800
2024-10-09,KHC,34.68000030517578,34.939998626708984,34.47999954223633,34.66999816894531,32.302921295166016,4149000
2024-10-09,KHC,34.68000030517578,34.939998626708984,34.47999954223633,34.66999816894531,32.302921295166016,4149000
2024-10-10,KHC,34.7400016784668,34.994998931884766,34.654998779296875,34.83000183105469,32.452003479003906,4226000
2024-10-10,KHC,34.7400016784668,34.994998931884766,34.654998779296875,34.83000183105469,32.452003479003906,4226000
2024-10-11,KHC,34.9900016784668,35.29999923706055,34.88100051879883,35.220001220703125,32.815372467041016,5008400
2024-10-11,KHC,34.9900016784668,35.29999923706055,34.88100051879883,35.220001220703125,32.815372467041016,5008400
2024-10-14,KHC,35.220001220703125,35.380001068115234,34.97999954223633,35.36000061035156,32.9458122253418,3823300
2024-10-14,KHC,35.220001220703125,35.380001068115234,34.97999954223633,35.36000061035156,32.9458122253418,3823300
2024-10-15,KHC,35.45000076293945,36.2599983215332,35.43000030517578,35.720001220703125,33.28123092651367,5578800
2024-10-15,KHC,35.45000076293945,36.2599983215332,35.43000030517578,35.720001220703125,33.28123092651367,5578800
2024-10-16,KHC,35.70000076293945,35.88999938964844,35.560001373291016,35.810001373291016,33.36509323120117,5026100
2024-10-16,KHC,35.70000076293945,35.88999938964844,35.560001373291016,35.810001373291016,33.36509323120117,5026100
2024-10-17,KHC,35.880001068115234,35.959999084472656,35.709999084472656,35.95000076293945,33.49553298950195,5701300
2024-10-17,KHC,35.880001068115234,35.959999084472656,35.709999084472656,35.95000076293945,33.49553298950195,5701300
2024-10-18,KHC,35.599998474121094,36.11000061035156,35.58000183105469,36.0,33.542118072509766,5503700
2024-10-18,KHC,35.599998474121094,36.11000061035156,35.58000183105469,36.0,33.542118072509766,5503700
2024-10-21,KHC,36.02000045776367,36.310001373291016,35.279998779296875,35.4900016784668,33.06694030761719,8775500
2024-10-21,KHC,36.02000045776367,36.310001373291016,35.279998779296875,35.4900016784668,33.06694030761719,8775500
2024-10-22,KHC,35.40999984741211,36.0,35.31999969482422,35.63999938964844,33.20669174194336,7665500
2024-10-22,KHC,35.40999984741211,36.0,35.31999969482422,35.63999938964844,33.20669174194336,7665500
2024-10-23,KHC,35.369998931884766,35.59000015258789,35.10499954223633,35.5,33.07625198364258,5858100
2024-10-23,KHC,35.369998931884766,35.59000015258789,35.10499954223633,35.5,33.07625198364258,5858100
2024-10-24,KHC,35.41999816894531,35.720001220703125,35.0,35.029998779296875,32.63834381103516,7983200
2024-10-24,KHC,35.41999816894531,35.720001220703125,35.0,35.029998779296875,32.63834381103516,7983200
2024-10-25,KHC,34.90999984741211,35.09000015258789,34.599998474121094,34.7400016784668,32.368141174316406,7532900
2024-10-25,KHC,34.90999984741211,35.09000015258789,34.599998474121094,34.7400016784668,32.368141174316406,7532900
2024-10-28,KHC,34.88999938964844,35.16999816894531,34.86000061035156,35.130001068115234,32.73151779174805,7061400
2024-10-28,KHC,34.88999938964844,35.16999816894531,34.86000061035156,35.130001068115234,32.73151779174805,7061400
2024-10-29,KHC,34.93000030517578,35.064998626708984,34.77000045776367,34.79999923706055,32.42404556274414,7665100
2024-10-29,KHC,34.93000030517578,35.064998626708984,34.77000045776367,34.79999923706055,32.42404556274414,7665100
2024-10-30,KHC,33.88999938964844,33.900001525878906,33.029998779296875,33.72999954223633,31.427099227905277,14145600
2024-10-30,KHC,33.88999938964844,33.900001525878906,33.029998779296875,33.72999954223633,31.427099227905277,14145600
2024-10-31,KHC,33.5,34.02000045776367,33.45000076293945,33.459999084472656,31.1755313873291,10352700
2024-10-31,KHC,33.5,34.02000045776367,33.45000076293945,33.459999084472656,31.1755313873291,10352700
2024-11-01,KHC,33.5099983215332,33.619998931884766,33.31999969482422,33.4900016784668,31.2034854888916,5676500
2024-11-01,KHC,33.5099983215332,33.619998931884766,33.31999969482422,33.4900016784668,31.2034854888916,5676500
2024-11-04,KHC,33.5,33.70000076293945,33.255001068115234,33.380001068115234,31.100997924804688,7130700
2024-11-04,KHC,33.5,33.70000076293945,33.255001068115234,33.380001068115234,31.100997924804688,7130700
2024-11-05,KHC,33.400001525878906,33.60499954223633,33.02000045776367,33.5099983215332,31.22212028503418,7837500
2024-11-05,KHC,33.400001525878906,33.60499954223633,33.02000045776367,33.5099983215332,31.22212028503418,7837500
2024-11-06,KHC,33.720001220703125,34.08000183105469,33.369998931884766,33.41999816894531,31.138263702392575,11607400
2024-11-06,KHC,33.720001220703125,34.08000183105469,33.369998931884766,33.41999816894531,31.138263702392575,11607400
2024-11-07,KHC,33.369998931884766,33.4900016784668,32.790000915527344,32.81999969482422,30.5792293548584,8671100
2024-11-07,KHC,33.369998931884766,33.4900016784668,32.790000915527344,32.81999969482422,30.5792293548584,8671100
2024-11-08,KHC,32.810001373291016,33.09000015258789,32.56999969482422,33.0,30.746938705444336,7751500
2024-11-08,KHC,32.810001373291016,33.09000015258789,32.56999969482422,33.0,30.746938705444336,7751500
2024-11-11,KHC,32.95000076293945,33.12900161743164,32.5099983215332,32.529998779296875,30.30902862548828,8029800
2024-11-11,KHC,32.95000076293945,33.12900161743164,32.5099983215332,32.529998779296875,30.30902862548828,8029800
2024-11-12,KHC,32.529998779296875,32.560001373291016,31.940000534057617,32.0,29.815216064453125,10450200
2024-11-12,KHC,32.529998779296875,32.560001373291016,31.940000534057617,32.0,29.815216064453125,10450200
2024-11-13,KHC,31.93000030517578,32.150001525878906,31.790000915527344,32.130001068115234,29.936342239379883,7686100
2024-11-13,KHC,31.93000030517578,32.150001525878906,31.790000915527344,32.130001068115234,29.936342239379883,7686100
2024-11-14,KHC,32.150001525878906,32.380001068115234,31.7450008392334,31.790000915527344,29.619552612304688,11067300
2024-11-14,KHC,32.150001525878906,32.380001068115234,31.7450008392334,31.790000915527344,29.619552612304688,11067300
2024-11-15,KHC,31.82999992370605,31.82999992370605,30.399999618530277,31.13999938964844,29.01392936706543,17403500
2024-11-15,KHC,31.82999992370605,31.82999992370605,30.399999618530277,31.13999938964844,29.01392936706543,17403500
2024-11-18,KHC,31.21500015258789,31.399999618530277,30.934999465942383,31.06999969482422,28.94870948791504,10885500
2024-11-18,KHC,31.21500015258789,31.399999618530277,30.934999465942383,31.06999969482422,28.94870948791504,10885500
2024-11-19,KHC,30.71999931335449,30.920000076293945,30.459999084472656,30.57999992370605,28.492164611816406,14515400
2024-11-19,KHC,30.71999931335449,30.920000076293945,30.459999084472656,30.57999992370605,28.492164611816406,14515400
2024-11-20,KHC,30.57999992370605,31.00900077819824,30.565000534057617,30.8799991607666,28.77168273925781,11972200
2024-11-20,KHC,30.57999992370605,31.00900077819824,30.565000534057617,30.8799991607666,28.77168273925781,11972200
2024-11-21,KHC,30.799999237060547,31.149999618530277,30.700000762939453,31.09000015258789,28.967348098754883,14034400
2024-11-21,KHC,30.799999237060547,31.149999618530277,30.700000762939453,31.09000015258789,28.967348098754883,14034400
2024-11-22,KHC,31.15999984741211,31.834999084472656,31.049999237060547,31.809999465942383,29.6381893157959,12404100
2024-11-22,KHC,31.15999984741211,31.834999084472656,31.049999237060547,31.809999465942383,29.6381893157959,12404100
2024-11-25,KHC,32.0,32.48500061035156,31.90999984741211,32.02000045776367,29.83384895324707,17343700
2024-11-25,KHC,32.0,32.48500061035156,31.90999984741211,32.02000045776367,29.83384895324707,17343700
2024-11-26,KHC,31.959999084472656,32.10499954223633,31.815000534057617,31.96999931335449,29.787263870239254,8526900
2024-11-26,KHC,31.959999084472656,32.10499954223633,31.815000534057617,31.96999931335449,29.787263870239254,8526900
2024-11-27,KHC,32.13999938964844,32.349998474121094,31.892000198364254,31.93000030517578,29.7499942779541,6704000
2024-11-27,KHC,32.13999938964844,32.349998474121094,31.892000198364254,31.93000030517578,29.7499942779541,6704000
2024-11-29,KHC,31.700000762939453,32.125,31.59000015258789,31.96999931335449,30.1651554107666,5883800
2024-11-29,KHC,31.700000762939453,32.125,31.59000015258789,31.96999931335449,30.1651554107666,5883800
2024-12-02,KHC,31.739999771118164,31.8700008392334,31.40999984741211,31.61000061035156,29.825477600097656,13137000
2024-12-02,KHC,31.739999771118164,31.8700008392334,31.40999984741211,31.61000061035156,29.825477600097656,13137000
2024-12-03,KHC,31.559999465942383,31.729999542236328,31.299999237060547,31.450000762939453,29.674510955810547,13276000
2024-12-03,KHC,31.559999465942383,31.729999542236328,31.299999237060547,31.450000762939453,29.674510955810547,13276000
2024-12-04,KHC,31.25,31.31999969482422,30.93000030517578,31.0,29.24991607666016,9816800
2024-12-04,KHC,31.25,31.31999969482422,30.93000030517578,31.0,29.24991607666016,9816800
2024-12-05,KHC,30.920000076293945,31.040000915527344,30.6299991607666,30.90999984741211,29.164995193481445,10090200
2024-12-05,KHC,30.920000076293945,31.040000915527344,30.6299991607666,30.90999984741211,29.164995193481445,10090200
2024-12-06,KHC,30.950000762939453,31.040000915527344,30.674999237060547,30.809999465942383,29.070640563964844,11873000
2024-12-06,KHC,30.950000762939453,31.040000915527344,30.674999237060547,30.809999465942383,29.070640563964844,11873000
2024-12-09,KHC,30.86000061035156,32.310001373291016,30.75,31.71999931335449,29.92926597595215,13818500
2024-12-09,KHC,30.86000061035156,32.310001373291016,30.75,31.71999931335449,29.92926597595215,13818500
2024-12-10,KHC,31.57999992370605,31.90999984741211,31.309999465942383,31.59000015258789,29.80660820007324,12112200
2024-12-10,KHC,31.57999992370605,31.90999984741211,31.309999465942383,31.59000015258789,29.80660820007324,12112200
2024-12-11,KHC,31.57999992370605,31.809999465942383,31.26000022888184,31.290000915527344,29.52354431152344,9497600
2024-12-11,KHC,31.57999992370605,31.809999465942383,31.26000022888184,31.290000915527344,29.52354431152344,9497600
2024-12-12,KHC,31.450000762939453,31.71999931335449,31.13999938964844,31.549999237060547,29.76886367797852,9055600
2024-12-12,KHC,31.450000762939453,31.71999931335449,31.13999938964844,31.549999237060547,29.76886367797852,9055600
2024-12-13,KHC,31.520000457763672,31.98500061035156,31.34000015258789,31.690000534057617,29.90096092224121,7352700
2024-12-13,KHC,31.520000457763672,31.98500061035156,31.34000015258789,31.690000534057617,29.90096092224121,7352700
2024-12-16,KHC,31.57999992370605,31.63999938964844,30.93000030517578,30.96999931335449,29.221607208251957,12778800
2024-12-16,KHC,31.57999992370605,31.63999938964844,30.93000030517578,30.96999931335449,29.221607208251957,12778800
2024-12-17,KHC,30.809999465942383,31.450000762939453,30.770000457763672,31.25,29.485803604125977,11668000
2024-12-17,KHC,30.809999465942383,31.450000762939453,30.770000457763672,31.25,29.485803604125977,11668000
2024-12-18,KHC,30.75,30.799999237060547,30.09000015258789,30.299999237060547,28.589433670043945,19036400
2024-12-18,KHC,30.75,30.799999237060547,30.09000015258789,30.299999237060547,28.589433670043945,19036400
2024-12-19,KHC,30.190000534057617,30.46999931335449,30.049999237060547,30.100000381469727,28.400724411010746,13772400
2024-12-19,KHC,30.190000534057617,30.46999931335449,30.049999237060547,30.100000381469727,28.400724411010746,13772400
2024-12-20,KHC,30.030000686645508,30.670000076293945,30.01000022888184,30.520000457763672,28.79701232910156,20432000
2024-12-20,KHC,30.030000686645508,30.670000076293945,30.01000022888184,30.520000457763672,28.79701232910156,20432000
2024-12-23,KHC,30.40999984741211,30.559999465942383,30.2450008392334,30.459999084472656,28.740402221679688,7712900
2024-12-23,KHC,30.40999984741211,30.559999465942383,30.2450008392334,30.459999084472656,28.740402221679688,7712900
2024-12-24,KHC,30.3799991607666,30.674999237060547,30.2549991607666,30.63999938964844,28.91023826599121,4005700
2024-12-24,KHC,30.3799991607666,30.674999237060547,30.2549991607666,30.63999938964844,28.91023826599121,4005700
2024-12-26,KHC,30.520000457763672,30.729999542236328,30.440000534057617,30.549999237060547,28.825319290161133,6380000
2024-12-26,KHC,30.520000457763672,30.729999542236328,30.440000534057617,30.549999237060547,28.825319290161133,6380000
2024-12-27,KHC,30.440000534057617,30.82900047302246,30.3700008392334,30.68000030517578,28.947980880737305,6861700
2024-12-27,KHC,30.440000534057617,30.82900047302246,30.3700008392334,30.68000030517578,28.947980880737305,6861700
2024-12-30,KHC,30.6200008392334,30.63999938964844,30.149999618530277,30.36000061035156,28.646045684814453,7009800
2024-12-30,KHC,30.6200008392334,30.63999938964844,30.149999618530277,30.36000061035156,28.646045684814453,7009800
2024-12-31,KHC,30.420000076293945,30.75,30.38999938964844,30.709999084472656,28.97628593444824,6199500
2024-12-31,KHC,30.420000076293945,30.75,30.38999938964844,30.709999084472656,28.97628593444824,6199500
2025-01-02,KHC,30.947999954223636,31.03499984741211,30.61000061035156,30.770000457763672,29.03289794921875,6056800
2025-01-02,KHC,30.947999954223636,31.03499984741211,30.61000061035156,30.770000457763672,29.03289794921875,6056800
2025-01-03,KHC,30.8700008392334,30.895000457763672,30.51000022888184,30.61000061035156,28.881933212280277,7847900
2025-01-03,KHC,30.8700008392334,30.895000457763672,30.51000022888184,30.61000061035156,28.881933212280277,7847900
2025-01-06,KHC,30.61000061035156,30.88500022888184,30.03499984741211,30.049999237060547,28.353546142578125,10835000
2025-01-06,KHC,30.61000061035156,30.88500022888184,30.03499984741211,30.049999237060547,28.353546142578125,10835000
2025-01-07,KHC,29.96500015258789,30.32999992370605,29.709999084472656,29.770000457763672,28.089353561401367,8225300
2025-01-07,KHC,29.96500015258789,30.32999992370605,29.709999084472656,29.770000457763672,28.089353561401367,8225300
2025-01-08,KHC,29.809999465942383,29.82999992370605,29.229999542236328,29.65999984741211,27.98556327819824,7934600
2025-01-08,KHC,29.809999465942383,29.82999992370605,29.229999542236328,29.65999984741211,27.98556327819824,7934600
2025-01-10,KHC,29.43000030517578,29.434999465942383,28.5,28.51000022888184,26.90048599243164,14245400
2025-01-10,KHC,29.43000030517578,29.434999465942383,28.5,28.51000022888184,26.90048599243164,14245400
2025-01-13,KHC,28.649999618530277,29.020000457763672,28.479999542236328,28.780000686645508,27.155242919921875,14996000
2025-01-13,KHC,28.649999618530277,29.020000457763672,28.479999542236328,28.780000686645508,27.155242919921875,14996000
2025-01-14,KHC,28.790000915527344,28.893999099731445,28.530000686645508,28.709999084472656,27.08919334411621,10439400
2025-01-14,KHC,28.790000915527344,28.893999099731445,28.530000686645508,28.709999084472656,27.08919334411621,10439400
2025-01-15,KHC,28.81999969482422,29.0,28.420000076293945,28.729999542236328,27.10806655883789,9317000
2025-01-15,KHC,28.81999969482422,29.0,28.420000076293945,28.729999542236328,27.10806655883789,9317000
2025-01-16,KHC,28.530000686645508,29.030000686645508,28.3700008392334,28.96999931335449,27.334518432617188,7491400
2025-01-16,KHC,28.530000686645508,29.030000686645508,28.3700008392334,28.96999931335449,27.334518432617188,7491400
2025-01-17,KHC,29.155000686645508,29.459999084472656,29.049999237060547,29.270000457763672,27.617582321166992,8067200
2025-01-17,KHC,29.155000686645508,29.459999084472656,29.049999237060547,29.270000457763672,27.617582321166992,8067200
2025-01-21,KHC,29.3700008392334,29.81999969482422,29.34000015258789,29.479999542236328,27.81572723388672,8598200
2025-01-21,KHC,29.3700008392334,29.81999969482422,29.34000015258789,29.479999542236328,27.81572723388672,8598200
2025-01-22,KHC,29.32999992370605,29.44700050354004,29.020000457763672,29.06999969482422,27.42887306213379,8637700
2025-01-22,KHC,29.32999992370605,29.44700050354004,29.020000457763672,29.06999969482422,27.42887306213379,8637700
2025-01-23,KHC,29.07999992370605,29.209999084472656,28.96500015258789,29.06999969482422,27.42887306213379,5972800
2025-01-23,KHC,29.07999992370605,29.209999084472656,28.96500015258789,29.06999969482422,27.42887306213379,5972800
2025-01-24,KHC,29.170000076293945,29.420000076293945,29.020000457763672,29.309999465942383,27.655323028564453,9830100
2025-01-24,KHC,29.170000076293945,29.420000076293945,29.020000457763672,29.309999465942383,27.655323028564453,9830100
2025-01-27,KHC,29.700000762939453,30.63999938964844,29.700000762939453,30.200000762939453,28.495079040527344,10534300
2025-01-27,KHC,29.700000762939453,30.63999938964844,29.700000762939453,30.200000762939453,28.495079040527344,10534300
2025-01-28,KHC,30.03499984741211,30.26000022888184,29.399999618530277,29.59000015258789,27.919517517089844,8273000
2025-01-28,KHC,30.03499984741211,30.26000022888184,29.399999618530277,29.59000015258789,27.919517517089844,8273000
2025-01-29,KHC,29.665000915527344,29.84499931335449,29.56999969482422,29.65999984741211,27.98556327819824,5710100
2025-01-29,KHC,29.665000915527344,29.84499931335449,29.56999969482422,29.65999984741211,27.98556327819824,5710100
2025-01-30,KHC,29.899999618530277,30.31999969482422,29.649999618530277,30.270000457763672,28.56112670898437,9714200
2025-01-30,KHC,29.899999618530277,30.31999969482422,29.649999618530277,30.270000457763672,28.56112670898437,9714200
2025-01-31,KHC,30.0,30.209999084472656,29.76000022888184,29.84000015258789,28.15540313720703,7489800
2025-01-31,KHC,30.0,30.209999084472656,29.76000022888184,29.84000015258789,28.15540313720703,7489800
2025-02-03,KHC,29.600000381469727,29.76000022888184,28.983999252319336,29.280000686645508,27.627016067504883,9096000
2025-02-03,KHC,29.600000381469727,29.76000022888184,28.983999252319336,29.280000686645508,27.627016067504883,9096000
2025-02-04,KHC,29.11000061035156,29.149999618530277,28.520000457763672,28.700000762939453,27.079761505126957,11292700
2025-02-04,KHC,29.11000061035156,29.149999618530277,28.520000457763672,28.700000762939453,27.079761505126957,11292700
2025-02-05,KHC,28.63999938964844,28.71999931335449,28.309999465942383,28.61000061035156,26.99484062194824,17803700
2025-02-05,KHC,28.63999938964844,28.71999931335449,28.309999465942383,28.61000061035156,26.99484062194824,17803700
2025-02-06,KHC,28.895000457763672,29.07999992370605,28.700000762939453,29.01000022888184,27.372257232666016,8689300
2025-02-06,KHC,28.895000457763672,29.07999992370605,28.700000762939453,29.01000022888184,27.372257232666016,8689300
2025-02-07,KHC,29.13999938964844,29.334999084472656,28.86000061035156,29.299999237060547,27.64588737487793,7770000
2025-02-07,KHC,29.13999938964844,29.334999084472656,28.86000061035156,29.299999237060547,27.64588737487793,7770000
2025-02-10,KHC,29.13999938964844,29.174999237060547,28.70499992370605,28.959999084472656,27.325082778930664,9991700
2025-02-10,KHC,29.13999938964844,29.174999237060547,28.70499992370605,28.959999084472656,27.325082778930664,9991700
2025-02-11,KHC,28.96500015258789,29.655000686645508,28.780000686645508,29.57999992370605,27.910079956054688,9280500
2025-02-11,KHC,28.96500015258789,29.655000686645508,28.780000686645508,29.57999992370605,27.910079956054688,9280500
2025-02-12,KHC,27.530000686645508,28.81999969482422,27.25,28.6200008392334,27.00427627563477,19137900
2025-02-12,KHC,27.530000686645508,28.81999969482422,27.25,28.6200008392334,27.00427627563477,19137900
2025-02-13,KHC,28.315000534057617,29.31999969482422,28.07999992370605,29.25,27.598709106445312,14620700
2025-02-13,KHC,28.315000534057617,29.31999969482422,28.07999992370605,29.25,27.598709106445312,14620700
2025-02-14,KHC,29.21500015258789,29.59000015258789,28.84000015258789,28.920000076293945,27.28734016418457,9271900
2025-02-14,KHC,29.21500015258789,29.59000015258789,28.84000015258789,28.920000076293945,27.28734016418457,9271900
2025-02-18,KHC,28.649999618530277,29.440000534057617,28.6200008392334,29.31999969482422,27.664758682250977,11786200
2025-02-18,KHC,28.649999618530277,29.440000534057617,28.6200008392334,29.31999969482422,27.664758682250977,11786200
2025-02-19,KHC,29.350000381469727,29.93000030517578,29.21999931335449,29.790000915527344,28.10822486877441,9573300
2025-02-19,KHC,29.350000381469727,29.93000030517578,29.21999931335449,29.790000915527344,28.10822486877441,9573300
2025-02-20,KHC,29.81999969482422,30.2450008392334,29.80500030517578,30.15999984741211,28.45733642578125,8641100
2025-02-20,KHC,29.81999969482422,30.2450008392334,29.80500030517578,30.15999984741211,28.45733642578125,8641100
2025-02-21,KHC,30.31999969482422,31.295000076293945,30.229999542236328,31.1299991607666,29.372577667236328,14717900
2025-02-21,KHC,30.31999969482422,31.295000076293945,30.229999542236328,31.1299991607666,29.372577667236328,14717900
2025-02-24,KHC,31.149999618530277,31.924999237060547,30.96999931335449,31.36000061035156,29.5895938873291,12637600
2025-02-24,KHC,31.149999618530277,31.924999237060547,30.96999931335449,31.36000061035156,29.5895938873291,12637600
2025-02-25,KHC,31.5,31.895000457763672,31.31999969482422,31.729999542236328,29.938705444335938,10326600
2025-02-25,KHC,31.5,31.895000457763672,31.31999969482422,31.729999542236328,29.938705444335938,10326600
2025-02-26,KHC,31.51000022888184,31.575000762939453,30.545000076293945,30.6200008392334,28.89137077331543,10462700
2025-02-26,KHC,31.51000022888184,31.575000762939453,30.545000076293945,30.6200008392334,28.89137077331543,10462700
2025-02-27,KHC,30.540000915527344,30.920000076293945,30.229999542236328,30.649999618530277,28.91967391967773,10348300
2025-02-27,KHC,30.540000915527344,30.920000076293945,30.229999542236328,30.649999618530277,28.91967391967773,10348300
2025-02-28,KHC,30.8799991607666,31.059999465942383,30.584999084472656,30.709999084472656,28.97628593444824,12186600
2025-02-28,KHC,30.8799991607666,31.059999465942383,30.584999084472656,30.709999084472656,28.97628593444824,12186600
2025-03-03,KHC,30.700000762939453,31.38999938964844,30.649999618530277,31.31999969482422,29.55184936523437,8911000
2025-03-03,KHC,30.700000762939453,31.38999938964844,30.649999618530277,31.31999969482422,29.55184936523437,8911000
2025-03-04,KHC,31.690000534057617,31.920000076293945,30.950000762939453,30.979999542236328,29.23104476928711,13271600
2025-03-04,KHC,31.690000534057617,31.920000076293945,30.950000762939453,30.979999542236328,29.23104476928711,13271600
2025-03-05,KHC,30.82999992370605,31.520000457763672,30.76000022888184,30.989999771118164,29.240480422973636,9295400
2025-03-05,KHC,30.82999992370605,31.520000457763672,30.76000022888184,30.989999771118164,29.240480422973636,9295400
2025-03-06,KHC,31.040000915527344,31.56999969482422,30.81999969482422,31.280000686645508,29.514108657836918,9692800
2025-03-06,KHC,31.040000915527344,31.56999969482422,30.81999969482422,31.280000686645508,29.514108657836918,9692800
2025-03-07,KHC,30.950000762939453,32.689998626708984,30.81999969482422,32.18000030517578,30.75660514831543,15742600
2025-03-07,KHC,30.950000762939453,32.689998626708984,30.81999969482422,32.18000030517578,30.75660514831543,15742600
2025-03-10,KHC,32.45000076293945,33.349998474121094,32.15999984741211,32.220001220703125,30.79483795166016,14768900
2025-03-10,KHC,32.45000076293945,33.349998474121094,32.15999984741211,32.220001220703125,30.79483795166016,14768900
2025-03-11,KHC,32.119998931884766,32.25,31.01000022888184,31.100000381469727,29.72437858581543,14230100
2025-03-11,KHC,32.119998931884766,32.25,31.01000022888184,31.100000381469727,29.72437858581543,14230100
2025-03-12,KHC,30.665000915527344,31.020000457763672,30.03499984741211,30.299999237060547,28.959762573242188,13434500
2025-03-12,KHC,30.665000915527344,31.020000457763672,30.03499984741211,30.299999237060547,28.959762573242188,13434500
2025-03-13,KHC,30.340999603271484,30.83699989318848,30.1200008392334,30.190000534057617,28.85462951660156,10891600
2025-03-13,KHC,30.340999603271484,30.83699989318848,30.1200008392334,30.190000534057617,28.85462951660156,10891600
2025-03-14,KHC,30.1299991607666,30.524999618530277,30.09000015258789,30.229999542236328,28.892858505249023,9850500
2025-03-14,KHC,30.1299991607666,30.524999618530277,30.09000015258789,30.229999542236328,28.892858505249023,9850500
2025-03-17,KHC,30.239999771118164,30.799999237060547,30.21999931335449,30.65999984741211,29.3038387298584,9934900
2025-03-17,KHC,30.239999771118164,30.799999237060547,30.21999931335449,30.65999984741211,29.3038387298584,9934900
2025-03-18,KHC,30.799999237060547,30.88999938964844,30.3700008392334,30.38999938964844,29.0457820892334,7070300
2025-03-18,KHC,30.799999237060547,30.88999938964844,30.3700008392334,30.38999938964844,29.0457820892334,7070300
2025-03-19,KHC,30.174999237060547,30.399999618530277,29.729999542236328,29.88999938964844,28.567895889282227,14547100
2025-03-19,KHC,30.174999237060547,30.399999618530277,29.729999542236328,29.88999938964844,28.567895889282227,14547100
2025-03-20,KHC,29.94499969482422,30.149999618530277,29.690000534057617,29.709999084472656,28.39585876464844,13811600
2025-03-20,KHC,29.94499969482422,30.149999618530277,29.690000534057617,29.709999084472656,28.39585876464844,13811600
2025-03-21,KHC,29.600000381469727,29.93000030517578,29.38500022888184,29.520000457763672,28.214263916015625,25261700
2025-03-21,KHC,29.600000381469727,29.93000030517578,29.38500022888184,29.520000457763672,28.214263916015625,25261700
2025-03-24,KHC,29.239999771118164,29.46999931335449,28.940000534057617,29.1200008392334,27.83195686340332,13803900
2025-03-24,KHC,29.239999771118164,29.46999931335449,28.940000534057617,29.1200008392334,27.83195686340332,13803900
2025-03-25,KHC,29.1200008392334,29.23500061035156,28.93000030517578,29.100000381469727,27.812841415405277,9391200
2025-03-25,KHC,29.1200008392334,29.23500061035156,28.93000030517578,29.100000381469727,27.812841415405277,9391200
2025-03-26,KHC,29.170000076293945,29.82999992370605,29.149999618530277,29.690000534057617,28.37674331665039,8242600
2025-03-26,KHC,29.170000076293945,29.82999992370605,29.149999618530277,29.690000534057617,28.37674331665039,8242600
2025-03-27,KHC,29.86000061035156,30.1299991607666,29.770000457763672,30.06999969482422,28.73993492126465,8163800
2025-03-27,KHC,29.86000061035156,30.1299991607666,29.770000457763672,30.06999969482422,28.73993492126465,8163800
2025-03-28,KHC,30.239999771118164,30.405000686645508,30.05500030517578,30.239999771118164,28.902416229248047,8253600
2025-03-28,KHC,30.239999771118164,30.405000686645508,30.05500030517578,30.239999771118164,28.902416229248047,8253600
2025-03-31,KHC,30.3700008392334,30.770000457763672,30.28499984741211,30.43000030517578,29.08401107788086,8892100
2025-03-31,KHC,30.3700008392334,30.770000457763672,30.28499984741211,30.43000030517578,29.08401107788086,8892100
2025-04-01,KHC,30.530000686645508,30.690000534057617,30.1200008392334,30.34000015258789,28.99799346923828,8155500
2025-04-01,KHC,30.530000686645508,30.690000534057617,30.1200008392334,30.34000015258789,28.99799346923828,8155500
2025-04-02,KHC,30.38999938964844,30.549999237060547,30.045000076293945,30.1299991607666,28.79727935791016,8376200
2025-04-02,KHC,30.38999938964844,30.549999237060547,30.045000076293945,30.1299991607666,28.79727935791016,8376200
2025-04-03,KHC,30.450000762939453,31.1200008392334,30.399999618530277,30.809999465942383,29.44720268249512,11922600
2025-04-03,KHC,30.450000762939453,31.1200008392334,30.399999618530277,30.809999465942383,29.44720268249512,11922600
2025-04-04,KHC,30.38999938964844,31.149999618530277,29.649999618530277,29.68000030517578,28.3671875,16750600
2025-04-04,KHC,30.38999938964844,31.149999618530277,29.649999618530277,29.68000030517578,28.3671875,16750600
2025-04-07,KHC,28.93000030517578,29.729999542236328,28.440000534057617,28.530000686645508,27.268054962158203,19681100
2025-04-07,KHC,28.93000030517578,29.729999542236328,28.440000534057617,28.530000686645508,27.268054962158203,19681100
2025-04-08,KHC,28.790000915527344,28.90999984741211,27.459999084472656,27.690000534057617,26.4652099609375,18099600
2025-04-08,KHC,28.790000915527344,28.90999984741211,27.459999084472656,27.690000534057617,26.4652099609375,18099600
2025-04-09,KHC,27.600000381469727,29.26499938964844,27.26000022888184,29.100000381469727,27.812841415405277,18620800
2025-04-09,KHC,27.600000381469727,29.26499938964844,27.26000022888184,29.100000381469727,27.812841415405277,18620800
2025-04-10,KHC,29.020000457763672,29.25,28.274999618530277,28.84000015258789,27.564342498779297,11696600
2025-04-10,KHC,29.020000457763672,29.25,28.274999618530277,28.84000015258789,27.564342498779297,11696600
2025-04-11,KHC,29.1200008392334,29.55500030517578,28.7549991607666,29.32999992370605,28.03266716003418,9710500
2025-04-11,KHC,29.1200008392334,29.55500030517578,28.7549991607666,29.32999992370605,28.03266716003418,9710500
2025-04-14,KHC,29.440000534057617,29.88999938964844,29.34000015258789,29.799999237060547,28.481876373291016,8231100
2025-04-14,KHC,29.440000534057617,29.88999938964844,29.34000015258789,29.799999237060547,28.481876373291016,8231100
2025-04-15,KHC,29.899999618530277,30.0049991607666,29.375,29.420000076293945,28.11868476867676,7747100
2025-04-15,KHC,29.899999618530277,30.0049991607666,29.375,29.420000076293945,28.11868476867676,7747100
2025-04-16,KHC,29.600000381469727,29.649999618530277,28.670000076293945,28.809999465942383,27.535667419433597,8217900
2025-04-16,KHC,29.600000381469727,29.649999618530277,28.670000076293945,28.809999465942383,27.535667419433597,8217900
2025-04-17,KHC,28.979999542236328,29.56999969482422,28.84000015258789,29.459999084472656,28.15691566467285,7779500
2025-04-17,KHC,28.979999542236328,29.56999969482422,28.84000015258789,29.459999084472656,28.15691566467285,7779500
2025-04-21,KHC,29.559999465942383,29.979999542236328,29.39299964904785,29.940000534057617,28.615686416625977,6921200
2025-04-21,KHC,29.559999465942383,29.979999542236328,29.39299964904785,29.940000534057617,28.615686416625977,6921200
2025-04-22,KHC,29.950000762939453,30.420000076293945,29.82999992370605,30.200000762939453,28.864185333251957,8982500
2025-04-22,KHC,29.950000762939453,30.420000076293945,29.82999992370605,30.200000762939453,28.864185333251957,8982500
2025-04-23,KHC,30.1299991607666,30.415000915527344,29.76000022888184,30.09000015258789,28.75905036926269,7552400
2025-04-23,KHC,30.1299991607666,30.415000915527344,29.76000022888184,30.09000015258789,28.75905036926269,7552400
2025-04-24,KHC,30.11000061035156,30.1200008392334,29.450000762939453,29.63999938964844,28.328954696655277,8345500
2025-04-24,KHC,30.11000061035156,30.1200008392334,29.450000762939453,29.63999938964844,28.328954696655277,8345500
2025-04-25,KHC,29.645000457763672,29.739999771118164,29.290000915527344,29.489999771118164,28.18558883666992,8152700
2025-04-25,KHC,29.645000457763672,29.739999771118164,29.290000915527344,29.489999771118164,28.18558883666992,8152700
2025-04-28,KHC,29.38999938964844,29.459999084472656,28.709999084472656,28.809999465942383,27.535667419433597,19240300
2025-04-28,KHC,29.38999938964844,29.459999084472656,28.709999084472656,28.809999465942383,27.535667419433597,19240300
2025-04-29,KHC,28.895000457763672,29.084999084472656,28.520000457763672,28.8700008392334,27.593015670776367,12555100
2025-04-29,KHC,28.895000457763672,29.084999084472656,28.520000457763672,28.8700008392334,27.593015670776367,12555100
2025-04-30,KHC,29.09499931335449,29.290000915527344,28.739999771118164,29.100000381469727,27.812841415405277,8557800
2025-04-30,KHC,29.09499931335449,29.290000915527344,28.739999771118164,29.100000381469727,27.812841415405277,8557800
2025-05-01,KHC,28.895000457763672,28.940000534057617,28.38999938964844,28.5,27.239381790161133,9696200
2025-05-01,KHC,28.895000457763672,28.940000534057617,28.38999938964844,28.5,27.239381790161133,9696200
2025-05-02,KHC,28.61000061035156,28.795000076293945,28.43000030517578,28.63999938964844,27.373186111450195,8674700
2025-05-02,KHC,28.61000061035156,28.795000076293945,28.43000030517578,28.63999938964844,27.373186111450195,8674700
2025-05-05,KHC,28.600000381469727,28.655000686645508,28.36000061035156,28.59000015258789,27.32539939880371,7861100
2025-05-05,KHC,28.600000381469727,28.655000686645508,28.36000061035156,28.59000015258789,27.32539939880371,7861100
2025-05-06,KHC,28.559999465942383,28.729999542236328,28.34499931335449,28.399999618530277,27.1438045501709,6381500
2025-05-06,KHC,28.559999465942383,28.729999542236328,28.34499931335449,28.399999618530277,27.1438045501709,6381500
2025-05-07,KHC,28.450000762939453,28.46999931335449,28.049999237060547,28.229999542236328,26.9813232421875,8767300
2025-05-07,KHC,28.450000762939453,28.46999931335449,28.049999237060547,28.229999542236328,26.9813232421875,8767300
2025-05-08,KHC,28.26000022888184,28.584999084472656,28.20199966430664,28.489999771118164,27.22982215881348,8218100
2025-05-08,KHC,28.26000022888184,28.584999084472656,28.20199966430664,28.489999771118164,27.22982215881348,8218100
2025-05-09,KHC,28.31999969482422,28.36000061035156,28.030000686645508,28.06999969482422,26.82839775085449,6662400
2025-05-09,KHC,28.31999969482422,28.36000061035156,28.030000686645508,28.06999969482422,26.82839775085449,6662400
2025-05-12,KHC,28.1200008392334,28.46999931335449,27.799999237060547,28.149999618530277,26.90485954284668,16321600
2025-05-12,KHC,28.1200008392334,28.46999931335449,27.799999237060547,28.149999618530277,26.90485954284668,16321600
2025-05-13,KHC,28.149999618530277,28.190000534057617,27.410999298095703,27.59000015258789,26.369632720947266,14980300
2025-05-13,KHC,28.149999618530277,28.190000534057617,27.410999298095703,27.59000015258789,26.369632720947266,14980300
2025-05-14,KHC,27.55500030517578,27.559999465942383,27.13999938964844,27.170000076293945,25.96820831298828,12003800
2025-05-14,KHC,27.55500030517578,27.559999465942383,27.13999938964844,27.170000076293945,25.96820831298828,12003800
2025-05-15,KHC,27.32999992370605,27.51000022888184,27.15999984741211,27.489999771118164,26.27405548095703,9242900
2025-05-15,KHC,27.32999992370605,27.51000022888184,27.15999984741211,27.489999771118164,26.27405548095703,9242900
2025-05-16,KHC,27.46999931335449,27.780000686645508,27.334999084472656,27.739999771118164,26.512996673583984,8897100
2025-05-16,KHC,27.46999931335449,27.780000686645508,27.334999084472656,27.739999771118164,26.512996673583984,8897100
2025-05-19,KHC,27.799999237060547,27.899999618530277,27.549999237060547,27.8799991607666,26.64680290222168,9664300
2025-05-19,KHC,27.799999237060547,27.899999618530277,27.549999237060547,27.8799991607666,26.64680290222168,9664300
2025-05-20,KHC,27.8799991607666,28.114999771118164,27.81999969482422,27.899999618530277,26.665918350219727,9569800
2025-05-20,KHC,27.8799991607666,28.114999771118164,27.81999969482422,27.899999618530277,26.665918350219727,9569800
2025-05-21,KHC,28.11000061035156,28.11000061035156,26.6200008392334,26.6299991607666,25.45209312438965,21072900
2025-05-21,KHC,28.11000061035156,28.11000061035156,26.6200008392334,26.6299991607666,25.45209312438965,21072900
2025-05-22,KHC,26.63999938964844,26.63999938964844,26.18000030517578,26.5,25.32784652709961,16284400
2025-05-22,KHC,26.63999938964844,26.63999938964844,26.18000030517578,26.5,25.32784652709961,16284400
2025-05-23,KHC,26.489999771118164,26.520000457763672,26.01000022888184,26.299999237060547,25.136690139770508,10300100
2025-05-23,KHC,26.489999771118164,26.520000457763672,26.01000022888184,26.299999237060547,25.136690139770508,10300100
2025-05-27,KHC,26.479999542236328,26.834999084472656,26.3799991607666,26.82999992370605,25.64324760437012,11200900
2025-05-27,KHC,26.479999542236328,26.834999084472656,26.3799991607666,26.82999992370605,25.64324760437012,11200900
2025-05-28,KHC,26.825000762939453,26.8799991607666,26.45499992370605,26.540000915527344,25.366077423095703,9098200
2025-05-28,KHC,26.825000762939453,26.8799991607666,26.45499992370605,26.540000915527344,25.366077423095703,9098200
2025-05-29,KHC,26.549999237060547,27.030000686645508,26.540000915527344,27.020000457763672,25.82484245300293,12539100
2025-05-29,KHC,26.549999237060547,27.030000686645508,26.540000915527344,27.020000457763672,25.82484245300293,12539100
2025-05-30,KHC,26.56999969482422,26.88999938964844,26.51000022888184,26.729999542236328,25.93155670166016,17519500
2025-05-30,KHC,26.56999969482422,26.88999938964844,26.51000022888184,26.729999542236328,25.93155670166016,17519500
2025-06-02,KHC,26.649999618530277,26.739999771118164,26.32999992370605,26.6299991607666,25.83454322814941,10484200
2025-06-02,KHC,26.649999618530277,26.739999771118164,26.32999992370605,26.6299991607666,25.83454322814941,10484200
2025-06-03,KHC,26.5,26.920000076293945,26.21999931335449,26.790000915527344,25.989765167236328,13357100
2025-06-03,KHC,26.5,26.920000076293945,26.21999931335449,26.790000915527344,25.989765167236328,13357100
2025-06-04,KHC,26.86000061035156,26.979999542236328,26.68000030517578,26.700000762939453,25.902454376220703,14246900
2025-06-04,KHC,26.86000061035156,26.979999542236328,26.68000030517578,26.700000762939453,25.902454376220703,14246900
2025-06-05,KHC,26.65999984741211,26.739999771118164,26.40999984741211,26.6200008392334,25.82484436035156,11698200
2025-06-05,KHC,26.65999984741211,26.739999771118164,26.40999984741211,26.6200008392334,25.82484436035156,11698200
2025-06-06,KHC,26.71999931335449,26.90999984741211,26.572999954223636,26.729999542236328,25.93155670166016,6556200
2025-06-06,KHC,26.71999931335449,26.90999984741211,26.572999954223636,26.729999542236328,25.93155670166016,6556200
2025-06-09,KHC,26.70499992370605,26.7549991607666,26.25300025939941,26.479999542236328,25.689023971557617,12632800
2025-06-09,KHC,26.70499992370605,26.7549991607666,26.25300025939941,26.479999542236328,25.689023971557617,12632800
2025-06-10,KHC,26.5,26.809999465942383,26.36000061035156,26.59000015258789,25.79574012756348,10787200
2025-06-10,KHC,26.5,26.809999465942383,26.36000061035156,26.59000015258789,25.79574012756348,10787200
2025-06-11,KHC,26.530000686645508,26.645000457763672,26.30500030517578,26.420000076293945,25.63081932067871,10180000
2025-06-11,KHC,26.530000686645508,26.645000457763672,26.30500030517578,26.420000076293945,25.63081932067871,10180000
2025-06-12,KHC,26.399999618530277,26.46999931335449,26.170000076293945,26.459999084472656,25.66962242126465,7437400
2025-06-12,KHC,26.399999618530277,26.46999931335449,26.170000076293945,26.459999084472656,25.66962242126465,7437400
2025-06-13,KHC,26.420000076293945,26.799999237060547,26.040000915527344,26.07999992370605,25.30097198486328,12764200
2025-06-13,KHC,26.420000076293945,26.799999237060547,26.040000915527344,26.07999992370605,25.30097198486328,12764200
2025-06-16,KHC,26.1200008392334,26.209999084472656,25.530000686645508,25.790000915527344,25.01963806152344,13461200
2025-06-16,KHC,26.1200008392334,26.209999084472656,25.530000686645508,25.790000915527344,25.01963806152344,13461200
2025-06-17,KHC,25.81999969482422,26.104999542236328,25.690000534057617,25.75,24.980831146240234,13994300
2025-06-17,KHC,25.81999969482422,26.104999542236328,25.690000534057617,25.75,24.980831146240234,13994300
2025-06-18,KHC,25.700000762939453,25.96999931335449,25.584999084472656,25.68000030517578,24.912921905517575,12394900
2025-06-18,KHC,25.700000762939453,25.96999931335449,25.584999084472656,25.68000030517578,24.912921905517575,12394900
2025-06-20,KHC,25.78499984741211,26.114999771118164,25.6200008392334,25.799999237060547,25.02933692932129,24954300
2025-06-20,KHC,25.78499984741211,26.114999771118164,25.6200008392334,25.799999237060547,25.02933692932129,24954300
2025-06-23,KHC,25.81999969482422,26.07999992370605,25.6200008392334,25.920000076293945,25.145751953125,15043900
2025-06-23,KHC,25.81999969482422,26.07999992370605,25.6200008392334,25.920000076293945,25.145751953125,15043900
2025-06-24,KHC,25.94499969482422,26.100000381469727,25.790000915527344,26.030000686645508,25.25246810913086,13082700
2025-06-24,KHC,25.94499969482422,26.100000381469727,25.790000915527344,26.030000686645508,25.25246810913086,13082700
2025-06-25,KHC,26.0,26.03499984741211,25.684999465942383,25.729999542236328,24.961427688598636,17547400
2025-06-25,KHC,26.0,26.03499984741211,25.684999465942383,25.729999542236328,24.961427688598636,17547400
2025-06-26,KHC,25.84000015258789,26.200000762939453,25.69499969482422,25.790000915527344,25.01963806152344,16071000
2025-06-26,KHC,25.84000015258789,26.200000762939453,25.69499969482422,25.790000915527344,25.01963806152344,16071000
2025-06-27,KHC,25.850000381469727,25.920000076293945,25.440000534057617,25.61000061035156,24.84501266479492,34119300
2025-06-27,KHC,25.850000381469727,25.920000076293945,25.440000534057617,25.61000061035156,24.84501266479492,34119300
2025-06-30,KHC,25.625,25.8700008392334,25.5,25.81999969482422,25.04874038696289,18624300
2025-06-30,KHC,25.625,25.8700008392334,25.5,25.81999969482422,25.04874038696289,18624300
2025-07-01,KHC,25.854999542236328,26.864999771118164,25.82999992370605,26.61000061035156,25.81514358520508,23442300
2025-07-01,KHC,25.854999542236328,26.864999771118164,25.82999992370605,26.61000061035156,25.81514358520508,23442300
2025-07-02,KHC,26.65999984741211,27.1200008392334,26.5049991607666,27.059999465942383,26.25170135498047,17011600
2025-07-02,KHC,26.65999984741211,27.1200008392334,26.5049991607666,27.059999465942383,26.25170135498047,17011600
2025-07-03,KHC,27.09000015258789,27.149999618530277,26.575000762939453,26.65999984741211,25.863649368286133,9176900
2025-07-03,KHC,27.09000015258789,27.149999618530277,26.575000762939453,26.65999984741211,25.863649368286133,9176900
2025-07-07,KHC,26.600000381469727,26.670000076293945,25.979999542236328,26.07999992370605,25.30097198486328,13326600
2025-07-07,KHC,26.600000381469727,26.670000076293945,25.979999542236328,26.07999992370605,25.30097198486328,13326600
2025-07-08,KHC,26.059999465942383,26.63999938964844,25.940000534057617,26.43000030517578,25.640520095825195,12625400
2025-07-08,KHC,26.059999465942383,26.63999938964844,25.940000534057617,26.43000030517578,25.640520095825195,12625400
2025-07-09,KHC,26.459999084472656,26.56999969482422,26.049999237060547,26.450000762939453,25.659921646118164,13838800
2025-07-09,KHC,26.459999084472656,26.56999969482422,26.049999237060547,26.450000762939453,25.659921646118164,13838800
2025-07-10,KHC,26.13999938964844,26.75,25.850000381469727,26.46999931335449,25.679323196411133,15835900
2025-07-10,KHC,26.13999938964844,26.75,25.850000381469727,26.46999931335449,25.679323196411133,15835900
2025-07-11,KHC,26.280000686645508,27.56999969482422,25.940000534057617,27.13999938964844,26.32931137084961,52440900
2025-07-11,KHC,26.280000686645508,27.56999969482422,25.940000534057617,27.13999938964844,26.32931137084961,52440900
2025-07-14,KHC,27.26000022888184,27.84000015258789,27.13999938964844,27.799999237060547,26.969594955444336,37271800
2025-07-14,KHC,27.26000022888184,27.84000015258789,27.13999938964844,27.799999237060547,26.969594955444336,37271800
2025-07-15,KHC,27.770000457763672,27.940000534057617,27.07999992370605,27.1200008392334,26.309907913208008,20365000
2025-07-15,KHC,27.770000457763672,27.940000534057617,27.07999992370605,27.1200008392334,26.309907913208008,20365000
2025-07-16,KHC,27.229999542236328,27.6200008392334,27.09000015258789,27.57999992370605,26.756166458129883,19950500
2025-07-16,KHC,27.229999542236328,27.6200008392334,27.09000015258789,27.57999992370605,26.756166458129883,19950500
2025-07-17,KHC,27.700000762939453,28.149999618530277,27.62800025939941,28.1299991607666,27.289737701416016,17564500
2025-07-17,KHC,27.700000762939453,28.149999618530277,27.62800025939941,28.1299991607666,27.289737701416016,17564500
2025-07-18,KHC,28.19499969482422,28.21500015258789,27.690000534057617,27.81999969482422,26.988998413085938,18389300
2025-07-18,KHC,28.19499969482422,28.21500015258789,27.690000534057617,27.81999969482422,26.988998413085938,18389300
2025-07-21,KHC,27.959999084472656,28.020000457763672,27.440000534057617,27.479999542236328,26.659154891967773,17895800
2025-07-21,KHC,27.959999084472656,28.020000457763672,27.440000534057617,27.479999542236328,26.659154891967773,17895800
2025-07-22,KHC,27.530000686645508,28.80900001525879,27.5,28.780000686645508,27.92032241821289,18294800
2025-07-22,KHC,27.530000686645508,28.80900001525879,27.5,28.780000686645508,27.92032241821289,18294800
2025-07-23,KHC,28.899999618530277,29.149999618530277,28.75,28.940000534057617,28.07554244995117,12814400
2025-07-23,KHC,28.899999618530277,29.149999618530277,28.75,28.940000534057617,28.07554244995117,12814400
2025-07-24,KHC,28.989999771118164,29.1299991607666,28.71500015258789,28.780000686645508,27.92032241821289,7411000
2025-07-24,KHC,28.989999771118164,29.1299991607666,28.71500015258789,28.780000686645508,27.92032241821289,7411000
2025-07-25,KHC,28.75,28.809999465942383,28.36199951171875,28.68000030517578,27.82331085205078,8521600
2025-07-25,KHC,28.75,28.809999465942383,28.36199951171875,28.68000030517578,27.82331085205078,8521600
2025-07-28,KHC,28.559999465942383,28.56999969482422,28.049999237060547,28.25,27.40615463256836,10067000
2025-07-28,KHC,28.559999465942383,28.56999969482422,28.049999237060547,28.25,27.40615463256836,10067000
2025-07-29,KHC,28.25,28.6200008392334,28.21999931335449,28.559999465942383,27.70689392089844,14007100
2025-07-29,KHC,28.25,28.6200008392334,28.21999931335449,28.559999465942383,27.70689392089844,14007100
2025-07-30,KHC,28.78499984741211,29.190000534057617,28.15999984741211,28.489999771118164,27.63898468017578,17783400
2025-07-30,KHC,28.78499984741211,29.190000534057617,28.15999984741211,28.489999771118164,27.63898468017578,17783400
2025-07-31,KHC,28.05500030517578,28.05500030517578,27.420000076293945,27.459999084472656,26.63975143432617,17627100
2025-07-31,KHC,28.05500030517578,28.05500030517578,27.420000076293945,27.459999084472656,26.63975143432617,17627100
2025-08-01,KHC,27.700000762939453,27.81999969482422,27.059999465942383,27.40999984741211,26.59124565124512,16940500
2025-08-01,KHC,27.700000762939453,27.81999969482422,27.059999465942383,27.40999984741211,26.59124565124512,16940500
2025-08-04,KHC,27.21999931335449,27.25,26.614999771118164,26.799999237060547,25.99946594238281,14299500
2025-08-04,KHC,27.21999931335449,27.25,26.614999771118164,26.799999237060547,25.99946594238281,14299500
2025-08-05,KHC,26.799999237060547,27.295000076293945,26.799999237060547,27.040000915527344,26.232297897338867,10630300
2025-08-05,KHC,26.799999237060547,27.295000076293945,26.799999237060547,27.040000915527344,26.232297897338867,10630300
2025-08-06,KHC,27.05500030517578,27.395999908447266,26.850000381469727,27.26000022888184,26.44572639465332,9055100
2025-08-06,KHC,27.05500030517578,27.395999908447266,26.850000381469727,27.26000022888184,26.44572639465332,9055100
2025-08-07,KHC,27.350000381469727,27.76000022888184,27.170000076293945,27.649999618530277,26.82407569885254,9892200
2025-08-07,KHC,27.350000381469727,27.76000022888184,27.170000076293945,27.649999618530277,26.82407569885254,9892200
2025-08-08,KHC,27.6200008392334,27.895000457763672,27.530000686645508,27.76000022888184,26.93078994750977,9266500
2025-08-08,KHC,27.6200008392334,27.895000457763672,27.530000686645508,27.76000022888184,26.93078994750977,9266500
2025-08-11,KHC,27.81999969482422,28.030000686645508,27.084999084472656,27.43000030517578,26.61064720153809,13917700
2025-08-11,KHC,27.81999969482422,28.030000686645508,27.084999084472656,27.43000030517578,26.61064720153809,13917700
2025-08-12,KHC,27.459999084472656,27.75,27.209999084472656,27.350000381469727,26.533037185668945,13477600
2025-08-12,KHC,27.459999084472656,27.75,27.209999084472656,27.350000381469727,26.533037185668945,13477600
2025-08-13,KHC,27.36000061035156,28.030000686645508,27.299999237060547,28.020000457763672,27.183025360107425,12530300
2025-08-13,KHC,27.36000061035156,28.030000686645508,27.299999237060547,28.020000457763672,27.183025360107425,12530300
2025-08-14,KHC,27.86000061035156,27.8799991607666,27.51499938964844,27.649999618530277,26.82407569885254,15035300
2025-08-14,KHC,27.86000061035156,27.8799991607666,27.51499938964844,27.649999618530277,26.82407569885254,15035300
2025-08-15,KHC,27.75,27.80699920654297,27.45499992370605,27.670000076293945,26.84347915649414,8136200
2025-08-15,KHC,27.75,27.80699920654297,27.45499992370605,27.670000076293945,26.84347915649414,8136200
2025-08-18,KHC,27.61000061035156,27.6200008392334,27.16399955749512,27.270000457763672,26.455427169799805,7899700
2025-08-18,KHC,27.61000061035156,27.6200008392334,27.16399955749512,27.270000457763672,26.455427169799805,7899700
2025-08-19,KHC,27.38500022888184,27.76000022888184,27.325000762939453,27.670000076293945,26.84347915649414,8281900
2025-08-19,KHC,27.38500022888184,27.76000022888184,27.325000762939453,27.670000076293945,26.84347915649414,8281900
2025-08-20,KHC,27.809999465942383,28.030000686645508,27.290000915527344,27.420000076293945,26.6009464263916,8522400
2025-08-20,KHC,27.809999465942383,28.030000686645508,27.290000915527344,27.420000076293945,26.6009464263916,8522400
2025-08-21,KHC,27.315000534057617,27.559999465942383,27.1200008392334,27.5,26.678556442260746,6098300
2025-08-21,KHC,27.315000534057617,27.559999465942383,27.1200008392334,27.5,26.678556442260746,6098300
2025-08-22,KHC,27.63999938964844,28.100000381469727,27.6200008392334,28.059999465942383,27.22182846069336,10700000
2025-08-22,KHC,27.63999938964844,28.100000381469727,27.6200008392334,28.059999465942383,27.22182846069336,10700000
2025-08-25,KHC,28.0,28.01000022888184,27.649999618530277,27.690000534057617,26.862882614135746,9780200
2025-08-25,KHC,28.0,28.01000022888184,27.649999618530277,27.690000534057617,26.862882614135746,9780200
2025-08-26,KHC,27.600000381469727,27.739999771118164,27.31999969482422,27.700000762939453,26.87258529663086,17469900
2025-08-26,KHC,27.600000381469727,27.739999771118164,27.31999969482422,27.700000762939453,26.87258529663086,17469900
2025-08-27,KHC,27.61000061035156,27.93000030517578,27.530000686645508,27.88999938964844,27.056907653808597,9144900
2025-08-27,KHC,27.61000061035156,27.93000030517578,27.530000686645508,27.88999938964844,27.056907653808597,9144900
2025-08-28,KHC,27.90999984741211,27.950000762939453,27.3799991607666,27.63999938964844,26.81437492370605,11454100
2025-08-28,KHC,27.90999984741211,27.950000762939453,27.3799991607666,27.63999938964844,26.81437492370605,11454100
2025-08-29,KHC,27.256000518798828,28.07999992370605,27.190000534057617,27.96999931335449,27.532968521118164,23601300
2025-08-29,KHC,27.256000518798828,28.07999992370605,27.190000534057617,27.96999931335449,27.532968521118164,23601300
2025-09-02,KHC,27.799999237060547,27.90999984741211,25.84000015258789,26.020000457763672,25.61343765258789,43401000
2025-09-02,KHC,27.799999237060547,27.90999984741211,25.84000015258789,26.020000457763672,25.61343765258789,43401000
2025-09-03,KHC,26.25,27.0,26.11000061035156,26.93000030517578,26.509218215942383,19076300
2025-09-03,KHC,26.25,27.0,26.11000061035156,26.93000030517578,26.509218215942383,19076300
2025-09-04,KHC,26.950000762939453,27.2450008392334,26.725000381469727,26.959999084472656,26.53874969482422,13238800
2025-09-04,KHC,26.950000762939453,27.2450008392334,26.725000381469727,26.959999084472656,26.53874969482422,13238800
2025-09-05,KHC,26.94499969482422,27.51000022888184,26.920000076293945,27.290000915527344,26.86359405517578,14754300
2025-09-05,KHC,26.94499969482422,27.51000022888184,26.920000076293945,27.290000915527344,26.86359405517578,14754300
2025-09-08,KHC,27.13999938964844,27.149999618530277,26.530000686645508,26.899999618530277,26.479686737060547,17984200
2025-09-08,KHC,27.13999938964844,27.149999618530277,26.530000686645508,26.899999618530277,26.479686737060547,17984200
2025-09-09,KHC,26.790000915527344,27.0,26.65999984741211,26.670000076293945,26.25328063964844,8218900
2025-09-09,KHC,26.790000915527344,27.0,26.65999984741211,26.670000076293945,26.25328063964844,8218900
2025-09-10,KHC,26.61000061035156,26.729999542236328,26.332000732421875,26.649999618530277,26.233592987060547,13538200
2025-09-10,KHC,26.61000061035156,26.729999542236328,26.332000732421875,26.649999618530277,26.233592987060547,13538200
2025-09-11,KHC,26.700000762939453,26.940000534057617,26.5,26.520000457763672,26.10562515258789,10763400
2025-09-11,KHC,26.700000762939453,26.940000534057617,26.5,26.520000457763672,26.10562515258789,10763400
2025-09-12,KHC,26.56999969482422,26.56999969482422,26.045000076293945,26.1299991607666,25.721717834472656,17152300
2025-09-12,KHC,26.56999969482422,26.56999969482422,26.045000076293945,26.1299991607666,25.721717834472656,17152300
2025-09-15,KHC,26.229999542236328,26.3700008392334,25.6200008392334,25.6299991607666,25.229530334472656,23134600
2025-09-15,KHC,26.229999542236328,26.3700008392334,25.6200008392334,25.6299991607666,25.229530334472656,23134600
2025-09-16,KHC,25.6299991607666,26.049999237060547,25.61000061035156,25.93000030517578,25.524843215942383,18271400
2025-09-16,KHC,25.6299991607666,26.049999237060547,25.61000061035156,25.93000030517578,25.524843215942383,18271400
2025-09-17,KHC,25.920000076293945,26.25,25.670000076293945,25.729999542236328,25.32796859741211,13239200
2025-09-17,KHC,25.920000076293945,26.25,25.670000076293945,25.729999542236328,25.32796859741211,13239200
2025-09-18,KHC,25.729999542236328,26.21999931335449,25.65999984741211,26.07999992370605,25.67250061035156,21000700
2025-09-18,KHC,25.729999542236328,26.21999931335449,25.65999984741211,26.07999992370605,25.67250061035156,21000700
2025-09-19,KHC,26.23500061035156,26.559999465942383,26.170000076293945,26.420000076293945,26.00718688964844,33012500
2025-09-19,KHC,26.23500061035156,26.559999465942383,26.170000076293945,26.420000076293945,26.00718688964844,33012500
2025-09-22,KHC,26.3799991607666,26.520000457763672,26.26000022888184,26.3799991607666,25.967811584472656,14522400
2025-09-22,KHC,26.3799991607666,26.520000457763672,26.26000022888184,26.3799991607666,25.967811584472656,14522400
2025-09-23,KHC,26.450000762939453,26.690000534057617,26.43000030517578,26.559999465942383,26.14499855041504,14222000
2025-09-23,KHC,26.450000762939453,26.690000534057617,26.43000030517578,26.559999465942383,26.14499855041504,14222000
2025-09-24,KHC,26.479999542236328,26.850000381469727,26.43000030517578,26.739999771118164,26.32218742370605,13109500
2025-09-24,KHC,26.479999542236328,26.850000381469727,26.43000030517578,26.739999771118164,26.32218742370605,13109500
2025-09-25,KHC,26.88999938964844,26.88999938964844,25.770000457763672,25.809999465942383,25.40671730041504,13950900
2025-09-25,KHC,26.88999938964844,26.88999938964844,25.770000457763672,25.809999465942383,25.40671730041504,13950900
2025-09-26,KHC,25.82999992370605,26.149999618530277,25.81999969482422,26.049999237060547,25.642967224121094,15286100
2025-09-26,KHC,25.82999992370605,26.149999618530277,25.81999969482422,26.049999237060547,25.642967224121094,15286100
2025-09-29,KHC,26.065000534057617,26.069000244140625,25.351999282836918,25.700000762939453,25.298439025878903,19230300
2025-09-29,KHC,26.065000534057617,26.069000244140625,25.351999282836918,25.700000762939453,25.298439025878903,19230300
2025-09-30,KHC,25.709999084472656,26.1299991607666,25.496000289916992,26.040000915527344,25.63312530517578,23559700
2025-09-30,KHC,25.709999084472656,26.1299991607666,25.496000289916992,26.040000915527344,25.63312530517578,23559700
2025-10-01,KHC,26.024999618530277,26.364999771118164,25.924999237060547,26.280000686645508,25.86937522888184,12862300
2025-10-01,KHC,26.024999618530277,26.364999771118164,25.924999237060547,26.280000686645508,25.86937522888184,12862300
2025-10-02,KHC,26.200000762939453,26.315000534057617,25.850000381469727,26.06999969482422,25.662656784057617,10210700
2025-10-02,KHC,26.200000762939453,26.315000534057617,25.850000381469727,26.06999969482422,25.662656784057617,10210700
2025-10-03,KHC,26.06999969482422,26.239999771118164,25.972000122070312,26.059999465942383,25.65281105041504,8737500
2025-10-03,KHC,26.06999969482422,26.239999771118164,25.972000122070312,26.059999465942383,25.65281105041504,8737500
2025-10-06,KHC,25.90999984741211,25.959999084472656,25.239999771118164,25.270000457763672,24.87515640258789,12580300
2025-10-06,KHC,25.90999984741211,25.959999084472656,25.239999771118164,25.270000457763672,24.87515640258789,12580300
2025-10-07,KHC,25.290000915527344,25.47800064086914,24.96999931335449,25.420000076293945,25.02281188964844,17810200
2025-10-07,KHC,25.290000915527344,25.47800064086914,24.96999931335449,25.420000076293945,25.02281188964844,17810200
2025-10-08,KHC,25.299999237060547,25.36899948120117,24.950000762939453,25.07999992370605,24.68812561035156,11753500
2025-10-08,KHC,25.299999237060547,25.36899948120117,24.950000762939453,25.07999992370605,24.68812561035156,11753500
2025-10-09,KHC,25.049999237060547,25.11000061035156,24.850000381469727,25.040000915527344,24.64875030517578,11100600
2025-10-09,KHC,25.049999237060547,25.11000061035156,24.850000381469727,25.040000915527344,24.64875030517578,11100600
2025-10-10,KHC,25.09000015258789,25.290000915527344,24.979999542236328,25.149999618530277,24.757030487060547,9752700
2025-10-10,KHC,25.09000015258789,25.290000915527344,24.979999542236328,25.149999618530277,24.757030487060547,9752700
2025-10-13,KHC,25.07999992370605,25.170000076293945,24.799999237060547,25.11000061035156,24.7176570892334,11558800
2025-10-13,KHC,25.07999992370605,25.170000076293945,24.799999237060547,25.11000061035156,24.7176570892334,11558800
2025-10-14,KHC,25.05500030517578,25.46999931335449,25.040000915527344,25.440000534057617,25.04250144958496,11240000
2025-10-14,KHC,25.05500030517578,25.46999931335449,25.040000915527344,25.440000534057617,25.04250144958496,11240000
2025-10-15,KHC,25.36000061035156,25.48500061035156,24.98500061035156,25.190000534057617,24.79640769958496,12688300
2025-10-15,KHC,25.36000061035156,25.48500061035156,24.98500061035156,25.190000534057617,24.79640769958496,12688300
2025-10-16,KHC,25.2450008392334,25.440000534057617,25.040000915527344,25.1299991607666,24.737342834472656,13798400
2025-10-16,KHC,25.2450008392334,25.440000534057617,25.040000915527344,25.1299991607666,24.737342834472656,13798400
2025-10-17,KHC,25.229999542236328,25.549999237060547,25.155000686645508,25.520000457763672,25.12125015258789,15967100
2025-10-17,KHC,25.229999542236328,25.549999237060547,25.155000686645508,25.520000457763672,25.12125015258789,15967100
2025-10-20,KHC,25.57999992370605,25.8799991607666,25.530000686645508,25.709999084472656,25.30828094482422,10077600
2025-10-20,KHC,25.57999992370605,25.8799991607666,25.530000686645508,25.709999084472656,25.30828094482422,10077600
2025-10-21,KHC,25.809999465942383,25.86000061035156,25.540000915527344,25.57999992370605,25.18031311035156,12593600
2025-10-21,KHC,25.809999465942383,25.86000061035156,25.540000915527344,25.57999992370605,25.18031311035156,12593600
2025-10-22,KHC,25.540000915527344,25.950000762939453,25.424999237060547,25.63999938964844,25.2393741607666,8860300
2025-10-22,KHC,25.540000915527344,25.950000762939453,25.424999237060547,25.63999938964844,25.2393741607666,8860300
2025-10-23,KHC,25.6200008392334,25.649999618530277,25.2450008392334,25.40999984741211,25.01296806335449,11379600
2025-10-23,KHC,25.6200008392334,25.649999618530277,25.2450008392334,25.40999984741211,25.01296806335449,11379600
2025-10-24,KHC,25.559999465942383,25.600000381469727,25.209999084472656,25.25,24.85546875,8618800
2025-10-24,KHC,25.559999465942383,25.600000381469727,25.209999084472656,25.25,24.85546875,8618800
2025-10-27,KHC,25.26000022888184,25.6299991607666,25.26000022888184,25.59000015258789,25.190156936645508,12261300
2025-10-27,KHC,25.26000022888184,25.6299991607666,25.26000022888184,25.59000015258789,25.190156936645508,12261300
2025-10-28,KHC,25.489999771118164,25.670000076293945,25.30500030517578,25.520000457763672,25.12125015258789,16389600
2025-10-28,KHC,25.489999771118164,25.670000076293945,25.30500030517578,25.520000457763672,25.12125015258789,16389600
2025-10-29,KHC,25.01000022888184,25.21999931335449,24.104999542236328,24.3799991607666,23.999061584472656,44944200
2025-10-29,KHC,25.01000022888184,25.21999931335449,24.104999542236328,24.3799991607666,23.999061584472656,44944200
2025-10-30,KHC,24.31999969482422,24.774999618530277,24.100000381469727,24.57999992370605,24.19593811035156,30901900
2025-10-30,KHC,24.31999969482422,24.774999618530277,24.100000381469727,24.57999992370605,24.19593811035156,30901900
2025-10-31,KHC,24.36000061035156,24.979999542236328,24.211000442504883,24.729999542236328,24.34359359741211,30484300
2025-10-31,KHC,24.36000061035156,24.979999542236328,24.211000442504883,24.729999542236328,24.34359359741211,30484300
2025-11-03,KHC,24.68000030517578,24.690000534057617,23.895000457763672,24.32999992370605,23.94984436035156,20122500
2025-11-03,KHC,24.68000030517578,24.690000534057617,23.895000457763672,24.32999992370605,23.94984436035156,20122500
2025-11-04,KHC,24.350000381469727,24.395000457763672,24.040000915527344,24.170000076293945,23.79234313964844,19216100
2025-11-04,KHC,24.350000381469727,24.395000457763672,24.040000915527344,24.170000076293945,23.79234313964844,19216100
2025-11-05,KHC,24.1299991607666,24.34000015258789,23.975000381469727,24.13999938964844,23.7628116607666,19613700
2025-11-05,KHC,24.1299991607666,24.34000015258789,23.975000381469727,24.13999938964844,23.7628116607666,19613700
2025-11-06,KHC,24.1200008392334,24.420000076293945,23.700000762939453,23.71999931335449,23.349374771118164,29327100
2025-11-06,KHC,24.1200008392334,24.420000076293945,23.700000762939453,23.71999931335449,23.349374771118164,29327100
2025-11-07,KHC,23.899999618530277,24.299999237060547,23.7549991607666,24.280000686645508,23.90062522888184,18904800
2025-11-07,KHC,23.899999618530277,24.299999237060547,23.7549991607666,24.280000686645508,23.90062522888184,18904800
2025-11-10,KHC,24.299999237060547,24.43000030517578,24.084999084472656,24.3799991607666,23.999061584472656,23012800
2025-11-10,KHC,24.299999237060547,24.43000030517578,24.084999084472656,24.3799991607666,23.999061584472656,23012800
2025-11-11,KHC,24.459999084472656,24.69499969482422,24.36000061035156,24.670000076293945,24.28453063964844,15282100
2025-11-11,KHC,24.459999084472656,24.69499969482422,24.36000061035156,24.670000076293945,24.28453063964844,15282100
2025-11-12,KHC,24.69499969482422,24.790000915527344,24.36000061035156,24.75,24.36328125,12984700
2025-11-12,KHC,24.69499969482422,24.790000915527344,24.36000061035156,24.75,24.36328125,12984700
2025-11-13,KHC,24.729999542236328,25.209999084472656,24.709999084472656,24.959999084472656,24.56999969482422,17991000
2025-11-13,KHC,24.729999542236328,25.209999084472656,24.709999084472656,24.959999084472656,24.56999969482422,17991000
2025-11-14,KHC,25.03499984741211,25.15999984741211,24.600000381469727,24.850000381469727,24.461719512939453,19863400
2025-11-14,KHC,25.03499984741211,25.15999984741211,24.600000381469727,24.850000381469727,24.461719512939453,19863400
2025-11-17,KHC,24.899999618530277,24.940000534057617,24.459999084472656,24.489999771118164,24.10734367370605,14016300
2025-11-17,KHC,24.899999618530277,24.940000534057617,24.459999084472656,24.489999771118164,24.10734367370605,14016300
2025-11-18,KHC,24.530000686645508,25.09000015258789,24.3700008392334,24.96999931335449,24.579843521118164,15670600
2025-11-18,KHC,24.530000686645508,25.09000015258789,24.3700008392334,24.96999931335449,24.579843521118164,15670600
2025-11-19,KHC,24.915000915527344,24.9950008392334,24.76000022888184,24.90999984741211,24.52078056335449,9803400
2025-11-19,KHC,24.915000915527344,24.9950008392334,24.76000022888184,24.90999984741211,24.52078056335449,9803400
2025-11-20,KHC,24.940000534057617,25.21999931335449,24.86000061035156,24.979999542236328,24.58968734741211,14973300
2025-11-20,KHC,24.940000534057617,25.21999931335449,24.86000061035156,24.979999542236328,24.58968734741211,14973300
2025-11-21,KHC,25.06999969482422,25.53499984741211,24.8700008392334,25.290000915527344,24.89484405517578,11876300
2025-11-21,KHC,25.06999969482422,25.53499984741211,24.8700008392334,25.290000915527344,24.89484405517578,11876300
2025-11-24,KHC,25.280000686645508,25.299999237060547,24.989999771118164,25.229999542236328,24.83578109741211,22402800
2025-11-24,KHC,25.280000686645508,25.299999237060547,24.989999771118164,25.229999542236328,24.83578109741211,22402800
2025-11-25,KHC,25.309999465942383,25.61000061035156,25.270000457763672,25.440000534057617,25.04250144958496,12690400
2025-11-25,KHC,25.309999465942383,25.61000061035156,25.270000457763672,25.440000534057617,25.04250144958496,12690400
2025-11-26,KHC,25.350000381469727,25.76499938964844,25.32999992370605,25.600000381469727,25.200000762939453,9517900
2025-11-26,KHC,25.350000381469727,25.76499938964844,25.32999992370605,25.600000381469727,25.200000762939453,9517900
2025-11-28,KHC,25.18000030517578,25.559999465942383,25.1299991607666,25.51000022888184,25.51000022888184,6295200
2025-11-28,KHC,25.18000030517578,25.559999465942383,25.1299991607666,25.51000022888184,25.51000022888184,6295200
2025-12-01,KHC,25.399999618530277,25.479999542236328,25.09000015258789,25.3700008392334,25.3700008392334,12954800
2025-12-01,KHC,25.399999618530277,25.479999542236328,25.09000015258789,25.3700008392334,25.3700008392334,12954800
2025-12-02,KHC,25.3799991607666,25.3799991607666,24.6299991607666,24.959999084472656,24.959999084472656,14911800
2025-12-02,KHC,25.3799991607666,25.3799991607666,24.6299991607666,24.959999084472656,24.959999084472656,14911800
2025-12-03,KHC,24.950000762939453,25.280000686645508,24.86000061035156,25.030000686645508,25.030000686645508,13351600
2025-12-03,KHC,24.950000762939453,25.280000686645508,24.86000061035156,25.030000686645508,25.030000686645508,13351600
2025-12-04,KHC,25.01000022888184,25.13999938964844,24.540000915527344,24.59000015258789,24.59000015258789,11029900
2025-12-04,KHC,25.01000022888184,25.13999938964844,24.540000915527344,24.59000015258789,24.59000015258789,11029900
2025-12-05,KHC,24.530000686645508,24.766000747680664,24.309999465942383,24.34000015258789,24.34000015258789,9376300
2025-12-05,KHC,24.530000686645508,24.766000747680664,24.309999465942383,24.34000015258789,24.34000015258789,9376300
2025-12-08,KHC,24.25,24.65999984741211,24.25,24.51000022888184,24.51000022888184,11198500
2025-12-08,KHC,24.25,24.65999984741211,24.25,24.51000022888184,24.51000022888184,11198500
2025-12-09,KHC,24.559999465942383,24.65999984741211,24.06999969482422,24.229999542236328,24.229999542236328,10096300
2025-12-09,KHC,24.559999465942383,24.65999984741211,24.06999969482422,24.229999542236328,24.229999542236328,10096300
2025-12-10,KHC,24.299999237060547,24.415000915527344,24.190000534057617,24.350000381469727,24.350000381469727,11200600
2025-12-10,KHC,24.299999237060547,24.415000915527344,24.190000534057617,24.350000381469727,24.350000381469727,11200600
2025-12-11,KHC,24.3799991607666,24.600000381469727,24.239999771118164,24.38999938964844,24.38999938964844,13562200
2025-12-11,KHC,24.3799991607666,24.600000381469727,24.239999771118164,24.38999938964844,24.38999938964844,13562200
2025-12-12,KHC,24.459999084472656,24.75,24.3799991607666,24.450000762939453,24.450000762939453,11339600
2025-12-12,KHC,24.459999084472656,24.75,24.3799991607666,24.450000762939453,24.450000762939453,11339600
2025-12-15,KHC,24.489999771118164,24.6299991607666,24.405000686645508,24.5,24.5,13604300
2025-12-15,KHC,24.489999771118164,24.6299991607666,24.405000686645508,24.5,24.5,13604300
2025-12-16,KHC,24.73500061035156,24.920000076293945,24.450000762939453,24.68000030517578,24.68000030517578,18730900
2025-12-16,KHC,24.73500061035156,24.920000076293945,24.450000762939453,24.68000030517578,24.68000030517578,18730900
2025-12-17,KHC,24.68000030517578,24.950000762939453,24.63999938964844,24.75,24.75,14094300
2025-12-17,KHC,24.68000030517578,24.950000762939453,24.63999938964844,24.75,24.75,14094300
2025-12-18,KHC,24.65999984741211,24.979999542236328,24.600000381469727,24.75,24.75,13212400
2025-12-18,KHC,24.65999984741211,24.979999542236328,24.600000381469727,24.75,24.75,13212400
2025-12-19,KHC,24.6200008392334,24.76000022888184,24.45499992370605,24.51000022888184,24.51000022888184,22737700
2025-12-19,KHC,24.6200008392334,24.76000022888184,24.45499992370605,24.51000022888184,24.51000022888184,22737700
2025-12-22,KHC,24.3700008392334,24.479999542236328,24.100000381469727,24.149999618530277,24.149999618530277,13465700
2025-12-22,KHC,24.3700008392334,24.479999542236328,24.100000381469727,24.149999618530277,24.149999618530277,13465700
2025-12-23,KHC,24.167999267578125,24.167999267578125,23.600000381469727,23.700000762939453,23.700000762939453,13899700
2025-12-23,KHC,24.167999267578125,24.167999267578125,23.600000381469727,23.700000762939453,23.700000762939453,13899700
2025-12-24,KHC,23.63999938964844,24.049999237060547,23.63999938964844,24.020000457763672,24.020000457763672,5694800
2025-12-24,KHC,23.63999938964844,24.049999237060547,23.63999938964844,24.020000457763672,24.020000457763672,5694800
2025-12-26,KHC,23.989999771118164,24.165000915527344,23.950000762939453,24.1299991607666,24.1299991607666,9076700
2025-12-26,KHC,23.989999771118164,24.165000915527344,23.950000762939453,24.1299991607666,24.1299991607666,9076700
2025-12-29,KHC,24.149999618530277,24.459999084472656,24.104999542236328,24.25,24.25,15485700
2025-12-29,KHC,24.149999618530277,24.459999084472656,24.104999542236328,24.25,24.25,15485700
2025-12-30,KHC,24.19499969482422,24.540000915527344,24.170000076293945,24.43000030517578,24.43000030517578,10109500
2025-12-30,KHC,24.19499969482422,24.540000915527344,24.170000076293945,24.43000030517578,24.43000030517578,10109500
2025-12-31,KHC,24.43000030517578,24.459999084472656,24.23500061035156,24.25,24.25,9930700
2025-12-31,KHC,24.43000030517578,24.459999084472656,24.23500061035156,24.25,24.25,9930700
2026-01-02,KHC,24.290000915527344,24.55500030517578,24.059999465942383,24.38999938964844,24.38999938964844,12839500
2026-01-02,KHC,24.290000915527344,24.55500030517578,24.059999465942383,24.38999938964844,24.38999938964844,12839500
2026-01-05,KHC,24.309999465942383,24.36000061035156,23.729999542236328,23.770000457763672,23.770000457763672,18653000
2026-01-05,KHC,24.309999465942383,24.36000061035156,23.729999542236328,23.770000457763672,23.770000457763672,18653000
2026-01-06,KHC,23.82999992370605,23.82999992370605,23.459999084472656,23.51000022888184,23.51000022888184,16590800
2026-01-06,KHC,23.82999992370605,23.82999992370605,23.459999084472656,23.51000022888184,23.51000022888184,16590800
2026-01-07,KHC,23.61000061035156,23.670000076293945,22.989999771118164,23.01000022888184,23.01000022888184,19272100
2026-01-07,KHC,23.61000061035156,23.670000076293945,22.989999771118164,23.01000022888184,23.01000022888184,19272100
2026-01-08,KHC,22.989999771118164,23.57999992370605,22.90999984741211,23.43000030517578,23.43000030517578,15058900
2026-01-08,KHC,22.989999771118164,23.57999992370605,22.90999984741211,23.43000030517578,23.43000030517578,15058900
2026-01-09,KHC,23.450000762939453,23.63999938964844,23.174999237060547,23.420000076293945,23.420000076293945,12199600
2026-01-09,KHC,23.450000762939453,23.63999938964844,23.174999237060547,23.420000076293945,23.420000076293945,12199600
2026-01-12,KHC,23.459999084472656,23.649999618530277,23.364999771118164,23.38999938964844,23.38999938964844,12955400
2026-01-12,KHC,23.459999084472656,23.649999618530277,23.364999771118164,23.38999938964844,23.38999938964844,12955400
2026-01-13,KHC,23.38999938964844,23.645000457763672,23.3700008392334,23.51000022888184,23.51000022888184,8219500
2026-01-13,KHC,23.38999938964844,23.645000457763672,23.3700008392334,23.51000022888184,23.51000022888184,8219500
2026-01-14,KHC,23.5,24.479999542236328,23.489999771118164,24.31999969482422,24.31999969482422,16922600
2026-01-14,KHC,23.5,24.479999542236328,23.489999771118164,24.31999969482422,24.31999969482422,16922600
2026-01-15,KHC,24.23500061035156,24.315000534057617,24.01000022888184,24.239999771118164,24.239999771118164,11696200
2026-01-15,KHC,24.23500061035156,24.315000534057617,24.01000022888184,24.239999771118164,24.239999771118164,11696200
2026-01-16,KHC,23.84000015258789,23.899999618530277,23.5,23.530000686645508,23.530000686645508,14774000
2026-01-16,KHC,23.84000015258789,23.899999618530277,23.5,23.530000686645508,23.530000686645508,14774000
2026-01-20,KHC,23.40999984741211,23.934999465942383,23.19499969482422,23.76000022888184,23.76000022888184,17947000
2026-01-20,KHC,23.40999984741211,23.934999465942383,23.19499969482422,23.76000022888184,23.76000022888184,17947000
2026-01-21,KHC,22.229999542236328,22.799999237060547,21.98500061035156,22.399999618530277,22.399999618530277,40776200
2026-01-21,KHC,22.229999542236328,22.799999237060547,21.98500061035156,22.399999618530277,22.399999618530277,40776200
2026-01-22,KHC,22.290000915527344,22.780000686645508,22.25,22.71999931335449,22.71999931335449,18640500
2026-01-22,KHC,22.290000915527344,22.780000686645508,22.25,22.71999931335449,22.71999931335449,18640500
2026-01-23,KHC,22.68000030517578,23.239999771118164,22.670000076293945,23.200000762939453,23.200000762939453,14248200
2026-01-23,KHC,22.68000030517578,23.239999771118164,22.670000076293945,23.200000762939453,23.200000762939453,14248200
2026-01-26,KHC,23.200000762939453,23.729999542236328,23.200000762939453,23.57999992370605,23.57999992370605,14882800
2026-01-26,KHC,23.200000762939453,23.729999542236328,23.200000762939453,23.57999992370605,23.57999992370605,14882800
2026-01-27,KHC,23.530000686645508,23.90999984741211,23.459999084472656,23.700000762939453,23.700000762939453,19464400
2026-01-27,KHC,23.530000686645508,23.90999984741211,23.459999084472656,23.700000762939453,23.700000762939453,19464400
2026-01-28,KHC,23.68000030517578,23.854999542236328,22.989999771118164,23.190000534057617,23.190000534057617,14190500
2026-01-28,KHC,23.68000030517578,23.854999542236328,22.989999771118164,23.190000534057617,23.190000534057617,14190500
2026-01-29,KHC,23.24799919128418,23.46999931335449,22.979999542236328,23.13999938964844,23.13999938964844,18069900
2026-01-29,KHC,23.24799919128418,23.46999931335449,22.979999542236328,23.13999938964844,23.13999938964844,18069900
2026-01-30,KHC,23.200000762939453,23.76000022888184,23.049999237060547,23.739999771118164,23.739999771118164,21990800
2026-01-30,KHC,23.200000762939453,23.76000022888184,23.049999237060547,23.739999771118164,23.739999771118164,21990800
2026-02-02,KHC,23.739999771118164,23.790000915527344,23.26000022888184,23.5,23.5,11862000
2026-02-02,KHC,23.739999771118164,23.790000915527344,23.26000022888184,23.5,23.5,11862000
2026-02-03,KHC,23.309999465942383,24.07999992370605,23.270000457763672,23.8700008392334,23.8700008392334,17525500
2026-02-03,KHC,23.309999465942383,24.07999992370605,23.270000457763672,23.8700008392334,23.8700008392334,17525500
2026-02-04,KHC,23.950000762939453,24.729999542236328,23.88999938964844,24.479999542236328,24.479999542236328,17932000
2026-02-04,KHC,23.950000762939453,24.729999542236328,23.88999938964844,24.479999542236328,24.479999542236328,17932000
2026-02-05,KHC,24.665000915527344,24.82999992370605,24.15999984741211,24.44499969482422,24.44499969482422,13121600
2026-02-05,KHC,24.665000915527344,24.82999992370605,24.15999984741211,24.44499969482422,24.44499969482422,13121600
2026-02-06,KHC,24.399999618530277,24.7450008392334,24.399999618530277,24.63999938964844,24.63999938964844,11515100
2026-02-06,KHC,24.399999618530277,24.7450008392334,24.399999618530277,24.63999938964844,24.63999938964844,11515100
2026-02-09,KHC,24.575000762939453,24.68899917602539,24.354999542236328,24.57999992370605,24.57999992370605,13291300
2026-02-09,KHC,24.575000762939453,24.68899917602539,24.354999542236328,24.57999992370605,24.57999992370605,13291300
2026-02-10,KHC,24.57999992370605,25.174999237060547,24.3799991607666,24.899999618530277,24.899999618530277,22418900
2026-02-10,KHC,24.57999992370605,25.174999237060547,24.3799991607666,24.899999618530277,24.899999618530277,22418900
2026-02-11,KHC,23.799999237060547,25.200000762939453,23.56999969482422,24.989999771118164,24.989999771118164,37706800
2026-02-11,KHC,23.799999237060547,25.200000762939453,23.56999969482422,24.989999771118164,24.989999771118164,37706800
2026-02-12,KHC,24.46999931335449,24.76499938964844,24.18000030517578,24.31999969482422,24.31999969482422,18694800
2026-02-12,KHC,24.46999931335449,24.76499938964844,24.18000030517578,24.31999969482422,24.31999969482422,18694800
2026-02-13,KHC,24.3439998626709,24.924999237060547,24.290000915527344,24.799999237060547,24.799999237060547,13890000
2026-02-13,KHC,24.3439998626709,24.924999237060547,24.290000915527344,24.799999237060547,24.799999237060547,13890000
2026-02-17,KHC,24.73500061035156,24.8799991607666,23.44499969482422,23.780000686645508,23.780000686645508,20757700
2026-02-17,KHC,24.73500061035156,24.8799991607666,23.44499969482422,23.780000686645508,23.780000686645508,20757700
2026-02-18,KHC,23.795000076293945,24.13999938964844,23.440000534057617,23.950000762939453,23.950000762939453,15717100
2026-02-18,KHC,23.795000076293945,24.13999938964844,23.440000534057617,23.950000762939453,23.950000762939453,15717100
2026-02-19,KHC,23.959999084472656,24.2450008392334,23.780000686645508,23.989999771118164,23.989999771118164,11356700
2026-02-19,KHC,23.959999084472656,24.2450008392334,23.780000686645508,23.989999771118164,23.989999771118164,11356700
2026-02-20,KHC,24.09000015258789,24.440000534057617,23.915000915527344,24.399999618530277,24.399999618530277,13444800
2026-02-20,KHC,24.09000015258789,24.440000534057617,23.915000915527344,24.399999618530277,24.399999618530277,13444800
2026-02-23,KHC,24.299999237060547,24.68000030517578,24.209999084472656,24.540000915527344,24.540000915527344,11359400
2026-02-23,KHC,24.299999237060547,24.68000030517578,24.209999084472656,24.540000915527344,24.540000915527344,11359400
2026-02-24,KHC,24.61000061035156,25.020000457763672,24.3700008392334,24.780000686645508,24.780000686645508,13878400
2026-02-24,KHC,24.61000061035156,25.020000457763672,24.3700008392334,24.780000686645508,24.780000686645508,13878400
2026-02-25,KHC,24.739999771118164,24.834999084472656,24.09499931335449,24.55500030517578,24.55500030517578,13396700
2026-02-25,KHC,24.739999771118164,24.834999084472656,24.09499931335449,24.55500030517578,24.55500030517578,13396700
2026-02-26,KHC,24.690000534057617,24.770000457763672,24.28499984741211,24.56999969482422,24.56999969482422,12164800
2026-02-26,KHC,24.690000534057617,24.770000457763672,24.28499984741211,24.56999969482422,24.56999969482422,12164800
2026-02-19,KHC,23.959999084472656,24.2450008392334,23.780000686645508,23.989999771118164,23.989999771118164,11356700
2026-02-20,KHC,24.09000015258789,24.440000534057617,23.915000915527344,24.399999618530273,24.399999618530273,13444800
2026-02-23,KHC,24.299999237060547,24.68000030517578,24.209999084472656,24.540000915527344,24.540000915527344,11359400
2026-02-24,KHC,24.610000610351562,25.020000457763672,24.3700008392334,24.780000686645508,24.780000686645508,13878400
2026-02-25,KHC,24.739999771118164,24.834999084472656,24.094999313354492,24.55500030517578,24.55500030517578,13396700
2026-02-26,KHC,24.690000534057617,24.770000457763672,24.28499984741211,24.56999969482422,24.56999969482422,12164800
2026-02-19,KHC,23.959999084472656,24.2450008392334,23.780000686645508,23.989999771118164,23.989999771118164,11356700
2026-02-20,KHC,24.09000015258789,24.440000534057617,23.915000915527344,24.399999618530273,24.399999618530273,13444800
2026-02-23,KHC,24.299999237060547,24.68000030517578,24.209999084472656,24.540000915527344,24.540000915527344,11359400
2026-02-24,KHC,24.610000610351562,25.020000457763672,24.3700008392334,24.780000686645508,24.780000686645508,13878400
2026-02-25,KHC,24.739999771118164,24.834999084472656,24.094999313354492,24.55500030517578,24.55500030517578,13396700
2026-02-26,KHC,24.690000534057617,24.770000457763672,24.28499984741211,24.56999969482422,24.56999969482422,12164800
