Date,Ticker,Open,High,Low,Close,Adj Close,Volume
2013-06-19,NWS,15.210000038146973,16.030000686645508,14.960000038146973,15.529999732971191,13.684677124023438,7717000
2013-06-19,NWS,15.210000038146973,16.030000686645508,14.960000038146973,15.529999732971191,13.684677124023438,7717000
2013-06-20,NWS,16.25,16.299999237060547,15.359999656677246,15.4399995803833,13.60537338256836,1874600
2013-06-20,NWS,16.25,16.299999237060547,15.359999656677246,15.4399995803833,13.60537338256836,1874600
2013-06-21,NWS,15.979999542236328,15.979999542236328,15.460000038146973,15.800000190734863,13.92259407043457,635300
2013-06-21,NWS,15.979999542236328,15.979999542236328,15.460000038146973,15.800000190734863,13.92259407043457,635300
2013-06-24,NWS,15.789999961853027,15.789999961853027,15.1899995803833,15.520000457763672,13.675865173339844,758300
2013-06-24,NWS,15.789999961853027,15.789999961853027,15.1899995803833,15.520000457763672,13.675865173339844,758300
2013-06-25,NWS,15.5,15.670000076293944,15.350000381469728,15.65999984741211,13.79922866821289,564400
2013-06-25,NWS,15.5,15.670000076293944,15.350000381469728,15.65999984741211,13.79922866821289,564400
2013-06-26,NWS,15.539999961853027,15.550000190734863,15.3100004196167,15.470000267028809,13.631805419921877,901000
2013-06-26,NWS,15.539999961853027,15.550000190734863,15.3100004196167,15.470000267028809,13.631805419921877,901000
2013-06-27,NWS,14.779999732971191,15.739999771118164,14.65999984741211,15.369999885559082,13.54368782043457,3258000
2013-06-27,NWS,14.779999732971191,15.739999771118164,14.65999984741211,15.369999885559082,13.54368782043457,3258000
2013-06-28,NWS,15.289999961853027,15.68000030517578,15.25,15.380000114440918,13.552501678466797,1793700
2013-06-28,NWS,15.289999961853027,15.68000030517578,15.25,15.380000114440918,13.552501678466797,1793700
2013-07-01,NWS,15.479999542236328,15.5,14.84000015258789,14.869999885559082,13.103100776672363,4343500
2013-07-01,NWS,15.479999542236328,15.5,14.84000015258789,14.869999885559082,13.103100776672363,4343500
2013-07-02,NWS,14.68000030517578,15.1899995803833,14.670000076293944,14.989999771118164,13.208837509155272,8682500
2013-07-02,NWS,14.68000030517578,15.1899995803833,14.670000076293944,14.989999771118164,13.208837509155272,8682500
2013-07-03,NWS,14.880000114440918,15.119999885559082,14.84000015258789,14.970000267028809,13.191219329833984,2265100
2013-07-03,NWS,14.880000114440918,15.119999885559082,14.84000015258789,14.970000267028809,13.191219329833984,2265100
2013-07-05,NWS,14.960000038146973,15.9399995803833,14.960000038146973,15.609999656677246,13.755169868469238,3470900
2013-07-05,NWS,14.960000038146973,15.9399995803833,14.960000038146973,15.609999656677246,13.755169868469238,3470900
2013-07-08,NWS,15.829999923706056,16.079999923706055,15.550000190734863,16.020000457763672,14.116453170776367,4010700
2013-07-08,NWS,15.829999923706056,16.079999923706055,15.550000190734863,16.020000457763672,14.116453170776367,4010700
2013-07-09,NWS,15.8100004196167,16.020000457763672,15.670000076293944,15.729999542236328,13.860912322998049,3656200
2013-07-09,NWS,15.8100004196167,16.020000457763672,15.670000076293944,15.729999542236328,13.860912322998049,3656200
2013-07-10,NWS,15.5,15.600000381469728,15.220000267028809,15.449999809265137,13.61418342590332,3010500
2013-07-10,NWS,15.5,15.600000381469728,15.220000267028809,15.449999809265137,13.61418342590332,3010500
2013-07-11,NWS,15.800000190734863,15.800000190734863,15.0600004196167,15.210000038146973,13.40269947052002,3630300
2013-07-11,NWS,15.800000190734863,15.800000190734863,15.0600004196167,15.210000038146973,13.40269947052002,3630300
2013-07-12,NWS,15.0,15.18000030517578,14.970000267028809,14.989999771118164,13.208837509155272,3042300
2013-07-12,NWS,15.0,15.18000030517578,14.970000267028809,14.989999771118164,13.208837509155272,3042300
2013-07-15,NWS,15.0,15.079999923706056,14.520000457763672,14.800000190734863,13.04141616821289,5331400
2013-07-15,NWS,15.0,15.079999923706056,14.520000457763672,14.800000190734863,13.04141616821289,5331400
2013-07-16,NWS,14.710000038146973,15.470000267028809,14.699999809265137,15.390000343322754,13.56131076812744,2711100
2013-07-16,NWS,14.710000038146973,15.470000267028809,14.699999809265137,15.390000343322754,13.56131076812744,2711100
2013-07-17,NWS,15.279999732971191,16.1200008392334,15.279999732971191,16.020000457763672,14.116453170776367,3737700
2013-07-17,NWS,15.279999732971191,16.1200008392334,15.279999732971191,16.020000457763672,14.116453170776367,3737700
2013-07-18,NWS,16.040000915527344,16.25,15.460000038146973,15.600000381469728,13.746359825134276,2827900
2013-07-18,NWS,16.040000915527344,16.25,15.460000038146973,15.600000381469728,13.746359825134276,2827900
2013-07-19,NWS,15.369999885559082,16.260000228881836,15.369999885559082,16.1200008392334,14.204571723937988,3735400
2013-07-19,NWS,15.369999885559082,16.260000228881836,15.369999885559082,16.1200008392334,14.204571723937988,3735400
2013-07-22,NWS,16.149999618530273,16.260000228881836,15.75,15.899999618530272,14.010712623596191,2159200
2013-07-22,NWS,16.149999618530273,16.260000228881836,15.75,15.899999618530272,14.010712623596191,2159200
2013-07-23,NWS,15.850000381469728,16.049999237060547,15.710000038146973,15.850000381469728,13.966652870178224,2104900
2013-07-23,NWS,15.850000381469728,16.049999237060547,15.710000038146973,15.850000381469728,13.966652870178224,2104900
2013-07-24,NWS,15.789999961853027,16.049999237060547,15.619999885559082,15.920000076293944,14.028334617614746,2205100
2013-07-24,NWS,15.789999961853027,16.049999237060547,15.619999885559082,15.920000076293944,14.028334617614746,2205100
2013-07-25,NWS,15.90999984741211,16.049999237060547,15.640000343322754,15.760000228881836,13.887349128723145,2097300
2013-07-25,NWS,15.90999984741211,16.049999237060547,15.640000343322754,15.760000228881836,13.887349128723145,2097300
2013-07-26,NWS,15.760000228881836,16.15999984741211,15.5,16.09000015258789,14.17813491821289,937600
2013-07-26,NWS,15.760000228881836,16.15999984741211,15.5,16.09000015258789,14.17813491821289,937600
2013-07-29,NWS,15.979999542236328,16.06999969482422,15.609999656677246,15.710000038146973,13.843290328979492,3495600
2013-07-29,NWS,15.979999542236328,16.06999969482422,15.609999656677246,15.710000038146973,13.843290328979492,3495600
2013-07-30,NWS,15.729999542236328,16.18000030517578,15.670000076293944,16.139999389648438,14.222197532653809,3438100
2013-07-30,NWS,15.729999542236328,16.18000030517578,15.670000076293944,16.139999389648438,14.222197532653809,3438100
2013-07-31,NWS,16.09000015258789,16.3700008392334,16.040000915527344,16.09000015258789,14.17813491821289,2392800
2013-07-31,NWS,16.09000015258789,16.3700008392334,16.040000915527344,16.09000015258789,14.17813491821289,2392800
2013-08-01,NWS,16.110000610351562,16.420000076293945,16.09000015258789,16.389999389648438,14.442486763000488,1951600
2013-08-01,NWS,16.110000610351562,16.420000076293945,16.09000015258789,16.389999389648438,14.442486763000488,1951600
2013-08-02,NWS,16.290000915527344,16.639999389648438,16.25,16.5,14.539420127868652,2042800
2013-08-02,NWS,16.290000915527344,16.639999389648438,16.25,16.5,14.539420127868652,2042800
2013-08-05,NWS,16.40999984741211,16.479999542236328,16.079999923706055,16.209999084472656,14.283876419067385,1127500
2013-08-05,NWS,16.40999984741211,16.479999542236328,16.079999923706055,16.209999084472656,14.283876419067385,1127500
2013-08-06,NWS,16.1299991607666,16.450000762939453,16.030000686645508,16.389999389648438,14.442486763000488,1335300
2013-08-06,NWS,16.1299991607666,16.450000762939453,16.030000686645508,16.389999389648438,14.442486763000488,1335300
2013-08-07,NWS,16.239999771118164,16.299999237060547,16.040000915527344,16.15999984741211,14.23981761932373,1239800
2013-08-07,NWS,16.239999771118164,16.299999237060547,16.040000915527344,16.15999984741211,14.23981761932373,1239800
2013-08-08,NWS,16.31999969482422,16.510000228881836,16.149999618530273,16.3799991607666,14.433675765991213,2109500
2013-08-08,NWS,16.31999969482422,16.510000228881836,16.149999618530273,16.3799991607666,14.433675765991213,2109500
2013-08-09,NWS,16.40999984741211,16.40999984741211,16.219999313354492,16.239999771118164,14.310312271118164,1370900
2013-08-09,NWS,16.40999984741211,16.40999984741211,16.219999313354492,16.239999771118164,14.310312271118164,1370900
2013-08-12,NWS,16.100000381469727,16.299999237060547,15.970000267028809,16.110000610351562,14.195759773254396,1917600
2013-08-12,NWS,16.100000381469727,16.299999237060547,15.970000267028809,16.110000610351562,14.195759773254396,1917600
2013-08-13,NWS,16.229999542236328,16.229999542236328,16.0,16.049999237060547,14.142889022827148,1643600
2013-08-13,NWS,16.229999542236328,16.229999542236328,16.0,16.049999237060547,14.142889022827148,1643600
2013-08-14,NWS,16.0,16.209999084472656,15.869999885559082,16.18000030517578,14.25744342803955,2029000
2013-08-14,NWS,16.0,16.209999084472656,15.869999885559082,16.18000030517578,14.25744342803955,2029000
2013-08-15,NWS,16.059999465942383,16.389999389648438,15.9399995803833,16.31999969482422,14.38080596923828,1351600
2013-08-15,NWS,16.059999465942383,16.389999389648438,15.9399995803833,16.31999969482422,14.38080596923828,1351600
2013-08-16,NWS,16.260000228881836,16.450000762939453,16.15999984741211,16.190000534057617,14.266254425048828,2144700
2013-08-16,NWS,16.260000228881836,16.450000762939453,16.15999984741211,16.190000534057617,14.266254425048828,2144700
2013-08-19,NWS,16.209999084472656,16.219999313354492,15.880000114440918,15.890000343322754,14.001903533935549,610700
2013-08-19,NWS,16.209999084472656,16.219999313354492,15.880000114440918,15.890000343322754,14.001903533935549,610700
2013-08-20,NWS,15.90999984741211,15.979999542236328,15.720000267028809,15.880000114440918,13.993088722229004,993300
2013-08-20,NWS,15.90999984741211,15.979999542236328,15.720000267028809,15.880000114440918,13.993088722229004,993300
2013-08-21,NWS,15.829999923706056,16.0,15.699999809265137,15.9399995803833,14.045958518981934,1948100
2013-08-21,NWS,15.829999923706056,16.0,15.699999809265137,15.9399995803833,14.045958518981934,1948100
2013-08-22,NWS,15.989999771118164,16.030000686645508,15.81999969482422,15.880000114440918,13.993088722229004,1611600
2013-08-22,NWS,15.989999771118164,16.030000686645508,15.81999969482422,15.880000114440918,13.993088722229004,1611600
2013-08-23,NWS,15.84000015258789,16.020000457763672,15.770000457763672,15.920000076293944,14.028334617614746,1676500
2013-08-23,NWS,15.84000015258789,16.020000457763672,15.770000457763672,15.920000076293944,14.028334617614746,1676500
2013-08-26,NWS,15.9399995803833,16.1299991607666,15.9399995803833,16.059999465942383,14.151698112487791,1095300
2013-08-26,NWS,15.9399995803833,16.1299991607666,15.9399995803833,16.059999465942383,14.151698112487791,1095300
2013-08-27,NWS,15.979999542236328,16.200000762939453,15.93000030517578,15.9399995803833,14.045958518981934,3848700
2013-08-27,NWS,15.979999542236328,16.200000762939453,15.93000030517578,15.9399995803833,14.045958518981934,3848700
2013-08-28,NWS,15.970000267028809,16.020000457763672,15.890000343322754,15.970000267028809,14.072396278381348,7235800
2013-08-28,NWS,15.970000267028809,16.020000457763672,15.890000343322754,15.970000267028809,14.072396278381348,7235800
2013-08-29,NWS,15.979999542236328,16.09000015258789,15.829999923706056,15.960000038146973,14.06358242034912,797500
2013-08-29,NWS,15.979999542236328,16.09000015258789,15.829999923706056,15.960000038146973,14.06358242034912,797500
2013-08-30,NWS,15.90999984741211,15.970000267028809,15.760000228881836,15.84000015258789,13.957840919494627,1583300
2013-08-30,NWS,15.90999984741211,15.970000267028809,15.760000228881836,15.84000015258789,13.957840919494627,1583300
2013-09-03,NWS,16.020000457763672,16.200000762939453,15.880000114440918,16.0,14.09882926940918,584400
2013-09-03,NWS,16.020000457763672,16.200000762939453,15.880000114440918,16.0,14.09882926940918,584400
2013-09-04,NWS,15.899999618530272,16.280000686645508,15.899999618530272,16.209999084472656,14.283876419067385,2037400
2013-09-04,NWS,15.899999618530272,16.280000686645508,15.899999618530272,16.209999084472656,14.283876419067385,2037400
2013-09-05,NWS,16.200000762939453,16.440000534057617,16.06999969482422,16.389999389648438,14.442486763000488,1912100
2013-09-05,NWS,16.200000762939453,16.440000534057617,16.06999969482422,16.389999389648438,14.442486763000488,1912100
2013-09-06,NWS,16.43000030517578,16.489999771118164,16.229999542236328,16.34000015258789,14.398428916931152,1655900
2013-09-06,NWS,16.43000030517578,16.489999771118164,16.229999542236328,16.34000015258789,14.398428916931152,1655900
2013-09-09,NWS,16.329999923706055,16.5,16.299999237060547,16.489999771118164,14.530606269836426,772900
2013-09-09,NWS,16.329999923706055,16.5,16.299999237060547,16.489999771118164,14.530606269836426,772900
2013-09-10,NWS,16.530000686645508,16.719999313354492,16.40999984741211,16.719999313354492,14.733277320861816,846300
2013-09-10,NWS,16.530000686645508,16.719999313354492,16.40999984741211,16.719999313354492,14.733277320861816,846300
2013-09-11,NWS,16.709999084472656,17.200000762939453,16.68000030517578,17.200000762939453,15.156240463256836,1531600
2013-09-11,NWS,16.709999084472656,17.200000762939453,16.68000030517578,17.200000762939453,15.156240463256836,1531600
2013-09-12,NWS,17.190000534057617,17.459999084472656,17.110000610351562,17.299999237060547,15.24436092376709,601600
2013-09-12,NWS,17.190000534057617,17.459999084472656,17.110000610351562,17.299999237060547,15.24436092376709,601600
2013-09-13,NWS,17.290000915527344,17.290000915527344,16.979999542236328,17.110000610351562,15.076936721801758,411600
2013-09-13,NWS,17.290000915527344,17.290000915527344,16.979999542236328,17.110000610351562,15.076936721801758,411600
2013-09-16,NWS,17.3700008392334,17.3799991607666,17.0,17.170000076293945,15.129807472229004,772100
2013-09-16,NWS,17.3700008392334,17.3799991607666,17.0,17.170000076293945,15.129807472229004,772100
2013-09-17,NWS,17.15999984741211,17.290000915527344,17.1200008392334,17.219999313354492,15.17386531829834,548600
2013-09-17,NWS,17.15999984741211,17.290000915527344,17.1200008392334,17.219999313354492,15.17386531829834,548600
2013-09-18,NWS,17.200000762939453,17.34000015258789,17.06999969482422,17.25,15.200299263000488,951800
2013-09-18,NWS,17.200000762939453,17.34000015258789,17.06999969482422,17.25,15.200299263000488,951800
2013-09-19,NWS,17.389999389648438,17.389999389648438,16.90999984741211,17.1299991607666,15.094561576843262,884200
2013-09-19,NWS,17.389999389648438,17.389999389648438,16.90999984741211,17.1299991607666,15.094561576843262,884200
2013-09-20,NWS,17.100000381469727,17.229999542236328,16.719999313354492,16.90999984741211,14.900700569152832,1416500
2013-09-20,NWS,17.100000381469727,17.229999542236328,16.719999313354492,16.90999984741211,14.900700569152832,1416500
2013-09-23,NWS,16.81999969482422,16.850000381469727,16.610000610351562,16.790000915527344,14.794963836669922,703900
2013-09-23,NWS,16.81999969482422,16.850000381469727,16.610000610351562,16.790000915527344,14.794963836669922,703900
2013-09-24,NWS,16.770000457763672,17.43000030517578,16.770000457763672,17.329999923706055,15.270796775817873,1402900
2013-09-24,NWS,16.770000457763672,17.43000030517578,16.770000457763672,17.329999923706055,15.270796775817873,1402900
2013-09-25,NWS,17.229999542236328,17.299999237060547,16.989999771118164,17.09000015258789,15.05931282043457,1126100
2013-09-25,NWS,17.229999542236328,17.299999237060547,16.989999771118164,17.09000015258789,15.05931282043457,1126100
2013-09-26,NWS,17.1200008392334,17.1200008392334,16.469999313354492,16.670000076293945,14.689215660095217,2539000
2013-09-26,NWS,17.1200008392334,17.1200008392334,16.469999313354492,16.670000076293945,14.689215660095217,2539000
2013-09-27,NWS,16.469999313354492,16.59000015258789,16.3700008392334,16.559999465942383,14.592289924621582,823300
2013-09-27,NWS,16.469999313354492,16.59000015258789,16.3700008392334,16.559999465942383,14.592289924621582,823300
2013-09-30,NWS,16.520000457763672,16.520000457763672,16.290000915527344,16.43000030517578,14.477738380432127,611800
2013-09-30,NWS,16.520000457763672,16.520000457763672,16.290000915527344,16.43000030517578,14.477738380432127,611800
2013-10-01,NWS,16.450000762939453,16.450000762939453,16.15999984741211,16.290000915527344,14.354371070861816,521200
2013-10-01,NWS,16.450000762939453,16.450000762939453,16.15999984741211,16.290000915527344,14.354371070861816,521200
2013-10-02,NWS,16.170000076293945,16.56999969482422,16.020000457763672,16.489999771118164,14.530606269836426,1292300
2013-10-02,NWS,16.170000076293945,16.56999969482422,16.020000457763672,16.489999771118164,14.530606269836426,1292300
2013-10-03,NWS,16.5,16.59000015258789,16.209999084472656,16.270000457763672,14.336747169494627,2186100
2013-10-03,NWS,16.5,16.59000015258789,16.209999084472656,16.270000457763672,14.336747169494627,2186100
2013-10-04,NWS,16.239999771118164,16.399999618530273,16.200000762939453,16.270000457763672,14.336747169494627,1114000
2013-10-04,NWS,16.239999771118164,16.399999618530273,16.200000762939453,16.270000457763672,14.336747169494627,1114000
2013-10-07,NWS,16.149999618530273,16.360000610351562,16.110000610351562,16.270000457763672,14.336747169494627,1107800
2013-10-07,NWS,16.149999618530273,16.360000610351562,16.110000610351562,16.270000457763672,14.336747169494627,1107800
2013-10-08,NWS,16.209999084472656,16.350000381469727,16.170000076293945,16.229999542236328,14.301501274108888,667400
2013-10-08,NWS,16.209999084472656,16.350000381469727,16.170000076293945,16.229999542236328,14.301501274108888,667400
2013-10-09,NWS,16.209999084472656,16.399999618530273,16.170000076293945,16.34000015258789,14.398428916931152,4387600
2013-10-09,NWS,16.209999084472656,16.399999618530273,16.170000076293945,16.34000015258789,14.398428916931152,4387600
2013-10-10,NWS,16.389999389648438,16.670000076293945,16.389999389648438,16.649999618530273,14.671594619750977,1069200
2013-10-10,NWS,16.389999389648438,16.670000076293945,16.389999389648438,16.649999618530273,14.671594619750977,1069200
2013-10-11,NWS,16.600000381469727,17.059999465942383,16.600000381469727,16.920000076293945,14.909516334533691,2259400
2013-10-11,NWS,16.600000381469727,17.059999465942383,16.600000381469727,16.920000076293945,14.909516334533691,2259400
2013-10-14,NWS,16.760000228881836,17.139999389648438,16.75,17.059999465942383,15.032876968383787,754900
2013-10-14,NWS,16.760000228881836,17.139999389648438,16.75,17.059999465942383,15.032876968383787,754900
2013-10-15,NWS,17.040000915527344,17.18000030517578,16.940000534057617,17.15999984741211,15.120997428894045,1436900
2013-10-15,NWS,17.040000915527344,17.18000030517578,16.940000534057617,17.15999984741211,15.120997428894045,1436900
2013-10-16,NWS,17.200000762939453,17.290000915527344,17.079999923706055,17.260000228881836,15.209114074707031,1241700
2013-10-16,NWS,17.200000762939453,17.290000915527344,17.079999923706055,17.260000228881836,15.209114074707031,1241700
2013-10-17,NWS,17.190000534057617,17.270000457763672,17.100000381469727,17.260000228881836,15.209114074707031,861300
2013-10-17,NWS,17.190000534057617,17.270000457763672,17.100000381469727,17.260000228881836,15.209114074707031,861300
2013-10-18,NWS,17.360000610351562,17.389999389648438,17.239999771118164,17.31999969482422,15.26198387145996,2034100
2013-10-18,NWS,17.360000610351562,17.389999389648438,17.239999771118164,17.31999969482422,15.26198387145996,2034100
2013-10-21,NWS,17.360000610351562,17.450000762939453,17.239999771118164,17.299999237060547,15.24436092376709,563900
2013-10-21,NWS,17.360000610351562,17.450000762939453,17.239999771118164,17.299999237060547,15.24436092376709,563900
2013-10-22,NWS,17.360000610351562,17.530000686645508,17.280000686645508,17.450000762939453,15.376537322998049,1578100
2013-10-22,NWS,17.360000610351562,17.530000686645508,17.280000686645508,17.450000762939453,15.376537322998049,1578100
2013-10-23,NWS,17.450000762939453,17.639999389648438,17.290000915527344,17.489999771118164,15.411784172058104,1532000
2013-10-23,NWS,17.450000762939453,17.639999389648438,17.290000915527344,17.489999771118164,15.411784172058104,1532000
2013-10-24,NWS,17.579999923706055,17.799999237060547,17.5,17.719999313354492,15.614452362060549,931700
2013-10-24,NWS,17.579999923706055,17.799999237060547,17.5,17.719999313354492,15.614452362060549,931700
2013-10-25,NWS,17.729999542236328,17.739999771118164,17.5,17.559999465942383,15.473467826843262,1527000
2013-10-25,NWS,17.729999542236328,17.739999771118164,17.5,17.559999465942383,15.473467826843262,1527000
2013-10-28,NWS,17.549999237060547,17.729999542236328,17.420000076293945,17.68000030517578,15.57920742034912,1045000
2013-10-28,NWS,17.549999237060547,17.729999542236328,17.420000076293945,17.68000030517578,15.57920742034912,1045000
2013-10-29,NWS,17.690000534057617,17.93000030517578,17.670000076293945,17.8700008392334,15.746631622314451,889500
2013-10-29,NWS,17.690000534057617,17.93000030517578,17.670000076293945,17.8700008392334,15.746631622314451,889500
2013-10-30,NWS,17.950000762939453,18.0,17.719999313354492,17.75,15.640891075134276,677500
2013-10-30,NWS,17.950000762939453,18.0,17.719999313354492,17.75,15.640891075134276,677500
2013-10-31,NWS,17.809999465942383,18.13999938964844,17.729999542236328,17.93000030517578,15.799498558044434,1810300
2013-10-31,NWS,17.809999465942383,18.13999938964844,17.729999542236328,17.93000030517578,15.799498558044434,1810300
2013-11-01,NWS,17.8700008392334,18.15999984741211,17.799999237060547,18.11000061035156,15.958114624023438,1295300
2013-11-01,NWS,17.8700008392334,18.15999984741211,17.799999237060547,18.11000061035156,15.958114624023438,1295300
2013-11-04,NWS,18.15999984741211,18.239999771118164,18.07999992370605,18.1299991607666,15.975733757019045,404700
2013-11-04,NWS,18.15999984741211,18.239999771118164,18.07999992370605,18.1299991607666,15.975733757019045,404700
2013-11-05,NWS,18.1299991607666,18.26000022888184,17.8799991607666,18.100000381469727,15.94930362701416,696300
2013-11-05,NWS,18.1299991607666,18.26000022888184,17.8799991607666,18.100000381469727,15.94930362701416,696300
2013-11-06,NWS,18.09000015258789,18.239999771118164,17.709999084472656,17.770000457763672,15.658514022827148,619800
2013-11-06,NWS,18.09000015258789,18.239999771118164,17.709999084472656,17.770000457763672,15.658514022827148,619800
2013-11-07,NWS,17.75,18.1200008392334,17.579999923706055,17.610000610351562,15.517525672912598,660600
2013-11-07,NWS,17.75,18.1200008392334,17.579999923706055,17.610000610351562,15.517525672912598,660600
2013-11-08,NWS,17.579999923706055,17.969999313354492,17.540000915527344,17.940000534057617,15.80831527709961,518800
2013-11-08,NWS,17.579999923706055,17.969999313354492,17.540000915527344,17.940000534057617,15.80831527709961,518800
2013-11-11,NWS,17.860000610351562,17.979999542236328,17.68000030517578,17.780000686645508,15.667325973510742,537400
2013-11-11,NWS,17.860000610351562,17.979999542236328,17.68000030517578,17.780000686645508,15.667325973510742,537400
2013-11-12,NWS,17.389999389648438,17.649999618530273,17.0,17.489999771118164,15.411784172058104,1135600
2013-11-12,NWS,17.389999389648438,17.649999618530273,17.0,17.489999771118164,15.411784172058104,1135600
2013-11-13,NWS,17.40999984741211,17.600000381469727,17.270000457763672,17.530000686645508,15.447032928466797,833800
2013-11-13,NWS,17.40999984741211,17.600000381469727,17.270000457763672,17.530000686645508,15.447032928466797,833800
2013-11-14,NWS,17.5,17.670000076293945,17.469999313354492,17.510000228881836,15.429405212402344,573900
2013-11-14,NWS,17.5,17.670000076293945,17.469999313354492,17.510000228881836,15.429405212402344,573900
2013-11-15,NWS,17.600000381469727,18.07999992370605,17.600000381469727,18.020000457763672,15.878806114196776,842100
2013-11-15,NWS,17.600000381469727,18.07999992370605,17.600000381469727,18.020000457763672,15.878806114196776,842100
2013-11-18,NWS,18.030000686645508,18.06999969482422,17.610000610351562,17.690000534057617,15.588017463684082,795200
2013-11-18,NWS,18.030000686645508,18.06999969482422,17.610000610351562,17.690000534057617,15.588017463684082,795200
2013-11-19,NWS,17.670000076293945,17.90999984741211,17.610000610351562,17.729999542236328,15.623262405395508,471700
2013-11-19,NWS,17.670000076293945,17.90999984741211,17.610000610351562,17.729999542236328,15.623262405395508,471700
2013-11-20,NWS,17.75,18.0,17.700000762939453,17.850000381469727,15.729011535644531,805500
2013-11-20,NWS,17.75,18.0,17.700000762939453,17.850000381469727,15.729011535644531,805500
2013-11-21,NWS,17.84000015258789,17.969999313354492,17.760000228881836,17.799999237060547,15.684946060180664,299200
2013-11-21,NWS,17.84000015258789,17.969999313354492,17.760000228881836,17.799999237060547,15.684946060180664,299200
2013-11-22,NWS,17.8799991607666,17.920000076293945,17.690000534057617,17.709999084472656,15.605645179748535,1203700
2013-11-22,NWS,17.8799991607666,17.920000076293945,17.690000534057617,17.709999084472656,15.605645179748535,1203700
2013-11-25,NWS,17.690000534057617,17.829999923706055,17.510000228881836,17.610000610351562,15.517525672912598,717400
2013-11-25,NWS,17.690000534057617,17.829999923706055,17.510000228881836,17.610000610351562,15.517525672912598,717400
2013-11-26,NWS,17.600000381469727,17.81999969482422,17.5,17.760000228881836,15.649703025817873,1162100
2013-11-26,NWS,17.600000381469727,17.81999969482422,17.5,17.760000228881836,15.649703025817873,1162100
2013-11-27,NWS,17.709999084472656,18.0,17.600000381469727,17.889999389648438,15.76425552368164,1039300
2013-11-27,NWS,17.709999084472656,18.0,17.600000381469727,17.889999389648438,15.76425552368164,1039300
2013-11-29,NWS,17.899999618530273,18.0,17.8700008392334,17.969999313354492,15.834750175476074,392000
2013-11-29,NWS,17.899999618530273,18.0,17.8700008392334,17.969999313354492,15.834750175476074,392000
2013-12-02,NWS,17.899999618530273,17.950000762939453,17.6200008392334,17.65999984741211,15.5615816116333,889300
2013-12-02,NWS,17.899999618530273,17.950000762939453,17.6200008392334,17.65999984741211,15.5615816116333,889300
2013-12-03,NWS,17.540000915527344,17.600000381469727,17.399999618530273,17.530000686645508,15.447032928466797,560400
2013-12-03,NWS,17.540000915527344,17.600000381469727,17.399999618530273,17.530000686645508,15.447032928466797,560400
2013-12-04,NWS,17.40999984741211,17.600000381469727,17.290000915527344,17.5,15.420598030090332,540200
2013-12-04,NWS,17.40999984741211,17.600000381469727,17.290000915527344,17.5,15.420598030090332,540200
2013-12-05,NWS,17.459999084472656,17.459999084472656,17.260000228881836,17.3700008392334,15.30604362487793,513200
2013-12-05,NWS,17.459999084472656,17.459999084472656,17.260000228881836,17.3700008392334,15.30604362487793,513200
2013-12-06,NWS,17.469999313354492,17.610000610351562,17.209999084472656,17.360000610351562,15.297233581542969,1733400
2013-12-06,NWS,17.469999313354492,17.610000610351562,17.209999084472656,17.360000610351562,15.297233581542969,1733400
2013-12-09,NWS,17.360000610351562,17.43000030517578,17.18000030517578,17.360000610351562,15.297233581542969,1985800
2013-12-09,NWS,17.360000610351562,17.43000030517578,17.18000030517578,17.360000610351562,15.297233581542969,1985800
2013-12-10,NWS,17.299999237060547,17.559999465942383,17.100000381469727,17.5,15.420598030090332,937700
2013-12-10,NWS,17.299999237060547,17.559999465942383,17.100000381469727,17.5,15.420598030090332,937700
2013-12-11,NWS,17.450000762939453,17.610000610351562,17.329999923706055,17.469999313354492,15.394160270690918,745800
2013-12-11,NWS,17.450000762939453,17.610000610351562,17.329999923706055,17.469999313354492,15.394160270690918,745800
2013-12-12,NWS,17.389999389648438,17.5,17.309999465942383,17.350000381469727,15.28841781616211,466800
2013-12-12,NWS,17.389999389648438,17.5,17.309999465942383,17.350000381469727,15.28841781616211,466800
2013-12-13,NWS,17.43000030517578,17.549999237060547,17.219999313354492,17.5,15.420598030090332,643300
2013-12-13,NWS,17.43000030517578,17.549999237060547,17.219999313354492,17.5,15.420598030090332,643300
2013-12-16,NWS,17.43000030517578,17.649999618530273,17.3799991607666,17.6299991607666,15.53514575958252,718700
2013-12-16,NWS,17.43000030517578,17.649999618530273,17.3799991607666,17.6299991607666,15.53514575958252,718700
2013-12-17,NWS,17.31999969482422,17.3799991607666,17.020000457763672,17.209999084472656,15.165053367614746,800900
2013-12-17,NWS,17.31999969482422,17.3799991607666,17.020000457763672,17.209999084472656,15.165053367614746,800900
2013-12-18,NWS,17.290000915527344,17.399999618530273,16.950000762939453,17.350000381469727,15.28841781616211,531000
2013-12-18,NWS,17.290000915527344,17.399999618530273,16.950000762939453,17.350000381469727,15.28841781616211,531000
2013-12-19,NWS,17.270000457763672,17.309999465942383,17.049999237060547,17.209999084472656,15.165053367614746,386800
2013-12-19,NWS,17.270000457763672,17.309999465942383,17.049999237060547,17.209999084472656,15.165053367614746,386800
2013-12-20,NWS,17.280000686645508,17.780000686645508,17.280000686645508,17.579999923706055,15.491089820861816,565100
2013-12-20,NWS,17.280000686645508,17.780000686645508,17.280000686645508,17.579999923706055,15.491089820861816,565100
2013-12-23,NWS,17.600000381469727,17.829999923706055,17.56999969482422,17.780000686645508,15.667325973510742,395900
2013-12-23,NWS,17.600000381469727,17.829999923706055,17.56999969482422,17.780000686645508,15.667325973510742,395900
2013-12-24,NWS,17.799999237060547,17.899999618530273,17.6299991607666,17.81999969482422,15.702571868896484,87700
2013-12-24,NWS,17.799999237060547,17.899999618530273,17.6299991607666,17.81999969482422,15.702571868896484,87700
2013-12-26,NWS,17.84000015258789,17.950000762939453,17.579999923706055,17.700000762939453,15.596829414367676,240200
2013-12-26,NWS,17.84000015258789,17.950000762939453,17.579999923706055,17.700000762939453,15.596829414367676,240200
2013-12-27,NWS,17.65999984741211,17.700000762939453,17.459999084472656,17.68000030517578,15.57920742034912,319700
2013-12-27,NWS,17.65999984741211,17.700000762939453,17.459999084472656,17.68000030517578,15.57920742034912,319700
2013-12-30,NWS,17.68000030517578,17.829999923706055,17.600000381469727,17.75,15.640891075134276,308400
2013-12-30,NWS,17.68000030517578,17.829999923706055,17.600000381469727,17.75,15.640891075134276,308400
2013-12-31,NWS,17.6299991607666,17.920000076293945,17.6299991607666,17.829999923706055,15.711381912231444,297100
2013-12-31,NWS,17.6299991607666,17.920000076293945,17.6299991607666,17.829999923706055,15.711381912231444,297100
2014-01-02,NWS,17.84000015258789,18.030000686645508,17.760000228881836,17.889999389648438,15.76425552368164,758500
2014-01-02,NWS,17.84000015258789,18.030000686645508,17.760000228881836,17.889999389648438,15.76425552368164,758500
2014-01-03,NWS,17.950000762939453,17.950000762939453,17.6200008392334,17.729999542236328,15.623262405395508,431600
2014-01-03,NWS,17.950000762939453,17.950000762939453,17.6200008392334,17.729999542236328,15.623262405395508,431600
2014-01-06,NWS,17.81999969482422,17.8700008392334,17.43000030517578,17.549999237060547,15.464656829833984,620000
2014-01-06,NWS,17.81999969482422,17.8700008392334,17.43000030517578,17.549999237060547,15.464656829833984,620000
2014-01-07,NWS,17.510000228881836,17.549999237060547,17.219999313354492,17.31999969482422,15.26198387145996,1174400
2014-01-07,NWS,17.510000228881836,17.549999237060547,17.219999313354492,17.31999969482422,15.26198387145996,1174400
2014-01-08,NWS,17.260000228881836,17.329999923706055,17.06999969482422,17.239999771118164,15.191490173339844,630300
2014-01-08,NWS,17.260000228881836,17.329999923706055,17.06999969482422,17.239999771118164,15.191490173339844,630300
2014-01-09,NWS,17.329999923706055,17.469999313354492,17.200000762939453,17.299999237060547,15.24436092376709,594200
2014-01-09,NWS,17.329999923706055,17.469999313354492,17.200000762939453,17.299999237060547,15.24436092376709,594200
2014-01-10,NWS,17.280000686645508,17.40999984741211,17.229999542236328,17.34000015258789,15.2796049118042,303800
2014-01-10,NWS,17.280000686645508,17.40999984741211,17.229999542236328,17.34000015258789,15.2796049118042,303800
2014-01-13,NWS,17.280000686645508,17.3700008392334,17.030000686645508,17.079999923706055,15.05050277709961,458200
2014-01-13,NWS,17.280000686645508,17.3700008392334,17.030000686645508,17.079999923706055,15.05050277709961,458200
2014-01-14,NWS,17.079999923706055,17.290000915527344,17.079999923706055,17.239999771118164,15.191490173339844,594200
2014-01-14,NWS,17.079999923706055,17.290000915527344,17.079999923706055,17.239999771118164,15.191490173339844,594200
2014-01-15,NWS,17.25,17.25,17.09000015258789,17.149999618530273,15.1121826171875,480300
2014-01-15,NWS,17.25,17.25,17.09000015258789,17.149999618530273,15.1121826171875,480300
2014-01-16,NWS,17.059999465942383,17.170000076293945,16.989999771118164,17.040000915527344,15.0152587890625,506000
2014-01-16,NWS,17.059999465942383,17.170000076293945,16.989999771118164,17.040000915527344,15.0152587890625,506000
2014-01-17,NWS,16.959999084472656,17.079999923706055,16.8799991607666,17.020000457763672,14.99763011932373,813400
2014-01-17,NWS,16.959999084472656,17.079999923706055,16.8799991607666,17.020000457763672,14.99763011932373,813400
2014-01-21,NWS,17.1200008392334,17.1200008392334,16.65999984741211,16.760000228881836,14.768525123596191,885900
2014-01-21,NWS,17.1200008392334,17.1200008392334,16.65999984741211,16.760000228881836,14.768525123596191,885900
2014-01-22,NWS,16.739999771118164,17.010000228881836,16.56999969482422,16.670000076293945,14.689215660095217,644100
2014-01-22,NWS,16.739999771118164,17.010000228881836,16.56999969482422,16.670000076293945,14.689215660095217,644100
2014-01-23,NWS,16.579999923706055,16.579999923706055,16.389999389648438,16.549999237060547,14.58347511291504,372700
2014-01-23,NWS,16.579999923706055,16.579999923706055,16.389999389648438,16.549999237060547,14.58347511291504,372700
2014-01-24,NWS,16.399999618530273,16.729999542236328,16.059999465942383,16.149999618530273,14.231005668640137,838800
2014-01-24,NWS,16.399999618530273,16.729999542236328,16.059999465942383,16.149999618530273,14.231005668640137,838800
2014-01-27,NWS,16.139999389648438,16.520000457763672,16.049999237060547,16.149999618530273,14.231005668640137,3012700
2014-01-27,NWS,16.139999389648438,16.520000457763672,16.049999237060547,16.149999618530273,14.231005668640137,3012700
2014-01-28,NWS,16.100000381469727,16.270000457763672,16.0,16.010000228881836,14.10764217376709,1214600
2014-01-28,NWS,16.100000381469727,16.270000457763672,16.0,16.010000228881836,14.10764217376709,1214600
2014-01-29,NWS,15.859999656677246,16.020000457763672,15.800000190734863,15.920000076293944,14.028334617614746,1283200
2014-01-29,NWS,15.859999656677246,16.020000457763672,15.800000190734863,15.920000076293944,14.028334617614746,1283200
2014-01-30,NWS,16.049999237060547,16.049999237060547,15.75,15.800000190734863,13.92259407043457,1937300
2014-01-30,NWS,16.049999237060547,16.049999237060547,15.75,15.800000190734863,13.92259407043457,1937300
2014-01-31,NWS,15.630000114440918,15.81999969482422,15.579999923706056,15.609999656677246,13.755169868469238,783600
2014-01-31,NWS,15.630000114440918,15.81999969482422,15.579999923706056,15.609999656677246,13.755169868469238,783600
2014-02-03,NWS,15.550000190734863,15.729999542236328,15.0600004196167,15.06999969482422,13.27933406829834,1966600
2014-02-03,NWS,15.550000190734863,15.729999542236328,15.0600004196167,15.06999969482422,13.27933406829834,1966600
2014-02-04,NWS,15.18000030517578,15.359999656677246,15.0,15.06999969482422,13.27933406829834,4492500
2014-02-04,NWS,15.18000030517578,15.359999656677246,15.0,15.06999969482422,13.27933406829834,4492500
2014-02-05,NWS,15.199999809265137,15.489999771118164,15.119999885559082,15.3100004196167,13.490821838378906,2498300
2014-02-05,NWS,15.199999809265137,15.489999771118164,15.119999885559082,15.3100004196167,13.490821838378906,2498300
2014-02-06,NWS,15.399999618530272,15.739999771118164,15.18000030517578,15.65999984741211,13.79922866821289,1457800
2014-02-06,NWS,15.399999618530272,15.739999771118164,15.18000030517578,15.65999984741211,13.79922866821289,1457800
2014-02-07,NWS,16.5,17.5,16.5,17.0,14.980009078979492,1909400
2014-02-07,NWS,16.5,17.5,16.5,17.0,14.980009078979492,1909400
2014-02-10,NWS,17.059999465942383,17.190000534057617,16.729999542236328,17.149999618530273,15.1121826171875,920700
2014-02-10,NWS,17.059999465942383,17.190000534057617,16.729999542236328,17.149999618530273,15.1121826171875,920700
2014-02-11,NWS,17.139999389648438,17.549999237060547,17.079999923706055,17.5,15.420598030090332,1025800
2014-02-11,NWS,17.139999389648438,17.549999237060547,17.079999923706055,17.5,15.420598030090332,1025800
2014-02-12,NWS,17.450000762939453,17.579999923706055,17.239999771118164,17.299999237060547,15.24436092376709,443800
2014-02-12,NWS,17.450000762939453,17.579999923706055,17.239999771118164,17.299999237060547,15.24436092376709,443800
2014-02-13,NWS,17.260000228881836,17.389999389648438,17.020000457763672,17.260000228881836,15.209114074707031,540100
2014-02-13,NWS,17.260000228881836,17.389999389648438,17.020000457763672,17.260000228881836,15.209114074707031,540100
2014-02-14,NWS,17.18000030517578,17.389999389648438,17.110000610351562,17.219999313354492,15.17386531829834,637900
2014-02-14,NWS,17.18000030517578,17.389999389648438,17.110000610351562,17.219999313354492,15.17386531829834,637900
2014-02-18,NWS,17.280000686645508,17.3799991607666,17.06999969482422,17.290000915527344,15.235551834106444,1097700
2014-02-18,NWS,17.280000686645508,17.3799991607666,17.06999969482422,17.290000915527344,15.235551834106444,1097700
2014-02-19,NWS,17.420000076293945,17.520000457763672,17.200000762939453,17.25,15.200299263000488,879700
2014-02-19,NWS,17.420000076293945,17.520000457763672,17.200000762939453,17.25,15.200299263000488,879700
2014-02-20,NWS,17.280000686645508,17.280000686645508,16.969999313354492,17.110000610351562,15.076936721801758,448100
2014-02-20,NWS,17.280000686645508,17.280000686645508,16.969999313354492,17.110000610351562,15.076936721801758,448100
2014-02-21,NWS,17.079999923706055,17.309999465942383,17.010000228881836,17.219999313354492,15.17386531829834,725200
2014-02-21,NWS,17.079999923706055,17.309999465942383,17.010000228881836,17.219999313354492,15.17386531829834,725200
2014-02-24,NWS,17.219999313354492,17.6200008392334,17.219999313354492,17.5,15.420598030090332,811600
2014-02-24,NWS,17.219999313354492,17.6200008392334,17.219999313354492,17.5,15.420598030090332,811600
2014-02-25,NWS,17.579999923706055,17.709999084472656,17.579999923706055,17.6200008392334,15.526339530944824,1054800
2014-02-25,NWS,17.579999923706055,17.709999084472656,17.579999923706055,17.6200008392334,15.526339530944824,1054800
2014-02-26,NWS,17.709999084472656,17.729999542236328,17.510000228881836,17.59000015258789,15.49989891052246,860700
2014-02-26,NWS,17.709999084472656,17.729999542236328,17.510000228881836,17.59000015258789,15.49989891052246,860700
2014-02-27,NWS,17.559999465942383,17.68000030517578,17.489999771118164,17.65999984741211,15.5615816116333,550400
2014-02-27,NWS,17.559999465942383,17.68000030517578,17.489999771118164,17.65999984741211,15.5615816116333,550400
2014-02-28,NWS,17.700000762939453,17.969999313354492,17.510000228881836,17.889999389648438,15.76425552368164,662200
2014-02-28,NWS,17.700000762939453,17.969999313354492,17.510000228881836,17.889999389648438,15.76425552368164,662200
2014-03-03,NWS,17.709999084472656,17.889999389648438,17.510000228881836,17.700000762939453,15.596829414367676,654400
2014-03-03,NWS,17.709999084472656,17.889999389648438,17.510000228881836,17.700000762939453,15.596829414367676,654400
2014-03-04,NWS,17.81999969482422,17.940000534057617,17.790000915527344,17.889999389648438,15.76425552368164,638300
2014-03-04,NWS,17.81999969482422,17.940000534057617,17.790000915527344,17.889999389648438,15.76425552368164,638300
2014-03-05,NWS,17.850000381469727,18.020000457763672,17.700000762939453,17.889999389648438,15.76425552368164,541000
2014-03-05,NWS,17.850000381469727,18.020000457763672,17.700000762939453,17.889999389648438,15.76425552368164,541000
2014-03-06,NWS,17.860000610351562,18.010000228881836,17.75,17.860000610351562,15.737818717956545,321800
2014-03-06,NWS,17.860000610351562,18.010000228881836,17.75,17.860000610351562,15.737818717956545,321800
2014-03-07,NWS,17.979999542236328,17.979999542236328,17.469999313354492,17.540000915527344,15.455843925476074,391800
2014-03-07,NWS,17.979999542236328,17.979999542236328,17.469999313354492,17.540000915527344,15.455843925476074,391800
2014-03-10,NWS,17.639999389648438,17.639999389648438,17.329999923706055,17.479999542236328,15.40297508239746,586700
2014-03-10,NWS,17.639999389648438,17.639999389648438,17.329999923706055,17.479999542236328,15.40297508239746,586700
2014-03-11,NWS,17.479999542236328,17.520000457763672,17.290000915527344,17.3700008392334,15.30604362487793,853700
2014-03-11,NWS,17.479999542236328,17.520000457763672,17.290000915527344,17.3700008392334,15.30604362487793,853700
2014-03-12,NWS,17.329999923706055,17.59000015258789,17.100000381469727,17.5,15.420598030090332,687000
2014-03-12,NWS,17.329999923706055,17.59000015258789,17.100000381469727,17.5,15.420598030090332,687000
2014-03-13,NWS,17.610000610351562,17.610000610351562,17.030000686645508,17.06999969482422,15.041690826416016,516200
2014-03-13,NWS,17.610000610351562,17.610000610351562,17.030000686645508,17.06999969482422,15.041690826416016,516200
2014-03-14,NWS,16.979999542236328,17.200000762939453,16.950000762939453,17.049999237060547,15.024065017700195,805000
2014-03-14,NWS,16.979999542236328,17.200000762939453,16.950000762939453,17.049999237060547,15.024065017700195,805000
2014-03-17,NWS,17.149999618530273,17.25,16.90999984741211,17.079999923706055,15.05050277709961,652900
2014-03-17,NWS,17.149999618530273,17.25,16.90999984741211,17.079999923706055,15.05050277709961,652900
2014-03-18,NWS,17.06999969482422,17.43000030517578,17.049999237060547,17.350000381469727,15.28841781616211,780800
2014-03-18,NWS,17.06999969482422,17.43000030517578,17.049999237060547,17.350000381469727,15.28841781616211,780800
2014-03-19,NWS,17.31999969482422,17.40999984741211,17.1200008392334,17.239999771118164,15.191490173339844,763700
2014-03-19,NWS,17.31999969482422,17.40999984741211,17.1200008392334,17.239999771118164,15.191490173339844,763700
2014-03-20,NWS,17.139999389648438,17.229999542236328,16.969999313354492,17.110000610351562,15.076936721801758,475200
2014-03-20,NWS,17.139999389648438,17.229999542236328,16.969999313354492,17.110000610351562,15.076936721801758,475200
2014-03-21,NWS,17.110000610351562,17.260000228881836,16.860000610351562,17.010000228881836,14.988819122314451,1579000
2014-03-21,NWS,17.110000610351562,17.260000228881836,16.860000610351562,17.010000228881836,14.988819122314451,1579000
2014-03-24,NWS,17.100000381469727,17.219999313354492,16.90999984741211,16.959999084472656,14.944758415222168,457500
2014-03-24,NWS,17.100000381469727,17.219999313354492,16.90999984741211,16.959999084472656,14.944758415222168,457500
2014-03-25,NWS,17.0,17.1200008392334,16.760000228881836,16.84000015258789,14.839016914367676,193300
2014-03-25,NWS,17.0,17.1200008392334,16.760000228881836,16.84000015258789,14.839016914367676,193300
2014-03-26,NWS,16.850000381469727,16.8700008392334,16.510000228881836,16.520000457763672,14.557042121887209,617700
2014-03-26,NWS,16.850000381469727,16.8700008392334,16.510000228881836,16.520000457763672,14.557042121887209,617700
2014-03-27,NWS,16.440000534057617,16.690000534057617,16.440000534057617,16.5,14.539420127868652,441900
2014-03-27,NWS,16.440000534057617,16.690000534057617,16.440000534057617,16.5,14.539420127868652,441900
2014-03-28,NWS,16.59000015258789,16.760000228881836,16.489999771118164,16.540000915527344,14.574664115905762,220100
2014-03-28,NWS,16.59000015258789,16.760000228881836,16.489999771118164,16.540000915527344,14.574664115905762,220100
2014-03-31,NWS,16.56999969482422,16.729999542236328,16.5,16.700000762939453,14.715652465820312,238600
2014-03-31,NWS,16.56999969482422,16.729999542236328,16.5,16.700000762939453,14.715652465820312,238600
2014-04-01,NWS,16.68000030517578,16.979999542236328,16.65999984741211,16.93000030517578,14.91832447052002,530400
2014-04-01,NWS,16.68000030517578,16.979999542236328,16.65999984741211,16.93000030517578,14.91832447052002,530400
2014-04-02,NWS,16.8799991607666,16.989999771118164,16.799999237060547,16.950000762939453,14.93595027923584,364900
2014-04-02,NWS,16.8799991607666,16.989999771118164,16.799999237060547,16.950000762939453,14.93595027923584,364900
2014-04-03,NWS,16.950000762939453,17.020000457763672,16.65999984741211,16.690000534057617,14.706842422485352,761700
2014-04-03,NWS,16.950000762939453,17.020000457763672,16.65999984741211,16.690000534057617,14.706842422485352,761700
2014-04-04,NWS,16.65999984741211,17.06999969482422,16.65999984741211,16.709999084472656,14.72446632385254,784300
2014-04-04,NWS,16.65999984741211,17.06999969482422,16.65999984741211,16.709999084472656,14.72446632385254,784300
2014-04-07,NWS,16.649999618530273,16.920000076293945,16.56999969482422,16.729999542236328,14.742088317871094,599300
2014-04-07,NWS,16.649999618530273,16.920000076293945,16.56999969482422,16.729999542236328,14.742088317871094,599300
2014-04-08,NWS,16.690000534057617,16.989999771118164,16.56999969482422,16.649999618530273,14.671594619750977,294200
2014-04-08,NWS,16.690000534057617,16.989999771118164,16.56999969482422,16.649999618530273,14.671594619750977,294200
2014-04-09,NWS,16.690000534057617,16.920000076293945,16.6299991607666,16.81999969482422,14.821393966674805,229600
2014-04-09,NWS,16.690000534057617,16.920000076293945,16.6299991607666,16.81999969482422,14.821393966674805,229600
2014-04-10,NWS,16.780000686645508,16.93000030517578,16.459999084472656,16.479999542236328,14.521796226501465,354300
2014-04-10,NWS,16.780000686645508,16.93000030517578,16.459999084472656,16.479999542236328,14.521796226501465,354300
2014-04-11,NWS,16.360000610351562,16.579999923706055,16.110000610351562,16.260000228881836,14.327937126159668,587600
2014-04-11,NWS,16.360000610351562,16.579999923706055,16.110000610351562,16.260000228881836,14.327937126159668,587600
2014-04-14,NWS,16.420000076293945,16.479999542236328,16.18000030517578,16.399999618530273,14.451300621032717,327900
2014-04-14,NWS,16.420000076293945,16.479999542236328,16.18000030517578,16.399999618530273,14.451300621032717,327900
2014-04-15,NWS,16.479999542236328,16.479999542236328,15.979999542236328,16.290000915527344,14.354371070861816,361100
2014-04-15,NWS,16.479999542236328,16.479999542236328,15.979999542236328,16.290000915527344,14.354371070861816,361100
2014-04-16,NWS,16.420000076293945,16.559999465942383,16.299999237060547,16.40999984741211,14.460110664367676,266900
2014-04-16,NWS,16.420000076293945,16.559999465942383,16.299999237060547,16.40999984741211,14.460110664367676,266900
2014-04-17,NWS,16.43000030517578,16.59000015258789,16.350000381469727,16.469999313354492,14.512983322143556,168200
2014-04-17,NWS,16.43000030517578,16.59000015258789,16.350000381469727,16.469999313354492,14.512983322143556,168200
2014-04-21,NWS,16.5,16.65999984741211,16.200000762939453,16.65999984741211,14.680407524108888,516300
2014-04-21,NWS,16.5,16.65999984741211,16.200000762939453,16.65999984741211,14.680407524108888,516300
2014-04-22,NWS,16.600000381469727,16.790000915527344,16.520000457763672,16.760000228881836,14.768525123596191,665100
2014-04-22,NWS,16.600000381469727,16.790000915527344,16.520000457763672,16.760000228881836,14.768525123596191,665100
2014-04-23,NWS,16.799999237060547,16.93000030517578,16.760000228881836,16.920000076293945,14.909516334533691,316300
2014-04-23,NWS,16.799999237060547,16.93000030517578,16.760000228881836,16.920000076293945,14.909516334533691,316300
2014-04-24,NWS,17.0,17.0,16.729999542236328,16.950000762939453,14.93595027923584,434400
2014-04-24,NWS,17.0,17.0,16.729999542236328,16.950000762939453,14.93595027923584,434400
2014-04-25,NWS,16.959999084472656,16.959999084472656,16.760000228881836,16.780000686645508,14.786149978637695,337600
2014-04-25,NWS,16.959999084472656,16.959999084472656,16.760000228881836,16.780000686645508,14.786149978637695,337600
2014-04-28,NWS,16.799999237060547,16.920000076293945,16.530000686645508,16.780000686645508,14.786149978637695,613500
2014-04-28,NWS,16.799999237060547,16.920000076293945,16.530000686645508,16.780000686645508,14.786149978637695,613500
2014-04-29,NWS,16.799999237060547,17.059999465942383,16.729999542236328,16.809999465942383,14.812581062316896,694500
2014-04-29,NWS,16.799999237060547,17.059999465942383,16.729999542236328,16.809999465942383,14.812581062316896,694500
2014-04-30,NWS,16.809999465942383,16.809999465942383,16.34000015258789,16.540000915527344,14.574664115905762,1150200
2014-04-30,NWS,16.809999465942383,16.809999465942383,16.34000015258789,16.540000915527344,14.574664115905762,1150200
2014-05-01,NWS,16.600000381469727,16.8700008392334,16.579999923706055,16.760000228881836,14.768525123596191,592000
2014-05-01,NWS,16.600000381469727,16.8700008392334,16.579999923706055,16.760000228881836,14.768525123596191,592000
2014-05-02,NWS,16.790000915527344,16.959999084472656,16.700000762939453,16.829999923706055,14.830202102661133,607200
2014-05-02,NWS,16.790000915527344,16.959999084472656,16.700000762939453,16.829999923706055,14.830202102661133,607200
2014-05-05,NWS,16.68000030517578,16.920000076293945,16.670000076293945,16.84000015258789,14.839016914367676,611000
2014-05-05,NWS,16.68000030517578,16.920000076293945,16.670000076293945,16.84000015258789,14.839016914367676,611000
2014-05-06,NWS,16.780000686645508,16.799999237060547,16.6299991607666,16.649999618530273,14.671594619750977,478800
2014-05-06,NWS,16.780000686645508,16.799999237060547,16.6299991607666,16.649999618530273,14.671594619750977,478800
2014-05-07,NWS,16.739999771118164,16.739999771118164,16.420000076293945,16.540000915527344,14.574664115905762,603500
2014-05-07,NWS,16.739999771118164,16.739999771118164,16.420000076293945,16.540000915527344,14.574664115905762,603500
2014-05-08,NWS,16.59000015258789,16.6200008392334,16.350000381469727,16.56999969482422,14.601101875305176,652500
2014-05-08,NWS,16.59000015258789,16.6200008392334,16.350000381469727,16.56999969482422,14.601101875305176,652500
2014-05-09,NWS,16.729999542236328,17.43000030517578,16.729999542236328,17.399999618530273,15.332478523254396,1558900
2014-05-09,NWS,16.729999542236328,17.43000030517578,16.729999542236328,17.399999618530273,15.332478523254396,1558900
2014-05-12,NWS,17.420000076293945,17.649999618530273,17.31999969482422,17.450000762939453,15.376537322998049,936600
2014-05-12,NWS,17.420000076293945,17.649999618530273,17.31999969482422,17.450000762939453,15.376537322998049,936600
2014-05-13,NWS,17.450000762939453,17.489999771118164,17.200000762939453,17.309999465942383,15.253169059753418,559500
2014-05-13,NWS,17.450000762939453,17.489999771118164,17.200000762939453,17.309999465942383,15.253169059753418,559500
2014-05-14,NWS,17.219999313354492,17.290000915527344,16.799999237060547,16.809999465942383,14.812581062316896,824100
2014-05-14,NWS,17.219999313354492,17.290000915527344,16.799999237060547,16.809999465942383,14.812581062316896,824100
2014-05-15,NWS,16.81999969482422,16.81999969482422,16.520000457763672,16.559999465942383,14.592289924621582,583700
2014-05-15,NWS,16.81999969482422,16.81999969482422,16.520000457763672,16.559999465942383,14.592289924621582,583700
2014-05-16,NWS,16.6299991607666,16.729999542236328,16.31999969482422,16.700000762939453,14.715652465820312,379900
2014-05-16,NWS,16.6299991607666,16.729999542236328,16.31999969482422,16.700000762939453,14.715652465820312,379900
2014-05-19,NWS,16.700000762939453,16.799999237060547,16.579999923706055,16.670000076293945,14.689215660095217,164500
2014-05-19,NWS,16.700000762939453,16.799999237060547,16.579999923706055,16.670000076293945,14.689215660095217,164500
2014-05-20,NWS,16.610000610351562,16.610000610351562,16.350000381469727,16.43000030517578,14.477738380432127,774400
2014-05-20,NWS,16.610000610351562,16.610000610351562,16.350000381469727,16.43000030517578,14.477738380432127,774400
2014-05-21,NWS,16.479999542236328,16.670000076293945,16.3799991607666,16.5,14.539420127868652,431200
2014-05-21,NWS,16.479999542236328,16.670000076293945,16.3799991607666,16.5,14.539420127868652,431200
2014-05-22,NWS,16.510000228881836,16.770000457763672,16.40999984741211,16.770000457763672,14.777336120605469,377400
2014-05-22,NWS,16.510000228881836,16.770000457763672,16.40999984741211,16.770000457763672,14.777336120605469,377400
2014-05-23,NWS,16.850000381469727,16.850000381469727,16.579999923706055,16.739999771118164,14.75090217590332,431300
2014-05-23,NWS,16.850000381469727,16.850000381469727,16.579999923706055,16.739999771118164,14.75090217590332,431300
2014-05-27,NWS,16.760000228881836,16.8799991607666,16.690000534057617,16.860000610351562,14.856643676757812,317400
2014-05-27,NWS,16.760000228881836,16.8799991607666,16.690000534057617,16.860000610351562,14.856643676757812,317400
2014-05-28,NWS,16.889999389648438,16.889999389648438,16.649999618530273,16.709999084472656,14.72446632385254,310200
2014-05-28,NWS,16.889999389648438,16.889999389648438,16.649999618530273,16.709999084472656,14.72446632385254,310200
2014-05-29,NWS,16.709999084472656,16.719999313354492,16.549999237060547,16.639999389648438,14.662782669067385,394200
2014-05-29,NWS,16.709999084472656,16.719999313354492,16.549999237060547,16.639999389648438,14.662782669067385,394200
2014-05-30,NWS,16.6299991607666,16.719999313354492,16.559999465942383,16.59000015258789,14.618724822998049,336200
2014-05-30,NWS,16.6299991607666,16.719999313354492,16.559999465942383,16.59000015258789,14.618724822998049,336200
2014-06-02,NWS,16.649999618530273,16.81999969482422,16.56999969482422,16.780000686645508,14.786149978637695,1075200
2014-06-02,NWS,16.649999618530273,16.81999969482422,16.56999969482422,16.780000686645508,14.786149978637695,1075200
2014-06-03,NWS,16.799999237060547,17.030000686645508,16.729999542236328,16.920000076293945,14.909516334533691,598200
2014-06-03,NWS,16.799999237060547,17.030000686645508,16.729999542236328,16.920000076293945,14.909516334533691,598200
2014-06-04,NWS,16.93000030517578,17.15999984741211,16.8799991607666,17.010000228881836,14.988819122314451,321200
2014-06-04,NWS,16.93000030517578,17.15999984741211,16.8799991607666,17.010000228881836,14.988819122314451,321200
2014-06-05,NWS,17.079999923706055,17.270000457763672,16.8799991607666,17.270000457763672,15.217928886413574,568500
2014-06-05,NWS,17.079999923706055,17.270000457763672,16.8799991607666,17.270000457763672,15.217928886413574,568500
2014-06-06,NWS,17.280000686645508,17.440000534057617,17.170000076293945,17.270000457763672,15.217928886413574,731000
2014-06-06,NWS,17.280000686645508,17.440000534057617,17.170000076293945,17.270000457763672,15.217928886413574,731000
2014-06-09,NWS,17.229999542236328,17.520000457763672,17.18000030517578,17.25,15.200299263000488,441000
2014-06-09,NWS,17.229999542236328,17.520000457763672,17.18000030517578,17.25,15.200299263000488,441000
2014-06-10,NWS,17.200000762939453,17.290000915527344,17.06999969482422,17.18000030517578,15.138620376586914,396000
2014-06-10,NWS,17.200000762939453,17.290000915527344,17.06999969482422,17.18000030517578,15.138620376586914,396000
2014-06-11,NWS,17.149999618530273,17.270000457763672,17.049999237060547,17.170000076293945,15.129807472229004,524600
2014-06-11,NWS,17.149999618530273,17.270000457763672,17.049999237060547,17.170000076293945,15.129807472229004,524600
2014-06-12,NWS,17.06999969482422,17.06999969482422,16.84000015258789,16.850000381469727,14.847830772399902,611700
2014-06-12,NWS,17.06999969482422,17.06999969482422,16.84000015258789,16.850000381469727,14.847830772399902,611700
2014-06-13,NWS,16.90999984741211,16.90999984741211,16.639999389648438,16.729999542236328,14.742088317871094,343200
2014-06-13,NWS,16.90999984741211,16.90999984741211,16.639999389648438,16.729999542236328,14.742088317871094,343200
2014-06-16,NWS,16.639999389648438,16.739999771118164,16.43000030517578,16.729999542236328,14.742088317871094,827600
2014-06-16,NWS,16.639999389648438,16.739999771118164,16.43000030517578,16.729999542236328,14.742088317871094,827600
2014-06-17,NWS,16.75,16.8700008392334,16.579999923706055,16.809999465942383,14.812581062316896,404500
2014-06-17,NWS,16.75,16.8700008392334,16.579999923706055,16.809999465942383,14.812581062316896,404500
2014-06-18,NWS,16.760000228881836,17.09000015258789,16.739999771118164,17.06999969482422,15.041690826416016,730300
2014-06-18,NWS,16.760000228881836,17.09000015258789,16.739999771118164,17.06999969482422,15.041690826416016,730300
2014-06-19,NWS,17.15999984741211,17.18000030517578,16.770000457763672,17.15999984741211,15.120997428894045,538400
2014-06-19,NWS,17.15999984741211,17.18000030517578,16.770000457763672,17.15999984741211,15.120997428894045,538400
2014-06-20,NWS,17.1299991607666,17.299999237060547,16.850000381469727,17.110000610351562,15.076936721801758,625700
2014-06-20,NWS,17.1299991607666,17.299999237060547,16.850000381469727,17.110000610351562,15.076936721801758,625700
2014-06-23,NWS,17.040000915527344,17.139999389648438,16.770000457763672,16.84000015258789,14.839016914367676,469300
2014-06-23,NWS,17.040000915527344,17.139999389648438,16.770000457763672,16.84000015258789,14.839016914367676,469300
2014-06-24,NWS,16.84000015258789,17.1299991607666,16.84000015258789,17.0,14.980009078979492,662400
2014-06-24,NWS,16.84000015258789,17.1299991607666,16.84000015258789,17.0,14.980009078979492,662400
2014-06-25,NWS,17.0,17.270000457763672,16.899999618530273,17.200000762939453,15.156240463256836,652000
2014-06-25,NWS,17.0,17.270000457763672,16.899999618530273,17.200000762939453,15.156240463256836,652000
2014-06-26,NWS,17.270000457763672,17.540000915527344,17.040000915527344,17.540000915527344,15.455843925476074,1889500
2014-06-26,NWS,17.270000457763672,17.540000915527344,17.040000915527344,17.540000915527344,15.455843925476074,1889500
2014-06-27,NWS,17.440000534057617,17.600000381469727,17.350000381469727,17.549999237060547,15.464656829833984,1241700
2014-06-27,NWS,17.440000534057617,17.600000381469727,17.350000381469727,17.549999237060547,15.464656829833984,1241700
2014-06-30,NWS,17.5,17.610000610351562,17.3799991607666,17.450000762939453,15.376537322998049,1063100
2014-06-30,NWS,17.5,17.610000610351562,17.3799991607666,17.450000762939453,15.376537322998049,1063100
2014-07-01,NWS,17.450000762939453,17.670000076293945,17.440000534057617,17.600000381469727,15.50871467590332,687600
2014-07-01,NWS,17.450000762939453,17.670000076293945,17.440000534057617,17.600000381469727,15.50871467590332,687600
2014-07-02,NWS,17.549999237060547,17.780000686645508,17.469999313354492,17.719999313354492,15.614452362060549,550600
2014-07-02,NWS,17.549999237060547,17.780000686645508,17.469999313354492,17.719999313354492,15.614452362060549,550600
2014-07-03,NWS,17.770000457763672,17.81999969482422,17.68000030517578,17.770000457763672,15.658514022827148,293200
2014-07-03,NWS,17.770000457763672,17.81999969482422,17.68000030517578,17.770000457763672,15.658514022827148,293200
2014-07-07,NWS,17.770000457763672,17.770000457763672,17.559999465942383,17.6299991607666,15.53514575958252,789200
2014-07-07,NWS,17.770000457763672,17.770000457763672,17.559999465942383,17.6299991607666,15.53514575958252,789200
2014-07-08,NWS,17.6200008392334,17.670000076293945,17.459999084472656,17.579999923706055,15.491089820861816,1499400
2014-07-08,NWS,17.6200008392334,17.670000076293945,17.459999084472656,17.579999923706055,15.491089820861816,1499400
2014-07-09,NWS,17.639999389648438,17.780000686645508,17.559999465942383,17.670000076293945,15.570394515991213,673400
2014-07-09,NWS,17.639999389648438,17.780000686645508,17.559999465942383,17.670000076293945,15.570394515991213,673400
2014-07-10,NWS,17.510000228881836,17.59000015258789,17.389999389648438,17.510000228881836,15.429405212402344,757700
2014-07-10,NWS,17.510000228881836,17.59000015258789,17.389999389648438,17.510000228881836,15.429405212402344,757700
2014-07-11,NWS,17.520000457763672,17.670000076293945,17.459999084472656,17.559999465942383,15.473467826843262,870000
2014-07-11,NWS,17.520000457763672,17.670000076293945,17.459999084472656,17.559999465942383,15.473467826843262,870000
2014-07-14,NWS,17.709999084472656,17.709999084472656,17.489999771118164,17.59000015258789,15.49989891052246,759800
2014-07-14,NWS,17.709999084472656,17.709999084472656,17.489999771118164,17.59000015258789,15.49989891052246,759800
2014-07-15,NWS,17.6200008392334,17.780000686645508,17.600000381469727,17.65999984741211,15.5615816116333,1359000
2014-07-15,NWS,17.6200008392334,17.780000686645508,17.600000381469727,17.65999984741211,15.5615816116333,1359000
2014-07-16,NWS,17.739999771118164,17.790000915527344,17.56999969482422,17.6299991607666,15.53514575958252,842700
2014-07-16,NWS,17.739999771118164,17.790000915527344,17.56999969482422,17.6299991607666,15.53514575958252,842700
2014-07-17,NWS,17.610000610351562,17.639999389648438,17.459999084472656,17.5,15.420598030090332,711900
2014-07-17,NWS,17.610000610351562,17.639999389648438,17.459999084472656,17.5,15.420598030090332,711900
2014-07-18,NWS,17.540000915527344,17.75,17.489999771118164,17.649999618530273,15.55277156829834,1047400
2014-07-18,NWS,17.540000915527344,17.75,17.489999771118164,17.649999618530273,15.55277156829834,1047400
2014-07-21,NWS,17.6299991607666,17.719999313354492,17.520000457763672,17.540000915527344,15.455843925476074,504700
2014-07-21,NWS,17.6299991607666,17.719999313354492,17.520000457763672,17.540000915527344,15.455843925476074,504700
2014-07-22,NWS,17.6299991607666,17.670000076293945,17.459999084472656,17.510000228881836,15.429405212402344,283800
2014-07-22,NWS,17.6299991607666,17.670000076293945,17.459999084472656,17.510000228881836,15.429405212402344,283800
2014-07-23,NWS,17.469999313354492,17.549999237060547,17.360000610351562,17.549999237060547,15.464656829833984,442200
2014-07-23,NWS,17.469999313354492,17.549999237060547,17.360000610351562,17.549999237060547,15.464656829833984,442200
2014-07-24,NWS,17.510000228881836,17.739999771118164,17.510000228881836,17.729999542236328,15.623262405395508,804600
2014-07-24,NWS,17.510000228881836,17.739999771118164,17.510000228881836,17.729999542236328,15.623262405395508,804600
2014-07-25,NWS,17.700000762939453,17.700000762939453,17.559999465942383,17.610000610351562,15.517525672912598,843400
2014-07-25,NWS,17.700000762939453,17.700000762939453,17.559999465942383,17.610000610351562,15.517525672912598,843400
2014-07-28,NWS,17.56999969482422,17.65999984741211,17.3700008392334,17.489999771118164,15.411784172058104,489200
2014-07-28,NWS,17.56999969482422,17.65999984741211,17.3700008392334,17.489999771118164,15.411784172058104,489200
2014-07-29,NWS,17.479999542236328,17.649999618530273,17.34000015258789,17.389999389648438,15.323662757873535,538300
2014-07-29,NWS,17.479999542236328,17.649999618530273,17.34000015258789,17.389999389648438,15.323662757873535,538300
2014-07-30,NWS,17.420000076293945,17.5,17.280000686645508,17.3799991607666,15.314854621887209,607300
2014-07-30,NWS,17.420000076293945,17.5,17.280000686645508,17.3799991607666,15.314854621887209,607300
2014-07-31,NWS,17.229999542236328,17.440000534057617,17.170000076293945,17.209999084472656,15.165053367614746,729500
2014-07-31,NWS,17.229999542236328,17.440000534057617,17.170000076293945,17.209999084472656,15.165053367614746,729500
2014-08-01,NWS,17.149999618530273,17.399999618530273,17.100000381469727,17.360000610351562,15.297233581542969,384800
2014-08-01,NWS,17.149999618530273,17.399999618530273,17.100000381469727,17.360000610351562,15.297233581542969,384800
2014-08-04,NWS,17.360000610351562,17.43000030517578,17.18000030517578,17.389999389648438,15.323662757873535,432500
2014-08-04,NWS,17.360000610351562,17.43000030517578,17.18000030517578,17.389999389648438,15.323662757873535,432500
2014-08-05,NWS,17.34000015258789,17.34000015258789,17.15999984741211,17.219999313354492,15.17386531829834,867500
2014-08-05,NWS,17.34000015258789,17.34000015258789,17.15999984741211,17.219999313354492,15.17386531829834,867500
2014-08-06,NWS,17.1299991607666,17.190000534057617,17.049999237060547,17.149999618530273,15.1121826171875,724600
2014-08-06,NWS,17.1299991607666,17.190000534057617,17.049999237060547,17.149999618530273,15.1121826171875,724600
2014-08-07,NWS,17.200000762939453,17.260000228881836,16.93000030517578,17.0,14.980009078979492,1064000
2014-08-07,NWS,17.200000762939453,17.260000228881836,16.93000030517578,17.0,14.980009078979492,1064000
2014-08-08,NWS,16.889999389648438,16.889999389648438,16.010000228881836,16.75,14.759716033935549,2848000
2014-08-08,NWS,16.889999389648438,16.889999389648438,16.010000228881836,16.75,14.759716033935549,2848000
2014-08-11,NWS,16.860000610351562,17.030000686645508,16.729999542236328,16.940000534057617,14.92713737487793,711800
2014-08-11,NWS,16.860000610351562,17.030000686645508,16.729999542236328,16.940000534057617,14.92713737487793,711800
2014-08-12,NWS,16.889999389648438,17.059999465942383,16.809999465942383,16.829999923706055,14.830202102661133,697300
2014-08-12,NWS,16.889999389648438,17.059999465942383,16.809999465942383,16.829999923706055,14.830202102661133,697300
2014-08-13,NWS,16.940000534057617,16.940000534057617,16.6299991607666,16.760000228881836,14.768525123596191,653000
2014-08-13,NWS,16.940000534057617,16.940000534057617,16.6299991607666,16.760000228881836,14.768525123596191,653000
2014-08-14,NWS,16.65999984741211,16.979999542236328,16.65999984741211,16.969999313354492,14.953567504882812,1081000
2014-08-14,NWS,16.65999984741211,16.979999542236328,16.65999984741211,16.969999313354492,14.953567504882812,1081000
2014-08-15,NWS,17.049999237060547,17.049999237060547,16.780000686645508,16.809999465942383,14.812581062316896,913200
2014-08-15,NWS,17.049999237060547,17.049999237060547,16.780000686645508,16.809999465942383,14.812581062316896,913200
2014-08-18,NWS,16.940000534057617,17.1299991607666,16.780000686645508,16.84000015258789,14.839016914367676,1182900
2014-08-18,NWS,16.940000534057617,17.1299991607666,16.780000686645508,16.84000015258789,14.839016914367676,1182900
2014-08-19,NWS,16.8799991607666,16.8799991607666,16.700000762939453,16.75,14.759716033935549,290500
2014-08-19,NWS,16.8799991607666,16.8799991607666,16.700000762939453,16.75,14.759716033935549,290500
2014-08-20,NWS,16.700000762939453,17.1299991607666,16.700000762939453,17.09000015258789,15.05931282043457,1115800
2014-08-20,NWS,16.700000762939453,17.1299991607666,16.700000762939453,17.09000015258789,15.05931282043457,1115800
2014-08-21,NWS,17.1200008392334,17.219999313354492,17.030000686645508,17.190000534057617,15.147431373596191,930800
2014-08-21,NWS,17.1200008392334,17.219999313354492,17.030000686645508,17.190000534057617,15.147431373596191,930800
2014-08-22,NWS,17.219999313354492,17.219999313354492,17.040000915527344,17.139999389648438,15.103373527526855,966500
2014-08-22,NWS,17.219999313354492,17.219999313354492,17.040000915527344,17.139999389648438,15.103373527526855,966500
2014-08-25,NWS,17.219999313354492,17.31999969482422,17.100000381469727,17.309999465942383,15.253169059753418,1298000
2014-08-25,NWS,17.219999313354492,17.31999969482422,17.100000381469727,17.309999465942383,15.253169059753418,1298000
2014-08-26,NWS,17.280000686645508,17.309999465942383,17.229999542236328,17.25,15.200299263000488,359300
2014-08-26,NWS,17.280000686645508,17.309999465942383,17.229999542236328,17.25,15.200299263000488,359300
2014-08-27,NWS,17.290000915527344,17.31999969482422,17.190000534057617,17.290000915527344,15.235551834106444,844300
2014-08-27,NWS,17.290000915527344,17.31999969482422,17.190000534057617,17.290000915527344,15.235551834106444,844300
2014-08-28,NWS,17.219999313354492,17.360000610351562,16.989999771118164,17.290000915527344,15.235551834106444,542000
2014-08-28,NWS,17.219999313354492,17.360000610351562,16.989999771118164,17.290000915527344,15.235551834106444,542000
2014-08-29,NWS,17.350000381469727,17.350000381469727,17.15999984741211,17.260000228881836,15.209114074707031,706800
2014-08-29,NWS,17.350000381469727,17.350000381469727,17.15999984741211,17.260000228881836,15.209114074707031,706800
2014-09-02,NWS,17.25,17.34000015258789,17.059999465942383,17.059999465942383,15.032876968383787,1021400
2014-09-02,NWS,17.25,17.34000015258789,17.059999465942383,17.059999465942383,15.032876968383787,1021400
2014-09-03,NWS,17.170000076293945,17.270000457763672,17.170000076293945,17.25,15.200299263000488,1329500
2014-09-03,NWS,17.170000076293945,17.270000457763672,17.170000076293945,17.25,15.200299263000488,1329500
2014-09-04,NWS,17.290000915527344,17.440000534057617,17.239999771118164,17.299999237060547,15.24436092376709,678200
2014-09-04,NWS,17.290000915527344,17.440000534057617,17.239999771118164,17.299999237060547,15.24436092376709,678200
2014-09-05,NWS,17.31999969482422,17.40999984741211,17.25,17.389999389648438,15.323662757873535,605700
2014-09-05,NWS,17.31999969482422,17.40999984741211,17.25,17.389999389648438,15.323662757873535,605700
2014-09-08,NWS,17.309999465942383,17.350000381469727,17.209999084472656,17.260000228881836,15.209114074707031,704800
2014-09-08,NWS,17.309999465942383,17.350000381469727,17.209999084472656,17.260000228881836,15.209114074707031,704800
2014-09-09,NWS,17.209999084472656,17.299999237060547,16.940000534057617,16.969999313354492,14.953567504882812,1540400
2014-09-09,NWS,17.209999084472656,17.299999237060547,16.940000534057617,16.969999313354492,14.953567504882812,1540400
2014-09-10,NWS,16.93000030517578,17.170000076293945,16.8700008392334,17.1200008392334,15.085748672485352,909800
2014-09-10,NWS,16.93000030517578,17.170000076293945,16.8700008392334,17.1200008392334,15.085748672485352,909800
2014-09-11,NWS,17.049999237060547,17.139999389648438,16.93000030517578,16.950000762939453,14.93595027923584,580500
2014-09-11,NWS,17.049999237060547,17.139999389648438,16.93000030517578,16.950000762939453,14.93595027923584,580500
2014-09-12,NWS,16.920000076293945,16.920000076293945,16.719999313354492,16.790000915527344,14.794963836669922,425900
2014-09-12,NWS,16.920000076293945,16.920000076293945,16.719999313354492,16.790000915527344,14.794963836669922,425900
2014-09-15,NWS,16.75,16.809999465942383,16.549999237060547,16.719999313354492,14.733277320861816,362100
2014-09-15,NWS,16.75,16.809999465942383,16.549999237060547,16.719999313354492,14.733277320861816,362100
2014-09-16,NWS,16.649999618530273,16.84000015258789,16.6200008392334,16.709999084472656,14.72446632385254,409100
2014-09-16,NWS,16.649999618530273,16.84000015258789,16.6200008392334,16.709999084472656,14.72446632385254,409100
2014-09-17,NWS,16.709999084472656,16.770000457763672,16.6299991607666,16.670000076293945,14.689215660095217,736200
2014-09-17,NWS,16.709999084472656,16.770000457763672,16.6299991607666,16.670000076293945,14.689215660095217,736200
2014-09-18,NWS,16.670000076293945,16.719999313354492,16.59000015258789,16.690000534057617,14.706842422485352,357100
2014-09-18,NWS,16.670000076293945,16.719999313354492,16.59000015258789,16.690000534057617,14.706842422485352,357100
2014-09-19,NWS,16.700000762939453,16.860000610351562,16.65999984741211,16.84000015258789,14.839016914367676,454600
2014-09-19,NWS,16.700000762939453,16.860000610351562,16.65999984741211,16.84000015258789,14.839016914367676,454600
2014-09-22,NWS,16.760000228881836,16.760000228881836,16.639999389648438,16.68000030517578,14.698028564453123,565500
2014-09-22,NWS,16.760000228881836,16.760000228881836,16.639999389648438,16.68000030517578,14.698028564453123,565500
2014-09-23,NWS,16.649999618530273,16.719999313354492,16.579999923706055,16.65999984741211,14.680407524108888,883300
2014-09-23,NWS,16.649999618530273,16.719999313354492,16.579999923706055,16.65999984741211,14.680407524108888,883300
2014-09-24,NWS,16.6200008392334,16.670000076293945,16.520000457763672,16.6299991607666,14.653968811035156,342800
2014-09-24,NWS,16.6200008392334,16.670000076293945,16.520000457763672,16.6299991607666,14.653968811035156,342800
2014-09-25,NWS,16.559999465942383,16.600000381469727,16.389999389648438,16.420000076293945,14.46892547607422,761200
2014-09-25,NWS,16.559999465942383,16.600000381469727,16.389999389648438,16.420000076293945,14.46892547607422,761200
2014-09-26,NWS,16.440000534057617,16.68000030517578,16.389999389648438,16.6299991607666,14.653968811035156,410800
2014-09-26,NWS,16.440000534057617,16.68000030517578,16.389999389648438,16.6299991607666,14.653968811035156,410800
2014-09-29,NWS,16.489999771118164,16.610000610351562,16.40999984741211,16.5,14.539420127868652,1847000
2014-09-29,NWS,16.489999771118164,16.610000610351562,16.40999984741211,16.5,14.539420127868652,1847000
2014-09-30,NWS,16.43000030517578,16.43000030517578,16.06999969482422,16.1299991607666,14.213382720947266,1591400
2014-09-30,NWS,16.43000030517578,16.43000030517578,16.06999969482422,16.1299991607666,14.213382720947266,1591400
2014-10-01,NWS,16.059999465942383,16.100000381469727,15.760000228881836,15.81999969482422,13.940218925476074,1413100
2014-10-01,NWS,16.059999465942383,16.100000381469727,15.760000228881836,15.81999969482422,13.940218925476074,1413100
2014-10-02,NWS,15.75,15.9399995803833,15.529999732971191,15.649999618530272,13.790416717529297,833600
2014-10-02,NWS,15.75,15.9399995803833,15.529999732971191,15.649999618530272,13.790416717529297,833600
2014-10-03,NWS,15.779999732971191,15.81999969482422,15.710000038146973,15.760000228881836,13.887349128723145,653500
2014-10-03,NWS,15.779999732971191,15.81999969482422,15.710000038146973,15.760000228881836,13.887349128723145,653500
2014-10-06,NWS,15.760000228881836,15.890000343322754,15.720000267028809,15.760000228881836,13.887349128723145,789900
2014-10-06,NWS,15.760000228881836,15.890000343322754,15.720000267028809,15.760000228881836,13.887349128723145,789900
2014-10-07,NWS,15.720000267028809,15.75,15.31999969482422,15.329999923706056,13.508440017700195,550600
2014-10-07,NWS,15.720000267028809,15.75,15.31999969482422,15.329999923706056,13.508440017700195,550600
2014-10-08,NWS,15.270000457763672,15.75,15.239999771118164,15.739999771118164,13.869723320007324,987600
2014-10-08,NWS,15.270000457763672,15.75,15.239999771118164,15.739999771118164,13.869723320007324,987600
2014-10-09,NWS,15.699999809265137,15.699999809265137,15.18000030517578,15.260000228881836,13.446758270263672,730200
2014-10-09,NWS,15.699999809265137,15.699999809265137,15.18000030517578,15.260000228881836,13.446758270263672,730200
2014-10-10,NWS,15.239999771118164,15.300000190734863,14.949999809265137,14.970000267028809,13.191219329833984,952100
2014-10-10,NWS,15.239999771118164,15.300000190734863,14.949999809265137,14.970000267028809,13.191219329833984,952100
2014-10-13,NWS,14.890000343322754,15.050000190734863,14.510000228881836,14.529999732971191,12.803499221801758,682500
2014-10-13,NWS,14.890000343322754,15.050000190734863,14.510000228881836,14.529999732971191,12.803499221801758,682500
2014-10-14,NWS,14.539999961853027,14.710000038146973,14.520000457763672,14.579999923706056,12.847561836242676,744200
2014-10-14,NWS,14.539999961853027,14.710000038146973,14.520000457763672,14.579999923706056,12.847561836242676,744200
2014-10-15,NWS,14.350000381469728,14.720000267028809,14.25,14.479999542236328,12.759442329406738,1407300
2014-10-15,NWS,14.350000381469728,14.720000267028809,14.25,14.479999542236328,12.759442329406738,1407300
2014-10-16,NWS,14.260000228881836,14.460000038146973,14.09000015258789,14.239999771118164,12.547961235046388,2296300
2014-10-16,NWS,14.260000228881836,14.460000038146973,14.09000015258789,14.239999771118164,12.547961235046388,2296300
2014-10-17,NWS,14.350000381469728,14.529999732971191,14.170000076293944,14.260000228881836,12.56558322906494,1807600
2014-10-17,NWS,14.350000381469728,14.529999732971191,14.170000076293944,14.260000228881836,12.56558322906494,1807600
2014-10-20,NWS,14.210000038146973,14.43000030517578,14.210000038146973,14.43000030517578,12.715384483337402,1863700
2014-10-20,NWS,14.210000038146973,14.43000030517578,14.210000038146973,14.43000030517578,12.715384483337402,1863700
2014-10-21,NWS,14.539999961853027,15.0600004196167,14.539999961853027,15.010000228881836,13.22646427154541,1449300
2014-10-21,NWS,14.539999961853027,15.0600004196167,14.539999961853027,15.010000228881836,13.22646427154541,1449300
2014-10-22,NWS,15.06999969482422,15.06999969482422,14.84000015258789,14.859999656677246,13.09428882598877,3676800
2014-10-22,NWS,15.06999969482422,15.06999969482422,14.84000015258789,14.859999656677246,13.09428882598877,3676800
2014-10-23,NWS,15.0,15.220000267028809,14.989999771118164,15.100000381469728,13.30577278137207,810600
2014-10-23,NWS,15.0,15.220000267028809,14.989999771118164,15.100000381469728,13.30577278137207,810600
2014-10-24,NWS,15.09000015258789,15.359999656677246,15.09000015258789,15.31999969482422,13.499629020690918,798400
2014-10-24,NWS,15.09000015258789,15.359999656677246,15.09000015258789,15.31999969482422,13.499629020690918,798400
2014-10-27,NWS,15.3100004196167,15.3100004196167,15.010000228881836,15.06999969482422,13.27933406829834,440900
2014-10-27,NWS,15.3100004196167,15.3100004196167,15.010000228881836,15.06999969482422,13.27933406829834,440900
2014-10-28,NWS,15.100000381469728,15.140000343322754,14.920000076293944,15.06999969482422,13.27933406829834,946700
2014-10-28,NWS,15.100000381469728,15.140000343322754,14.920000076293944,15.06999969482422,13.27933406829834,946700
2014-10-29,NWS,15.06999969482422,15.220000267028809,15.010000228881836,15.140000343322754,13.341018676757812,635700
2014-10-29,NWS,15.06999969482422,15.220000267028809,15.010000228881836,15.140000343322754,13.341018676757812,635700
2014-10-30,NWS,15.09000015258789,15.1899995803833,14.979999542236328,15.0600004196167,13.270522117614746,475900
2014-10-30,NWS,15.09000015258789,15.1899995803833,14.979999542236328,15.0600004196167,13.270522117614746,475900
2014-10-31,NWS,15.270000457763672,15.359999656677246,14.90999984741211,15.050000190734863,13.261711120605469,375600
2014-10-31,NWS,15.270000457763672,15.359999656677246,14.90999984741211,15.050000190734863,13.261711120605469,375600
2014-11-03,NWS,15.020000457763672,15.229999542236328,15.020000457763672,15.100000381469728,13.30577278137207,349700
2014-11-03,NWS,15.020000457763672,15.229999542236328,15.020000457763672,15.100000381469728,13.30577278137207,349700
2014-11-04,NWS,15.0,15.109999656677246,14.6899995803833,14.739999771118164,12.988547325134276,621200
2014-11-04,NWS,15.0,15.109999656677246,14.6899995803833,14.739999771118164,12.988547325134276,621200
2014-11-05,NWS,14.880000114440918,15.0,14.770000457763672,14.859999656677246,13.09428882598877,311300
2014-11-05,NWS,14.880000114440918,15.0,14.770000457763672,14.859999656677246,13.09428882598877,311300
2014-11-06,NWS,14.989999771118164,15.4399995803833,14.960000038146973,14.989999771118164,13.208837509155272,1647600
2014-11-06,NWS,14.989999771118164,15.4399995803833,14.960000038146973,14.989999771118164,13.208837509155272,1647600
2014-11-07,NWS,15.029999732971191,15.0600004196167,14.8100004196167,14.84000015258789,13.076664924621582,985000
2014-11-07,NWS,15.029999732971191,15.0600004196167,14.8100004196167,14.84000015258789,13.076664924621582,985000
2014-11-10,NWS,14.970000267028809,14.970000267028809,14.770000457763672,14.9399995803833,13.16478157043457,294200
2014-11-10,NWS,14.970000267028809,14.970000267028809,14.770000457763672,14.9399995803833,13.16478157043457,294200
2014-11-11,NWS,14.970000267028809,15.050000190734863,14.859999656677246,14.920000076293944,13.14715576171875,528700
2014-11-11,NWS,14.970000267028809,15.050000190734863,14.859999656677246,14.920000076293944,13.14715576171875,528700
2014-11-12,NWS,14.829999923706056,15.119999885559082,14.829999923706056,15.0,13.217653274536133,999400
2014-11-12,NWS,14.829999923706056,15.119999885559082,14.829999923706056,15.0,13.217653274536133,999400
2014-11-13,NWS,15.06999969482422,15.06999969482422,14.670000076293944,14.81999969482422,13.059040069580078,1626300
2014-11-13,NWS,15.06999969482422,15.06999969482422,14.670000076293944,14.81999969482422,13.059040069580078,1626300
2014-11-14,NWS,14.829999923706056,15.020000457763672,14.779999732971191,14.979999542236328,13.200027465820312,1165700
2014-11-14,NWS,14.829999923706056,15.020000457763672,14.779999732971191,14.979999542236328,13.200027465820312,1165700
2014-11-17,NWS,14.90999984741211,15.06999969482422,14.779999732971191,14.9399995803833,13.16478157043457,2000000
2014-11-17,NWS,14.90999984741211,15.06999969482422,14.779999732971191,14.9399995803833,13.16478157043457,2000000
2014-11-18,NWS,14.899999618530272,15.0,14.829999923706056,14.90999984741211,13.138345718383787,1958400
2014-11-18,NWS,14.899999618530272,15.0,14.829999923706056,14.90999984741211,13.138345718383787,1958400
2014-11-19,NWS,14.920000076293944,15.020000457763672,14.829999923706056,14.979999542236328,13.200027465820312,4737900
2014-11-19,NWS,14.920000076293944,15.020000457763672,14.829999923706056,14.979999542236328,13.200027465820312,4737900
2014-11-20,NWS,14.390000343322754,14.859999656677246,14.34000015258789,14.760000228881836,13.00617218017578,5445700
2014-11-20,NWS,14.390000343322754,14.859999656677246,14.34000015258789,14.760000228881836,13.00617218017578,5445700
2014-11-21,NWS,14.9399995803833,14.989999771118164,14.800000190734863,14.829999923706056,13.067852973937988,2172400
2014-11-21,NWS,14.9399995803833,14.989999771118164,14.800000190734863,14.829999923706056,13.067852973937988,2172400
2014-11-24,NWS,14.90999984741211,15.109999656677246,14.800000190734863,15.050000190734863,13.261711120605469,3770100
2014-11-24,NWS,14.90999984741211,15.109999656677246,14.800000190734863,15.050000190734863,13.261711120605469,3770100
2014-11-25,NWS,15.0600004196167,15.130000114440918,15.010000228881836,15.020000457763672,13.235278129577637,2622900
2014-11-25,NWS,15.0600004196167,15.130000114440918,15.010000228881836,15.020000457763672,13.235278129577637,2622900
2014-11-26,NWS,15.029999732971191,15.229999542236328,14.989999771118164,15.199999809265137,13.393885612487791,1732100
2014-11-26,NWS,15.029999732971191,15.229999542236328,14.989999771118164,15.199999809265137,13.393885612487791,1732100
2014-11-28,NWS,15.210000038146973,15.279999732971191,15.020000457763672,15.050000190734863,13.261711120605469,980200
2014-11-28,NWS,15.210000038146973,15.279999732971191,15.020000457763672,15.050000190734863,13.261711120605469,980200
2014-12-01,NWS,14.970000267028809,15.18000030517578,14.960000038146973,15.050000190734863,13.261711120605469,2909000
2014-12-01,NWS,14.970000267028809,15.18000030517578,14.960000038146973,15.050000190734863,13.261711120605469,2909000
2014-12-02,NWS,15.039999961853027,15.279999732971191,14.90999984741211,15.229999542236328,13.42032241821289,2036000
2014-12-02,NWS,15.039999961853027,15.279999732971191,14.90999984741211,15.229999542236328,13.42032241821289,2036000
2014-12-03,NWS,15.289999961853027,15.289999961853027,15.119999885559082,15.25,13.437945365905762,2691700
2014-12-03,NWS,15.289999961853027,15.289999961853027,15.119999885559082,15.25,13.437945365905762,2691700
2014-12-04,NWS,15.15999984741211,15.270000457763672,15.09000015258789,15.15999984741211,13.358641624450684,1956000
2014-12-04,NWS,15.15999984741211,15.270000457763672,15.09000015258789,15.15999984741211,13.358641624450684,1956000
2014-12-05,NWS,15.149999618530272,15.25,15.100000381469728,15.229999542236328,13.42032241821289,2038500
2014-12-05,NWS,15.149999618530272,15.25,15.100000381469728,15.229999542236328,13.42032241821289,2038500
2014-12-08,NWS,15.220000267028809,15.289999961853027,14.949999809265137,14.989999771118164,13.208837509155272,1668800
2014-12-08,NWS,15.220000267028809,15.289999961853027,14.949999809265137,14.989999771118164,13.208837509155272,1668800
2014-12-09,NWS,14.90999984741211,15.109999656677246,14.869999885559082,15.109999656677246,13.314582824707031,3162200
2014-12-09,NWS,14.90999984741211,15.109999656677246,14.869999885559082,15.109999656677246,13.314582824707031,3162200
2014-12-10,NWS,15.09000015258789,15.09000015258789,14.859999656677246,14.869999885559082,13.103100776672363,1923700
2014-12-10,NWS,15.09000015258789,15.09000015258789,14.859999656677246,14.869999885559082,13.103100776672363,1923700
2014-12-11,NWS,15.020000457763672,15.0600004196167,14.770000457763672,14.779999732971191,13.023795127868652,1431700
2014-12-11,NWS,15.020000457763672,15.0600004196167,14.770000457763672,14.779999732971191,13.023795127868652,1431700
2014-12-12,NWS,14.720000267028809,14.779999732971191,14.630000114440918,14.649999618530272,12.909239768981934,1970400
2014-12-12,NWS,14.720000267028809,14.779999732971191,14.630000114440918,14.649999618530272,12.909239768981934,1970400
2014-12-15,NWS,14.760000228881836,14.760000228881836,14.239999771118164,14.25,12.556770324707031,2108900
2014-12-15,NWS,14.760000228881836,14.760000228881836,14.239999771118164,14.25,12.556770324707031,2108900
2014-12-16,NWS,14.210000038146973,14.5600004196167,14.210000038146973,14.239999771118164,12.547961235046388,1635700
2014-12-16,NWS,14.210000038146973,14.5600004196167,14.210000038146973,14.239999771118164,12.547961235046388,1635700
2014-12-17,NWS,14.270000457763672,14.420000076293944,14.170000076293944,14.369999885559082,12.662511825561523,1458600
2014-12-17,NWS,14.270000457763672,14.420000076293944,14.170000076293944,14.369999885559082,12.662511825561523,1458600
2014-12-18,NWS,14.5600004196167,14.649999618530272,14.420000076293944,14.479999542236328,12.759442329406738,1226400
2014-12-18,NWS,14.5600004196167,14.649999618530272,14.420000076293944,14.479999542236328,12.759442329406738,1226400
2014-12-19,NWS,14.520000457763672,14.68000030517578,14.520000457763672,14.59000015258789,12.856372833251951,2721900
2014-12-19,NWS,14.520000457763672,14.68000030517578,14.520000457763672,14.59000015258789,12.856372833251951,2721900
2014-12-22,NWS,14.670000076293944,14.880000114440918,14.579999923706056,14.75,12.997360229492188,1629000
2014-12-22,NWS,14.670000076293944,14.880000114440918,14.579999923706056,14.75,12.997360229492188,1629000
2014-12-23,NWS,14.770000457763672,15.06999969482422,14.739999771118164,14.989999771118164,13.208837509155272,1117900
2014-12-23,NWS,14.770000457763672,15.06999969482422,14.739999771118164,14.989999771118164,13.208837509155272,1117900
2014-12-24,NWS,15.039999961853027,15.039999961853027,14.770000457763672,14.920000076293944,13.14715576171875,331400
2014-12-24,NWS,15.039999961853027,15.039999961853027,14.770000457763672,14.920000076293944,13.14715576171875,331400
2014-12-26,NWS,15.0,15.050000190734863,14.949999809265137,15.039999961853027,13.252902030944824,492500
2014-12-26,NWS,15.0,15.050000190734863,14.949999809265137,15.039999961853027,13.252902030944824,492500
2014-12-29,NWS,15.0600004196167,15.199999809265137,15.029999732971191,15.130000114440918,13.332205772399902,518900
2014-12-29,NWS,15.0600004196167,15.199999809265137,15.029999732971191,15.130000114440918,13.332205772399902,518900
2014-12-30,NWS,15.119999885559082,15.239999771118164,14.949999809265137,15.18000030517578,13.376264572143556,695000
2014-12-30,NWS,15.119999885559082,15.239999771118164,14.949999809265137,15.18000030517578,13.376264572143556,695000
2014-12-31,NWS,15.199999809265137,15.31999969482422,15.06999969482422,15.079999923706056,13.288145065307615,644100
2014-12-31,NWS,15.199999809265137,15.31999969482422,15.06999969482422,15.079999923706056,13.288145065307615,644100
2015-01-02,NWS,15.130000114440918,15.279999732971191,14.800000190734863,14.979999542236328,13.200027465820312,905000
2015-01-02,NWS,15.130000114440918,15.279999732971191,14.800000190734863,14.979999542236328,13.200027465820312,905000
2015-01-05,NWS,14.90999984741211,14.90999984741211,14.529999732971191,14.640000343322754,12.900430679321287,1018500
2015-01-05,NWS,14.90999984741211,14.90999984741211,14.529999732971191,14.640000343322754,12.900430679321287,1018500
2015-01-06,NWS,14.649999618530272,14.670000076293944,14.31999969482422,14.470000267028809,12.75063133239746,1197100
2015-01-06,NWS,14.649999618530272,14.670000076293944,14.31999969482422,14.470000267028809,12.75063133239746,1197100
2015-01-07,NWS,14.56999969482422,14.56999969482422,14.25,14.40999984741211,12.697758674621582,1074300
2015-01-07,NWS,14.56999969482422,14.56999969482422,14.25,14.40999984741211,12.697758674621582,1074300
2015-01-08,NWS,14.520000457763672,14.84000015258789,14.43000030517578,14.739999771118164,12.988547325134276,887000
2015-01-08,NWS,14.520000457763672,14.84000015258789,14.43000030517578,14.739999771118164,12.988547325134276,887000
2015-01-09,NWS,14.770000457763672,14.9399995803833,14.68000030517578,14.880000114440918,13.11191177368164,905500
2015-01-09,NWS,14.770000457763672,14.9399995803833,14.68000030517578,14.880000114440918,13.11191177368164,905500
2015-01-12,NWS,14.869999885559082,14.869999885559082,14.630000114440918,14.720000267028809,12.97092628479004,537100
2015-01-12,NWS,14.869999885559082,14.869999885559082,14.630000114440918,14.720000267028809,12.97092628479004,537100
2015-01-13,NWS,14.800000190734863,14.890000343322754,14.550000190734863,14.699999809265137,12.953298568725586,664500
2015-01-13,NWS,14.800000190734863,14.890000343322754,14.550000190734863,14.699999809265137,12.953298568725586,664500
2015-01-14,NWS,14.56999969482422,14.65999984741211,14.279999732971191,14.630000114440918,12.89161777496338,1410700
2015-01-14,NWS,14.56999969482422,14.65999984741211,14.279999732971191,14.630000114440918,12.89161777496338,1410700
2015-01-15,NWS,14.699999809265137,14.699999809265137,14.470000267028809,14.539999961853027,12.812311172485352,991900
2015-01-15,NWS,14.699999809265137,14.699999809265137,14.470000267028809,14.539999961853027,12.812311172485352,991900
2015-01-16,NWS,14.5600004196167,14.619999885559082,14.479999542236328,14.539999961853027,12.812311172485352,316600
2015-01-16,NWS,14.5600004196167,14.619999885559082,14.479999542236328,14.539999961853027,12.812311172485352,316600
2015-01-20,NWS,14.56999969482422,14.579999923706056,14.25,14.4399995803833,12.72419548034668,753000
2015-01-20,NWS,14.56999969482422,14.579999923706056,14.25,14.4399995803833,12.72419548034668,753000
2015-01-21,NWS,14.43000030517578,14.520000457763672,14.279999732971191,14.449999809265137,12.733006477355955,457000
2015-01-21,NWS,14.43000030517578,14.520000457763672,14.279999732971191,14.449999809265137,12.733006477355955,457000
2015-01-22,NWS,14.489999771118164,14.770000457763672,14.369999885559082,14.699999809265137,12.953298568725586,711100
2015-01-22,NWS,14.489999771118164,14.770000457763672,14.369999885559082,14.699999809265137,12.953298568725586,711100
2015-01-23,NWS,14.65999984741211,14.84000015258789,14.600000381469728,14.65999984741211,12.91805362701416,720000
2015-01-23,NWS,14.65999984741211,14.84000015258789,14.600000381469728,14.65999984741211,12.91805362701416,720000
2015-01-26,NWS,14.890000343322754,14.989999771118164,14.5600004196167,14.979999542236328,13.200027465820312,413400
2015-01-26,NWS,14.890000343322754,14.989999771118164,14.5600004196167,14.979999542236328,13.200027465820312,413400
2015-01-27,NWS,14.800000190734863,15.050000190734863,14.75,14.90999984741211,13.138345718383787,1151200
2015-01-27,NWS,14.800000190734863,15.050000190734863,14.75,14.90999984741211,13.138345718383787,1151200
2015-01-28,NWS,14.960000038146973,14.970000267028809,14.720000267028809,14.75,12.997360229492188,1621900
2015-01-28,NWS,14.960000038146973,14.970000267028809,14.720000267028809,14.75,12.997360229492188,1621900
2015-01-29,NWS,14.75,14.800000190734863,14.270000457763672,14.460000038146973,12.74181842803955,734900
2015-01-29,NWS,14.75,14.800000190734863,14.270000457763672,14.460000038146973,12.74181842803955,734900
2015-01-30,NWS,14.390000343322754,14.65999984741211,14.279999732971191,14.4399995803833,12.72419548034668,1946600
2015-01-30,NWS,14.390000343322754,14.65999984741211,14.279999732971191,14.4399995803833,12.72419548034668,1946600
2015-02-02,NWS,14.539999961853027,14.539999961853027,14.279999732971191,14.479999542236328,12.759442329406738,874500
2015-02-02,NWS,14.539999961853027,14.539999961853027,14.279999732971191,14.479999542236328,12.759442329406738,874500
2015-02-03,NWS,14.539999961853027,15.199999809265137,14.539999961853027,15.130000114440918,13.332205772399902,1185000
2015-02-03,NWS,14.539999961853027,15.199999809265137,14.539999961853027,15.130000114440918,13.332205772399902,1185000
2015-02-04,NWS,15.050000190734863,15.210000038146973,15.029999732971191,15.109999656677246,13.314582824707031,801800
2015-02-04,NWS,15.050000190734863,15.210000038146973,15.029999732971191,15.109999656677246,13.314582824707031,801800
2015-02-05,NWS,15.18000030517578,15.279999732971191,14.979999542236328,15.220000267028809,13.411510467529297,882100
2015-02-05,NWS,15.18000030517578,15.279999732971191,14.979999542236328,15.220000267028809,13.411510467529297,882100
2015-02-06,NWS,15.369999885559082,15.84000015258789,15.369999885559082,15.770000457763672,13.896160125732422,1517900
2015-02-06,NWS,15.369999885559082,15.84000015258789,15.369999885559082,15.770000457763672,13.896160125732422,1517900
2015-02-09,NWS,15.760000228881836,16.239999771118164,15.760000228881836,16.170000076293945,14.248629570007324,1105900
2015-02-09,NWS,15.760000228881836,16.239999771118164,15.760000228881836,16.170000076293945,14.248629570007324,1105900
2015-02-10,NWS,16.209999084472656,16.350000381469727,15.829999923706056,16.299999237060547,14.36318302154541,1920900
2015-02-10,NWS,16.209999084472656,16.350000381469727,15.829999923706056,16.299999237060547,14.36318302154541,1920900
2015-02-11,NWS,16.25,16.40999984741211,16.219999313354492,16.299999237060547,14.36318302154541,1645800
2015-02-11,NWS,16.25,16.40999984741211,16.219999313354492,16.299999237060547,14.36318302154541,1645800
2015-02-12,NWS,16.399999618530273,16.489999771118164,16.270000457763672,16.360000610351562,14.41605281829834,437800
2015-02-12,NWS,16.399999618530273,16.489999771118164,16.270000457763672,16.360000610351562,14.41605281829834,437800
2015-02-13,NWS,16.40999984741211,16.549999237060547,16.3700008392334,16.40999984741211,14.460110664367676,456100
2015-02-13,NWS,16.40999984741211,16.549999237060547,16.3700008392334,16.40999984741211,14.460110664367676,456100
2015-02-17,NWS,16.34000015258789,16.56999969482422,16.309999465942383,16.559999465942383,14.592289924621582,719500
2015-02-17,NWS,16.34000015258789,16.56999969482422,16.309999465942383,16.559999465942383,14.592289924621582,719500
2015-02-18,NWS,16.59000015258789,16.610000610351562,16.399999618530273,16.510000228881836,14.548230171203612,633000
2015-02-18,NWS,16.59000015258789,16.610000610351562,16.399999618530273,16.510000228881836,14.548230171203612,633000
2015-02-19,NWS,16.510000228881836,16.56999969482422,16.399999618530273,16.549999237060547,14.58347511291504,360100
2015-02-19,NWS,16.510000228881836,16.56999969482422,16.399999618530273,16.549999237060547,14.58347511291504,360100
2015-02-20,NWS,16.56999969482422,16.760000228881836,16.350000381469727,16.670000076293945,14.689215660095217,712900
2015-02-20,NWS,16.56999969482422,16.760000228881836,16.350000381469727,16.670000076293945,14.689215660095217,712900
2015-02-23,NWS,16.59000015258789,16.90999984741211,16.59000015258789,16.899999618530273,14.891889572143556,1342800
2015-02-23,NWS,16.59000015258789,16.90999984741211,16.59000015258789,16.899999618530273,14.891889572143556,1342800
2015-02-24,NWS,16.8700008392334,16.979999542236328,16.719999313354492,16.90999984741211,14.900700569152832,1172600
2015-02-24,NWS,16.8700008392334,16.979999542236328,16.719999313354492,16.90999984741211,14.900700569152832,1172600
2015-02-25,NWS,16.950000762939453,17.110000610351562,16.90999984741211,17.010000228881836,14.988819122314451,896300
2015-02-25,NWS,16.950000762939453,17.110000610351562,16.90999984741211,17.010000228881836,14.988819122314451,896300
2015-02-26,NWS,16.940000534057617,17.06999969482422,16.790000915527344,16.860000610351562,14.856643676757812,773500
2015-02-26,NWS,16.940000534057617,17.06999969482422,16.790000915527344,16.860000610351562,14.856643676757812,773500
2015-02-27,NWS,16.809999465942383,16.940000534057617,16.790000915527344,16.81999969482422,14.821393966674805,1153700
2015-02-27,NWS,16.809999465942383,16.940000534057617,16.790000915527344,16.81999969482422,14.821393966674805,1153700
2015-03-02,NWS,16.81999969482422,17.06999969482422,16.81999969482422,17.0,14.980009078979492,637200
2015-03-02,NWS,16.81999969482422,17.06999969482422,16.81999969482422,17.0,14.980009078979492,637200
2015-03-03,NWS,17.010000228881836,17.010000228881836,16.690000534057617,16.719999313354492,14.733277320861816,713100
2015-03-03,NWS,17.010000228881836,17.010000228881836,16.690000534057617,16.719999313354492,14.733277320861816,713100
2015-03-04,NWS,16.68000030517578,16.739999771118164,16.459999084472656,16.6200008392334,14.645159721374512,1188700
2015-03-04,NWS,16.68000030517578,16.739999771118164,16.459999084472656,16.6200008392334,14.645159721374512,1188700
2015-03-05,NWS,16.670000076293945,16.75,16.59000015258789,16.649999618530273,14.671594619750977,1211700
2015-03-05,NWS,16.670000076293945,16.75,16.59000015258789,16.649999618530273,14.671594619750977,1211700
2015-03-06,NWS,16.6299991607666,16.780000686645508,16.34000015258789,16.40999984741211,14.460110664367676,705500
2015-03-06,NWS,16.6299991607666,16.780000686645508,16.34000015258789,16.40999984741211,14.460110664367676,705500
2015-03-09,NWS,16.450000762939453,16.559999465942383,16.239999771118164,16.290000915527344,14.354371070861816,756200
2015-03-09,NWS,16.450000762939453,16.559999465942383,16.239999771118164,16.290000915527344,14.354371070861816,756200
2015-03-10,NWS,16.209999084472656,16.299999237060547,15.899999618530272,15.93000030517578,14.037147521972656,1872200
2015-03-10,NWS,16.209999084472656,16.299999237060547,15.899999618530272,15.93000030517578,14.037147521972656,1872200
2015-03-11,NWS,16.010000228881836,16.1200008392334,15.880000114440918,16.059999465942383,14.151698112487791,993300
2015-03-11,NWS,16.010000228881836,16.1200008392334,15.880000114440918,16.059999465942383,14.151698112487791,993300
2015-03-12,NWS,16.149999618530273,16.479999542236328,16.149999618530273,16.440000534057617,14.486549377441406,537500
2015-03-12,NWS,16.149999618530273,16.479999542236328,16.149999618530273,16.440000534057617,14.486549377441406,537500
2015-03-13,NWS,16.440000534057617,16.459999084472656,16.1299991607666,16.389999389648438,14.442486763000488,1472800
2015-03-13,NWS,16.440000534057617,16.459999084472656,16.1299991607666,16.389999389648438,14.442486763000488,1472800
2015-03-16,NWS,16.489999771118164,16.610000610351562,16.389999389648438,16.579999923706055,14.609912872314451,769400
2015-03-16,NWS,16.489999771118164,16.610000610351562,16.389999389648438,16.579999923706055,14.609912872314451,769400
2015-03-17,NWS,16.489999771118164,16.489999771118164,16.31999969482422,16.459999084472656,14.504170417785645,677900
2015-03-17,NWS,16.489999771118164,16.489999771118164,16.31999969482422,16.459999084472656,14.504170417785645,677900
2015-03-18,NWS,16.3799991607666,16.670000076293945,16.290000915527344,16.59000015258789,14.618724822998049,922200
2015-03-18,NWS,16.3799991607666,16.670000076293945,16.290000915527344,16.59000015258789,14.618724822998049,922200
2015-03-19,NWS,16.520000457763672,16.520000457763672,16.239999771118164,16.399999618530273,14.451300621032717,1074900
2015-03-19,NWS,16.520000457763672,16.520000457763672,16.239999771118164,16.399999618530273,14.451300621032717,1074900
2015-03-20,NWS,16.459999084472656,16.670000076293945,16.459999084472656,16.540000915527344,14.574664115905762,603000
2015-03-20,NWS,16.459999084472656,16.670000076293945,16.459999084472656,16.540000915527344,14.574664115905762,603000
2015-03-23,NWS,16.579999923706055,16.68000030517578,16.559999465942383,16.610000610351562,14.636348724365234,1044400
2015-03-23,NWS,16.579999923706055,16.68000030517578,16.559999465942383,16.610000610351562,14.636348724365234,1044400
2015-03-24,NWS,16.56999969482422,16.649999618530273,16.459999084472656,16.559999465942383,14.592289924621582,1274800
2015-03-24,NWS,16.56999969482422,16.649999618530273,16.459999084472656,16.559999465942383,14.592289924621582,1274800
2015-03-25,NWS,16.540000915527344,16.600000381469727,16.229999542236328,16.239999771118164,14.310312271118164,1304100
2015-03-25,NWS,16.540000915527344,16.600000381469727,16.229999542236328,16.239999771118164,14.310312271118164,1304100
2015-03-26,NWS,16.1299991607666,16.18000030517578,15.949999809265137,16.020000457763672,14.116453170776367,977400
2015-03-26,NWS,16.1299991607666,16.18000030517578,15.949999809265137,16.020000457763672,14.116453170776367,977400
2015-03-27,NWS,15.960000038146973,16.09000015258789,15.93000030517578,15.949999809265137,14.05477237701416,641900
2015-03-27,NWS,15.960000038146973,16.09000015258789,15.93000030517578,15.949999809265137,14.05477237701416,641900
2015-03-30,NWS,16.059999465942383,16.239999771118164,16.010000228881836,16.040000915527344,14.134077072143556,469300
2015-03-30,NWS,16.059999465942383,16.239999771118164,16.010000228881836,16.040000915527344,14.134077072143556,469300
2015-03-31,NWS,15.93000030517578,16.049999237060547,15.8100004196167,15.869999885559082,13.98427677154541,952700
2015-03-31,NWS,15.93000030517578,16.049999237060547,15.8100004196167,15.869999885559082,13.98427677154541,952700
2015-04-01,NWS,15.859999656677246,15.970000267028809,15.739999771118164,15.93000030517578,14.037147521972656,1564600
2015-04-01,NWS,15.859999656677246,15.970000267028809,15.739999771118164,15.93000030517578,14.037147521972656,1564600
2015-04-02,NWS,15.949999809265137,16.059999465942383,15.859999656677246,15.989999771118164,14.090017318725586,596100
2015-04-02,NWS,15.949999809265137,16.059999465942383,15.859999656677246,15.989999771118164,14.090017318725586,596100
2015-04-06,NWS,15.93000030517578,16.200000762939453,15.869999885559082,16.09000015258789,14.17813491821289,282400
2015-04-06,NWS,15.93000030517578,16.200000762939453,15.869999885559082,16.09000015258789,14.17813491821289,282400
2015-04-07,NWS,16.059999465942383,16.15999984741211,15.949999809265137,15.949999809265137,14.05477237701416,325200
2015-04-07,NWS,16.059999465942383,16.15999984741211,15.949999809265137,15.949999809265137,14.05477237701416,325200
2015-04-08,NWS,16.0,16.170000076293945,15.84000015258789,15.890000343322754,14.001903533935549,1189600
2015-04-08,NWS,16.0,16.170000076293945,15.84000015258789,15.890000343322754,14.001903533935549,1189600
2015-04-09,NWS,15.850000381469728,15.949999809265137,15.68000030517578,15.720000267028809,13.85210132598877,738200
2015-04-09,NWS,15.850000381469728,15.949999809265137,15.68000030517578,15.720000267028809,13.85210132598877,738200
2015-04-10,NWS,15.739999771118164,15.81999969482422,15.68000030517578,15.729999542236328,13.860912322998049,451500
2015-04-10,NWS,15.739999771118164,15.81999969482422,15.68000030517578,15.729999542236328,13.860912322998049,451500
2015-04-13,NWS,15.75,15.949999809265137,15.75,15.9399995803833,14.045958518981934,603400
2015-04-13,NWS,15.75,15.949999809265137,15.75,15.9399995803833,14.045958518981934,603400
2015-04-14,NWS,15.970000267028809,16.030000686645508,15.84000015258789,15.850000381469728,13.966652870178224,878900
2015-04-14,NWS,15.970000267028809,16.030000686645508,15.84000015258789,15.850000381469728,13.966652870178224,878900
2015-04-15,NWS,15.890000343322754,15.960000038146973,15.8100004196167,15.84000015258789,13.957840919494627,634300
2015-04-15,NWS,15.890000343322754,15.960000038146973,15.8100004196167,15.84000015258789,13.957840919494627,634300
2015-04-16,NWS,15.8100004196167,15.8100004196167,15.56999969482422,15.699999809265137,13.834478378295898,1388100
2015-04-16,NWS,15.8100004196167,15.8100004196167,15.56999969482422,15.699999809265137,13.834478378295898,1388100
2015-04-17,NWS,15.630000114440918,15.630000114440918,15.399999618530272,15.489999771118164,13.649429321289062,1129800
2015-04-17,NWS,15.630000114440918,15.630000114440918,15.399999618530272,15.489999771118164,13.649429321289062,1129800
2015-04-20,NWS,15.5600004196167,15.609999656677246,15.460000038146973,15.479999542236328,13.640617370605469,899300
2015-04-20,NWS,15.5600004196167,15.609999656677246,15.460000038146973,15.479999542236328,13.640617370605469,899300
2015-04-21,NWS,15.5600004196167,15.609999656677246,15.350000381469728,15.350000381469728,13.5260648727417,699500
2015-04-21,NWS,15.5600004196167,15.609999656677246,15.350000381469728,15.350000381469728,13.5260648727417,699500
2015-04-22,NWS,15.34000015258789,15.510000228881836,15.260000228881836,15.40999984741211,13.578933715820312,2791400
2015-04-22,NWS,15.34000015258789,15.510000228881836,15.260000228881836,15.40999984741211,13.578933715820312,2791400
2015-04-23,NWS,15.420000076293944,15.510000228881836,15.300000190734863,15.460000038146973,13.622995376586914,1023100
2015-04-23,NWS,15.420000076293944,15.510000228881836,15.300000190734863,15.460000038146973,13.622995376586914,1023100
2015-04-24,NWS,15.4399995803833,15.550000190734863,15.329999923706056,15.43000030517578,13.596559524536133,464000
2015-04-24,NWS,15.4399995803833,15.550000190734863,15.329999923706056,15.43000030517578,13.596559524536133,464000
2015-04-27,NWS,15.449999809265137,15.739999771118164,15.449999809265137,15.470000267028809,13.631805419921877,1765700
2015-04-27,NWS,15.449999809265137,15.739999771118164,15.449999809265137,15.470000267028809,13.631805419921877,1765700
2015-04-28,NWS,15.43000030517578,15.880000114440918,15.399999618530272,15.859999656677246,13.975464820861816,1510900
2015-04-28,NWS,15.43000030517578,15.880000114440918,15.399999618530272,15.859999656677246,13.975464820861816,1510900
2015-04-29,NWS,15.800000190734863,15.880000114440918,15.649999618530272,15.65999984741211,13.79922866821289,1637400
2015-04-29,NWS,15.800000190734863,15.880000114440918,15.649999618530272,15.65999984741211,13.79922866821289,1637400
2015-04-30,NWS,15.579999923706056,15.739999771118164,15.529999732971191,15.56999969482422,13.719923973083496,1836000
2015-04-30,NWS,15.579999923706056,15.739999771118164,15.529999732971191,15.56999969482422,13.719923973083496,1836000
2015-05-01,NWS,15.6899995803833,15.9399995803833,15.670000076293944,15.93000030517578,14.037147521972656,1244200
2015-05-01,NWS,15.6899995803833,15.9399995803833,15.670000076293944,15.93000030517578,14.037147521972656,1244200
2015-05-04,NWS,15.899999618530272,16.079999923706055,15.84000015258789,16.06999969482422,14.16051197052002,855200
2015-05-04,NWS,15.899999618530272,16.079999923706055,15.84000015258789,16.06999969482422,14.16051197052002,855200
2015-05-05,NWS,16.1200008392334,16.170000076293945,15.8100004196167,15.920000076293944,14.028334617614746,1543900
2015-05-05,NWS,16.1200008392334,16.170000076293945,15.8100004196167,15.920000076293944,14.028334617614746,1543900
2015-05-06,NWS,15.210000038146973,15.220000267028809,14.779999732971191,14.90999984741211,13.138345718383787,3899100
2015-05-06,NWS,15.210000038146973,15.220000267028809,14.779999732971191,14.90999984741211,13.138345718383787,3899100
2015-05-07,NWS,14.9399995803833,14.949999809265137,14.829999923706056,14.90999984741211,13.138345718383787,1733100
2015-05-07,NWS,14.9399995803833,14.949999809265137,14.829999923706056,14.90999984741211,13.138345718383787,1733100
2015-05-08,NWS,15.020000457763672,15.109999656677246,14.960000038146973,15.09000015258789,13.296958923339844,470100
2015-05-08,NWS,15.020000457763672,15.109999656677246,14.960000038146973,15.09000015258789,13.296958923339844,470100
2015-05-11,NWS,15.06999969482422,15.699999809265137,15.020000457763672,15.59000015258789,13.737548828125,2150400
2015-05-11,NWS,15.06999969482422,15.699999809265137,15.020000457763672,15.59000015258789,13.737548828125,2150400
2015-05-12,NWS,15.520000457763672,15.539999961853027,15.09000015258789,15.18000030517578,13.376264572143556,1409900
2015-05-12,NWS,15.520000457763672,15.539999961853027,15.09000015258789,15.18000030517578,13.376264572143556,1409900
2015-05-13,NWS,15.199999809265137,15.239999771118164,15.079999923706056,15.100000381469728,13.30577278137207,1496900
2015-05-13,NWS,15.199999809265137,15.239999771118164,15.079999923706056,15.100000381469728,13.30577278137207,1496900
2015-05-14,NWS,15.140000343322754,15.199999809265137,15.010000228881836,15.140000343322754,13.341018676757812,1001600
2015-05-14,NWS,15.140000343322754,15.199999809265137,15.010000228881836,15.140000343322754,13.341018676757812,1001600
2015-05-15,NWS,15.15999984741211,15.350000381469728,15.109999656677246,15.300000190734863,13.482007026672363,808100
2015-05-15,NWS,15.15999984741211,15.350000381469728,15.109999656677246,15.300000190734863,13.482007026672363,808100
2015-05-18,NWS,15.239999771118164,15.390000343322754,15.119999885559082,15.350000381469728,13.5260648727417,1189400
2015-05-18,NWS,15.239999771118164,15.390000343322754,15.119999885559082,15.350000381469728,13.5260648727417,1189400
2015-05-19,NWS,15.390000343322754,15.420000076293944,15.260000228881836,15.390000343322754,13.56131076812744,454900
2015-05-19,NWS,15.390000343322754,15.420000076293944,15.260000228881836,15.390000343322754,13.56131076812744,454900
2015-05-20,NWS,15.380000114440918,15.43000030517578,15.3100004196167,15.329999923706056,13.508440017700195,790400
2015-05-20,NWS,15.380000114440918,15.43000030517578,15.3100004196167,15.329999923706056,13.508440017700195,790400
2015-05-21,NWS,15.279999732971191,15.390000343322754,15.25,15.359999656677246,13.534875869750977,404800
2015-05-21,NWS,15.279999732971191,15.390000343322754,15.25,15.359999656677246,13.534875869750977,404800
2015-05-22,NWS,15.31999969482422,15.350000381469728,15.199999809265137,15.25,13.437945365905762,528200
2015-05-22,NWS,15.31999969482422,15.350000381469728,15.199999809265137,15.25,13.437945365905762,528200
2015-05-26,NWS,15.220000267028809,15.3100004196167,14.960000038146973,15.039999961853027,13.252902030944824,848700
2015-05-26,NWS,15.220000267028809,15.3100004196167,14.960000038146973,15.039999961853027,13.252902030944824,848700
2015-05-27,NWS,15.09000015258789,15.260000228881836,15.0,15.130000114440918,13.332205772399902,766700
2015-05-27,NWS,15.09000015258789,15.260000228881836,15.0,15.130000114440918,13.332205772399902,766700
2015-05-28,NWS,15.079999923706056,15.100000381469728,14.989999771118164,15.100000381469728,13.30577278137207,760600
2015-05-28,NWS,15.079999923706056,15.100000381469728,14.989999771118164,15.100000381469728,13.30577278137207,760600
2015-05-29,NWS,15.0600004196167,15.130000114440918,14.90999984741211,14.949999809265137,13.17359447479248,887400
2015-05-29,NWS,15.0600004196167,15.130000114440918,14.90999984741211,14.949999809265137,13.17359447479248,887400
2015-06-01,NWS,14.970000267028809,15.0600004196167,14.859999656677246,15.0,13.217653274536133,601200
2015-06-01,NWS,14.970000267028809,15.0600004196167,14.859999656677246,15.0,13.217653274536133,601200
2015-06-02,NWS,14.9399995803833,15.039999961853027,14.859999656677246,14.90999984741211,13.138345718383787,706300
2015-06-02,NWS,14.9399995803833,15.039999961853027,14.859999656677246,14.90999984741211,13.138345718383787,706300
2015-06-03,NWS,14.9399995803833,15.029999732971191,14.859999656677246,14.9399995803833,13.16478157043457,495700
2015-06-03,NWS,14.9399995803833,15.029999732971191,14.859999656677246,14.9399995803833,13.16478157043457,495700
2015-06-04,NWS,14.890000343322754,14.9399995803833,14.6899995803833,14.720000267028809,12.97092628479004,605900
2015-06-04,NWS,14.890000343322754,14.9399995803833,14.6899995803833,14.720000267028809,12.97092628479004,605900
2015-06-05,NWS,14.729999542236328,14.729999542236328,14.5600004196167,14.640000343322754,12.900430679321287,781100
2015-06-05,NWS,14.729999542236328,14.729999542236328,14.5600004196167,14.640000343322754,12.900430679321287,781100
2015-06-08,NWS,14.59000015258789,14.68000030517578,14.550000190734863,14.56999969482422,12.83874797821045,613600
2015-06-08,NWS,14.59000015258789,14.68000030517578,14.550000190734863,14.56999969482422,12.83874797821045,613600
2015-06-09,NWS,14.600000381469728,14.600000381469728,14.289999961853027,14.300000190734863,12.600831031799316,866700
2015-06-09,NWS,14.600000381469728,14.600000381469728,14.289999961853027,14.300000190734863,12.600831031799316,866700
2015-06-10,NWS,14.329999923706056,14.460000038146973,14.25,14.289999961853027,12.592018127441406,1272400
2015-06-10,NWS,14.329999923706056,14.460000038146973,14.25,14.289999961853027,12.592018127441406,1272400
2015-06-11,NWS,14.369999885559082,14.369999885559082,14.220000267028809,14.260000228881836,12.56558322906494,859100
2015-06-11,NWS,14.369999885559082,14.369999885559082,14.220000267028809,14.260000228881836,12.56558322906494,859100
2015-06-12,NWS,14.239999771118164,14.279999732971191,14.06999969482422,14.18000030517578,12.495089530944824,752600
2015-06-12,NWS,14.239999771118164,14.279999732971191,14.06999969482422,14.18000030517578,12.495089530944824,752600
2015-06-15,NWS,14.149999618530272,14.199999809265137,14.029999732971191,14.050000190734863,12.380537986755373,644200
2015-06-15,NWS,14.149999618530272,14.199999809265137,14.029999732971191,14.050000190734863,12.380537986755373,644200
2015-06-16,NWS,14.050000190734863,14.100000381469728,13.989999771118164,13.989999771118164,12.327665328979492,544700
2015-06-16,NWS,14.050000190734863,14.100000381469728,13.989999771118164,13.989999771118164,12.327665328979492,544700
2015-06-17,NWS,13.989999771118164,14.130000114440918,13.880000114440918,13.949999809265137,12.292417526245115,744500
2015-06-17,NWS,13.989999771118164,14.130000114440918,13.880000114440918,13.949999809265137,12.292417526245115,744500
2015-06-18,NWS,14.039999961853027,14.31999969482422,14.039999961853027,14.229999542236328,12.539146423339844,1145000
2015-06-18,NWS,14.039999961853027,14.31999969482422,14.039999961853027,14.229999542236328,12.539146423339844,1145000
2015-06-19,NWS,14.170000076293944,14.65999984741211,14.170000076293944,14.579999923706056,12.847561836242676,1702100
2015-06-19,NWS,14.170000076293944,14.65999984741211,14.170000076293944,14.579999923706056,12.847561836242676,1702100
2015-06-22,NWS,14.640000343322754,14.800000190734863,14.630000114440918,14.68000030517578,12.935677528381348,806300
2015-06-22,NWS,14.640000343322754,14.800000190734863,14.630000114440918,14.68000030517578,12.935677528381348,806300
2015-06-23,NWS,14.68000030517578,14.800000190734863,14.65999984741211,14.65999984741211,12.91805362701416,1188800
2015-06-23,NWS,14.68000030517578,14.800000190734863,14.65999984741211,14.65999984741211,12.91805362701416,1188800
2015-06-24,NWS,14.640000343322754,14.760000228881836,14.4399995803833,14.470000267028809,12.75063133239746,1724900
2015-06-24,NWS,14.640000343322754,14.760000228881836,14.4399995803833,14.470000267028809,12.75063133239746,1724900
2015-06-25,NWS,14.479999542236328,14.539999961853027,14.329999923706056,14.34000015258789,12.63607692718506,1389500
2015-06-25,NWS,14.479999542236328,14.539999961853027,14.329999923706056,14.34000015258789,12.63607692718506,1389500
2015-06-26,NWS,14.40999984741211,14.739999771118164,14.270000457763672,14.619999885559082,12.882807731628418,8440600
2015-06-26,NWS,14.40999984741211,14.739999771118164,14.270000457763672,14.619999885559082,12.882807731628418,8440600
2015-06-29,NWS,14.539999961853027,14.609999656677246,14.020000457763672,14.029999732971191,12.36291217803955,1247600
2015-06-29,NWS,14.539999961853027,14.609999656677246,14.020000457763672,14.029999732971191,12.36291217803955,1247600
2015-06-30,NWS,14.09000015258789,14.300000190734863,13.90999984741211,14.239999771118164,12.547961235046388,1557200
2015-06-30,NWS,14.09000015258789,14.300000190734863,13.90999984741211,14.239999771118164,12.547961235046388,1557200
2015-07-01,NWS,14.350000381469728,14.399999618530272,14.220000267028809,14.300000190734863,12.600831031799316,1063600
2015-07-01,NWS,14.350000381469728,14.399999618530272,14.220000267028809,14.300000190734863,12.600831031799316,1063600
2015-07-02,NWS,14.359999656677246,14.649999618530272,14.199999809265137,14.210000038146973,12.521524429321287,1097800
2015-07-02,NWS,14.359999656677246,14.649999618530272,14.199999809265137,14.210000038146973,12.521524429321287,1097800
2015-07-06,NWS,14.050000190734863,14.09000015258789,13.789999961853027,13.829999923706056,12.186675071716309,2606800
2015-07-06,NWS,14.050000190734863,14.09000015258789,13.789999961853027,13.829999923706056,12.186675071716309,2606800
2015-07-07,NWS,13.829999923706056,14.0600004196167,13.640000343322754,14.029999732971191,12.36291217803955,1439600
2015-07-07,NWS,13.829999923706056,14.0600004196167,13.640000343322754,14.029999732971191,12.36291217803955,1439600
2015-07-08,NWS,13.9399995803833,13.989999771118164,13.770000457763672,13.8100004196167,12.169052124023438,1055600
2015-07-08,NWS,13.9399995803833,13.989999771118164,13.770000457763672,13.8100004196167,12.169052124023438,1055600
2015-07-09,NWS,13.920000076293944,14.020000457763672,13.739999771118164,13.75,12.116182327270508,1022900
2015-07-09,NWS,13.920000076293944,14.020000457763672,13.739999771118164,13.75,12.116182327270508,1022900
2015-07-10,NWS,13.850000381469728,13.970000267028809,13.760000228881836,13.829999923706056,12.186675071716309,425900
2015-07-10,NWS,13.850000381469728,13.970000267028809,13.760000228881836,13.829999923706056,12.186675071716309,425900
2015-07-13,NWS,13.90999984741211,14.079999923706056,13.899999618530272,14.0,12.33647632598877,1106400
2015-07-13,NWS,13.90999984741211,14.079999923706056,13.899999618530272,14.0,12.33647632598877,1106400
2015-07-14,NWS,13.960000038146973,14.039999961853027,13.90999984741211,14.020000457763672,12.354100227355955,472000
2015-07-14,NWS,13.960000038146973,14.039999961853027,13.90999984741211,14.020000457763672,12.354100227355955,472000
2015-07-15,NWS,14.020000457763672,14.109999656677246,13.949999809265137,14.100000381469728,12.424592971801758,822900
2015-07-15,NWS,14.020000457763672,14.109999656677246,13.949999809265137,14.100000381469728,12.424592971801758,822900
2015-07-16,NWS,14.170000076293944,14.289999961853027,14.140000343322754,14.289999961853027,12.592018127441406,619500
2015-07-16,NWS,14.170000076293944,14.289999961853027,14.140000343322754,14.289999961853027,12.592018127441406,619500
2015-07-17,NWS,14.350000381469728,14.420000076293944,14.229999542236328,14.350000381469728,12.644889831542969,893000
2015-07-17,NWS,14.350000381469728,14.420000076293944,14.229999542236328,14.350000381469728,12.644889831542969,893000
2015-07-20,NWS,14.399999618530272,14.489999771118164,14.3100004196167,14.479999542236328,12.759442329406738,571600
2015-07-20,NWS,14.399999618530272,14.489999771118164,14.3100004196167,14.479999542236328,12.759442329406738,571600
2015-07-21,NWS,14.43000030517578,14.460000038146973,14.220000267028809,14.239999771118164,12.547961235046388,740500
2015-07-21,NWS,14.43000030517578,14.460000038146973,14.220000267028809,14.239999771118164,12.547961235046388,740500
2015-07-22,NWS,14.210000038146973,14.359999656677246,14.119999885559082,14.260000228881836,12.56558322906494,972200
2015-07-22,NWS,14.210000038146973,14.359999656677246,14.119999885559082,14.260000228881836,12.56558322906494,972200
2015-07-23,NWS,14.25,14.40999984741211,14.15999984741211,14.40999984741211,12.697758674621582,922000
2015-07-23,NWS,14.25,14.40999984741211,14.15999984741211,14.40999984741211,12.697758674621582,922000
2015-07-24,NWS,14.399999618530272,14.470000267028809,14.210000038146973,14.43000030517578,12.715384483337402,1434700
2015-07-24,NWS,14.399999618530272,14.470000267028809,14.210000038146973,14.43000030517578,12.715384483337402,1434700
2015-07-27,NWS,14.399999618530272,14.619999885559082,14.300000190734863,14.350000381469728,12.644889831542969,1272100
2015-07-27,NWS,14.399999618530272,14.619999885559082,14.300000190734863,14.350000381469728,12.644889831542969,1272100
2015-07-28,NWS,14.449999809265137,14.449999809265137,14.0,14.289999961853027,12.592018127441406,688800
2015-07-28,NWS,14.449999809265137,14.449999809265137,14.0,14.289999961853027,12.592018127441406,688800
2015-07-29,NWS,14.260000228881836,14.380000114440918,14.170000076293944,14.34000015258789,12.63607692718506,1447800
2015-07-29,NWS,14.260000228881836,14.380000114440918,14.170000076293944,14.34000015258789,12.63607692718506,1447800
2015-07-30,NWS,14.279999732971191,14.31999969482422,14.130000114440918,14.289999961853027,12.592018127441406,901200
2015-07-30,NWS,14.279999732971191,14.31999969482422,14.130000114440918,14.289999961853027,12.592018127441406,901200
2015-07-31,NWS,14.34000015258789,14.449999809265137,14.229999542236328,14.270000457763672,12.57439422607422,702600
2015-07-31,NWS,14.34000015258789,14.449999809265137,14.229999542236328,14.270000457763672,12.57439422607422,702600
2015-08-03,NWS,14.329999923706056,14.329999923706056,14.0,14.0600004196167,12.389348030090332,1018100
2015-08-03,NWS,14.329999923706056,14.329999923706056,14.0,14.0600004196167,12.389348030090332,1018100
2015-08-04,NWS,14.050000190734863,14.3100004196167,14.020000457763672,14.130000114440918,12.45102882385254,629400
2015-08-04,NWS,14.050000190734863,14.3100004196167,14.020000457763672,14.130000114440918,12.45102882385254,629400
2015-08-05,NWS,14.220000267028809,14.279999732971191,14.079999923706056,14.199999809265137,12.512709617614746,1037800
2015-08-05,NWS,14.220000267028809,14.279999732971191,14.079999923706056,14.199999809265137,12.512709617614746,1037800
2015-08-06,NWS,14.220000267028809,14.220000267028809,13.460000038146973,13.710000038146973,12.08093547821045,1560500
2015-08-06,NWS,14.220000267028809,14.220000267028809,13.460000038146973,13.710000038146973,12.08093547821045,1560500
2015-08-07,NWS,13.640000343322754,13.84000015258789,13.5,13.829999923706056,12.186675071716309,431500
2015-08-07,NWS,13.640000343322754,13.84000015258789,13.5,13.829999923706056,12.186675071716309,431500
2015-08-10,NWS,13.880000114440918,14.0600004196167,13.779999732971191,14.020000457763672,12.354100227355955,682700
2015-08-10,NWS,13.880000114440918,14.0600004196167,13.779999732971191,14.020000457763672,12.354100227355955,682700
2015-08-11,NWS,13.9399995803833,14.0,13.640000343322754,13.739999771118164,12.107370376586914,1136400
2015-08-11,NWS,13.9399995803833,14.0,13.640000343322754,13.739999771118164,12.107370376586914,1136400
2015-08-12,NWS,13.59000015258789,13.979999542236328,13.489999771118164,13.850000381469728,12.204298973083496,1230000
2015-08-12,NWS,13.59000015258789,13.979999542236328,13.489999771118164,13.850000381469728,12.204298973083496,1230000
2015-08-13,NWS,14.4399995803833,15.619999885559082,14.4399995803833,14.890000343322754,13.12072467803955,1712500
2015-08-13,NWS,14.4399995803833,15.619999885559082,14.4399995803833,14.890000343322754,13.12072467803955,1712500
2015-08-14,NWS,14.850000381469728,15.010000228881836,14.81999969482422,14.90999984741211,13.138345718383787,1362200
2015-08-14,NWS,14.850000381469728,15.010000228881836,14.81999969482422,14.90999984741211,13.138345718383787,1362200
2015-08-17,NWS,14.880000114440918,15.09000015258789,14.880000114440918,15.0600004196167,13.270522117614746,1247800
2015-08-17,NWS,14.880000114440918,15.09000015258789,14.880000114440918,15.0600004196167,13.270522117614746,1247800
2015-08-18,NWS,15.0,15.09000015258789,14.920000076293944,14.979999542236328,13.200027465820312,1000300
2015-08-18,NWS,15.0,15.09000015258789,14.920000076293944,14.979999542236328,13.200027465820312,1000300
2015-08-19,NWS,14.979999542236328,15.029999732971191,14.739999771118164,14.890000343322754,13.12072467803955,895400
2015-08-19,NWS,14.979999542236328,15.029999732971191,14.739999771118164,14.890000343322754,13.12072467803955,895400
2015-08-20,NWS,14.75,14.779999732971191,14.149999618530272,14.170000076293944,12.486278533935549,1032000
2015-08-20,NWS,14.75,14.779999732971191,14.149999618530272,14.170000076293944,12.486278533935549,1032000
2015-08-21,NWS,14.100000381469728,14.25,13.850000381469728,13.869999885559082,12.221923828125,2112700
2015-08-21,NWS,14.100000381469728,14.25,13.850000381469728,13.869999885559082,12.221923828125,2112700
2015-08-24,NWS,13.100000381469728,13.25,12.619999885559082,13.039999961853027,11.49054718017578,3264900
2015-08-24,NWS,13.100000381469728,13.25,12.619999885559082,13.039999961853027,11.49054718017578,3264900
2015-08-25,NWS,13.479999542236328,13.68000030517578,13.100000381469728,13.170000076293944,11.605100631713867,4156100
2015-08-25,NWS,13.479999542236328,13.68000030517578,13.100000381469728,13.170000076293944,11.605100631713867,4156100
2015-08-26,NWS,13.479999542236328,13.59000015258789,13.029999732971191,13.43000030517578,11.834205627441406,2289100
2015-08-26,NWS,13.479999542236328,13.59000015258789,13.029999732971191,13.43000030517578,11.834205627441406,2289100
2015-08-27,NWS,13.579999923706056,13.869999885559082,13.479999542236328,13.8100004196167,12.169052124023438,1585500
2015-08-27,NWS,13.579999923706056,13.869999885559082,13.479999542236328,13.8100004196167,12.169052124023438,1585500
2015-08-28,NWS,13.75,14.100000381469728,13.75,14.020000457763672,12.354100227355955,1300400
2015-08-28,NWS,13.75,14.100000381469728,13.75,14.020000457763672,12.354100227355955,1300400
2015-08-31,NWS,13.93000030517578,13.9399995803833,13.670000076293944,13.829999923706056,12.186675071716309,1245000
2015-08-31,NWS,13.93000030517578,13.9399995803833,13.670000076293944,13.829999923706056,12.186675071716309,1245000
2015-09-01,NWS,13.579999923706056,13.600000381469728,13.210000038146973,13.3100004196167,11.72846508026123,2551200
2015-09-01,NWS,13.579999923706056,13.600000381469728,13.210000038146973,13.3100004196167,11.72846508026123,2551200
2015-09-02,NWS,13.460000038146973,13.75,13.1899995803833,13.329999923706056,11.746088027954102,2068100
2015-09-02,NWS,13.460000038146973,13.75,13.1899995803833,13.329999923706056,11.746088027954102,2068100
2015-09-03,NWS,13.329999923706056,13.739999771118164,13.25,13.579999923706056,11.96638298034668,1266300
2015-09-03,NWS,13.329999923706056,13.739999771118164,13.25,13.579999923706056,11.96638298034668,1266300
2015-09-04,NWS,13.380000114440918,13.460000038146973,13.050000190734863,13.09000015258789,11.534605979919434,1215000
2015-09-04,NWS,13.380000114440918,13.460000038146973,13.050000190734863,13.09000015258789,11.534605979919434,1215000
2015-09-08,NWS,13.34000015258789,13.510000228881836,13.260000228881836,13.460000038146973,11.860641479492188,1508200
2015-09-08,NWS,13.34000015258789,13.510000228881836,13.260000228881836,13.460000038146973,11.860641479492188,1508200
2015-09-09,NWS,13.5600004196167,13.65999984741211,13.300000190734863,13.329999923706056,11.746088027954102,1315100
2015-09-09,NWS,13.5600004196167,13.65999984741211,13.300000190734863,13.329999923706056,11.746088027954102,1315100
2015-09-10,NWS,13.289999961853027,13.380000114440918,13.109999656677246,13.149999618530272,11.587474822998049,1327300
2015-09-10,NWS,13.289999961853027,13.380000114440918,13.109999656677246,13.149999618530272,11.587474822998049,1327300
2015-09-11,NWS,13.079999923706056,13.170000076293944,13.010000228881836,13.149999618530272,11.587474822998049,966500
2015-09-11,NWS,13.079999923706056,13.170000076293944,13.010000228881836,13.149999618530272,11.587474822998049,966500
2015-09-14,NWS,13.0600004196167,13.06999969482422,12.829999923706056,12.899999618530272,11.454285621643066,1234200
2015-09-14,NWS,13.0600004196167,13.06999969482422,12.829999923706056,12.899999618530272,11.454285621643066,1234200
2015-09-15,NWS,12.93000030517578,13.050000190734863,12.8100004196167,12.979999542236328,11.525320053100586,936700
2015-09-15,NWS,12.93000030517578,13.050000190734863,12.8100004196167,12.979999542236328,11.525320053100586,936700
2015-09-16,NWS,12.989999771118164,13.0600004196167,12.850000381469728,13.0,11.543081283569336,1358600
2015-09-16,NWS,12.989999771118164,13.0600004196167,12.850000381469728,13.0,11.543081283569336,1358600
2015-09-17,NWS,12.960000038146973,13.470000267028809,12.859999656677246,13.149999618530272,11.67626667022705,3200800
2015-09-17,NWS,12.960000038146973,13.470000267028809,12.859999656677246,13.149999618530272,11.67626667022705,3200800
2015-09-18,NWS,13.260000228881836,13.260000228881836,12.789999961853027,12.829999923706056,11.392132759094238,18792600
2015-09-18,NWS,13.260000228881836,13.260000228881836,12.789999961853027,12.829999923706056,11.392132759094238,18792600
2015-09-21,NWS,12.880000114440918,13.220000267028809,12.859999656677246,12.899999618530272,11.454285621643066,2148300
2015-09-21,NWS,12.880000114440918,13.220000267028809,12.859999656677246,12.899999618530272,11.454285621643066,2148300
2015-09-22,NWS,12.729999542236328,13.010000228881836,12.6899995803833,12.90999984741211,11.463165283203123,3045300
2015-09-22,NWS,12.729999542236328,13.010000228881836,12.6899995803833,12.90999984741211,11.463165283203123,3045300
2015-09-23,NWS,12.899999618530272,12.9399995803833,12.729999542236328,12.829999923706056,11.392132759094238,1316600
2015-09-23,NWS,12.899999618530272,12.9399995803833,12.729999542236328,12.829999923706056,11.392132759094238,1316600
2015-09-24,NWS,12.710000038146973,12.960000038146973,12.710000038146973,12.880000114440918,11.436527252197266,1146300
2015-09-24,NWS,12.710000038146973,12.960000038146973,12.710000038146973,12.880000114440918,11.436527252197266,1146300
2015-09-25,NWS,13.0,13.0,12.789999961853027,12.859999656677246,11.418767929077148,1250800
2015-09-25,NWS,13.0,13.0,12.789999961853027,12.859999656677246,11.418767929077148,1250800
2015-09-28,NWS,13.0,13.0,12.43000030517578,12.4399995803833,11.045839309692385,1776300
2015-09-28,NWS,13.0,13.0,12.43000030517578,12.4399995803833,11.045839309692385,1776300
2015-09-29,NWS,12.470000267028809,12.609999656677246,12.329999923706056,12.420000076293944,11.028080940246582,1078500
2015-09-29,NWS,12.470000267028809,12.609999656677246,12.329999923706056,12.420000076293944,11.028080940246582,1078500
2015-09-30,NWS,12.619999885559082,12.829999923706056,12.420000076293944,12.81999969482422,11.38325309753418,1144200
2015-09-30,NWS,12.619999885559082,12.829999923706056,12.420000076293944,12.81999969482422,11.38325309753418,1144200
2015-10-01,NWS,12.850000381469728,13.06999969482422,12.649999618530272,12.869999885559082,11.42764949798584,1287900
2015-10-01,NWS,12.850000381469728,13.06999969482422,12.649999618530272,12.869999885559082,11.42764949798584,1287900
2015-10-02,NWS,12.25,13.140000343322754,12.239999771118164,13.140000343322754,11.667391777038574,1408300
2015-10-02,NWS,12.25,13.140000343322754,12.239999771118164,13.140000343322754,11.667391777038574,1408300
2015-10-05,NWS,13.260000228881836,13.520000457763672,13.220000267028809,13.479999542236328,11.96928596496582,1144600
2015-10-05,NWS,13.260000228881836,13.520000457763672,13.220000267028809,13.479999542236328,11.96928596496582,1144600
2015-10-06,NWS,13.4399995803833,13.649999618530272,13.380000114440918,13.550000190734863,12.031438827514648,1666600
2015-10-06,NWS,13.4399995803833,13.649999618530272,13.380000114440918,13.550000190734863,12.031438827514648,1666600
2015-10-07,NWS,13.56999969482422,13.829999923706056,13.529999732971191,13.6899995803833,12.15574836730957,1622700
2015-10-07,NWS,13.56999969482422,13.829999923706056,13.529999732971191,13.6899995803833,12.15574836730957,1622700
2015-10-08,NWS,13.65999984741211,14.100000381469728,13.65999984741211,14.100000381469728,12.519800186157228,1436000
2015-10-08,NWS,13.65999984741211,14.100000381469728,13.65999984741211,14.100000381469728,12.519800186157228,1436000
2015-10-09,NWS,14.09000015258789,14.15999984741211,13.899999618530272,14.109999656677246,12.528681755065918,1009300
2015-10-09,NWS,14.09000015258789,14.15999984741211,13.899999618530272,14.109999656677246,12.528681755065918,1009300
2015-10-12,NWS,14.09000015258789,14.199999809265137,14.0,14.09000015258789,12.510921478271484,728700
2015-10-12,NWS,14.09000015258789,14.199999809265137,14.0,14.09000015258789,12.510921478271484,728700
2015-10-13,NWS,14.050000190734863,14.210000038146973,13.970000267028809,14.029999732971191,12.457645416259766,509300
2015-10-13,NWS,14.050000190734863,14.210000038146973,13.970000267028809,14.029999732971191,12.457645416259766,509300
2015-10-14,NWS,14.0600004196167,14.25,13.970000267028809,14.1899995803833,12.599716186523438,834100
2015-10-14,NWS,14.0600004196167,14.25,13.970000267028809,14.1899995803833,12.599716186523438,834100
2015-10-15,NWS,14.220000267028809,14.460000038146973,14.09000015258789,14.449999809265137,12.83057689666748,1025300
2015-10-15,NWS,14.220000267028809,14.460000038146973,14.09000015258789,14.449999809265137,12.83057689666748,1025300
2015-10-16,NWS,14.510000228881836,14.699999809265137,14.18000030517578,14.670000076293944,13.025922775268556,664900
2015-10-16,NWS,14.510000228881836,14.699999809265137,14.18000030517578,14.670000076293944,13.025922775268556,664900
2015-10-19,NWS,14.56999969482422,14.770000457763672,14.529999732971191,14.760000228881836,13.1058349609375,928900
2015-10-19,NWS,14.56999969482422,14.770000457763672,14.529999732971191,14.760000228881836,13.1058349609375,928900
2015-10-20,NWS,14.75,14.81999969482422,14.640000343322754,14.789999961853027,13.132472038269045,814500
2015-10-20,NWS,14.75,14.81999969482422,14.640000343322754,14.789999961853027,13.132472038269045,814500
2015-10-21,NWS,14.81999969482422,14.850000381469728,14.40999984741211,14.420000076293944,12.803937911987305,827600
2015-10-21,NWS,14.81999969482422,14.850000381469728,14.40999984741211,14.420000076293944,12.803937911987305,827600
2015-10-22,NWS,14.529999732971191,14.869999885559082,14.420000076293944,14.84000015258789,13.17686939239502,987100
2015-10-22,NWS,14.529999732971191,14.869999885559082,14.420000076293944,14.84000015258789,13.17686939239502,987100
2015-10-23,NWS,14.90999984741211,15.15999984741211,14.81999969482422,15.149999618530272,13.45212745666504,1095200
2015-10-23,NWS,14.90999984741211,15.15999984741211,14.81999969482422,15.149999618530272,13.45212745666504,1095200
2015-10-26,NWS,15.149999618530272,15.199999809265137,14.609999656677246,14.850000381469728,13.185750007629396,833300
2015-10-26,NWS,15.149999618530272,15.199999809265137,14.609999656677246,14.850000381469728,13.185750007629396,833300
2015-10-27,NWS,14.760000228881836,14.8100004196167,14.550000190734863,14.729999542236328,13.079197883605955,1296000
2015-10-27,NWS,14.760000228881836,14.8100004196167,14.550000190734863,14.729999542236328,13.079197883605955,1296000
2015-10-28,NWS,14.829999923706056,15.029999732971191,14.640000343322754,15.020000457763672,13.336695671081545,1489900
2015-10-28,NWS,14.829999923706056,15.029999732971191,14.640000343322754,15.020000457763672,13.336695671081545,1489900
2015-10-29,NWS,14.979999542236328,15.239999771118164,14.640000343322754,15.170000076293944,13.469886779785156,989100
2015-10-29,NWS,14.979999542236328,15.239999771118164,14.640000343322754,15.170000076293944,13.469886779785156,989100
2015-10-30,NWS,15.210000038146973,15.510000228881836,15.020000457763672,15.479999542236328,13.745141983032228,1418000
2015-10-30,NWS,15.210000038146973,15.510000228881836,15.020000457763672,15.479999542236328,13.745141983032228,1418000
2015-11-02,NWS,15.470000267028809,15.739999771118164,15.25,15.6899995803833,13.931610107421877,1062400
2015-11-02,NWS,15.470000267028809,15.739999771118164,15.25,15.6899995803833,13.931610107421877,1062400
2015-11-03,NWS,15.619999885559082,15.720000267028809,15.43000030517578,15.56999969482422,13.825058937072754,893400
2015-11-03,NWS,15.619999885559082,15.720000267028809,15.43000030517578,15.56999969482422,13.825058937072754,893400
2015-11-04,NWS,15.630000114440918,15.670000076293944,15.390000343322754,15.609999656677246,13.860572814941406,1336700
2015-11-04,NWS,15.630000114440918,15.670000076293944,15.390000343322754,15.609999656677246,13.860572814941406,1336700
2015-11-05,NWS,15.56999969482422,15.619999885559082,15.350000381469728,15.390000343322754,13.665230751037598,1161100
2015-11-05,NWS,15.56999969482422,15.619999885559082,15.350000381469728,15.390000343322754,13.665230751037598,1161100
2015-11-06,NWS,15.420000076293944,15.600000381469728,14.800000190734863,15.140000343322754,13.44324779510498,1701700
2015-11-06,NWS,15.420000076293944,15.600000381469728,14.800000190734863,15.140000343322754,13.44324779510498,1701700
2015-11-09,NWS,15.0600004196167,15.0600004196167,14.510000228881836,14.68000030517578,13.034799575805664,1784100
2015-11-09,NWS,15.0600004196167,15.0600004196167,14.510000228881836,14.68000030517578,13.034799575805664,1784100
2015-11-10,NWS,14.630000114440918,14.720000267028809,14.5,14.640000343322754,12.99928379058838,840200
2015-11-10,NWS,14.630000114440918,14.720000267028809,14.5,14.640000343322754,12.99928379058838,840200
2015-11-11,NWS,14.68000030517578,14.75,14.479999542236328,14.59000015258789,12.95488739013672,1126900
2015-11-11,NWS,14.68000030517578,14.75,14.479999542236328,14.59000015258789,12.95488739013672,1126900
2015-11-12,NWS,14.449999809265137,14.729999542236328,14.25,14.279999732971191,12.679627418518066,1294000
2015-11-12,NWS,14.449999809265137,14.729999542236328,14.25,14.279999732971191,12.679627418518066,1294000
2015-11-13,NWS,14.270000457763672,14.270000457763672,13.93000030517578,13.960000038146973,12.395490646362305,1416900
2015-11-13,NWS,14.270000457763672,14.270000457763672,13.93000030517578,13.960000038146973,12.395490646362305,1416900
2015-11-16,NWS,13.970000267028809,14.279999732971191,13.880000114440918,14.260000228881836,12.661870956420898,952200
2015-11-16,NWS,13.970000267028809,14.279999732971191,13.880000114440918,14.260000228881836,12.661870956420898,952200
2015-11-17,NWS,14.239999771118164,14.43000030517578,14.0,14.229999542236328,12.635229110717772,677000
2015-11-17,NWS,14.239999771118164,14.43000030517578,14.0,14.229999542236328,12.635229110717772,677000
2015-11-18,NWS,14.300000190734863,14.369999885559082,14.1899995803833,14.359999656677246,12.750662803649902,678200
2015-11-18,NWS,14.300000190734863,14.369999885559082,14.1899995803833,14.359999656677246,12.750662803649902,678200
2015-11-19,NWS,14.359999656677246,14.399999618530272,14.15999984741211,14.260000228881836,12.661870956420898,1111200
2015-11-19,NWS,14.359999656677246,14.399999618530272,14.15999984741211,14.260000228881836,12.661870956420898,1111200
2015-11-20,NWS,14.329999923706056,14.470000267028809,14.239999771118164,14.420000076293944,12.803937911987305,911800
2015-11-20,NWS,14.329999923706056,14.470000267028809,14.239999771118164,14.420000076293944,12.803937911987305,911800
2015-11-23,NWS,14.420000076293944,14.630000114440918,14.260000228881836,14.460000038146973,12.839454650878906,574400
2015-11-23,NWS,14.420000076293944,14.630000114440918,14.260000228881836,14.460000038146973,12.839454650878906,574400
2015-11-24,NWS,14.399999618530272,14.609999656677246,14.369999885559082,14.600000381469728,12.963767051696776,704700
2015-11-24,NWS,14.399999618530272,14.609999656677246,14.369999885559082,14.600000381469728,12.963767051696776,704700
2015-11-25,NWS,14.619999885559082,14.630000114440918,14.479999542236328,14.600000381469728,12.963767051696776,547000
2015-11-25,NWS,14.619999885559082,14.630000114440918,14.479999542236328,14.600000381469728,12.963767051696776,547000
2015-11-27,NWS,14.609999656677246,14.65999984741211,14.31999969482422,14.369999885559082,12.759543418884276,286000
2015-11-27,NWS,14.609999656677246,14.65999984741211,14.31999969482422,14.369999885559082,12.759543418884276,286000
2015-11-30,NWS,14.390000343322754,14.520000457763672,14.289999961853027,14.460000038146973,12.839454650878906,1065800
2015-11-30,NWS,14.390000343322754,14.520000457763672,14.289999961853027,14.460000038146973,12.839454650878906,1065800
2015-12-01,NWS,14.5600004196167,14.800000190734863,14.510000228881836,14.779999732971191,13.123594284057615,624600
2015-12-01,NWS,14.5600004196167,14.800000190734863,14.510000228881836,14.779999732971191,13.123594284057615,624600
2015-12-02,NWS,14.770000457763672,14.800000190734863,14.550000190734863,14.609999656677246,12.97264289855957,731000
2015-12-02,NWS,14.770000457763672,14.800000190734863,14.550000190734863,14.609999656677246,12.97264289855957,731000
2015-12-03,NWS,14.609999656677246,14.6899995803833,13.829999923706056,14.039999961853027,12.46652603149414,1904100
2015-12-03,NWS,14.609999656677246,14.6899995803833,13.829999923706056,14.039999961853027,12.46652603149414,1904100
2015-12-04,NWS,14.079999923706056,14.329999923706056,13.960000038146973,14.3100004196167,12.706268310546877,827200
2015-12-04,NWS,14.079999923706056,14.329999923706056,13.960000038146973,14.3100004196167,12.706268310546877,827200
2015-12-07,NWS,14.260000228881836,14.3100004196167,14.100000381469728,14.170000076293944,12.581957817077637,863000
2015-12-07,NWS,14.260000228881836,14.3100004196167,14.100000381469728,14.170000076293944,12.581957817077637,863000
2015-12-08,NWS,13.989999771118164,14.029999732971191,13.760000228881836,13.789999961853027,12.244543075561523,685000
2015-12-08,NWS,13.989999771118164,14.029999732971191,13.760000228881836,13.789999961853027,12.244543075561523,685000
2015-12-09,NWS,13.710000038146973,14.06999969482422,13.6899995803833,13.81999969482422,12.271181106567385,1177200
2015-12-09,NWS,13.710000038146973,14.06999969482422,13.6899995803833,13.81999969482422,12.271181106567385,1177200
2015-12-10,NWS,13.779999732971191,14.220000267028809,13.779999732971191,14.109999656677246,12.528681755065918,870000
2015-12-10,NWS,13.779999732971191,14.220000267028809,13.779999732971191,14.109999656677246,12.528681755065918,870000
2015-12-11,NWS,13.869999885559082,13.949999809265137,13.600000381469728,13.65999984741211,12.12911319732666,609100
2015-12-11,NWS,13.869999885559082,13.949999809265137,13.600000381469728,13.65999984741211,12.12911319732666,609100
2015-12-14,NWS,13.720000267028809,13.75,13.479999542236328,13.640000343322754,12.111353874206545,1187800
2015-12-14,NWS,13.720000267028809,13.75,13.479999542236328,13.640000343322754,12.111353874206545,1187800
2015-12-15,NWS,13.770000457763672,14.0,13.68000030517578,13.8100004196167,12.26230239868164,875600
2015-12-15,NWS,13.770000457763672,14.0,13.68000030517578,13.8100004196167,12.26230239868164,875600
2015-12-16,NWS,13.890000343322754,14.170000076293944,13.829999923706056,14.079999923706056,12.50204372406006,1000700
2015-12-16,NWS,13.890000343322754,14.170000076293944,13.829999923706056,14.079999923706056,12.50204372406006,1000700
2015-12-17,NWS,14.100000381469728,14.15999984741211,13.75,13.75,12.209026336669922,972300
2015-12-17,NWS,14.100000381469728,14.15999984741211,13.75,13.75,12.209026336669922,972300
2015-12-18,NWS,13.68000030517578,13.789999961853027,13.550000190734863,13.619999885559082,12.09359645843506,2137800
2015-12-18,NWS,13.68000030517578,13.789999961853027,13.550000190734863,13.619999885559082,12.09359645843506,2137800
2015-12-21,NWS,13.710000038146973,13.850000381469728,13.5600004196167,13.829999923706056,12.280058860778809,1550200
2015-12-21,NWS,13.710000038146973,13.850000381469728,13.5600004196167,13.829999923706056,12.280058860778809,1550200
2015-12-22,NWS,13.890000343322754,13.9399995803833,13.710000038146973,13.850000381469728,12.297819137573242,1008100
2015-12-22,NWS,13.890000343322754,13.9399995803833,13.710000038146973,13.850000381469728,12.297819137573242,1008100
2015-12-23,NWS,13.979999542236328,14.3100004196167,13.9399995803833,14.25,12.65298843383789,1544300
2015-12-23,NWS,13.979999542236328,14.3100004196167,13.9399995803833,14.25,12.65298843383789,1544300
2015-12-24,NWS,14.260000228881836,14.449999809265137,14.220000267028809,14.229999542236328,12.635229110717772,455400
2015-12-24,NWS,14.260000228881836,14.449999809265137,14.220000267028809,14.229999542236328,12.635229110717772,455400
2015-12-28,NWS,14.140000343322754,14.449999809265137,13.880000114440918,14.0600004196167,12.484283447265623,489300
2015-12-28,NWS,14.140000343322754,14.449999809265137,13.880000114440918,14.0600004196167,12.484283447265623,489300
2015-12-29,NWS,14.140000343322754,14.34000015258789,14.140000343322754,14.289999961853027,12.688507080078123,644200
2015-12-29,NWS,14.140000343322754,14.34000015258789,14.140000343322754,14.289999961853027,12.688507080078123,644200
2015-12-30,NWS,14.220000267028809,14.369999885559082,14.0600004196167,14.100000381469728,12.519800186157228,580800
2015-12-30,NWS,14.220000267028809,14.369999885559082,14.0600004196167,14.100000381469728,12.519800186157228,580800
2015-12-31,NWS,14.029999732971191,14.100000381469728,13.9399995803833,13.960000038146973,12.395490646362305,564800
2015-12-31,NWS,14.029999732971191,14.100000381469728,13.9399995803833,13.960000038146973,12.395490646362305,564800
2016-01-04,NWS,13.710000038146973,13.729999542236328,13.550000190734863,13.670000076293944,12.137990951538086,1400000
2016-01-04,NWS,13.710000038146973,13.729999542236328,13.550000190734863,13.670000076293944,12.137990951538086,1400000
2016-01-05,NWS,13.65999984741211,13.710000038146973,13.0600004196167,13.109999656677246,11.640750885009766,2102000
2016-01-05,NWS,13.65999984741211,13.710000038146973,13.0600004196167,13.109999656677246,11.640750885009766,2102000
2016-01-06,NWS,12.899999618530272,13.31999969482422,12.81999969482422,13.229999542236328,11.747302055358888,1916000
2016-01-06,NWS,12.899999618530272,13.31999969482422,12.81999969482422,13.229999542236328,11.747302055358888,1916000
2016-01-07,NWS,12.960000038146973,13.130000114440918,12.899999618530272,13.010000228881836,11.551959037780762,1825500
2016-01-07,NWS,12.960000038146973,13.130000114440918,12.899999618530272,13.010000228881836,11.551959037780762,1825500
2016-01-08,NWS,13.119999885559082,13.149999618530272,12.899999618530272,13.010000228881836,11.551959037780762,1434600
2016-01-08,NWS,13.119999885559082,13.149999618530272,12.899999618530272,13.010000228881836,11.551959037780762,1434600
2016-01-11,NWS,13.06999969482422,13.100000381469728,12.5,12.65999984741211,11.24118423461914,1731500
2016-01-11,NWS,13.06999969482422,13.100000381469728,12.5,12.65999984741211,11.24118423461914,1731500
2016-01-12,NWS,12.789999961853027,12.899999618530272,12.640000343322754,12.829999923706056,11.392132759094238,832700
2016-01-12,NWS,12.789999961853027,12.899999618530272,12.640000343322754,12.829999923706056,11.392132759094238,832700
2016-01-13,NWS,12.880000114440918,12.949999809265137,12.460000038146973,12.529999732971191,11.125752449035645,901100
2016-01-13,NWS,12.880000114440918,12.949999809265137,12.460000038146973,12.529999732971191,11.125752449035645,901100
2016-01-14,NWS,12.579999923706056,13.170000076293944,12.539999961853027,13.09000015258789,11.62299346923828,1158600
2016-01-14,NWS,12.579999923706056,13.170000076293944,12.539999961853027,13.09000015258789,11.62299346923828,1158600
2016-01-15,NWS,12.6899995803833,13.039999961853027,12.609999656677246,12.8100004196167,11.374372482299805,1583000
2016-01-15,NWS,12.6899995803833,13.039999961853027,12.609999656677246,12.8100004196167,11.374372482299805,1583000
2016-01-19,NWS,12.970000267028809,12.970000267028809,12.489999771118164,12.729999542236328,11.303337097167969,1064800
2016-01-19,NWS,12.970000267028809,12.970000267028809,12.489999771118164,12.729999542236328,11.303337097167969,1064800
2016-01-20,NWS,12.550000190734863,12.630000114440918,12.130000114440918,12.479999542236328,11.081356048583984,1552900
2016-01-20,NWS,12.550000190734863,12.630000114440918,12.130000114440918,12.479999542236328,11.081356048583984,1552900
2016-01-21,NWS,12.510000228881836,12.90999984741211,12.390000343322754,12.720000267028809,11.294459342956545,653200
2016-01-21,NWS,12.510000228881836,12.90999984741211,12.390000343322754,12.720000267028809,11.294459342956545,653200
2016-01-22,NWS,12.960000038146973,13.06999969482422,12.869999885559082,13.039999961853027,11.578596115112305,1106100
2016-01-22,NWS,12.960000038146973,13.06999969482422,12.869999885559082,13.039999961853027,11.578596115112305,1106100
2016-01-25,NWS,12.970000267028809,13.050000190734863,12.779999732971191,12.829999923706056,11.392132759094238,818900
2016-01-25,NWS,12.970000267028809,13.050000190734863,12.779999732971191,12.829999923706056,11.392132759094238,818900
2016-01-26,NWS,12.90999984741211,13.18000030517578,12.779999732971191,13.15999984741211,11.685147285461426,773800
2016-01-26,NWS,12.90999984741211,13.18000030517578,12.779999732971191,13.15999984741211,11.685147285461426,773800
2016-01-27,NWS,13.100000381469728,13.329999923706056,12.989999771118164,13.0600004196167,11.596355438232422,666200
2016-01-27,NWS,13.100000381469728,13.329999923706056,12.989999771118164,13.0600004196167,11.596355438232422,666200
2016-01-28,NWS,13.220000267028809,13.300000190734863,12.899999618530272,13.18000030517578,11.702906608581545,596400
2016-01-28,NWS,13.220000267028809,13.300000190734863,12.899999618530272,13.18000030517578,11.702906608581545,596400
2016-01-29,NWS,13.25,13.390000343322754,13.1899995803833,13.350000381469728,11.853853225708008,716700
2016-01-29,NWS,13.25,13.390000343322754,13.1899995803833,13.350000381469728,11.853853225708008,716700
2016-02-01,NWS,13.1899995803833,13.329999923706056,12.880000114440918,13.119999885559082,11.649629592895508,850300
2016-02-01,NWS,13.1899995803833,13.329999923706056,12.880000114440918,13.119999885559082,11.649629592895508,850300
2016-02-02,NWS,12.979999542236328,12.979999542236328,12.5,12.56999969482422,11.161267280578612,898600
2016-02-02,NWS,12.979999542236328,12.979999542236328,12.5,12.56999969482422,11.161267280578612,898600
2016-02-03,NWS,12.699999809265137,12.850000381469728,12.350000381469728,12.6899995803833,11.267822265625,1637200
2016-02-03,NWS,12.699999809265137,12.850000381469728,12.350000381469728,12.6899995803833,11.267822265625,1637200
2016-02-04,NWS,12.65999984741211,12.989999771118164,12.65999984741211,12.779999732971191,11.347734451293944,2195600
2016-02-04,NWS,12.65999984741211,12.989999771118164,12.65999984741211,12.779999732971191,11.347734451293944,2195600
2016-02-05,NWS,12.359999656677246,12.359999656677246,11.510000228881836,11.920000076293944,10.584115028381348,5496100
2016-02-05,NWS,12.359999656677246,12.359999656677246,11.510000228881836,11.920000076293944,10.584115028381348,5496100
2016-02-08,NWS,11.729999542236328,11.8100004196167,10.960000038146973,11.260000228881836,9.998082160949709,2870500
2016-02-08,NWS,11.729999542236328,11.8100004196167,10.960000038146973,11.260000228881836,9.998082160949709,2870500
2016-02-09,NWS,11.079999923706056,11.289999961853027,10.960000038146973,11.09000015258789,9.847132682800291,1922700
2016-02-09,NWS,11.079999923706056,11.289999961853027,10.960000038146973,11.09000015258789,9.847132682800291,1922700
2016-02-10,NWS,11.119999885559082,11.40999984741211,11.109999656677246,11.130000114440918,9.88265323638916,1427000
2016-02-10,NWS,11.119999885559082,11.40999984741211,11.109999656677246,11.130000114440918,9.88265323638916,1427000
2016-02-11,NWS,11.119999885559082,11.119999885559082,10.739999771118164,10.890000343322754,9.669549942016602,1162000
2016-02-11,NWS,11.119999885559082,11.119999885559082,10.739999771118164,10.890000343322754,9.669549942016602,1162000
2016-02-12,NWS,11.039999961853027,11.289999961853027,11.029999732971191,11.270000457763672,10.006962776184082,2223700
2016-02-12,NWS,11.039999961853027,11.289999961853027,11.029999732971191,11.270000457763672,10.006962776184082,2223700
2016-02-16,NWS,11.460000038146973,11.65999984741211,11.3100004196167,11.539999961853027,10.2467041015625,1238800
2016-02-16,NWS,11.460000038146973,11.65999984741211,11.3100004196167,11.539999961853027,10.2467041015625,1238800
2016-02-17,NWS,11.68000030517578,11.84000015258789,11.510000228881836,11.600000381469728,10.29997730255127,1171600
2016-02-17,NWS,11.68000030517578,11.84000015258789,11.510000228881836,11.600000381469728,10.29997730255127,1171600
2016-02-18,NWS,11.640000343322754,11.640000343322754,11.43000030517578,11.449999809265137,10.166788101196287,965100
2016-02-18,NWS,11.640000343322754,11.640000343322754,11.43000030517578,11.449999809265137,10.166788101196287,965100
2016-02-19,NWS,11.449999809265137,11.68000030517578,11.329999923706056,11.59000015258789,10.291099548339844,1933800
2016-02-19,NWS,11.449999809265137,11.68000030517578,11.329999923706056,11.59000015258789,10.291099548339844,1933800
2016-02-22,NWS,11.739999771118164,11.81999969482422,11.640000343322754,11.75,10.433167457580566,600200
2016-02-22,NWS,11.739999771118164,11.81999969482422,11.640000343322754,11.75,10.433167457580566,600200
2016-02-23,NWS,11.68000030517578,11.84000015258789,11.600000381469728,11.619999885559082,10.317737579345703,1435700
2016-02-23,NWS,11.68000030517578,11.84000015258789,11.600000381469728,11.619999885559082,10.317737579345703,1435700
2016-02-24,NWS,11.4399995803833,11.56999969482422,11.380000114440918,11.550000190734863,10.255582809448242,689300
2016-02-24,NWS,11.4399995803833,11.56999969482422,11.380000114440918,11.550000190734863,10.255582809448242,689300
2016-02-25,NWS,11.56999969482422,11.59000015258789,11.300000190734863,11.489999771118164,10.202308654785156,904900
2016-02-25,NWS,11.56999969482422,11.59000015258789,11.300000190734863,11.489999771118164,10.202308654785156,904900
2016-02-26,NWS,11.56999969482422,11.65999984741211,11.460000038146973,11.579999923706056,10.282218933105469,496900
2016-02-26,NWS,11.56999969482422,11.65999984741211,11.460000038146973,11.579999923706056,10.282218933105469,496900
2016-02-29,NWS,11.579999923706056,11.630000114440918,11.40999984741211,11.40999984741211,10.131272315979004,837100
2016-02-29,NWS,11.579999923706056,11.630000114440918,11.40999984741211,11.40999984741211,10.131272315979004,837100
2016-03-01,NWS,11.489999771118164,11.529999732971191,11.300000190734863,11.399999618530272,10.122391700744627,920400
2016-03-01,NWS,11.489999771118164,11.529999732971191,11.300000190734863,11.399999618530272,10.122391700744627,920400
2016-03-02,NWS,11.359999656677246,11.579999923706056,11.350000381469728,11.56999969482422,10.273340225219728,650200
2016-03-02,NWS,11.359999656677246,11.579999923706056,11.350000381469728,11.56999969482422,10.273340225219728,650200
2016-03-03,NWS,11.56999969482422,11.600000381469728,11.420000076293944,11.579999923706056,10.282218933105469,787300
2016-03-03,NWS,11.56999969482422,11.600000381469728,11.420000076293944,11.579999923706056,10.282218933105469,787300
2016-03-04,NWS,11.640000343322754,11.8100004196167,11.489999771118164,11.729999542236328,10.415409088134766,1256400
2016-03-04,NWS,11.640000343322754,11.8100004196167,11.489999771118164,11.729999542236328,10.415409088134766,1256400
2016-03-07,NWS,11.579999923706056,11.989999771118164,11.579999923706056,11.949999809265137,10.701990127563477,623600
2016-03-07,NWS,11.579999923706056,11.989999771118164,11.579999923706056,11.949999809265137,10.701990127563477,623600
2016-03-08,NWS,11.90999984741211,11.949999809265137,11.56999969482422,11.59000015258789,10.379587173461914,843700
2016-03-08,NWS,11.90999984741211,11.949999809265137,11.56999969482422,11.59000015258789,10.379587173461914,843700
2016-03-09,NWS,11.65999984741211,12.020000457763672,11.630000114440918,11.84000015258789,10.60347843170166,1154400
2016-03-09,NWS,11.65999984741211,12.020000457763672,11.630000114440918,11.84000015258789,10.60347843170166,1154400
2016-03-10,NWS,11.859999656677246,11.90999984741211,11.550000190734863,11.729999542236328,10.504963874816896,792400
2016-03-10,NWS,11.859999656677246,11.90999984741211,11.550000190734863,11.729999542236328,10.504963874816896,792400
2016-03-11,NWS,11.859999656677246,12.399999618530272,11.699999809265137,12.399999618530272,11.104994773864746,750500
2016-03-11,NWS,11.859999656677246,12.399999618530272,11.699999809265137,12.399999618530272,11.104994773864746,750500
2016-03-14,NWS,12.350000381469728,12.390000343322754,12.039999961853027,12.149999618530272,10.881103515625,815900
2016-03-14,NWS,12.350000381469728,12.390000343322754,12.039999961853027,12.149999618530272,10.881103515625,815900
2016-03-15,NWS,12.050000190734863,12.31999969482422,11.960000038146973,12.289999961853027,11.00648021697998,1308100
2016-03-15,NWS,12.050000190734863,12.31999969482422,11.960000038146973,12.289999961853027,11.00648021697998,1308100
2016-03-16,NWS,12.270000457763672,12.800000190734863,12.220000267028809,12.779999732971191,11.445305824279783,3958400
2016-03-16,NWS,12.270000457763672,12.800000190734863,12.220000267028809,12.779999732971191,11.445305824279783,3958400
2016-03-17,NWS,12.789999961853027,13.279999732971191,12.789999961853027,13.100000381469728,11.731887817382812,901000
2016-03-17,NWS,12.789999961853027,13.279999732971191,12.789999961853027,13.100000381469728,11.731887817382812,901000
2016-03-18,NWS,13.15999984741211,13.279999732971191,12.880000114440918,12.90999984741211,11.561729431152344,1202200
2016-03-18,NWS,13.15999984741211,13.279999732971191,12.880000114440918,12.90999984741211,11.561729431152344,1202200
2016-03-21,NWS,12.899999618530272,13.050000190734863,12.829999923706056,13.010000228881836,11.651288032531738,515400
2016-03-21,NWS,12.899999618530272,13.050000190734863,12.829999923706056,13.010000228881836,11.651288032531738,515400
2016-03-22,NWS,12.920000076293944,13.220000267028809,12.920000076293944,13.199999809265137,11.82144260406494,979000
2016-03-22,NWS,12.920000076293944,13.220000267028809,12.920000076293944,13.199999809265137,11.82144260406494,979000
2016-03-23,NWS,13.18000030517578,13.300000190734863,13.010000228881836,13.020000457763672,11.660242080688477,1791500
2016-03-23,NWS,13.18000030517578,13.300000190734863,13.010000228881836,13.020000457763672,11.660242080688477,1791500
2016-03-24,NWS,12.90999984741211,13.0600004196167,12.81999969482422,13.050000190734863,11.68710994720459,662600
2016-03-24,NWS,12.90999984741211,13.0600004196167,12.81999969482422,13.050000190734863,11.68710994720459,662600
2016-03-28,NWS,13.109999656677246,13.390000343322754,13.039999961853027,13.359999656677246,11.964733123779297,864900
2016-03-28,NWS,13.109999656677246,13.390000343322754,13.039999961853027,13.359999656677246,11.964733123779297,864900
2016-03-29,NWS,13.31999969482422,13.449999809265137,13.18000030517578,13.399999618530272,12.000557899475098,463500
2016-03-29,NWS,13.31999969482422,13.449999809265137,13.18000030517578,13.399999618530272,12.000557899475098,463500
2016-03-30,NWS,13.460000038146973,13.489999771118164,13.130000114440918,13.25,11.86622428894043,1201900
2016-03-30,NWS,13.460000038146973,13.489999771118164,13.130000114440918,13.25,11.86622428894043,1201900
2016-03-31,NWS,13.260000228881836,13.369999885559082,13.1899995803833,13.25,11.86622428894043,557700
2016-03-31,NWS,13.260000228881836,13.369999885559082,13.1899995803833,13.25,11.86622428894043,557700
2016-04-01,NWS,13.140000343322754,13.550000190734863,13.0,13.529999732971191,12.11698055267334,577000
2016-04-01,NWS,13.140000343322754,13.550000190734863,13.0,13.529999732971191,12.11698055267334,577000
2016-04-04,NWS,13.510000228881836,13.510000228881836,13.210000038146973,13.210000038146973,11.830401420593262,915700
2016-04-04,NWS,13.510000228881836,13.510000228881836,13.210000038146973,13.210000038146973,11.830401420593262,915700
2016-04-05,NWS,13.0600004196167,13.1899995803833,13.010000228881836,13.050000190734863,11.68710994720459,560900
2016-04-05,NWS,13.0600004196167,13.1899995803833,13.010000228881836,13.050000190734863,11.68710994720459,560900
2016-04-06,NWS,13.079999923706056,13.279999732971191,12.949999809265137,13.25,11.86622428894043,986500
2016-04-06,NWS,13.079999923706056,13.279999732971191,12.949999809265137,13.25,11.86622428894043,986500
2016-04-07,NWS,13.1899995803833,13.25,12.890000343322754,12.989999771118164,11.63337516784668,1100700
2016-04-07,NWS,13.1899995803833,13.25,12.890000343322754,12.989999771118164,11.63337516784668,1100700
2016-04-08,NWS,13.09000015258789,13.09000015258789,12.729999542236328,12.770000457763672,11.436352729797363,1552300
2016-04-08,NWS,13.09000015258789,13.09000015258789,12.729999542236328,12.770000457763672,11.436352729797363,1552300
2016-04-11,NWS,12.779999732971191,12.899999618530272,12.720000267028809,12.720000267028809,11.39157485961914,469200
2016-04-11,NWS,12.779999732971191,12.899999618530272,12.720000267028809,12.720000267028809,11.39157485961914,469200
2016-04-12,NWS,12.760000228881836,12.979999542236328,12.75,12.90999984741211,11.561729431152344,474400
2016-04-12,NWS,12.760000228881836,12.979999542236328,12.75,12.90999984741211,11.561729431152344,474400
2016-04-13,NWS,12.970000267028809,13.100000381469728,12.93000030517578,13.09000015258789,11.722933769226074,617500
2016-04-13,NWS,12.970000267028809,13.100000381469728,12.93000030517578,13.09000015258789,11.722933769226074,617500
2016-04-14,NWS,13.149999618530272,13.31999969482422,13.149999618530272,13.18000030517578,11.803532600402832,886800
2016-04-14,NWS,13.149999618530272,13.31999969482422,13.149999618530272,13.18000030517578,11.803532600402832,886800
2016-04-15,NWS,13.170000076293944,13.1899995803833,13.0,13.100000381469728,11.731887817382812,534900
2016-04-15,NWS,13.170000076293944,13.1899995803833,13.0,13.100000381469728,11.731887817382812,534900
2016-04-18,NWS,13.029999732971191,13.09000015258789,12.880000114440918,12.920000076293944,11.57068920135498,855600
2016-04-18,NWS,13.029999732971191,13.09000015258789,12.880000114440918,12.920000076293944,11.57068920135498,855600
2016-04-19,NWS,12.920000076293944,13.119999885559082,12.81999969482422,12.979999542236328,11.62442111968994,473000
2016-04-19,NWS,12.920000076293944,13.119999885559082,12.81999969482422,12.979999542236328,11.62442111968994,473000
2016-04-20,NWS,12.979999542236328,13.119999885559082,12.960000038146973,12.970000267028809,11.615464210510254,531900
2016-04-20,NWS,12.979999542236328,13.119999885559082,12.960000038146973,12.970000267028809,11.615464210510254,531900
2016-04-21,NWS,12.989999771118164,13.350000381469728,12.989999771118164,13.210000038146973,11.830401420593262,848900
2016-04-21,NWS,12.989999771118164,13.350000381469728,12.989999771118164,13.210000038146973,11.830401420593262,848900
2016-04-22,NWS,13.1899995803833,13.369999885559082,13.1899995803833,13.300000190734863,11.911002159118652,879200
2016-04-22,NWS,13.1899995803833,13.369999885559082,13.1899995803833,13.300000190734863,11.911002159118652,879200
2016-04-25,NWS,13.279999732971191,13.300000190734863,13.020000457763672,13.079999923706056,11.71397590637207,666000
2016-04-25,NWS,13.279999732971191,13.300000190734863,13.020000457763672,13.079999923706056,11.71397590637207,666000
2016-04-26,NWS,13.079999923706056,13.329999923706056,13.020000457763672,13.270000457763672,11.884135246276855,594500
2016-04-26,NWS,13.079999923706056,13.329999923706056,13.020000457763672,13.270000457763672,11.884135246276855,594500
2016-04-27,NWS,13.260000228881836,13.390000343322754,13.09000015258789,13.1899995803833,11.81248664855957,747900
2016-04-27,NWS,13.260000228881836,13.390000343322754,13.09000015258789,13.1899995803833,11.81248664855957,747900
2016-04-28,NWS,13.09000015258789,13.3100004196167,13.010000228881836,13.06999969482422,11.705022811889648,666200
2016-04-28,NWS,13.09000015258789,13.3100004196167,13.010000228881836,13.06999969482422,11.705022811889648,666200
2016-04-29,NWS,13.029999732971191,13.09000015258789,12.760000228881836,12.960000038146973,11.6065092086792,732900
2016-04-29,NWS,13.029999732971191,13.09000015258789,12.760000228881836,12.960000038146973,11.6065092086792,732900
2016-05-02,NWS,12.979999542236328,13.25,12.9399995803833,13.18000030517578,11.803532600402832,660900
2016-05-02,NWS,12.979999542236328,13.25,12.9399995803833,13.18000030517578,11.803532600402832,660900
2016-05-03,NWS,13.050000190734863,13.109999656677246,12.770000457763672,12.829999923706056,11.490087509155272,661100
2016-05-03,NWS,13.050000190734863,13.109999656677246,12.770000457763672,12.829999923706056,11.490087509155272,661100
2016-05-04,NWS,12.75,12.829999923706056,12.640000343322754,12.6899995803833,11.364706993103027,777900
2016-05-04,NWS,12.75,12.829999923706056,12.640000343322754,12.6899995803833,11.364706993103027,777900
2016-05-05,NWS,12.770000457763672,12.770000457763672,12.619999885559082,12.729999542236328,11.40052890777588,449400
2016-05-05,NWS,12.770000457763672,12.770000457763672,12.619999885559082,12.729999542236328,11.40052890777588,449400
2016-05-06,NWS,12.729999542236328,13.18000030517578,12.40999984741211,13.15999984741211,11.785622596740724,1411100
2016-05-06,NWS,12.729999542236328,13.18000030517578,12.40999984741211,13.15999984741211,11.785622596740724,1411100
2016-05-09,NWS,13.100000381469728,13.140000343322754,12.56999969482422,12.720000267028809,11.39157485961914,726100
2016-05-09,NWS,13.100000381469728,13.140000343322754,12.56999969482422,12.720000267028809,11.39157485961914,726100
2016-05-10,NWS,12.789999961853027,12.800000190734863,12.619999885559082,12.770000457763672,11.436352729797363,535100
2016-05-10,NWS,12.789999961853027,12.800000190734863,12.619999885559082,12.770000457763672,11.436352729797363,535100
2016-05-11,NWS,12.670000076293944,12.739999771118164,12.520000457763672,12.630000114440918,11.310972213745115,999500
2016-05-11,NWS,12.670000076293944,12.739999771118164,12.520000457763672,12.630000114440918,11.310972213745115,999500
2016-05-12,NWS,12.65999984741211,12.68000030517578,12.3100004196167,12.350000381469728,11.06021499633789,764000
2016-05-12,NWS,12.65999984741211,12.68000030517578,12.3100004196167,12.350000381469728,11.06021499633789,764000
2016-05-13,NWS,12.3100004196167,12.420000076293944,12.039999961853027,12.050000190734863,10.791544914245604,802800
2016-05-13,NWS,12.3100004196167,12.420000076293944,12.039999961853027,12.050000190734863,10.791544914245604,802800
2016-05-16,NWS,12.100000381469728,12.210000038146973,12.050000190734863,12.18000030517578,10.907967567443848,769300
2016-05-16,NWS,12.100000381469728,12.210000038146973,12.050000190734863,12.18000030517578,10.907967567443848,769300
2016-05-17,NWS,12.119999885559082,12.329999923706056,12.079999923706056,12.09000015258789,10.827367782592772,666300
2016-05-17,NWS,12.119999885559082,12.329999923706056,12.079999923706056,12.09000015258789,10.827367782592772,666300
2016-05-18,NWS,12.029999732971191,12.100000381469728,11.770000457763672,12.0,10.7467679977417,1634600
2016-05-18,NWS,12.029999732971191,12.100000381469728,11.770000457763672,12.0,10.7467679977417,1634600
2016-05-19,NWS,11.949999809265137,12.029999732971191,11.899999618530272,11.9399995803833,10.693032264709473,1106500
2016-05-19,NWS,11.949999809265137,12.029999732971191,11.899999618530272,11.9399995803833,10.693032264709473,1106500
2016-05-20,NWS,12.0,12.31999969482422,11.829999923706056,12.25,10.970659255981444,956800
2016-05-20,NWS,12.0,12.31999969482422,11.829999923706056,12.25,10.970659255981444,956800
2016-05-23,NWS,12.270000457763672,12.380000114440918,12.100000381469728,12.119999885559082,10.854233741760254,639300
2016-05-23,NWS,12.270000457763672,12.380000114440918,12.100000381469728,12.119999885559082,10.854233741760254,639300
2016-05-24,NWS,12.18000030517578,12.239999771118164,12.109999656677246,12.220000267028809,10.943791389465332,748000
2016-05-24,NWS,12.18000030517578,12.239999771118164,12.109999656677246,12.220000267028809,10.943791389465332,748000
2016-05-25,NWS,12.25,12.470000267028809,12.25,12.40999984741211,11.1139497756958,544400
2016-05-25,NWS,12.25,12.470000267028809,12.25,12.40999984741211,11.1139497756958,544400
2016-05-26,NWS,12.399999618530272,12.460000038146973,12.229999542236328,12.239999771118164,10.961703300476074,681100
2016-05-26,NWS,12.399999618530272,12.460000038146973,12.229999542236328,12.239999771118164,10.961703300476074,681100
2016-05-27,NWS,12.239999771118164,12.329999923706056,12.1899995803833,12.300000190734863,11.015437126159668,749100
2016-05-27,NWS,12.239999771118164,12.329999923706056,12.1899995803833,12.300000190734863,11.015437126159668,749100
2016-05-31,NWS,12.300000190734863,12.350000381469728,12.199999809265137,12.34000015258789,11.051259994506836,1223800
2016-05-31,NWS,12.300000190734863,12.350000381469728,12.199999809265137,12.34000015258789,11.051259994506836,1223800
2016-06-01,NWS,12.300000190734863,12.43000030517578,12.210000038146973,12.390000343322754,11.096035957336426,1682300
2016-06-01,NWS,12.300000190734863,12.43000030517578,12.210000038146973,12.390000343322754,11.096035957336426,1682300
2016-06-02,NWS,12.380000114440918,12.449999809265137,12.289999961853027,12.449999809265137,11.149770736694336,1412800
2016-06-02,NWS,12.380000114440918,12.449999809265137,12.289999961853027,12.449999809265137,11.149770736694336,1412800
2016-06-03,NWS,12.399999618530272,12.449999809265137,12.140000343322754,12.329999923706056,11.042303085327148,693300
2016-06-03,NWS,12.399999618530272,12.449999809265137,12.140000343322754,12.329999923706056,11.042303085327148,693300
2016-06-06,NWS,12.350000381469728,12.5600004196167,12.350000381469728,12.520000457763672,11.212462425231934,540300
2016-06-06,NWS,12.350000381469728,12.5600004196167,12.350000381469728,12.520000457763672,11.212462425231934,540300
2016-06-07,NWS,12.520000457763672,12.520000457763672,12.18000030517578,12.229999542236328,10.95274829864502,894800
2016-06-07,NWS,12.520000457763672,12.520000457763672,12.18000030517578,12.229999542236328,10.95274829864502,894800
2016-06-08,NWS,12.220000267028809,12.31999969482422,12.15999984741211,12.229999542236328,10.95274829864502,824700
2016-06-08,NWS,12.220000267028809,12.31999969482422,12.15999984741211,12.229999542236328,10.95274829864502,824700
2016-06-09,NWS,12.1899995803833,12.210000038146973,12.020000457763672,12.130000114440918,10.863189697265623,1179800
2016-06-09,NWS,12.1899995803833,12.210000038146973,12.020000457763672,12.130000114440918,10.863189697265623,1179800
2016-06-10,NWS,12.0,12.050000190734863,11.699999809265137,11.84000015258789,10.60347843170166,1033300
2016-06-10,NWS,12.0,12.050000190734863,11.699999809265137,11.84000015258789,10.60347843170166,1033300
2016-06-13,NWS,11.789999961853027,12.06999969482422,11.789999961853027,11.899999618530272,10.657209396362305,620900
2016-06-13,NWS,11.789999961853027,12.06999969482422,11.789999961853027,11.899999618530272,10.657209396362305,620900
2016-06-14,NWS,11.869999885559082,11.949999809265137,11.630000114440918,11.779999732971191,10.549742698669434,721800
2016-06-14,NWS,11.869999885559082,11.949999809265137,11.630000114440918,11.779999732971191,10.549742698669434,721800
2016-06-15,NWS,11.800000190734863,12.1899995803833,11.800000190734863,11.989999771118164,10.737811088562012,736700
2016-06-15,NWS,11.800000190734863,12.1899995803833,11.800000190734863,11.989999771118164,10.737811088562012,736700
2016-06-16,NWS,11.960000038146973,11.960000038146973,11.640000343322754,11.720000267028809,10.496009826660156,793500
2016-06-16,NWS,11.960000038146973,11.960000038146973,11.640000343322754,11.720000267028809,10.496009826660156,793500
2016-06-17,NWS,11.729999542236328,11.739999771118164,11.5600004196167,11.619999885559082,10.406454086303713,839200
2016-06-17,NWS,11.729999542236328,11.739999771118164,11.5600004196167,11.619999885559082,10.406454086303713,839200
2016-06-20,NWS,11.779999732971191,11.890000343322754,11.699999809265137,11.770000457763672,10.540789604187012,446000
2016-06-20,NWS,11.779999732971191,11.890000343322754,11.699999809265137,11.770000457763672,10.540789604187012,446000
2016-06-21,NWS,11.779999732971191,11.890000343322754,11.619999885559082,11.859999656677246,10.621387481689451,722700
2016-06-21,NWS,11.779999732971191,11.890000343322754,11.619999885559082,11.859999656677246,10.621387481689451,722700
2016-06-22,NWS,11.859999656677246,12.149999618530272,11.84000015258789,12.0600004196167,10.80050277709961,1051000
2016-06-22,NWS,11.859999656677246,12.149999618530272,11.84000015258789,12.0600004196167,10.80050277709961,1051000
2016-06-23,NWS,12.199999809265137,12.399999618530272,12.109999656677246,12.199999809265137,10.925877571105955,690800
2016-06-23,NWS,12.199999809265137,12.399999618530272,12.109999656677246,12.199999809265137,10.925877571105955,690800
2016-06-24,NWS,11.699999809265137,11.699999809265137,11.460000038146973,11.5,10.298986434936523,1339500
2016-06-24,NWS,11.699999809265137,11.699999809265137,11.460000038146973,11.5,10.298986434936523,1339500
2016-06-27,NWS,11.329999923706056,11.359999656677246,10.899999618530272,10.9399995803833,9.79746913909912,1090100
2016-06-27,NWS,11.329999923706056,11.359999656677246,10.899999618530272,10.9399995803833,9.79746913909912,1090100
2016-06-28,NWS,11.010000228881836,11.119999885559082,10.93000030517578,11.020000457763672,9.86911678314209,1418600
2016-06-28,NWS,11.010000228881836,11.119999885559082,10.93000030517578,11.020000457763672,9.86911678314209,1418600
2016-06-29,NWS,11.149999618530272,11.520000457763672,10.9399995803833,11.520000457763672,10.31689739227295,1199700
2016-06-29,NWS,11.149999618530272,11.520000457763672,10.9399995803833,11.520000457763672,10.31689739227295,1199700
2016-06-30,NWS,11.5600004196167,11.720000267028809,11.520000457763672,11.670000076293944,10.451231956481934,706200
2016-06-30,NWS,11.5600004196167,11.720000267028809,11.520000457763672,11.670000076293944,10.451231956481934,706200
2016-07-01,NWS,11.699999809265137,11.920000076293944,11.640000343322754,11.770000457763672,10.540789604187012,478100
2016-07-01,NWS,11.699999809265137,11.920000076293944,11.640000343322754,11.770000457763672,10.540789604187012,478100
2016-07-05,NWS,11.720000267028809,11.789999961853027,11.520000457763672,11.649999618530272,10.433319091796877,1485500
2016-07-05,NWS,11.720000267028809,11.789999961853027,11.520000457763672,11.649999618530272,10.433319091796877,1485500
2016-07-06,NWS,11.640000343322754,11.699999809265137,11.5,11.68000030517578,10.460187911987305,1272600
2016-07-06,NWS,11.640000343322754,11.699999809265137,11.5,11.68000030517578,10.460187911987305,1272600
2016-07-07,NWS,11.6899995803833,11.90999984741211,11.6899995803833,11.779999732971191,10.549742698669434,984600
2016-07-07,NWS,11.6899995803833,11.90999984741211,11.6899995803833,11.779999732971191,10.549742698669434,984600
2016-07-08,NWS,11.9399995803833,12.140000343322754,11.920000076293944,12.039999961853027,10.782593727111816,1173800
2016-07-08,NWS,11.9399995803833,12.140000343322754,11.920000076293944,12.039999961853027,10.782593727111816,1173800
2016-07-11,NWS,12.06999969482422,12.289999961853027,12.06999969482422,12.25,10.970659255981444,591400
2016-07-11,NWS,12.06999969482422,12.289999961853027,12.06999969482422,12.25,10.970659255981444,591400
2016-07-12,NWS,12.449999809265137,12.630000114440918,12.359999656677246,12.600000381469728,11.284106254577637,943000
2016-07-12,NWS,12.449999809265137,12.630000114440918,12.359999656677246,12.600000381469728,11.284106254577637,943000
2016-07-13,NWS,12.68000030517578,12.75,12.59000015258789,12.739999771118164,11.409483909606934,625800
2016-07-13,NWS,12.68000030517578,12.75,12.59000015258789,12.739999771118164,11.409483909606934,625800
2016-07-14,NWS,12.890000343322754,13.0,12.6899995803833,12.829999923706056,11.490087509155272,542600
2016-07-14,NWS,12.890000343322754,13.0,12.6899995803833,12.829999923706056,11.490087509155272,542600
2016-07-15,NWS,12.899999618530272,12.899999618530272,12.449999809265137,12.800000190734863,11.46321964263916,858900
2016-07-15,NWS,12.899999618530272,12.899999618530272,12.449999809265137,12.800000190734863,11.46321964263916,858900
2016-07-18,NWS,12.829999923706056,13.039999961853027,12.770000457763672,12.93000030517578,11.57964324951172,584000
2016-07-18,NWS,12.829999923706056,13.039999961853027,12.770000457763672,12.93000030517578,11.57964324951172,584000
2016-07-19,NWS,12.93000030517578,13.010000228881836,12.8100004196167,12.979999542236328,11.62442111968994,910800
2016-07-19,NWS,12.93000030517578,13.010000228881836,12.8100004196167,12.979999542236328,11.62442111968994,910800
2016-07-20,NWS,13.020000457763672,13.109999656677246,12.920000076293944,13.029999732971191,11.66919994354248,1103200
2016-07-20,NWS,13.020000457763672,13.109999656677246,12.920000076293944,13.029999732971191,11.66919994354248,1103200
2016-07-21,NWS,13.029999732971191,13.0600004196167,12.850000381469728,12.899999618530272,11.552774429321287,944500
2016-07-21,NWS,13.029999732971191,13.0600004196167,12.850000381469728,12.899999618530272,11.552774429321287,944500
2016-07-22,NWS,12.949999809265137,13.09000015258789,12.949999809265137,13.029999732971191,11.66919994354248,994500
2016-07-22,NWS,12.949999809265137,13.09000015258789,12.949999809265137,13.029999732971191,11.66919994354248,994500
2016-07-25,NWS,13.050000190734863,13.130000114440918,12.9399995803833,13.0600004196167,11.696064949035645,605600
2016-07-25,NWS,13.050000190734863,13.130000114440918,12.9399995803833,13.0600004196167,11.696064949035645,605600
2016-07-26,NWS,13.09000015258789,13.300000190734863,13.09000015258789,13.239999771118164,11.857267379760742,1020700
2016-07-26,NWS,13.09000015258789,13.300000190734863,13.09000015258789,13.239999771118164,11.857267379760742,1020700
2016-07-27,NWS,13.229999542236328,13.3100004196167,13.039999961853027,13.15999984741211,11.785622596740724,1200400
2016-07-27,NWS,13.229999542236328,13.3100004196167,13.039999961853027,13.15999984741211,11.785622596740724,1200400
2016-07-28,NWS,13.15999984741211,13.220000267028809,13.06999969482422,13.15999984741211,11.785622596740724,556200
2016-07-28,NWS,13.15999984741211,13.220000267028809,13.06999969482422,13.15999984741211,11.785622596740724,556200
2016-07-29,NWS,13.170000076293944,13.479999542236328,13.15999984741211,13.4399995803833,12.036378860473633,1040000
2016-07-29,NWS,13.170000076293944,13.479999542236328,13.15999984741211,13.4399995803833,12.036378860473633,1040000
2016-08-01,NWS,13.43000030517578,13.489999771118164,13.25,13.3100004196167,11.91995620727539,706000
2016-08-01,NWS,13.43000030517578,13.489999771118164,13.25,13.3100004196167,11.91995620727539,706000
2016-08-02,NWS,13.270000457763672,13.270000457763672,13.029999732971191,13.140000343322754,11.767711639404297,564900
2016-08-02,NWS,13.270000457763672,13.270000457763672,13.029999732971191,13.140000343322754,11.767711639404297,564900
2016-08-03,NWS,13.09000015258789,13.210000038146973,13.050000190734863,13.109999656677246,11.7408447265625,470900
2016-08-03,NWS,13.09000015258789,13.210000038146973,13.050000190734863,13.109999656677246,11.7408447265625,470900
2016-08-04,NWS,13.079999923706056,13.229999542236328,13.079999923706056,13.199999809265137,11.82144260406494,568100
2016-08-04,NWS,13.079999923706056,13.229999542236328,13.079999923706056,13.199999809265137,11.82144260406494,568100
2016-08-05,NWS,13.329999923706056,13.489999771118164,13.229999542236328,13.279999732971191,11.89309024810791,652400
2016-08-05,NWS,13.329999923706056,13.489999771118164,13.229999542236328,13.279999732971191,11.89309024810791,652400
2016-08-08,NWS,13.300000190734863,13.369999885559082,13.199999809265137,13.239999771118164,11.857267379760742,506500
2016-08-08,NWS,13.300000190734863,13.369999885559082,13.199999809265137,13.239999771118164,11.857267379760742,506500
2016-08-09,NWS,13.279999732971191,13.880000114440918,13.119999885559082,13.770000457763672,12.331916809082031,1109500
2016-08-09,NWS,13.279999732971191,13.880000114440918,13.119999885559082,13.770000457763672,12.331916809082031,1109500
2016-08-10,NWS,13.760000228881836,13.800000190734863,13.539999961853027,13.729999542236328,12.29609489440918,1017000
2016-08-10,NWS,13.760000228881836,13.800000190734863,13.539999961853027,13.729999542236328,12.29609489440918,1017000
2016-08-11,NWS,13.779999732971191,14.0,13.609999656677246,13.890000343322754,12.439386367797852,998000
2016-08-11,NWS,13.779999732971191,14.0,13.609999656677246,13.890000343322754,12.439386367797852,998000
2016-08-12,NWS,13.920000076293944,14.050000190734863,13.920000076293944,14.039999961853027,12.573718070983888,637600
2016-08-12,NWS,13.920000076293944,14.050000190734863,13.920000076293944,14.039999961853027,12.573718070983888,637600
2016-08-15,NWS,14.149999618530272,14.229999542236328,14.109999656677246,14.170000076293944,12.690143585205078,535200
2016-08-15,NWS,14.149999618530272,14.229999542236328,14.109999656677246,14.170000076293944,12.690143585205078,535200
2016-08-16,NWS,14.09000015258789,14.229999542236328,14.0600004196167,14.15999984741211,12.681184768676758,776700
2016-08-16,NWS,14.09000015258789,14.229999542236328,14.0600004196167,14.15999984741211,12.681184768676758,776700
2016-08-17,NWS,14.149999618530272,14.229999542236328,14.130000114440918,14.18000030517578,12.699098587036133,1042700
2016-08-17,NWS,14.149999618530272,14.229999542236328,14.130000114440918,14.18000030517578,12.699098587036133,1042700
2016-08-18,NWS,14.199999809265137,14.289999961853027,14.09000015258789,14.149999618530272,12.672228813171388,1221100
2016-08-18,NWS,14.199999809265137,14.289999961853027,14.09000015258789,14.149999618530272,12.672228813171388,1221100
2016-08-19,NWS,14.100000381469728,14.15999984741211,14.029999732971191,14.109999656677246,12.636408805847168,755400
2016-08-19,NWS,14.100000381469728,14.15999984741211,14.029999732971191,14.109999656677246,12.636408805847168,755400
2016-08-22,NWS,14.140000343322754,14.229999542236328,13.979999542236328,14.229999542236328,12.743873596191406,1015500
2016-08-22,NWS,14.140000343322754,14.229999542236328,13.979999542236328,14.229999542236328,12.743873596191406,1015500
2016-08-23,NWS,14.300000190734863,14.350000381469728,14.18000030517578,14.220000267028809,12.734920501708984,586600
2016-08-23,NWS,14.300000190734863,14.350000381469728,14.18000030517578,14.220000267028809,12.734920501708984,586600
2016-08-24,NWS,14.210000038146973,14.300000190734863,14.199999809265137,14.210000038146973,12.725964546203612,1208100
2016-08-24,NWS,14.210000038146973,14.300000190734863,14.199999809265137,14.210000038146973,12.725964546203612,1208100
2016-08-25,NWS,14.149999618530272,14.300000190734863,14.079999923706056,14.229999542236328,12.743873596191406,1125000
2016-08-25,NWS,14.149999618530272,14.300000190734863,14.079999923706056,14.229999542236328,12.743873596191406,1125000
2016-08-26,NWS,14.3100004196167,14.460000038146973,14.18000030517578,14.34000015258789,12.84238624572754,845800
2016-08-26,NWS,14.3100004196167,14.460000038146973,14.18000030517578,14.34000015258789,12.84238624572754,845800
2016-08-29,NWS,14.399999618530272,14.470000267028809,14.3100004196167,14.380000114440918,12.87821102142334,748900
2016-08-29,NWS,14.399999618530272,14.470000267028809,14.3100004196167,14.380000114440918,12.87821102142334,748900
2016-08-30,NWS,14.34000015258789,14.40999984741211,14.229999542236328,14.350000381469728,12.851343154907228,495100
2016-08-30,NWS,14.34000015258789,14.40999984741211,14.229999542236328,14.350000381469728,12.851343154907228,495100
2016-08-31,NWS,14.34000015258789,14.4399995803833,14.18000030517578,14.43000030517578,12.922986030578612,960500
2016-08-31,NWS,14.34000015258789,14.4399995803833,14.18000030517578,14.43000030517578,12.922986030578612,960500
2016-09-01,NWS,14.5,14.5,14.170000076293944,14.3100004196167,12.815522193908691,1407600
2016-09-01,NWS,14.5,14.5,14.170000076293944,14.3100004196167,12.815522193908691,1407600
2016-09-02,NWS,14.380000114440918,14.399999618530272,14.130000114440918,14.25,12.761785507202148,1642600
2016-09-02,NWS,14.380000114440918,14.399999618530272,14.130000114440918,14.25,12.761785507202148,1642600
2016-09-06,NWS,14.3100004196167,14.649999618530272,13.960000038146973,14.039999961853027,12.573718070983888,1495100
2016-09-06,NWS,14.3100004196167,14.649999618530272,13.960000038146973,14.039999961853027,12.573718070983888,1495100
2016-09-07,NWS,14.050000190734863,14.119999885559082,13.989999771118164,14.09000015258789,12.61849594116211,1203700
2016-09-07,NWS,14.050000190734863,14.119999885559082,13.989999771118164,14.09000015258789,12.61849594116211,1203700
2016-09-08,NWS,14.0,14.40999984741211,14.0,14.170000076293944,12.690143585205078,1498600
2016-09-08,NWS,14.0,14.40999984741211,14.0,14.170000076293944,12.690143585205078,1498600
2016-09-09,NWS,14.140000343322754,14.140000343322754,13.739999771118164,13.739999771118164,12.305047988891602,956000
2016-09-09,NWS,14.140000343322754,14.140000343322754,13.739999771118164,13.739999771118164,12.305047988891602,956000
2016-09-12,NWS,13.489999771118164,14.510000228881836,13.489999771118164,14.5,13.08088207244873,3833400
2016-09-12,NWS,13.489999771118164,14.510000228881836,13.489999771118164,14.5,13.08088207244873,3833400
2016-09-13,NWS,14.300000190734863,14.369999885559082,14.140000343322754,14.25,12.8553466796875,7771400
2016-09-13,NWS,14.300000190734863,14.369999885559082,14.140000343322754,14.25,12.8553466796875,7771400
2016-09-14,NWS,14.34000015258789,14.359999656677246,14.15999984741211,14.34000015258789,12.93653964996338,5965800
2016-09-14,NWS,14.34000015258789,14.359999656677246,14.15999984741211,14.34000015258789,12.93653964996338,5965800
2016-09-15,NWS,14.359999656677246,14.369999885559082,14.119999885559082,14.170000076293944,12.78317928314209,4902400
2016-09-15,NWS,14.359999656677246,14.369999885559082,14.119999885559082,14.170000076293944,12.78317928314209,4902400
2016-09-16,NWS,14.06999969482422,14.170000076293944,13.970000267028809,14.0,12.629815101623535,3552800
2016-09-16,NWS,14.06999969482422,14.170000076293944,13.970000267028809,14.0,12.629815101623535,3552800
2016-09-19,NWS,14.0,14.119999885559082,13.9399995803833,14.0,12.629815101623535,1563000
2016-09-19,NWS,14.0,14.119999885559082,13.9399995803833,14.0,12.629815101623535,1563000
2016-09-20,NWS,14.119999885559082,14.149999618530272,14.0,14.06999969482422,12.69296646118164,1713700
2016-09-20,NWS,14.119999885559082,14.149999618530272,14.0,14.06999969482422,12.69296646118164,1713700
2016-09-21,NWS,14.140000343322754,14.329999923706056,14.0600004196167,14.279999732971191,12.88241195678711,993900
2016-09-21,NWS,14.140000343322754,14.329999923706056,14.0600004196167,14.279999732971191,12.88241195678711,993900
2016-09-22,NWS,14.380000114440918,14.5600004196167,14.31999969482422,14.529999732971191,13.10794448852539,988000
2016-09-22,NWS,14.380000114440918,14.5600004196167,14.31999969482422,14.529999732971191,13.10794448852539,988000
2016-09-23,NWS,14.529999732971191,14.640000343322754,14.470000267028809,14.470000267028809,13.053818702697754,387900
2016-09-23,NWS,14.529999732971191,14.640000343322754,14.470000267028809,14.470000267028809,13.053818702697754,387900
2016-09-26,NWS,14.34000015258789,14.380000114440918,14.140000343322754,14.1899995803833,12.801219940185549,824500
2016-09-26,NWS,14.34000015258789,14.380000114440918,14.140000343322754,14.1899995803833,12.801219940185549,824500
2016-09-27,NWS,14.1899995803833,14.31999969482422,14.140000343322754,14.31999969482422,12.918497085571287,547400
2016-09-27,NWS,14.1899995803833,14.31999969482422,14.140000343322754,14.31999969482422,12.918497085571287,547400
2016-09-28,NWS,14.289999961853027,14.399999618530272,14.199999809265137,14.270000457763672,12.873390197753906,1699700
2016-09-28,NWS,14.289999961853027,14.399999618530272,14.199999809265137,14.270000457763672,12.873390197753906,1699700
2016-09-29,NWS,14.25,14.399999618530272,14.0600004196167,14.130000114440918,12.747092247009276,1920800
2016-09-29,NWS,14.25,14.399999618530272,14.0600004196167,14.130000114440918,12.747092247009276,1920800
2016-09-30,NWS,14.1899995803833,14.369999885559082,14.170000076293944,14.220000267028809,12.828283309936523,2207100
2016-09-30,NWS,14.1899995803833,14.369999885559082,14.170000076293944,14.220000267028809,12.828283309936523,2207100
2016-10-03,NWS,14.130000114440918,15.010000228881836,14.130000114440918,14.93000030517578,13.468795776367188,5017500
2016-10-03,NWS,14.130000114440918,15.010000228881836,14.130000114440918,14.93000030517578,13.468795776367188,5017500
2016-10-04,NWS,14.880000114440918,14.989999771118164,14.65999984741211,14.6899995803833,13.25228500366211,5543600
2016-10-04,NWS,14.880000114440918,14.989999771118164,14.65999984741211,14.6899995803833,13.25228500366211,5543600
2016-10-05,NWS,14.670000076293944,15.220000267028809,14.630000114440918,15.170000076293944,13.685307502746582,4856800
2016-10-05,NWS,14.670000076293944,15.220000267028809,14.630000114440918,15.170000076293944,13.685307502746582,4856800
2016-10-06,NWS,15.0600004196167,15.18000030517578,14.729999542236328,15.079999923706056,13.604117393493652,5427000
2016-10-06,NWS,15.0600004196167,15.18000030517578,14.729999542236328,15.079999923706056,13.604117393493652,5427000
2016-10-07,NWS,15.09000015258789,15.100000381469728,14.449999809265137,14.520000457763672,13.09892463684082,1357100
2016-10-07,NWS,15.09000015258789,15.100000381469728,14.449999809265137,14.520000457763672,13.09892463684082,1357100
2016-10-10,NWS,14.5,14.75,14.149999618530272,14.25,12.8553466796875,1420500
2016-10-10,NWS,14.5,14.75,14.149999618530272,14.25,12.8553466796875,1420500
2016-10-11,NWS,14.300000190734863,14.300000190734863,13.850000381469728,14.0,12.629815101623535,866100
2016-10-11,NWS,14.300000190734863,14.300000190734863,13.850000381469728,14.0,12.629815101623535,866100
2016-10-12,NWS,13.949999809265137,14.050000190734863,13.75,13.75,12.404282569885254,905600
2016-10-12,NWS,13.949999809265137,14.050000190734863,13.75,13.75,12.404282569885254,905600
2016-10-13,NWS,13.699999809265137,13.949999809265137,13.579999923706056,13.850000381469728,12.494497299194336,643900
2016-10-13,NWS,13.699999809265137,13.949999809265137,13.579999923706056,13.850000381469728,12.494497299194336,643900
2016-10-14,NWS,14.300000190734863,14.300000190734863,13.649999618530272,13.75,12.404282569885254,595100
2016-10-14,NWS,14.300000190734863,14.300000190734863,13.649999618530272,13.75,12.404282569885254,595100
2016-10-17,NWS,13.75,13.800000190734863,13.630000114440918,13.800000190734863,12.44938850402832,417400
2016-10-17,NWS,13.75,13.800000190734863,13.630000114440918,13.800000190734863,12.44938850402832,417400
2016-10-18,NWS,14.0,14.050000190734863,13.649999618530272,13.899999618530272,12.53960418701172,711800
2016-10-18,NWS,14.0,14.050000190734863,13.649999618530272,13.899999618530272,12.53960418701172,711800
2016-10-19,NWS,14.0,14.100000381469728,13.800000190734863,14.0,12.629815101623535,673400
2016-10-19,NWS,14.0,14.100000381469728,13.800000190734863,14.0,12.629815101623535,673400
2016-10-20,NWS,14.25,14.25,13.5,13.800000190734863,12.44938850402832,782900
2016-10-20,NWS,14.25,14.25,13.5,13.800000190734863,12.44938850402832,782900
2016-10-21,NWS,13.600000381469728,13.850000381469728,13.550000190734863,13.699999809265137,12.359176635742188,690600
2016-10-21,NWS,13.600000381469728,13.850000381469728,13.550000190734863,13.699999809265137,12.359176635742188,690600
2016-10-24,NWS,13.75,13.850000381469728,13.199999809265137,13.199999809265137,11.908113479614258,2206900
2016-10-24,NWS,13.75,13.850000381469728,13.199999809265137,13.199999809265137,11.908113479614258,2206900
2016-10-25,NWS,13.300000190734863,13.699999809265137,12.899999618530272,13.0,11.727685928344728,773000
2016-10-25,NWS,13.300000190734863,13.699999809265137,12.899999618530272,13.0,11.727685928344728,773000
2016-10-26,NWS,12.899999618530272,13.25,12.899999618530272,13.149999618530272,11.86300277709961,747600
2016-10-26,NWS,12.899999618530272,13.25,12.899999618530272,13.149999618530272,11.86300277709961,747600
2016-10-27,NWS,13.0,13.0,12.43000030517578,12.600000381469728,11.366833686828612,1382600
2016-10-27,NWS,13.0,13.0,12.43000030517578,12.600000381469728,11.366833686828612,1382600
2016-10-28,NWS,12.600000381469728,12.800000190734863,12.449999809265137,12.5,11.27662181854248,781900
2016-10-28,NWS,12.600000381469728,12.800000190734863,12.449999809265137,12.5,11.27662181854248,781900
2016-10-31,NWS,12.5,12.699999809265137,12.399999618530272,12.399999618530272,11.186407089233398,1360000
2016-10-31,NWS,12.5,12.699999809265137,12.399999618530272,12.399999618530272,11.186407089233398,1360000
2016-11-01,NWS,12.5,12.699999809265137,12.199999809265137,12.399999618530272,11.186407089233398,969800
2016-11-01,NWS,12.5,12.699999809265137,12.199999809265137,12.399999618530272,11.186407089233398,969800
2016-11-02,NWS,12.399999618530272,12.449999809265137,12.050000190734863,12.100000381469728,10.915770530700684,966000
2016-11-02,NWS,12.399999618530272,12.449999809265137,12.050000190734863,12.100000381469728,10.915770530700684,966000
2016-11-03,NWS,12.100000381469728,12.399999618530272,12.050000190734863,12.149999618530272,10.960874557495115,1115400
2016-11-03,NWS,12.100000381469728,12.399999618530272,12.050000190734863,12.149999618530272,10.960874557495115,1115400
2016-11-04,NWS,12.25,12.399999618530272,12.100000381469728,12.149999618530272,10.960874557495115,1182400
2016-11-04,NWS,12.25,12.399999618530272,12.100000381469728,12.149999618530272,10.960874557495115,1182400
2016-11-07,NWS,12.300000190734863,12.600000381469728,12.199999809265137,12.5,11.27662181854248,626800
2016-11-07,NWS,12.300000190734863,12.600000381469728,12.199999809265137,12.5,11.27662181854248,626800
2016-11-08,NWS,11.5,12.199999809265137,11.25,12.100000381469728,10.915770530700684,1284400
2016-11-08,NWS,11.5,12.199999809265137,11.25,12.100000381469728,10.915770530700684,1284400
2016-11-09,NWS,12.0,12.550000190734863,11.850000381469728,12.350000381469728,11.141303062438965,749500
2016-11-09,NWS,12.0,12.550000190734863,11.850000381469728,12.350000381469728,11.141303062438965,749500
2016-11-10,NWS,12.350000381469728,12.550000190734863,12.050000190734863,12.350000381469728,11.141303062438965,1141300
2016-11-10,NWS,12.350000381469728,12.550000190734863,12.050000190734863,12.350000381469728,11.141303062438965,1141300
2016-11-11,NWS,12.199999809265137,12.449999809265137,12.149999618530272,12.350000381469728,11.141303062438965,1225600
2016-11-11,NWS,12.199999809265137,12.449999809265137,12.149999618530272,12.350000381469728,11.141303062438965,1225600
2016-11-14,NWS,12.350000381469728,12.699999809265137,12.25,12.5,11.27662181854248,1271100
2016-11-14,NWS,12.350000381469728,12.699999809265137,12.25,12.5,11.27662181854248,1271100
2016-11-15,NWS,12.449999809265137,12.600000381469728,12.300000190734863,12.350000381469728,11.141303062438965,671600
2016-11-15,NWS,12.449999809265137,12.600000381469728,12.300000190734863,12.350000381469728,11.141303062438965,671600
2016-11-16,NWS,12.25,12.449999809265137,12.050000190734863,12.350000381469728,11.141303062438965,850400
2016-11-16,NWS,12.25,12.449999809265137,12.050000190734863,12.350000381469728,11.141303062438965,850400
2016-11-17,NWS,12.350000381469728,12.5,12.25,12.350000381469728,11.141303062438965,462300
2016-11-17,NWS,12.350000381469728,12.5,12.25,12.350000381469728,11.141303062438965,462300
2016-11-18,NWS,12.300000190734863,12.399999618530272,12.149999618530272,12.199999809265137,11.005982398986816,475300
2016-11-18,NWS,12.300000190734863,12.399999618530272,12.149999618530272,12.199999809265137,11.005982398986816,475300
2016-11-21,NWS,12.199999809265137,12.25,12.0,12.050000190734863,10.870662689208984,742100
2016-11-21,NWS,12.199999809265137,12.25,12.0,12.050000190734863,10.870662689208984,742100
2016-11-22,NWS,12.0,12.149999618530272,11.899999618530272,12.0,10.825556755065918,781800
2016-11-22,NWS,12.0,12.149999618530272,11.899999618530272,12.0,10.825556755065918,781800
2016-11-23,NWS,12.050000190734863,12.149999618530272,11.949999809265137,12.100000381469728,10.915770530700684,536500
2016-11-23,NWS,12.050000190734863,12.149999618530272,11.949999809265137,12.100000381469728,10.915770530700684,536500
2016-11-25,NWS,12.199999809265137,12.329999923706056,12.100000381469728,12.100000381469728,10.915770530700684,374000
2016-11-25,NWS,12.199999809265137,12.329999923706056,12.100000381469728,12.100000381469728,10.915770530700684,374000
2016-11-28,NWS,12.149999618530272,12.329999923706056,12.050000190734863,12.100000381469728,10.915770530700684,1033100
2016-11-28,NWS,12.149999618530272,12.329999923706056,12.050000190734863,12.100000381469728,10.915770530700684,1033100
2016-11-29,NWS,12.050000190734863,12.149999618530272,11.75,11.899999618530272,10.735343933105469,677400
2016-11-29,NWS,12.050000190734863,12.149999618530272,11.75,11.899999618530272,10.735343933105469,677400
2016-11-30,NWS,11.899999618530272,12.029999732971191,11.779999732971191,11.949999809265137,10.780449867248535,497000
2016-11-30,NWS,11.899999618530272,12.029999732971191,11.779999732971191,11.949999809265137,10.780449867248535,497000
2016-12-01,NWS,11.949999809265137,12.149999618530272,11.850000381469728,12.0,10.825556755065918,539600
2016-12-01,NWS,11.949999809265137,12.149999618530272,11.850000381469728,12.0,10.825556755065918,539600
2016-12-02,NWS,12.050000190734863,12.149999618530272,12.0,12.050000190734863,10.870662689208984,1113100
2016-12-02,NWS,12.050000190734863,12.149999618530272,12.0,12.050000190734863,10.870662689208984,1113100
2016-12-05,NWS,12.050000190734863,12.149999618530272,11.949999809265137,12.050000190734863,10.870662689208984,716000
2016-12-05,NWS,12.050000190734863,12.149999618530272,11.949999809265137,12.050000190734863,10.870662689208984,716000
2016-12-06,NWS,12.050000190734863,12.149999618530272,11.949999809265137,12.050000190734863,10.870662689208984,1248200
2016-12-06,NWS,12.050000190734863,12.149999618530272,11.949999809265137,12.050000190734863,10.870662689208984,1248200
2016-12-07,NWS,12.050000190734863,12.25,12.0,12.149999618530272,10.960874557495115,1564300
2016-12-07,NWS,12.050000190734863,12.25,12.0,12.149999618530272,10.960874557495115,1564300
2016-12-08,NWS,12.149999618530272,12.350000381469728,12.100000381469728,12.199999809265137,11.005982398986816,1207100
2016-12-08,NWS,12.149999618530272,12.350000381469728,12.100000381469728,12.199999809265137,11.005982398986816,1207100
2016-12-09,NWS,12.199999809265137,12.5,12.199999809265137,12.399999618530272,11.186407089233398,686600
2016-12-09,NWS,12.199999809265137,12.5,12.199999809265137,12.399999618530272,11.186407089233398,686600
2016-12-12,NWS,12.300000190734863,12.449999809265137,12.300000190734863,12.300000190734863,11.09619426727295,1064600
2016-12-12,NWS,12.300000190734863,12.449999809265137,12.300000190734863,12.300000190734863,11.09619426727295,1064600
2016-12-13,NWS,12.350000381469728,12.550000190734863,12.149999618530272,12.25,11.051088333129885,2570800
2016-12-13,NWS,12.350000381469728,12.550000190734863,12.149999618530272,12.25,11.051088333129885,2570800
2016-12-14,NWS,12.25,12.43000030517578,12.149999618530272,12.199999809265137,11.005982398986816,892100
2016-12-14,NWS,12.25,12.43000030517578,12.149999618530272,12.199999809265137,11.005982398986816,892100
2016-12-15,NWS,12.25,12.399999618530272,11.979999542236328,12.050000190734863,10.870662689208984,744700
2016-12-15,NWS,12.25,12.399999618530272,11.979999542236328,12.050000190734863,10.870662689208984,744700
2016-12-16,NWS,12.100000381469728,12.199999809265137,11.850000381469728,12.0,10.825556755065918,1498600
2016-12-16,NWS,12.100000381469728,12.199999809265137,11.850000381469728,12.0,10.825556755065918,1498600
2016-12-19,NWS,12.0,12.149999618530272,11.949999809265137,12.149999618530272,10.960874557495115,478700
2016-12-19,NWS,12.0,12.149999618530272,11.949999809265137,12.149999618530272,10.960874557495115,478700
2016-12-20,NWS,12.149999618530272,12.199999809265137,11.899999618530272,11.949999809265137,10.780449867248535,966200
2016-12-20,NWS,12.149999618530272,12.199999809265137,11.899999618530272,11.949999809265137,10.780449867248535,966200
2016-12-21,NWS,12.0,12.130000114440918,11.850000381469728,12.050000190734863,10.870662689208984,712700
2016-12-21,NWS,12.0,12.130000114440918,11.850000381469728,12.050000190734863,10.870662689208984,712700
2016-12-22,NWS,12.050000190734863,12.149999618530272,11.949999809265137,12.050000190734863,10.870662689208984,363400
2016-12-22,NWS,12.050000190734863,12.149999618530272,11.949999809265137,12.050000190734863,10.870662689208984,363400
2016-12-23,NWS,12.100000381469728,12.149999618530272,12.0,12.050000190734863,10.870662689208984,182200
2016-12-23,NWS,12.100000381469728,12.149999618530272,12.0,12.050000190734863,10.870662689208984,182200
2016-12-27,NWS,12.100000381469728,12.25,12.100000381469728,12.25,11.051088333129885,298500
2016-12-27,NWS,12.100000381469728,12.25,12.100000381469728,12.25,11.051088333129885,298500
2016-12-28,NWS,12.25,12.300000190734863,12.0,12.050000190734863,10.870662689208984,376300
2016-12-28,NWS,12.25,12.300000190734863,12.0,12.050000190734863,10.870662689208984,376300
2016-12-29,NWS,12.0,12.100000381469728,11.850000381469728,12.050000190734863,10.870662689208984,685800
2016-12-29,NWS,12.0,12.100000381469728,11.850000381469728,12.050000190734863,10.870662689208984,685800
2016-12-30,NWS,12.149999618530272,12.149999618530272,11.75,11.800000190734863,10.645133018493652,550900
2016-12-30,NWS,12.149999618530272,12.149999618530272,11.75,11.800000190734863,10.645133018493652,550900
2017-01-03,NWS,11.949999809265137,12.25,11.899999618530272,12.050000190734863,10.870662689208984,912900
2017-01-03,NWS,11.949999809265137,12.25,11.899999618530272,12.050000190734863,10.870662689208984,912900
2017-01-04,NWS,12.050000190734863,12.300000190734863,12.050000190734863,12.25,11.051088333129885,736600
2017-01-04,NWS,12.050000190734863,12.300000190734863,12.050000190734863,12.25,11.051088333129885,736600
2017-01-05,NWS,12.199999809265137,12.350000381469728,12.18000030517578,12.25,11.051088333129885,812100
2017-01-05,NWS,12.199999809265137,12.350000381469728,12.18000030517578,12.25,11.051088333129885,812100
2017-01-06,NWS,12.25,12.399999618530272,12.100000381469728,12.25,11.051088333129885,367900
2017-01-06,NWS,12.25,12.399999618530272,12.100000381469728,12.25,11.051088333129885,367900
2017-01-09,NWS,12.25,12.449999809265137,12.25,12.399999618530272,11.186407089233398,471000
2017-01-09,NWS,12.25,12.449999809265137,12.25,12.399999618530272,11.186407089233398,471000
2017-01-10,NWS,12.350000381469728,12.5,12.279999732971191,12.5,11.27662181854248,638900
2017-01-10,NWS,12.350000381469728,12.5,12.279999732971191,12.5,11.27662181854248,638900
2017-01-11,NWS,12.449999809265137,12.550000190734863,12.329999923706056,12.550000190734863,11.32172679901123,800000
2017-01-11,NWS,12.449999809265137,12.550000190734863,12.329999923706056,12.550000190734863,11.32172679901123,800000
2017-01-12,NWS,12.5,12.600000381469728,12.300000190734863,12.449999809265137,11.23151397705078,1157000
2017-01-12,NWS,12.5,12.600000381469728,12.300000190734863,12.449999809265137,11.23151397705078,1157000
2017-01-13,NWS,12.449999809265137,12.579999923706056,12.399999618530272,12.449999809265137,11.23151397705078,381700
2017-01-13,NWS,12.449999809265137,12.579999923706056,12.399999618530272,12.449999809265137,11.23151397705078,381700
2017-01-17,NWS,12.399999618530272,12.729999542236328,12.300000190734863,12.699999809265137,11.45704746246338,529800
2017-01-17,NWS,12.399999618530272,12.729999542236328,12.300000190734863,12.699999809265137,11.45704746246338,529800
2017-01-18,NWS,12.699999809265137,12.699999809265137,12.399999618530272,12.550000190734863,11.32172679901123,867600
2017-01-18,NWS,12.699999809265137,12.699999809265137,12.399999618530272,12.550000190734863,11.32172679901123,867600
2017-01-19,NWS,12.550000190734863,12.600000381469728,12.399999618530272,12.449999809265137,11.23151397705078,439800
2017-01-19,NWS,12.550000190734863,12.600000381469728,12.399999618530272,12.449999809265137,11.23151397705078,439800
2017-01-20,NWS,12.449999809265137,12.550000190734863,12.350000381469728,12.350000381469728,11.141303062438965,644200
2017-01-20,NWS,12.449999809265137,12.550000190734863,12.350000381469728,12.350000381469728,11.141303062438965,644200
2017-01-23,NWS,12.350000381469728,12.449999809265137,12.300000190734863,12.399999618530272,11.186407089233398,471000
2017-01-23,NWS,12.350000381469728,12.449999809265137,12.300000190734863,12.399999618530272,11.186407089233398,471000
2017-01-24,NWS,12.350000381469728,12.630000114440918,12.300000190734863,12.600000381469728,11.366833686828612,359000
2017-01-24,NWS,12.350000381469728,12.630000114440918,12.300000190734863,12.600000381469728,11.366833686828612,359000
2017-01-25,NWS,12.600000381469728,12.800000190734863,12.550000190734863,12.699999809265137,11.45704746246338,792000
2017-01-25,NWS,12.600000381469728,12.800000190734863,12.550000190734863,12.699999809265137,11.45704746246338,792000
2017-01-26,NWS,12.75,12.800000190734863,12.5,12.550000190734863,11.32172679901123,424200
2017-01-26,NWS,12.75,12.800000190734863,12.5,12.550000190734863,11.32172679901123,424200
2017-01-27,NWS,12.550000190734863,12.699999809265137,12.5,12.649999618530272,11.411940574645996,613300
2017-01-27,NWS,12.550000190734863,12.699999809265137,12.5,12.649999618530272,11.411940574645996,613300
2017-01-30,NWS,12.699999809265137,12.699999809265137,12.449999809265137,12.699999809265137,11.45704746246338,445300
2017-01-30,NWS,12.699999809265137,12.699999809265137,12.449999809265137,12.699999809265137,11.45704746246338,445300
2017-01-31,NWS,12.699999809265137,12.699999809265137,12.399999618530272,12.649999618530272,11.411940574645996,457700
2017-01-31,NWS,12.699999809265137,12.699999809265137,12.399999618530272,12.649999618530272,11.411940574645996,457700
2017-02-01,NWS,12.649999618530272,12.75,12.5,12.699999809265137,11.45704746246338,379500
2017-02-01,NWS,12.649999618530272,12.75,12.5,12.699999809265137,11.45704746246338,379500
2017-02-02,NWS,12.699999809265137,12.699999809265137,12.5,12.600000381469728,11.366833686828612,414100
2017-02-02,NWS,12.699999809265137,12.699999809265137,12.5,12.600000381469728,11.366833686828612,414100
2017-02-03,NWS,12.600000381469728,12.649999618530272,12.5,12.600000381469728,11.366833686828612,280000
2017-02-03,NWS,12.600000381469728,12.649999618530272,12.5,12.600000381469728,11.366833686828612,280000
2017-02-06,NWS,12.600000381469728,12.699999809265137,12.550000190734863,12.550000190734863,11.32172679901123,185800
2017-02-06,NWS,12.600000381469728,12.699999809265137,12.550000190734863,12.550000190734863,11.32172679901123,185800
2017-02-07,NWS,12.550000190734863,12.600000381469728,12.399999618530272,12.550000190734863,11.32172679901123,386500
2017-02-07,NWS,12.550000190734863,12.600000381469728,12.399999618530272,12.550000190734863,11.32172679901123,386500
2017-02-08,NWS,12.550000190734863,12.550000190734863,12.350000381469728,12.449999809265137,11.23151397705078,283600
2017-02-08,NWS,12.550000190734863,12.550000190734863,12.350000381469728,12.449999809265137,11.23151397705078,283600
2017-02-09,NWS,12.399999618530272,12.75,12.399999618530272,12.75,11.502154350280762,494600
2017-02-09,NWS,12.399999618530272,12.75,12.399999618530272,12.75,11.502154350280762,494600
2017-02-10,NWS,12.5,13.75,12.5,13.600000381469728,12.268963813781738,749200
2017-02-10,NWS,12.5,13.75,12.5,13.600000381469728,12.268963813781738,749200
2017-02-13,NWS,13.699999809265137,13.800000190734863,13.350000381469728,13.350000381469728,12.043432235717772,658600
2017-02-13,NWS,13.699999809265137,13.800000190734863,13.350000381469728,13.350000381469728,12.043432235717772,658600
2017-02-14,NWS,13.399999618530272,13.5,13.25,13.350000381469728,12.043432235717772,561300
2017-02-14,NWS,13.399999618530272,13.5,13.25,13.350000381469728,12.043432235717772,561300
2017-02-15,NWS,13.199999809265137,13.529999732971191,13.199999809265137,13.449999809265137,12.133645057678224,1495500
2017-02-15,NWS,13.199999809265137,13.529999732971191,13.199999809265137,13.449999809265137,12.133645057678224,1495500
2017-02-16,NWS,13.449999809265137,13.5,13.279999732971191,13.399999618530272,12.088539123535156,557100
2017-02-16,NWS,13.449999809265137,13.5,13.279999732971191,13.399999618530272,12.088539123535156,557100
2017-02-17,NWS,13.399999618530272,13.550000190734863,13.199999809265137,13.5,12.178750991821287,634200
2017-02-17,NWS,13.399999618530272,13.550000190734863,13.199999809265137,13.5,12.178750991821287,634200
2017-02-21,NWS,13.5,13.800000190734863,13.399999618530272,13.649999618530272,12.314068794250488,850300
2017-02-21,NWS,13.5,13.800000190734863,13.399999618530272,13.649999618530272,12.314068794250488,850300
2017-02-22,NWS,13.649999618530272,13.649999618530272,13.399999618530272,13.600000381469728,12.268963813781738,421900
2017-02-22,NWS,13.649999618530272,13.649999618530272,13.399999618530272,13.600000381469728,12.268963813781738,421900
2017-02-23,NWS,13.649999618530272,13.649999618530272,13.380000114440918,13.5,12.178750991821287,441700
2017-02-23,NWS,13.649999618530272,13.649999618530272,13.380000114440918,13.5,12.178750991821287,441700
2017-02-24,NWS,13.5,13.5,13.229999542236328,13.399999618530272,12.088539123535156,277300
2017-02-24,NWS,13.5,13.5,13.229999542236328,13.399999618530272,12.088539123535156,277300
2017-02-27,NWS,13.399999618530272,13.5,13.300000190734863,13.399999618530272,12.088539123535156,596700
2017-02-27,NWS,13.399999618530272,13.5,13.300000190734863,13.399999618530272,12.088539123535156,596700
2017-02-28,NWS,13.350000381469728,13.399999618530272,13.100000381469728,13.199999809265137,11.908113479614258,515800
2017-02-28,NWS,13.350000381469728,13.399999618530272,13.100000381469728,13.199999809265137,11.908113479614258,515800
2017-03-01,NWS,13.300000190734863,13.5,13.25,13.399999618530272,12.088539123535156,353800
2017-03-01,NWS,13.300000190734863,13.5,13.25,13.399999618530272,12.088539123535156,353800
2017-03-02,NWS,13.399999618530272,13.449999809265137,13.149999618530272,13.25,11.953218460083008,455800
2017-03-02,NWS,13.399999618530272,13.449999809265137,13.149999618530272,13.25,11.953218460083008,455800
2017-03-03,NWS,13.25,13.25,13.100000381469728,13.25,11.953218460083008,417300
2017-03-03,NWS,13.25,13.25,13.100000381469728,13.25,11.953218460083008,417300
2017-03-06,NWS,13.149999618530272,13.300000190734863,13.100000381469728,13.25,11.953218460083008,328800
2017-03-06,NWS,13.149999618530272,13.300000190734863,13.100000381469728,13.25,11.953218460083008,328800
2017-03-07,NWS,13.199999809265137,13.399999618530272,12.899999618530272,13.0,11.727685928344728,498900
2017-03-07,NWS,13.199999809265137,13.399999618530272,12.899999618530272,13.0,11.727685928344728,498900
2017-03-08,NWS,12.899999618530272,13.050000190734863,12.779999732971191,12.800000190734863,11.547259330749512,458400
2017-03-08,NWS,12.899999618530272,13.050000190734863,12.779999732971191,12.800000190734863,11.547259330749512,458400
2017-03-09,NWS,12.899999618530272,12.899999618530272,12.65999984741211,12.800000190734863,11.547259330749512,406100
2017-03-09,NWS,12.899999618530272,12.899999618530272,12.65999984741211,12.800000190734863,11.547259330749512,406100
2017-03-10,NWS,12.850000381469728,12.899999618530272,12.550000190734863,12.800000190734863,11.547259330749512,322800
2017-03-10,NWS,12.850000381469728,12.899999618530272,12.550000190734863,12.800000190734863,11.547259330749512,322800
2017-03-13,NWS,12.699999809265137,12.75,12.529999732971191,12.550000190734863,11.410874366760254,441400
2017-03-13,NWS,12.699999809265137,12.75,12.529999732971191,12.550000190734863,11.410874366760254,441400
2017-03-14,NWS,12.550000190734863,12.699999809265137,12.5,12.699999809265137,11.547260284423828,294900
2017-03-14,NWS,12.550000190734863,12.699999809265137,12.5,12.699999809265137,11.547260284423828,294900
2017-03-15,NWS,12.75,12.949999809265137,12.600000381469728,12.899999618530272,11.72910499572754,386500
2017-03-15,NWS,12.75,12.949999809265137,12.600000381469728,12.899999618530272,11.72910499572754,386500
2017-03-16,NWS,12.800000190734863,12.979999542236328,12.800000190734863,12.899999618530272,11.72910499572754,274500
2017-03-16,NWS,12.800000190734863,12.979999542236328,12.800000190734863,12.899999618530272,11.72910499572754,274500
2017-03-17,NWS,12.949999809265137,13.050000190734863,12.850000381469728,12.949999809265137,11.774566650390623,559100
2017-03-17,NWS,12.949999809265137,13.050000190734863,12.850000381469728,12.949999809265137,11.774566650390623,559100
2017-03-20,NWS,13.0,13.0,12.829999923706056,12.899999618530272,11.72910499572754,210700
2017-03-20,NWS,13.0,13.0,12.829999923706056,12.899999618530272,11.72910499572754,210700
2017-03-21,NWS,13.0,13.050000190734863,12.800000190734863,12.850000381469728,11.683645248413086,610900
2017-03-21,NWS,13.0,13.050000190734863,12.800000190734863,12.850000381469728,11.683645248413086,610900
2017-03-22,NWS,12.949999809265137,12.949999809265137,12.75,12.949999809265137,11.774566650390623,593200
2017-03-22,NWS,12.949999809265137,12.949999809265137,12.75,12.949999809265137,11.774566650390623,593200
2017-03-23,NWS,12.949999809265137,13.029999732971191,12.850000381469728,12.949999809265137,11.774566650390623,804000
2017-03-23,NWS,12.949999809265137,13.029999732971191,12.850000381469728,12.949999809265137,11.774566650390623,804000
2017-03-24,NWS,13.0,13.079999923706056,12.880000114440918,12.949999809265137,11.774566650390623,512900
2017-03-24,NWS,13.0,13.079999923706056,12.880000114440918,12.949999809265137,11.774566650390623,512900
2017-03-27,NWS,12.899999618530272,13.050000190734863,12.850000381469728,12.949999809265137,11.774566650390623,553400
2017-03-27,NWS,12.899999618530272,13.050000190734863,12.850000381469728,12.949999809265137,11.774566650390623,553400
2017-03-28,NWS,12.949999809265137,13.300000190734863,12.949999809265137,13.25,12.047340393066406,548700
2017-03-28,NWS,12.949999809265137,13.300000190734863,12.949999809265137,13.25,12.047340393066406,548700
2017-03-29,NWS,13.25,13.5,13.199999809265137,13.449999809265137,12.229185104370115,790300
2017-03-29,NWS,13.25,13.5,13.199999809265137,13.449999809265137,12.229185104370115,790300
2017-03-30,NWS,13.5,13.800000190734863,13.399999618530272,13.699999809265137,12.456493377685549,2143100
2017-03-30,NWS,13.5,13.800000190734863,13.399999618530272,13.699999809265137,12.456493377685549,2143100
2017-03-31,NWS,13.699999809265137,13.699999809265137,13.329999923706056,13.5,12.274646759033203,511300
2017-03-31,NWS,13.699999809265137,13.699999809265137,13.329999923706056,13.5,12.274646759033203,511300
2017-04-03,NWS,13.550000190734863,13.550000190734863,13.199999809265137,13.25,12.047340393066406,446300
2017-04-03,NWS,13.550000190734863,13.550000190734863,13.199999809265137,13.25,12.047340393066406,446300
2017-04-04,NWS,13.25,13.350000381469728,13.100000381469728,13.149999618530272,11.956414222717283,569500
2017-04-04,NWS,13.25,13.350000381469728,13.100000381469728,13.149999618530272,11.956414222717283,569500
2017-04-05,NWS,13.149999618530272,13.199999809265137,12.93000030517578,13.050000190734863,11.865492820739746,455100
2017-04-05,NWS,13.149999618530272,13.199999809265137,12.93000030517578,13.050000190734863,11.865492820739746,455100
2017-04-06,NWS,13.0,13.09000015258789,12.850000381469728,12.949999809265137,11.774566650390623,396000
2017-04-06,NWS,13.0,13.09000015258789,12.850000381469728,12.949999809265137,11.774566650390623,396000
2017-04-07,NWS,12.899999618530272,12.949999809265137,12.850000381469728,12.899999618530272,11.72910499572754,159200
2017-04-07,NWS,12.899999618530272,12.949999809265137,12.850000381469728,12.899999618530272,11.72910499572754,159200
2017-04-10,NWS,12.899999618530272,13.050000190734863,12.850000381469728,12.899999618530272,11.72910499572754,300900
2017-04-10,NWS,12.899999618530272,13.050000190734863,12.850000381469728,12.899999618530272,11.72910499572754,300900
2017-04-11,NWS,12.850000381469728,12.949999809265137,12.800000190734863,12.850000381469728,11.683645248413086,381600
2017-04-11,NWS,12.850000381469728,12.949999809265137,12.800000190734863,12.850000381469728,11.683645248413086,381600
2017-04-12,NWS,12.899999618530272,13.0,12.829999923706056,12.949999809265137,11.774566650390623,416400
2017-04-12,NWS,12.899999618530272,13.0,12.829999923706056,12.949999809265137,11.774566650390623,416400
2017-04-13,NWS,12.850000381469728,12.949999809265137,12.699999809265137,12.699999809265137,11.547260284423828,319500
2017-04-13,NWS,12.850000381469728,12.949999809265137,12.699999809265137,12.699999809265137,11.547260284423828,319500
2017-04-17,NWS,12.800000190734863,12.899999618530272,12.699999809265137,12.850000381469728,11.683645248413086,279700
2017-04-17,NWS,12.800000190734863,12.899999618530272,12.699999809265137,12.850000381469728,11.683645248413086,279700
2017-04-18,NWS,12.850000381469728,12.850000381469728,12.600000381469728,12.699999809265137,11.547260284423828,413400
2017-04-18,NWS,12.850000381469728,12.850000381469728,12.600000381469728,12.699999809265137,11.547260284423828,413400
2017-04-19,NWS,12.75,12.949999809265137,12.75,12.850000381469728,11.683645248413086,249800
2017-04-19,NWS,12.75,12.949999809265137,12.75,12.850000381469728,11.683645248413086,249800
2017-04-20,NWS,12.850000381469728,13.449999809265137,12.850000381469728,13.350000381469728,12.138262748718262,457800
2017-04-20,NWS,12.850000381469728,13.449999809265137,12.850000381469728,13.350000381469728,12.138262748718262,457800
2017-04-21,NWS,13.300000190734863,13.399999618530272,13.130000114440918,13.300000190734863,12.092802047729492,453400
2017-04-21,NWS,13.300000190734863,13.399999618530272,13.130000114440918,13.300000190734863,12.092802047729492,453400
2017-04-24,NWS,13.399999618530272,13.449999809265137,13.300000190734863,13.350000381469728,12.138262748718262,1093400
2017-04-24,NWS,13.399999618530272,13.449999809265137,13.300000190734863,13.350000381469728,12.138262748718262,1093400
2017-04-25,NWS,13.399999618530272,13.5,13.350000381469728,13.449999809265137,12.229185104370115,199900
2017-04-25,NWS,13.399999618530272,13.5,13.350000381469728,13.449999809265137,12.229185104370115,199900
2017-04-26,NWS,13.399999618530272,13.5,13.25,13.25,12.047340393066406,712400
2017-04-26,NWS,13.399999618530272,13.5,13.25,13.25,12.047340393066406,712400
2017-04-27,NWS,13.300000190734863,13.380000114440918,13.199999809265137,13.199999809265137,12.001877784729004,524100
2017-04-27,NWS,13.300000190734863,13.380000114440918,13.199999809265137,13.199999809265137,12.001877784729004,524100
2017-04-28,NWS,13.25,13.25,12.899999618530272,13.0,11.82003116607666,894200
2017-04-28,NWS,13.25,13.25,12.899999618530272,13.0,11.82003116607666,894200
2017-05-01,NWS,13.050000190734863,13.100000381469728,12.920000076293944,13.0,11.82003116607666,234500
2017-05-01,NWS,13.050000190734863,13.100000381469728,12.920000076293944,13.0,11.82003116607666,234500
2017-05-02,NWS,13.0,13.050000190734863,12.899999618530272,12.899999618530272,11.72910499572754,316300
2017-05-02,NWS,13.0,13.050000190734863,12.899999618530272,12.899999618530272,11.72910499572754,316300
2017-05-03,NWS,12.850000381469728,12.949999809265137,12.75,12.850000381469728,11.683645248413086,371100
2017-05-03,NWS,12.850000381469728,12.949999809265137,12.75,12.850000381469728,11.683645248413086,371100
2017-05-04,NWS,12.899999618530272,12.899999618530272,12.75,12.850000381469728,11.683645248413086,347900
2017-05-04,NWS,12.899999618530272,12.899999618530272,12.75,12.850000381469728,11.683645248413086,347900
2017-05-05,NWS,12.800000190734863,13.0,12.800000190734863,13.0,11.82003116607666,193400
2017-05-05,NWS,12.800000190734863,13.0,12.800000190734863,13.0,11.82003116607666,193400
2017-05-08,NWS,12.949999809265137,13.100000381469728,12.949999809265137,13.100000381469728,11.910954475402832,369100
2017-05-08,NWS,12.949999809265137,13.100000381469728,12.949999809265137,13.100000381469728,11.910954475402832,369100
2017-05-09,NWS,13.149999618530272,13.399999618530272,13.100000381469728,13.399999618530272,12.183723449707031,786600
2017-05-09,NWS,13.149999618530272,13.399999618530272,13.100000381469728,13.399999618530272,12.183723449707031,786600
2017-05-10,NWS,12.949999809265137,13.600000381469728,12.649999618530272,13.050000190734863,11.865492820739746,683300
2017-05-10,NWS,12.949999809265137,13.600000381469728,12.649999618530272,13.050000190734863,11.865492820739746,683300
2017-05-11,NWS,13.050000190734863,13.149999618530272,12.880000114440918,13.0,11.82003116607666,554300
2017-05-11,NWS,13.050000190734863,13.149999618530272,12.880000114440918,13.0,11.82003116607666,554300
2017-05-12,NWS,13.0,13.100000381469728,12.949999809265137,13.050000190734863,11.865492820739746,394600
2017-05-12,NWS,13.0,13.100000381469728,12.949999809265137,13.050000190734863,11.865492820739746,394600
2017-05-15,NWS,13.050000190734863,13.329999923706056,13.050000190734863,13.300000190734863,12.092802047729492,299500
2017-05-15,NWS,13.050000190734863,13.329999923706056,13.050000190734863,13.300000190734863,12.092802047729492,299500
2017-05-16,NWS,13.25,13.350000381469728,13.199999809265137,13.300000190734863,12.092802047729492,332700
2017-05-16,NWS,13.25,13.350000381469728,13.199999809265137,13.300000190734863,12.092802047729492,332700
2017-05-17,NWS,13.199999809265137,13.25,13.020000457763672,13.050000190734863,11.865492820739746,482900
2017-05-17,NWS,13.199999809265137,13.25,13.020000457763672,13.050000190734863,11.865492820739746,482900
2017-05-18,NWS,13.100000381469728,13.18000030517578,12.970000267028809,13.050000190734863,11.865492820739746,548000
2017-05-18,NWS,13.100000381469728,13.18000030517578,12.970000267028809,13.050000190734863,11.865492820739746,548000
2017-05-19,NWS,13.050000190734863,13.229999542236328,13.0,13.199999809265137,12.001877784729004,230600
2017-05-19,NWS,13.050000190734863,13.229999542236328,13.0,13.199999809265137,12.001877784729004,230600
2017-05-22,NWS,13.199999809265137,13.550000190734863,13.199999809265137,13.550000190734863,12.320107460021973,214100
2017-05-22,NWS,13.199999809265137,13.550000190734863,13.199999809265137,13.550000190734863,12.320107460021973,214100
2017-05-23,NWS,13.550000190734863,13.68000030517578,13.399999618530272,13.5,12.274646759033203,305200
2017-05-23,NWS,13.550000190734863,13.68000030517578,13.399999618530272,13.5,12.274646759033203,305200
2017-05-24,NWS,13.550000190734863,13.649999618530272,13.5,13.649999618530272,12.411029815673828,229400
2017-05-24,NWS,13.550000190734863,13.649999618530272,13.5,13.649999618530272,12.411029815673828,229400
2017-05-25,NWS,13.649999618530272,13.699999809265137,13.550000190734863,13.600000381469728,12.365568161010742,187800
2017-05-25,NWS,13.649999618530272,13.699999809265137,13.550000190734863,13.600000381469728,12.365568161010742,187800
2017-05-26,NWS,13.600000381469728,13.800000190734863,13.600000381469728,13.800000190734863,12.547415733337402,314500
2017-05-26,NWS,13.600000381469728,13.800000190734863,13.600000381469728,13.800000190734863,12.547415733337402,314500
2017-05-30,NWS,13.800000190734863,13.800000190734863,13.550000190734863,13.649999618530272,12.411029815673828,244700
2017-05-30,NWS,13.800000190734863,13.800000190734863,13.550000190734863,13.649999618530272,12.411029815673828,244700
2017-05-31,NWS,13.699999809265137,13.75,13.479999542236328,13.699999809265137,12.456493377685549,329500
2017-05-31,NWS,13.699999809265137,13.75,13.479999542236328,13.699999809265137,12.456493377685549,329500
2017-06-01,NWS,13.699999809265137,14.0,13.699999809265137,14.0,12.729262351989746,420400
2017-06-01,NWS,13.699999809265137,14.0,13.699999809265137,14.0,12.729262351989746,420400
2017-06-02,NWS,13.949999809265137,14.050000190734863,13.800000190734863,13.949999809265137,12.683801651000977,1191500
2017-06-02,NWS,13.949999809265137,14.050000190734863,13.800000190734863,13.949999809265137,12.683801651000977,1191500
2017-06-05,NWS,13.949999809265137,14.050000190734863,13.800000190734863,13.800000190734863,12.547415733337402,1358900
2017-06-05,NWS,13.949999809265137,14.050000190734863,13.800000190734863,13.800000190734863,12.547415733337402,1358900
2017-06-06,NWS,13.850000381469728,13.949999809265137,13.699999809265137,13.899999618530272,12.638340950012209,1304400
2017-06-06,NWS,13.850000381469728,13.949999809265137,13.699999809265137,13.899999618530272,12.638340950012209,1304400
2017-06-07,NWS,14.0,14.0,13.75,13.800000190734863,12.547415733337402,1307600
2017-06-07,NWS,14.0,14.0,13.75,13.800000190734863,12.547415733337402,1307600
2017-06-08,NWS,13.75,13.949999809265137,13.550000190734863,13.949999809265137,12.683801651000977,415100
2017-06-08,NWS,13.75,13.949999809265137,13.550000190734863,13.949999809265137,12.683801651000977,415100
2017-06-09,NWS,13.949999809265137,14.100000381469728,13.829999923706056,14.100000381469728,12.820186614990234,291400
2017-06-09,NWS,13.949999809265137,14.100000381469728,13.829999923706056,14.100000381469728,12.820186614990234,291400
2017-06-12,NWS,14.050000190734863,14.25,14.0,14.050000190734863,12.774724960327148,254400
2017-06-12,NWS,14.050000190734863,14.25,14.0,14.050000190734863,12.774724960327148,254400
2017-06-13,NWS,14.050000190734863,14.130000114440918,13.93000030517578,13.949999809265137,12.683801651000977,201500
2017-06-13,NWS,14.050000190734863,14.130000114440918,13.93000030517578,13.949999809265137,12.683801651000977,201500
2017-06-14,NWS,14.050000190734863,14.100000381469728,13.899999618530272,14.0,12.729262351989746,960300
2017-06-14,NWS,14.050000190734863,14.100000381469728,13.899999618530272,14.0,12.729262351989746,960300
2017-06-15,NWS,14.0,14.079999923706056,13.899999618530272,14.050000190734863,12.774724960327148,255600
2017-06-15,NWS,14.0,14.079999923706056,13.899999618530272,14.050000190734863,12.774724960327148,255600
2017-06-16,NWS,14.100000381469728,14.25,14.0,14.149999618530272,12.865647315979004,815100
2017-06-16,NWS,14.100000381469728,14.25,14.0,14.149999618530272,12.865647315979004,815100
2017-06-19,NWS,14.149999618530272,14.300000190734863,14.149999618530272,14.25,12.95656967163086,191000
2017-06-19,NWS,14.149999618530272,14.300000190734863,14.149999618530272,14.25,12.95656967163086,191000
2017-06-20,NWS,14.25,14.25,13.949999809265137,14.0,12.729262351989746,412100
2017-06-20,NWS,14.25,14.25,13.949999809265137,14.0,12.729262351989746,412100
2017-06-21,NWS,14.0,14.100000381469728,13.93000030517578,13.949999809265137,12.683801651000977,327000
2017-06-21,NWS,14.0,14.100000381469728,13.93000030517578,13.949999809265137,12.683801651000977,327000
2017-06-22,NWS,13.949999809265137,14.050000190734863,13.75,13.949999809265137,12.683801651000977,196000
2017-06-22,NWS,13.949999809265137,14.050000190734863,13.75,13.949999809265137,12.683801651000977,196000
2017-06-23,NWS,13.899999618530272,14.100000381469728,13.800000190734863,14.050000190734863,12.774724960327148,537000
2017-06-23,NWS,13.899999618530272,14.100000381469728,13.800000190734863,14.050000190734863,12.774724960327148,537000
2017-06-26,NWS,14.050000190734863,14.149999618530272,13.949999809265137,14.100000381469728,12.820186614990234,197900
2017-06-26,NWS,14.050000190734863,14.149999618530272,13.949999809265137,14.100000381469728,12.820186614990234,197900
2017-06-27,NWS,14.100000381469728,14.25,14.0,14.100000381469728,12.820186614990234,375100
2017-06-27,NWS,14.100000381469728,14.25,14.0,14.100000381469728,12.820186614990234,375100
2017-06-28,NWS,14.149999618530272,14.399999618530272,14.149999618530272,14.300000190734863,13.002033233642578,372500
2017-06-28,NWS,14.149999618530272,14.399999618530272,14.149999618530272,14.300000190734863,13.002033233642578,372500
2017-06-29,NWS,14.300000190734863,14.399999618530272,13.829999923706056,14.050000190734863,12.774724960327148,507000
2017-06-29,NWS,14.300000190734863,14.399999618530272,13.829999923706056,14.050000190734863,12.774724960327148,507000
2017-06-30,NWS,14.100000381469728,14.199999809265137,14.0,14.149999618530272,12.865647315979004,216300
2017-06-30,NWS,14.100000381469728,14.199999809265137,14.0,14.149999618530272,12.865647315979004,216300
2017-07-03,NWS,14.300000190734863,14.350000381469728,14.100000381469728,14.300000190734863,13.002033233642578,226200
2017-07-03,NWS,14.300000190734863,14.350000381469728,14.100000381469728,14.300000190734863,13.002033233642578,226200
2017-07-05,NWS,14.300000190734863,14.300000190734863,14.100000381469728,14.149999618530272,12.865647315979004,273700
2017-07-05,NWS,14.300000190734863,14.300000190734863,14.100000381469728,14.149999618530272,12.865647315979004,273700
2017-07-06,NWS,14.100000381469728,14.100000381469728,13.649999618530272,13.649999618530272,12.411029815673828,365100
2017-07-06,NWS,14.100000381469728,14.100000381469728,13.649999618530272,13.649999618530272,12.411029815673828,365100
2017-07-07,NWS,13.699999809265137,13.850000381469728,13.600000381469728,13.75,12.501955032348633,482300
2017-07-07,NWS,13.699999809265137,13.850000381469728,13.600000381469728,13.75,12.501955032348633,482300
2017-07-10,NWS,13.699999809265137,13.850000381469728,13.529999732971191,13.550000190734863,12.320107460021973,288000
2017-07-10,NWS,13.699999809265137,13.850000381469728,13.529999732971191,13.550000190734863,12.320107460021973,288000
2017-07-11,NWS,13.649999618530272,13.779999732971191,13.5,13.75,12.501955032348633,312800
2017-07-11,NWS,13.649999618530272,13.779999732971191,13.5,13.75,12.501955032348633,312800
2017-07-12,NWS,13.800000190734863,13.850000381469728,13.600000381469728,13.600000381469728,12.365568161010742,300700
2017-07-12,NWS,13.800000190734863,13.850000381469728,13.600000381469728,13.600000381469728,12.365568161010742,300700
2017-07-13,NWS,13.600000381469728,13.75,13.600000381469728,13.699999809265137,12.456493377685549,249100
2017-07-13,NWS,13.600000381469728,13.75,13.600000381469728,13.699999809265137,12.456493377685549,249100
2017-07-14,NWS,13.699999809265137,14.050000190734863,13.68000030517578,14.0,12.729262351989746,482700
2017-07-14,NWS,13.699999809265137,14.050000190734863,13.68000030517578,14.0,12.729262351989746,482700
2017-07-17,NWS,14.0,14.25,13.949999809265137,14.100000381469728,12.820186614990234,394500
2017-07-17,NWS,14.0,14.25,13.949999809265137,14.100000381469728,12.820186614990234,394500
2017-07-18,NWS,14.050000190734863,14.130000114440918,13.949999809265137,14.050000190734863,12.774724960327148,197400
2017-07-18,NWS,14.050000190734863,14.130000114440918,13.949999809265137,14.050000190734863,12.774724960327148,197400
2017-07-19,NWS,14.100000381469728,14.43000030517578,14.100000381469728,14.350000381469728,13.047493934631348,208300
2017-07-19,NWS,14.100000381469728,14.43000030517578,14.100000381469728,14.350000381469728,13.047493934631348,208300
2017-07-20,NWS,14.399999618530272,14.550000190734863,14.300000190734863,14.350000381469728,13.047493934631348,228200
2017-07-20,NWS,14.399999618530272,14.550000190734863,14.300000190734863,14.350000381469728,13.047493934631348,228200
2017-07-21,NWS,14.25,14.550000190734863,14.25,14.449999809265137,13.138418197631836,507900
2017-07-21,NWS,14.25,14.550000190734863,14.25,14.449999809265137,13.138418197631836,507900
2017-07-24,NWS,14.399999618530272,14.5,14.350000381469728,14.449999809265137,13.138418197631836,349800
2017-07-24,NWS,14.399999618530272,14.5,14.350000381469728,14.449999809265137,13.138418197631836,349800
2017-07-25,NWS,14.550000190734863,14.600000381469728,14.25,14.550000190734863,13.229342460632324,376600
2017-07-25,NWS,14.550000190734863,14.600000381469728,14.25,14.550000190734863,13.229342460632324,376600
2017-07-26,NWS,14.649999618530272,14.75,14.600000381469728,14.600000381469728,13.274803161621094,312000
2017-07-26,NWS,14.649999618530272,14.75,14.600000381469728,14.600000381469728,13.274803161621094,312000
2017-07-27,NWS,14.649999618530272,14.800000190734863,14.649999618530272,14.699999809265137,13.365726470947266,407900
2017-07-27,NWS,14.649999618530272,14.800000190734863,14.649999618530272,14.699999809265137,13.365726470947266,407900
2017-07-28,NWS,14.649999618530272,14.899999618530272,14.649999618530272,14.800000190734863,13.456647872924805,281100
2017-07-28,NWS,14.649999618530272,14.899999618530272,14.649999618530272,14.800000190734863,13.456647872924805,281100
2017-07-31,NWS,14.800000190734863,14.850000381469728,14.649999618530272,14.699999809265137,13.365726470947266,219200
2017-07-31,NWS,14.800000190734863,14.850000381469728,14.649999618530272,14.699999809265137,13.365726470947266,219200
2017-08-01,NWS,14.800000190734863,14.899999618530272,14.699999809265137,14.850000381469728,13.502111434936523,417700
2017-08-01,NWS,14.800000190734863,14.899999618530272,14.699999809265137,14.850000381469728,13.502111434936523,417700
2017-08-02,NWS,14.800000190734863,14.800000190734863,14.600000381469728,14.75,13.411187171936035,592900
2017-08-02,NWS,14.800000190734863,14.800000190734863,14.600000381469728,14.75,13.411187171936035,592900
2017-08-03,NWS,14.75,14.800000190734863,14.449999809265137,14.649999618530272,13.320263862609863,244300
2017-08-03,NWS,14.75,14.800000190734863,14.449999809265137,14.649999618530272,13.320263862609863,244300
2017-08-04,NWS,14.649999618530272,14.699999809265137,14.5,14.600000381469728,13.274803161621094,374200
2017-08-04,NWS,14.649999618530272,14.699999809265137,14.5,14.600000381469728,13.274803161621094,374200
2017-08-07,NWS,14.550000190734863,14.850000381469728,14.550000190734863,14.800000190734863,13.456647872924805,186200
2017-08-07,NWS,14.550000190734863,14.850000381469728,14.550000190734863,14.800000190734863,13.456647872924805,186200
2017-08-08,NWS,14.75,14.75,14.5,14.600000381469728,13.274803161621094,289700
2017-08-08,NWS,14.75,14.75,14.5,14.600000381469728,13.274803161621094,289700
2017-08-09,NWS,14.600000381469728,14.649999618530272,14.399999618530272,14.550000190734863,13.229342460632324,243100
2017-08-09,NWS,14.600000381469728,14.649999618530272,14.399999618530272,14.550000190734863,13.229342460632324,243100
2017-08-10,NWS,14.550000190734863,14.550000190734863,13.949999809265137,14.0,12.729262351989746,683200
2017-08-10,NWS,14.550000190734863,14.550000190734863,13.949999809265137,14.0,12.729262351989746,683200
2017-08-11,NWS,14.25,14.399999618530272,13.779999732971191,13.800000190734863,12.547415733337402,312200
2017-08-11,NWS,14.25,14.399999618530272,13.779999732971191,13.800000190734863,12.547415733337402,312200
2017-08-14,NWS,13.949999809265137,14.0,13.699999809265137,13.800000190734863,12.547415733337402,366700
2017-08-14,NWS,13.949999809265137,14.0,13.699999809265137,13.800000190734863,12.547415733337402,366700
2017-08-15,NWS,13.899999618530272,13.899999618530272,13.649999618530272,13.699999809265137,12.456493377685549,256500
2017-08-15,NWS,13.899999618530272,13.899999618530272,13.649999618530272,13.699999809265137,12.456493377685549,256500
2017-08-16,NWS,13.75,13.850000381469728,13.600000381469728,13.649999618530272,12.411029815673828,563900
2017-08-16,NWS,13.75,13.850000381469728,13.600000381469728,13.649999618530272,12.411029815673828,563900
2017-08-17,NWS,13.649999618530272,13.880000114440918,13.600000381469728,13.649999618530272,12.411029815673828,368400
2017-08-17,NWS,13.649999618530272,13.880000114440918,13.600000381469728,13.649999618530272,12.411029815673828,368400
2017-08-18,NWS,13.600000381469728,13.850000381469728,13.479999542236328,13.75,12.501955032348633,727900
2017-08-18,NWS,13.600000381469728,13.850000381469728,13.479999542236328,13.75,12.501955032348633,727900
2017-08-21,NWS,13.699999809265137,13.800000190734863,13.600000381469728,13.75,12.501955032348633,472900
2017-08-21,NWS,13.699999809265137,13.800000190734863,13.600000381469728,13.75,12.501955032348633,472900
2017-08-22,NWS,13.75,13.850000381469728,13.699999809265137,13.800000190734863,12.547415733337402,245600
2017-08-22,NWS,13.75,13.850000381469728,13.699999809265137,13.800000190734863,12.547415733337402,245600
2017-08-23,NWS,13.699999809265137,13.729999542236328,13.5,13.5,12.274646759033203,448200
2017-08-23,NWS,13.699999809265137,13.729999542236328,13.5,13.5,12.274646759033203,448200
2017-08-24,NWS,13.600000381469728,13.600000381469728,13.449999809265137,13.600000381469728,12.365568161010742,271600
2017-08-24,NWS,13.600000381469728,13.600000381469728,13.449999809265137,13.600000381469728,12.365568161010742,271600
2017-08-25,NWS,13.649999618530272,13.850000381469728,13.550000190734863,13.75,12.501955032348633,222100
2017-08-25,NWS,13.649999618530272,13.850000381469728,13.550000190734863,13.75,12.501955032348633,222100
2017-08-28,NWS,13.800000190734863,13.850000381469728,13.649999618530272,13.800000190734863,12.547415733337402,297100
2017-08-28,NWS,13.800000190734863,13.850000381469728,13.649999618530272,13.800000190734863,12.547415733337402,297100
2017-08-29,NWS,13.649999618530272,13.75,13.600000381469728,13.699999809265137,12.456493377685549,279700
2017-08-29,NWS,13.649999618530272,13.75,13.600000381469728,13.699999809265137,12.456493377685549,279700
2017-08-30,NWS,13.649999618530272,13.75,13.5,13.600000381469728,12.365568161010742,618500
2017-08-30,NWS,13.649999618530272,13.75,13.5,13.600000381469728,12.365568161010742,618500
2017-08-31,NWS,13.600000381469728,13.75,13.600000381469728,13.699999809265137,12.456493377685549,398000
2017-08-31,NWS,13.600000381469728,13.75,13.600000381469728,13.699999809265137,12.456493377685549,398000
2017-09-01,NWS,13.699999809265137,13.850000381469728,13.699999809265137,13.800000190734863,12.547415733337402,596700
2017-09-01,NWS,13.699999809265137,13.850000381469728,13.699999809265137,13.800000190734863,12.547415733337402,596700
2017-09-05,NWS,13.75,13.800000190734863,13.5,13.550000190734863,12.320107460021973,673600
2017-09-05,NWS,13.75,13.800000190734863,13.5,13.550000190734863,12.320107460021973,673600
2017-09-06,NWS,13.600000381469728,13.800000190734863,13.550000190734863,13.649999618530272,12.411029815673828,502900
2017-09-06,NWS,13.600000381469728,13.800000190734863,13.550000190734863,13.649999618530272,12.411029815673828,502900
2017-09-07,NWS,13.699999809265137,13.899999618530272,13.699999809265137,13.800000190734863,12.547415733337402,453200
2017-09-07,NWS,13.699999809265137,13.899999618530272,13.699999809265137,13.800000190734863,12.547415733337402,453200
2017-09-08,NWS,13.800000190734863,13.899999618530272,13.399999618530272,13.399999618530272,12.183723449707031,628100
2017-09-08,NWS,13.800000190734863,13.899999618530272,13.399999618530272,13.399999618530272,12.183723449707031,628100
2017-09-11,NWS,13.550000190734863,13.699999809265137,13.449999809265137,13.649999618530272,12.411029815673828,284100
2017-09-11,NWS,13.550000190734863,13.699999809265137,13.449999809265137,13.649999618530272,12.411029815673828,284100
2017-09-12,NWS,13.550000190734863,13.649999618530272,13.43000030517578,13.5,12.365236282348633,1061700
2017-09-12,NWS,13.550000190734863,13.649999618530272,13.43000030517578,13.5,12.365236282348633,1061700
2017-09-13,NWS,13.600000381469728,13.600000381469728,13.100000381469728,13.300000190734863,12.182045936584473,651100
2017-09-13,NWS,13.600000381469728,13.600000381469728,13.100000381469728,13.300000190734863,12.182045936584473,651100
2017-09-14,NWS,13.300000190734863,13.449999809265137,13.199999809265137,13.350000381469728,12.227843284606934,868000
2017-09-14,NWS,13.300000190734863,13.449999809265137,13.199999809265137,13.350000381469728,12.227843284606934,868000
2017-09-15,NWS,13.25,13.550000190734863,13.25,13.449999809265137,12.31943702697754,1298200
2017-09-15,NWS,13.25,13.550000190734863,13.25,13.449999809265137,12.31943702697754,1298200
2017-09-18,NWS,13.5,13.550000190734863,13.350000381469728,13.449999809265137,12.31943702697754,431300
2017-09-18,NWS,13.5,13.550000190734863,13.350000381469728,13.449999809265137,12.31943702697754,431300
2017-09-19,NWS,13.449999809265137,13.5,13.300000190734863,13.5,12.365236282348633,598500
2017-09-19,NWS,13.449999809265137,13.5,13.300000190734863,13.5,12.365236282348633,598500
2017-09-20,NWS,13.5,13.600000381469728,13.449999809265137,13.600000381469728,12.456827163696287,642100
2017-09-20,NWS,13.5,13.600000381469728,13.449999809265137,13.600000381469728,12.456827163696287,642100
2017-09-21,NWS,13.5,13.579999923706056,13.350000381469728,13.449999809265137,12.31943702697754,540200
2017-09-21,NWS,13.5,13.579999923706056,13.350000381469728,13.449999809265137,12.31943702697754,540200
2017-09-22,NWS,13.399999618530272,13.5,13.329999923706056,13.399999618530272,12.273641586303713,179200
2017-09-22,NWS,13.399999618530272,13.5,13.329999923706056,13.399999618530272,12.273641586303713,179200
2017-09-25,NWS,13.449999809265137,13.600000381469728,13.350000381469728,13.600000381469728,12.456827163696287,328300
2017-09-25,NWS,13.449999809265137,13.600000381469728,13.350000381469728,13.600000381469728,12.456827163696287,328300
2017-09-26,NWS,13.600000381469728,13.600000381469728,13.350000381469728,13.399999618530272,12.273641586303713,719500
2017-09-26,NWS,13.600000381469728,13.600000381469728,13.350000381469728,13.399999618530272,12.273641586303713,719500
2017-09-27,NWS,13.350000381469728,13.649999618530272,13.350000381469728,13.550000190734863,12.411030769348145,441500
2017-09-27,NWS,13.350000381469728,13.649999618530272,13.350000381469728,13.550000190734863,12.411030769348145,441500
2017-09-28,NWS,13.5,13.800000190734863,13.399999618530272,13.649999618530272,12.50262451171875,1023300
2017-09-28,NWS,13.5,13.800000190734863,13.399999618530272,13.649999618530272,12.50262451171875,1023300
2017-09-29,NWS,13.600000381469728,13.649999618530272,13.5,13.649999618530272,12.50262451171875,360200
2017-09-29,NWS,13.600000381469728,13.649999618530272,13.5,13.649999618530272,12.50262451171875,360200
2017-10-02,NWS,13.649999618530272,13.75,13.550000190734863,13.699999809265137,12.548421859741213,357400
2017-10-02,NWS,13.649999618530272,13.75,13.550000190734863,13.699999809265137,12.548421859741213,357400
2017-10-03,NWS,13.699999809265137,13.800000190734863,13.550000190734863,13.699999809265137,12.548421859741213,281800
2017-10-03,NWS,13.699999809265137,13.800000190734863,13.550000190734863,13.699999809265137,12.548421859741213,281800
2017-10-04,NWS,13.699999809265137,13.800000190734863,13.600000381469728,13.699999809265137,12.548421859741213,287200
2017-10-04,NWS,13.699999809265137,13.800000190734863,13.600000381469728,13.699999809265137,12.548421859741213,287200
2017-10-05,NWS,13.699999809265137,13.800000190734863,13.630000114440918,13.699999809265137,12.548421859741213,492400
2017-10-05,NWS,13.699999809265137,13.800000190734863,13.630000114440918,13.699999809265137,12.548421859741213,492400
2017-10-06,NWS,13.649999618530272,13.729999542236328,13.550000190734863,13.649999618530272,12.50262451171875,285300
2017-10-06,NWS,13.649999618530272,13.729999542236328,13.550000190734863,13.649999618530272,12.50262451171875,285300
2017-10-09,NWS,13.649999618530272,13.649999618530272,13.5,13.550000190734863,12.411030769348145,136600
2017-10-09,NWS,13.649999618530272,13.649999618530272,13.5,13.550000190734863,12.411030769348145,136600
2017-10-10,NWS,13.649999618530272,13.850000381469728,13.600000381469728,13.850000381469728,12.685813903808594,806500
2017-10-10,NWS,13.649999618530272,13.850000381469728,13.600000381469728,13.850000381469728,12.685813903808594,806500
2017-10-11,NWS,13.800000190734863,13.800000190734863,13.649999618530272,13.75,12.594219207763672,291200
2017-10-11,NWS,13.800000190734863,13.800000190734863,13.649999618530272,13.75,12.594219207763672,291200
2017-10-12,NWS,13.699999809265137,13.899999618530272,13.699999809265137,13.850000381469728,12.685813903808594,208300
2017-10-12,NWS,13.699999809265137,13.899999618530272,13.699999809265137,13.850000381469728,12.685813903808594,208300
2017-10-13,NWS,13.949999809265137,14.079999923706056,13.800000190734863,14.050000190734863,12.869004249572754,204200
2017-10-13,NWS,13.949999809265137,14.079999923706056,13.800000190734863,14.050000190734863,12.869004249572754,204200
2017-10-16,NWS,14.0,14.100000381469728,13.899999618530272,14.050000190734863,12.869004249572754,268300
2017-10-16,NWS,14.0,14.100000381469728,13.899999618530272,14.050000190734863,12.869004249572754,268300
2017-10-17,NWS,14.0,14.0,13.850000381469728,13.949999809265137,12.777408599853516,157000
2017-10-17,NWS,14.0,14.0,13.850000381469728,13.949999809265137,12.777408599853516,157000
2017-10-18,NWS,13.949999809265137,14.100000381469728,13.899999618530272,14.100000381469728,12.914800643920898,568600
2017-10-18,NWS,13.949999809265137,14.100000381469728,13.899999618530272,14.100000381469728,12.914800643920898,568600
2017-10-19,NWS,14.0,14.0,13.850000381469728,13.899999618530272,12.731613159179688,202100
2017-10-19,NWS,14.0,14.0,13.850000381469728,13.899999618530272,12.731613159179688,202100
2017-10-20,NWS,14.050000190734863,14.100000381469728,13.949999809265137,14.100000381469728,12.914800643920898,457100
2017-10-20,NWS,14.050000190734863,14.100000381469728,13.949999809265137,14.100000381469728,12.914800643920898,457100
2017-10-23,NWS,14.050000190734863,14.100000381469728,13.949999809265137,14.0,12.823205947875977,286400
2017-10-23,NWS,14.050000190734863,14.100000381469728,13.949999809265137,14.0,12.823205947875977,286400
2017-10-24,NWS,13.949999809265137,14.050000190734863,13.899999618530272,13.949999809265137,12.777408599853516,544100
2017-10-24,NWS,13.949999809265137,14.050000190734863,13.899999618530272,13.949999809265137,12.777408599853516,544100
2017-10-25,NWS,13.949999809265137,14.050000190734863,13.800000190734863,14.0,12.823205947875977,439500
2017-10-25,NWS,13.949999809265137,14.050000190734863,13.800000190734863,14.0,12.823205947875977,439500
2017-10-26,NWS,14.0,14.149999618530272,13.93000030517578,14.0,12.823205947875977,474700
2017-10-26,NWS,14.0,14.149999618530272,13.93000030517578,14.0,12.823205947875977,474700
2017-10-27,NWS,14.0,14.050000190734863,13.800000190734863,13.949999809265137,12.777408599853516,545600
2017-10-27,NWS,14.0,14.050000190734863,13.800000190734863,13.949999809265137,12.777408599853516,545600
2017-10-30,NWS,13.949999809265137,14.149999618530272,13.899999618530272,14.149999618530272,12.96059513092041,245800
2017-10-30,NWS,13.949999809265137,14.149999618530272,13.899999618530272,14.149999618530272,12.96059513092041,245800
2017-10-31,NWS,14.100000381469728,14.100000381469728,13.899999618530272,13.899999618530272,12.731613159179688,266800
2017-10-31,NWS,14.100000381469728,14.100000381469728,13.899999618530272,13.899999618530272,12.731613159179688,266800
2017-11-01,NWS,14.0,14.199999809265137,13.899999618530272,14.050000190734863,12.869004249572754,447300
2017-11-01,NWS,14.0,14.199999809265137,13.899999618530272,14.050000190734863,12.869004249572754,447300
2017-11-02,NWS,14.0,14.149999618530272,13.850000381469728,14.050000190734863,12.869004249572754,475800
2017-11-02,NWS,14.0,14.149999618530272,13.850000381469728,14.050000190734863,12.869004249572754,475800
2017-11-03,NWS,14.050000190734863,14.199999809265137,14.0,14.199999809265137,13.006394386291504,299800
2017-11-03,NWS,14.050000190734863,14.199999809265137,14.0,14.199999809265137,13.006394386291504,299800
2017-11-06,NWS,14.149999618530272,14.600000381469728,14.149999618530272,14.550000190734863,13.326974868774414,347000
2017-11-06,NWS,14.149999618530272,14.600000381469728,14.149999618530272,14.550000190734863,13.326974868774414,347000
2017-11-07,NWS,14.5,14.800000190734863,14.380000114440918,14.399999618530272,13.189582824707031,372400
2017-11-07,NWS,14.5,14.800000190734863,14.380000114440918,14.399999618530272,13.189582824707031,372400
2017-11-08,NWS,14.399999618530272,14.5,14.300000190734863,14.449999809265137,13.235380172729492,371600
2017-11-08,NWS,14.399999618530272,14.5,14.300000190734863,14.449999809265137,13.235380172729492,371600
2017-11-09,NWS,14.399999618530272,14.850000381469728,14.350000381469728,14.75,13.510162353515623,525500
2017-11-09,NWS,14.399999618530272,14.850000381469728,14.350000381469728,14.75,13.510162353515623,525500
2017-11-10,NWS,15.149999618530272,16.200000762939453,14.899999618530272,15.550000190734863,14.242916107177734,935900
2017-11-10,NWS,15.149999618530272,16.200000762939453,14.899999618530272,15.550000190734863,14.242916107177734,935900
2017-11-13,NWS,15.5,15.75,15.300000190734863,15.600000381469728,14.288715362548828,491000
2017-11-13,NWS,15.5,15.75,15.300000190734863,15.600000381469728,14.288715362548828,491000
2017-11-14,NWS,15.5,15.800000190734863,15.350000381469728,15.550000190734863,14.242916107177734,396100
2017-11-14,NWS,15.5,15.800000190734863,15.350000381469728,15.550000190734863,14.242916107177734,396100
2017-11-15,NWS,15.600000381469728,15.600000381469728,15.43000030517578,15.550000190734863,14.242916107177734,339500
2017-11-15,NWS,15.600000381469728,15.600000381469728,15.43000030517578,15.550000190734863,14.242916107177734,339500
2017-11-16,NWS,15.600000381469728,16.049999237060547,15.5,16.0,14.6550931930542,384200
2017-11-16,NWS,15.600000381469728,16.049999237060547,15.5,16.0,14.6550931930542,384200
2017-11-17,NWS,15.949999809265137,16.270000457763672,15.899999618530272,16.200000762939453,14.838281631469728,1217800
2017-11-17,NWS,15.949999809265137,16.270000457763672,15.899999618530272,16.200000762939453,14.838281631469728,1217800
2017-11-20,NWS,16.149999618530273,16.149999618530273,15.880000114440918,15.949999809265137,14.609292984008787,1028600
2017-11-20,NWS,16.149999618530273,16.149999618530273,15.880000114440918,15.949999809265137,14.609292984008787,1028600
2017-11-21,NWS,15.949999809265137,16.049999237060547,15.880000114440918,15.949999809265137,14.609292984008787,2830100
2017-11-21,NWS,15.949999809265137,16.049999237060547,15.880000114440918,15.949999809265137,14.609292984008787,2830100
2017-11-22,NWS,16.0,16.0,15.850000381469728,15.899999618530272,14.56349754333496,1876400
2017-11-22,NWS,16.0,16.0,15.850000381469728,15.899999618530272,14.56349754333496,1876400
2017-11-24,NWS,15.949999809265137,16.0,15.779999732971191,15.899999618530272,14.56349754333496,197400
2017-11-24,NWS,15.949999809265137,16.0,15.779999732971191,15.899999618530272,14.56349754333496,197400
2017-11-27,NWS,16.0,16.0,15.850000381469728,15.949999809265137,14.609292984008787,666800
2017-11-27,NWS,16.0,16.0,15.850000381469728,15.949999809265137,14.609292984008787,666800
2017-11-28,NWS,15.850000381469728,16.350000381469727,15.850000381469728,16.350000381469727,14.975671768188477,795400
2017-11-28,NWS,15.850000381469728,16.350000381469727,15.850000381469728,16.350000381469727,14.975671768188477,795400
2017-11-29,NWS,16.200000762939453,16.579999923706055,16.200000762939453,16.450000762939453,15.067266464233398,966000
2017-11-29,NWS,16.200000762939453,16.579999923706055,16.200000762939453,16.450000762939453,15.067266464233398,966000
2017-11-30,NWS,16.299999237060547,16.600000381469727,16.25,16.399999618530273,15.021471977233888,912100
2017-11-30,NWS,16.299999237060547,16.600000381469727,16.25,16.399999618530273,15.021471977233888,912100
2017-12-01,NWS,16.5,16.5,16.049999237060547,16.450000762939453,15.067266464233398,764900
2017-12-01,NWS,16.5,16.5,16.049999237060547,16.450000762939453,15.067266464233398,764900
2017-12-04,NWS,16.450000762939453,17.049999237060547,16.350000381469727,16.75,15.342050552368164,1106500
2017-12-04,NWS,16.450000762939453,17.049999237060547,16.350000381469727,16.75,15.342050552368164,1106500
2017-12-05,NWS,16.799999237060547,16.829999923706055,16.3799991607666,16.549999237060547,15.158862113952637,901500
2017-12-05,NWS,16.799999237060547,16.829999923706055,16.3799991607666,16.549999237060547,15.158862113952637,901500
2017-12-06,NWS,16.600000381469727,16.68000030517578,16.399999618530273,16.549999237060547,15.158862113952637,478400
2017-12-06,NWS,16.600000381469727,16.68000030517578,16.399999618530273,16.549999237060547,15.158862113952637,478400
2017-12-07,NWS,16.600000381469727,16.600000381469727,16.450000762939453,16.549999237060547,15.158862113952637,266500
2017-12-07,NWS,16.600000381469727,16.600000381469727,16.450000762939453,16.549999237060547,15.158862113952637,266500
2017-12-08,NWS,16.600000381469727,16.799999237060547,16.549999237060547,16.799999237060547,15.387846946716309,717500
2017-12-08,NWS,16.600000381469727,16.799999237060547,16.549999237060547,16.799999237060547,15.387846946716309,717500
2017-12-11,NWS,16.899999618530273,17.0,16.75,16.899999618530273,15.47944164276123,3117300
2017-12-11,NWS,16.899999618530273,17.0,16.75,16.899999618530273,15.47944164276123,3117300
2017-12-12,NWS,17.0,17.0,16.450000762939453,16.549999237060547,15.158862113952637,563600
2017-12-12,NWS,17.0,17.0,16.450000762939453,16.549999237060547,15.158862113952637,563600
2017-12-13,NWS,16.549999237060547,16.649999618530273,16.399999618530273,16.5,15.113065719604492,839900
2017-12-13,NWS,16.549999237060547,16.649999618530273,16.399999618530273,16.5,15.113065719604492,839900
2017-12-14,NWS,16.450000762939453,16.649999618530273,16.399999618530273,16.450000762939453,15.067266464233398,854100
2017-12-14,NWS,16.450000762939453,16.649999618530273,16.399999618530273,16.450000762939453,15.067266464233398,854100
2017-12-15,NWS,16.5,16.5,16.299999237060547,16.350000381469727,14.975671768188477,1444800
2017-12-15,NWS,16.5,16.5,16.299999237060547,16.350000381469727,14.975671768188477,1444800
2017-12-18,NWS,16.5,16.700000762939453,16.399999618530273,16.600000381469727,15.20465850830078,458800
2017-12-18,NWS,16.5,16.700000762939453,16.399999618530273,16.600000381469727,15.20465850830078,458800
2017-12-19,NWS,16.649999618530273,16.799999237060547,16.5,16.649999618530273,15.25045680999756,640800
2017-12-19,NWS,16.649999618530273,16.799999237060547,16.5,16.649999618530273,15.25045680999756,640800
2017-12-20,NWS,16.75,16.75,16.549999237060547,16.600000381469727,15.20465850830078,391900
2017-12-20,NWS,16.75,16.75,16.549999237060547,16.600000381469727,15.20465850830078,391900
2017-12-21,NWS,16.649999618530273,16.829999923706055,16.450000762939453,16.649999618530273,15.25045680999756,372400
2017-12-21,NWS,16.649999618530273,16.829999923706055,16.450000762939453,16.649999618530273,15.25045680999756,372400
2017-12-22,NWS,16.700000762939453,16.799999237060547,16.649999618530273,16.799999237060547,15.387846946716309,517300
2017-12-22,NWS,16.700000762939453,16.799999237060547,16.649999618530273,16.799999237060547,15.387846946716309,517300
2017-12-26,NWS,16.75,16.799999237060547,16.600000381469727,16.600000381469727,15.20465850830078,153000
2017-12-26,NWS,16.75,16.799999237060547,16.600000381469727,16.600000381469727,15.20465850830078,153000
2017-12-27,NWS,16.649999618530273,16.75,16.520000457763672,16.649999618530273,15.25045680999756,304000
2017-12-27,NWS,16.649999618530273,16.75,16.520000457763672,16.649999618530273,15.25045680999756,304000
2017-12-28,NWS,16.700000762939453,16.700000762939453,16.5,16.649999618530273,15.25045680999756,296600
2017-12-28,NWS,16.700000762939453,16.700000762939453,16.5,16.649999618530273,15.25045680999756,296600
2017-12-29,NWS,16.700000762939453,16.770000457763672,16.549999237060547,16.600000381469727,15.20465850830078,422000
2017-12-29,NWS,16.700000762939453,16.770000457763672,16.549999237060547,16.600000381469727,15.20465850830078,422000
2018-01-02,NWS,16.649999618530273,16.850000381469727,16.600000381469727,16.799999237060547,15.387846946716309,463900
2018-01-02,NWS,16.649999618530273,16.850000381469727,16.600000381469727,16.799999237060547,15.387846946716309,463900
2018-01-03,NWS,16.799999237060547,16.899999618530273,16.75,16.899999618530273,15.47944164276123,402500
2018-01-03,NWS,16.799999237060547,16.899999618530273,16.75,16.899999618530273,15.47944164276123,402500
2018-01-04,NWS,16.899999618530273,17.079999923706055,16.799999237060547,16.93000030517578,15.506919860839844,877800
2018-01-04,NWS,16.899999618530273,17.079999923706055,16.799999237060547,16.93000030517578,15.506919860839844,877800
2018-01-05,NWS,17.200000762939453,17.399999618530273,16.899999618530273,17.200000762939453,15.754227638244627,473100
2018-01-05,NWS,17.200000762939453,17.399999618530273,16.899999618530273,17.200000762939453,15.754227638244627,473100
2018-01-08,NWS,17.149999618530273,17.25,17.0,17.200000762939453,15.754227638244627,378900
2018-01-08,NWS,17.149999618530273,17.25,17.0,17.200000762939453,15.754227638244627,378900
2018-01-09,NWS,17.25,17.350000381469727,17.149999618530273,17.25,15.800020217895508,433500
2018-01-09,NWS,17.25,17.350000381469727,17.149999618530273,17.25,15.800020217895508,433500
2018-01-10,NWS,17.200000762939453,17.25,17.100000381469727,17.149999618530273,15.708422660827637,308900
2018-01-10,NWS,17.200000762939453,17.25,17.100000381469727,17.149999618530273,15.708422660827637,308900
2018-01-11,NWS,17.200000762939453,17.600000381469727,17.200000762939453,17.5,16.02900505065918,593000
2018-01-11,NWS,17.200000762939453,17.600000381469727,17.200000762939453,17.5,16.02900505065918,593000
2018-01-12,NWS,17.450000762939453,17.549999237060547,17.299999237060547,17.549999237060547,16.07480239868164,272000
2018-01-12,NWS,17.450000762939453,17.549999237060547,17.299999237060547,17.549999237060547,16.07480239868164,272000
2018-01-16,NWS,17.600000381469727,17.600000381469727,17.299999237060547,17.299999237060547,15.845817565917969,288100
2018-01-16,NWS,17.600000381469727,17.600000381469727,17.299999237060547,17.299999237060547,15.845817565917969,288100
2018-01-17,NWS,17.399999618530273,17.700000762939453,17.350000381469727,17.549999237060547,16.07480239868164,448500
2018-01-17,NWS,17.399999618530273,17.700000762939453,17.350000381469727,17.549999237060547,16.07480239868164,448500
2018-01-18,NWS,17.549999237060547,17.600000381469727,17.350000381469727,17.399999618530273,15.937413215637209,257500
2018-01-18,NWS,17.549999237060547,17.600000381469727,17.350000381469727,17.399999618530273,15.937413215637209,257500
2018-01-19,NWS,17.5,17.600000381469727,17.299999237060547,17.549999237060547,16.07480239868164,389700
2018-01-19,NWS,17.5,17.600000381469727,17.299999237060547,17.549999237060547,16.07480239868164,389700
2018-01-22,NWS,17.549999237060547,17.549999237060547,17.299999237060547,17.549999237060547,16.07480239868164,268600
2018-01-22,NWS,17.549999237060547,17.549999237060547,17.299999237060547,17.549999237060547,16.07480239868164,268600
2018-01-23,NWS,17.450000762939453,17.5,17.299999237060547,17.350000381469727,15.89161777496338,383900
2018-01-23,NWS,17.450000762939453,17.5,17.299999237060547,17.350000381469727,15.89161777496338,383900
2018-01-24,NWS,17.350000381469727,17.549999237060547,17.270000457763672,17.399999618530273,15.937413215637209,420700
2018-01-24,NWS,17.350000381469727,17.549999237060547,17.270000457763672,17.399999618530273,15.937413215637209,420700
2018-01-25,NWS,17.399999618530273,17.450000762939453,17.0,17.299999237060547,15.845817565917969,232900
2018-01-25,NWS,17.399999618530273,17.450000762939453,17.0,17.299999237060547,15.845817565917969,232900
2018-01-26,NWS,17.399999618530273,17.5,17.229999542236328,17.5,16.02900505065918,158500
2018-01-26,NWS,17.399999618530273,17.5,17.229999542236328,17.5,16.02900505065918,158500
2018-01-29,NWS,17.450000762939453,17.549999237060547,17.329999923706055,17.350000381469727,15.89161777496338,148600
2018-01-29,NWS,17.450000762939453,17.549999237060547,17.329999923706055,17.350000381469727,15.89161777496338,148600
2018-01-30,NWS,17.299999237060547,17.479999542236328,17.200000762939453,17.299999237060547,15.845817565917969,311400
2018-01-30,NWS,17.299999237060547,17.479999542236328,17.200000762939453,17.299999237060547,15.845817565917969,311400
2018-01-31,NWS,17.200000762939453,17.450000762939453,17.0,17.450000762939453,15.983208656311035,411700
2018-01-31,NWS,17.200000762939453,17.450000762939453,17.0,17.450000762939453,15.983208656311035,411700
2018-02-01,NWS,17.299999237060547,17.350000381469727,17.0,17.149999618530273,15.708422660827637,607200
2018-02-01,NWS,17.299999237060547,17.350000381469727,17.0,17.149999618530273,15.708422660827637,607200
2018-02-02,NWS,17.100000381469727,17.100000381469727,16.649999618530273,16.75,15.342050552368164,308300
2018-02-02,NWS,17.100000381469727,17.100000381469727,16.649999618530273,16.75,15.342050552368164,308300
2018-02-05,NWS,16.75,16.899999618530273,16.100000381469727,16.100000381469727,14.746685981750488,386600
2018-02-05,NWS,16.75,16.899999618530273,16.100000381469727,16.100000381469727,14.746685981750488,386600
2018-02-06,NWS,15.800000190734863,16.520000457763672,15.5,16.5,15.113065719604492,730400
2018-02-06,NWS,15.800000190734863,16.520000457763672,15.5,16.5,15.113065719604492,730400
2018-02-07,NWS,16.350000381469727,16.549999237060547,16.149999618530273,16.299999237060547,14.929875373840332,519800
2018-02-07,NWS,16.350000381469727,16.549999237060547,16.149999618530273,16.299999237060547,14.929875373840332,519800
2018-02-08,NWS,16.149999618530273,16.350000381469727,15.800000190734863,15.850000381469728,14.517701148986816,616600
2018-02-08,NWS,16.149999618530273,16.350000381469727,15.800000190734863,15.850000381469728,14.517701148986816,616600
2018-02-09,NWS,16.0,16.5,15.600000381469728,16.0,14.6550931930542,1151500
2018-02-09,NWS,16.0,16.5,15.600000381469728,16.0,14.6550931930542,1151500
2018-02-12,NWS,16.100000381469727,16.5,16.0,16.149999618530273,14.79248332977295,1410800
2018-02-12,NWS,16.100000381469727,16.5,16.0,16.149999618530273,14.79248332977295,1410800
2018-02-13,NWS,16.149999618530273,16.6299991607666,16.100000381469727,16.549999237060547,15.158862113952637,664900
2018-02-13,NWS,16.149999618530273,16.6299991607666,16.100000381469727,16.549999237060547,15.158862113952637,664900
2018-02-14,NWS,16.5,16.75,16.399999618530273,16.700000762939453,15.296253204345703,369400
2018-02-14,NWS,16.5,16.75,16.399999618530273,16.700000762939453,15.296253204345703,369400
2018-02-15,NWS,16.700000762939453,16.850000381469727,16.5,16.600000381469727,15.20465850830078,427900
2018-02-15,NWS,16.700000762939453,16.850000381469727,16.5,16.600000381469727,15.20465850830078,427900
2018-02-16,NWS,16.549999237060547,16.700000762939453,16.399999618530273,16.450000762939453,15.067266464233398,613700
2018-02-16,NWS,16.549999237060547,16.700000762939453,16.399999618530273,16.450000762939453,15.067266464233398,613700
2018-02-20,NWS,16.450000762939453,16.450000762939453,16.049999237060547,16.100000381469727,14.746685981750488,450800
2018-02-20,NWS,16.450000762939453,16.450000762939453,16.049999237060547,16.100000381469727,14.746685981750488,450800
2018-02-21,NWS,16.149999618530273,16.450000762939453,16.149999618530273,16.149999618530273,14.79248332977295,561900
2018-02-21,NWS,16.149999618530273,16.450000762939453,16.149999618530273,16.149999618530273,14.79248332977295,561900
2018-02-22,NWS,16.299999237060547,16.649999618530273,16.299999237060547,16.5,15.113065719604492,528100
2018-02-22,NWS,16.299999237060547,16.649999618530273,16.299999237060547,16.5,15.113065719604492,528100
2018-02-23,NWS,16.600000381469727,16.799999237060547,16.43000030517578,16.75,15.342050552368164,165700
2018-02-23,NWS,16.600000381469727,16.799999237060547,16.43000030517578,16.75,15.342050552368164,165700
2018-02-26,NWS,16.799999237060547,16.979999542236328,16.75,16.899999618530273,15.47944164276123,281700
2018-02-26,NWS,16.799999237060547,16.979999542236328,16.75,16.899999618530273,15.47944164276123,281700
2018-02-27,NWS,16.850000381469727,16.950000762939453,16.6299991607666,16.700000762939453,15.296253204345703,260300
2018-02-27,NWS,16.850000381469727,16.950000762939453,16.6299991607666,16.700000762939453,15.296253204345703,260300
2018-02-28,NWS,16.75,16.75,16.399999618530273,16.399999618530273,15.021471977233888,344600
2018-02-28,NWS,16.75,16.75,16.399999618530273,16.399999618530273,15.021471977233888,344600
2018-03-01,NWS,16.299999237060547,16.450000762939453,16.020000457763672,16.100000381469727,14.746685981750488,440700
2018-03-01,NWS,16.299999237060547,16.450000762939453,16.020000457763672,16.100000381469727,14.746685981750488,440700
2018-03-02,NWS,15.949999809265137,16.149999618530273,15.899999618530272,16.149999618530273,14.79248332977295,545800
2018-03-02,NWS,15.949999809265137,16.149999618530273,15.899999618530272,16.149999618530273,14.79248332977295,545800
2018-03-05,NWS,16.100000381469727,16.450000762939453,16.049999237060547,16.399999618530273,15.021471977233888,286800
2018-03-05,NWS,16.100000381469727,16.450000762939453,16.049999237060547,16.399999618530273,15.021471977233888,286800
2018-03-06,NWS,16.399999618530273,16.649999618530273,16.329999923706055,16.600000381469727,15.20465850830078,281700
2018-03-06,NWS,16.399999618530273,16.649999618530273,16.329999923706055,16.600000381469727,15.20465850830078,281700
2018-03-07,NWS,16.5,16.600000381469727,16.350000381469727,16.5,15.113065719604492,232300
2018-03-07,NWS,16.5,16.600000381469727,16.350000381469727,16.5,15.113065719604492,232300
2018-03-08,NWS,16.600000381469727,16.649999618530273,16.350000381469727,16.399999618530273,15.021471977233888,468200
2018-03-08,NWS,16.600000381469727,16.649999618530273,16.350000381469727,16.399999618530273,15.021471977233888,468200
2018-03-09,NWS,16.549999237060547,16.799999237060547,16.450000762939453,16.799999237060547,15.387846946716309,412400
2018-03-09,NWS,16.549999237060547,16.799999237060547,16.450000762939453,16.799999237060547,15.387846946716309,412400
2018-03-12,NWS,16.850000381469727,17.0,16.729999542236328,16.850000381469727,15.43364715576172,375000
2018-03-12,NWS,16.850000381469727,17.0,16.729999542236328,16.850000381469727,15.43364715576172,375000
2018-03-13,NWS,16.899999618530273,16.950000762939453,16.549999237060547,16.649999618530273,15.341504096984863,177300
2018-03-13,NWS,16.899999618530273,16.950000762939453,16.549999237060547,16.649999618530273,15.341504096984863,177300
2018-03-14,NWS,16.75,16.799999237060547,16.549999237060547,16.649999618530273,15.341504096984863,320700
2018-03-14,NWS,16.75,16.799999237060547,16.549999237060547,16.649999618530273,15.341504096984863,320700
2018-03-15,NWS,16.75,16.799999237060547,16.649999618530273,16.75,15.43364715576172,302600
2018-03-15,NWS,16.75,16.799999237060547,16.649999618530273,16.75,15.43364715576172,302600
2018-03-16,NWS,16.850000381469727,17.020000457763672,16.799999237060547,17.0,15.6639986038208,740500
2018-03-16,NWS,16.850000381469727,17.020000457763672,16.799999237060547,17.0,15.6639986038208,740500
2018-03-19,NWS,16.950000762939453,17.100000381469727,16.700000762939453,16.75,15.43364715576172,1239700
2018-03-19,NWS,16.950000762939453,17.100000381469727,16.700000762939453,16.75,15.43364715576172,1239700
2018-03-20,NWS,16.75,16.799999237060547,16.6299991607666,16.75,15.43364715576172,330900
2018-03-20,NWS,16.75,16.799999237060547,16.6299991607666,16.75,15.43364715576172,330900
2018-03-21,NWS,16.799999237060547,16.950000762939453,16.75,16.899999618530273,15.571854591369627,1154900
2018-03-21,NWS,16.799999237060547,16.950000762939453,16.75,16.899999618530273,15.571854591369627,1154900
2018-03-22,NWS,16.850000381469727,16.950000762939453,16.649999618530273,16.700000762939453,15.387571334838867,1320500
2018-03-22,NWS,16.850000381469727,16.950000762939453,16.649999618530273,16.700000762939453,15.387571334838867,1320500
2018-03-23,NWS,16.700000762939453,16.75,15.949999809265137,16.0,14.742587089538574,1687900
2018-03-23,NWS,16.700000762939453,16.75,15.949999809265137,16.0,14.742587089538574,1687900
2018-03-26,NWS,16.149999618530273,16.200000762939453,15.699999809265137,16.100000381469727,14.83472728729248,985800
2018-03-26,NWS,16.149999618530273,16.200000762939453,15.699999809265137,16.100000381469727,14.83472728729248,985800
2018-03-27,NWS,16.100000381469727,16.25,15.899999618530272,15.949999809265137,14.696513175964355,363000
2018-03-27,NWS,16.100000381469727,16.25,15.899999618530272,15.949999809265137,14.696513175964355,363000
2018-03-28,NWS,15.949999809265137,16.020000457763672,15.75,15.800000190734863,14.558302879333496,390700
2018-03-28,NWS,15.949999809265137,16.020000457763672,15.75,15.800000190734863,14.558302879333496,390700
2018-03-29,NWS,15.800000190734863,16.25,15.800000190734863,16.100000381469727,14.83472728729248,506300
2018-03-29,NWS,15.800000190734863,16.25,15.800000190734863,16.100000381469727,14.83472728729248,506300
2018-04-02,NWS,16.100000381469727,16.100000381469727,15.5,15.649999618530272,14.42009162902832,489500
2018-04-02,NWS,16.100000381469727,16.100000381469727,15.5,15.649999618530272,14.42009162902832,489500
2018-04-03,NWS,15.699999809265137,16.0,15.550000190734863,16.0,14.742587089538574,515500
2018-04-03,NWS,15.699999809265137,16.0,15.550000190734863,16.0,14.742587089538574,515500
2018-04-04,NWS,15.800000190734863,16.049999237060547,15.649999618530272,16.0,14.742587089538574,305000
2018-04-04,NWS,15.800000190734863,16.049999237060547,15.649999618530272,16.0,14.742587089538574,305000
2018-04-05,NWS,15.949999809265137,16.149999618530273,15.850000381469728,16.0,14.742587089538574,374600
2018-04-05,NWS,15.949999809265137,16.149999618530273,15.850000381469728,16.0,14.742587089538574,374600
2018-04-06,NWS,15.949999809265137,16.0,15.600000381469728,15.800000190734863,14.558302879333496,316000
2018-04-06,NWS,15.949999809265137,16.0,15.600000381469728,15.800000190734863,14.558302879333496,316000
2018-04-09,NWS,15.850000381469728,16.149999618530273,15.699999809265137,15.850000381469728,14.604375839233398,317100
2018-04-09,NWS,15.850000381469728,16.149999618530273,15.699999809265137,15.850000381469728,14.604375839233398,317100
2018-04-10,NWS,16.0,16.3799991607666,15.949999809265137,16.200000762939453,14.926870346069336,408500
2018-04-10,NWS,16.0,16.3799991607666,15.949999809265137,16.200000762939453,14.926870346069336,408500
2018-04-11,NWS,16.049999237060547,16.149999618530273,15.93000030517578,16.0,14.742587089538574,323100
2018-04-11,NWS,16.049999237060547,16.149999618530273,15.93000030517578,16.0,14.742587089538574,323100
2018-04-12,NWS,16.049999237060547,16.18000030517578,15.899999618530272,16.100000381469727,14.83472728729248,153100
2018-04-12,NWS,16.049999237060547,16.18000030517578,15.899999618530272,16.100000381469727,14.83472728729248,153100
2018-04-13,NWS,16.100000381469727,16.149999618530273,15.899999618530272,15.899999618530272,14.65044403076172,189500
2018-04-13,NWS,16.100000381469727,16.149999618530273,15.899999618530272,15.899999618530272,14.65044403076172,189500
2018-04-16,NWS,16.100000381469727,16.25,15.949999809265137,16.200000762939453,14.926870346069336,234200
2018-04-16,NWS,16.100000381469727,16.25,15.949999809265137,16.200000762939453,14.926870346069336,234200
2018-04-17,NWS,16.25,16.350000381469727,16.100000381469727,16.25,14.972940444946287,251400
2018-04-17,NWS,16.25,16.350000381469727,16.100000381469727,16.25,14.972940444946287,251400
2018-04-18,NWS,16.350000381469727,16.399999618530273,16.200000762939453,16.25,14.972940444946287,200600
2018-04-18,NWS,16.350000381469727,16.399999618530273,16.200000762939453,16.25,14.972940444946287,200600
2018-04-19,NWS,16.25,16.43000030517578,16.25,16.399999618530273,15.111148834228516,179900
2018-04-19,NWS,16.25,16.43000030517578,16.25,16.399999618530273,15.111148834228516,179900
2018-04-20,NWS,16.399999618530273,16.399999618530273,16.25,16.350000381469727,15.06507968902588,308300
2018-04-20,NWS,16.399999618530273,16.399999618530273,16.25,16.350000381469727,15.06507968902588,308300
2018-04-23,NWS,16.299999237060547,16.450000762939453,16.25,16.350000381469727,15.06507968902588,375600
2018-04-23,NWS,16.299999237060547,16.450000762939453,16.25,16.350000381469727,15.06507968902588,375600
2018-04-24,NWS,16.450000762939453,16.5,16.049999237060547,16.149999618530273,14.880796432495115,389600
2018-04-24,NWS,16.450000762939453,16.5,16.049999237060547,16.149999618530273,14.880796432495115,389600
2018-04-25,NWS,16.149999618530273,16.25,15.979999542236328,16.149999618530273,14.880796432495115,355200
2018-04-25,NWS,16.149999618530273,16.25,15.979999542236328,16.149999618530273,14.880796432495115,355200
2018-04-26,NWS,16.149999618530273,16.299999237060547,16.1299991607666,16.200000762939453,14.926870346069336,182100
2018-04-26,NWS,16.149999618530273,16.299999237060547,16.1299991607666,16.200000762939453,14.926870346069336,182100
2018-04-27,NWS,16.200000762939453,16.25,16.079999923706055,16.25,14.972940444946287,140700
2018-04-27,NWS,16.200000762939453,16.25,16.079999923706055,16.25,14.972940444946287,140700
2018-04-30,NWS,16.350000381469727,16.43000030517578,16.149999618530273,16.25,14.972940444946287,401600
2018-04-30,NWS,16.350000381469727,16.43000030517578,16.149999618530273,16.25,14.972940444946287,401600
2018-05-01,NWS,16.200000762939453,16.200000762939453,16.0,16.200000762939453,14.926870346069336,380900
2018-05-01,NWS,16.200000762939453,16.200000762939453,16.0,16.200000762939453,14.926870346069336,380900
2018-05-02,NWS,16.149999618530273,16.229999542236328,15.850000381469728,15.850000381469728,14.604375839233398,300700
2018-05-02,NWS,16.149999618530273,16.229999542236328,15.850000381469728,15.850000381469728,14.604375839233398,300700
2018-05-03,NWS,15.949999809265137,16.25,15.800000190734863,16.200000762939453,14.926870346069336,679300
2018-05-03,NWS,15.949999809265137,16.25,15.800000190734863,16.200000762939453,14.926870346069336,679300
2018-05-04,NWS,16.149999618530273,16.399999618530273,16.100000381469727,16.350000381469727,15.06507968902588,277200
2018-05-04,NWS,16.149999618530273,16.399999618530273,16.100000381469727,16.350000381469727,15.06507968902588,277200
2018-05-07,NWS,16.350000381469727,16.649999618530273,16.350000381469727,16.600000381469727,15.295432090759276,364800
2018-05-07,NWS,16.350000381469727,16.649999618530273,16.350000381469727,16.600000381469727,15.295432090759276,364800
2018-05-08,NWS,16.649999618530273,16.75,16.5,16.600000381469727,15.295432090759276,315000
2018-05-08,NWS,16.649999618530273,16.75,16.5,16.600000381469727,15.295432090759276,315000
2018-05-09,NWS,16.75,16.75,16.5,16.649999618530273,15.341504096984863,911200
2018-05-09,NWS,16.75,16.75,16.5,16.649999618530273,15.341504096984863,911200
2018-05-10,NWS,16.75,16.799999237060547,16.579999923706055,16.68000030517578,15.369147300720217,1045900
2018-05-10,NWS,16.75,16.799999237060547,16.579999923706055,16.68000030517578,15.369147300720217,1045900
2018-05-11,NWS,16.75,16.75,15.350000381469728,15.5,14.281878471374512,962900
2018-05-11,NWS,16.75,16.75,15.350000381469728,15.5,14.281878471374512,962900
2018-05-14,NWS,15.75,16.350000381469727,15.75,16.25,14.972940444946287,1630000
2018-05-14,NWS,15.75,16.350000381469727,15.75,16.25,14.972940444946287,1630000
2018-05-15,NWS,16.25,16.329999923706055,15.949999809265137,16.25,14.972940444946287,585000
2018-05-15,NWS,16.25,16.329999923706055,15.949999809265137,16.25,14.972940444946287,585000
2018-05-16,NWS,16.200000762939453,16.399999618530273,16.1299991607666,16.25,14.972940444946287,594600
2018-05-16,NWS,16.200000762939453,16.399999618530273,16.1299991607666,16.25,14.972940444946287,594600
2018-05-17,NWS,16.25,16.350000381469727,16.100000381469727,16.200000762939453,14.926870346069336,981600
2018-05-17,NWS,16.25,16.350000381469727,16.100000381469727,16.200000762939453,14.926870346069336,981600
2018-05-18,NWS,16.149999618530273,16.200000762939453,16.0,16.100000381469727,14.83472728729248,1104800
2018-05-18,NWS,16.149999618530273,16.200000762939453,16.0,16.100000381469727,14.83472728729248,1104800
2018-05-21,NWS,16.100000381469727,16.270000457763672,16.100000381469727,16.200000762939453,14.926870346069336,677200
2018-05-21,NWS,16.100000381469727,16.270000457763672,16.100000381469727,16.200000762939453,14.926870346069336,677200
2018-05-22,NWS,16.200000762939453,16.299999237060547,16.0,16.049999237060547,14.788657188415527,1311500
2018-05-22,NWS,16.200000762939453,16.299999237060547,16.0,16.049999237060547,14.788657188415527,1311500
2018-05-23,NWS,16.100000381469727,16.100000381469727,15.850000381469728,16.0,14.742587089538574,506700
2018-05-23,NWS,16.100000381469727,16.100000381469727,15.850000381469728,16.0,14.742587089538574,506700
2018-05-24,NWS,16.100000381469727,16.100000381469727,15.850000381469728,16.0,14.742587089538574,731400
2018-05-24,NWS,16.100000381469727,16.100000381469727,15.850000381469728,16.0,14.742587089538574,731400
2018-05-25,NWS,15.949999809265137,16.100000381469727,15.949999809265137,16.049999237060547,14.788657188415527,159500
2018-05-25,NWS,15.949999809265137,16.100000381469727,15.949999809265137,16.049999237060547,14.788657188415527,159500
2018-05-29,NWS,16.0,16.100000381469727,15.5,15.550000190734863,14.327950477600098,573600
2018-05-29,NWS,16.0,16.100000381469727,15.5,15.550000190734863,14.327950477600098,573600
2018-05-30,NWS,15.75,15.949999809265137,15.68000030517578,15.880000114440918,14.632017135620115,289900
2018-05-30,NWS,15.75,15.949999809265137,15.68000030517578,15.880000114440918,14.632017135620115,289900
2018-05-31,NWS,15.850000381469728,15.899999618530272,15.399999618530272,15.449999809265137,14.235810279846191,430400
2018-05-31,NWS,15.850000381469728,15.899999618530272,15.399999618530272,15.449999809265137,14.235810279846191,430400
2018-06-01,NWS,15.5,15.75,15.5,15.600000381469728,14.37402057647705,307600
2018-06-01,NWS,15.5,15.75,15.5,15.600000381469728,14.37402057647705,307600
2018-06-04,NWS,15.75,15.779999732971191,15.600000381469728,15.649999618530272,14.42009162902832,251200
2018-06-04,NWS,15.75,15.779999732971191,15.600000381469728,15.649999618530272,14.42009162902832,251200
2018-06-05,NWS,15.649999618530272,16.049999237060547,15.649999618530272,16.049999237060547,14.788657188415527,239500
2018-06-05,NWS,15.649999618530272,16.049999237060547,15.649999618530272,16.049999237060547,14.788657188415527,239500
2018-06-06,NWS,16.0,16.200000762939453,15.949999809265137,16.100000381469727,14.83472728729248,291100
2018-06-06,NWS,16.0,16.200000762939453,15.949999809265137,16.100000381469727,14.83472728729248,291100
2018-06-07,NWS,16.100000381469727,16.200000762939453,16.0,16.100000381469727,14.83472728729248,286800
2018-06-07,NWS,16.100000381469727,16.200000762939453,16.0,16.100000381469727,14.83472728729248,286800
2018-06-08,NWS,16.100000381469727,16.299999237060547,16.049999237060547,16.149999618530273,14.880796432495115,449100
2018-06-08,NWS,16.100000381469727,16.299999237060547,16.049999237060547,16.149999618530273,14.880796432495115,449100
2018-06-11,NWS,16.0,16.329999923706055,16.0,16.200000762939453,14.926870346069336,265000
2018-06-11,NWS,16.0,16.329999923706055,16.0,16.200000762939453,14.926870346069336,265000
2018-06-12,NWS,16.25,16.450000762939453,16.25,16.399999618530273,15.111148834228516,213800
2018-06-12,NWS,16.25,16.450000762939453,16.25,16.399999618530273,15.111148834228516,213800
2018-06-13,NWS,16.350000381469727,16.68000030517578,16.049999237060547,16.100000381469727,14.83472728729248,903100
2018-06-13,NWS,16.350000381469727,16.68000030517578,16.049999237060547,16.100000381469727,14.83472728729248,903100
2018-06-14,NWS,16.200000762939453,16.25,16.0,16.149999618530273,14.880796432495115,803200
2018-06-14,NWS,16.200000762939453,16.25,16.0,16.149999618530273,14.880796432495115,803200
2018-06-15,NWS,16.0,16.450000762939453,15.949999809265137,16.25,14.972940444946287,1883800
2018-06-15,NWS,16.0,16.450000762939453,15.949999809265137,16.25,14.972940444946287,1883800
2018-06-18,NWS,16.100000381469727,16.299999237060547,16.049999237060547,16.299999237060547,15.019006729125977,400500
2018-06-18,NWS,16.100000381469727,16.299999237060547,16.049999237060547,16.299999237060547,15.019006729125977,400500
2018-06-19,NWS,16.100000381469727,16.200000762939453,16.049999237060547,16.100000381469727,14.83472728729248,643500
2018-06-19,NWS,16.100000381469727,16.200000762939453,16.049999237060547,16.100000381469727,14.83472728729248,643500
2018-06-20,NWS,16.149999618530273,16.299999237060547,16.100000381469727,16.149999618530273,14.880796432495115,820100
2018-06-20,NWS,16.149999618530273,16.299999237060547,16.100000381469727,16.149999618530273,14.880796432495115,820100
2018-06-21,NWS,16.100000381469727,16.200000762939453,15.899999618530272,16.0,14.742587089538574,716100
2018-06-21,NWS,16.100000381469727,16.200000762939453,15.899999618530272,16.0,14.742587089538574,716100
2018-06-22,NWS,16.149999618530273,16.149999618530273,16.0,16.049999237060547,14.788657188415527,541000
2018-06-22,NWS,16.149999618530273,16.149999618530273,16.0,16.049999237060547,14.788657188415527,541000
2018-06-25,NWS,16.0,16.100000381469727,15.699999809265137,15.75,14.51223087310791,313000
2018-06-25,NWS,16.0,16.100000381469727,15.699999809265137,15.75,14.51223087310791,313000
2018-06-26,NWS,15.75,15.850000381469728,15.600000381469728,15.699999809265137,14.466163635253906,370500
2018-06-26,NWS,15.75,15.850000381469728,15.600000381469728,15.699999809265137,14.466163635253906,370500
2018-06-27,NWS,15.75,16.0,15.699999809265137,15.75,14.51223087310791,346000
2018-06-27,NWS,15.75,16.0,15.699999809265137,15.75,14.51223087310791,346000
2018-06-28,NWS,15.800000190734863,15.850000381469728,15.649999618530272,15.800000190734863,14.558302879333496,285700
2018-06-28,NWS,15.800000190734863,15.850000381469728,15.649999618530272,15.800000190734863,14.558302879333496,285700
2018-06-29,NWS,15.75,15.949999809265137,15.75,15.850000381469728,14.604375839233398,379700
2018-06-29,NWS,15.75,15.949999809265137,15.75,15.850000381469728,14.604375839233398,379700
2018-07-02,NWS,15.699999809265137,15.800000190734863,15.399999618530272,15.449999809265137,14.235810279846191,469900
2018-07-02,NWS,15.699999809265137,15.800000190734863,15.399999618530272,15.449999809265137,14.235810279846191,469900
2018-07-03,NWS,15.600000381469728,15.699999809265137,15.550000190734863,15.550000190734863,14.327950477600098,226100
2018-07-03,NWS,15.600000381469728,15.699999809265137,15.550000190734863,15.550000190734863,14.327950477600098,226100
2018-07-05,NWS,15.550000190734863,15.600000381469728,15.350000381469728,15.5,14.281878471374512,477800
2018-07-05,NWS,15.550000190734863,15.600000381469728,15.350000381469728,15.5,14.281878471374512,477800
2018-07-06,NWS,15.449999809265137,15.699999809265137,15.449999809265137,15.600000381469728,14.37402057647705,169500
2018-07-06,NWS,15.449999809265137,15.699999809265137,15.449999809265137,15.600000381469728,14.37402057647705,169500
2018-07-09,NWS,15.75,15.779999732971191,15.600000381469728,15.699999809265137,14.466163635253906,209400
2018-07-09,NWS,15.75,15.779999732971191,15.600000381469728,15.699999809265137,14.466163635253906,209400
2018-07-10,NWS,15.699999809265137,16.100000381469727,15.699999809265137,16.049999237060547,14.788657188415527,260700
2018-07-10,NWS,15.699999809265137,16.100000381469727,15.699999809265137,16.049999237060547,14.788657188415527,260700
2018-07-11,NWS,15.899999618530272,16.149999618530273,15.75,15.800000190734863,14.558302879333496,258100
2018-07-11,NWS,15.899999618530272,16.149999618530273,15.75,15.800000190734863,14.558302879333496,258100
2018-07-12,NWS,15.899999618530272,15.899999618530272,15.649999618530272,15.75,14.51223087310791,156100
2018-07-12,NWS,15.899999618530272,15.899999618530272,15.649999618530272,15.75,14.51223087310791,156100
2018-07-13,NWS,15.75,15.850000381469728,15.75,15.800000190734863,14.558302879333496,113500
2018-07-13,NWS,15.75,15.850000381469728,15.75,15.800000190734863,14.558302879333496,113500
2018-07-16,NWS,15.75,15.800000190734863,15.600000381469728,15.649999618530272,14.42009162902832,159600
2018-07-16,NWS,15.75,15.800000190734863,15.600000381469728,15.649999618530272,14.42009162902832,159600
2018-07-17,NWS,15.600000381469728,15.630000114440918,15.479999542236328,15.550000190734863,14.327950477600098,338000
2018-07-17,NWS,15.600000381469728,15.630000114440918,15.479999542236328,15.550000190734863,14.327950477600098,338000
2018-07-18,NWS,15.449999809265137,15.850000381469728,15.449999809265137,15.649999618530272,14.42009162902832,523700
2018-07-18,NWS,15.449999809265137,15.850000381469728,15.449999809265137,15.649999618530272,14.42009162902832,523700
2018-07-19,NWS,15.550000190734863,15.829999923706056,15.5,15.600000381469728,14.37402057647705,394500
2018-07-19,NWS,15.550000190734863,15.829999923706056,15.5,15.600000381469728,14.37402057647705,394500
2018-07-20,NWS,15.550000190734863,15.699999809265137,15.449999809265137,15.5,14.281878471374512,200200
2018-07-20,NWS,15.550000190734863,15.699999809265137,15.449999809265137,15.5,14.281878471374512,200200
2018-07-23,NWS,15.550000190734863,15.729999542236328,15.399999618530272,15.5,14.281878471374512,365000
2018-07-23,NWS,15.550000190734863,15.729999542236328,15.399999618530272,15.5,14.281878471374512,365000
2018-07-24,NWS,15.550000190734863,15.550000190734863,15.199999809265137,15.25,14.051525115966797,145300
2018-07-24,NWS,15.550000190734863,15.550000190734863,15.199999809265137,15.25,14.051525115966797,145300
2018-07-25,NWS,15.25,15.399999618530272,15.199999809265137,15.399999618530272,14.189738273620604,226500
2018-07-25,NWS,15.25,15.399999618530272,15.199999809265137,15.399999618530272,14.189738273620604,226500
2018-07-26,NWS,15.399999618530272,15.479999542236328,15.25,15.25,14.051525115966797,202900
2018-07-26,NWS,15.399999618530272,15.479999542236328,15.25,15.25,14.051525115966797,202900
2018-07-27,NWS,15.300000190734863,15.380000114440918,15.0,15.100000381469728,13.913315773010254,212800
2018-07-27,NWS,15.300000190734863,15.380000114440918,15.0,15.100000381469728,13.913315773010254,212800
2018-07-30,NWS,15.149999618530272,15.25,15.0,15.149999618530272,13.95938491821289,233200
2018-07-30,NWS,15.149999618530272,15.25,15.0,15.149999618530272,13.95938491821289,233200
2018-07-31,NWS,15.149999618530272,15.350000381469728,15.100000381469728,15.300000190734863,14.097597122192385,173800
2018-07-31,NWS,15.149999618530272,15.350000381469728,15.100000381469728,15.300000190734863,14.097597122192385,173800
2018-08-01,NWS,15.199999809265137,15.300000190734863,15.100000381469728,15.25,14.051525115966797,312300
2018-08-01,NWS,15.199999809265137,15.300000190734863,15.100000381469728,15.25,14.051525115966797,312300
2018-08-02,NWS,15.100000381469728,15.25,15.100000381469728,15.199999809265137,14.005455017089844,158400
2018-08-02,NWS,15.100000381469728,15.25,15.100000381469728,15.199999809265137,14.005455017089844,158400
2018-08-03,NWS,15.149999618530272,15.300000190734863,15.100000381469728,15.300000190734863,14.097597122192385,123300
2018-08-03,NWS,15.149999618530272,15.300000190734863,15.100000381469728,15.300000190734863,14.097597122192385,123300
2018-08-06,NWS,15.25,15.449999809265137,15.229999542236328,15.350000381469728,14.143669128417969,226700
2018-08-06,NWS,15.25,15.449999809265137,15.229999542236328,15.350000381469728,14.143669128417969,226700
2018-08-07,NWS,15.350000381469728,15.449999809265137,15.229999542236328,15.300000190734863,14.097597122192385,176100
2018-08-07,NWS,15.350000381469728,15.449999809265137,15.229999542236328,15.300000190734863,14.097597122192385,176100
2018-08-08,NWS,15.350000381469728,15.399999618530272,15.18000030517578,15.300000190734863,14.097597122192385,262700
2018-08-08,NWS,15.350000381469728,15.399999618530272,15.18000030517578,15.300000190734863,14.097597122192385,262700
2018-08-09,NWS,15.350000381469728,15.630000114440918,15.25,15.399999618530272,14.189738273620604,386200
2018-08-09,NWS,15.350000381469728,15.630000114440918,15.25,15.399999618530272,14.189738273620604,386200
2018-08-10,NWS,15.199999809265137,15.199999809265137,13.199999809265137,13.449999809265137,12.392986297607422,939800
2018-08-10,NWS,15.199999809265137,15.199999809265137,13.199999809265137,13.449999809265137,12.392986297607422,939800
2018-08-13,NWS,13.600000381469728,14.050000190734863,13.600000381469728,13.949999809265137,12.853693008422852,1560200
2018-08-13,NWS,13.600000381469728,14.050000190734863,13.600000381469728,13.949999809265137,12.853693008422852,1560200
2018-08-14,NWS,14.149999618530272,14.300000190734863,13.899999618530272,14.149999618530272,13.037973403930664,1609400
2018-08-14,NWS,14.149999618530272,14.300000190734863,13.899999618530272,14.149999618530272,13.037973403930664,1609400
2018-08-15,NWS,14.149999618530272,14.199999809265137,13.949999809265137,14.100000381469728,12.991904258728027,1667800
2018-08-15,NWS,14.149999618530272,14.199999809265137,13.949999809265137,14.100000381469728,12.991904258728027,1667800
2018-08-16,NWS,14.300000190734863,14.399999618530272,14.149999618530272,14.300000190734863,13.176185607910156,817100
2018-08-16,NWS,14.300000190734863,14.399999618530272,14.149999618530272,14.300000190734863,13.176185607910156,817100
2018-08-17,NWS,14.350000381469728,14.449999809265137,14.100000381469728,14.449999809265137,13.314396858215332,1321000
2018-08-17,NWS,14.350000381469728,14.449999809265137,14.100000381469728,14.449999809265137,13.314396858215332,1321000
2018-08-20,NWS,14.050000190734863,14.149999618530272,13.75,14.050000190734863,12.94583511352539,910900
2018-08-20,NWS,14.050000190734863,14.149999618530272,13.75,14.050000190734863,12.94583511352539,910900
2018-08-21,NWS,14.149999618530272,14.149999618530272,13.899999618530272,14.050000190734863,12.94583511352539,1638100
2018-08-21,NWS,14.149999618530272,14.149999618530272,13.899999618530272,14.050000190734863,12.94583511352539,1638100
2018-08-22,NWS,14.100000381469728,14.199999809265137,14.0,14.199999809265137,13.084044456481934,469900
2018-08-22,NWS,14.100000381469728,14.199999809265137,14.0,14.199999809265137,13.084044456481934,469900
2018-08-23,NWS,14.100000381469728,14.149999618530272,13.75,13.850000381469728,12.761551856994627,613400
2018-08-23,NWS,14.100000381469728,14.149999618530272,13.75,13.850000381469728,12.761551856994627,613400
2018-08-24,NWS,13.949999809265137,14.050000190734863,13.75,13.850000381469728,12.761551856994627,948900
2018-08-24,NWS,13.949999809265137,14.050000190734863,13.75,13.850000381469728,12.761551856994627,948900
2018-08-27,NWS,13.899999618530272,14.0,13.600000381469728,13.800000190734863,12.715478897094728,884700
2018-08-27,NWS,13.899999618530272,14.0,13.600000381469728,13.800000190734863,12.715478897094728,884700
2018-08-28,NWS,13.800000190734863,13.850000381469728,13.649999618530272,13.75,12.669408798217772,479500
2018-08-28,NWS,13.800000190734863,13.850000381469728,13.649999618530272,13.75,12.669408798217772,479500
2018-08-29,NWS,13.800000190734863,14.0,13.75,13.850000381469728,12.761551856994627,519400
2018-08-29,NWS,13.800000190734863,14.0,13.75,13.850000381469728,12.761551856994627,519400
2018-08-30,NWS,13.800000190734863,13.949999809265137,13.649999618530272,13.699999809265137,12.623337745666504,615700
2018-08-30,NWS,13.800000190734863,13.949999809265137,13.649999618530272,13.699999809265137,12.623337745666504,615700
2018-08-31,NWS,13.600000381469728,13.75,13.449999809265137,13.600000381469728,12.531195640563965,444300
2018-08-31,NWS,13.600000381469728,13.75,13.449999809265137,13.600000381469728,12.531195640563965,444300
2018-09-04,NWS,13.649999618530272,13.75,13.350000381469728,13.399999618530272,12.346915245056152,437700
2018-09-04,NWS,13.649999618530272,13.75,13.350000381469728,13.399999618530272,12.346915245056152,437700
2018-09-05,NWS,13.449999809265137,13.5,13.25,13.399999618530272,12.346915245056152,659300
2018-09-05,NWS,13.449999809265137,13.5,13.25,13.399999618530272,12.346915245056152,659300
2018-09-06,NWS,13.350000381469728,13.550000190734863,13.050000190734863,13.149999618530272,12.11656379699707,975400
2018-09-06,NWS,13.350000381469728,13.550000190734863,13.050000190734863,13.149999618530272,12.11656379699707,975400
2018-09-07,NWS,12.960000038146973,13.25,12.949999809265137,13.100000381469728,12.070491790771484,334300
2018-09-07,NWS,12.960000038146973,13.25,12.949999809265137,13.100000381469728,12.070491790771484,334300
2018-09-10,NWS,13.149999618530272,13.229999542236328,12.949999809265137,13.050000190734863,12.024421691894531,636600
2018-09-10,NWS,13.149999618530272,13.229999542236328,12.949999809265137,13.050000190734863,12.024421691894531,636600
2018-09-11,NWS,13.0,13.100000381469728,12.800000190734863,13.0,12.070846557617188,563700
2018-09-11,NWS,13.0,13.100000381469728,12.800000190734863,13.0,12.070846557617188,563700
2018-09-12,NWS,13.050000190734863,13.130000114440918,12.800000190734863,12.899999618530272,11.977993965148926,579000
2018-09-12,NWS,13.050000190734863,13.130000114440918,12.800000190734863,12.899999618530272,11.977993965148926,579000
2018-09-13,NWS,12.899999618530272,13.100000381469728,12.899999618530272,13.050000190734863,12.117274284362791,408400
2018-09-13,NWS,12.899999618530272,13.100000381469728,12.899999618530272,13.050000190734863,12.117274284362791,408400
2018-09-14,NWS,13.0,13.029999732971191,12.75,12.850000381469728,11.93156909942627,586500
2018-09-14,NWS,13.0,13.029999732971191,12.75,12.850000381469728,11.93156909942627,586500
2018-09-17,NWS,13.100000381469728,13.100000381469728,12.699999809265137,12.75,11.838715553283691,283200
2018-09-17,NWS,13.100000381469728,13.100000381469728,12.699999809265137,12.75,11.838715553283691,283200
2018-09-18,NWS,12.850000381469728,13.0,12.699999809265137,12.899999618530272,11.977993965148926,504900
2018-09-18,NWS,12.850000381469728,13.0,12.699999809265137,12.899999618530272,11.977993965148926,504900
2018-09-19,NWS,12.850000381469728,13.130000114440918,12.850000381469728,12.949999809265137,12.024422645568848,552300
2018-09-19,NWS,12.850000381469728,13.130000114440918,12.850000381469728,12.949999809265137,12.024422645568848,552300
2018-09-20,NWS,13.0,13.100000381469728,12.850000381469728,13.100000381469728,12.163700103759766,437800
2018-09-20,NWS,13.0,13.100000381469728,12.850000381469728,13.100000381469728,12.163700103759766,437800
2018-09-21,NWS,13.100000381469728,13.25,12.949999809265137,13.199999809265137,12.256551742553713,1770300
2018-09-21,NWS,13.100000381469728,13.25,12.949999809265137,13.199999809265137,12.256551742553713,1770300
2018-09-24,NWS,13.050000190734863,13.300000190734863,13.050000190734863,13.25,12.30298137664795,493300
2018-09-24,NWS,13.050000190734863,13.300000190734863,13.050000190734863,13.25,12.30298137664795,493300
2018-09-25,NWS,13.300000190734863,13.43000030517578,13.25,13.350000381469728,12.395833969116213,504500
2018-09-25,NWS,13.300000190734863,13.43000030517578,13.25,13.350000381469728,12.395833969116213,504500
2018-09-26,NWS,13.399999618530272,13.449999809265137,13.199999809265137,13.399999618530272,12.442258834838867,530600
2018-09-26,NWS,13.399999618530272,13.449999809265137,13.199999809265137,13.399999618530272,12.442258834838867,530600
2018-09-27,NWS,13.350000381469728,13.579999923706056,13.25,13.350000381469728,12.395833969116213,774100
2018-09-27,NWS,13.350000381469728,13.579999923706056,13.25,13.350000381469728,12.395833969116213,774100
2018-09-28,NWS,13.350000381469728,13.6899995803833,13.25,13.600000381469728,12.627962112426758,523500
2018-09-28,NWS,13.350000381469728,13.6899995803833,13.25,13.600000381469728,12.627962112426758,523500
2018-10-01,NWS,13.640000343322754,13.739999771118164,13.40999984741211,13.529999732971191,12.562965393066406,908900
2018-10-01,NWS,13.640000343322754,13.739999771118164,13.40999984741211,13.529999732971191,12.562965393066406,908900
2018-10-02,NWS,13.510000228881836,13.539999961853027,13.380000114440918,13.390000343322754,12.432973861694336,1099900
2018-10-02,NWS,13.510000228881836,13.539999961853027,13.380000114440918,13.390000343322754,12.432973861694336,1099900
2018-10-03,NWS,13.449999809265137,13.8100004196167,13.369999885559082,13.729999542236328,12.748671531677246,1399100
2018-10-03,NWS,13.449999809265137,13.8100004196167,13.369999885559082,13.729999542236328,12.748671531677246,1399100
2018-10-04,NWS,13.6899995803833,13.729999542236328,13.529999732971191,13.65999984741211,12.683675765991213,1181100
2018-10-04,NWS,13.6899995803833,13.729999542236328,13.529999732971191,13.65999984741211,12.683675765991213,1181100
2018-10-05,NWS,13.760000228881836,13.8100004196167,13.600000381469728,13.640000343322754,12.665104866027832,931900
2018-10-05,NWS,13.760000228881836,13.8100004196167,13.600000381469728,13.640000343322754,12.665104866027832,931900
2018-10-08,NWS,13.649999618530272,13.649999618530272,13.460000038146973,13.630000114440918,12.655820846557615,424000
2018-10-08,NWS,13.649999618530272,13.649999618530272,13.460000038146973,13.630000114440918,12.655820846557615,424000
2018-10-09,NWS,13.899999618530272,13.899999618530272,13.59000015258789,13.729999542236328,12.748671531677246,793300
2018-10-09,NWS,13.899999618530272,13.899999618530272,13.59000015258789,13.729999542236328,12.748671531677246,793300
2018-10-10,NWS,13.649999618530272,13.729999542236328,13.149999618530272,13.15999984741211,12.219411849975586,776700
2018-10-10,NWS,13.649999618530272,13.729999542236328,13.149999618530272,13.15999984741211,12.219411849975586,776700
2018-10-11,NWS,13.119999885559082,13.199999809265137,12.960000038146973,13.020000457763672,12.0894193649292,750300
2018-10-11,NWS,13.119999885559082,13.199999809265137,12.960000038146973,13.020000457763672,12.0894193649292,750300
2018-10-12,NWS,13.140000343322754,13.239999771118164,13.0600004196167,13.199999809265137,12.256551742553713,670800
2018-10-12,NWS,13.140000343322754,13.239999771118164,13.0600004196167,13.199999809265137,12.256551742553713,670800
2018-10-15,NWS,13.130000114440918,13.43000030517578,12.90999984741211,13.289999961853027,12.340123176574709,453600
2018-10-15,NWS,13.130000114440918,13.43000030517578,12.90999984741211,13.289999961853027,12.340123176574709,453600
2018-10-16,NWS,13.40999984741211,13.479999542236328,13.289999961853027,13.449999809265137,12.48868465423584,424400
2018-10-16,NWS,13.40999984741211,13.479999542236328,13.289999961853027,13.449999809265137,12.48868465423584,424400
2018-10-17,NWS,13.390000343322754,13.600000381469728,13.329999923706056,13.510000228881836,12.544395446777344,674000
2018-10-17,NWS,13.390000343322754,13.600000381469728,13.329999923706056,13.510000228881836,12.544395446777344,674000
2018-10-18,NWS,13.520000457763672,13.600000381469728,13.359999656677246,13.420000076293944,12.460830688476562,609200
2018-10-18,NWS,13.520000457763672,13.600000381469728,13.359999656677246,13.420000076293944,12.460830688476562,609200
2018-10-19,NWS,13.449999809265137,13.670000076293944,13.350000381469728,13.380000114440918,12.423687934875488,1629100
2018-10-19,NWS,13.449999809265137,13.670000076293944,13.350000381469728,13.380000114440918,12.423687934875488,1629100
2018-10-22,NWS,13.390000343322754,13.460000038146973,13.31999969482422,13.399999618530272,12.442258834838867,718900
2018-10-22,NWS,13.390000343322754,13.460000038146973,13.31999969482422,13.399999618530272,12.442258834838867,718900
2018-10-23,NWS,13.15999984741211,13.380000114440918,13.06999969482422,13.229999542236328,12.284409523010254,1278700
2018-10-23,NWS,13.15999984741211,13.380000114440918,13.06999969482422,13.229999542236328,12.284409523010254,1278700
2018-10-24,NWS,13.18000030517578,13.390000343322754,13.0,13.020000457763672,12.0894193649292,727300
2018-10-24,NWS,13.18000030517578,13.390000343322754,13.0,13.020000457763672,12.0894193649292,727300
2018-10-25,NWS,13.0,13.210000038146973,12.9399995803833,13.029999732971191,12.09870433807373,893900
2018-10-25,NWS,13.0,13.210000038146973,12.9399995803833,13.029999732971191,12.09870433807373,893900
2018-10-26,NWS,12.920000076293944,13.020000457763672,12.739999771118164,12.84000015258789,11.922282218933104,1011800
2018-10-26,NWS,12.920000076293944,13.020000457763672,12.739999771118164,12.84000015258789,11.922282218933104,1011800
2018-10-29,NWS,12.979999542236328,13.140000343322754,12.579999923706056,12.6899995803833,11.783002853393556,514000
2018-10-29,NWS,12.979999542236328,13.140000343322754,12.579999923706056,12.6899995803833,11.783002853393556,514000
2018-10-30,NWS,12.779999732971191,13.039999961853027,12.720000267028809,13.029999732971191,12.09870433807373,559100
2018-10-30,NWS,12.779999732971191,13.039999961853027,12.720000267028809,13.029999732971191,12.09870433807373,559100
2018-10-31,NWS,13.050000190734863,13.520000457763672,13.050000190734863,13.34000015258789,12.386545181274414,590200
2018-10-31,NWS,13.050000190734863,13.520000457763672,13.050000190734863,13.34000015258789,12.386545181274414,590200
2018-11-01,NWS,13.350000381469728,13.40999984741211,13.18000030517578,13.3100004196167,12.35869026184082,853300
2018-11-01,NWS,13.350000381469728,13.40999984741211,13.18000030517578,13.3100004196167,12.35869026184082,853300
2018-11-02,NWS,13.329999923706056,13.43000030517578,13.1899995803833,13.359999656677246,12.405117988586426,473400
2018-11-02,NWS,13.329999923706056,13.43000030517578,13.1899995803833,13.359999656677246,12.405117988586426,473400
2018-11-05,NWS,13.359999656677246,13.489999771118164,13.25,13.359999656677246,12.405117988586426,978000
2018-11-05,NWS,13.359999656677246,13.489999771118164,13.25,13.359999656677246,12.405117988586426,978000
2018-11-06,NWS,13.399999618530272,13.520000457763672,13.300000190734863,13.470000267028809,12.50725555419922,395200
2018-11-06,NWS,13.399999618530272,13.520000457763672,13.300000190734863,13.470000267028809,12.50725555419922,395200
2018-11-07,NWS,13.5,13.65999984741211,13.43000030517578,13.600000381469728,12.627962112426758,535500
2018-11-07,NWS,13.5,13.65999984741211,13.43000030517578,13.600000381469728,12.627962112426758,535500
2018-11-08,NWS,14.140000343322754,14.34000015258789,13.670000076293944,14.3100004196167,13.287217140197754,766700
2018-11-08,NWS,14.140000343322754,14.34000015258789,13.670000076293944,14.3100004196167,13.287217140197754,766700
2018-11-09,NWS,14.270000457763672,14.539999961853027,14.270000457763672,14.399999618530272,13.3707857131958,887600
2018-11-09,NWS,14.270000457763672,14.539999961853027,14.270000457763672,14.399999618530272,13.3707857131958,887600
2018-11-12,NWS,14.399999618530272,14.449999809265137,13.880000114440918,13.890000343322754,12.897236824035645,609000
2018-11-12,NWS,14.399999618530272,14.449999809265137,13.880000114440918,13.890000343322754,12.897236824035645,609000
2018-11-13,NWS,13.949999809265137,14.100000381469728,13.859999656677246,13.90999984741211,12.91580581665039,571600
2018-11-13,NWS,13.949999809265137,14.100000381469728,13.859999656677246,13.90999984741211,12.91580581665039,571600
2018-11-14,NWS,14.020000457763672,14.100000381469728,13.890000343322754,14.0600004196167,13.055086135864258,401700
2018-11-14,NWS,14.020000457763672,14.100000381469728,13.890000343322754,14.0600004196167,13.055086135864258,401700
2018-11-15,NWS,13.949999809265137,13.949999809265137,13.699999809265137,13.850000381469728,12.860095977783203,623000
2018-11-15,NWS,13.949999809265137,13.949999809265137,13.699999809265137,13.850000381469728,12.860095977783203,623000
2018-11-16,NWS,13.789999961853027,14.020000457763672,13.789999961853027,13.880000114440918,12.887951850891112,384200
2018-11-16,NWS,13.789999961853027,14.020000457763672,13.789999961853027,13.880000114440918,12.887951850891112,384200
2018-11-19,NWS,13.869999885559082,13.869999885559082,13.59000015258789,13.649999618530272,12.67438793182373,549100
2018-11-19,NWS,13.869999885559082,13.869999885559082,13.59000015258789,13.649999618530272,12.67438793182373,549100
2018-11-20,NWS,13.5,13.619999885559082,12.920000076293944,12.949999809265137,12.024422645568848,508700
2018-11-20,NWS,13.5,13.619999885559082,12.920000076293944,12.949999809265137,12.024422645568848,508700
2018-11-21,NWS,12.960000038146973,13.1899995803833,12.920000076293944,12.989999771118164,12.061562538146973,552200
2018-11-21,NWS,12.960000038146973,13.1899995803833,12.920000076293944,12.989999771118164,12.061562538146973,552200
2018-11-23,NWS,12.920000076293944,13.09000015258789,12.859999656677246,12.960000038146973,12.033706665039062,186800
2018-11-23,NWS,12.920000076293944,13.09000015258789,12.859999656677246,12.960000038146973,12.033706665039062,186800
2018-11-26,NWS,13.09000015258789,13.4399995803833,13.06999969482422,13.420000076293944,12.460830688476562,512000
2018-11-26,NWS,13.09000015258789,13.4399995803833,13.06999969482422,13.420000076293944,12.460830688476562,512000
2018-11-27,NWS,13.399999618530272,13.550000190734863,13.18000030517578,13.270000457763672,12.321550369262695,477200
2018-11-27,NWS,13.399999618530272,13.550000190734863,13.18000030517578,13.270000457763672,12.321550369262695,477200
2018-11-28,NWS,13.220000267028809,13.520000457763672,13.149999618530272,13.520000457763672,12.553681373596191,596600
2018-11-28,NWS,13.220000267028809,13.520000457763672,13.149999618530272,13.520000457763672,12.553681373596191,596600
2018-11-29,NWS,13.5,13.729999542236328,13.5,13.600000381469728,12.627962112426758,285900
2018-11-29,NWS,13.5,13.729999542236328,13.5,13.600000381469728,12.627962112426758,285900
2018-11-30,NWS,13.56999969482422,13.65999984741211,13.369999885559082,13.399999618530272,12.442258834838867,482000
2018-11-30,NWS,13.56999969482422,13.65999984741211,13.369999885559082,13.399999618530272,12.442258834838867,482000
2018-12-03,NWS,13.489999771118164,13.800000190734863,13.489999771118164,13.6899995803833,12.71153163909912,348300
2018-12-03,NWS,13.489999771118164,13.800000190734863,13.489999771118164,13.6899995803833,12.71153163909912,348300
2018-12-04,NWS,13.649999618530272,13.770000457763672,13.239999771118164,13.270000457763672,12.321550369262695,441500
2018-12-04,NWS,13.649999618530272,13.770000457763672,13.239999771118164,13.270000457763672,12.321550369262695,441500
2018-12-06,NWS,13.140000343322754,13.140000343322754,12.6899995803833,12.859999656677246,11.940853118896484,798200
2018-12-06,NWS,13.140000343322754,13.140000343322754,12.6899995803833,12.859999656677246,11.940853118896484,798200
2018-12-07,NWS,12.869999885559082,13.029999732971191,12.640000343322754,12.710000038146973,11.801576614379885,343300
2018-12-07,NWS,12.869999885559082,13.029999732971191,12.640000343322754,12.710000038146973,11.801576614379885,343300
2018-12-10,NWS,12.6899995803833,12.84000015258789,12.43000030517578,12.789999961853027,11.875858306884766,679700
2018-12-10,NWS,12.6899995803833,12.84000015258789,12.43000030517578,12.789999961853027,11.875858306884766,679700
2018-12-11,NWS,12.949999809265137,13.109999656677246,12.600000381469728,12.65999984741211,11.75515079498291,716900
2018-12-11,NWS,12.949999809265137,13.109999656677246,12.600000381469728,12.65999984741211,11.75515079498291,716900
2018-12-12,NWS,12.84000015258789,13.149999618530272,12.800000190734863,12.970000267028809,12.04299259185791,380300
2018-12-12,NWS,12.84000015258789,13.149999618530272,12.800000190734863,12.970000267028809,12.04299259185791,380300
2018-12-13,NWS,12.989999771118164,13.18000030517578,12.739999771118164,12.8100004196167,11.894428253173828,394400
2018-12-13,NWS,12.989999771118164,13.18000030517578,12.739999771118164,12.8100004196167,11.894428253173828,394400
2018-12-14,NWS,12.649999618530272,12.720000267028809,12.420000076293944,12.460000038146973,11.569443702697754,459500
2018-12-14,NWS,12.649999618530272,12.720000267028809,12.420000076293944,12.460000038146973,11.569443702697754,459500
2018-12-17,NWS,12.470000267028809,12.550000190734863,12.1899995803833,12.270000457763672,11.393024444580078,732800
2018-12-17,NWS,12.470000267028809,12.550000190734863,12.1899995803833,12.270000457763672,11.393024444580078,732800
2018-12-18,NWS,12.34000015258789,12.550000190734863,12.0600004196167,12.15999984741211,11.290887832641602,427700
2018-12-18,NWS,12.34000015258789,12.550000190734863,12.0600004196167,12.15999984741211,11.290887832641602,427700
2018-12-19,NWS,12.1899995803833,12.43000030517578,11.989999771118164,12.010000228881836,11.151606559753418,694000
2018-12-19,NWS,12.1899995803833,12.43000030517578,11.989999771118164,12.010000228881836,11.151606559753418,694000
2018-12-20,NWS,12.010000228881836,12.010000228881836,11.479999542236328,11.56999969482422,10.74305248260498,672500
2018-12-20,NWS,12.010000228881836,12.010000228881836,11.479999542236328,11.56999969482422,10.74305248260498,672500
2018-12-21,NWS,11.56999969482422,11.869999885559082,11.25,11.25,10.44592571258545,1735100
2018-12-21,NWS,11.56999969482422,11.869999885559082,11.25,11.25,10.44592571258545,1735100
2018-12-24,NWS,11.1899995803833,11.380000114440918,11.0600004196167,11.0600004196167,10.269506454467772,431400
2018-12-24,NWS,11.1899995803833,11.380000114440918,11.0600004196167,11.0600004196167,10.269506454467772,431400
2018-12-26,NWS,11.100000381469728,11.359999656677246,10.850000381469728,11.359999656677246,10.54806423187256,782500
2018-12-26,NWS,11.100000381469728,11.359999656677246,10.850000381469728,11.359999656677246,10.54806423187256,782500
2018-12-27,NWS,11.1899995803833,11.380000114440918,10.960000038146973,11.380000114440918,10.566633224487305,880600
2018-12-27,NWS,11.1899995803833,11.380000114440918,10.960000038146973,11.380000114440918,10.566633224487305,880600
2018-12-28,NWS,11.420000076293944,11.600000381469728,11.3100004196167,11.460000038146973,10.64091682434082,446400
2018-12-28,NWS,11.420000076293944,11.600000381469728,11.3100004196167,11.460000038146973,10.64091682434082,446400
2018-12-31,NWS,11.489999771118164,11.579999923706056,11.329999923706056,11.550000190734863,10.724483489990234,444900
2018-12-31,NWS,11.489999771118164,11.579999923706056,11.329999923706056,11.550000190734863,10.724483489990234,444900
2019-01-02,NWS,11.40999984741211,11.649999618530272,11.31999969482422,11.609999656677246,10.780195236206056,341400
2019-01-02,NWS,11.40999984741211,11.649999618530272,11.31999969482422,11.609999656677246,10.780195236206056,341400
2019-01-03,NWS,11.5600004196167,11.649999618530272,11.359999656677246,11.460000038146973,10.64091682434082,679500
2019-01-03,NWS,11.5600004196167,11.649999618530272,11.359999656677246,11.460000038146973,10.64091682434082,679500
2019-01-04,NWS,11.609999656677246,11.970000267028809,11.609999656677246,11.960000038146973,11.105180740356444,316700
2019-01-04,NWS,11.609999656677246,11.970000267028809,11.609999656677246,11.960000038146973,11.105180740356444,316700
2019-01-07,NWS,11.970000267028809,12.3100004196167,11.880000114440918,12.199999809265137,11.328025817871094,975800
2019-01-07,NWS,11.970000267028809,12.3100004196167,11.880000114440918,12.199999809265137,11.328025817871094,975800
2019-01-08,NWS,12.289999961853027,12.40999984741211,12.18000030517578,12.31999969482422,11.439449310302734,847800
2019-01-08,NWS,12.289999961853027,12.40999984741211,12.18000030517578,12.31999969482422,11.439449310302734,847800
2019-01-09,NWS,12.34000015258789,12.520000457763672,12.300000190734863,12.369999885559082,11.485876083374023,825200
2019-01-09,NWS,12.34000015258789,12.520000457763672,12.300000190734863,12.369999885559082,11.485876083374023,825200
2019-01-10,NWS,12.34000015258789,12.43000030517578,12.25,12.369999885559082,11.485876083374023,428000
2019-01-10,NWS,12.34000015258789,12.43000030517578,12.25,12.369999885559082,11.485876083374023,428000
2019-01-11,NWS,12.31999969482422,12.510000228881836,12.270000457763672,12.479999542236328,11.588014602661133,373900
2019-01-11,NWS,12.31999969482422,12.510000228881836,12.270000457763672,12.479999542236328,11.588014602661133,373900
2019-01-14,NWS,12.489999771118164,12.609999656677246,12.420000076293944,12.449999809265137,11.560158729553224,492600
2019-01-14,NWS,12.489999771118164,12.609999656677246,12.420000076293944,12.449999809265137,11.560158729553224,492600
2019-01-15,NWS,12.489999771118164,12.6899995803833,12.470000267028809,12.510000228881836,11.615869522094728,950300
2019-01-15,NWS,12.489999771118164,12.6899995803833,12.470000267028809,12.510000228881836,11.615869522094728,950300
2019-01-16,NWS,12.489999771118164,12.65999984741211,12.489999771118164,12.539999961853027,11.643725395202637,545700
2019-01-16,NWS,12.489999771118164,12.65999984741211,12.489999771118164,12.539999961853027,11.643725395202637,545700
2019-01-17,NWS,12.5,12.699999809265137,12.43000030517578,12.600000381469728,11.699437141418455,799900
2019-01-17,NWS,12.5,12.699999809265137,12.43000030517578,12.600000381469728,11.699437141418455,799900
2019-01-18,NWS,12.739999771118164,12.739999771118164,12.579999923706056,12.68000030517578,11.773717880249023,628200
2019-01-18,NWS,12.739999771118164,12.739999771118164,12.579999923706056,12.68000030517578,11.773717880249023,628200
2019-01-22,NWS,12.65999984741211,12.68000030517578,12.43000030517578,12.5,11.606586456298828,524600
2019-01-22,NWS,12.65999984741211,12.68000030517578,12.43000030517578,12.5,11.606586456298828,524600
2019-01-23,NWS,12.510000228881836,12.520000457763672,12.170000076293944,12.359999656677246,11.47658920288086,362900
2019-01-23,NWS,12.510000228881836,12.520000457763672,12.170000076293944,12.359999656677246,11.47658920288086,362900
2019-01-24,NWS,12.34000015258789,12.609999656677246,12.270000457763672,12.5600004196167,11.6622953414917,536200
2019-01-24,NWS,12.34000015258789,12.609999656677246,12.270000457763672,12.5600004196167,11.6622953414917,536200
2019-01-25,NWS,12.670000076293944,12.989999771118164,12.670000076293944,12.800000190734863,11.88514232635498,1916900
2019-01-25,NWS,12.670000076293944,12.989999771118164,12.670000076293944,12.800000190734863,11.88514232635498,1916900
2019-01-28,NWS,12.779999732971191,12.850000381469728,12.670000076293944,12.779999732971191,11.866571426391602,784400
2019-01-28,NWS,12.779999732971191,12.850000381469728,12.670000076293944,12.779999732971191,11.866571426391602,784400
2019-01-29,NWS,12.81999969482422,12.989999771118164,12.81999969482422,12.859999656677246,11.940853118896484,1047400
2019-01-29,NWS,12.81999969482422,12.989999771118164,12.81999969482422,12.859999656677246,11.940853118896484,1047400
2019-01-30,NWS,12.850000381469728,12.949999809265137,12.649999618530272,12.829999923706056,11.912999153137209,928600
2019-01-30,NWS,12.850000381469728,12.949999809265137,12.649999618530272,12.829999923706056,11.912999153137209,928600
2019-01-31,NWS,12.789999961853027,12.970000267028809,12.789999961853027,12.93000030517578,12.005851745605469,1328000
2019-01-31,NWS,12.789999961853027,12.970000267028809,12.789999961853027,12.93000030517578,12.005851745605469,1328000
2019-02-01,NWS,12.93000030517578,12.970000267028809,12.84000015258789,12.859999656677246,11.940853118896484,640400
2019-02-01,NWS,12.93000030517578,12.970000267028809,12.84000015258789,12.859999656677246,11.940853118896484,640400
2019-02-04,NWS,12.789999961853027,13.079999923706056,12.789999961853027,12.989999771118164,12.061562538146973,1026600
2019-02-04,NWS,12.789999961853027,13.079999923706056,12.789999961853027,12.989999771118164,12.061562538146973,1026600
2019-02-05,NWS,12.979999542236328,13.130000114440918,12.960000038146973,13.119999885559082,12.182270050048828,425700
2019-02-05,NWS,12.979999542236328,13.130000114440918,12.960000038146973,13.119999885559082,12.182270050048828,425700
2019-02-06,NWS,13.0600004196167,13.25,13.039999961853027,13.06999969482422,12.135844230651855,525600
2019-02-06,NWS,13.0600004196167,13.25,13.039999961853027,13.06999969482422,12.135844230651855,525600
2019-02-07,NWS,12.970000267028809,13.0,12.640000343322754,12.81999969482422,11.903711318969728,761100
2019-02-07,NWS,12.970000267028809,13.0,12.640000343322754,12.81999969482422,11.903711318969728,761100
2019-02-08,NWS,12.850000381469728,13.100000381469728,12.31999969482422,12.670000076293944,11.764431953430176,752000
2019-02-08,NWS,12.850000381469728,13.100000381469728,12.31999969482422,12.670000076293944,11.764431953430176,752000
2019-02-11,NWS,12.970000267028809,12.970000267028809,12.279999732971191,12.40999984741211,11.523015975952148,682300
2019-02-11,NWS,12.970000267028809,12.970000267028809,12.279999732971191,12.40999984741211,11.523015975952148,682300
2019-02-12,NWS,12.520000457763672,12.710000038146973,12.43000030517578,12.630000114440918,11.727293014526367,478800
2019-02-12,NWS,12.520000457763672,12.710000038146973,12.43000030517578,12.630000114440918,11.727293014526367,478800
2019-02-13,NWS,12.65999984741211,12.789999961853027,12.579999923706056,12.65999984741211,11.75515079498291,487400
2019-02-13,NWS,12.65999984741211,12.789999961853027,12.579999923706056,12.65999984741211,11.75515079498291,487400
2019-02-14,NWS,12.510000228881836,12.829999923706056,12.510000228881836,12.6899995803833,11.783002853393556,377400
2019-02-14,NWS,12.510000228881836,12.829999923706056,12.510000228881836,12.6899995803833,11.783002853393556,377400
2019-02-15,NWS,12.789999961853027,12.949999809265137,12.65999984741211,12.93000030517578,12.005851745605469,563900
2019-02-15,NWS,12.789999961853027,12.949999809265137,12.65999984741211,12.93000030517578,12.005851745605469,563900
2019-02-19,NWS,12.960000038146973,13.130000114440918,12.9399995803833,13.020000457763672,12.0894193649292,574300
2019-02-19,NWS,12.960000038146973,13.130000114440918,12.9399995803833,13.020000457763672,12.0894193649292,574300
2019-02-20,NWS,12.90999984741211,13.25,12.90999984741211,13.149999618530272,12.210127830505373,456600
2019-02-20,NWS,12.90999984741211,13.25,12.90999984741211,13.149999618530272,12.210127830505373,456600
2019-02-21,NWS,13.06999969482422,13.18000030517578,13.010000228881836,13.050000190734863,12.117274284362791,481200
2019-02-21,NWS,13.06999969482422,13.18000030517578,13.010000228881836,13.050000190734863,12.117274284362791,481200
2019-02-22,NWS,13.0,13.270000457763672,13.0,13.210000038146973,12.265838623046877,352100
2019-02-22,NWS,13.0,13.270000457763672,13.0,13.210000038146973,12.265838623046877,352100
2019-02-25,NWS,13.34000015258789,13.449999809265137,13.260000228881836,13.270000457763672,12.321550369262695,446200
2019-02-25,NWS,13.34000015258789,13.449999809265137,13.260000228881836,13.270000457763672,12.321550369262695,446200
2019-02-26,NWS,13.300000190734863,13.350000381469728,13.229999542236328,13.31999969482422,12.367976188659668,396500
2019-02-26,NWS,13.300000190734863,13.350000381469728,13.229999542236328,13.31999969482422,12.367976188659668,396500
2019-02-27,NWS,13.300000190734863,13.380000114440918,13.18000030517578,13.31999969482422,12.367976188659668,313800
2019-02-27,NWS,13.300000190734863,13.380000114440918,13.18000030517578,13.31999969482422,12.367976188659668,313800
2019-02-28,NWS,13.329999923706056,13.34000015258789,13.239999771118164,13.3100004196167,12.35869026184082,535000
2019-02-28,NWS,13.329999923706056,13.34000015258789,13.239999771118164,13.3100004196167,12.35869026184082,535000
2019-03-01,NWS,13.40999984741211,13.59000015258789,13.359999656677246,13.5600004196167,12.590825080871582,421500
2019-03-01,NWS,13.40999984741211,13.59000015258789,13.359999656677246,13.5600004196167,12.590825080871582,421500
2019-03-04,NWS,13.59000015258789,13.6899995803833,13.40999984741211,13.5600004196167,12.590825080871582,355600
2019-03-04,NWS,13.59000015258789,13.6899995803833,13.40999984741211,13.5600004196167,12.590825080871582,355600
2019-03-05,NWS,13.529999732971191,13.600000381469728,13.390000343322754,13.420000076293944,12.460830688476562,943100
2019-03-05,NWS,13.529999732971191,13.600000381469728,13.390000343322754,13.420000076293944,12.460830688476562,943100
2019-03-06,NWS,13.380000114440918,13.460000038146973,13.300000190734863,13.359999656677246,12.405117988586426,610700
2019-03-06,NWS,13.380000114440918,13.460000038146973,13.300000190734863,13.359999656677246,12.405117988586426,610700
2019-03-07,NWS,13.350000381469728,13.369999885559082,13.09000015258789,13.149999618530272,12.210127830505373,261900
2019-03-07,NWS,13.350000381469728,13.369999885559082,13.09000015258789,13.149999618530272,12.210127830505373,261900
2019-03-08,NWS,13.029999732971191,13.050000190734863,12.920000076293944,13.050000190734863,12.117274284362791,268200
2019-03-08,NWS,13.029999732971191,13.050000190734863,12.920000076293944,13.050000190734863,12.117274284362791,268200
2019-03-11,NWS,13.0600004196167,13.3100004196167,13.0600004196167,13.289999961853027,12.340123176574709,325200
2019-03-11,NWS,13.0600004196167,13.3100004196167,13.0600004196167,13.289999961853027,12.340123176574709,325200
2019-03-12,NWS,13.25,13.329999923706056,13.029999732971191,13.0600004196167,12.218497276306152,662700
2019-03-12,NWS,13.25,13.329999923706056,13.029999732971191,13.0600004196167,12.218497276306152,662700
2019-03-13,NWS,13.130000114440918,13.130000114440918,12.920000076293944,12.960000038146973,12.124938011169434,435400
2019-03-13,NWS,13.130000114440918,13.130000114440918,12.920000076293944,12.960000038146973,12.124938011169434,435400
2019-03-14,NWS,12.949999809265137,12.979999542236328,12.779999732971191,12.779999732971191,11.956538200378418,1030800
2019-03-14,NWS,12.949999809265137,12.979999542236328,12.779999732971191,12.779999732971191,11.956538200378418,1030800
2019-03-15,NWS,12.81999969482422,12.880000114440918,12.6899995803833,12.739999771118164,11.919116020202637,2386600
2019-03-15,NWS,12.81999969482422,12.880000114440918,12.6899995803833,12.739999771118164,11.919116020202637,2386600
2019-03-18,NWS,12.75,12.90999984741211,12.710000038146973,12.729999542236328,11.909760475158691,1331800
2019-03-18,NWS,12.75,12.90999984741211,12.710000038146973,12.729999542236328,11.909760475158691,1331800
2019-03-19,NWS,12.75,12.8100004196167,12.56999969482422,12.619999885559082,11.806845664978027,1406500
2019-03-19,NWS,12.75,12.8100004196167,12.56999969482422,12.619999885559082,11.806845664978027,1406500
2019-03-20,NWS,12.600000381469728,12.720000267028809,12.460000038146973,12.609999656677246,11.797492980957031,1781200
2019-03-20,NWS,12.600000381469728,12.720000267028809,12.460000038146973,12.609999656677246,11.797492980957031,1781200
2019-03-21,NWS,12.550000190734863,13.029999732971191,12.550000190734863,12.850000381469728,12.022028923034668,2139900
2019-03-21,NWS,12.550000190734863,13.029999732971191,12.550000190734863,12.850000381469728,12.022028923034668,2139900
2019-03-22,NWS,12.8100004196167,12.899999618530272,12.56999969482422,12.640000343322754,11.825557708740234,1574300
2019-03-22,NWS,12.8100004196167,12.899999618530272,12.56999969482422,12.640000343322754,11.825557708740234,1574300
2019-03-25,NWS,12.649999618530272,12.739999771118164,12.539999961853027,12.59000015258789,11.778779983520508,1402700
2019-03-25,NWS,12.649999618530272,12.739999771118164,12.539999961853027,12.59000015258789,11.778779983520508,1402700
2019-03-26,NWS,12.640000343322754,12.68000030517578,12.43000030517578,12.5,11.694581031799316,662500
2019-03-26,NWS,12.640000343322754,12.68000030517578,12.43000030517578,12.5,11.694581031799316,662500
2019-03-27,NWS,12.539999961853027,12.539999961853027,12.300000190734863,12.390000343322754,11.591667175292969,467000
2019-03-27,NWS,12.539999961853027,12.539999961853027,12.300000190734863,12.390000343322754,11.591667175292969,467000
2019-03-28,NWS,12.399999618530272,12.460000038146973,12.270000457763672,12.449999809265137,11.647802352905272,299100
2019-03-28,NWS,12.399999618530272,12.460000038146973,12.270000457763672,12.449999809265137,11.647802352905272,299100
2019-03-29,NWS,12.510000228881836,12.529999732971191,12.420000076293944,12.489999771118164,11.685223579406738,367500
2019-03-29,NWS,12.510000228881836,12.529999732971191,12.420000076293944,12.489999771118164,11.685223579406738,367500
2019-04-01,NWS,12.600000381469728,12.670000076293944,12.550000190734863,12.609999656677246,11.797492980957031,505800
2019-04-01,NWS,12.600000381469728,12.670000076293944,12.550000190734863,12.609999656677246,11.797492980957031,505800
2019-04-02,NWS,12.640000343322754,12.670000076293944,12.479999542236328,12.479999542236328,11.675867080688477,909400
2019-04-02,NWS,12.640000343322754,12.670000076293944,12.479999542236328,12.479999542236328,11.675867080688477,909400
2019-04-03,NWS,12.56999969482422,12.75,12.520000457763672,12.550000190734863,11.741357803344728,607900
2019-04-03,NWS,12.56999969482422,12.75,12.520000457763672,12.550000190734863,11.741357803344728,607900
2019-04-04,NWS,12.5600004196167,12.699999809265137,12.5600004196167,12.579999923706056,11.76942539215088,1011800
2019-04-04,NWS,12.5600004196167,12.699999809265137,12.5600004196167,12.579999923706056,11.76942539215088,1011800
2019-04-05,NWS,12.59000015258789,12.710000038146973,12.5600004196167,12.640000343322754,11.825557708740234,339900
2019-04-05,NWS,12.59000015258789,12.710000038146973,12.5600004196167,12.640000343322754,11.825557708740234,339900
2019-04-08,NWS,12.65999984741211,12.699999809265137,12.579999923706056,12.630000114440918,11.816203117370604,347600
2019-04-08,NWS,12.65999984741211,12.699999809265137,12.579999923706056,12.630000114440918,11.816203117370604,347600
2019-04-09,NWS,12.579999923706056,12.65999984741211,12.56999969482422,12.630000114440918,11.816203117370604,291900
2019-04-09,NWS,12.579999923706056,12.65999984741211,12.56999969482422,12.630000114440918,11.816203117370604,291900
2019-04-10,NWS,12.65999984741211,12.760000228881836,12.630000114440918,12.760000228881836,11.937826156616213,238800
2019-04-10,NWS,12.65999984741211,12.760000228881836,12.630000114440918,12.760000228881836,11.937826156616213,238800
2019-04-11,NWS,12.75,12.760000228881836,12.630000114440918,12.640000343322754,11.825557708740234,333600
2019-04-11,NWS,12.75,12.760000228881836,12.630000114440918,12.640000343322754,11.825557708740234,333600
2019-04-12,NWS,12.68000030517578,12.789999961853027,12.68000030517578,12.75,11.92846965789795,387400
2019-04-12,NWS,12.68000030517578,12.789999961853027,12.68000030517578,12.75,11.92846965789795,387400
2019-04-15,NWS,12.710000038146973,12.8100004196167,12.59000015258789,12.649999618530272,11.834915161132812,820000
2019-04-15,NWS,12.710000038146973,12.8100004196167,12.59000015258789,12.649999618530272,11.834915161132812,820000
2019-04-16,NWS,12.6899995803833,12.84000015258789,12.640000343322754,12.75,11.92846965789795,648700
2019-04-16,NWS,12.6899995803833,12.84000015258789,12.640000343322754,12.75,11.92846965789795,648700
2019-04-17,NWS,12.75,12.9399995803833,12.68000030517578,12.710000038146973,11.8910493850708,528000
2019-04-17,NWS,12.75,12.9399995803833,12.68000030517578,12.710000038146973,11.8910493850708,528000
2019-04-18,NWS,12.729999542236328,12.729999542236328,12.449999809265137,12.630000114440918,11.816203117370604,370200
2019-04-18,NWS,12.729999542236328,12.729999542236328,12.449999809265137,12.630000114440918,11.816203117370604,370200
2019-04-22,NWS,12.600000381469728,12.619999885559082,12.369999885559082,12.520000457763672,11.71329116821289,296700
2019-04-22,NWS,12.600000381469728,12.619999885559082,12.369999885559082,12.520000457763672,11.71329116821289,296700
2019-04-23,NWS,12.539999961853027,12.6899995803833,12.539999961853027,12.600000381469728,11.78813648223877,428600
2019-04-23,NWS,12.539999961853027,12.6899995803833,12.539999961853027,12.600000381469728,11.78813648223877,428600
2019-04-24,NWS,12.600000381469728,12.640000343322754,12.56999969482422,12.619999885559082,11.806845664978027,399500
2019-04-24,NWS,12.600000381469728,12.640000343322754,12.56999969482422,12.619999885559082,11.806845664978027,399500
2019-04-25,NWS,12.600000381469728,12.600000381469728,12.329999923706056,12.460000038146973,11.65715789794922,312900
2019-04-25,NWS,12.600000381469728,12.600000381469728,12.329999923706056,12.460000038146973,11.65715789794922,312900
2019-04-26,NWS,12.479999542236328,12.56999969482422,12.40999984741211,12.56999969482422,11.7600679397583,482900
2019-04-26,NWS,12.479999542236328,12.56999969482422,12.40999984741211,12.56999969482422,11.7600679397583,482900
2019-04-29,NWS,12.529999732971191,12.6899995803833,12.489999771118164,12.520000457763672,11.71329116821289,944200
2019-04-29,NWS,12.529999732971191,12.6899995803833,12.489999771118164,12.520000457763672,11.71329116821289,944200
2019-04-30,NWS,12.640000343322754,12.640000343322754,12.350000381469728,12.489999771118164,11.685223579406738,624600
2019-04-30,NWS,12.640000343322754,12.640000343322754,12.350000381469728,12.489999771118164,11.685223579406738,624600
2019-05-01,NWS,12.520000457763672,12.609999656677246,12.40999984741211,12.4399995803833,11.63844394683838,1138200
2019-05-01,NWS,12.520000457763672,12.609999656677246,12.40999984741211,12.4399995803833,11.63844394683838,1138200
2019-05-02,NWS,12.449999809265137,12.449999809265137,12.25,12.369999885559082,11.572956085205078,582600
2019-05-02,NWS,12.449999809265137,12.449999809265137,12.25,12.369999885559082,11.572956085205078,582600
2019-05-03,NWS,12.390000343322754,12.489999771118164,12.390000343322754,12.43000030517578,11.629090309143066,1213000
2019-05-03,NWS,12.390000343322754,12.489999771118164,12.390000343322754,12.43000030517578,11.629090309143066,1213000
2019-05-06,NWS,12.260000228881836,12.34000015258789,12.0600004196167,12.170000076293944,11.38584327697754,424900
2019-05-06,NWS,12.260000228881836,12.34000015258789,12.0600004196167,12.170000076293944,11.38584327697754,424900
2019-05-07,NWS,12.06999969482422,12.079999923706056,11.640000343322754,11.739999771118164,10.983549118041992,883500
2019-05-07,NWS,12.06999969482422,12.079999923706056,11.640000343322754,11.739999771118164,10.983549118041992,883500
2019-05-08,NWS,11.6899995803833,11.81999969482422,11.59000015258789,11.609999656677246,10.86192512512207,679300
2019-05-08,NWS,11.6899995803833,11.81999969482422,11.59000015258789,11.609999656677246,10.86192512512207,679300
2019-05-09,NWS,11.56999969482422,11.670000076293944,11.380000114440918,11.65999984741211,10.908702850341797,926700
2019-05-09,NWS,11.56999969482422,11.670000076293944,11.380000114440918,11.65999984741211,10.908702850341797,926700
2019-05-10,NWS,11.829999923706056,12.279999732971191,11.789999961853027,12.029999732971191,11.25486183166504,818200
2019-05-10,NWS,11.829999923706056,12.279999732971191,11.789999961853027,12.029999732971191,11.25486183166504,818200
2019-05-13,NWS,11.779999732971191,11.880000114440918,11.479999542236328,11.579999923706056,10.833858489990234,1404500
2019-05-13,NWS,11.779999732971191,11.880000114440918,11.479999542236328,11.579999923706056,10.833858489990234,1404500
2019-05-14,NWS,11.619999885559082,11.800000190734863,11.600000381469728,11.649999618530272,10.899347305297852,1159000
2019-05-14,NWS,11.619999885559082,11.800000190734863,11.600000381469728,11.649999618530272,10.899347305297852,1159000
2019-05-15,NWS,11.5600004196167,11.770000457763672,11.449999809265137,11.729999542236328,10.974193572998049,532000
2019-05-15,NWS,11.5600004196167,11.770000457763672,11.449999809265137,11.729999542236328,10.974193572998049,532000
2019-05-16,NWS,11.760000228881836,11.880000114440918,11.65999984741211,11.68000030517578,10.927416801452637,232800
2019-05-16,NWS,11.760000228881836,11.880000114440918,11.65999984741211,11.68000030517578,10.927416801452637,232800
2019-05-17,NWS,11.609999656677246,11.68000030517578,11.510000228881836,11.5600004196167,10.81514835357666,553400
2019-05-17,NWS,11.609999656677246,11.68000030517578,11.510000228881836,11.5600004196167,10.81514835357666,553400
2019-05-20,NWS,11.93000030517578,12.029999732971191,11.779999732971191,11.8100004196167,11.049038887023926,1651400
2019-05-20,NWS,11.93000030517578,12.029999732971191,11.779999732971191,11.8100004196167,11.049038887023926,1651400
2019-05-21,NWS,11.920000076293944,12.029999732971191,11.899999618530272,12.010000228881836,11.23615264892578,545600
2019-05-21,NWS,11.920000076293944,12.029999732971191,11.899999618530272,12.010000228881836,11.23615264892578,545600
2019-05-22,NWS,11.949999809265137,12.050000190734863,11.949999809265137,11.989999771118164,11.217439651489258,905100
2019-05-22,NWS,11.949999809265137,12.050000190734863,11.949999809265137,11.989999771118164,11.217439651489258,905100
2019-05-23,NWS,11.899999618530272,12.039999961853027,11.8100004196167,12.0,11.226797103881836,687200
2019-05-23,NWS,11.899999618530272,12.039999961853027,11.8100004196167,12.0,11.226797103881836,687200
2019-05-24,NWS,12.06999969482422,12.15999984741211,11.979999542236328,12.0600004196167,11.282931327819824,675000
2019-05-24,NWS,12.06999969482422,12.15999984741211,11.979999542236328,12.0600004196167,11.282931327819824,675000
2019-05-28,NWS,12.06999969482422,12.140000343322754,11.989999771118164,11.989999771118164,11.217439651489258,580400
2019-05-28,NWS,12.06999969482422,12.140000343322754,11.989999771118164,11.989999771118164,11.217439651489258,580400
2019-05-29,NWS,12.020000457763672,12.039999961853027,11.789999961853027,11.869999885559082,11.105172157287598,739100
2019-05-29,NWS,12.020000457763672,12.039999961853027,11.789999961853027,11.869999885559082,11.105172157287598,739100
2019-05-30,NWS,11.880000114440918,11.960000038146973,11.710000038146973,11.770000457763672,11.01161766052246,801300
2019-05-30,NWS,11.880000114440918,11.960000038146973,11.710000038146973,11.770000457763672,11.01161766052246,801300
2019-05-31,NWS,11.670000076293944,11.760000228881836,11.630000114440918,11.649999618530272,10.899347305297852,703800
2019-05-31,NWS,11.670000076293944,11.760000228881836,11.630000114440918,11.649999618530272,10.899347305297852,703800
2019-06-03,NWS,11.630000114440918,11.789999961853027,11.630000114440918,11.720000267028809,10.964838027954102,870100
2019-06-03,NWS,11.630000114440918,11.789999961853027,11.630000114440918,11.720000267028809,10.964838027954102,870100
2019-06-04,NWS,11.890000343322754,11.949999809265137,11.779999732971191,11.890000343322754,11.123883247375488,712100
2019-06-04,NWS,11.890000343322754,11.949999809265137,11.779999732971191,11.890000343322754,11.123883247375488,712100
2019-06-05,NWS,11.880000114440918,11.989999771118164,11.649999618530272,11.970000267028809,11.19873046875,1344800
2019-06-05,NWS,11.880000114440918,11.989999771118164,11.649999618530272,11.970000267028809,11.19873046875,1344800
2019-06-06,NWS,11.960000038146973,12.0,11.880000114440918,11.93000030517578,11.16130542755127,822200
2019-06-06,NWS,11.960000038146973,12.0,11.880000114440918,11.93000030517578,11.16130542755127,822200
2019-06-07,NWS,12.079999923706056,12.130000114440918,11.90999984741211,12.06999969482422,11.292284965515137,704000
2019-06-07,NWS,12.079999923706056,12.130000114440918,11.90999984741211,12.06999969482422,11.292284965515137,704000
2019-06-10,NWS,12.119999885559082,12.149999618530272,12.039999961853027,12.119999885559082,11.339065551757812,621300
2019-06-10,NWS,12.119999885559082,12.149999618530272,12.039999961853027,12.119999885559082,11.339065551757812,621300
2019-06-11,NWS,12.199999809265137,12.210000038146973,12.09000015258789,12.130000114440918,11.34842014312744,649400
2019-06-11,NWS,12.199999809265137,12.210000038146973,12.09000015258789,12.130000114440918,11.34842014312744,649400
2019-06-12,NWS,12.149999618530272,12.199999809265137,12.050000190734863,12.06999969482422,11.292284965515137,598000
2019-06-12,NWS,12.149999618530272,12.199999809265137,12.050000190734863,12.06999969482422,11.292284965515137,598000
2019-06-13,NWS,12.079999923706056,12.170000076293944,12.039999961853027,12.15999984741211,11.376489639282228,533200
2019-06-13,NWS,12.079999923706056,12.170000076293944,12.039999961853027,12.15999984741211,11.376489639282228,533200
2019-06-14,NWS,12.119999885559082,12.239999771118164,12.050000190734863,12.210000038146973,11.42326545715332,1291800
2019-06-14,NWS,12.119999885559082,12.239999771118164,12.050000190734863,12.210000038146973,11.42326545715332,1291800
2019-06-17,NWS,12.25,12.640000343322754,12.229999542236328,12.609999656677246,11.797492980957031,974900
2019-06-17,NWS,12.25,12.640000343322754,12.229999542236328,12.609999656677246,11.797492980957031,974900
2019-06-18,NWS,12.739999771118164,13.329999923706056,12.68000030517578,13.199999809265137,12.349474906921388,1147200
2019-06-18,NWS,12.739999771118164,13.329999923706056,12.68000030517578,13.199999809265137,12.349474906921388,1147200
2019-06-19,NWS,13.25,13.770000457763672,13.25,13.720000267028809,12.83597183227539,1296000
2019-06-19,NWS,13.25,13.770000457763672,13.25,13.720000267028809,12.83597183227539,1296000
2019-06-20,NWS,13.859999656677246,13.979999542236328,13.720000267028809,13.949999809265137,13.05115032196045,1156600
2019-06-20,NWS,13.859999656677246,13.979999542236328,13.720000267028809,13.949999809265137,13.05115032196045,1156600
2019-06-21,NWS,13.920000076293944,14.06999969482422,13.739999771118164,13.920000076293944,13.023083686828612,1850200
2019-06-21,NWS,13.920000076293944,14.06999969482422,13.739999771118164,13.920000076293944,13.023083686828612,1850200
2019-06-24,NWS,13.890000343322754,13.899999618530272,13.699999809265137,13.729999542236328,12.845325469970703,779500
2019-06-24,NWS,13.890000343322754,13.899999618530272,13.699999809265137,13.729999542236328,12.845325469970703,779500
2019-06-25,NWS,13.779999732971191,13.779999732971191,13.630000114440918,13.65999984741211,12.779834747314451,527500
2019-06-25,NWS,13.779999732971191,13.779999732971191,13.630000114440918,13.65999984741211,12.779834747314451,527500
2019-06-26,NWS,13.670000076293944,13.800000190734863,13.649999618530272,13.699999809265137,12.81725788116455,612300
2019-06-26,NWS,13.670000076293944,13.800000190734863,13.649999618530272,13.699999809265137,12.81725788116455,612300
2019-06-27,NWS,13.850000381469728,13.920000076293944,13.800000190734863,13.859999656677246,12.966948509216309,598000
2019-06-27,NWS,13.850000381469728,13.920000076293944,13.800000190734863,13.859999656677246,12.966948509216309,598000
2019-06-28,NWS,13.859999656677246,14.0,13.779999732971191,13.960000038146973,13.060504913330078,1691600
2019-06-28,NWS,13.859999656677246,14.0,13.779999732971191,13.960000038146973,13.060504913330078,1691600
2019-07-01,NWS,14.170000076293944,14.220000267028809,13.84000015258789,13.989999771118164,13.08857250213623,904700
2019-07-01,NWS,14.170000076293944,14.220000267028809,13.84000015258789,13.989999771118164,13.08857250213623,904700
2019-07-02,NWS,13.970000267028809,14.079999923706056,13.81999969482422,13.90999984741211,13.013728141784668,391300
2019-07-02,NWS,13.970000267028809,14.079999923706056,13.81999969482422,13.90999984741211,13.013728141784668,391300
2019-07-03,NWS,13.949999809265137,13.960000038146973,13.829999923706056,13.899999618530272,13.00437068939209,269800
2019-07-03,NWS,13.949999809265137,13.960000038146973,13.829999923706056,13.899999618530272,13.00437068939209,269800
2019-07-05,NWS,13.869999885559082,13.989999771118164,13.779999732971191,13.90999984741211,13.013728141784668,526600
2019-07-05,NWS,13.869999885559082,13.989999771118164,13.779999732971191,13.90999984741211,13.013728141784668,526600
2019-07-08,NWS,13.829999923706056,13.949999809265137,13.68000030517578,13.710000038146973,12.826615333557127,319200
2019-07-08,NWS,13.829999923706056,13.949999809265137,13.68000030517578,13.710000038146973,12.826615333557127,319200
2019-07-09,NWS,13.68000030517578,13.770000457763672,13.630000114440918,13.699999809265137,12.81725788116455,386900
2019-07-09,NWS,13.68000030517578,13.770000457763672,13.630000114440918,13.699999809265137,12.81725788116455,386900
2019-07-10,NWS,13.739999771118164,13.800000190734863,13.65999984741211,13.6899995803833,12.807903289794922,643300
2019-07-10,NWS,13.739999771118164,13.800000190734863,13.65999984741211,13.6899995803833,12.807903289794922,643300
2019-07-11,NWS,13.710000038146973,13.75,13.600000381469728,13.640000343322754,12.761125564575195,409800
2019-07-11,NWS,13.710000038146973,13.75,13.600000381469728,13.640000343322754,12.761125564575195,409800
2019-07-12,NWS,13.6899995803833,13.75,13.600000381469728,13.729999542236328,12.845325469970703,670600
2019-07-12,NWS,13.6899995803833,13.75,13.600000381469728,13.729999542236328,12.845325469970703,670600
2019-07-15,NWS,13.739999771118164,13.760000228881836,13.630000114440918,13.75,12.864036560058594,466400
2019-07-15,NWS,13.739999771118164,13.760000228881836,13.630000114440918,13.75,12.864036560058594,466400
2019-07-16,NWS,13.779999732971191,13.90999984741211,13.770000457763672,13.880000114440918,12.985661506652832,740300
2019-07-16,NWS,13.779999732971191,13.90999984741211,13.770000457763672,13.880000114440918,12.985661506652832,740300
2019-07-17,NWS,13.869999885559082,13.979999542236328,13.460000038146973,13.529999732971191,12.658210754394531,761300
2019-07-17,NWS,13.869999885559082,13.979999542236328,13.460000038146973,13.529999732971191,12.658210754394531,761300
2019-07-18,NWS,13.550000190734863,13.6899995803833,13.5,13.65999984741211,12.779834747314451,746400
2019-07-18,NWS,13.550000190734863,13.6899995803833,13.5,13.65999984741211,12.779834747314451,746400
2019-07-19,NWS,13.539999961853027,13.619999885559082,13.369999885559082,13.510000228881836,12.63949966430664,392400
2019-07-19,NWS,13.539999961853027,13.619999885559082,13.369999885559082,13.510000228881836,12.63949966430664,392400
2019-07-22,NWS,13.489999771118164,13.609999656677246,13.460000038146973,13.59000015258789,12.714346885681152,467300
2019-07-22,NWS,13.489999771118164,13.609999656677246,13.460000038146973,13.59000015258789,12.714346885681152,467300
2019-07-23,NWS,13.670000076293944,13.729999542236328,13.5600004196167,13.65999984741211,12.779834747314451,914000
2019-07-23,NWS,13.670000076293944,13.729999542236328,13.5600004196167,13.65999984741211,12.779834747314451,914000
2019-07-24,NWS,13.619999885559082,13.880000114440918,13.550000190734863,13.829999923706056,12.938882827758787,835500
2019-07-24,NWS,13.619999885559082,13.880000114440918,13.550000190734863,13.829999923706056,12.938882827758787,835500
2019-07-25,NWS,13.84000015258789,13.84000015258789,13.600000381469728,13.65999984741211,12.779834747314451,370700
2019-07-25,NWS,13.84000015258789,13.84000015258789,13.600000381469728,13.65999984741211,12.779834747314451,370700
2019-07-26,NWS,13.65999984741211,13.729999542236328,13.609999656677246,13.699999809265137,12.81725788116455,415800
2019-07-26,NWS,13.65999984741211,13.729999542236328,13.609999656677246,13.699999809265137,12.81725788116455,415800
2019-07-29,NWS,13.65999984741211,13.779999732971191,13.529999732971191,13.649999618530272,12.770478248596191,390200
2019-07-29,NWS,13.65999984741211,13.779999732971191,13.529999732971191,13.649999618530272,12.770478248596191,390200
2019-07-30,NWS,13.56999969482422,13.6899995803833,13.529999732971191,13.68000030517578,12.798547744750977,355100
2019-07-30,NWS,13.56999969482422,13.6899995803833,13.529999732971191,13.68000030517578,12.798547744750977,355100
2019-07-31,NWS,13.640000343322754,14.06999969482422,13.399999618530272,13.460000038146973,12.592723846435549,695600
2019-07-31,NWS,13.640000343322754,14.06999969482422,13.399999618530272,13.460000038146973,12.592723846435549,695600
2019-08-01,NWS,13.420000076293944,13.579999923706056,13.3100004196167,13.34000015258789,12.480456352233888,685400
2019-08-01,NWS,13.420000076293944,13.579999923706056,13.3100004196167,13.34000015258789,12.480456352233888,685400
2019-08-02,NWS,13.260000228881836,13.31999969482422,13.149999618530272,13.300000190734863,12.443034172058104,713100
2019-08-02,NWS,13.260000228881836,13.31999969482422,13.149999618530272,13.300000190734863,12.443034172058104,713100
2019-08-05,NWS,13.100000381469728,13.270000457763672,13.010000228881836,13.09000015258789,12.246563911437988,1094800
2019-08-05,NWS,13.100000381469728,13.270000457763672,13.010000228881836,13.09000015258789,12.246563911437988,1094800
2019-08-06,NWS,13.15999984741211,13.229999542236328,13.0600004196167,13.199999809265137,12.349474906921388,515700
2019-08-06,NWS,13.15999984741211,13.229999542236328,13.0600004196167,13.199999809265137,12.349474906921388,515700
2019-08-07,NWS,13.0600004196167,13.140000343322754,12.81999969482422,13.119999885559082,12.274629592895508,699300
2019-08-07,NWS,13.0600004196167,13.140000343322754,12.81999969482422,13.119999885559082,12.274629592895508,699300
2019-08-08,NWS,13.109999656677246,13.369999885559082,13.109999656677246,13.359999656677246,12.49916648864746,1025500
2019-08-08,NWS,13.109999656677246,13.369999885559082,13.109999656677246,13.359999656677246,12.49916648864746,1025500
2019-08-09,NWS,13.520000457763672,14.119999885559082,13.31999969482422,14.06999969482422,13.163418769836426,809500
2019-08-09,NWS,13.520000457763672,14.119999885559082,13.31999969482422,14.06999969482422,13.163418769836426,809500
2019-08-12,NWS,14.149999618530272,14.579999923706056,14.130000114440918,14.399999618530272,13.472156524658203,1125200
2019-08-12,NWS,14.149999618530272,14.579999923706056,14.130000114440918,14.399999618530272,13.472156524658203,1125200
2019-08-13,NWS,14.399999618530272,14.729999542236328,14.380000114440918,14.460000038146973,13.52828884124756,892500
2019-08-13,NWS,14.399999618530272,14.729999542236328,14.380000114440918,14.460000038146973,13.52828884124756,892500
2019-08-14,NWS,14.260000228881836,14.43000030517578,13.739999771118164,13.75,12.864036560058594,795000
2019-08-14,NWS,14.260000228881836,14.43000030517578,13.739999771118164,13.75,12.864036560058594,795000
2019-08-15,NWS,13.729999542236328,14.25,13.729999542236328,13.989999771118164,13.08857250213623,769000
2019-08-15,NWS,13.729999542236328,14.25,13.729999542236328,13.989999771118164,13.08857250213623,769000
2019-08-16,NWS,14.0600004196167,14.220000267028809,13.829999923706056,14.140000343322754,13.228907585144045,464800
2019-08-16,NWS,14.0600004196167,14.220000267028809,13.829999923706056,14.140000343322754,13.228907585144045,464800
2019-08-19,NWS,14.34000015258789,14.510000228881836,14.31999969482422,14.359999656677246,13.434733390808104,315200
2019-08-19,NWS,14.34000015258789,14.510000228881836,14.31999969482422,14.359999656677246,13.434733390808104,315200
2019-08-20,NWS,14.34000015258789,14.510000228881836,14.279999732971191,14.289999961853027,13.369240760803224,420600
2019-08-20,NWS,14.34000015258789,14.510000228881836,14.279999732971191,14.289999961853027,13.369240760803224,420600
2019-08-21,NWS,14.350000381469728,14.510000228881836,14.25,14.460000038146973,13.52828884124756,273200
2019-08-21,NWS,14.350000381469728,14.510000228881836,14.25,14.460000038146973,13.52828884124756,273200
2019-08-22,NWS,14.460000038146973,14.600000381469728,14.380000114440918,14.470000267028809,13.53764533996582,409600
2019-08-22,NWS,14.460000038146973,14.600000381469728,14.380000114440918,14.470000267028809,13.53764533996582,409600
2019-08-23,NWS,14.390000343322754,14.449999809265137,13.90999984741211,13.949999809265137,13.05115032196045,716700
2019-08-23,NWS,14.390000343322754,14.449999809265137,13.90999984741211,13.949999809265137,13.05115032196045,716700
2019-08-26,NWS,14.0,14.09000015258789,13.93000030517578,14.039999961853027,13.13535213470459,410700
2019-08-26,NWS,14.0,14.09000015258789,13.93000030517578,14.039999961853027,13.13535213470459,410700
2019-08-27,NWS,14.15999984741211,14.15999984741211,13.859999656677246,13.920000076293944,13.023083686828612,512900
2019-08-27,NWS,14.15999984741211,14.15999984741211,13.859999656677246,13.920000076293944,13.023083686828612,512900
2019-08-28,NWS,13.949999809265137,14.140000343322754,13.859999656677246,14.130000114440918,13.219552993774414,435400
2019-08-28,NWS,13.949999809265137,14.140000343322754,13.859999656677246,14.130000114440918,13.219552993774414,435400
2019-08-29,NWS,14.25,14.289999961853027,14.18000030517578,14.1899995803833,13.27568817138672,246400
2019-08-29,NWS,14.25,14.289999961853027,14.18000030517578,14.1899995803833,13.27568817138672,246400
2019-08-30,NWS,14.270000457763672,14.329999923706056,14.079999923706056,14.15999984741211,13.247620582580566,318600
2019-08-30,NWS,14.270000457763672,14.329999923706056,14.079999923706056,14.15999984741211,13.247620582580566,318600
2019-09-03,NWS,14.010000228881836,14.06999969482422,13.880000114440918,13.93000030517578,13.032440185546877,373600
2019-09-03,NWS,14.010000228881836,14.06999969482422,13.880000114440918,13.93000030517578,13.032440185546877,373600
2019-09-04,NWS,14.010000228881836,14.25,14.010000228881836,14.199999809265137,13.285041809082031,396200
2019-09-04,NWS,14.010000228881836,14.25,14.010000228881836,14.199999809265137,13.285041809082031,396200
2019-09-05,NWS,14.350000381469728,14.489999771118164,14.31999969482422,14.34000015258789,13.416022300720217,370300
2019-09-05,NWS,14.350000381469728,14.489999771118164,14.31999969482422,14.34000015258789,13.416022300720217,370300
2019-09-06,NWS,14.359999656677246,14.550000190734863,14.359999656677246,14.510000228881836,13.575066566467283,369000
2019-09-06,NWS,14.359999656677246,14.550000190734863,14.359999656677246,14.510000228881836,13.575066566467283,369000
2019-09-09,NWS,14.5600004196167,14.760000228881836,14.420000076293944,14.75,13.799603462219238,421600
2019-09-09,NWS,14.5600004196167,14.760000228881836,14.420000076293944,14.75,13.799603462219238,421600
2019-09-10,NWS,14.579999923706056,14.850000381469728,14.5600004196167,14.84000015258789,13.978574752807615,394100
2019-09-10,NWS,14.579999923706056,14.850000381469728,14.5600004196167,14.84000015258789,13.978574752807615,394100
2019-09-11,NWS,14.8100004196167,14.989999771118164,14.739999771118164,14.869999885559082,14.006834030151367,363100
2019-09-11,NWS,14.8100004196167,14.989999771118164,14.739999771118164,14.869999885559082,14.006834030151367,363100
2019-09-12,NWS,14.869999885559082,15.010000228881836,14.800000190734863,14.81999969482422,13.959733963012695,636600
2019-09-12,NWS,14.869999885559082,15.010000228881836,14.800000190734863,14.81999969482422,13.959733963012695,636600
2019-09-13,NWS,14.859999656677246,14.970000267028809,14.800000190734863,14.899999618530272,14.0350923538208,342900
2019-09-13,NWS,14.859999656677246,14.970000267028809,14.800000190734863,14.899999618530272,14.0350923538208,342900
2019-09-16,NWS,14.859999656677246,14.859999656677246,14.359999656677246,14.479999542236328,13.639470100402832,470900
2019-09-16,NWS,14.859999656677246,14.859999656677246,14.359999656677246,14.479999542236328,13.639470100402832,470900
2019-09-17,NWS,14.449999809265137,14.649999618530272,14.34000015258789,14.619999885559082,13.771343231201172,426600
2019-09-17,NWS,14.449999809265137,14.649999618530272,14.34000015258789,14.619999885559082,13.771343231201172,426600
2019-09-18,NWS,14.68000030517578,14.710000038146973,14.5,14.600000381469728,13.752507209777832,525900
2019-09-18,NWS,14.68000030517578,14.710000038146973,14.5,14.600000381469728,13.752507209777832,525900
2019-09-19,NWS,14.600000381469728,14.640000343322754,14.329999923706056,14.350000381469728,13.51701831817627,449900
2019-09-19,NWS,14.600000381469728,14.640000343322754,14.329999923706056,14.350000381469728,13.51701831817627,449900
2019-09-20,NWS,14.399999618530272,14.56999969482422,14.1899995803833,14.31999969482422,13.48875904083252,1168800
2019-09-20,NWS,14.399999618530272,14.56999969482422,14.1899995803833,14.31999969482422,13.48875904083252,1168800
2019-09-23,NWS,14.369999885559082,14.479999542236328,14.1899995803833,14.390000343322754,13.554695129394531,434400
2019-09-23,NWS,14.369999885559082,14.479999542236328,14.1899995803833,14.390000343322754,13.554695129394531,434400
2019-09-24,NWS,14.399999618530272,14.40999984741211,14.039999961853027,14.260000228881836,13.432242393493652,515100
2019-09-24,NWS,14.399999618530272,14.40999984741211,14.039999961853027,14.260000228881836,13.432242393493652,515100
2019-09-25,NWS,14.210000038146973,14.460000038146973,14.18000030517578,14.369999885559082,13.535856246948242,355800
2019-09-25,NWS,14.210000038146973,14.460000038146973,14.18000030517578,14.369999885559082,13.535856246948242,355800
2019-09-26,NWS,14.359999656677246,14.359999656677246,13.989999771118164,14.229999542236328,13.403983116149902,591600
2019-09-26,NWS,14.359999656677246,14.359999656677246,13.989999771118164,14.229999542236328,13.403983116149902,591600
2019-09-27,NWS,14.3100004196167,14.34000015258789,14.09000015258789,14.170000076293944,13.347466468811035,225300
2019-09-27,NWS,14.3100004196167,14.34000015258789,14.09000015258789,14.170000076293944,13.347466468811035,225300
2019-09-30,NWS,14.220000267028809,14.43000030517578,14.210000038146973,14.300000190734863,13.46992015838623,572600
2019-09-30,NWS,14.220000267028809,14.43000030517578,14.210000038146973,14.300000190734863,13.46992015838623,572600
2019-10-01,NWS,14.350000381469728,14.470000267028809,14.210000038146973,14.25,13.422821998596191,627400
2019-10-01,NWS,14.350000381469728,14.470000267028809,14.210000038146973,14.25,13.422821998596191,627400
2019-10-02,NWS,14.109999656677246,14.18000030517578,13.93000030517578,14.0600004196167,13.243852615356444,977900
2019-10-02,NWS,14.109999656677246,14.18000030517578,13.93000030517578,14.0600004196167,13.243852615356444,977900
2019-10-03,NWS,14.119999885559082,14.18000030517578,13.779999732971191,13.970000267028809,13.159076690673828,540200
2019-10-03,NWS,14.119999885559082,14.18000030517578,13.779999732971191,13.970000267028809,13.159076690673828,540200
2019-10-04,NWS,13.989999771118164,14.149999618530272,13.970000267028809,14.119999885559082,13.300371170043944,368700
2019-10-04,NWS,13.989999771118164,14.149999618530272,13.970000267028809,14.119999885559082,13.300371170043944,368700
2019-10-07,NWS,14.0,14.119999885559082,13.9399995803833,13.9399995803833,13.130818367004396,606100
2019-10-07,NWS,14.0,14.119999885559082,13.9399995803833,13.9399995803833,13.130818367004396,606100
2019-10-08,NWS,13.850000381469728,13.899999618530272,13.1899995803833,13.199999809265137,12.433773040771484,741900
2019-10-08,NWS,13.850000381469728,13.899999618530272,13.1899995803833,13.199999809265137,12.433773040771484,741900
2019-10-09,NWS,13.239999771118164,13.390000343322754,13.130000114440918,13.359999656677246,12.584485054016112,743000
2019-10-09,NWS,13.239999771118164,13.390000343322754,13.130000114440918,13.359999656677246,12.584485054016112,743000
2019-10-10,NWS,13.300000190734863,13.529999732971191,13.300000190734863,13.470000267028809,12.688101768493652,594600
2019-10-10,NWS,13.300000190734863,13.529999732971191,13.300000190734863,13.470000267028809,12.688101768493652,594600
2019-10-11,NWS,13.630000114440918,13.84000015258789,13.470000267028809,13.760000228881836,12.961267471313477,430700
2019-10-11,NWS,13.630000114440918,13.84000015258789,13.470000267028809,13.760000228881836,12.961267471313477,430700
2019-10-14,NWS,13.65999984741211,13.8100004196167,13.65999984741211,13.800000190734863,12.998945236206056,326900
2019-10-14,NWS,13.65999984741211,13.8100004196167,13.65999984741211,13.800000190734863,12.998945236206056,326900
2019-10-15,NWS,13.859999656677246,13.859999656677246,13.109999656677246,13.640000343322754,12.84823226928711,674800
2019-10-15,NWS,13.859999656677246,13.859999656677246,13.109999656677246,13.640000343322754,12.84823226928711,674800
2019-10-16,NWS,13.619999885559082,13.899999618530272,13.619999885559082,13.869999885559082,13.06488037109375,572600
2019-10-16,NWS,13.619999885559082,13.899999618530272,13.619999885559082,13.869999885559082,13.06488037109375,572600
2019-10-17,NWS,13.9399995803833,14.0600004196167,13.770000457763672,13.90999984741211,13.102559089660645,681100
2019-10-17,NWS,13.9399995803833,14.0600004196167,13.770000457763672,13.90999984741211,13.102559089660645,681100
2019-10-18,NWS,13.84000015258789,13.989999771118164,13.710000038146973,13.789999961853027,12.989523887634276,1001800
2019-10-18,NWS,13.84000015258789,13.989999771118164,13.710000038146973,13.789999961853027,12.989523887634276,1001800
2019-10-21,NWS,13.880000114440918,14.039999961853027,13.829999923706056,14.0,13.187336921691896,480400
2019-10-21,NWS,13.880000114440918,14.039999961853027,13.829999923706056,14.0,13.187336921691896,480400
2019-10-22,NWS,14.029999732971191,14.31999969482422,14.020000457763672,14.1899995803833,13.366305351257324,1057900
2019-10-22,NWS,14.029999732971191,14.31999969482422,14.020000457763672,14.1899995803833,13.366305351257324,1057900
2019-10-23,NWS,14.18000030517578,14.279999732971191,14.06999969482422,14.25,13.422821998596191,560200
2019-10-23,NWS,14.18000030517578,14.279999732971191,14.06999969482422,14.25,13.422821998596191,560200
2019-10-24,NWS,14.359999656677246,14.56999969482422,14.09000015258789,14.229999542236328,13.403983116149902,700300
2019-10-24,NWS,14.359999656677246,14.56999969482422,14.09000015258789,14.229999542236328,13.403983116149902,700300
2019-10-25,NWS,14.279999732971191,14.279999732971191,14.119999885559082,14.210000038146973,13.38514518737793,404300
2019-10-25,NWS,14.279999732971191,14.279999732971191,14.119999885559082,14.210000038146973,13.38514518737793,404300
2019-10-28,NWS,14.199999809265137,14.390000343322754,14.199999809265137,14.300000190734863,13.46992015838623,392500
2019-10-28,NWS,14.199999809265137,14.390000343322754,14.199999809265137,14.300000190734863,13.46992015838623,392500
2019-10-29,NWS,14.239999771118164,14.420000076293944,14.220000267028809,14.329999923706056,13.498177528381348,380000
2019-10-29,NWS,14.239999771118164,14.420000076293944,14.220000267028809,14.329999923706056,13.498177528381348,380000
2019-10-30,NWS,14.3100004196167,14.329999923706056,13.93000030517578,14.020000457763672,13.206174850463867,380200
2019-10-30,NWS,14.3100004196167,14.329999923706056,13.93000030517578,14.020000457763672,13.206174850463867,380200
2019-10-31,NWS,14.050000190734863,14.130000114440918,13.81999969482422,14.119999885559082,13.300371170043944,502000
2019-10-31,NWS,14.050000190734863,14.130000114440918,13.81999969482422,14.119999885559082,13.300371170043944,502000
2019-11-01,NWS,14.130000114440918,14.239999771118164,14.0,14.18000030517578,13.356887817382812,493200
2019-11-01,NWS,14.130000114440918,14.239999771118164,14.0,14.18000030517578,13.356887817382812,493200
2019-11-04,NWS,14.239999771118164,14.350000381469728,14.140000343322754,14.229999542236328,13.403983116149902,424500
2019-11-04,NWS,14.239999771118164,14.350000381469728,14.140000343322754,14.229999542236328,13.403983116149902,424500
2019-11-05,NWS,14.270000457763672,14.3100004196167,14.149999618530272,14.1899995803833,13.366305351257324,379900
2019-11-05,NWS,14.270000457763672,14.3100004196167,14.149999618530272,14.1899995803833,13.366305351257324,379900
2019-11-06,NWS,14.170000076293944,14.170000076293944,13.84000015258789,13.979999542236328,13.168495178222656,460400
2019-11-06,NWS,14.170000076293944,14.170000076293944,13.84000015258789,13.979999542236328,13.168495178222656,460400
2019-11-07,NWS,14.020000457763672,14.229999542236328,13.710000038146973,13.789999961853027,12.989523887634276,711800
2019-11-07,NWS,14.020000457763672,14.229999542236328,13.710000038146973,13.789999961853027,12.989523887634276,711800
2019-11-08,NWS,13.3100004196167,13.90999984741211,12.970000267028809,13.229999542236328,12.462030410766602,1103200
2019-11-08,NWS,13.3100004196167,13.90999984741211,12.970000267028809,13.229999542236328,12.462030410766602,1103200
2019-11-11,NWS,13.170000076293944,13.43000030517578,13.109999656677246,13.359999656677246,12.584485054016112,1029600
2019-11-11,NWS,13.170000076293944,13.43000030517578,13.109999656677246,13.359999656677246,12.584485054016112,1029600
2019-11-12,NWS,13.31999969482422,13.380000114440918,13.149999618530272,13.3100004196167,12.53738784790039,818300
2019-11-12,NWS,13.31999969482422,13.380000114440918,13.149999618530272,13.3100004196167,12.53738784790039,818300
2019-11-13,NWS,13.279999732971191,13.460000038146973,13.199999809265137,13.3100004196167,12.53738784790039,782700
2019-11-13,NWS,13.279999732971191,13.460000038146973,13.199999809265137,13.3100004196167,12.53738784790039,782700
2019-11-14,NWS,13.25,13.3100004196167,13.010000228881836,13.199999809265137,12.433773040771484,885900
2019-11-14,NWS,13.25,13.3100004196167,13.010000228881836,13.199999809265137,12.433773040771484,885900
2019-11-15,NWS,13.279999732971191,13.329999923706056,13.149999618530272,13.31999969482422,12.54680633544922,780400
2019-11-15,NWS,13.279999732971191,13.329999923706056,13.149999618530272,13.31999969482422,12.54680633544922,780400
2019-11-18,NWS,13.34000015258789,13.399999618530272,13.239999771118164,13.260000228881836,12.490290641784668,563800
2019-11-18,NWS,13.34000015258789,13.399999618530272,13.239999771118164,13.260000228881836,12.490290641784668,563800
2019-11-19,NWS,13.279999732971191,13.300000190734863,13.18000030517578,13.270000457763672,12.499709129333496,414400
2019-11-19,NWS,13.279999732971191,13.300000190734863,13.18000030517578,13.270000457763672,12.499709129333496,414400
2019-11-20,NWS,13.220000267028809,13.220000267028809,13.050000190734863,13.140000343322754,12.377257347106934,627300
2019-11-20,NWS,13.220000267028809,13.220000267028809,13.050000190734863,13.140000343322754,12.377257347106934,627300
2019-11-21,NWS,13.130000114440918,13.149999618530272,12.869999885559082,12.899999618530272,12.1511869430542,596900
2019-11-21,NWS,13.130000114440918,13.149999618530272,12.869999885559082,12.899999618530272,12.1511869430542,596900
2019-11-22,NWS,12.920000076293944,13.020000457763672,12.890000343322754,12.979999542236328,12.226542472839355,762500
2019-11-22,NWS,12.920000076293944,13.020000457763672,12.890000343322754,12.979999542236328,12.226542472839355,762500
2019-11-25,NWS,13.029999732971191,13.170000076293944,12.979999542236328,13.170000076293944,12.40551471710205,667000
2019-11-25,NWS,13.029999732971191,13.170000076293944,12.979999542236328,13.170000076293944,12.40551471710205,667000
2019-11-26,NWS,13.210000038146973,13.399999618530272,13.140000343322754,13.31999969482422,12.54680633544922,453200
2019-11-26,NWS,13.210000038146973,13.399999618530272,13.140000343322754,13.31999969482422,12.54680633544922,453200
2019-11-27,NWS,13.449999809265137,13.550000190734863,13.350000381469728,13.380000114440918,12.60332489013672,548200
2019-11-27,NWS,13.449999809265137,13.550000190734863,13.350000381469728,13.380000114440918,12.60332489013672,548200
2019-11-29,NWS,13.3100004196167,13.399999618530272,13.050000190734863,13.170000076293944,12.40551471710205,528900
2019-11-29,NWS,13.3100004196167,13.399999618530272,13.050000190734863,13.170000076293944,12.40551471710205,528900
2019-12-02,NWS,13.079999923706056,13.260000228881836,12.989999771118164,13.170000076293944,12.40551471710205,779000
2019-12-02,NWS,13.079999923706056,13.260000228881836,12.989999771118164,13.170000076293944,12.40551471710205,779000
2019-12-03,NWS,13.100000381469728,13.100000381469728,12.81999969482422,12.90999984741211,12.160605430603027,491400
2019-12-03,NWS,13.100000381469728,13.100000381469728,12.81999969482422,12.90999984741211,12.160605430603027,491400
2019-12-04,NWS,12.93000030517578,13.130000114440918,12.90999984741211,13.06999969482422,12.311318397521973,581300
2019-12-04,NWS,12.93000030517578,13.130000114440918,12.90999984741211,13.06999969482422,12.311318397521973,581300
2019-12-05,NWS,13.09000015258789,13.3100004196167,13.079999923706056,13.279999732971191,12.50912857055664,580200
2019-12-05,NWS,13.09000015258789,13.3100004196167,13.079999923706056,13.279999732971191,12.50912857055664,580200
2019-12-06,NWS,13.329999923706056,13.539999961853027,13.289999961853027,13.479999542236328,12.697519302368164,578600
2019-12-06,NWS,13.329999923706056,13.539999961853027,13.289999961853027,13.479999542236328,12.697519302368164,578600
2019-12-09,NWS,13.449999809265137,13.630000114440918,13.420000076293944,13.489999771118164,12.706937789916992,661700
2019-12-09,NWS,13.449999809265137,13.630000114440918,13.420000076293944,13.489999771118164,12.706937789916992,661700
2019-12-10,NWS,13.479999542236328,13.56999969482422,13.390000343322754,13.449999809265137,12.669261932373049,646500
2019-12-10,NWS,13.479999542236328,13.56999969482422,13.390000343322754,13.449999809265137,12.669261932373049,646500
2019-12-11,NWS,13.5,13.630000114440918,13.399999618530272,13.539999961853027,12.754036903381348,539200
2019-12-11,NWS,13.5,13.630000114440918,13.399999618530272,13.539999961853027,12.754036903381348,539200
2019-12-12,NWS,13.59000015258789,14.050000190734863,13.59000015258789,14.029999732971191,13.215593338012695,605800
2019-12-12,NWS,13.59000015258789,14.050000190734863,13.59000015258789,14.029999732971191,13.215593338012695,605800
2019-12-13,NWS,14.0600004196167,14.06999969482422,13.829999923706056,13.90999984741211,13.102559089660645,772700
2019-12-13,NWS,14.0600004196167,14.06999969482422,13.829999923706056,13.90999984741211,13.102559089660645,772700
2019-12-16,NWS,14.0,14.260000228881836,14.0,14.09000015258789,13.27211093902588,683200
2019-12-16,NWS,14.0,14.260000228881836,14.0,14.09000015258789,13.27211093902588,683200
2019-12-17,NWS,14.170000076293944,14.220000267028809,14.010000228881836,14.15999984741211,13.338047981262209,583600
2019-12-17,NWS,14.170000076293944,14.220000267028809,14.010000228881836,14.15999984741211,13.338047981262209,583600
2019-12-18,NWS,14.229999542236328,14.460000038146973,14.130000114440918,14.380000114440918,13.54527759552002,672300
2019-12-18,NWS,14.229999542236328,14.460000038146973,14.130000114440918,14.380000114440918,13.54527759552002,672300
2019-12-19,NWS,14.350000381469728,14.40999984741211,14.220000267028809,14.3100004196167,13.479340553283691,629700
2019-12-19,NWS,14.350000381469728,14.40999984741211,14.220000267028809,14.3100004196167,13.479340553283691,629700
2019-12-20,NWS,14.609999656677246,14.609999656677246,14.140000343322754,14.3100004196167,13.479340553283691,1771100
2019-12-20,NWS,14.609999656677246,14.609999656677246,14.140000343322754,14.3100004196167,13.479340553283691,1771100
2019-12-23,NWS,14.260000228881836,14.359999656677246,14.25,14.3100004196167,13.479340553283691,404200
2019-12-23,NWS,14.260000228881836,14.359999656677246,14.25,14.3100004196167,13.479340553283691,404200
2019-12-24,NWS,14.279999732971191,14.34000015258789,14.270000457763672,14.289999961853027,13.460500717163086,112200
2019-12-24,NWS,14.279999732971191,14.34000015258789,14.270000457763672,14.289999961853027,13.460500717163086,112200
2019-12-26,NWS,14.359999656677246,14.539999961853027,14.34000015258789,14.529999732971191,13.686568260192873,749300
2019-12-26,NWS,14.359999656677246,14.539999961853027,14.34000015258789,14.529999732971191,13.686568260192873,749300
2019-12-27,NWS,14.600000381469728,14.600000381469728,14.460000038146973,14.470000267028809,13.630054473876951,408700
2019-12-27,NWS,14.600000381469728,14.600000381469728,14.460000038146973,14.470000267028809,13.630054473876951,408700
2019-12-30,NWS,14.420000076293944,14.5,14.40999984741211,14.460000038146973,13.62063217163086,344800
2019-12-30,NWS,14.420000076293944,14.5,14.40999984741211,14.460000038146973,13.62063217163086,344800
2019-12-31,NWS,14.479999542236328,14.510000228881836,14.329999923706056,14.510000228881836,13.667730331420898,327700
2019-12-31,NWS,14.479999542236328,14.510000228881836,14.329999923706056,14.510000228881836,13.667730331420898,327700
2020-01-02,NWS,14.630000114440918,14.81999969482422,14.550000190734863,14.8100004196167,13.9503173828125,775400
2020-01-02,NWS,14.630000114440918,14.81999969482422,14.550000190734863,14.8100004196167,13.9503173828125,775400
2020-01-03,NWS,14.609999656677246,14.859999656677246,14.609999656677246,14.81999969482422,13.959733963012695,1037300
2020-01-03,NWS,14.609999656677246,14.859999656677246,14.609999656677246,14.81999969482422,13.959733963012695,1037300
2020-01-06,NWS,14.789999961853027,14.789999961853027,14.619999885559082,14.770000457763672,13.912638664245604,475100
2020-01-06,NWS,14.789999961853027,14.789999961853027,14.619999885559082,14.770000457763672,13.912638664245604,475100
2020-01-07,NWS,14.720000267028809,14.989999771118164,14.699999809265137,14.93000030517578,14.06335163116455,467700
2020-01-07,NWS,14.720000267028809,14.989999771118164,14.699999809265137,14.93000030517578,14.06335163116455,467700
2020-01-08,NWS,14.93000030517578,15.109999656677246,14.93000030517578,14.970000267028809,14.101028442382812,528100
2020-01-08,NWS,14.93000030517578,15.109999656677246,14.93000030517578,14.970000267028809,14.101028442382812,528100
2020-01-09,NWS,15.0,15.050000190734863,14.260000228881836,14.8100004196167,13.9503173828125,661900
2020-01-09,NWS,15.0,15.050000190734863,14.260000228881836,14.8100004196167,13.9503173828125,661900
2020-01-10,NWS,14.850000381469728,14.850000381469728,14.6899995803833,14.720000267028809,13.865540504455566,437000
2020-01-10,NWS,14.850000381469728,14.850000381469728,14.6899995803833,14.720000267028809,13.865540504455566,437000
2020-01-13,NWS,14.710000038146973,14.920000076293944,14.670000076293944,14.899999618530272,14.0350923538208,367300
2020-01-13,NWS,14.710000038146973,14.920000076293944,14.670000076293944,14.899999618530272,14.0350923538208,367300
2020-01-14,NWS,14.800000190734863,15.0600004196167,14.800000190734863,15.050000190734863,14.176385879516602,933800
2020-01-14,NWS,14.800000190734863,15.0600004196167,14.800000190734863,15.050000190734863,14.176385879516602,933800
2020-01-15,NWS,15.079999923706056,15.170000076293944,15.010000228881836,15.140000343322754,14.26115894317627,488100
2020-01-15,NWS,15.079999923706056,15.170000076293944,15.010000228881836,15.140000343322754,14.26115894317627,488100
2020-01-16,NWS,15.229999542236328,15.359999656677246,15.06999969482422,15.25,14.364774703979492,551200
2020-01-16,NWS,15.229999542236328,15.359999656677246,15.06999969482422,15.25,14.364774703979492,551200
2020-01-17,NWS,15.25,15.359999656677246,15.1899995803833,15.229999542236328,14.345935821533203,725600
2020-01-17,NWS,15.25,15.359999656677246,15.1899995803833,15.229999542236328,14.345935821533203,725600
2020-01-21,NWS,15.0600004196167,15.079999923706056,14.729999542236328,14.84000015258789,13.978574752807615,612200
2020-01-21,NWS,15.0600004196167,15.079999923706056,14.729999542236328,14.84000015258789,13.978574752807615,612200
2020-01-22,NWS,14.829999923706056,14.949999809265137,14.75,14.789999961853027,13.931476593017578,544900
2020-01-22,NWS,14.829999923706056,14.949999809265137,14.75,14.789999961853027,13.931476593017578,544900
2020-01-23,NWS,14.649999618530272,14.81999969482422,14.609999656677246,14.710000038146973,13.856121063232422,434800
2020-01-23,NWS,14.649999618530272,14.81999969482422,14.609999656677246,14.710000038146973,13.856121063232422,434800
2020-01-24,NWS,14.6899995803833,14.6899995803833,14.34000015258789,14.350000381469728,13.51701831817627,899600
2020-01-24,NWS,14.6899995803833,14.6899995803833,14.34000015258789,14.350000381469728,13.51701831817627,899600
2020-01-27,NWS,14.18000030517578,14.289999961853027,14.050000190734863,14.100000381469728,13.281529426574709,639000
2020-01-27,NWS,14.18000030517578,14.289999961853027,14.050000190734863,14.100000381469728,13.281529426574709,639000
2020-01-28,NWS,14.149999618530272,14.210000038146973,13.920000076293944,13.920000076293944,13.111979484558104,826300
2020-01-28,NWS,14.149999618530272,14.210000038146973,13.920000076293944,13.920000076293944,13.111979484558104,826300
2020-01-29,NWS,13.90999984741211,14.06999969482422,13.720000267028809,13.789999961853027,12.989523887634276,583200
2020-01-29,NWS,13.90999984741211,14.06999969482422,13.720000267028809,13.789999961853027,12.989523887634276,583200
2020-01-30,NWS,13.75,14.029999732971191,13.609999656677246,14.010000228881836,13.196752548217772,757100
2020-01-30,NWS,13.75,14.029999732971191,13.609999656677246,14.010000228881836,13.196752548217772,757100
2020-01-31,NWS,13.979999542236328,14.0600004196167,13.869999885559082,13.970000267028809,13.159076690673828,616100
2020-01-31,NWS,13.979999542236328,14.0600004196167,13.869999885559082,13.970000267028809,13.159076690673828,616100
2020-02-03,NWS,14.06999969482422,14.15999984741211,13.970000267028809,14.020000457763672,13.206174850463867,732700
2020-02-03,NWS,14.06999969482422,14.15999984741211,13.970000267028809,14.020000457763672,13.206174850463867,732700
2020-02-04,NWS,14.210000038146973,14.220000267028809,14.0,14.149999618530272,13.328627586364746,531400
2020-02-04,NWS,14.210000038146973,14.220000267028809,14.0,14.149999618530272,13.328627586364746,531400
2020-02-05,NWS,14.329999923706056,14.489999771118164,14.1899995803833,14.399999618530272,13.564115524291992,790700
2020-02-05,NWS,14.329999923706056,14.489999771118164,14.1899995803833,14.399999618530272,13.564115524291992,790700
2020-02-06,NWS,14.550000190734863,14.81999969482422,14.4399995803833,14.739999771118164,13.884379386901855,1311400
2020-02-06,NWS,14.550000190734863,14.81999969482422,14.4399995803833,14.739999771118164,13.884379386901855,1311400
2020-02-07,NWS,14.399999618530272,14.550000190734863,13.880000114440918,14.4399995803833,13.60179328918457,756400
2020-02-07,NWS,14.399999618530272,14.550000190734863,13.880000114440918,14.4399995803833,13.60179328918457,756400
2020-02-10,NWS,14.359999656677246,14.399999618530272,13.9399995803833,14.079999923706056,13.262691497802734,947500
2020-02-10,NWS,14.359999656677246,14.399999618530272,13.9399995803833,14.079999923706056,13.262691497802734,947500
2020-02-11,NWS,14.25,14.5,14.130000114440918,14.479999542236328,13.639470100402832,453600
2020-02-11,NWS,14.25,14.5,14.130000114440918,14.479999542236328,13.639470100402832,453600
2020-02-12,NWS,14.539999961853027,14.869999885559082,14.510000228881836,14.800000190734863,13.940896034240724,572200
2020-02-12,NWS,14.539999961853027,14.869999885559082,14.510000228881836,14.800000190734863,13.940896034240724,572200
2020-02-13,NWS,14.75,14.829999923706056,14.65999984741211,14.8100004196167,13.9503173828125,488000
2020-02-13,NWS,14.75,14.829999923706056,14.65999984741211,14.8100004196167,13.9503173828125,488000
2020-02-14,NWS,14.800000190734863,15.020000457763672,14.739999771118164,14.979999542236328,14.110448837280272,440400
2020-02-14,NWS,14.800000190734863,15.020000457763672,14.739999771118164,14.979999542236328,14.110448837280272,440400
2020-02-18,NWS,14.920000076293944,14.989999771118164,14.859999656677246,14.920000076293944,14.053930282592772,333600
2020-02-18,NWS,14.920000076293944,14.989999771118164,14.859999656677246,14.920000076293944,14.053930282592772,333600
2020-02-19,NWS,14.920000076293944,15.220000267028809,14.890000343322754,15.050000190734863,14.176385879516602,512900
2020-02-19,NWS,14.920000076293944,15.220000267028809,14.890000343322754,15.050000190734863,14.176385879516602,512900
2020-02-20,NWS,15.06999969482422,15.100000381469728,14.81999969482422,14.979999542236328,14.110448837280272,826300
2020-02-20,NWS,15.06999969482422,15.100000381469728,14.81999969482422,14.979999542236328,14.110448837280272,826300
2020-02-21,NWS,14.920000076293944,14.93000030517578,14.75,14.789999961853027,13.931476593017578,501500
2020-02-21,NWS,14.920000076293944,14.93000030517578,14.75,14.789999961853027,13.931476593017578,501500
2020-02-24,NWS,14.479999542236328,14.520000457763672,14.029999732971191,14.029999732971191,13.215593338012695,819500
2020-02-24,NWS,14.479999542236328,14.520000457763672,14.029999732971191,14.029999732971191,13.215593338012695,819500
2020-02-25,NWS,14.079999923706056,14.109999656677246,13.199999809265137,13.239999771118164,12.471449851989746,983500
2020-02-25,NWS,14.079999923706056,14.109999656677246,13.199999809265137,13.239999771118164,12.471449851989746,983500
2020-02-26,NWS,13.369999885559082,13.369999885559082,12.59000015258789,12.729999542236328,11.991056442260742,723200
2020-02-26,NWS,13.369999885559082,13.369999885559082,12.59000015258789,12.729999542236328,11.991056442260742,723200
2020-02-27,NWS,12.449999809265137,12.739999771118164,12.09000015258789,12.279999732971191,11.567176818847656,1348800
2020-02-27,NWS,12.449999809265137,12.739999771118164,12.09000015258789,12.279999732971191,11.567176818847656,1348800
2020-02-28,NWS,11.869999885559082,12.59000015258789,11.869999885559082,12.4399995803833,11.717887878417969,2573700
2020-02-28,NWS,11.869999885559082,12.59000015258789,11.869999885559082,12.4399995803833,11.717887878417969,2573700
2020-03-02,NWS,12.489999771118164,12.68000030517578,12.09000015258789,12.65999984741211,11.92511749267578,1875900
2020-03-02,NWS,12.489999771118164,12.68000030517578,12.09000015258789,12.65999984741211,11.92511749267578,1875900
2020-03-03,NWS,12.5,13.0,12.029999732971191,12.09000015258789,11.38820457458496,1821900
2020-03-03,NWS,12.5,13.0,12.029999732971191,12.09000015258789,11.38820457458496,1821900
2020-03-04,NWS,12.149999618530272,12.1899995803833,11.789999961853027,12.100000381469728,11.397626876831056,1166600
2020-03-04,NWS,12.149999618530272,12.1899995803833,11.789999961853027,12.100000381469728,11.397626876831056,1166600
2020-03-05,NWS,11.770000457763672,11.779999732971191,11.260000228881836,11.329999923706056,10.672321319580078,844600
2020-03-05,NWS,11.770000457763672,11.779999732971191,11.260000228881836,11.329999923706056,10.672321319580078,844600
2020-03-06,NWS,11.119999885559082,11.380000114440918,10.899999618530272,11.260000228881836,10.606386184692385,1633200
2020-03-06,NWS,11.119999885559082,11.380000114440918,10.899999618530272,11.260000228881836,10.606386184692385,1633200
2020-03-09,NWS,10.739999771118164,10.850000381469728,10.34000015258789,10.489999771118164,9.881080627441406,1615500
2020-03-09,NWS,10.739999771118164,10.850000381469728,10.34000015258789,10.489999771118164,9.881080627441406,1615500
2020-03-10,NWS,10.699999809265137,11.100000381469728,10.329999923706056,11.0600004196167,10.518263816833496,1452600
2020-03-10,NWS,10.699999809265137,11.100000381469728,10.329999923706056,11.0600004196167,10.518263816833496,1452600
2020-03-11,NWS,10.699999809265137,10.779999732971191,10.239999771118164,10.350000381469728,9.84304141998291,2166400
2020-03-11,NWS,10.699999809265137,10.779999732971191,10.239999771118164,10.350000381469728,9.84304141998291,2166400
2020-03-12,NWS,9.6899995803833,10.109999656677246,9.380000114440918,9.420000076293944,8.95859432220459,3021400
2020-03-12,NWS,9.6899995803833,10.109999656677246,9.380000114440918,9.420000076293944,8.95859432220459,3021400
2020-03-13,NWS,9.880000114440918,10.619999885559082,9.68000030517578,10.609999656677246,10.090303421020508,2137300
2020-03-13,NWS,9.880000114440918,10.619999885559082,9.68000030517578,10.609999656677246,10.090303421020508,2137300
2020-03-16,NWS,9.489999771118164,10.329999923706056,9.229999542236328,10.279999732971191,9.77646827697754,1339700
2020-03-16,NWS,9.489999771118164,10.329999923706056,9.229999542236328,10.279999732971191,9.77646827697754,1339700
2020-03-17,NWS,10.229999542236328,11.489999771118164,9.970000267028809,10.720000267028809,10.194918632507324,2497600
2020-03-17,NWS,10.229999542236328,11.489999771118164,9.970000267028809,10.720000267028809,10.194918632507324,2497600
2020-03-18,NWS,10.020000457763672,10.119999885559082,8.779999732971191,9.15999984741211,8.71132755279541,2004400
2020-03-18,NWS,10.020000457763672,10.119999885559082,8.779999732971191,9.15999984741211,8.71132755279541,2004400
2020-03-19,NWS,9.010000228881836,9.670000076293944,8.8100004196167,9.31999969482422,8.863490104675293,1015400
2020-03-19,NWS,9.010000228881836,9.670000076293944,8.8100004196167,9.31999969482422,8.863490104675293,1015400
2020-03-20,NWS,9.270000457763672,9.300000190734863,8.550000190734863,8.710000038146973,8.283370971679688,2137900
2020-03-20,NWS,9.270000457763672,9.300000190734863,8.550000190734863,8.710000038146973,8.283370971679688,2137900
2020-03-23,NWS,8.65999984741211,8.819999694824219,7.920000076293945,8.140000343322754,7.74129056930542,2210200
2020-03-23,NWS,8.65999984741211,8.819999694824219,7.920000076293945,8.140000343322754,7.74129056930542,2210200
2020-03-24,NWS,8.4399995803833,8.65999984741211,8.199999809265137,8.649999618530273,8.226308822631836,1598500
2020-03-24,NWS,8.4399995803833,8.65999984741211,8.199999809265137,8.649999618530273,8.226308822631836,1598500
2020-03-25,NWS,8.550000190734863,9.199999809265137,8.09000015258789,8.609999656677246,8.18826675415039,1540700
2020-03-25,NWS,8.550000190734863,9.199999809265137,8.09000015258789,8.609999656677246,8.18826675415039,1540700
2020-03-26,NWS,8.65999984741211,9.300000190734863,8.65999984741211,9.15999984741211,8.71132755279541,1214300
2020-03-26,NWS,8.65999984741211,9.300000190734863,8.65999984741211,9.15999984741211,8.71132755279541,1214300
2020-03-27,NWS,8.850000381469727,8.899999618530273,8.380000114440918,8.420000076293945,8.007575988769531,1206200
2020-03-27,NWS,8.850000381469727,8.899999618530273,8.380000114440918,8.420000076293945,8.007575988769531,1206200
2020-03-30,NWS,8.420000076293945,8.920000076293945,8.1899995803833,8.859999656677246,8.426023483276367,1490800
2020-03-30,NWS,8.420000076293945,8.920000076293945,8.1899995803833,8.859999656677246,8.426023483276367,1490800
2020-03-31,NWS,8.949999809265137,9.350000381469728,8.779999732971191,8.989999771118164,8.549654960632324,1125600
2020-03-31,NWS,8.949999809265137,9.350000381469728,8.779999732971191,8.989999771118164,8.549654960632324,1125600
2020-04-01,NWS,8.600000381469727,9.020000457763672,8.449999809265137,8.59000015258789,8.1692476272583,1020700
2020-04-01,NWS,8.600000381469727,9.020000457763672,8.449999809265137,8.59000015258789,8.1692476272583,1020700
2020-04-02,NWS,8.470000267028809,8.600000381469727,7.880000114440918,8.170000076293945,7.769819259643555,1328500
2020-04-02,NWS,8.470000267028809,8.600000381469727,7.880000114440918,8.170000076293945,7.769819259643555,1328500
2020-04-03,NWS,8.180000305175781,8.3100004196167,8.050000190734863,8.239999771118164,7.836391448974609,1001100
2020-04-03,NWS,8.180000305175781,8.3100004196167,8.050000190734863,8.239999771118164,7.836391448974609,1001100
2020-04-06,NWS,8.569999694824219,9.039999961853027,8.569999694824219,8.979999542236328,8.540144920349121,730300
2020-04-06,NWS,8.569999694824219,9.039999961853027,8.569999694824219,8.979999542236328,8.540144920349121,730300
2020-04-07,NWS,9.380000114440918,9.630000114440918,8.970000267028809,9.0,8.559165954589844,1012900
2020-04-07,NWS,9.380000114440918,9.630000114440918,8.970000267028809,9.0,8.559165954589844,1012900
2020-04-08,NWS,9.09000015258789,9.220000267028809,8.850000381469727,9.140000343322754,8.692307472229004,570600
2020-04-08,NWS,9.09000015258789,9.220000267028809,8.850000381469727,9.140000343322754,8.692307472229004,570600
2020-04-09,NWS,9.329999923706056,9.729999542236328,9.220000267028809,9.6899995803833,9.21536922454834,796600
2020-04-09,NWS,9.329999923706056,9.729999542236328,9.220000267028809,9.6899995803833,9.21536922454834,796600
2020-04-13,NWS,9.65999984741211,9.729999542236328,9.380000114440918,9.579999923706056,9.110756874084473,337700
2020-04-13,NWS,9.65999984741211,9.729999542236328,9.380000114440918,9.579999923706056,9.110756874084473,337700
2020-04-14,NWS,9.75,10.18000030517578,9.420000076293944,9.670000076293944,9.196348190307615,597900
2020-04-14,NWS,9.75,10.18000030517578,9.420000076293944,9.670000076293944,9.196348190307615,597900
2020-04-15,NWS,9.329999923706056,9.329999923706056,8.930000305175781,9.119999885559082,8.67328929901123,482400
2020-04-15,NWS,9.329999923706056,9.329999923706056,8.930000305175781,9.119999885559082,8.67328929901123,482400
2020-04-16,NWS,9.140000343322754,9.149999618530272,8.619999885559082,8.699999809265137,8.273858070373535,536200
2020-04-16,NWS,9.140000343322754,9.149999618530272,8.619999885559082,8.699999809265137,8.273858070373535,536200
2020-04-17,NWS,8.859999656677246,9.229999542236328,8.859999656677246,9.170000076293944,8.720841407775879,864400
2020-04-17,NWS,8.859999656677246,9.229999542236328,8.859999656677246,9.170000076293944,8.720841407775879,864400
2020-04-20,NWS,8.949999809265137,9.109999656677246,8.859999656677246,9.020000457763672,8.57818603515625,481600
2020-04-20,NWS,8.949999809265137,9.109999656677246,8.859999656677246,9.020000457763672,8.57818603515625,481600
2020-04-21,NWS,8.800000190734863,8.800000190734863,8.550000190734863,8.619999885559082,8.197779655456543,388300
2020-04-21,NWS,8.800000190734863,8.800000190734863,8.550000190734863,8.619999885559082,8.197779655456543,388300
2020-04-22,NWS,8.779999732971191,8.779999732971191,8.630000114440918,8.649999618530273,8.226308822631836,268600
2020-04-22,NWS,8.779999732971191,8.779999732971191,8.630000114440918,8.649999618530273,8.226308822631836,268600
2020-04-23,NWS,8.699999809265137,9.039999961853027,8.649999618530273,8.819999694824219,8.387981414794922,426300
2020-04-23,NWS,8.699999809265137,9.039999961853027,8.649999618530273,8.819999694824219,8.387981414794922,426300
2020-04-24,NWS,8.880000114440918,9.100000381469728,8.829999923706055,8.989999771118164,8.549654960632324,663000
2020-04-24,NWS,8.880000114440918,9.100000381469728,8.829999923706055,8.989999771118164,8.549654960632324,663000
2020-04-27,NWS,9.170000076293944,9.710000038146973,9.170000076293944,9.600000381469728,9.129777908325195,432200
2020-04-27,NWS,9.170000076293944,9.710000038146973,9.170000076293944,9.600000381469728,9.129777908325195,432200
2020-04-28,NWS,9.8100004196167,10.06999969482422,9.729999542236328,9.90999984741211,9.424592971801758,559800
2020-04-28,NWS,9.8100004196167,10.06999969482422,9.729999542236328,9.90999984741211,9.424592971801758,559800
2020-04-29,NWS,10.199999809265137,10.8100004196167,10.199999809265137,10.8100004196167,10.280509948730469,1133900
2020-04-29,NWS,10.199999809265137,10.8100004196167,10.199999809265137,10.8100004196167,10.280509948730469,1133900
2020-04-30,NWS,10.609999656677246,10.609999656677246,10.119999885559082,10.220000267028809,9.719409942626951,553800
2020-04-30,NWS,10.609999656677246,10.609999656677246,10.119999885559082,10.220000267028809,9.719409942626951,553800
2020-05-01,NWS,10.029999732971191,10.079999923706056,9.65999984741211,9.699999809265137,9.224879264831545,375400
2020-05-01,NWS,10.029999732971191,10.079999923706056,9.65999984741211,9.699999809265137,9.224879264831545,375400
2020-05-04,NWS,9.600000381469728,9.9399995803833,9.479999542236328,9.90999984741211,9.424592971801758,519500
2020-05-04,NWS,9.600000381469728,9.9399995803833,9.479999542236328,9.90999984741211,9.424592971801758,519500
2020-05-05,NWS,10.020000457763672,10.289999961853027,9.789999961853027,9.8100004196167,9.329492568969728,742900
2020-05-05,NWS,10.020000457763672,10.289999961853027,9.789999961853027,9.8100004196167,9.329492568969728,742900
2020-05-06,NWS,9.850000381469728,10.109999656677246,9.800000190734863,9.989999771118164,9.500673294067385,597700
2020-05-06,NWS,9.850000381469728,10.109999656677246,9.800000190734863,9.989999771118164,9.500673294067385,597700
2020-05-07,NWS,9.90999984741211,10.109999656677246,9.739999771118164,9.93000030517578,9.443613052368164,591800
2020-05-07,NWS,9.90999984741211,10.109999656677246,9.739999771118164,9.93000030517578,9.443613052368164,591800
2020-05-08,NWS,10.260000228881836,11.390000343322754,10.260000228881836,11.25,10.698959350585938,642800
2020-05-08,NWS,10.260000228881836,11.390000343322754,10.260000228881836,11.25,10.698959350585938,642800
2020-05-11,NWS,11.039999961853027,11.149999618530272,10.850000381469728,10.979999542236328,10.442181587219238,472100
2020-05-11,NWS,11.039999961853027,11.149999618530272,10.850000381469728,10.979999542236328,10.442181587219238,472100
2020-05-12,NWS,11.020000457763672,11.100000381469728,10.789999961853027,10.800000190734863,10.270997047424316,904700
2020-05-12,NWS,11.020000457763672,11.100000381469728,10.789999961853027,10.800000190734863,10.270997047424316,904700
2020-05-13,NWS,10.600000381469728,10.949999809265137,10.550000190734863,10.93000030517578,10.39463233947754,760600
2020-05-13,NWS,10.600000381469728,10.949999809265137,10.550000190734863,10.93000030517578,10.39463233947754,760600
2020-05-14,NWS,10.649999618530272,11.010000228881836,10.3100004196167,11.0,10.461201667785645,649500
2020-05-14,NWS,10.649999618530272,11.010000228881836,10.3100004196167,11.0,10.461201667785645,649500
2020-05-15,NWS,10.920000076293944,11.109999656677246,10.779999732971191,11.010000228881836,10.470714569091797,804500
2020-05-15,NWS,10.920000076293944,11.109999656677246,10.779999732971191,11.010000228881836,10.470714569091797,804500
2020-05-18,NWS,11.489999771118164,11.640000343322754,11.1899995803833,11.279999732971191,10.727486610412598,962100
2020-05-18,NWS,11.489999771118164,11.640000343322754,11.1899995803833,11.279999732971191,10.727486610412598,962100
2020-05-19,NWS,11.25,11.520000457763672,11.149999618530272,11.279999732971191,10.727486610412598,392300
2020-05-19,NWS,11.25,11.520000457763672,11.149999618530272,11.279999732971191,10.727486610412598,392300
2020-05-20,NWS,11.359999656677246,11.6899995803833,11.359999656677246,11.649999618530272,11.079363822937012,396900
2020-05-20,NWS,11.359999656677246,11.6899995803833,11.359999656677246,11.649999618530272,11.079363822937012,396900
2020-05-21,NWS,11.600000381469728,11.670000076293944,11.390000343322754,11.550000190734863,10.98426342010498,391000
2020-05-21,NWS,11.600000381469728,11.670000076293944,11.390000343322754,11.550000190734863,10.98426342010498,391000
2020-05-22,NWS,11.579999923706056,11.68000030517578,11.529999732971191,11.630000114440918,11.060343742370604,249800
2020-05-22,NWS,11.579999923706056,11.68000030517578,11.529999732971191,11.630000114440918,11.060343742370604,249800
2020-05-26,NWS,12.050000190734863,12.119999885559082,11.880000114440918,12.0,11.41222095489502,299600
2020-05-26,NWS,12.050000190734863,12.119999885559082,11.880000114440918,12.0,11.41222095489502,299600
2020-05-27,NWS,12.170000076293944,12.300000190734863,11.979999542236328,12.300000190734863,11.697527885437012,415400
2020-05-27,NWS,12.170000076293944,12.300000190734863,11.979999542236328,12.300000190734863,11.697527885437012,415400
2020-05-28,NWS,12.34000015258789,12.34000015258789,11.960000038146973,12.020000457763672,11.431241989135742,575700
2020-05-28,NWS,12.34000015258789,12.34000015258789,11.960000038146973,12.020000457763672,11.431241989135742,575700
2020-05-29,NWS,11.979999542236328,12.3100004196167,11.960000038146973,12.260000228881836,11.659483909606934,894200
2020-05-29,NWS,11.979999542236328,12.3100004196167,11.960000038146973,12.260000228881836,11.659483909606934,894200
2020-06-01,NWS,12.270000457763672,12.470000267028809,12.1899995803833,12.239999771118164,11.640466690063477,490100
2020-06-01,NWS,12.270000457763672,12.470000267028809,12.1899995803833,12.239999771118164,11.640466690063477,490100
2020-06-02,NWS,12.390000343322754,12.399999618530272,12.170000076293944,12.31999969482422,11.716547012329102,374600
2020-06-02,NWS,12.390000343322754,12.399999618530272,12.170000076293944,12.31999969482422,11.716547012329102,374600
2020-06-03,NWS,12.5,13.020000457763672,12.4399995803833,12.970000267028809,12.334708213806152,525800
2020-06-03,NWS,12.5,13.020000457763672,12.4399995803833,12.970000267028809,12.334708213806152,525800
2020-06-04,NWS,12.859999656677246,13.020000457763672,12.739999771118164,12.84000015258789,12.211074829101562,591100
2020-06-04,NWS,12.859999656677246,13.020000457763672,12.739999771118164,12.84000015258789,12.211074829101562,591100
2020-06-05,NWS,13.399999618530272,13.460000038146973,13.0,13.039999961853027,12.401280403137209,729600
2020-06-05,NWS,13.399999618530272,13.460000038146973,13.0,13.039999961853027,12.401280403137209,729600
2020-06-08,NWS,12.989999771118164,13.510000228881836,12.989999771118164,13.420000076293944,12.762669563293455,784900
2020-06-08,NWS,12.989999771118164,13.510000228881836,12.989999771118164,13.420000076293944,12.762669563293455,784900
2020-06-09,NWS,13.270000457763672,13.270000457763672,12.869999885559082,12.920000076293944,12.287158012390137,360900
2020-06-09,NWS,13.270000457763672,13.270000457763672,12.869999885559082,12.920000076293944,12.287158012390137,360900
2020-06-10,NWS,12.920000076293944,12.920000076293944,12.4399995803833,12.4399995803833,11.830668449401855,558400
2020-06-10,NWS,12.920000076293944,12.920000076293944,12.4399995803833,12.4399995803833,11.830668449401855,558400
2020-06-11,NWS,12.079999923706056,12.170000076293944,11.40999984741211,11.4399995803833,10.879650115966797,675400
2020-06-11,NWS,12.079999923706056,12.170000076293944,11.40999984741211,11.4399995803833,10.879650115966797,675400
2020-06-12,NWS,11.93000030517578,11.949999809265137,11.489999771118164,11.75,11.174467086791992,557400
2020-06-12,NWS,11.93000030517578,11.949999809265137,11.489999771118164,11.75,11.174467086791992,557400
2020-06-15,NWS,11.390000343322754,11.920000076293944,11.329999923706056,11.84000015258789,11.26005744934082,548100
2020-06-15,NWS,11.390000343322754,11.920000076293944,11.329999923706056,11.84000015258789,11.26005744934082,548100
2020-06-16,NWS,12.239999771118164,12.3100004196167,11.81999969482422,12.119999885559082,11.52634334564209,793100
2020-06-16,NWS,12.239999771118164,12.3100004196167,11.81999969482422,12.119999885559082,11.52634334564209,793100
2020-06-17,NWS,12.289999961853027,12.449999809265137,12.09000015258789,12.380000114440918,11.773608207702637,478700
2020-06-17,NWS,12.289999961853027,12.449999809265137,12.09000015258789,12.380000114440918,11.773608207702637,478700
2020-06-18,NWS,12.31999969482422,12.31999969482422,11.850000381469728,11.979999542236328,11.393200874328612,673200
2020-06-18,NWS,12.31999969482422,12.31999969482422,11.850000381469728,11.979999542236328,11.393200874328612,673200
2020-06-19,NWS,12.170000076293944,12.239999771118164,11.75,11.880000114440918,11.29809856414795,1747900
2020-06-19,NWS,12.170000076293944,12.239999771118164,11.75,11.880000114440918,11.29809856414795,1747900
2020-06-22,NWS,11.920000076293944,12.06999969482422,11.779999732971191,11.989999771118164,11.402711868286133,277100
2020-06-22,NWS,11.920000076293944,12.06999969482422,11.779999732971191,11.989999771118164,11.402711868286133,277100
2020-06-23,NWS,12.18000030517578,12.229999542236328,12.039999961853027,12.06999969482422,11.47879123687744,301200
2020-06-23,NWS,12.18000030517578,12.229999542236328,12.039999961853027,12.06999969482422,11.47879123687744,301200
2020-06-24,NWS,11.81999969482422,11.970000267028809,11.65999984741211,11.6899995803833,11.11740493774414,423400
2020-06-24,NWS,11.81999969482422,11.970000267028809,11.65999984741211,11.6899995803833,11.11740493774414,423400
2020-06-25,NWS,11.649999618530272,11.81999969482422,11.550000190734863,11.770000457763672,11.193488121032717,570800
2020-06-25,NWS,11.649999618530272,11.81999969482422,11.550000190734863,11.770000457763672,11.193488121032717,570800
2020-06-26,NWS,11.739999771118164,11.739999771118164,11.3100004196167,11.539999961853027,10.97475242614746,857500
2020-06-26,NWS,11.739999771118164,11.739999771118164,11.3100004196167,11.539999961853027,10.97475242614746,857500
2020-06-29,NWS,11.630000114440918,11.760000228881836,11.4399995803833,11.729999542236328,11.155445098876951,221300
2020-06-29,NWS,11.630000114440918,11.760000228881836,11.4399995803833,11.729999542236328,11.155445098876951,221300
2020-06-30,NWS,11.699999809265137,11.989999771118164,11.640000343322754,11.949999809265137,11.364670753479004,384300
2020-06-30,NWS,11.699999809265137,11.989999771118164,11.640000343322754,11.949999809265137,11.364670753479004,384300
2020-07-01,NWS,11.949999809265137,12.239999771118164,11.670000076293944,12.119999885559082,11.52634334564209,575400
2020-07-01,NWS,11.949999809265137,12.239999771118164,11.670000076293944,12.119999885559082,11.52634334564209,575400
2020-07-02,NWS,12.3100004196167,12.380000114440918,12.0600004196167,12.100000381469728,11.50732421875,343200
2020-07-02,NWS,12.3100004196167,12.380000114440918,12.0600004196167,12.100000381469728,11.50732421875,343200
2020-07-06,NWS,12.359999656677246,12.399999618530272,12.109999656677246,12.210000038146973,11.611933708190918,202100
2020-07-06,NWS,12.359999656677246,12.399999618530272,12.109999656677246,12.210000038146973,11.611933708190918,202100
2020-07-07,NWS,12.119999885559082,12.1899995803833,12.010000228881836,12.029999732971191,11.440751075744627,282300
2020-07-07,NWS,12.119999885559082,12.1899995803833,12.010000228881836,12.029999732971191,11.440751075744627,282300
2020-07-08,NWS,12.029999732971191,12.029999732971191,11.75,11.880000114440918,11.29809856414795,306500
2020-07-08,NWS,12.029999732971191,12.029999732971191,11.75,11.880000114440918,11.29809856414795,306500
2020-07-09,NWS,11.869999885559082,11.890000343322754,11.600000381469728,11.729999542236328,11.155445098876951,296300
2020-07-09,NWS,11.869999885559082,11.890000343322754,11.600000381469728,11.729999542236328,11.155445098876951,296300
2020-07-10,NWS,11.729999542236328,12.010000228881836,11.729999542236328,11.979999542236328,11.393200874328612,306800
2020-07-10,NWS,11.729999542236328,12.010000228881836,11.729999542236328,11.979999542236328,11.393200874328612,306800
2020-07-13,NWS,12.079999923706056,12.229999542236328,11.890000343322754,11.960000038146973,11.37417984008789,402700
2020-07-13,NWS,12.079999923706056,12.229999542236328,11.890000343322754,11.960000038146973,11.37417984008789,402700
2020-07-14,NWS,12.029999732971191,12.399999618530272,11.81999969482422,12.380000114440918,11.773608207702637,570200
2020-07-14,NWS,12.029999732971191,12.399999618530272,11.81999969482422,12.380000114440918,11.773608207702637,570200
2020-07-15,NWS,12.65999984741211,12.75,12.520000457763672,12.720000267028809,12.096954345703123,487700
2020-07-15,NWS,12.65999984741211,12.75,12.520000457763672,12.720000267028809,12.096954345703123,487700
2020-07-16,NWS,12.59000015258789,12.890000343322754,12.59000015258789,12.789999961853027,12.16352653503418,234800
2020-07-16,NWS,12.59000015258789,12.890000343322754,12.59000015258789,12.789999961853027,12.16352653503418,234800
2020-07-17,NWS,12.850000381469728,12.890000343322754,12.68000030517578,12.800000190734863,12.173035621643066,238200
2020-07-17,NWS,12.850000381469728,12.890000343322754,12.68000030517578,12.800000190734863,12.173035621643066,238200
2020-07-20,NWS,12.720000267028809,12.81999969482422,12.630000114440918,12.729999542236328,12.106465339660645,341700
2020-07-20,NWS,12.720000267028809,12.81999969482422,12.630000114440918,12.729999542236328,12.106465339660645,341700
2020-07-21,NWS,12.789999961853027,12.880000114440918,12.649999618530272,12.760000228881836,12.134995460510254,281700
2020-07-21,NWS,12.789999961853027,12.880000114440918,12.649999618530272,12.760000228881836,12.134995460510254,281700
2020-07-22,NWS,12.829999923706056,13.010000228881836,12.770000457763672,12.850000381469728,12.220589637756348,216400
2020-07-22,NWS,12.829999923706056,13.010000228881836,12.770000457763672,12.850000381469728,12.220589637756348,216400
2020-07-23,NWS,12.84000015258789,13.020000457763672,12.710000038146973,12.729999542236328,12.106465339660645,315900
2020-07-23,NWS,12.84000015258789,13.020000457763672,12.710000038146973,12.729999542236328,12.106465339660645,315900
2020-07-24,NWS,12.739999771118164,12.890000343322754,12.670000076293944,12.710000038146973,12.087444305419922,249900
2020-07-24,NWS,12.739999771118164,12.890000343322754,12.670000076293944,12.710000038146973,12.087444305419922,249900
2020-07-27,NWS,12.6899995803833,12.920000076293944,12.68000030517578,12.90999984741211,12.277647018432615,249100
2020-07-27,NWS,12.6899995803833,12.920000076293944,12.68000030517578,12.90999984741211,12.277647018432615,249100
2020-07-28,NWS,12.779999732971191,12.8100004196167,12.670000076293944,12.729999542236328,12.106465339660645,551600
2020-07-28,NWS,12.779999732971191,12.8100004196167,12.670000076293944,12.729999542236328,12.106465339660645,551600
2020-07-29,NWS,12.779999732971191,12.970000267028809,12.75,12.859999656677246,12.230094909667969,635000
2020-07-29,NWS,12.779999732971191,12.970000267028809,12.75,12.859999656677246,12.230094909667969,635000
2020-07-30,NWS,12.699999809265137,12.960000038146973,12.630000114440918,12.920000076293944,12.287158012390137,219600
2020-07-30,NWS,12.699999809265137,12.960000038146973,12.630000114440918,12.920000076293944,12.287158012390137,219600
2020-07-31,NWS,12.970000267028809,12.970000267028809,12.609999656677246,12.760000228881836,12.134995460510254,457300
2020-07-31,NWS,12.970000267028809,12.970000267028809,12.609999656677246,12.760000228881836,12.134995460510254,457300
2020-08-03,NWS,12.789999961853027,13.029999732971191,12.68000030517578,12.979999542236328,12.344218254089355,436000
2020-08-03,NWS,12.789999961853027,13.029999732971191,12.68000030517578,12.979999542236328,12.344218254089355,436000
2020-08-04,NWS,13.0,13.390000343322754,12.970000267028809,13.380000114440918,12.724627494812012,232700
2020-08-04,NWS,13.0,13.390000343322754,12.970000267028809,13.380000114440918,12.724627494812012,232700
2020-08-05,NWS,13.390000343322754,13.479999542236328,13.199999809265137,13.3100004196167,12.658055305480955,284600
2020-08-05,NWS,13.390000343322754,13.479999542236328,13.199999809265137,13.3100004196167,12.658055305480955,284600
2020-08-06,NWS,13.229999542236328,13.579999923706056,13.229999542236328,13.5,12.838749885559082,487900
2020-08-06,NWS,13.229999542236328,13.579999923706056,13.229999542236328,13.5,12.838749885559082,487900
2020-08-07,NWS,13.479999542236328,14.31999969482422,13.119999885559082,14.31999969482422,13.61858367919922,497100
2020-08-07,NWS,13.479999542236328,14.31999969482422,13.119999885559082,14.31999969482422,13.61858367919922,497100
2020-08-10,NWS,14.68000030517578,15.020000457763672,14.5,14.949999809265137,14.21772575378418,698200
2020-08-10,NWS,14.68000030517578,15.020000457763672,14.5,14.949999809265137,14.21772575378418,698200
2020-08-11,NWS,15.0600004196167,15.350000381469728,14.890000343322754,14.9399995803833,14.20821475982666,398500
2020-08-11,NWS,15.0600004196167,15.350000381469728,14.890000343322754,14.9399995803833,14.20821475982666,398500
2020-08-12,NWS,15.109999656677246,15.470000267028809,15.109999656677246,15.260000228881836,14.51254177093506,381200
2020-08-12,NWS,15.109999656677246,15.470000267028809,15.109999656677246,15.260000228881836,14.51254177093506,381200
2020-08-13,NWS,14.90999984741211,15.5,14.90999984741211,15.43000030517578,14.674214363098145,338600
2020-08-13,NWS,14.90999984741211,15.5,14.90999984741211,15.43000030517578,14.674214363098145,338600
2020-08-14,NWS,15.470000267028809,15.550000190734863,15.3100004196167,15.43000030517578,14.674214363098145,284800
2020-08-14,NWS,15.470000267028809,15.550000190734863,15.3100004196167,15.43000030517578,14.674214363098145,284800
2020-08-17,NWS,15.380000114440918,15.460000038146973,15.15999984741211,15.1899995803833,14.445968627929688,218800
2020-08-17,NWS,15.380000114440918,15.460000038146973,15.15999984741211,15.1899995803833,14.445968627929688,218800
2020-08-18,NWS,15.130000114440918,15.369999885559082,15.079999923706056,15.289999961853027,14.541072845458984,245700
2020-08-18,NWS,15.130000114440918,15.369999885559082,15.079999923706056,15.289999961853027,14.541072845458984,245700
2020-08-19,NWS,15.34000015258789,15.5,15.229999542236328,15.25,14.503029823303224,294600
2020-08-19,NWS,15.34000015258789,15.5,15.229999542236328,15.25,14.503029823303224,294600
2020-08-20,NWS,15.140000343322754,15.31999969482422,15.039999961853027,15.1899995803833,14.445968627929688,521900
2020-08-20,NWS,15.140000343322754,15.31999969482422,15.039999961853027,15.1899995803833,14.445968627929688,521900
2020-08-21,NWS,15.1899995803833,15.1899995803833,14.5600004196167,14.630000114440918,13.913399696350098,744100
2020-08-21,NWS,15.1899995803833,15.1899995803833,14.5600004196167,14.630000114440918,13.913399696350098,744100
2020-08-24,NWS,14.6899995803833,14.859999656677246,14.6899995803833,14.850000381469728,14.122624397277832,745600
2020-08-24,NWS,14.6899995803833,14.859999656677246,14.6899995803833,14.850000381469728,14.122624397277832,745600
2020-08-25,NWS,14.989999771118164,14.989999771118164,14.829999923706056,14.960000038146973,14.227234840393066,529600
2020-08-25,NWS,14.989999771118164,14.989999771118164,14.829999923706056,14.960000038146973,14.227234840393066,529600
2020-08-26,NWS,14.90999984741211,15.119999885559082,14.90999984741211,14.979999542236328,14.246256828308104,392800
2020-08-26,NWS,14.90999984741211,15.119999885559082,14.90999984741211,14.979999542236328,14.246256828308104,392800
2020-08-27,NWS,15.029999732971191,15.109999656677246,14.880000114440918,15.020000457763672,14.284297943115234,345800
2020-08-27,NWS,15.029999732971191,15.109999656677246,14.880000114440918,15.020000457763672,14.284297943115234,345800
2020-08-28,NWS,14.949999809265137,15.239999771118164,14.90999984741211,15.239999771118164,14.493520736694336,359300
2020-08-28,NWS,14.949999809265137,15.239999771118164,14.90999984741211,15.239999771118164,14.493520736694336,359300
2020-08-31,NWS,15.170000076293944,15.350000381469728,15.06999969482422,15.06999969482422,14.33184814453125,473800
2020-08-31,NWS,15.170000076293944,15.350000381469728,15.06999969482422,15.06999969482422,14.33184814453125,473800
2020-09-01,NWS,15.010000228881836,15.210000038146973,14.890000343322754,15.100000381469728,14.360379219055176,437300
2020-09-01,NWS,15.010000228881836,15.210000038146973,14.890000343322754,15.100000381469728,14.360379219055176,437300
2020-09-02,NWS,15.170000076293944,15.260000228881836,15.0,15.199999809265137,14.455479621887209,455700
2020-09-02,NWS,15.170000076293944,15.260000228881836,15.0,15.199999809265137,14.455479621887209,455700
2020-09-03,NWS,15.239999771118164,15.369999885559082,15.029999732971191,15.15999984741211,14.417439460754396,555900
2020-09-03,NWS,15.239999771118164,15.369999885559082,15.029999732971191,15.15999984741211,14.417439460754396,555900
2020-09-04,NWS,15.3100004196167,15.3100004196167,14.640000343322754,14.93000030517578,14.198705673217772,478800
2020-09-04,NWS,15.3100004196167,15.3100004196167,14.640000343322754,14.93000030517578,14.198705673217772,478800
2020-09-08,NWS,14.850000381469728,14.850000381469728,14.579999923706056,14.609999656677246,13.894378662109377,549800
2020-09-08,NWS,14.850000381469728,14.850000381469728,14.579999923706056,14.609999656677246,13.894378662109377,549800
2020-09-09,NWS,14.760000228881836,15.1899995803833,14.630000114440918,15.149999618530272,14.407930374145508,797700
2020-09-09,NWS,14.760000228881836,15.1899995803833,14.630000114440918,15.149999618530272,14.407930374145508,797700
2020-09-10,NWS,15.1899995803833,15.229999542236328,14.8100004196167,14.859999656677246,14.13213348388672,464700
2020-09-10,NWS,15.1899995803833,15.229999542236328,14.8100004196167,14.859999656677246,14.13213348388672,464700
2020-09-11,NWS,14.920000076293944,15.15999984741211,14.859999656677246,15.050000190734863,14.312828063964844,372200
2020-09-11,NWS,14.920000076293944,15.15999984741211,14.859999656677246,15.050000190734863,14.312828063964844,372200
2020-09-14,NWS,15.140000343322754,15.3100004196167,15.100000381469728,15.199999809265137,14.455479621887209,563100
2020-09-14,NWS,15.140000343322754,15.3100004196167,15.100000381469728,15.199999809265137,14.455479621887209,563100
2020-09-15,NWS,15.1899995803833,15.260000228881836,15.130000114440918,15.229999542236328,14.579930305480955,326800
2020-09-15,NWS,15.1899995803833,15.260000228881836,15.130000114440918,15.229999542236328,14.579930305480955,326800
2020-09-16,NWS,15.300000190734863,15.300000190734863,14.960000038146973,14.979999542236328,14.340601921081545,865800
2020-09-16,NWS,15.300000190734863,15.300000190734863,14.960000038146973,14.979999542236328,14.340601921081545,865800
2020-09-17,NWS,14.850000381469728,15.15999984741211,14.770000457763672,15.15999984741211,14.51291847229004,941400
2020-09-17,NWS,14.850000381469728,15.15999984741211,14.770000457763672,15.15999984741211,14.51291847229004,941400
2020-09-18,NWS,15.050000190734863,15.699999809265137,14.960000038146973,15.479999542236328,14.819259643554688,1984200
2020-09-18,NWS,15.050000190734863,15.699999809265137,14.960000038146973,15.479999542236328,14.819259643554688,1984200
2020-09-21,NWS,15.149999618530272,15.40999984741211,14.199999809265137,14.470000267028809,13.852371215820312,961700
2020-09-21,NWS,15.149999618530272,15.40999984741211,14.199999809265137,14.470000267028809,13.852371215820312,961700
2020-09-22,NWS,14.600000381469728,14.739999771118164,14.359999656677246,14.670000076293944,14.04383373260498,761100
2020-09-22,NWS,14.600000381469728,14.739999771118164,14.359999656677246,14.670000076293944,14.04383373260498,761100
2020-09-23,NWS,14.729999542236328,14.800000190734863,14.079999923706056,14.15999984741211,13.55560302734375,627000
2020-09-23,NWS,14.729999542236328,14.800000190734863,14.079999923706056,14.15999984741211,13.55560302734375,627000
2020-09-24,NWS,14.18000030517578,14.220000267028809,13.890000343322754,13.970000267028809,13.373712539672852,499100
2020-09-24,NWS,14.18000030517578,14.220000267028809,13.890000343322754,13.970000267028809,13.373712539672852,499100
2020-09-25,NWS,13.859999656677246,14.020000457763672,13.760000228881836,13.989999771118164,13.392857551574709,366200
2020-09-25,NWS,13.859999656677246,14.020000457763672,13.760000228881836,13.989999771118164,13.392857551574709,366200
2020-09-28,NWS,14.270000457763672,14.4399995803833,14.09000015258789,14.279999732971191,13.670479774475098,467200
2020-09-28,NWS,14.270000457763672,14.4399995803833,14.09000015258789,14.279999732971191,13.670479774475098,467200
2020-09-29,NWS,14.079999923706056,14.140000343322754,13.6899995803833,13.770000457763672,13.182249069213867,294500
2020-09-29,NWS,14.079999923706056,14.140000343322754,13.6899995803833,13.770000457763672,13.182249069213867,294500
2020-09-30,NWS,13.850000381469728,14.079999923706056,13.6899995803833,13.979999542236328,13.38328456878662,680500
2020-09-30,NWS,13.850000381469728,14.079999923706056,13.6899995803833,13.979999542236328,13.38328456878662,680500
2020-10-01,NWS,13.970000267028809,14.149999618530272,13.550000190734863,14.149999618530272,13.546028137207031,421200
2020-10-01,NWS,13.970000267028809,14.149999618530272,13.550000190734863,14.149999618530272,13.546028137207031,421200
2020-10-02,NWS,13.9399995803833,14.239999771118164,13.920000076293944,14.170000076293944,13.56517505645752,351000
2020-10-02,NWS,13.9399995803833,14.239999771118164,13.920000076293944,14.170000076293944,13.56517505645752,351000
2020-10-05,NWS,14.210000038146973,14.390000343322754,14.09000015258789,14.31999969482422,13.708772659301758,475700
2020-10-05,NWS,14.210000038146973,14.390000343322754,14.09000015258789,14.31999969482422,13.708772659301758,475700
2020-10-06,NWS,14.380000114440918,14.609999656677246,14.130000114440918,14.220000267028809,13.61303997039795,586900
2020-10-06,NWS,14.380000114440918,14.609999656677246,14.130000114440918,14.220000267028809,13.61303997039795,586900
2020-10-07,NWS,14.329999923706056,14.420000076293944,14.140000343322754,14.15999984741211,13.55560302734375,352900
2020-10-07,NWS,14.329999923706056,14.420000076293944,14.140000343322754,14.15999984741211,13.55560302734375,352900
2020-10-08,NWS,14.260000228881836,14.350000381469728,13.949999809265137,14.34000015258789,13.727919578552246,497800
2020-10-08,NWS,14.260000228881836,14.350000381469728,13.949999809265137,14.34000015258789,13.727919578552246,497800
2020-10-09,NWS,14.329999923706056,14.40999984741211,14.140000343322754,14.15999984741211,13.55560302734375,398000
2020-10-09,NWS,14.329999923706056,14.40999984741211,14.140000343322754,14.15999984741211,13.55560302734375,398000
2020-10-12,NWS,14.239999771118164,14.43000030517578,14.06999969482422,14.149999618530272,13.546028137207031,379900
2020-10-12,NWS,14.239999771118164,14.43000030517578,14.06999969482422,14.149999618530272,13.546028137207031,379900
2020-10-13,NWS,14.100000381469728,14.289999961853027,13.859999656677246,14.229999542236328,13.622612953186035,503000
2020-10-13,NWS,14.100000381469728,14.289999961853027,13.859999656677246,14.229999542236328,13.622612953186035,503000
2020-10-14,NWS,14.289999961853027,14.520000457763672,14.079999923706056,14.119999885559082,13.51731014251709,488900
2020-10-14,NWS,14.289999961853027,14.520000457763672,14.079999923706056,14.119999885559082,13.51731014251709,488900
2020-10-15,NWS,14.109999656677246,14.109999656677246,13.739999771118164,13.890000343322754,13.297127723693848,342000
2020-10-15,NWS,14.109999656677246,14.109999656677246,13.739999771118164,13.890000343322754,13.297127723693848,342000
2020-10-16,NWS,14.039999961853027,14.130000114440918,13.890000343322754,13.9399995803833,13.344992637634276,285900
2020-10-16,NWS,14.039999961853027,14.130000114440918,13.890000343322754,13.9399995803833,13.344992637634276,285900
2020-10-19,NWS,14.029999732971191,14.029999732971191,13.539999961853027,13.68000030517578,13.096091270446776,306800
2020-10-19,NWS,14.029999732971191,14.029999732971191,13.539999961853027,13.68000030517578,13.096091270446776,306800
2020-10-20,NWS,13.800000190734863,13.899999618530272,13.649999618530272,13.800000190734863,13.21096897125244,305400
2020-10-20,NWS,13.800000190734863,13.899999618530272,13.649999618530272,13.800000190734863,13.21096897125244,305400
2020-10-21,NWS,13.68000030517578,13.93000030517578,13.68000030517578,13.859999656677246,13.268406867980955,226000
2020-10-21,NWS,13.68000030517578,13.93000030517578,13.68000030517578,13.859999656677246,13.268406867980955,226000
2020-10-22,NWS,13.859999656677246,13.989999771118164,13.720000267028809,13.869999885559082,13.277979850769045,253000
2020-10-22,NWS,13.859999656677246,13.989999771118164,13.720000267028809,13.869999885559082,13.277979850769045,253000
2020-10-23,NWS,13.869999885559082,13.93000030517578,13.68000030517578,13.90999984741211,13.316272735595703,259300
2020-10-23,NWS,13.869999885559082,13.93000030517578,13.68000030517578,13.90999984741211,13.316272735595703,259300
2020-10-26,NWS,13.6899995803833,13.789999961853027,13.399999618530272,13.59000015258789,13.009931564331056,280800
2020-10-26,NWS,13.6899995803833,13.789999961853027,13.399999618530272,13.59000015258789,13.009931564331056,280800
2020-10-27,NWS,13.56999969482422,13.670000076293944,13.34000015258789,13.350000381469728,12.780176162719728,279900
2020-10-27,NWS,13.56999969482422,13.670000076293944,13.34000015258789,13.350000381469728,12.780176162719728,279900
2020-10-28,NWS,13.229999542236328,13.25,12.859999656677246,12.880000114440918,12.330235481262209,463200
2020-10-28,NWS,13.229999542236328,13.25,12.859999656677246,12.880000114440918,12.330235481262209,463200
2020-10-29,NWS,12.789999961853027,13.109999656677246,12.68000030517578,12.960000038146973,12.406822204589844,374300
2020-10-29,NWS,12.789999961853027,13.109999656677246,12.68000030517578,12.960000038146973,12.406822204589844,374300
2020-10-30,NWS,12.859999656677246,13.050000190734863,12.75,13.020000457763672,12.464262008666992,349600
2020-10-30,NWS,12.859999656677246,13.050000190734863,12.75,13.020000457763672,12.464262008666992,349600
2020-11-02,NWS,13.109999656677246,13.31999969482422,12.970000267028809,13.1899995803833,12.627004623413086,514300
2020-11-02,NWS,13.109999656677246,13.31999969482422,12.970000267028809,13.1899995803833,12.627004623413086,514300
2020-11-03,NWS,13.329999923706056,13.529999732971191,13.289999961853027,13.380000114440918,12.8088960647583,483700
2020-11-03,NWS,13.329999923706056,13.529999732971191,13.289999961853027,13.380000114440918,12.8088960647583,483700
2020-11-04,NWS,13.350000381469728,13.5600004196167,13.18000030517578,13.369999885559082,12.799323081970217,454000
2020-11-04,NWS,13.350000381469728,13.5600004196167,13.18000030517578,13.369999885559082,12.799323081970217,454000
2020-11-05,NWS,13.619999885559082,14.029999732971191,13.199999809265137,13.899999618530272,13.306699752807615,417100
2020-11-05,NWS,13.619999885559082,14.029999732971191,13.199999809265137,13.899999618530272,13.306699752807615,417100
2020-11-06,NWS,15.300000190734863,15.720000267028809,14.770000457763672,15.140000343322754,14.493770599365234,819600
2020-11-06,NWS,15.300000190734863,15.720000267028809,14.770000457763672,15.140000343322754,14.493770599365234,819600
2020-11-09,NWS,16.010000228881836,16.450000762939453,15.800000190734863,15.829999923706056,15.154319763183594,1319000
2020-11-09,NWS,16.010000228881836,16.450000762939453,15.800000190734863,15.829999923706056,15.154319763183594,1319000
2020-11-10,NWS,15.970000267028809,16.56999969482422,15.90999984741211,16.479999542236328,15.776575088500977,1066800
2020-11-10,NWS,15.970000267028809,16.56999969482422,15.90999984741211,16.479999542236328,15.776575088500977,1066800
2020-11-11,NWS,16.43000030517578,17.260000228881836,16.399999618530273,17.239999771118164,16.504138946533203,688700
2020-11-11,NWS,16.43000030517578,17.260000228881836,16.399999618530273,17.239999771118164,16.504138946533203,688700
2020-11-12,NWS,17.06999969482422,17.690000534057617,16.440000534057617,16.59000015258789,15.881881713867188,510900
2020-11-12,NWS,17.06999969482422,17.690000534057617,16.440000534057617,16.59000015258789,15.881881713867188,510900
2020-11-13,NWS,16.799999237060547,17.229999542236328,16.59000015258789,17.18000030517578,16.446697235107422,422500
2020-11-13,NWS,16.799999237060547,17.229999542236328,16.59000015258789,17.18000030517578,16.446697235107422,422500
2020-11-16,NWS,17.610000610351562,17.68000030517578,17.34000015258789,17.600000381469727,16.848770141601562,403600
2020-11-16,NWS,17.610000610351562,17.68000030517578,17.34000015258789,17.600000381469727,16.848770141601562,403600
2020-11-17,NWS,17.510000228881836,17.969999313354492,17.3700008392334,17.809999465942383,17.049806594848633,603700
2020-11-17,NWS,17.510000228881836,17.969999313354492,17.3700008392334,17.809999465942383,17.049806594848633,603700
2020-11-18,NWS,17.81999969482422,18.100000381469727,17.6200008392334,17.6299991607666,16.877490997314453,327500
2020-11-18,NWS,17.81999969482422,18.100000381469727,17.6200008392334,17.6299991607666,16.877490997314453,327500
2020-11-19,NWS,17.540000915527344,17.770000457763672,17.450000762939453,17.6299991607666,16.877490997314453,393900
2020-11-19,NWS,17.540000915527344,17.770000457763672,17.450000762939453,17.6299991607666,16.877490997314453,393900
2020-11-20,NWS,17.639999389648438,17.649999618530273,17.31999969482422,17.559999465942383,16.81047821044922,420900
2020-11-20,NWS,17.639999389648438,17.649999618530273,17.31999969482422,17.559999465942383,16.81047821044922,420900
2020-11-23,NWS,17.68000030517578,18.020000457763672,17.639999389648438,17.940000534057617,17.174259185791016,276000
2020-11-23,NWS,17.68000030517578,18.020000457763672,17.639999389648438,17.940000534057617,17.174259185791016,276000
2020-11-24,NWS,17.899999618530273,18.32999992370605,17.829999923706055,18.18000030517578,17.40401840209961,418200
2020-11-24,NWS,17.899999618530273,18.32999992370605,17.829999923706055,18.18000030517578,17.40401840209961,418200
2020-11-25,NWS,18.1200008392334,18.290000915527344,17.829999923706055,18.010000228881836,17.241270065307617,395800
2020-11-25,NWS,18.1200008392334,18.290000915527344,17.829999923706055,18.010000228881836,17.241270065307617,395800
2020-11-27,NWS,18.040000915527344,18.07999992370605,17.770000457763672,17.809999465942383,17.049806594848633,228600
2020-11-27,NWS,18.040000915527344,18.07999992370605,17.770000457763672,17.809999465942383,17.049806594848633,228600
2020-11-30,NWS,17.760000228881836,18.040000915527344,17.729999542236328,17.809999465942383,17.049806594848633,931500
2020-11-30,NWS,17.760000228881836,18.040000915527344,17.729999542236328,17.809999465942383,17.049806594848633,931500
2020-12-01,NWS,18.010000228881836,18.34000015258789,17.959999084472656,18.25,17.471025466918945,605200
2020-12-01,NWS,18.010000228881836,18.34000015258789,17.959999084472656,18.25,17.471025466918945,605200
2020-12-02,NWS,18.149999618530277,18.530000686645508,17.920000076293945,18.440000534057617,17.65291404724121,381700
2020-12-02,NWS,18.149999618530277,18.530000686645508,17.920000076293945,18.440000534057617,17.65291404724121,381700
2020-12-03,NWS,18.420000076293945,18.6299991607666,18.290000915527344,18.56999969482422,17.777366638183594,482500
2020-12-03,NWS,18.420000076293945,18.6299991607666,18.290000915527344,18.56999969482422,17.777366638183594,482500
2020-12-04,NWS,18.59000015258789,18.729999542236328,18.440000534057617,18.670000076293945,17.873098373413086,298900
2020-12-04,NWS,18.59000015258789,18.729999542236328,18.440000534057617,18.670000076293945,17.873098373413086,298900
2020-12-07,NWS,18.57999992370605,18.63999938964844,18.399999618530277,18.46999931335449,17.681636810302734,438600
2020-12-07,NWS,18.57999992370605,18.63999938964844,18.399999618530277,18.46999931335449,17.681636810302734,438600
2020-12-08,NWS,18.350000381469727,18.530000686645508,18.26000022888184,18.440000534057617,17.65291404724121,435800
2020-12-08,NWS,18.350000381469727,18.530000686645508,18.26000022888184,18.440000534057617,17.65291404724121,435800
2020-12-09,NWS,18.57999992370605,18.57999992370605,18.18000030517578,18.280000686645508,17.499744415283203,322100
2020-12-09,NWS,18.57999992370605,18.57999992370605,18.18000030517578,18.280000686645508,17.499744415283203,322100
2020-12-10,NWS,18.18000030517578,18.5,18.1299991607666,18.25,17.471025466918945,695800
2020-12-10,NWS,18.18000030517578,18.5,18.1299991607666,18.25,17.471025466918945,695800
2020-12-11,NWS,18.100000381469727,18.31999969482422,17.84000015258789,17.860000610351562,17.097673416137695,273400
2020-12-11,NWS,18.100000381469727,18.31999969482422,17.84000015258789,17.860000610351562,17.097673416137695,273400
2020-12-14,NWS,18.040000915527344,18.040000915527344,17.520000457763672,17.6299991607666,16.877490997314453,637500
2020-12-14,NWS,18.040000915527344,18.040000915527344,17.520000457763672,17.6299991607666,16.877490997314453,637500
2020-12-15,NWS,17.760000228881836,18.049999237060547,17.719999313354492,18.020000457763672,17.250843048095703,776600
2020-12-15,NWS,17.760000228881836,18.049999237060547,17.719999313354492,18.020000457763672,17.250843048095703,776600
2020-12-16,NWS,17.979999542236328,18.010000228881836,17.540000915527344,17.639999389648438,16.887062072753906,453700
2020-12-16,NWS,17.979999542236328,18.010000228881836,17.540000915527344,17.639999389648438,16.887062072753906,453700
2020-12-17,NWS,17.729999542236328,17.770000457763672,17.360000610351562,17.59000015258789,16.839197158813477,1806100
2020-12-17,NWS,17.729999542236328,17.770000457763672,17.360000610351562,17.59000015258789,16.839197158813477,1806100
2020-12-18,NWS,17.479999542236328,17.549999237060547,17.18000030517578,17.290000915527344,16.552003860473633,2957500
2020-12-18,NWS,17.479999542236328,17.549999237060547,17.18000030517578,17.290000915527344,16.552003860473633,2957500
2020-12-21,NWS,17.079999923706055,17.540000915527344,17.049999237060547,17.510000228881836,16.762611389160156,1046100
2020-12-21,NWS,17.079999923706055,17.540000915527344,17.049999237060547,17.510000228881836,16.762611389160156,1046100
2020-12-22,NWS,17.5,17.700000762939453,17.329999923706055,17.520000457763672,16.772188186645508,1439500
2020-12-22,NWS,17.5,17.700000762939453,17.329999923706055,17.520000457763672,16.772188186645508,1439500
2020-12-23,NWS,17.549999237060547,17.649999618530273,17.459999084472656,17.5,16.75303840637207,2605600
2020-12-23,NWS,17.549999237060547,17.649999618530273,17.459999084472656,17.5,16.75303840637207,2605600
2020-12-24,NWS,17.6299991607666,17.780000686645508,17.549999237060547,17.68000030517578,16.92535400390625,1352100
2020-12-24,NWS,17.6299991607666,17.780000686645508,17.549999237060547,17.68000030517578,16.92535400390625,1352100
2020-12-28,NWS,17.850000381469727,18.149999618530277,17.709999084472656,18.09000015258789,17.317855834960938,425700
2020-12-28,NWS,17.850000381469727,18.149999618530277,17.709999084472656,18.09000015258789,17.317855834960938,425700
2020-12-29,NWS,18.049999237060547,18.06999969482422,17.809999465942383,17.850000381469727,17.088102340698242,506900
2020-12-29,NWS,18.049999237060547,18.06999969482422,17.809999465942383,17.850000381469727,17.088102340698242,506900
2020-12-30,NWS,17.760000228881836,18.11000061035156,17.760000228881836,17.90999984741211,17.145540237426758,411200
2020-12-30,NWS,17.760000228881836,18.11000061035156,17.760000228881836,17.90999984741211,17.145540237426758,411200
2020-12-31,NWS,17.899999618530273,17.920000076293945,17.729999542236328,17.770000457763672,17.011512756347656,558800
2020-12-31,NWS,17.899999618530273,17.920000076293945,17.729999542236328,17.770000457763672,17.011512756347656,558800
2021-01-04,NWS,17.959999084472656,18.1299991607666,17.59000015258789,17.959999084472656,17.193405151367188,1033600
2021-01-04,NWS,17.959999084472656,18.1299991607666,17.59000015258789,17.959999084472656,17.193405151367188,1033600
2021-01-05,NWS,17.979999542236328,18.190000534057617,17.829999923706055,18.059999465942383,17.28913688659668,615900
2021-01-05,NWS,17.979999542236328,18.190000534057617,17.829999923706055,18.059999465942383,17.28913688659668,615900
2021-01-06,NWS,18.200000762939453,19.1200008392334,18.1299991607666,18.809999465942383,18.007123947143555,1161000
2021-01-06,NWS,18.200000762939453,19.1200008392334,18.1299991607666,18.809999465942383,18.007123947143555,1161000
2021-01-07,NWS,18.700000762939453,18.88999938964844,18.280000686645508,18.280000686645508,17.499744415283203,723000
2021-01-07,NWS,18.700000762939453,18.88999938964844,18.280000686645508,18.280000686645508,17.499744415283203,723000
2021-01-08,NWS,18.36000061035156,18.399999618530277,17.950000762939453,18.15999984741211,17.38486671447754,803300
2021-01-08,NWS,18.36000061035156,18.399999618530277,17.950000762939453,18.15999984741211,17.38486671447754,803300
2021-01-11,NWS,18.049999237060547,18.3700008392334,17.950000762939453,18.270000457763672,17.490175247192383,650500
2021-01-11,NWS,18.049999237060547,18.3700008392334,17.950000762939453,18.270000457763672,17.490175247192383,650500
2021-01-12,NWS,18.25,18.350000381469727,17.989999771118164,18.06999969482422,17.298709869384766,585400
2021-01-12,NWS,18.25,18.350000381469727,17.989999771118164,18.06999969482422,17.298709869384766,585400
2021-01-13,NWS,17.989999771118164,18.239999771118164,17.889999389648438,17.959999084472656,17.193405151367188,624800
2021-01-13,NWS,17.989999771118164,18.239999771118164,17.889999389648438,17.959999084472656,17.193405151367188,624800
2021-01-14,NWS,18.0,18.51000022888184,18.0,18.32999992370605,17.547611236572266,659500
2021-01-14,NWS,18.0,18.51000022888184,18.0,18.32999992370605,17.547611236572266,659500
2021-01-15,NWS,18.200000762939453,18.3700008392334,18.020000457763672,18.31999969482422,17.538036346435547,821200
2021-01-15,NWS,18.200000762939453,18.3700008392334,18.020000457763672,18.31999969482422,17.538036346435547,821200
2021-01-19,NWS,18.170000076293945,18.489999771118164,18.149999618530277,18.32999992370605,17.547611236572266,1248700
2021-01-19,NWS,18.170000076293945,18.489999771118164,18.149999618530277,18.32999992370605,17.547611236572266,1248700
2021-01-20,NWS,18.399999618530277,18.700000762939453,18.38999938964844,18.6299991607666,17.834806442260742,954900
2021-01-20,NWS,18.399999618530277,18.700000762939453,18.38999938964844,18.6299991607666,17.834806442260742,954900
2021-01-21,NWS,18.59000015258789,18.93000030517578,18.520000457763672,18.739999771118164,17.940113067626953,585800
2021-01-21,NWS,18.59000015258789,18.93000030517578,18.520000457763672,18.739999771118164,17.940113067626953,585800
2021-01-22,NWS,18.6299991607666,18.690000534057617,18.21999931335449,18.239999771118164,17.461456298828125,1374400
2021-01-22,NWS,18.6299991607666,18.690000534057617,18.21999931335449,18.239999771118164,17.461456298828125,1374400
2021-01-25,NWS,18.13999938964844,18.489999771118164,17.979999542236328,18.350000381469727,17.566757202148438,1705400
2021-01-25,NWS,18.13999938964844,18.489999771118164,17.979999542236328,18.350000381469727,17.566757202148438,1705400
2021-01-26,NWS,18.51000022888184,18.809999465942383,18.440000534057617,18.75,17.949682235717773,711800
2021-01-26,NWS,18.51000022888184,18.809999465942383,18.440000534057617,18.75,17.949682235717773,711800
2021-01-27,NWS,18.86000061035156,19.420000076293945,18.6299991607666,19.020000457763672,18.208162307739254,1781100
2021-01-27,NWS,18.86000061035156,19.420000076293945,18.6299991607666,19.020000457763672,18.208162307739254,1781100
2021-01-28,NWS,19.1200008392334,19.229999542236328,18.670000076293945,18.899999618530277,18.09328269958496,757300
2021-01-28,NWS,19.1200008392334,19.229999542236328,18.670000076293945,18.899999618530277,18.09328269958496,757300
2021-01-29,NWS,19.020000457763672,19.26000022888184,18.76000022888184,18.8799991607666,18.07413673400879,1205400
2021-01-29,NWS,19.020000457763672,19.26000022888184,18.76000022888184,18.8799991607666,18.07413673400879,1205400
2021-02-01,NWS,18.59000015258789,19.01000022888184,18.299999237060547,18.790000915527344,17.987977981567383,721600
2021-02-01,NWS,18.59000015258789,19.01000022888184,18.299999237060547,18.790000915527344,17.987977981567383,721600
2021-02-02,NWS,18.920000076293945,19.399999618530277,18.84000015258789,19.229999542236328,18.40919685363769,557200
2021-02-02,NWS,18.920000076293945,19.399999618530277,18.84000015258789,19.229999542236328,18.40919685363769,557200
2021-02-03,NWS,19.21999931335449,19.32999992370605,19.07999992370605,19.26000022888184,18.437917709350582,397900
2021-02-03,NWS,19.21999931335449,19.32999992370605,19.07999992370605,19.26000022888184,18.437917709350582,397900
2021-02-04,NWS,19.239999771118164,19.86000061035156,19.190000534057617,19.6200008392334,18.78255271911621,768100
2021-02-04,NWS,19.239999771118164,19.86000061035156,19.190000534057617,19.6200008392334,18.78255271911621,768100
2021-02-05,NWS,20.790000915527344,21.57999992370605,20.71999931335449,20.81999969482422,19.93132972717285,853300
2021-02-05,NWS,20.790000915527344,21.57999992370605,20.71999931335449,20.81999969482422,19.93132972717285,853300
2021-02-08,NWS,20.82999992370605,21.450000762939453,20.82999992370605,21.399999618530277,20.486572265625,715200
2021-02-08,NWS,20.82999992370605,21.450000762939453,20.82999992370605,21.399999618530277,20.486572265625,715200
2021-02-09,NWS,21.57999992370605,22.1299991607666,21.51000022888184,21.96999931335449,21.03224372863769,692500
2021-02-09,NWS,21.57999992370605,22.1299991607666,21.51000022888184,21.96999931335449,21.03224372863769,692500
2021-02-10,NWS,22.170000076293945,23.049999237060547,22.0,22.61000061035156,21.644927978515625,2209100
2021-02-10,NWS,22.170000076293945,23.049999237060547,22.0,22.61000061035156,21.644927978515625,2209100
2021-02-11,NWS,22.670000076293945,23.01000022888184,22.51000022888184,22.96999931335449,21.989559173583984,601600
2021-02-11,NWS,22.670000076293945,23.01000022888184,22.51000022888184,22.96999931335449,21.989559173583984,601600
2021-02-12,NWS,23.40999984741211,23.899999618530277,23.209999084472656,23.5,22.49694061279297,551500
2021-02-12,NWS,23.40999984741211,23.899999618530277,23.209999084472656,23.5,22.49694061279297,551500
2021-02-16,NWS,23.459999084472656,23.489999771118164,23.1299991607666,23.200000762939453,22.20974349975586,917000
2021-02-16,NWS,23.459999084472656,23.489999771118164,23.1299991607666,23.200000762939453,22.20974349975586,917000
2021-02-17,NWS,24.040000915527344,24.11000061035156,22.770000457763672,22.899999618530277,21.922550201416016,901300
2021-02-17,NWS,24.040000915527344,24.11000061035156,22.770000457763672,22.899999618530277,21.922550201416016,901300
2021-02-18,NWS,22.81999969482422,23.020000457763672,22.530000686645508,22.59000015258789,21.625778198242188,696200
2021-02-18,NWS,22.81999969482422,23.020000457763672,22.530000686645508,22.59000015258789,21.625778198242188,696200
2021-02-19,NWS,22.780000686645508,22.780000686645508,22.32999992370605,22.40999984741211,21.453462600708008,367700
2021-02-19,NWS,22.780000686645508,22.780000686645508,22.32999992370605,22.40999984741211,21.453462600708008,367700
2021-02-22,NWS,22.5,23.32999992370605,22.3700008392334,23.11000061035156,22.12358665466309,362000
2021-02-22,NWS,22.5,23.32999992370605,22.3700008392334,23.11000061035156,22.12358665466309,362000
2021-02-23,NWS,22.96999931335449,23.18000030517578,22.709999084472656,23.07999992370605,22.09486389160156,497600
2021-02-23,NWS,22.96999931335449,23.18000030517578,22.709999084472656,23.07999992370605,22.09486389160156,497600
2021-02-24,NWS,23.040000915527344,23.600000381469727,22.93000030517578,23.239999771118164,22.248035430908203,465800
2021-02-24,NWS,23.040000915527344,23.600000381469727,22.93000030517578,23.239999771118164,22.248035430908203,465800
2021-02-25,NWS,23.350000381469727,23.540000915527344,22.6299991607666,22.649999618530277,21.683216094970703,383000
2021-02-25,NWS,23.350000381469727,23.540000915527344,22.6299991607666,22.649999618530277,21.683216094970703,383000
2021-02-26,NWS,22.670000076293945,23.18000030517578,22.530000686645508,22.920000076293945,21.941696166992188,596200
2021-02-26,NWS,22.670000076293945,23.18000030517578,22.530000686645508,22.920000076293945,21.941696166992188,596200
2021-03-01,NWS,23.209999084472656,23.8700008392334,23.11000061035156,23.729999542236328,22.717121124267575,349200
2021-03-01,NWS,23.209999084472656,23.8700008392334,23.11000061035156,23.729999542236328,22.717121124267575,349200
2021-03-02,NWS,23.71999931335449,23.780000686645508,23.09000015258789,23.100000381469727,22.114013671875,335600
2021-03-02,NWS,23.71999931335449,23.780000686645508,23.09000015258789,23.100000381469727,22.114013671875,335600
2021-03-03,NWS,23.149999618530277,23.57999992370605,23.030000686645508,23.049999237060547,22.066146850585938,548700
2021-03-03,NWS,23.149999618530277,23.57999992370605,23.030000686645508,23.049999237060547,22.066146850585938,548700
2021-03-04,NWS,23.020000457763672,23.32999992370605,22.38999938964844,22.770000457763672,21.798095703125,345900
2021-03-04,NWS,23.020000457763672,23.32999992370605,22.38999938964844,22.770000457763672,21.798095703125,345900
2021-03-05,NWS,22.940000534057617,23.549999237060547,22.51000022888184,23.5,22.49694061279297,515500
2021-03-05,NWS,22.940000534057617,23.549999237060547,22.51000022888184,23.5,22.49694061279297,515500
2021-03-08,NWS,23.5,23.76000022888184,22.979999542236328,23.229999542236328,22.23846244812012,756400
2021-03-08,NWS,23.5,23.76000022888184,22.979999542236328,23.229999542236328,22.23846244812012,756400
2021-03-09,NWS,24.0,24.459999084472656,23.38999938964844,23.799999237060547,22.78413391113281,632600
2021-03-09,NWS,24.0,24.459999084472656,23.38999938964844,23.799999237060547,22.78413391113281,632600
2021-03-10,NWS,23.86000061035156,24.770000457763672,23.690000534057617,24.3700008392334,23.329805374145508,797300
2021-03-10,NWS,23.86000061035156,24.770000457763672,23.690000534057617,24.3700008392334,23.329805374145508,797300
2021-03-11,NWS,24.32999992370605,24.6299991607666,24.13999938964844,24.51000022888184,23.463830947875977,455700
2021-03-11,NWS,24.32999992370605,24.6299991607666,24.13999938964844,24.51000022888184,23.463830947875977,455700
2021-03-12,NWS,24.520000457763672,25.030000686645508,24.520000457763672,24.93000030517578,23.865901947021484,340800
2021-03-12,NWS,24.520000457763672,25.030000686645508,24.520000457763672,24.93000030517578,23.865901947021484,340800
2021-03-15,NWS,24.93000030517578,24.93000030517578,24.3799991607666,24.71999931335449,23.66486358642578,530500
2021-03-15,NWS,24.93000030517578,24.93000030517578,24.3799991607666,24.71999931335449,23.66486358642578,530500
2021-03-16,NWS,24.809999465942383,25.43000030517578,24.809999465942383,25.21999931335449,24.241586685180664,513500
2021-03-16,NWS,24.809999465942383,25.43000030517578,24.809999465942383,25.21999931335449,24.241586685180664,513500
2021-03-17,NWS,25.06999969482422,25.06999969482422,24.280000686645508,24.920000076293945,23.953224182128903,997100
2021-03-17,NWS,25.06999969482422,25.06999969482422,24.280000686645508,24.920000076293945,23.953224182128903,997100
2021-03-18,NWS,24.850000381469727,25.63999938964844,24.790000915527344,25.200000762939453,24.22236442565918,1714200
2021-03-18,NWS,24.850000381469727,25.63999938964844,24.790000915527344,25.200000762939453,24.22236442565918,1714200
2021-03-19,NWS,25.1299991607666,25.440000534057617,24.75,25.1299991607666,24.15507698059082,1856000
2021-03-19,NWS,25.1299991607666,25.440000534057617,24.75,25.1299991607666,24.15507698059082,1856000
2021-03-22,NWS,25.200000762939453,25.239999771118164,24.3799991607666,24.729999542236328,23.770597457885746,602100
2021-03-22,NWS,25.200000762939453,25.239999771118164,24.3799991607666,24.729999542236328,23.770597457885746,602100
2021-03-23,NWS,24.40999984741211,24.670000076293945,24.06999969482422,24.170000076293945,23.232322692871094,735500
2021-03-23,NWS,24.40999984741211,24.670000076293945,24.06999969482422,24.170000076293945,23.232322692871094,735500
2021-03-24,NWS,24.26000022888184,24.450000762939453,23.61000061035156,23.690000534057617,22.77094268798828,585100
2021-03-24,NWS,24.26000022888184,24.450000762939453,23.61000061035156,23.690000534057617,22.77094268798828,585100
2021-03-25,NWS,23.520000457763672,24.489999771118164,23.299999237060547,24.420000076293945,23.472625732421875,431500
2021-03-25,NWS,23.520000457763672,24.489999771118164,23.299999237060547,24.420000076293945,23.472625732421875,431500
2021-03-26,NWS,24.450000762939453,24.57999992370605,23.68000030517578,24.01000022888184,23.07852935791016,962800
2021-03-26,NWS,24.450000762939453,24.57999992370605,23.68000030517578,24.01000022888184,23.07852935791016,962800
2021-03-29,NWS,24.020000457763672,24.020000457763672,23.21999931335449,23.38999938964844,22.48258209228516,444300
2021-03-29,NWS,24.020000457763672,24.020000457763672,23.21999931335449,23.38999938964844,22.48258209228516,444300
2021-03-30,NWS,23.3700008392334,24.020000457763672,23.3700008392334,23.82999992370605,22.90550994873047,1002700
2021-03-30,NWS,23.3700008392334,24.020000457763672,23.3700008392334,23.82999992370605,22.90550994873047,1002700
2021-03-31,NWS,23.899999618530277,24.059999465942383,23.43000030517578,23.459999084472656,22.549867630004883,1408800
2021-03-31,NWS,23.899999618530277,24.059999465942383,23.43000030517578,23.459999084472656,22.549867630004883,1408800
2021-04-01,NWS,23.59000015258789,24.01000022888184,23.18000030517578,24.0,23.06891441345215,1084000
2021-04-01,NWS,23.59000015258789,24.01000022888184,23.18000030517578,24.0,23.06891441345215,1084000
2021-04-05,NWS,24.06999969482422,24.68000030517578,23.899999618530277,24.520000457763672,23.568742752075195,594800
2021-04-05,NWS,24.06999969482422,24.68000030517578,23.899999618530277,24.520000457763672,23.568742752075195,594800
2021-04-06,NWS,24.540000915527344,24.940000534057617,24.399999618530277,24.540000915527344,23.587966918945312,624200
2021-04-06,NWS,24.540000915527344,24.940000534057617,24.399999618530277,24.540000915527344,23.587966918945312,624200
2021-04-07,NWS,24.34000015258789,24.71999931335449,24.270000457763672,24.36000061035156,23.414953231811523,370500
2021-04-07,NWS,24.34000015258789,24.71999931335449,24.270000457763672,24.36000061035156,23.414953231811523,370500
2021-04-08,NWS,24.399999618530277,24.75,24.100000381469727,24.700000762939453,23.74176025390625,824000
2021-04-08,NWS,24.399999618530277,24.75,24.100000381469727,24.700000762939453,23.74176025390625,824000
2021-04-09,NWS,24.68000030517578,24.770000457763672,24.350000381469727,24.6299991607666,23.67447662353516,295500
2021-04-09,NWS,24.68000030517578,24.770000457763672,24.350000381469727,24.6299991607666,23.67447662353516,295500
2021-04-12,NWS,24.600000381469727,24.920000076293945,24.46999931335449,24.780000686645508,23.81865882873535,537600
2021-04-12,NWS,24.600000381469727,24.920000076293945,24.46999931335449,24.780000686645508,23.81865882873535,537600
2021-04-13,NWS,24.780000686645508,24.780000686645508,24.170000076293945,24.26000022888184,23.318830490112305,508900
2021-04-13,NWS,24.780000686645508,24.780000686645508,24.170000076293945,24.26000022888184,23.318830490112305,508900
2021-04-14,NWS,24.190000534057617,24.670000076293945,24.1200008392334,24.57999992370605,23.62641716003418,768400
2021-04-14,NWS,24.190000534057617,24.670000076293945,24.1200008392334,24.57999992370605,23.62641716003418,768400
2021-04-15,NWS,24.8700008392334,24.959999084472656,24.5,24.799999237060547,23.83788108825684,417200
2021-04-15,NWS,24.8700008392334,24.959999084472656,24.5,24.799999237060547,23.83788108825684,417200
2021-04-16,NWS,25.0,25.100000381469727,24.729999542236328,24.899999618530277,23.934001922607425,709500
2021-04-16,NWS,25.0,25.100000381469727,24.729999542236328,24.899999618530277,23.934001922607425,709500
2021-04-19,NWS,24.780000686645508,24.93000030517578,24.530000686645508,24.8799991607666,23.914777755737305,444900
2021-04-19,NWS,24.780000686645508,24.93000030517578,24.530000686645508,24.8799991607666,23.914777755737305,444900
2021-04-20,NWS,24.81999969482422,25.170000076293945,24.3700008392334,24.709999084472656,23.751373291015625,303900
2021-04-20,NWS,24.81999969482422,25.170000076293945,24.3700008392334,24.709999084472656,23.751373291015625,303900
2021-04-21,NWS,24.68000030517578,25.43000030517578,24.489999771118164,25.40999984741211,24.424217224121094,671200
2021-04-21,NWS,24.68000030517578,25.43000030517578,24.489999771118164,25.40999984741211,24.424217224121094,671200
2021-04-22,NWS,25.399999618530277,25.56999969482422,24.989999771118164,25.09000015258789,24.116628646850582,559700
2021-04-22,NWS,25.399999618530277,25.56999969482422,24.989999771118164,25.09000015258789,24.116628646850582,559700
2021-04-23,NWS,25.149999618530277,25.21999931335449,24.88999938964844,24.88999938964844,23.924388885498047,261500
2021-04-23,NWS,25.149999618530277,25.21999931335449,24.88999938964844,24.88999938964844,23.924388885498047,261500
2021-04-26,NWS,25.059999465942383,25.059999465942383,24.780000686645508,24.81999969482422,23.857105255126957,305100
2021-04-26,NWS,25.059999465942383,25.059999465942383,24.780000686645508,24.81999969482422,23.857105255126957,305100
2021-04-27,NWS,24.76000022888184,24.90999984741211,24.530000686645508,24.600000381469727,23.645641326904297,316400
2021-04-27,NWS,24.76000022888184,24.90999984741211,24.530000686645508,24.600000381469727,23.645641326904297,316400
2021-04-28,NWS,24.57999992370605,24.6299991607666,24.11000061035156,24.309999465942383,23.36688804626465,415800
2021-04-28,NWS,24.57999992370605,24.6299991607666,24.11000061035156,24.309999465942383,23.36688804626465,415800
2021-04-29,NWS,24.489999771118164,24.57999992370605,24.200000762939453,24.459999084472656,23.51107215881348,809100
2021-04-29,NWS,24.489999771118164,24.57999992370605,24.200000762939453,24.459999084472656,23.51107215881348,809100
2021-04-30,NWS,24.38999938964844,24.540000915527344,24.06999969482422,24.309999465942383,23.36688804626465,602500
2021-04-30,NWS,24.38999938964844,24.540000915527344,24.06999969482422,24.309999465942383,23.36688804626465,602500
2021-05-03,NWS,24.420000076293945,24.559999465942383,24.21999931335449,24.3700008392334,23.424562454223636,404400
2021-05-03,NWS,24.420000076293945,24.559999465942383,24.21999931335449,24.3700008392334,23.424562454223636,404400
2021-05-04,NWS,24.1299991607666,24.21999931335449,23.31999969482422,23.56999969482422,22.655597686767575,368000
2021-05-04,NWS,24.1299991607666,24.21999931335449,23.31999969482422,23.56999969482422,22.655597686767575,368000
2021-05-05,NWS,23.82999992370605,24.26000022888184,23.450000762939453,24.059999465942383,23.12659072875977,516800
2021-05-05,NWS,23.82999992370605,24.26000022888184,23.450000762939453,24.059999465942383,23.12659072875977,516800
2021-05-06,NWS,24.13999938964844,24.15999984741211,23.6299991607666,23.940000534057617,23.01124382019043,345900
2021-05-06,NWS,24.13999938964844,24.15999984741211,23.6299991607666,23.940000534057617,23.01124382019043,345900
2021-05-07,NWS,24.600000381469727,25.559999465942383,24.600000381469727,25.3700008392334,24.38577079772949,626300
2021-05-07,NWS,24.600000381469727,25.559999465942383,24.600000381469727,25.3700008392334,24.38577079772949,626300
2021-05-10,NWS,25.34000015258789,25.790000915527344,24.90999984741211,25.26000022888184,24.280033111572266,367700
2021-05-10,NWS,25.34000015258789,25.790000915527344,24.90999984741211,25.26000022888184,24.280033111572266,367700
2021-05-11,NWS,25.11000061035156,25.690000534057617,24.71999931335449,25.63999938964844,24.645294189453125,598400
2021-05-11,NWS,25.11000061035156,25.690000534057617,24.71999931335449,25.63999938964844,24.645294189453125,598400
2021-05-12,NWS,25.420000076293945,25.450000762939453,24.190000534057617,24.239999771118164,23.29960823059082,598300
2021-05-12,NWS,25.420000076293945,25.450000762939453,24.190000534057617,24.239999771118164,23.29960823059082,598300
2021-05-13,NWS,24.290000915527344,24.8799991607666,24.100000381469727,24.36000061035156,23.414953231811523,385400
2021-05-13,NWS,24.290000915527344,24.8799991607666,24.100000381469727,24.36000061035156,23.414953231811523,385400
2021-05-14,NWS,24.440000534057617,24.959999084472656,24.43000030517578,24.920000076293945,23.953224182128903,349300
2021-05-14,NWS,24.440000534057617,24.959999084472656,24.43000030517578,24.920000076293945,23.953224182128903,349300
2021-05-17,NWS,25.100000381469727,25.40999984741211,24.84000015258789,25.11000061035156,24.135854721069336,390000
2021-05-17,NWS,25.100000381469727,25.40999984741211,24.84000015258789,25.11000061035156,24.135854721069336,390000
2021-05-18,NWS,25.1200008392334,25.280000686645508,24.90999984741211,24.90999984741211,23.943613052368164,438400
2021-05-18,NWS,25.1200008392334,25.280000686645508,24.90999984741211,24.90999984741211,23.943613052368164,438400
2021-05-19,NWS,24.850000381469727,24.86000061035156,24.270000457763672,24.6200008392334,23.66486549377441,739700
2021-05-19,NWS,24.850000381469727,24.86000061035156,24.270000457763672,24.6200008392334,23.66486549377441,739700
2021-05-20,NWS,24.700000762939453,25.75,24.700000762939453,25.690000534057617,24.69335556030273,545100
2021-05-20,NWS,24.700000762939453,25.75,24.700000762939453,25.690000534057617,24.69335556030273,545100
2021-05-21,NWS,25.649999618530277,25.88999938964844,25.21999931335449,25.25,24.270421981811523,612900
2021-05-21,NWS,25.649999618530277,25.88999938964844,25.21999931335449,25.25,24.270421981811523,612900
2021-05-24,NWS,25.420000076293945,25.68000030517578,25.270000457763672,25.59000015258789,24.59723472595215,362400
2021-05-24,NWS,25.420000076293945,25.68000030517578,25.270000457763672,25.59000015258789,24.59723472595215,362400
2021-05-25,NWS,25.770000457763672,25.940000534057617,25.3799991607666,25.46999931335449,24.48188781738281,520000
2021-05-25,NWS,25.770000457763672,25.940000534057617,25.3799991607666,25.46999931335449,24.48188781738281,520000
2021-05-26,NWS,25.71999931335449,26.020000457763672,25.63999938964844,25.700000762939453,24.70296669006348,625400
2021-05-26,NWS,25.71999931335449,26.020000457763672,25.63999938964844,25.700000762939453,24.70296669006348,625400
2021-05-27,NWS,25.729999542236328,26.209999084472656,25.600000381469727,25.950000762939453,24.943269729614254,927000
2021-05-27,NWS,25.729999542236328,26.209999084472656,25.600000381469727,25.950000762939453,24.943269729614254,927000
2021-05-28,NWS,26.11000061035156,26.11000061035156,25.420000076293945,25.690000534057617,24.69335556030273,605900
2021-05-28,NWS,26.11000061035156,26.11000061035156,25.420000076293945,25.690000534057617,24.69335556030273,605900
2021-06-01,NWS,25.479999542236328,25.549999237060547,24.71999931335449,25.07999992370605,24.107017517089844,692700
2021-06-01,NWS,25.479999542236328,25.549999237060547,24.71999931335449,25.07999992370605,24.107017517089844,692700
2021-06-02,NWS,25.040000915527344,25.040000915527344,24.32999992370605,24.540000915527344,23.587966918945312,477900
2021-06-02,NWS,25.040000915527344,25.040000915527344,24.32999992370605,24.540000915527344,23.587966918945312,477900
2021-06-03,NWS,24.440000534057617,24.540000915527344,24.049999237060547,24.479999542236328,23.53029441833496,255100
2021-06-03,NWS,24.440000534057617,24.540000915527344,24.049999237060547,24.479999542236328,23.53029441833496,255100
2021-06-04,NWS,24.649999618530277,24.809999465942383,24.5,24.780000686645508,23.81865882873535,234900
2021-06-04,NWS,24.649999618530277,24.809999465942383,24.5,24.780000686645508,23.81865882873535,234900
2021-06-07,NWS,24.82999992370605,24.93000030517578,24.18000030517578,24.36000061035156,23.414953231811523,339000
2021-06-07,NWS,24.82999992370605,24.93000030517578,24.18000030517578,24.36000061035156,23.414953231811523,339000
2021-06-08,NWS,24.549999237060547,25.350000381469727,24.26000022888184,25.280000686645508,24.299259185791016,886100
2021-06-08,NWS,24.549999237060547,25.350000381469727,24.26000022888184,25.280000686645508,24.299259185791016,886100
2021-06-09,NWS,25.600000381469727,25.600000381469727,25.020000457763672,25.26000022888184,24.280033111572266,481600
2021-06-09,NWS,25.600000381469727,25.600000381469727,25.020000457763672,25.26000022888184,24.280033111572266,481600
2021-06-10,NWS,25.399999618530277,25.5,25.100000381469727,25.11000061035156,24.135854721069336,493900
2021-06-10,NWS,25.399999618530277,25.5,25.100000381469727,25.11000061035156,24.135854721069336,493900
2021-06-11,NWS,25.229999542236328,25.559999465942383,25.200000762939453,25.549999237060547,24.558786392211918,248800
2021-06-11,NWS,25.229999542236328,25.559999465942383,25.200000762939453,25.549999237060547,24.558786392211918,248800
2021-06-14,NWS,25.489999771118164,25.559999465942383,25.040000915527344,25.07999992370605,24.107017517089844,327200
2021-06-14,NWS,25.489999771118164,25.559999465942383,25.040000915527344,25.07999992370605,24.107017517089844,327200
2021-06-15,NWS,25.170000076293945,25.280000686645508,24.700000762939453,24.729999542236328,23.770597457885746,224800
2021-06-15,NWS,25.170000076293945,25.280000686645508,24.700000762939453,24.729999542236328,23.770597457885746,224800
2021-06-16,NWS,24.709999084472656,24.920000076293945,24.32999992370605,24.61000061035156,23.655254364013672,495800
2021-06-16,NWS,24.709999084472656,24.920000076293945,24.32999992370605,24.61000061035156,23.655254364013672,495800
2021-06-17,NWS,24.489999771118164,24.6299991607666,23.86000061035156,24.200000762939453,23.261157989501957,462400
2021-06-17,NWS,24.489999771118164,24.6299991607666,23.86000061035156,24.200000762939453,23.261157989501957,462400
2021-06-18,NWS,24.01000022888184,24.270000457763672,23.68000030517578,23.81999969482422,22.895902633666992,907000
2021-06-18,NWS,24.01000022888184,24.270000457763672,23.68000030517578,23.81999969482422,22.895902633666992,907000
2021-06-21,NWS,23.81999969482422,24.36000061035156,23.65999984741211,24.299999237060547,23.357276916503903,538100
2021-06-21,NWS,23.81999969482422,24.36000061035156,23.65999984741211,24.299999237060547,23.357276916503903,538100
2021-06-22,NWS,24.209999084472656,24.36000061035156,23.809999465942383,24.149999618530277,23.213098526000977,435200
2021-06-22,NWS,24.209999084472656,24.36000061035156,23.809999465942383,24.149999618530277,23.213098526000977,435200
2021-06-23,NWS,24.15999984741211,24.26000022888184,23.920000076293945,23.979999542236328,23.049692153930664,295300
2021-06-23,NWS,24.15999984741211,24.26000022888184,23.920000076293945,23.979999542236328,23.049692153930664,295300
2021-06-24,NWS,24.09000015258789,24.290000915527344,23.950000762939453,24.15999984741211,23.22271156311035,268100
2021-06-24,NWS,24.09000015258789,24.290000915527344,23.950000762939453,24.15999984741211,23.22271156311035,268100
2021-06-25,NWS,24.229999542236328,24.479999542236328,24.100000381469727,24.190000534057617,23.251548767089844,693800
2021-06-25,NWS,24.229999542236328,24.479999542236328,24.100000381469727,24.190000534057617,23.251548767089844,693800
2021-06-28,NWS,24.21999931335449,24.459999084472656,23.959999084472656,24.18000030517578,23.24193382263184,404500
2021-06-28,NWS,24.21999931335449,24.459999084472656,23.959999084472656,24.18000030517578,23.24193382263184,404500
2021-06-29,NWS,24.13999938964844,24.600000381469727,24.059999465942383,24.09000015258789,23.155426025390625,248100
2021-06-29,NWS,24.13999938964844,24.600000381469727,24.059999465942383,24.09000015258789,23.155426025390625,248100
2021-06-30,NWS,24.030000686645508,24.43000030517578,23.959999084472656,24.350000381469727,23.40533828735352,564400
2021-06-30,NWS,24.030000686645508,24.43000030517578,23.959999084472656,24.350000381469727,23.40533828735352,564400
2021-07-01,NWS,24.309999465942383,24.82999992370605,24.309999465942383,24.76000022888184,23.799434661865234,476600
2021-07-01,NWS,24.309999465942383,24.82999992370605,24.309999465942383,24.76000022888184,23.799434661865234,476600
2021-07-02,NWS,24.770000457763672,24.770000457763672,24.18000030517578,24.459999084472656,23.51107215881348,620800
2021-07-02,NWS,24.770000457763672,24.770000457763672,24.18000030517578,24.459999084472656,23.51107215881348,620800
2021-07-06,NWS,24.489999771118164,24.489999771118164,23.90999984741211,24.09000015258789,23.155426025390625,428800
2021-07-06,NWS,24.489999771118164,24.489999771118164,23.90999984741211,24.09000015258789,23.155426025390625,428800
2021-07-07,NWS,24.049999237060547,24.21999931335449,23.530000686645508,23.86000061035156,22.934349060058597,494900
2021-07-07,NWS,24.049999237060547,24.21999931335449,23.530000686645508,23.86000061035156,22.934349060058597,494900
2021-07-08,NWS,23.51000022888184,23.809999465942383,23.309999465942383,23.440000534057617,22.530641555786133,344600
2021-07-08,NWS,23.51000022888184,23.809999465942383,23.309999465942383,23.440000534057617,22.530641555786133,344600
2021-07-09,NWS,23.68000030517578,24.229999542236328,23.6200008392334,24.15999984741211,23.22271156311035,263000
2021-07-09,NWS,23.68000030517578,24.229999542236328,23.6200008392334,24.15999984741211,23.22271156311035,263000
2021-07-12,NWS,23.920000076293945,24.450000762939453,23.84000015258789,24.36000061035156,23.414953231811523,455700
2021-07-12,NWS,23.920000076293945,24.450000762939453,23.84000015258789,24.36000061035156,23.414953231811523,455700
2021-07-13,NWS,24.239999771118164,24.239999771118164,23.82999992370605,23.86000061035156,22.934349060058597,384400
2021-07-13,NWS,24.239999771118164,24.239999771118164,23.82999992370605,23.86000061035156,22.934349060058597,384400
2021-07-14,NWS,23.979999542236328,24.1299991607666,23.6299991607666,23.700000762939453,22.780555725097656,231100
2021-07-14,NWS,23.979999542236328,24.1299991607666,23.6299991607666,23.700000762939453,22.780555725097656,231100
2021-07-15,NWS,23.63999938964844,23.940000534057617,23.559999465942383,23.649999618530277,22.73249626159668,390000
2021-07-15,NWS,23.63999938964844,23.940000534057617,23.559999465942383,23.649999618530277,22.73249626159668,390000
2021-07-16,NWS,23.75,23.84000015258789,22.93000030517578,22.989999771118164,22.098100662231445,224300
2021-07-16,NWS,23.75,23.84000015258789,22.93000030517578,22.989999771118164,22.098100662231445,224300
2021-07-19,NWS,22.68000030517578,22.950000762939453,22.46999931335449,22.649999618530277,21.77129364013672,420200
2021-07-19,NWS,22.68000030517578,22.950000762939453,22.46999931335449,22.649999618530277,21.77129364013672,420200
2021-07-20,NWS,22.6299991607666,23.149999618530277,22.290000915527344,23.059999465942383,22.165380477905277,594800
2021-07-20,NWS,22.6299991607666,23.149999618530277,22.290000915527344,23.059999465942383,22.165380477905277,594800
2021-07-21,NWS,23.18000030517578,23.549999237060547,23.1200008392334,23.3799991607666,22.47296714782715,194500
2021-07-21,NWS,23.18000030517578,23.549999237060547,23.1200008392334,23.3799991607666,22.47296714782715,194500
2021-07-22,NWS,23.3799991607666,23.38999938964844,23.07999992370605,23.190000534057617,22.290340423583984,290500
2021-07-22,NWS,23.3799991607666,23.38999938964844,23.07999992370605,23.190000534057617,22.290340423583984,290500
2021-07-23,NWS,23.309999465942383,23.56999969482422,23.13999938964844,23.530000686645508,22.61715316772461,245000
2021-07-23,NWS,23.309999465942383,23.56999969482422,23.13999938964844,23.530000686645508,22.61715316772461,245000
2021-07-26,NWS,23.56999969482422,24.11000061035156,23.520000457763672,23.670000076293945,22.7517204284668,404400
2021-07-26,NWS,23.56999969482422,24.11000061035156,23.520000457763672,23.670000076293945,22.7517204284668,404400
2021-07-27,NWS,23.51000022888184,23.670000076293945,23.36000061035156,23.51000022888184,22.597925186157227,338300
2021-07-27,NWS,23.51000022888184,23.670000076293945,23.36000061035156,23.51000022888184,22.597925186157227,338300
2021-07-28,NWS,23.739999771118164,23.850000381469727,23.38999938964844,23.600000381469727,22.68443489074707,403800
2021-07-28,NWS,23.739999771118164,23.850000381469727,23.38999938964844,23.600000381469727,22.68443489074707,403800
2021-07-29,NWS,23.709999084472656,23.790000915527344,23.40999984741211,23.43000030517578,22.52103042602539,376800
2021-07-29,NWS,23.709999084472656,23.790000915527344,23.40999984741211,23.43000030517578,22.52103042602539,376800
2021-07-30,NWS,23.38999938964844,23.61000061035156,23.3700008392334,23.51000022888184,22.597925186157227,408200
2021-07-30,NWS,23.38999938964844,23.61000061035156,23.3700008392334,23.51000022888184,22.597925186157227,408200
2021-08-02,NWS,23.459999084472656,23.809999465942383,23.40999984741211,23.649999618530277,22.73249626159668,638300
2021-08-02,NWS,23.459999084472656,23.809999465942383,23.40999984741211,23.649999618530277,22.73249626159668,638300
2021-08-03,NWS,23.709999084472656,23.709999084472656,22.84000015258789,23.059999465942383,22.165380477905277,539000
2021-08-03,NWS,23.709999084472656,23.709999084472656,22.84000015258789,23.059999465942383,22.165380477905277,539000
2021-08-04,NWS,23.43000030517578,23.780000686645508,23.32999992370605,23.40999984741211,22.501808166503903,937100
2021-08-04,NWS,23.43000030517578,23.780000686645508,23.32999992370605,23.40999984741211,22.501808166503903,937100
2021-08-05,NWS,23.729999542236328,23.850000381469727,23.57999992370605,23.790000915527344,22.8670654296875,849800
2021-08-05,NWS,23.729999542236328,23.850000381469727,23.57999992370605,23.790000915527344,22.8670654296875,849800
2021-08-06,NWS,25.3799991607666,25.690000534057617,23.61000061035156,23.76000022888184,22.838228225708008,1149800
2021-08-06,NWS,25.3799991607666,25.690000534057617,23.61000061035156,23.76000022888184,22.838228225708008,1149800
2021-08-09,NWS,23.790000915527344,23.790000915527344,22.88999938964844,23.6200008392334,22.70366096496582,1261000
2021-08-09,NWS,23.790000915527344,23.790000915527344,22.88999938964844,23.6200008392334,22.70366096496582,1261000
2021-08-10,NWS,23.549999237060547,23.63999938964844,23.270000457763672,23.43000030517578,22.52103042602539,411800
2021-08-10,NWS,23.549999237060547,23.63999938964844,23.270000457763672,23.43000030517578,22.52103042602539,411800
2021-08-11,NWS,23.3799991607666,23.399999618530277,22.979999542236328,23.31999969482422,22.4152946472168,335600
2021-08-11,NWS,23.3799991607666,23.399999618530277,22.979999542236328,23.31999969482422,22.4152946472168,335600
2021-08-12,NWS,23.32999992370605,23.51000022888184,23.170000076293945,23.190000534057617,22.290340423583984,526100
2021-08-12,NWS,23.32999992370605,23.51000022888184,23.170000076293945,23.190000534057617,22.290340423583984,526100
2021-08-13,NWS,23.1200008392334,23.239999771118164,22.75,22.780000686645508,21.89624786376953,642400
2021-08-13,NWS,23.1200008392334,23.239999771118164,22.75,22.780000686645508,21.89624786376953,642400
2021-08-16,NWS,22.780000686645508,23.25,22.450000762939453,22.90999984741211,22.02120590209961,608200
2021-08-16,NWS,22.780000686645508,23.25,22.450000762939453,22.90999984741211,22.02120590209961,608200
2021-08-17,NWS,22.649999618530277,22.75,22.270000457763672,22.31999969482422,21.45409202575684,538100
2021-08-17,NWS,22.649999618530277,22.75,22.270000457763672,22.31999969482422,21.45409202575684,538100
2021-08-18,NWS,22.25,22.31999969482422,21.559999465942383,21.57999992370605,20.742799758911133,409000
2021-08-18,NWS,22.25,22.31999969482422,21.559999465942383,21.57999992370605,20.742799758911133,409000
2021-08-19,NWS,21.3799991607666,21.57999992370605,21.21999931335449,21.290000915527344,20.464052200317383,373200
2021-08-19,NWS,21.3799991607666,21.57999992370605,21.21999931335449,21.290000915527344,20.464052200317383,373200
2021-08-20,NWS,21.270000457763672,21.549999237060547,20.96999931335449,21.489999771118164,20.65629196166992,315500
2021-08-20,NWS,21.270000457763672,21.549999237060547,20.96999931335449,21.489999771118164,20.65629196166992,315500
2021-08-23,NWS,21.600000381469727,21.8799991607666,21.489999771118164,21.81999969482422,20.97349166870117,552900
2021-08-23,NWS,21.600000381469727,21.8799991607666,21.489999771118164,21.81999969482422,20.97349166870117,552900
2021-08-24,NWS,21.84000015258789,22.020000457763672,21.739999771118164,21.790000915527344,20.944656372070312,348100
2021-08-24,NWS,21.84000015258789,22.020000457763672,21.739999771118164,21.790000915527344,20.944656372070312,348100
2021-08-25,NWS,21.790000915527344,22.11000061035156,21.559999465942383,21.989999771118164,21.136898040771484,438200
2021-08-25,NWS,21.790000915527344,22.11000061035156,21.559999465942383,21.989999771118164,21.136898040771484,438200
2021-08-26,NWS,21.93000030517578,22.13999938964844,21.770000457763672,21.950000762939453,21.09844970703125,1024800
2021-08-26,NWS,21.93000030517578,22.13999938964844,21.770000457763672,21.950000762939453,21.09844970703125,1024800
2021-08-27,NWS,22.030000686645508,22.21999931335449,21.88999938964844,22.15999984741211,21.30030059814453,322400
2021-08-27,NWS,22.030000686645508,22.21999931335449,21.88999938964844,22.15999984741211,21.30030059814453,322400
2021-08-30,NWS,22.149999618530277,22.15999984741211,21.920000076293945,21.979999542236328,21.12728309631348,358400
2021-08-30,NWS,22.149999618530277,22.15999984741211,21.920000076293945,21.979999542236328,21.12728309631348,358400
2021-08-31,NWS,22.07999992370605,22.280000686645508,21.8700008392334,22.030000686645508,21.17534637451172,464700
2021-08-31,NWS,22.07999992370605,22.280000686645508,21.8700008392334,22.030000686645508,21.17534637451172,464700
2021-09-01,NWS,22.200000762939453,22.520000457763672,22.11000061035156,22.38999938964844,21.521379470825195,428100
2021-09-01,NWS,22.200000762939453,22.520000457763672,22.11000061035156,22.38999938964844,21.521379470825195,428100
2021-09-02,NWS,22.38999938964844,22.600000381469727,22.170000076293945,22.25,21.38681030273437,493900
2021-09-02,NWS,22.38999938964844,22.600000381469727,22.170000076293945,22.25,21.38681030273437,493900
2021-09-03,NWS,22.190000534057617,22.25,22.049999237060547,22.1299991607666,21.271465301513672,476700
2021-09-03,NWS,22.190000534057617,22.25,22.049999237060547,22.1299991607666,21.271465301513672,476700
2021-09-07,NWS,22.1200008392334,22.21999931335449,21.71999931335449,21.75,20.906206130981445,400700
2021-09-07,NWS,22.1200008392334,22.21999931335449,21.71999931335449,21.75,20.906206130981445,400700
2021-09-08,NWS,21.649999618530277,21.729999542236328,21.25,21.68000030517578,20.83892250061035,562200
2021-09-08,NWS,21.649999618530277,21.729999542236328,21.25,21.68000030517578,20.83892250061035,562200
2021-09-09,NWS,21.71999931335449,21.899999618530277,21.440000534057617,21.530000686645508,20.69474029541016,702800
2021-09-09,NWS,21.71999931335449,21.899999618530277,21.440000534057617,21.530000686645508,20.69474029541016,702800
2021-09-10,NWS,21.65999984741211,21.809999465942383,21.420000076293945,21.440000534057617,20.60823631286621,550900
2021-09-10,NWS,21.65999984741211,21.809999465942383,21.420000076293945,21.440000534057617,20.60823631286621,550900
2021-09-13,NWS,21.6299991607666,21.739999771118164,21.26000022888184,21.43000030517578,20.59862327575684,538200
2021-09-13,NWS,21.6299991607666,21.739999771118164,21.26000022888184,21.43000030517578,20.59862327575684,538200
2021-09-14,NWS,21.5,21.63999938964844,21.290000915527344,21.40999984741211,20.675878524780277,766300
2021-09-14,NWS,21.5,21.63999938964844,21.290000915527344,21.40999984741211,20.675878524780277,766300
2021-09-15,NWS,21.32999992370605,21.63999938964844,21.1299991607666,21.56999969482422,20.83039283752441,696400
2021-09-15,NWS,21.32999992370605,21.63999938964844,21.1299991607666,21.56999969482422,20.83039283752441,696400
2021-09-16,NWS,21.5,22.1200008392334,21.5,22.0,21.24564743041992,521700
2021-09-16,NWS,21.5,22.1200008392334,21.5,22.0,21.24564743041992,521700
2021-09-17,NWS,21.940000534057617,22.01000022888184,21.61000061035156,21.729999542236328,20.98490524291992,1541700
2021-09-17,NWS,21.940000534057617,22.01000022888184,21.61000061035156,21.729999542236328,20.98490524291992,1541700
2021-09-20,NWS,21.399999618530277,21.40999984741211,21.030000686645508,21.32999992370605,20.598621368408203,427500
2021-09-20,NWS,21.399999618530277,21.40999984741211,21.030000686645508,21.32999992370605,20.598621368408203,427500
2021-09-21,NWS,21.63999938964844,22.059999465942383,21.549999237060547,21.709999084472656,20.96558952331543,451500
2021-09-21,NWS,21.63999938964844,22.059999465942383,21.549999237060547,21.709999084472656,20.96558952331543,451500
2021-09-22,NWS,21.90999984741211,22.71999931335449,21.90999984741211,22.530000686645508,21.75747299194336,852100
2021-09-22,NWS,21.90999984741211,22.71999931335449,21.90999984741211,22.530000686645508,21.75747299194336,852100
2021-09-23,NWS,23.309999465942383,23.84000015258789,23.209999084472656,23.71999931335449,22.90666961669922,1872100
2021-09-23,NWS,23.309999465942383,23.84000015258789,23.209999084472656,23.71999931335449,22.90666961669922,1872100
2021-09-24,NWS,23.57999992370605,24.25,23.549999237060547,24.13999938964844,23.3122673034668,796000
2021-09-24,NWS,23.57999992370605,24.25,23.549999237060547,24.13999938964844,23.3122673034668,796000
2021-09-27,NWS,24.06999969482422,24.200000762939453,23.81999969482422,24.01000022888184,23.18672752380371,718400
2021-09-27,NWS,24.06999969482422,24.200000762939453,23.81999969482422,24.01000022888184,23.18672752380371,718400
2021-09-28,NWS,23.8799991607666,24.11000061035156,23.670000076293945,23.76000022888184,22.94529914855957,664200
2021-09-28,NWS,23.8799991607666,24.11000061035156,23.670000076293945,23.76000022888184,22.94529914855957,664200
2021-09-29,NWS,23.90999984741211,23.93000030517578,23.51000022888184,23.56999969482422,22.761812210083008,591500
2021-09-29,NWS,23.90999984741211,23.93000030517578,23.51000022888184,23.56999969482422,22.761812210083008,591500
2021-09-30,NWS,23.700000762939453,23.700000762939453,23.149999618530277,23.229999542236328,22.433469772338867,642500
2021-09-30,NWS,23.700000762939453,23.700000762939453,23.149999618530277,23.229999542236328,22.433469772338867,642500
2021-10-01,NWS,23.34000015258789,23.670000076293945,23.209999084472656,23.57999992370605,22.771472930908203,493600
2021-10-01,NWS,23.34000015258789,23.670000076293945,23.209999084472656,23.57999992370605,22.771472930908203,493600
2021-10-04,NWS,23.549999237060547,23.68000030517578,23.149999618530277,23.299999237060547,22.50106811523437,444500
2021-10-04,NWS,23.549999237060547,23.68000030517578,23.149999618530277,23.299999237060547,22.50106811523437,444500
2021-10-05,NWS,23.450000762939453,23.8799991607666,23.3799991607666,23.59000015258789,22.7811279296875,362300
2021-10-05,NWS,23.450000762939453,23.8799991607666,23.3799991607666,23.59000015258789,22.7811279296875,362300
2021-10-06,NWS,23.40999984741211,23.600000381469727,23.18000030517578,23.34000015258789,22.53969955444336,811000
2021-10-06,NWS,23.40999984741211,23.600000381469727,23.18000030517578,23.34000015258789,22.53969955444336,811000
2021-10-07,NWS,23.57999992370605,23.93000030517578,23.57999992370605,23.790000915527344,22.97426986694336,494800
2021-10-07,NWS,23.57999992370605,23.93000030517578,23.57999992370605,23.790000915527344,22.97426986694336,494800
2021-10-08,NWS,23.8700008392334,24.25,23.82999992370605,23.93000030517578,23.10947036743164,541100
2021-10-08,NWS,23.8700008392334,24.25,23.82999992370605,23.93000030517578,23.10947036743164,541100
2021-10-11,NWS,23.850000381469727,24.170000076293945,23.809999465942383,23.8700008392334,23.05152702331543,466900
2021-10-11,NWS,23.850000381469727,24.170000076293945,23.809999465942383,23.8700008392334,23.05152702331543,466900
2021-10-12,NWS,23.8700008392334,24.239999771118164,23.75,23.989999771118164,23.16741371154785,1197800
2021-10-12,NWS,23.8700008392334,24.239999771118164,23.75,23.989999771118164,23.16741371154785,1197800
2021-10-13,NWS,24.07999992370605,24.21999931335449,23.81999969482422,23.850000381469727,23.03221321105957,1381800
2021-10-13,NWS,24.07999992370605,24.21999931335449,23.81999969482422,23.850000381469727,23.03221321105957,1381800
2021-10-14,NWS,24.059999465942383,24.21999931335449,23.8799991607666,24.15999984741211,23.33158302307129,449700
2021-10-14,NWS,24.059999465942383,24.21999931335449,23.8799991607666,24.15999984741211,23.33158302307129,449700
2021-10-15,NWS,24.25,24.36000061035156,24.059999465942383,24.1200008392334,23.29295539855957,812900
2021-10-15,NWS,24.25,24.36000061035156,24.059999465942383,24.1200008392334,23.29295539855957,812900
2021-10-18,NWS,24.020000457763672,24.040000915527344,23.700000762939453,23.8700008392334,23.05152702331543,757600
2021-10-18,NWS,24.020000457763672,24.040000915527344,23.700000762939453,23.8700008392334,23.05152702331543,757600
2021-10-19,NWS,24.0,24.100000381469727,23.8799991607666,23.96999931335449,23.148096084594727,525800
2021-10-19,NWS,24.0,24.100000381469727,23.8799991607666,23.96999931335449,23.148096084594727,525800
2021-10-20,NWS,24.030000686645508,24.190000534057617,23.850000381469727,24.190000534057617,23.36055564880371,727300
2021-10-20,NWS,24.030000686645508,24.190000534057617,23.850000381469727,24.190000534057617,23.36055564880371,727300
2021-10-21,NWS,24.15999984741211,24.350000381469727,23.920000076293945,24.06999969482422,23.24467086791992,398800
2021-10-21,NWS,24.15999984741211,24.350000381469727,23.920000076293945,24.06999969482422,23.24467086791992,398800
2021-10-22,NWS,24.059999465942383,24.440000534057617,24.059999465942383,24.36000061035156,23.52472496032715,448200
2021-10-22,NWS,24.059999465942383,24.440000534057617,24.059999465942383,24.36000061035156,23.52472496032715,448200
2021-10-25,NWS,24.459999084472656,24.6299991607666,24.290000915527344,24.450000762939453,23.61164093017578,584100
2021-10-25,NWS,24.459999084472656,24.6299991607666,24.290000915527344,24.450000762939453,23.61164093017578,584100
2021-10-26,NWS,24.5,24.5,24.0,24.0,23.17706871032715,500300
2021-10-26,NWS,24.5,24.5,24.0,24.0,23.17706871032715,500300
2021-10-27,NWS,23.96999931335449,23.96999931335449,22.459999084472656,22.459999084472656,21.68987274169922,1253000
2021-10-27,NWS,23.96999931335449,23.96999931335449,22.459999084472656,22.459999084472656,21.68987274169922,1253000
2021-10-28,NWS,22.670000076293945,23.100000381469727,22.520000457763672,22.809999465942383,22.02787399291992,1036400
2021-10-28,NWS,22.670000076293945,23.100000381469727,22.520000457763672,22.809999465942383,22.02787399291992,1036400
2021-10-29,NWS,22.700000762939453,22.81999969482422,22.36000061035156,22.559999465942383,21.78644561767578,944800
2021-10-29,NWS,22.700000762939453,22.81999969482422,22.36000061035156,22.559999465942383,21.78644561767578,944800
2021-11-01,NWS,22.690000534057617,23.3799991607666,22.63999938964844,23.350000381469727,22.54935836791992,1185900
2021-11-01,NWS,22.690000534057617,23.3799991607666,22.63999938964844,23.350000381469727,22.54935836791992,1185900
2021-11-02,NWS,23.239999771118164,23.299999237060547,23.01000022888184,23.13999938964844,22.346555709838867,401900
2021-11-02,NWS,23.239999771118164,23.299999237060547,23.01000022888184,23.13999938964844,22.346555709838867,401900
2021-11-03,NWS,23.06999969482422,23.229999542236328,22.780000686645508,22.920000076293945,22.13410377502441,704800
2021-11-03,NWS,23.06999969482422,23.229999542236328,22.780000686645508,22.920000076293945,22.13410377502441,704800
2021-11-04,NWS,22.979999542236328,23.399999618530277,22.850000381469727,23.38999938964844,22.58798217773437,943100
2021-11-04,NWS,22.979999542236328,23.399999618530277,22.850000381469727,23.38999938964844,22.58798217773437,943100
2021-11-05,NWS,23.549999237060547,24.75,23.520000457763672,24.26000022888184,23.42815399169922,690200
2021-11-05,NWS,23.549999237060547,24.75,23.520000457763672,24.26000022888184,23.42815399169922,690200
2021-11-08,NWS,24.530000686645508,24.68000030517578,23.8799991607666,23.950000762939453,23.128786087036133,876800
2021-11-08,NWS,24.530000686645508,24.68000030517578,23.8799991607666,23.950000762939453,23.128786087036133,876800
2021-11-09,NWS,23.88999938964844,24.229999542236328,23.34000015258789,23.700000762939453,22.887357711791992,1032600
2021-11-09,NWS,23.88999938964844,24.229999542236328,23.34000015258789,23.700000762939453,22.887357711791992,1032600
2021-11-10,NWS,23.63999938964844,23.84000015258789,23.3700008392334,23.489999771118164,22.684558868408203,1012300
2021-11-10,NWS,23.63999938964844,23.84000015258789,23.3700008392334,23.489999771118164,22.684558868408203,1012300
2021-11-11,NWS,23.770000457763672,23.82999992370605,23.46999931335449,23.56999969482422,22.761812210083008,648000
2021-11-11,NWS,23.770000457763672,23.82999992370605,23.46999931335449,23.56999969482422,22.761812210083008,648000
2021-11-12,NWS,23.770000457763672,24.100000381469727,23.57999992370605,23.780000686645508,22.96461296081543,423100
2021-11-12,NWS,23.770000457763672,24.100000381469727,23.57999992370605,23.780000686645508,22.96461296081543,423100
2021-11-15,NWS,23.84000015258789,24.01000022888184,23.350000381469727,23.40999984741211,22.6072998046875,910900
2021-11-15,NWS,23.84000015258789,24.01000022888184,23.350000381469727,23.40999984741211,22.6072998046875,910900
2021-11-16,NWS,23.40999984741211,23.71999931335449,23.26000022888184,23.670000076293945,22.858386993408203,828800
2021-11-16,NWS,23.40999984741211,23.71999931335449,23.26000022888184,23.670000076293945,22.858386993408203,828800
2021-11-17,NWS,23.71999931335449,23.75,23.149999618530277,23.51000022888184,22.70387077331543,831200
2021-11-17,NWS,23.71999931335449,23.75,23.149999618530277,23.51000022888184,22.70387077331543,831200
2021-11-18,NWS,23.75,23.809999465942383,23.15999984741211,23.36000061035156,22.55901527404785,526900
2021-11-18,NWS,23.75,23.809999465942383,23.15999984741211,23.36000061035156,22.55901527404785,526900
2021-11-19,NWS,23.07999992370605,23.290000915527344,22.25,22.31999969482422,21.554676055908203,969500
2021-11-19,NWS,23.07999992370605,23.290000915527344,22.25,22.31999969482422,21.554676055908203,969500
2021-11-22,NWS,22.540000915527344,22.979999542236328,22.11000061035156,22.670000076293945,21.89267349243164,1092800
2021-11-22,NWS,22.540000915527344,22.979999542236328,22.11000061035156,22.670000076293945,21.89267349243164,1092800
2021-11-23,NWS,22.709999084472656,23.06999969482422,22.270000457763672,22.3700008392334,21.60295867919922,631100
2021-11-23,NWS,22.709999084472656,23.06999969482422,22.270000457763672,22.3700008392334,21.60295867919922,631100
2021-11-24,NWS,22.280000686645508,22.34000015258789,21.989999771118164,22.290000915527344,21.52570533752441,452700
2021-11-24,NWS,22.280000686645508,22.34000015258789,21.989999771118164,22.290000915527344,21.52570533752441,452700
2021-11-26,NWS,21.71999931335449,21.809999465942383,21.520000457763672,21.61000061035156,20.8690185546875,659400
2021-11-26,NWS,21.71999931335449,21.809999465942383,21.520000457763672,21.61000061035156,20.8690185546875,659400
2021-11-29,NWS,21.90999984741211,22.049999237060547,21.51000022888184,21.8799991607666,21.129758834838867,1034000
2021-11-29,NWS,21.90999984741211,22.049999237060547,21.51000022888184,21.8799991607666,21.129758834838867,1034000
2021-11-30,NWS,21.6299991607666,21.96999931335449,21.399999618530277,21.549999237060547,20.811073303222656,1727600
2021-11-30,NWS,21.6299991607666,21.96999931335449,21.399999618530277,21.549999237060547,20.811073303222656,1727600
2021-12-01,NWS,21.899999618530277,22.149999618530277,21.18000030517578,21.200000762939453,20.47307777404785,1335700
2021-12-01,NWS,21.899999618530277,22.149999618530277,21.18000030517578,21.200000762939453,20.47307777404785,1335700
2021-12-02,NWS,21.770000457763672,21.950000762939453,21.280000686645508,21.8700008392334,21.12010383605957,996700
2021-12-02,NWS,21.770000457763672,21.950000762939453,21.280000686645508,21.8700008392334,21.12010383605957,996700
2021-12-03,NWS,21.90999984741211,21.90999984741211,21.229999542236328,21.8700008392334,21.12010383605957,908400
2021-12-03,NWS,21.90999984741211,21.90999984741211,21.229999542236328,21.8700008392334,21.12010383605957,908400
2021-12-06,NWS,22.11000061035156,22.170000076293945,21.809999465942383,22.020000457763672,21.26496124267578,745300
2021-12-06,NWS,22.11000061035156,22.170000076293945,21.809999465942383,22.020000457763672,21.26496124267578,745300
2021-12-07,NWS,22.21999931335449,22.489999771118164,22.18000030517578,22.239999771118164,21.4774169921875,735200
2021-12-07,NWS,22.21999931335449,22.489999771118164,22.18000030517578,22.239999771118164,21.4774169921875,735200
2021-12-08,NWS,22.420000076293945,22.559999465942383,22.190000534057617,22.3700008392334,21.60295867919922,709300
2021-12-08,NWS,22.420000076293945,22.559999465942383,22.190000534057617,22.3700008392334,21.60295867919922,709300
2021-12-09,NWS,22.280000686645508,22.36000061035156,21.920000076293945,21.950000762939453,21.197362899780277,711600
2021-12-09,NWS,22.280000686645508,22.36000061035156,21.920000076293945,21.950000762939453,21.197362899780277,711600
2021-12-10,NWS,22.040000915527344,22.309999465942383,21.489999771118164,21.56999969482422,20.83039283752441,1547100
2021-12-10,NWS,22.040000915527344,22.309999465942383,21.489999771118164,21.56999969482422,20.83039283752441,1547100
2021-12-13,NWS,21.600000381469727,21.690000534057617,21.270000457763672,21.459999084472656,20.72416114807129,704000
2021-12-13,NWS,21.600000381469727,21.690000534057617,21.270000457763672,21.459999084472656,20.72416114807129,704000
2021-12-14,NWS,21.450000762939453,21.559999465942383,21.059999465942383,21.11000061035156,20.38616371154785,588900
2021-12-14,NWS,21.450000762939453,21.559999465942383,21.059999465942383,21.11000061035156,20.38616371154785,588900
2021-12-15,NWS,21.209999084472656,21.540000915527344,21.040000915527344,21.459999084472656,20.72416114807129,1203600
2021-12-15,NWS,21.209999084472656,21.540000915527344,21.040000915527344,21.459999084472656,20.72416114807129,1203600
2021-12-16,NWS,21.729999542236328,21.93000030517578,21.61000061035156,21.61000061035156,20.8690185546875,696200
2021-12-16,NWS,21.729999542236328,21.93000030517578,21.61000061035156,21.61000061035156,20.8690185546875,696200
2021-12-17,NWS,21.63999938964844,21.739999771118164,21.190000534057617,21.5,20.762792587280277,1788300
2021-12-17,NWS,21.63999938964844,21.739999771118164,21.190000534057617,21.5,20.762792587280277,1788300
2021-12-20,NWS,21.100000381469727,21.21999931335449,20.780000686645508,21.11000061035156,20.38616371154785,502200
2021-12-20,NWS,21.100000381469727,21.21999931335449,20.780000686645508,21.11000061035156,20.38616371154785,502200
2021-12-21,NWS,21.25,21.979999542236328,21.25,21.959999084472656,21.20701789855957,558400
2021-12-21,NWS,21.25,21.979999542236328,21.25,21.959999084472656,21.20701789855957,558400
2021-12-22,NWS,21.920000076293945,22.21999931335449,21.90999984741211,22.07999992370605,21.32290267944336,392000
2021-12-22,NWS,21.920000076293945,22.21999931335449,21.90999984741211,22.07999992370605,21.32290267944336,392000
2021-12-23,NWS,22.21999931335449,22.65999984741211,22.11000061035156,22.549999237060547,21.776784896850582,323300
2021-12-23,NWS,22.21999931335449,22.65999984741211,22.11000061035156,22.549999237060547,21.776784896850582,323300
2021-12-27,NWS,22.559999465942383,22.940000534057617,22.549999237060547,22.8799991607666,22.0954704284668,303300
2021-12-27,NWS,22.559999465942383,22.940000534057617,22.549999237060547,22.8799991607666,22.0954704284668,303300
2021-12-28,NWS,22.82999992370605,23.07999992370605,22.799999237060547,22.93000030517578,22.14375686645508,232300
2021-12-28,NWS,22.82999992370605,23.07999992370605,22.799999237060547,22.93000030517578,22.14375686645508,232300
2021-12-29,NWS,23.030000686645508,23.040000915527344,22.739999771118164,22.770000457763672,21.989246368408203,323800
2021-12-29,NWS,23.030000686645508,23.040000915527344,22.739999771118164,22.770000457763672,21.989246368408203,323800
2021-12-30,NWS,22.770000457763672,23.06999969482422,22.690000534057617,22.729999542236328,21.95061492919922,241600
2021-12-30,NWS,22.770000457763672,23.06999969482422,22.690000534057617,22.729999542236328,21.95061492919922,241600
2021-12-31,NWS,22.770000457763672,22.86000061035156,22.440000534057617,22.5,21.728504180908203,306000
2021-12-31,NWS,22.770000457763672,22.86000061035156,22.440000534057617,22.5,21.728504180908203,306000
2022-01-03,NWS,22.649999618530277,23.11000061035156,22.649999618530277,22.8799991607666,22.0954704284668,507100
2022-01-03,NWS,22.649999618530277,23.11000061035156,22.649999618530277,22.8799991607666,22.0954704284668,507100
2022-01-04,NWS,23.049999237060547,23.239999771118164,22.709999084472656,22.780000686645508,21.9989013671875,570500
2022-01-04,NWS,23.049999237060547,23.239999771118164,22.709999084472656,22.780000686645508,21.9989013671875,570500
2022-01-05,NWS,22.899999618530277,23.100000381469727,21.989999771118164,22.040000915527344,21.28427505493164,594800
2022-01-05,NWS,22.899999618530277,23.100000381469727,21.989999771118164,22.040000915527344,21.28427505493164,594800
2022-01-06,NWS,21.670000076293945,22.920000076293945,21.670000076293945,22.76000022888184,21.97958755493164,693000
2022-01-06,NWS,21.670000076293945,22.920000076293945,21.670000076293945,22.76000022888184,21.97958755493164,693000
2022-01-07,NWS,22.790000915527344,22.950000762939453,22.65999984741211,22.690000534057617,21.9119873046875,821500
2022-01-07,NWS,22.790000915527344,22.950000762939453,22.65999984741211,22.690000534057617,21.9119873046875,821500
2022-01-10,NWS,22.6299991607666,22.770000457763672,22.11000061035156,22.43000030517578,21.660903930664062,308800
2022-01-10,NWS,22.6299991607666,22.770000457763672,22.11000061035156,22.43000030517578,21.660903930664062,308800
2022-01-11,NWS,22.549999237060547,22.709999084472656,22.36000061035156,22.709999084472656,21.931299209594727,407200
2022-01-11,NWS,22.549999237060547,22.709999084472656,22.36000061035156,22.709999084472656,21.931299209594727,407200
2022-01-12,NWS,22.739999771118164,22.950000762939453,22.59000015258789,22.86000061035156,22.076160430908203,280300
2022-01-12,NWS,22.739999771118164,22.950000762939453,22.59000015258789,22.86000061035156,22.076160430908203,280300
2022-01-13,NWS,22.950000762939453,23.3700008392334,22.86000061035156,23.190000534057617,22.39484596252441,278300
2022-01-13,NWS,22.950000762939453,23.3700008392334,22.86000061035156,23.190000534057617,22.39484596252441,278300
2022-01-14,NWS,22.940000534057617,23.209999084472656,22.56999969482422,22.940000534057617,22.153413772583008,429300
2022-01-14,NWS,22.940000534057617,23.209999084472656,22.56999969482422,22.940000534057617,22.153413772583008,429300
2022-01-18,NWS,22.809999465942383,22.809999465942383,22.200000762939453,22.40999984741211,21.64158821105957,410600
2022-01-18,NWS,22.809999465942383,22.809999465942383,22.200000762939453,22.40999984741211,21.64158821105957,410600
2022-01-19,NWS,22.559999465942383,22.6200008392334,22.229999542236328,22.299999237060547,21.53535842895508,298900
2022-01-19,NWS,22.559999465942383,22.6200008392334,22.229999542236328,22.299999237060547,21.53535842895508,298900
2022-01-20,NWS,22.299999237060547,22.700000762939453,21.8799991607666,21.90999984741211,21.15873336791992,461100
2022-01-20,NWS,22.299999237060547,22.700000762939453,21.8799991607666,21.90999984741211,21.15873336791992,461100
2022-01-21,NWS,21.770000457763672,22.100000381469727,21.559999465942383,21.65999984741211,20.91730690002441,515200
2022-01-21,NWS,21.770000457763672,22.100000381469727,21.559999465942383,21.65999984741211,20.91730690002441,515200
2022-01-24,NWS,21.38999938964844,22.239999771118164,21.1200008392334,22.200000762939453,21.438793182373047,536300
2022-01-24,NWS,21.38999938964844,22.239999771118164,21.1200008392334,22.200000762939453,21.438793182373047,536300
2022-01-25,NWS,21.8799991607666,21.989999771118164,21.31999969482422,21.790000915527344,21.0428466796875,490600
2022-01-25,NWS,21.8799991607666,21.989999771118164,21.31999969482422,21.790000915527344,21.0428466796875,490600
2022-01-26,NWS,21.959999084472656,22.239999771118164,21.34000015258789,21.559999465942383,20.82073211669922,452900
2022-01-26,NWS,21.959999084472656,22.239999771118164,21.34000015258789,21.559999465942383,20.82073211669922,452900
2022-01-27,NWS,21.31999969482422,21.6299991607666,20.93000030517578,21.040000915527344,20.318565368652344,1167500
2022-01-27,NWS,21.31999969482422,21.6299991607666,20.93000030517578,21.040000915527344,20.318565368652344,1167500
2022-01-28,NWS,20.93000030517578,21.76000022888184,20.90999984741211,21.76000022888184,21.01387596130371,474400
2022-01-28,NWS,20.93000030517578,21.76000022888184,20.90999984741211,21.76000022888184,21.01387596130371,474400
2022-01-31,NWS,21.6299991607666,22.25,21.59000015258789,22.239999771118164,21.4774169921875,535700
2022-01-31,NWS,21.6299991607666,22.25,21.59000015258789,22.239999771118164,21.4774169921875,535700
2022-02-01,NWS,22.170000076293945,22.459999084472656,22.09000015258789,22.25,21.487075805664062,395000
2022-02-01,NWS,22.170000076293945,22.459999084472656,22.09000015258789,22.25,21.487075805664062,395000
2022-02-02,NWS,22.350000381469727,22.520000457763672,22.15999984741211,22.420000076293945,21.651243209838867,478700
2022-02-02,NWS,22.350000381469727,22.520000457763672,22.15999984741211,22.420000076293945,21.651243209838867,478700
2022-02-03,NWS,22.25,22.739999771118164,22.25,22.540000915527344,21.76712989807129,442600
2022-02-03,NWS,22.25,22.739999771118164,22.25,22.540000915527344,21.76712989807129,442600
2022-02-04,NWS,23.65999984741211,24.15999984741211,22.09000015258789,22.729999542236328,21.95061492919922,1018800
2022-02-04,NWS,23.65999984741211,24.15999984741211,22.09000015258789,22.729999542236328,21.95061492919922,1018800
2022-02-07,NWS,22.81999969482422,23.209999084472656,22.71999931335449,22.799999237060547,22.018213272094727,695600
2022-02-07,NWS,22.81999969482422,23.209999084472656,22.71999931335449,22.799999237060547,22.018213272094727,695600
2022-02-08,NWS,22.670000076293945,23.479999542236328,22.670000076293945,23.280000686645508,22.48175811767578,784100
2022-02-08,NWS,22.670000076293945,23.479999542236328,22.670000076293945,23.280000686645508,22.48175811767578,784100
2022-02-09,NWS,23.540000915527344,23.93000030517578,23.540000915527344,23.899999618530277,23.08049964904785,659000
2022-02-09,NWS,23.540000915527344,23.93000030517578,23.540000915527344,23.899999618530277,23.08049964904785,659000
2022-02-10,NWS,23.649999618530277,24.020000457763672,23.43000030517578,23.600000381469727,22.790786743164062,672500
2022-02-10,NWS,23.649999618530277,24.020000457763672,23.43000030517578,23.600000381469727,22.790786743164062,672500
2022-02-11,NWS,23.530000686645508,23.65999984741211,22.920000076293945,22.96999931335449,22.1823844909668,487200
2022-02-11,NWS,23.530000686645508,23.65999984741211,22.920000076293945,22.96999931335449,22.1823844909668,487200
2022-02-14,NWS,23.040000915527344,23.100000381469727,22.450000762939453,22.600000381469727,21.8250732421875,1075500
2022-02-14,NWS,23.040000915527344,23.100000381469727,22.450000762939453,22.600000381469727,21.8250732421875,1075500
2022-02-15,NWS,22.90999984741211,23.489999771118164,22.82999992370605,23.40999984741211,22.6072998046875,334300
2022-02-15,NWS,22.90999984741211,23.489999771118164,22.82999992370605,23.40999984741211,22.6072998046875,334300
2022-02-16,NWS,23.239999771118164,23.96999931335449,23.18000030517578,23.959999084472656,23.13844108581543,426400
2022-02-16,NWS,23.239999771118164,23.96999931335449,23.18000030517578,23.959999084472656,23.13844108581543,426400
2022-02-17,NWS,23.739999771118164,23.770000457763672,22.96999931335449,23.059999465942383,22.26930427551269,449300
2022-02-17,NWS,23.739999771118164,23.770000457763672,22.96999931335449,23.059999465942383,22.26930427551269,449300
2022-02-18,NWS,22.88999938964844,22.959999084472656,22.280000686645508,22.3700008392334,21.60295867919922,555300
2022-02-18,NWS,22.88999938964844,22.959999084472656,22.280000686645508,22.3700008392334,21.60295867919922,555300
2022-02-22,NWS,22.26000022888184,22.3799991607666,21.93000030517578,22.020000457763672,21.26496124267578,437900
2022-02-22,NWS,22.26000022888184,22.3799991607666,21.93000030517578,22.020000457763672,21.26496124267578,437900
2022-02-23,NWS,22.18000030517578,22.25,21.540000915527344,21.61000061035156,20.8690185546875,392400
2022-02-23,NWS,22.18000030517578,22.25,21.540000915527344,21.61000061035156,20.8690185546875,392400
2022-02-24,NWS,21.020000457763672,21.75,20.809999465942383,21.690000534057617,20.94627952575684,794600
2022-02-24,NWS,21.020000457763672,21.75,20.809999465942383,21.690000534057617,20.94627952575684,794600
2022-02-25,NWS,21.59000015258789,22.3700008392334,21.530000686645508,22.34000015258789,21.57398796081543,789000
2022-02-25,NWS,21.59000015258789,22.3700008392334,21.530000686645508,22.34000015258789,21.57398796081543,789000
2022-02-28,NWS,21.959999084472656,22.530000686645508,21.940000534057617,22.43000030517578,21.660903930664062,770500
2022-02-28,NWS,21.959999084472656,22.530000686645508,21.940000534057617,22.43000030517578,21.660903930664062,770500
2022-03-01,NWS,22.25,22.440000534057617,21.350000381469727,21.540000915527344,20.801420211791992,600300
2022-03-01,NWS,22.25,22.440000534057617,21.350000381469727,21.540000915527344,20.801420211791992,600300
2022-03-02,NWS,21.649999618530277,22.700000762939453,21.649999618530277,22.63999938964844,21.86370086669922,755800
2022-03-02,NWS,21.649999618530277,22.700000762939453,21.649999618530277,22.63999938964844,21.86370086669922,755800
2022-03-03,NWS,22.489999771118164,22.739999771118164,21.790000915527344,21.899999618530277,21.149076461791992,431500
2022-03-03,NWS,22.489999771118164,22.739999771118164,21.790000915527344,21.899999618530277,21.149076461791992,431500
2022-03-04,NWS,21.649999618530277,21.649999618530277,21.1200008392334,21.350000381469727,20.61793708801269,585800
2022-03-04,NWS,21.649999618530277,21.649999618530277,21.1200008392334,21.350000381469727,20.61793708801269,585800
2022-03-07,NWS,21.36000061035156,21.40999984741211,20.51000022888184,20.520000457763672,19.816394805908203,735100
2022-03-07,NWS,21.36000061035156,21.40999984741211,20.51000022888184,20.520000457763672,19.816394805908203,735100
2022-03-08,NWS,20.600000381469727,21.25,20.32999992370605,20.559999465942383,19.855024337768555,721000
2022-03-08,NWS,20.600000381469727,21.25,20.32999992370605,20.559999465942383,19.855024337768555,721000
2022-03-09,NWS,21.170000076293945,21.729999542236328,21.13999938964844,21.520000457763672,20.7821044921875,598300
2022-03-09,NWS,21.170000076293945,21.729999542236328,21.13999938964844,21.520000457763672,20.7821044921875,598300
2022-03-10,NWS,21.190000534057617,21.459999084472656,20.989999771118164,21.32999992370605,20.598621368408203,415400
2022-03-10,NWS,21.190000534057617,21.459999084472656,20.989999771118164,21.32999992370605,20.598621368408203,415400
2022-03-11,NWS,21.71999931335449,22.209999084472656,21.399999618530277,21.40999984741211,20.675878524780277,568600
2022-03-11,NWS,21.71999931335449,22.209999084472656,21.399999618530277,21.40999984741211,20.675878524780277,568600
2022-03-14,NWS,21.540000915527344,21.71999931335449,21.31999969482422,21.479999542236328,20.74347686767578,666800
2022-03-14,NWS,21.540000915527344,21.71999931335449,21.31999969482422,21.479999542236328,20.74347686767578,666800
2022-03-15,NWS,21.6200008392334,21.850000381469727,21.21999931335449,21.440000534057617,20.80169105529785,577300
2022-03-15,NWS,21.6200008392334,21.850000381469727,21.21999931335449,21.440000534057617,20.80169105529785,577300
2022-03-16,NWS,21.63999938964844,22.239999771118164,21.540000915527344,22.100000381469727,21.442039489746094,419700
2022-03-16,NWS,21.63999938964844,22.239999771118164,21.540000915527344,22.100000381469727,21.442039489746094,419700
2022-03-17,NWS,21.88999938964844,22.799999237060547,21.850000381469727,22.75,22.07269096374512,469400
2022-03-17,NWS,21.88999938964844,22.799999237060547,21.850000381469727,22.75,22.07269096374512,469400
2022-03-18,NWS,22.6299991607666,22.71999931335449,22.3799991607666,22.43000030517578,21.76221466064453,1597500
2022-03-18,NWS,22.6299991607666,22.71999931335449,22.3799991607666,22.43000030517578,21.76221466064453,1597500
2022-03-21,NWS,22.5,22.780000686645508,22.059999465942383,22.290000915527344,21.626384735107425,427400
2022-03-21,NWS,22.5,22.780000686645508,22.059999465942383,22.290000915527344,21.626384735107425,427400
2022-03-22,NWS,22.350000381469727,22.68000030517578,22.06999969482422,22.479999542236328,21.81072998046875,318100
2022-03-22,NWS,22.350000381469727,22.68000030517578,22.06999969482422,22.479999542236328,21.81072998046875,318100
2022-03-23,NWS,22.3799991607666,22.3799991607666,22.170000076293945,22.25,21.587574005126957,446700
2022-03-23,NWS,22.3799991607666,22.3799991607666,22.170000076293945,22.25,21.587574005126957,446700
2022-03-24,NWS,22.270000457763672,22.8799991607666,21.899999618530277,22.850000381469727,22.16971206665039,573600
2022-03-24,NWS,22.270000457763672,22.8799991607666,21.899999618530277,22.850000381469727,22.16971206665039,573600
2022-03-25,NWS,22.940000534057617,23.149999618530277,22.799999237060547,22.950000762939453,22.26673698425293,395500
2022-03-25,NWS,22.940000534057617,23.149999618530277,22.799999237060547,22.950000762939453,22.26673698425293,395500
2022-03-28,NWS,22.88999938964844,22.96999931335449,22.709999084472656,22.86000061035156,22.179414749145508,240600
2022-03-28,NWS,22.88999938964844,22.96999931335449,22.709999084472656,22.86000061035156,22.179414749145508,240600
2022-03-29,NWS,23.1200008392334,23.3700008392334,23.1200008392334,23.209999084472656,22.518993377685547,447200
2022-03-29,NWS,23.1200008392334,23.3700008392334,23.1200008392334,23.209999084472656,22.518993377685547,447200
2022-03-30,NWS,23.170000076293945,23.32999992370605,22.979999542236328,23.059999465942383,22.37346076965332,266100
2022-03-30,NWS,23.170000076293945,23.32999992370605,22.979999542236328,23.059999465942383,22.37346076965332,266100
2022-03-31,NWS,22.920000076293945,23.020000457763672,22.51000022888184,22.520000457763672,21.849536895751957,551200
2022-03-31,NWS,22.920000076293945,23.020000457763672,22.51000022888184,22.520000457763672,21.849536895751957,551200
2022-04-01,NWS,22.6299991607666,22.780000686645508,22.190000534057617,22.309999465942383,21.645790100097656,316300
2022-04-01,NWS,22.6299991607666,22.780000686645508,22.190000534057617,22.309999465942383,21.645790100097656,316300
2022-04-04,NWS,22.299999237060547,22.489999771118164,22.1200008392334,22.450000762939453,21.78162002563477,325900
2022-04-04,NWS,22.299999237060547,22.489999771118164,22.1200008392334,22.450000762939453,21.78162002563477,325900
2022-04-05,NWS,22.36000061035156,22.51000022888184,22.15999984741211,22.350000381469727,21.68459701538086,328500
2022-04-05,NWS,22.36000061035156,22.51000022888184,22.15999984741211,22.350000381469727,21.68459701538086,328500
2022-04-06,NWS,22.21999931335449,22.280000686645508,21.82999992370605,22.040000915527344,21.38382911682129,475100
2022-04-06,NWS,22.21999931335449,22.280000686645508,21.82999992370605,22.040000915527344,21.38382911682129,475100
2022-04-07,NWS,21.950000762939453,22.0,21.299999237060547,21.68000030517578,21.0345458984375,265300
2022-04-07,NWS,21.950000762939453,22.0,21.299999237060547,21.68000030517578,21.0345458984375,265300
2022-04-08,NWS,21.68000030517578,21.8700008392334,21.3799991607666,21.68000030517578,21.0345458984375,394700
2022-04-08,NWS,21.68000030517578,21.8700008392334,21.3799991607666,21.68000030517578,21.0345458984375,394700
2022-04-11,NWS,21.6299991607666,21.88999938964844,21.459999084472656,21.479999542236328,20.840499877929688,481500
2022-04-11,NWS,21.6299991607666,21.88999938964844,21.459999084472656,21.479999542236328,20.840499877929688,481500
2022-04-12,NWS,21.63999938964844,21.88999938964844,21.190000534057617,21.3799991607666,20.74347686767578,587000
2022-04-12,NWS,21.63999938964844,21.88999938964844,21.190000534057617,21.3799991607666,20.74347686767578,587000
2022-04-13,NWS,21.3700008392334,22.09000015258789,21.3700008392334,22.07999992370605,21.422637939453125,694900
2022-04-13,NWS,21.3700008392334,22.09000015258789,21.3700008392334,22.07999992370605,21.422637939453125,694900
2022-04-14,NWS,22.09000015258789,22.290000915527344,21.459999084472656,21.479999542236328,20.840499877929688,493000
2022-04-14,NWS,22.09000015258789,22.290000915527344,21.459999084472656,21.479999542236328,20.840499877929688,493000
2022-04-18,NWS,21.479999542236328,21.729999542236328,21.309999465942383,21.46999931335449,20.830799102783203,348600
2022-04-18,NWS,21.479999542236328,21.729999542236328,21.309999465942383,21.46999931335449,20.830799102783203,348600
2022-04-19,NWS,21.46999931335449,22.18000030517578,21.46999931335449,22.1299991607666,21.47114562988281,378600
2022-04-19,NWS,21.46999931335449,22.18000030517578,21.46999931335449,22.1299991607666,21.47114562988281,378600
2022-04-20,NWS,22.280000686645508,22.31999969482422,21.90999984741211,22.190000534057617,21.52936553955078,852900
2022-04-20,NWS,22.280000686645508,22.31999969482422,21.90999984741211,22.190000534057617,21.52936553955078,852900
2022-04-21,NWS,22.38999938964844,22.459999084472656,21.690000534057617,21.709999084472656,21.06365203857422,319600
2022-04-21,NWS,22.38999938964844,22.459999084472656,21.690000534057617,21.709999084472656,21.06365203857422,319600
2022-04-22,NWS,21.600000381469727,21.61000061035156,21.09000015258789,21.11000061035156,20.48151397705078,399900
2022-04-22,NWS,21.600000381469727,21.61000061035156,21.09000015258789,21.11000061035156,20.48151397705078,399900
2022-04-25,NWS,21.040000915527344,21.149999618530277,20.61000061035156,21.1299991607666,20.500919342041016,492900
2022-04-25,NWS,21.040000915527344,21.149999618530277,20.61000061035156,21.1299991607666,20.500919342041016,492900
2022-04-26,NWS,20.950000762939453,20.989999771118164,20.290000915527344,20.290000915527344,19.685930252075195,355300
2022-04-26,NWS,20.950000762939453,20.989999771118164,20.290000915527344,20.290000915527344,19.685930252075195,355300
2022-04-27,NWS,20.290000915527344,20.57999992370605,20.149999618530277,20.440000534057617,19.831462860107425,608400
2022-04-27,NWS,20.290000915527344,20.57999992370605,20.149999618530277,20.440000534057617,19.831462860107425,608400
2022-04-28,NWS,20.56999969482422,20.690000534057617,20.149999618530277,20.46999931335449,19.860567092895508,759700
2022-04-28,NWS,20.56999969482422,20.690000534057617,20.149999618530277,20.46999931335449,19.860567092895508,759700
2022-04-29,NWS,20.280000686645508,20.540000915527344,19.86000061035156,19.90999984741211,19.317243576049805,882400
2022-04-29,NWS,20.280000686645508,20.540000915527344,19.86000061035156,19.90999984741211,19.317243576049805,882400
2022-05-02,NWS,20.01000022888184,20.309999465942383,19.76000022888184,20.309999465942383,19.705331802368164,736300
2022-05-02,NWS,20.01000022888184,20.309999465942383,19.76000022888184,20.309999465942383,19.705331802368164,736300
2022-05-03,NWS,20.399999618530277,20.440000534057617,19.979999542236328,20.25,19.647119522094727,565500
2022-05-03,NWS,20.399999618530277,20.440000534057617,19.979999542236328,20.25,19.647119522094727,565500
2022-05-04,NWS,20.25,20.780000686645508,20.13999938964844,20.780000686645508,20.161340713500977,630500
2022-05-04,NWS,20.25,20.780000686645508,20.13999938964844,20.780000686645508,20.161340713500977,630500
2022-05-05,NWS,20.57999992370605,20.600000381469727,19.32999992370605,19.59000015258789,19.00676727294922,766600
2022-05-05,NWS,20.57999992370605,20.600000381469727,19.32999992370605,19.59000015258789,19.00676727294922,766600
2022-05-06,NWS,19.07999992370605,19.51000022888184,16.56999969482422,16.90999984741211,16.406557083129883,1299300
2022-05-06,NWS,19.07999992370605,19.51000022888184,16.56999969482422,16.90999984741211,16.406557083129883,1299300
2022-05-09,NWS,16.639999389648438,17.790000915527344,16.639999389648438,17.59000015258789,17.066314697265625,1969700
2022-05-09,NWS,16.639999389648438,17.790000915527344,16.639999389648438,17.59000015258789,17.066314697265625,1969700
2022-05-10,NWS,17.780000686645508,18.1299991607666,17.40999984741211,17.6200008392334,17.095420837402344,1267600
2022-05-10,NWS,17.780000686645508,18.1299991607666,17.40999984741211,17.6200008392334,17.095420837402344,1267600
2022-05-11,NWS,17.579999923706055,18.030000686645508,16.989999771118164,17.010000228881836,16.50358009338379,777200
2022-05-11,NWS,17.579999923706055,18.030000686645508,16.989999771118164,17.010000228881836,16.50358009338379,777200
2022-05-12,NWS,16.969999313354492,17.610000610351562,16.850000381469727,17.600000381469727,17.076017379760742,1378000
2022-05-12,NWS,16.969999313354492,17.610000610351562,16.850000381469727,17.600000381469727,17.076017379760742,1378000
2022-05-13,NWS,17.729999542236328,18.170000076293945,17.579999923706055,17.950000762939453,17.41559410095215,848000
2022-05-13,NWS,17.729999542236328,18.170000076293945,17.579999923706055,17.950000762939453,17.41559410095215,848000
2022-05-16,NWS,17.959999084472656,18.100000381469727,17.700000762939453,17.850000381469727,17.318572998046875,563100
2022-05-16,NWS,17.959999084472656,18.100000381469727,17.700000762939453,17.850000381469727,17.318572998046875,563100
2022-05-17,NWS,18.290000915527344,18.649999618530277,18.290000915527344,18.6299991607666,18.075347900390625,810000
2022-05-17,NWS,18.290000915527344,18.649999618530277,18.290000915527344,18.6299991607666,18.075347900390625,810000
2022-05-18,NWS,18.3700008392334,18.3799991607666,17.690000534057617,17.739999771118164,17.21184539794922,597700
2022-05-18,NWS,18.3700008392334,18.3799991607666,17.690000534057617,17.739999771118164,17.21184539794922,597700
2022-05-19,NWS,17.6200008392334,17.969999313354492,17.530000686645508,17.780000686645508,17.250656127929688,724000
2022-05-19,NWS,17.6200008392334,17.969999313354492,17.530000686645508,17.780000686645508,17.250656127929688,724000
2022-05-20,NWS,18.040000915527344,18.170000076293945,17.489999771118164,17.889999389648438,17.35738182067871,761900
2022-05-20,NWS,18.040000915527344,18.170000076293945,17.489999771118164,17.889999389648438,17.35738182067871,761900
2022-05-23,NWS,18.15999984741211,18.190000534057617,17.579999923706055,17.770000457763672,17.240955352783203,640700
2022-05-23,NWS,18.15999984741211,18.190000534057617,17.579999923706055,17.770000457763672,17.240955352783203,640700
2022-05-24,NWS,17.530000686645508,17.540000915527344,16.68000030517578,16.8700008392334,16.36775016784668,765400
2022-05-24,NWS,17.530000686645508,17.540000915527344,16.68000030517578,16.8700008392334,16.36775016784668,765400
2022-05-25,NWS,16.8700008392334,17.290000915527344,16.8700008392334,17.149999618530273,16.639413833618164,535500
2022-05-25,NWS,16.8700008392334,17.290000915527344,16.8700008392334,17.149999618530273,16.639413833618164,535500
2022-05-26,NWS,17.25,17.469999313354492,17.110000610351562,17.399999618530273,16.881969451904297,1189600
2022-05-26,NWS,17.25,17.469999313354492,17.110000610351562,17.399999618530273,16.881969451904297,1189600
2022-05-27,NWS,17.450000762939453,17.850000381469727,17.40999984741211,17.850000381469727,17.318572998046875,829300
2022-05-27,NWS,17.450000762939453,17.850000381469727,17.40999984741211,17.850000381469727,17.318572998046875,829300
2022-05-31,NWS,17.729999542236328,17.729999542236328,17.31999969482422,17.579999923706055,17.056610107421875,834600
2022-05-31,NWS,17.729999542236328,17.729999542236328,17.31999969482422,17.579999923706055,17.056610107421875,834600
2022-06-01,NWS,17.649999618530273,17.799999237060547,17.1299991607666,17.3799991607666,16.862564086914062,939300
2022-06-01,NWS,17.649999618530273,17.799999237060547,17.1299991607666,17.3799991607666,16.862564086914062,939300
2022-06-02,NWS,17.469999313354492,18.07999992370605,17.440000534057617,18.020000457763672,17.483510971069336,1139900
2022-06-02,NWS,17.469999313354492,18.07999992370605,17.440000534057617,18.020000457763672,17.483510971069336,1139900
2022-06-03,NWS,17.790000915527344,17.790000915527344,17.309999465942383,17.469999313354492,16.94988441467285,393000
2022-06-03,NWS,17.790000915527344,17.790000915527344,17.309999465942383,17.469999313354492,16.94988441467285,393000
2022-06-06,NWS,17.690000534057617,17.739999771118164,17.450000762939453,17.690000534057617,17.1633358001709,476400
2022-06-06,NWS,17.690000534057617,17.739999771118164,17.450000762939453,17.690000534057617,17.1633358001709,476400
2022-06-07,NWS,17.459999084472656,17.889999389648438,17.309999465942383,17.84000015258789,17.308870315551758,376900
2022-06-07,NWS,17.459999084472656,17.889999389648438,17.309999465942383,17.84000015258789,17.308870315551758,376900
2022-06-08,NWS,17.670000076293945,17.889999389648438,17.479999542236328,17.510000228881836,16.98869514465332,403700
2022-06-08,NWS,17.670000076293945,17.889999389648438,17.479999542236328,17.510000228881836,16.98869514465332,403700
2022-06-09,NWS,17.3799991607666,17.489999771118164,17.1200008392334,17.1299991607666,16.620004653930664,580200
2022-06-09,NWS,17.3799991607666,17.489999771118164,17.1200008392334,17.1299991607666,16.620004653930664,580200
2022-06-10,NWS,16.829999923706055,16.90999984741211,16.639999389648438,16.809999465942383,16.309532165527344,512700
2022-06-10,NWS,16.829999923706055,16.90999984741211,16.639999389648438,16.809999465942383,16.309532165527344,512700
2022-06-13,NWS,16.420000076293945,16.450000762939453,15.829999923706056,15.890000343322754,15.416924476623535,543800
2022-06-13,NWS,16.420000076293945,16.450000762939453,15.829999923706056,15.890000343322754,15.416924476623535,543800
2022-06-14,NWS,15.93000030517578,16.020000457763672,15.600000381469728,15.800000190734863,15.329604148864746,490300
2022-06-14,NWS,15.93000030517578,16.020000457763672,15.600000381469728,15.800000190734863,15.329604148864746,490300
2022-06-15,NWS,15.989999771118164,16.079999923706055,15.579999923706056,15.800000190734863,15.329604148864746,1207800
2022-06-15,NWS,15.989999771118164,16.079999923706055,15.579999923706056,15.800000190734863,15.329604148864746,1207800
2022-06-16,NWS,15.510000228881836,15.6899995803833,15.229999542236328,15.649999618530272,15.184069633483888,846700
2022-06-16,NWS,15.510000228881836,15.6899995803833,15.229999542236328,15.649999618530272,15.184069633483888,846700
2022-06-17,NWS,15.649999618530272,16.049999237060547,15.649999618530272,15.729999542236328,15.261688232421877,2796700
2022-06-17,NWS,15.649999618530272,16.049999237060547,15.649999618530272,15.729999542236328,15.261688232421877,2796700
2022-06-21,NWS,15.93000030517578,16.149999618530273,15.489999771118164,15.5,15.038535118103027,911200
2022-06-21,NWS,15.93000030517578,16.149999618530273,15.489999771118164,15.5,15.038535118103027,911200
2022-06-22,NWS,15.31999969482422,15.5,15.18000030517578,15.380000114440918,14.92210865020752,920800
2022-06-22,NWS,15.31999969482422,15.5,15.18000030517578,15.380000114440918,14.92210865020752,920800
2022-06-23,NWS,15.399999618530272,15.550000190734863,15.229999542236328,15.520000457763672,15.057940483093262,683400
2022-06-23,NWS,15.399999618530272,15.550000190734863,15.229999542236328,15.520000457763672,15.057940483093262,683400
2022-06-24,NWS,15.68000030517578,16.149999618530273,15.640000343322754,16.079999923706055,15.601268768310549,971500
2022-06-24,NWS,15.68000030517578,16.149999618530273,15.640000343322754,16.079999923706055,15.601268768310549,971500
2022-06-27,NWS,16.209999084472656,16.270000457763672,15.90999984741211,16.049999237060547,15.572161674499512,1047000
2022-06-27,NWS,16.209999084472656,16.270000457763672,15.90999984741211,16.049999237060547,15.572161674499512,1047000
2022-06-28,NWS,16.110000610351562,16.43000030517578,15.779999732971191,15.8100004196167,15.33930778503418,821900
2022-06-28,NWS,16.110000610351562,16.43000030517578,15.779999732971191,15.8100004196167,15.33930778503418,821900
2022-06-29,NWS,15.729999542236328,15.779999732971191,15.489999771118164,15.640000343322754,15.17436695098877,713400
2022-06-29,NWS,15.729999542236328,15.779999732971191,15.489999771118164,15.640000343322754,15.17436695098877,713400
2022-06-30,NWS,15.510000228881836,16.049999237060547,15.399999618530272,15.890000343322754,15.416924476623535,857700
2022-06-30,NWS,15.510000228881836,16.049999237060547,15.399999618530272,15.890000343322754,15.416924476623535,857700
2022-07-01,NWS,15.770000457763672,16.1299991607666,15.739999771118164,16.100000381469727,15.62067413330078,621900
2022-07-01,NWS,15.770000457763672,16.1299991607666,15.739999771118164,16.100000381469727,15.62067413330078,621900
2022-07-05,NWS,15.760000228881836,15.949999809265137,15.5,15.949999809265137,15.475137710571287,421900
2022-07-05,NWS,15.760000228881836,15.949999809265137,15.5,15.949999809265137,15.475137710571287,421900
2022-07-06,NWS,16.040000915527344,16.149999618530273,15.710000038146973,15.899999618530272,15.426627159118652,654400
2022-07-06,NWS,16.040000915527344,16.149999618530273,15.710000038146973,15.899999618530272,15.426627159118652,654400
2022-07-07,NWS,16.0,16.15999984741211,15.93000030517578,16.1299991607666,15.64977741241455,474600
2022-07-07,NWS,16.0,16.15999984741211,15.93000030517578,16.1299991607666,15.64977741241455,474600
2022-07-08,NWS,16.09000015258789,16.209999084472656,15.960000038146973,16.030000686645508,15.552757263183594,310300
2022-07-08,NWS,16.09000015258789,16.209999084472656,15.960000038146973,16.030000686645508,15.552757263183594,310300
2022-07-11,NWS,15.84000015258789,15.859999656677246,15.640000343322754,15.65999984741211,15.193771362304688,375800
2022-07-11,NWS,15.84000015258789,15.859999656677246,15.640000343322754,15.65999984741211,15.193771362304688,375800
2022-07-12,NWS,15.640000343322754,16.09000015258789,15.640000343322754,15.920000076293944,15.44603157043457,410000
2022-07-12,NWS,15.640000343322754,16.09000015258789,15.640000343322754,15.920000076293944,15.44603157043457,410000
2022-07-13,NWS,15.649999618530272,15.84000015258789,15.359999656677246,15.779999732971191,15.310199737548828,632200
2022-07-13,NWS,15.649999618530272,15.84000015258789,15.359999656677246,15.779999732971191,15.310199737548828,632200
2022-07-14,NWS,15.510000228881836,15.630000114440918,15.43000030517578,15.510000228881836,15.048237800598145,385300
2022-07-14,NWS,15.510000228881836,15.630000114440918,15.43000030517578,15.510000228881836,15.048237800598145,385300
2022-07-15,NWS,15.81999969482422,16.030000686645508,15.609999656677246,16.020000457763672,15.54305362701416,381600
2022-07-15,NWS,15.81999969482422,16.030000686645508,15.609999656677246,16.020000457763672,15.54305362701416,381600
2022-07-18,NWS,16.049999237060547,16.219999313354492,15.899999618530272,15.979999542236328,15.504244804382324,880500
2022-07-18,NWS,16.049999237060547,16.219999313354492,15.899999618530272,15.979999542236328,15.504244804382324,880500
2022-07-19,NWS,16.1299991607666,16.579999923706055,16.079999923706055,16.549999237060547,16.057275772094727,814800
2022-07-19,NWS,16.1299991607666,16.579999923706055,16.079999923706055,16.549999237060547,16.057275772094727,814800
2022-07-20,NWS,16.579999923706055,17.06999969482422,16.559999465942383,16.940000534057617,16.4356632232666,573100
2022-07-20,NWS,16.579999923706055,17.06999969482422,16.559999465942383,16.940000534057617,16.4356632232666,573100
2022-07-21,NWS,16.940000534057617,17.139999389648438,16.760000228881836,17.1299991607666,16.620004653930664,606300
2022-07-21,NWS,16.940000534057617,17.139999389648438,16.760000228881836,17.1299991607666,16.620004653930664,606300
2022-07-22,NWS,17.040000915527344,17.209999084472656,16.889999389648438,17.139999389648438,16.629709243774414,319900
2022-07-22,NWS,17.040000915527344,17.209999084472656,16.889999389648438,17.139999389648438,16.629709243774414,319900
2022-07-25,NWS,17.139999389648438,17.3700008392334,16.770000457763672,17.1200008392334,16.61030387878418,622500
2022-07-25,NWS,17.139999389648438,17.3700008392334,16.770000457763672,17.1200008392334,16.61030387878418,622500
2022-07-26,NWS,16.90999984741211,17.149999618530273,16.809999465942383,16.920000076293945,16.416259765625,600200
2022-07-26,NWS,16.90999984741211,17.149999618530273,16.809999465942383,16.920000076293945,16.416259765625,600200
2022-07-27,NWS,16.969999313354492,17.280000686645508,16.950000762939453,17.219999313354492,16.707326889038086,530400
2022-07-27,NWS,16.969999313354492,17.280000686645508,16.950000762939453,17.219999313354492,16.707326889038086,530400
2022-07-28,NWS,17.100000381469727,17.280000686645508,16.790000915527344,17.239999771118164,16.726730346679688,601700
2022-07-28,NWS,17.100000381469727,17.280000686645508,16.790000915527344,17.239999771118164,16.726730346679688,601700
2022-07-29,NWS,17.190000534057617,17.440000534057617,17.020000457763672,17.280000686645508,16.765539169311523,520100
2022-07-29,NWS,17.190000534057617,17.440000534057617,17.020000457763672,17.280000686645508,16.765539169311523,520100
2022-08-01,NWS,17.200000762939453,17.469999313354492,17.049999237060547,17.290000915527344,16.775243759155273,320500
2022-08-01,NWS,17.200000762939453,17.469999313354492,17.049999237060547,17.290000915527344,16.775243759155273,320500
2022-08-02,NWS,17.049999237060547,17.34000015258789,17.030000686645508,17.200000762939453,16.687923431396484,415900
2022-08-02,NWS,17.049999237060547,17.34000015258789,17.030000686645508,17.200000762939453,16.687923431396484,415900
2022-08-03,NWS,17.270000457763672,17.75,17.18000030517578,17.719999313354492,17.192441940307617,482100
2022-08-03,NWS,17.270000457763672,17.75,17.18000030517578,17.719999313354492,17.192441940307617,482100
2022-08-04,NWS,17.59000015258789,17.739999771118164,17.450000762939453,17.549999237060547,17.027503967285156,583000
2022-08-04,NWS,17.59000015258789,17.739999771118164,17.450000762939453,17.549999237060547,17.027503967285156,583000
2022-08-05,NWS,17.350000381469727,17.479999542236328,17.020000457763672,17.190000534057617,16.678220748901367,713100
2022-08-05,NWS,17.350000381469727,17.479999542236328,17.020000457763672,17.190000534057617,16.678220748901367,713100
2022-08-08,NWS,17.190000534057617,17.799999237060547,17.190000534057617,17.579999923706055,17.056610107421875,730600
2022-08-08,NWS,17.190000534057617,17.799999237060547,17.190000534057617,17.579999923706055,17.056610107421875,730600
2022-08-09,NWS,19.18000030517578,19.770000457763672,18.399999618530277,18.540000915527344,17.988027572631836,915300
2022-08-09,NWS,19.18000030517578,19.770000457763672,18.399999618530277,18.540000915527344,17.988027572631836,915300
2022-08-10,NWS,18.75,18.780000686645508,18.399999618530277,18.65999984741211,18.104455947875977,478200
2022-08-10,NWS,18.75,18.780000686645508,18.399999618530277,18.65999984741211,18.104455947875977,478200
2022-08-11,NWS,18.799999237060547,18.989999771118164,18.68000030517578,18.899999618530277,18.337310791015625,463900
2022-08-11,NWS,18.799999237060547,18.989999771118164,18.68000030517578,18.899999618530277,18.337310791015625,463900
2022-08-12,NWS,18.989999771118164,19.100000381469727,18.88999938964844,19.06999969482422,18.50224876403809,438000
2022-08-12,NWS,18.989999771118164,19.100000381469727,18.88999938964844,19.06999969482422,18.50224876403809,438000
2022-08-15,NWS,19.059999465942383,19.13999938964844,18.729999542236328,18.75,18.1917781829834,372400
2022-08-15,NWS,19.059999465942383,19.13999938964844,18.729999542236328,18.75,18.1917781829834,372400
2022-08-16,NWS,18.75,19.100000381469727,18.68000030517578,18.899999618530277,18.337310791015625,596900
2022-08-16,NWS,18.75,19.100000381469727,18.68000030517578,18.899999618530277,18.337310791015625,596900
2022-08-17,NWS,18.57999992370605,18.780000686645508,18.5,18.63999938964844,18.08505249023437,473800
2022-08-17,NWS,18.57999992370605,18.780000686645508,18.5,18.63999938964844,18.08505249023437,473800
2022-08-18,NWS,18.59000015258789,18.690000534057617,18.270000457763672,18.57999992370605,18.026838302612305,484100
2022-08-18,NWS,18.59000015258789,18.690000534057617,18.270000457763672,18.57999992370605,18.026838302612305,484100
2022-08-19,NWS,18.549999237060547,18.549999237060547,18.18000030517578,18.21999931335449,17.677555084228516,394100
2022-08-19,NWS,18.549999237060547,18.549999237060547,18.18000030517578,18.21999931335449,17.677555084228516,394100
2022-08-22,NWS,18.1299991607666,18.1299991607666,17.75,17.780000686645508,17.250656127929688,350800
2022-08-22,NWS,18.1299991607666,18.1299991607666,17.75,17.780000686645508,17.250656127929688,350800
2022-08-23,NWS,17.739999771118164,17.979999542236328,17.59000015258789,17.65999984741211,17.13422966003418,395600
2022-08-23,NWS,17.739999771118164,17.979999542236328,17.59000015258789,17.65999984741211,17.13422966003418,395600
2022-08-24,NWS,17.690000534057617,17.920000076293945,17.610000610351562,17.81999969482422,17.28946304321289,391500
2022-08-24,NWS,17.690000534057617,17.920000076293945,17.610000610351562,17.81999969482422,17.28946304321289,391500
2022-08-25,NWS,17.860000610351562,18.1299991607666,17.860000610351562,18.11000061035156,17.570831298828125,309800
2022-08-25,NWS,17.860000610351562,18.1299991607666,17.860000610351562,18.11000061035156,17.570831298828125,309800
2022-08-26,NWS,18.1299991607666,18.309999465942383,17.709999084472656,17.709999084472656,17.182741165161133,459900
2022-08-26,NWS,18.1299991607666,18.309999465942383,17.709999084472656,17.709999084472656,17.182741165161133,459900
2022-08-29,NWS,17.610000610351562,17.790000915527344,17.5,17.6200008392334,17.095420837402344,352000
2022-08-29,NWS,17.610000610351562,17.790000915527344,17.5,17.6200008392334,17.095420837402344,352000
2022-08-30,NWS,17.649999618530273,17.709999084472656,17.3799991607666,17.450000762939453,16.930482864379883,433400
2022-08-30,NWS,17.649999618530273,17.709999084472656,17.3799991607666,17.450000762939453,16.930482864379883,433400
2022-08-31,NWS,17.600000381469727,17.719999313354492,17.239999771118164,17.239999771118164,16.726730346679688,591400
2022-08-31,NWS,17.600000381469727,17.719999313354492,17.239999771118164,17.239999771118164,16.726730346679688,591400
2022-09-01,NWS,17.139999389648438,17.270000457763672,17.040000915527344,17.270000457763672,16.755840301513672,669700
2022-09-01,NWS,17.139999389648438,17.270000457763672,17.040000915527344,17.270000457763672,16.755840301513672,669700
2022-09-02,NWS,17.3700008392334,17.65999984741211,17.200000762939453,17.299999237060547,16.784942626953125,645900
2022-09-02,NWS,17.3700008392334,17.65999984741211,17.200000762939453,17.299999237060547,16.784942626953125,645900
2022-09-06,NWS,17.299999237060547,17.3700008392334,16.739999771118164,16.790000915527344,16.290130615234375,666300
2022-09-06,NWS,17.299999237060547,17.3700008392334,16.739999771118164,16.790000915527344,16.290130615234375,666300
2022-09-07,NWS,16.65999984741211,17.1299991607666,16.649999618530273,17.100000381469727,16.590898513793945,794500
2022-09-07,NWS,16.65999984741211,17.1299991607666,16.649999618530273,17.100000381469727,16.590898513793945,794500
2022-09-08,NWS,16.889999389648438,17.170000076293945,16.780000686645508,17.040000915527344,16.53268814086914,831900
2022-09-08,NWS,16.889999389648438,17.170000076293945,16.780000686645508,17.040000915527344,16.53268814086914,831900
2022-09-09,NWS,17.149999618530273,17.739999771118164,17.110000610351562,17.719999313354492,17.192441940307617,575300
2022-09-09,NWS,17.149999618530273,17.739999771118164,17.110000610351562,17.719999313354492,17.192441940307617,575300
2022-09-12,NWS,17.90999984741211,18.07999992370605,17.8799991607666,17.950000762939453,17.41559410095215,507500
2022-09-12,NWS,17.90999984741211,18.07999992370605,17.8799991607666,17.950000762939453,17.41559410095215,507500
2022-09-13,NWS,17.3700008392334,17.690000534057617,17.100000381469727,17.110000610351562,16.693601608276367,647200
2022-09-13,NWS,17.3700008392334,17.690000534057617,17.100000381469727,17.110000610351562,16.693601608276367,647200
2022-09-14,NWS,17.079999923706055,17.18000030517578,16.850000381469727,17.1299991607666,16.71311378479004,892400
2022-09-14,NWS,17.079999923706055,17.18000030517578,16.850000381469727,17.1299991607666,16.71311378479004,892400
2022-09-15,NWS,17.049999237060547,17.760000228881836,17.049999237060547,17.450000762939453,17.02532958984375,719300
2022-09-15,NWS,17.049999237060547,17.760000228881836,17.049999237060547,17.450000762939453,17.02532958984375,719300
2022-09-16,NWS,17.389999389648438,17.389999389648438,16.690000534057617,16.90999984741211,16.49846839904785,1562500
2022-09-16,NWS,17.389999389648438,17.389999389648438,16.690000534057617,16.90999984741211,16.49846839904785,1562500
2022-09-19,NWS,16.6200008392334,17.030000686645508,16.6200008392334,16.920000076293945,16.50822639465332,564500
2022-09-19,NWS,16.6200008392334,17.030000686645508,16.6200008392334,16.920000076293945,16.50822639465332,564500
2022-09-20,NWS,16.75,17.079999923706055,16.709999084472656,16.860000610351562,16.44968605041504,769700
2022-09-20,NWS,16.75,17.079999923706055,16.709999084472656,16.860000610351562,16.44968605041504,769700
2022-09-21,NWS,16.989999771118164,17.040000915527344,16.31999969482422,16.329999923706055,15.932586669921877,494600
2022-09-21,NWS,16.989999771118164,17.040000915527344,16.31999969482422,16.329999923706055,15.932586669921877,494600
2022-09-22,NWS,16.34000015258789,16.389999389648438,16.010000228881836,16.030000686645508,15.639886856079102,404200
2022-09-22,NWS,16.34000015258789,16.389999389648438,16.010000228881836,16.030000686645508,15.639886856079102,404200
2022-09-23,NWS,15.93000030517578,16.020000457763672,15.510000228881836,15.670000076293944,15.288647651672363,408800
2022-09-23,NWS,15.93000030517578,16.020000457763672,15.510000228881836,15.670000076293944,15.288647651672363,408800
2022-09-26,NWS,15.609999656677246,15.800000190734863,15.34000015258789,15.350000381469728,14.976435661315918,403600
2022-09-26,NWS,15.609999656677246,15.800000190734863,15.34000015258789,15.350000381469728,14.976435661315918,403600
2022-09-27,NWS,15.529999732971191,15.6899995803833,15.210000038146973,15.270000457763672,14.898382186889648,567800
2022-09-27,NWS,15.529999732971191,15.6899995803833,15.210000038146973,15.270000457763672,14.898382186889648,567800
2022-09-28,NWS,15.34000015258789,15.789999961853027,15.279999732971191,15.68000030517578,15.298404693603516,656200
2022-09-28,NWS,15.34000015258789,15.789999961853027,15.279999732971191,15.68000030517578,15.298404693603516,656200
2022-09-29,NWS,15.470000267028809,15.510000228881836,15.170000076293944,15.31999969482422,14.947165489196776,580900
2022-09-29,NWS,15.470000267028809,15.510000228881836,15.170000076293944,15.31999969482422,14.947165489196776,580900
2022-09-30,NWS,15.399999618530272,15.710000038146973,15.270000457763672,15.420000076293944,15.04473114013672,1071100
2022-09-30,NWS,15.399999618530272,15.710000038146973,15.270000457763672,15.420000076293944,15.04473114013672,1071100
2022-10-03,NWS,15.619999885559082,15.970000267028809,15.489999771118164,15.899999618530272,15.513050079345703,551800
2022-10-03,NWS,15.619999885559082,15.970000267028809,15.489999771118164,15.899999618530272,15.513050079345703,551800
2022-10-04,NWS,16.049999237060547,16.68000030517578,16.049999237060547,16.68000030517578,16.274070739746094,710800
2022-10-04,NWS,16.049999237060547,16.68000030517578,16.049999237060547,16.68000030517578,16.274070739746094,710800
2022-10-05,NWS,16.40999984741211,16.559999465942383,16.280000686645508,16.43000030517578,16.0301513671875,728800
2022-10-05,NWS,16.40999984741211,16.559999465942383,16.280000686645508,16.43000030517578,16.0301513671875,728800
2022-10-06,NWS,16.40999984741211,16.520000457763672,16.170000076293945,16.190000534057617,15.795991897583008,462800
2022-10-06,NWS,16.40999984741211,16.520000457763672,16.170000076293945,16.190000534057617,15.795991897583008,462800
2022-10-07,NWS,15.989999771118164,16.149999618530273,15.75,15.850000381469728,15.46426773071289,573200
2022-10-07,NWS,15.989999771118164,16.149999618530273,15.75,15.850000381469728,15.46426773071289,573200
2022-10-10,NWS,15.869999885559082,16.020000457763672,15.699999809265137,15.81999969482422,15.43499755859375,491200
2022-10-10,NWS,15.869999885559082,16.020000457763672,15.699999809265137,15.81999969482422,15.43499755859375,491200
2022-10-11,NWS,15.779999732971191,16.049999237060547,15.539999961853027,15.760000228881836,15.376457214355469,864500
2022-10-11,NWS,15.779999732971191,16.049999237060547,15.539999961853027,15.760000228881836,15.376457214355469,864500
2022-10-12,NWS,15.81999969482422,15.90999984741211,15.609999656677246,15.859999656677246,15.47402286529541,1080800
2022-10-12,NWS,15.81999969482422,15.90999984741211,15.609999656677246,15.859999656677246,15.47402286529541,1080800
2022-10-13,NWS,15.489999771118164,16.350000381469727,15.369999885559082,16.280000686645508,15.883804321289062,987200
2022-10-13,NWS,15.489999771118164,16.350000381469727,15.369999885559082,16.280000686645508,15.883804321289062,987200
2022-10-14,NWS,16.329999923706055,16.559999465942383,15.93000030517578,15.960000038146973,15.571590423583984,490300
2022-10-14,NWS,16.329999923706055,16.559999465942383,15.93000030517578,15.960000038146973,15.571590423583984,490300
2022-10-17,NWS,16.459999084472656,17.18000030517578,16.280000686645508,16.360000610351562,15.961854934692385,3432100
2022-10-17,NWS,16.459999084472656,17.18000030517578,16.280000686645508,16.360000610351562,15.961854934692385,3432100
2022-10-18,NWS,16.65999984741211,16.889999389648438,16.209999084472656,16.469999313354492,16.069177627563477,2008000
2022-10-18,NWS,16.65999984741211,16.889999389648438,16.209999084472656,16.469999313354492,16.069177627563477,2008000
2022-10-19,NWS,16.5,16.899999618530273,16.5,16.75,16.342365264892578,1240000
2022-10-19,NWS,16.5,16.899999618530273,16.5,16.75,16.342365264892578,1240000
2022-10-20,NWS,16.68000030517578,17.0,16.610000610351562,16.90999984741211,16.49846839904785,1317900
2022-10-20,NWS,16.68000030517578,17.0,16.610000610351562,16.90999984741211,16.49846839904785,1317900
2022-10-21,NWS,16.90999984741211,17.34000015258789,16.739999771118164,17.34000015258789,16.91800308227539,891600
2022-10-21,NWS,16.90999984741211,17.34000015258789,16.739999771118164,17.34000015258789,16.91800308227539,891600
2022-10-24,NWS,17.34000015258789,17.450000762939453,16.790000915527344,17.010000228881836,16.596036911010742,1689100
2022-10-24,NWS,17.34000015258789,17.450000762939453,16.790000915527344,17.010000228881836,16.596036911010742,1689100
2022-10-25,NWS,17.059999465942383,17.440000534057617,17.030000686645508,17.3700008392334,16.947277069091797,1662800
2022-10-25,NWS,17.059999465942383,17.440000534057617,17.030000686645508,17.3700008392334,16.947277069091797,1662800
2022-10-26,NWS,17.3700008392334,17.549999237060547,17.18000030517578,17.200000762939453,16.781414031982422,905800
2022-10-26,NWS,17.3700008392334,17.549999237060547,17.18000030517578,17.200000762939453,16.781414031982422,905800
2022-10-27,NWS,17.280000686645508,17.440000534057617,16.90999984741211,16.940000534057617,16.527740478515625,830500
2022-10-27,NWS,17.280000686645508,17.440000534057617,16.90999984741211,16.940000534057617,16.527740478515625,830500
2022-10-28,NWS,17.149999618530273,17.200000762939453,16.770000457763672,17.139999389648438,16.722871780395508,1571300
2022-10-28,NWS,17.149999618530273,17.200000762939453,16.770000457763672,17.139999389648438,16.722871780395508,1571300
2022-10-31,NWS,17.229999542236328,17.239999771118164,17.0,17.1299991607666,16.71311378479004,1772900
2022-10-31,NWS,17.229999542236328,17.239999771118164,17.0,17.1299991607666,16.71311378479004,1772900
2022-11-01,NWS,17.350000381469727,17.65999984741211,17.15999984741211,17.219999313354492,16.80092430114746,676400
2022-11-01,NWS,17.350000381469727,17.65999984741211,17.15999984741211,17.219999313354492,16.80092430114746,676400
2022-11-02,NWS,17.100000381469727,17.219999313354492,16.649999618530273,16.719999313354492,16.313095092773438,1192200
2022-11-02,NWS,17.100000381469727,17.219999313354492,16.649999618530273,16.719999313354492,16.313095092773438,1192200
2022-11-03,NWS,16.540000915527344,16.860000610351562,16.200000762939453,16.68000030517578,16.274070739746094,1752200
2022-11-03,NWS,16.540000915527344,16.860000610351562,16.200000762939453,16.68000030517578,16.274070739746094,1752200
2022-11-04,NWS,16.920000076293945,16.959999084472656,16.360000610351562,16.920000076293945,16.50822639465332,981400
2022-11-04,NWS,16.920000076293945,16.959999084472656,16.360000610351562,16.920000076293945,16.50822639465332,981400
2022-11-07,NWS,17.030000686645508,17.139999389648438,16.639999389648438,16.950000762939453,16.53749656677246,548200
2022-11-07,NWS,17.030000686645508,17.139999389648438,16.639999389648438,16.950000762939453,16.53749656677246,548200
2022-11-08,NWS,16.950000762939453,17.520000457763672,16.899999618530273,17.34000015258789,16.91800308227539,709400
2022-11-08,NWS,16.950000762939453,17.520000457763672,16.899999618530273,17.34000015258789,16.91800308227539,709400
2022-11-09,NWS,15.31999969482422,16.65999984741211,15.149999618530272,16.459999084472656,16.059423446655273,3060000
2022-11-09,NWS,15.31999969482422,16.65999984741211,15.149999618530272,16.459999084472656,16.059423446655273,3060000
2022-11-10,NWS,16.860000610351562,17.600000381469727,16.700000762939453,17.479999542236328,17.054597854614258,2678200
2022-11-10,NWS,16.860000610351562,17.600000381469727,16.700000762939453,17.479999542236328,17.054597854614258,2678200
2022-11-11,NWS,17.549999237060547,18.299999237060547,17.549999237060547,18.290000915527344,17.844886779785156,878100
2022-11-11,NWS,17.549999237060547,18.299999237060547,17.549999237060547,18.290000915527344,17.844886779785156,878100
2022-11-14,NWS,18.239999771118164,18.65999984741211,18.09000015258789,18.399999618530277,17.952207565307617,1161500
2022-11-14,NWS,18.239999771118164,18.65999984741211,18.09000015258789,18.399999618530277,17.952207565307617,1161500
2022-11-15,NWS,18.51000022888184,18.690000534057617,18.149999618530277,18.40999984741211,17.961963653564453,1076700
2022-11-15,NWS,18.51000022888184,18.690000534057617,18.149999618530277,18.40999984741211,17.961963653564453,1076700
2022-11-16,NWS,18.31999969482422,18.31999969482422,18.07999992370605,18.209999084472656,17.76683235168457,817900
2022-11-16,NWS,18.31999969482422,18.31999969482422,18.07999992370605,18.209999084472656,17.76683235168457,817900
2022-11-17,NWS,17.889999389648438,18.31999969482422,17.780000686645508,18.309999465942383,17.864398956298828,1093000
2022-11-17,NWS,17.889999389648438,18.31999969482422,17.780000686645508,18.309999465942383,17.864398956298828,1093000
2022-11-18,NWS,18.459999084472656,18.46999931335449,18.010000228881836,18.170000076293945,17.727806091308594,1632100
2022-11-18,NWS,18.459999084472656,18.46999931335449,18.010000228881836,18.170000076293945,17.727806091308594,1632100
2022-11-21,NWS,17.899999618530273,18.020000457763672,17.649999618530273,17.719999313354492,17.28875732421875,1136700
2022-11-21,NWS,17.899999618530273,18.020000457763672,17.649999618530273,17.719999313354492,17.28875732421875,1136700
2022-11-22,NWS,17.829999923706055,18.1299991607666,17.700000762939453,18.1299991607666,17.688777923583984,757600
2022-11-22,NWS,17.829999923706055,18.1299991607666,17.700000762939453,18.1299991607666,17.688777923583984,757600
2022-11-23,NWS,18.15999984741211,18.65999984741211,18.06999969482422,18.479999542236328,18.030261993408203,750100
2022-11-23,NWS,18.15999984741211,18.65999984741211,18.06999969482422,18.479999542236328,18.030261993408203,750100
2022-11-25,NWS,18.450000762939453,18.700000762939453,18.31999969482422,18.57999992370605,18.127832412719727,765900
2022-11-25,NWS,18.450000762939453,18.700000762939453,18.31999969482422,18.57999992370605,18.127832412719727,765900
2022-11-28,NWS,18.459999084472656,18.8799991607666,18.3799991607666,18.459999084472656,18.0107479095459,990500
2022-11-28,NWS,18.459999084472656,18.8799991607666,18.3799991607666,18.459999084472656,18.0107479095459,990500
2022-11-29,NWS,18.559999465942383,18.8799991607666,18.40999984741211,18.81999969482422,18.36198616027832,1214500
2022-11-29,NWS,18.559999465942383,18.8799991607666,18.40999984741211,18.81999969482422,18.36198616027832,1214500
2022-11-30,NWS,18.81999969482422,19.520000457763672,18.71999931335449,19.450000762939453,18.97665786743164,1283300
2022-11-30,NWS,18.81999969482422,19.520000457763672,18.71999931335449,19.450000762939453,18.97665786743164,1283300
2022-12-01,NWS,19.530000686645508,19.670000076293945,19.290000915527344,19.43000030517578,18.957143783569336,620500
2022-12-01,NWS,19.530000686645508,19.670000076293945,19.290000915527344,19.43000030517578,18.957143783569336,620500
2022-12-02,NWS,19.1299991607666,19.450000762939453,19.1299991607666,19.43000030517578,18.957143783569336,474800
2022-12-02,NWS,19.1299991607666,19.450000762939453,19.1299991607666,19.43000030517578,18.957143783569336,474800
2022-12-05,NWS,19.399999618530277,19.399999618530277,18.93000030517578,18.959999084472656,18.498579025268555,571900
2022-12-05,NWS,19.399999618530277,19.399999618530277,18.93000030517578,18.959999084472656,18.498579025268555,571900
2022-12-06,NWS,19.040000915527344,19.049999237060547,18.6299991607666,18.729999542236328,18.2741756439209,629100
2022-12-06,NWS,19.040000915527344,19.049999237060547,18.6299991607666,18.729999542236328,18.2741756439209,629100
2022-12-07,NWS,18.63999938964844,18.700000762939453,18.309999465942383,18.46999931335449,18.02050399780273,1123700
2022-12-07,NWS,18.63999938964844,18.700000762939453,18.309999465942383,18.46999931335449,18.02050399780273,1123700
2022-12-08,NWS,18.540000915527344,18.65999984741211,18.34000015258789,18.38999938964844,17.94245147705078,855600
2022-12-08,NWS,18.540000915527344,18.65999984741211,18.34000015258789,18.38999938964844,17.94245147705078,855600
2022-12-09,NWS,18.290000915527344,18.440000534057617,18.239999771118164,18.280000686645508,17.835132598876953,714700
2022-12-09,NWS,18.290000915527344,18.440000534057617,18.239999771118164,18.280000686645508,17.835132598876953,714700
2022-12-12,NWS,18.25,18.399999618530277,18.030000686645508,18.3799991607666,17.932695388793945,814500
2022-12-12,NWS,18.25,18.399999618530277,18.030000686645508,18.3799991607666,17.932695388793945,814500
2022-12-13,NWS,19.040000915527344,19.15999984741211,18.700000762939453,18.96999931335449,18.50833511352539,1089000
2022-12-13,NWS,19.040000915527344,19.15999984741211,18.700000762939453,18.96999931335449,18.50833511352539,1089000
2022-12-14,NWS,18.68000030517578,19.13999938964844,18.649999618530277,18.979999542236328,18.51809501647949,1346900
2022-12-14,NWS,18.68000030517578,19.13999938964844,18.649999618530277,18.979999542236328,18.51809501647949,1346900
2022-12-15,NWS,18.6299991607666,18.790000915527344,18.0,18.040000915527344,17.600971221923828,1492700
2022-12-15,NWS,18.6299991607666,18.790000915527344,18.0,18.040000915527344,17.600971221923828,1492700
2022-12-16,NWS,17.93000030517578,18.190000534057617,17.850000381469727,18.06999969482422,17.63024139404297,1636900
2022-12-16,NWS,17.93000030517578,18.190000534057617,17.850000381469727,18.06999969482422,17.63024139404297,1636900
2022-12-19,NWS,18.0,18.1200008392334,17.579999923706055,17.700000762939453,17.269243240356445,728600
2022-12-19,NWS,18.0,18.1200008392334,17.579999923706055,17.700000762939453,17.269243240356445,728600
2022-12-20,NWS,17.59000015258789,17.799999237060547,17.469999313354492,17.75,17.31802749633789,918900
2022-12-20,NWS,17.59000015258789,17.799999237060547,17.469999313354492,17.75,17.31802749633789,918900
2022-12-21,NWS,17.93000030517578,18.09000015258789,17.75,17.969999313354492,17.532670974731445,994000
2022-12-21,NWS,17.93000030517578,18.09000015258789,17.75,17.969999313354492,17.532670974731445,994000
2022-12-22,NWS,17.760000228881836,18.09000015258789,17.700000762939453,18.06999969482422,17.63024139404297,660600
2022-12-22,NWS,17.760000228881836,18.09000015258789,17.700000762939453,18.06999969482422,17.63024139404297,660600
2022-12-23,NWS,18.540000915527344,18.729999542236328,18.170000076293945,18.559999465942383,18.10831642150879,688500
2022-12-23,NWS,18.540000915527344,18.729999542236328,18.170000076293945,18.559999465942383,18.10831642150879,688500
2022-12-27,NWS,18.530000686645508,18.670000076293945,18.350000381469727,18.559999465942383,18.10831642150879,409200
2022-12-27,NWS,18.530000686645508,18.670000076293945,18.350000381469727,18.559999465942383,18.10831642150879,409200
2022-12-28,NWS,18.549999237060547,18.649999618530277,18.200000762939453,18.200000762939453,17.757076263427734,544500
2022-12-28,NWS,18.549999237060547,18.649999618530277,18.200000762939453,18.200000762939453,17.757076263427734,544500
2022-12-29,NWS,18.270000457763672,18.600000381469727,18.270000457763672,18.459999084472656,18.0107479095459,738200
2022-12-29,NWS,18.270000457763672,18.600000381469727,18.270000457763672,18.459999084472656,18.0107479095459,738200
2022-12-30,NWS,18.290000915527344,18.459999084472656,18.21999931335449,18.440000534057617,17.99123764038086,470700
2022-12-30,NWS,18.290000915527344,18.459999084472656,18.21999931335449,18.440000534057617,17.99123764038086,470700
2023-01-03,NWS,18.56999969482422,18.790000915527344,18.31999969482422,18.489999771118164,18.040019989013672,422300
2023-01-03,NWS,18.56999969482422,18.790000915527344,18.31999969482422,18.489999771118164,18.040019989013672,422300
2023-01-04,NWS,18.65999984741211,19.270000457763672,18.57999992370605,19.239999771118164,18.771764755249023,709400
2023-01-04,NWS,18.65999984741211,19.270000457763672,18.57999992370605,19.239999771118164,18.771764755249023,709400
2023-01-05,NWS,19.100000381469727,19.100000381469727,18.75,18.88999938964844,18.430280685424805,603400
2023-01-05,NWS,19.100000381469727,19.100000381469727,18.75,18.88999938964844,18.430280685424805,603400
2023-01-06,NWS,19.100000381469727,19.26000022888184,18.81999969482422,19.200000762939453,18.73274040222168,370900
2023-01-06,NWS,19.100000381469727,19.26000022888184,18.81999969482422,19.200000762939453,18.73274040222168,370900
2023-01-09,NWS,19.32999992370605,19.540000915527344,19.190000534057617,19.270000457763672,18.8010368347168,334500
2023-01-09,NWS,19.32999992370605,19.540000915527344,19.190000534057617,19.270000457763672,18.8010368347168,334500
2023-01-10,NWS,19.290000915527344,19.600000381469727,19.11000061035156,19.59000015258789,19.11324882507324,325400
2023-01-10,NWS,19.290000915527344,19.600000381469727,19.11000061035156,19.59000015258789,19.11324882507324,325400
2023-01-11,NWS,19.65999984741211,19.709999084472656,19.36000061035156,19.6200008392334,19.142520904541016,792400
2023-01-11,NWS,19.65999984741211,19.709999084472656,19.36000061035156,19.6200008392334,19.142520904541016,792400
2023-01-12,NWS,19.65999984741211,19.809999465942383,19.520000457763672,19.71999931335449,19.24008178710937,986200
2023-01-12,NWS,19.65999984741211,19.809999465942383,19.520000457763672,19.71999931335449,19.24008178710937,986200
2023-01-13,NWS,19.6200008392334,19.850000381469727,19.489999771118164,19.81999969482422,19.3376522064209,959600
2023-01-13,NWS,19.6200008392334,19.850000381469727,19.489999771118164,19.81999969482422,19.3376522064209,959600
2023-01-17,NWS,19.8700008392334,19.90999984741211,19.559999465942383,19.6200008392334,19.142520904541016,544400
2023-01-17,NWS,19.8700008392334,19.90999984741211,19.559999465942383,19.6200008392334,19.142520904541016,544400
2023-01-18,NWS,19.700000762939453,19.76000022888184,19.200000762939453,19.229999542236328,18.76201057434082,656700
2023-01-18,NWS,19.700000762939453,19.76000022888184,19.200000762939453,19.229999542236328,18.76201057434082,656700
2023-01-19,NWS,19.100000381469727,19.170000076293945,18.899999618530277,19.059999465942383,18.596147537231445,808200
2023-01-19,NWS,19.100000381469727,19.170000076293945,18.899999618530277,19.059999465942383,18.596147537231445,808200
2023-01-20,NWS,19.13999938964844,19.68000030517578,19.020000457763672,19.63999938964844,19.162029266357425,974100
2023-01-20,NWS,19.13999938964844,19.68000030517578,19.020000457763672,19.63999938964844,19.162029266357425,974100
2023-01-23,NWS,19.670000076293945,19.959999084472656,19.559999465942383,19.93000030517578,19.444976806640625,567700
2023-01-23,NWS,19.670000076293945,19.959999084472656,19.559999465942383,19.93000030517578,19.444976806640625,567700
2023-01-24,NWS,19.84000015258789,19.93000030517578,19.649999618530277,19.90999984741211,19.42546272277832,757000
2023-01-24,NWS,19.84000015258789,19.93000030517578,19.649999618530277,19.90999984741211,19.42546272277832,757000
2023-01-25,NWS,20.790000915527344,21.6299991607666,20.709999084472656,20.86000061035156,20.352340698242188,3090400
2023-01-25,NWS,20.790000915527344,21.6299991607666,20.709999084472656,20.86000061035156,20.352340698242188,3090400
2023-01-26,NWS,20.950000762939453,21.07999992370605,20.6200008392334,21.01000022888184,20.49869155883789,883500
2023-01-26,NWS,20.950000762939453,21.07999992370605,20.6200008392334,21.01000022888184,20.49869155883789,883500
2023-01-27,NWS,20.88999938964844,21.0,20.670000076293945,20.709999084472656,20.205989837646484,1324800
2023-01-27,NWS,20.88999938964844,21.0,20.670000076293945,20.709999084472656,20.205989837646484,1324800
2023-01-30,NWS,20.5,20.61000061035156,20.270000457763672,20.36000061035156,19.864511489868164,1124100
2023-01-30,NWS,20.5,20.61000061035156,20.270000457763672,20.36000061035156,19.864511489868164,1124100
2023-01-31,NWS,20.489999771118164,20.520000457763672,20.26000022888184,20.440000534057617,19.942562103271484,963400
2023-01-31,NWS,20.489999771118164,20.520000457763672,20.26000022888184,20.440000534057617,19.942562103271484,963400
2023-02-01,NWS,20.57999992370605,20.940000534057617,20.1200008392334,20.90999984741211,20.401121139526367,682300
2023-02-01,NWS,20.57999992370605,20.940000534057617,20.1200008392334,20.90999984741211,20.401121139526367,682300
2023-02-02,NWS,21.040000915527344,21.86000061035156,21.040000915527344,21.670000076293945,21.14263153076172,629600
2023-02-02,NWS,21.040000915527344,21.86000061035156,21.040000915527344,21.670000076293945,21.14263153076172,629600
2023-02-03,NWS,21.350000381469727,21.600000381469727,21.229999542236328,21.399999618530277,20.87919807434082,836900
2023-02-03,NWS,21.350000381469727,21.600000381469727,21.229999542236328,21.399999618530277,20.87919807434082,836900
2023-02-06,NWS,21.200000762939453,21.200000762939453,20.780000686645508,20.93000030517578,20.420639038085938,783200
2023-02-06,NWS,21.200000762939453,21.200000762939453,20.780000686645508,20.93000030517578,20.420639038085938,783200
2023-02-07,NWS,20.84000015258789,21.18000030517578,20.68000030517578,21.13999938964844,20.625526428222656,820000
2023-02-07,NWS,20.84000015258789,21.18000030517578,20.68000030517578,21.13999938964844,20.625526428222656,820000
2023-02-08,NWS,21.049999237060547,21.40999984741211,21.0,21.100000381469727,20.58650016784668,755800
2023-02-08,NWS,21.049999237060547,21.40999984741211,21.0,21.100000381469727,20.58650016784668,755800
2023-02-09,NWS,21.21999931335449,21.36000061035156,20.799999237060547,20.850000381469727,20.34258270263672,613700
2023-02-09,NWS,21.21999931335449,21.36000061035156,20.799999237060547,20.850000381469727,20.34258270263672,613700
2023-02-10,NWS,19.65999984741211,20.059999465942383,18.76000022888184,18.809999465942383,18.352230072021484,1397800
2023-02-10,NWS,19.65999984741211,20.059999465942383,18.76000022888184,18.809999465942383,18.352230072021484,1397800
2023-02-13,NWS,18.81999969482422,19.149999618530277,18.649999618530277,19.030000686645508,18.566877365112305,889900
2023-02-13,NWS,18.81999969482422,19.149999618530277,18.649999618530277,19.030000686645508,18.566877365112305,889900
2023-02-14,NWS,18.86000061035156,19.06999969482422,18.649999618530277,19.020000457763672,18.55712127685547,1355900
2023-02-14,NWS,18.86000061035156,19.06999969482422,18.649999618530277,19.020000457763672,18.55712127685547,1355900
2023-02-15,NWS,18.88999938964844,19.32999992370605,18.82999992370605,19.31999969482422,18.849817276000977,679300
2023-02-15,NWS,18.88999938964844,19.32999992370605,18.82999992370605,19.31999969482422,18.849817276000977,679300
2023-02-16,NWS,18.899999618530277,19.18000030517578,18.799999237060547,18.84000015258789,18.381498336791992,789100
2023-02-16,NWS,18.899999618530277,19.18000030517578,18.799999237060547,18.84000015258789,18.381498336791992,789100
2023-02-17,NWS,18.809999465942383,19.1200008392334,18.65999984741211,19.11000061035156,18.644929885864254,629300
2023-02-17,NWS,18.809999465942383,19.1200008392334,18.65999984741211,19.11000061035156,18.644929885864254,629300
2023-02-21,NWS,18.8799991607666,18.989999771118164,18.399999618530277,18.40999984741211,17.961963653564453,819800
2023-02-21,NWS,18.8799991607666,18.989999771118164,18.399999618530277,18.40999984741211,17.961963653564453,819800
2023-02-22,NWS,17.989999771118164,18.010000228881836,17.469999313354492,17.850000381469727,17.41559410095215,1591600
2023-02-22,NWS,17.989999771118164,18.010000228881836,17.469999313354492,17.850000381469727,17.41559410095215,1591600
2023-02-23,NWS,17.809999465942383,17.8700008392334,17.510000228881836,17.700000762939453,17.269243240356445,1178200
2023-02-23,NWS,17.809999465942383,17.8700008392334,17.510000228881836,17.700000762939453,17.269243240356445,1178200
2023-02-24,NWS,17.360000610351562,17.6299991607666,17.170000076293945,17.610000610351562,17.181434631347656,1120900
2023-02-24,NWS,17.360000610351562,17.6299991607666,17.170000076293945,17.610000610351562,17.181434631347656,1120900
2023-02-27,NWS,17.6299991607666,17.68000030517578,17.420000076293945,17.450000762939453,17.02532958984375,616500
2023-02-27,NWS,17.6299991607666,17.68000030517578,17.420000076293945,17.450000762939453,17.02532958984375,616500
2023-02-28,NWS,17.40999984741211,17.479999542236328,17.200000762939453,17.260000228881836,16.839950561523438,639400
2023-02-28,NWS,17.40999984741211,17.479999542236328,17.200000762939453,17.260000228881836,16.839950561523438,639400
2023-03-01,NWS,17.219999313354492,17.229999542236328,17.0,17.100000381469727,16.68384552001953,946200
2023-03-01,NWS,17.219999313354492,17.229999542236328,17.0,17.100000381469727,16.68384552001953,946200
2023-03-02,NWS,16.950000762939453,17.43000030517578,16.950000762939453,17.389999389648438,16.96678924560547,804700
2023-03-02,NWS,16.950000762939453,17.43000030517578,16.950000762939453,17.389999389648438,16.96678924560547,804700
2023-03-03,NWS,17.520000457763672,17.549999237060547,17.270000457763672,17.43000030517578,17.005815505981445,972600
2023-03-03,NWS,17.520000457763672,17.549999237060547,17.270000457763672,17.43000030517578,17.005815505981445,972600
2023-03-06,NWS,17.520000457763672,17.549999237060547,17.1299991607666,17.190000534057617,16.77165412902832,1126000
2023-03-06,NWS,17.520000457763672,17.549999237060547,17.1299991607666,17.190000534057617,16.77165412902832,1126000
2023-03-07,NWS,17.18000030517578,17.530000686645508,16.979999542236328,17.020000457763672,16.605791091918945,989600
2023-03-07,NWS,17.18000030517578,17.530000686645508,16.979999542236328,17.020000457763672,16.605791091918945,989600
2023-03-08,NWS,17.030000686645508,17.100000381469727,16.799999237060547,16.90999984741211,16.49846839904785,1125700
2023-03-08,NWS,17.030000686645508,17.100000381469727,16.799999237060547,16.90999984741211,16.49846839904785,1125700
2023-03-09,NWS,16.899999618530273,16.950000762939453,16.420000076293945,16.43000030517578,16.0301513671875,1085000
2023-03-09,NWS,16.899999618530273,16.950000762939453,16.420000076293945,16.43000030517578,16.0301513671875,1085000
2023-03-10,NWS,16.399999618530273,16.399999618530273,15.880000114440918,16.18000030517578,15.786235809326172,1107000
2023-03-10,NWS,16.399999618530273,16.399999618530273,15.880000114440918,16.18000030517578,15.786235809326172,1107000
2023-03-13,NWS,16.040000915527344,16.049999237060547,15.729999542236328,15.760000228881836,15.376457214355469,1170600
2023-03-13,NWS,16.040000915527344,16.049999237060547,15.729999542236328,15.760000228881836,15.376457214355469,1170600
2023-03-14,NWS,16.030000686645508,16.09000015258789,15.800000190734863,16.06999969482422,15.779033660888672,1862700
2023-03-14,NWS,16.030000686645508,16.09000015258789,15.800000190734863,16.06999969482422,15.779033660888672,1862700
2023-03-15,NWS,15.770000457763672,16.06999969482422,15.739999771118164,15.989999771118164,15.700481414794922,1394900
2023-03-15,NWS,15.770000457763672,16.06999969482422,15.739999771118164,15.989999771118164,15.700481414794922,1394900
2023-03-16,NWS,15.890000343322754,16.40999984741211,15.859999656677246,16.3799991607666,16.083419799804688,1060600
2023-03-16,NWS,15.890000343322754,16.40999984741211,15.859999656677246,16.3799991607666,16.083419799804688,1060600
2023-03-17,NWS,16.190000534057617,16.309999465942383,16.020000457763672,16.059999465942383,15.769213676452637,1157500
2023-03-17,NWS,16.190000534057617,16.309999465942383,16.020000457763672,16.059999465942383,15.769213676452637,1157500
2023-03-20,NWS,16.06999969482422,16.239999771118164,15.970000267028809,16.190000534057617,15.89686107635498,570900
2023-03-20,NWS,16.06999969482422,16.239999771118164,15.970000267028809,16.190000534057617,15.89686107635498,570900
2023-03-21,NWS,16.3799991607666,16.489999771118164,16.270000457763672,16.299999237060547,16.00486946105957,1251600
2023-03-21,NWS,16.3799991607666,16.489999771118164,16.270000457763672,16.299999237060547,16.00486946105957,1251600
2023-03-22,NWS,16.280000686645508,16.350000381469727,15.899999618530272,15.90999984741211,15.621930122375488,827800
2023-03-22,NWS,16.280000686645508,16.350000381469727,15.899999618530272,15.90999984741211,15.621930122375488,827800
2023-03-23,NWS,16.09000015258789,16.389999389648438,16.020000457763672,16.260000228881836,15.965593338012695,1322400
2023-03-23,NWS,16.09000015258789,16.389999389648438,16.020000457763672,16.260000228881836,15.965593338012695,1322400
2023-03-24,NWS,16.149999618530273,16.360000610351562,15.989999771118164,16.34000015258789,16.044143676757812,958700
2023-03-24,NWS,16.149999618530273,16.360000610351562,15.989999771118164,16.34000015258789,16.044143676757812,958700
2023-03-27,NWS,16.5,16.670000076293945,16.450000762939453,16.579999923706055,16.279800415039062,838500
2023-03-27,NWS,16.5,16.670000076293945,16.450000762939453,16.579999923706055,16.279800415039062,838500
2023-03-28,NWS,16.579999923706055,16.760000228881836,16.459999084472656,16.739999771118164,16.43690299987793,1054000
2023-03-28,NWS,16.579999923706055,16.760000228881836,16.459999084472656,16.739999771118164,16.43690299987793,1054000
2023-03-29,NWS,16.979999542236328,17.110000610351562,16.829999923706055,17.059999465942383,16.751108169555664,913800
2023-03-29,NWS,16.979999542236328,17.110000610351562,16.829999923706055,17.059999465942383,16.751108169555664,913800
2023-03-30,NWS,17.149999618530273,17.299999237060547,17.059999465942383,17.09000015258789,16.78056526184082,501900
2023-03-30,NWS,17.149999618530273,17.299999237060547,17.059999465942383,17.09000015258789,16.78056526184082,501900
2023-03-31,NWS,17.149999618530273,17.450000762939453,17.149999618530273,17.43000030517578,17.114410400390625,732400
2023-03-31,NWS,17.149999618530273,17.450000762939453,17.149999618530273,17.43000030517578,17.114410400390625,732400
2023-04-03,NWS,17.360000610351562,17.6200008392334,17.280000686645508,17.600000381469727,17.281330108642578,1379100
2023-04-03,NWS,17.360000610351562,17.6200008392334,17.280000686645508,17.600000381469727,17.281330108642578,1379100
2023-04-04,NWS,17.670000076293945,17.850000381469727,17.389999389648438,17.459999084472656,17.14386558532715,1333200
2023-04-04,NWS,17.670000076293945,17.850000381469727,17.389999389648438,17.459999084472656,17.14386558532715,1333200
2023-04-05,NWS,17.420000076293945,17.489999771118164,17.229999542236328,17.450000762939453,17.134048461914062,655900
2023-04-05,NWS,17.420000076293945,17.489999771118164,17.229999542236328,17.450000762939453,17.134048461914062,655900
2023-04-06,NWS,17.440000534057617,17.540000915527344,17.290000915527344,17.440000534057617,17.124229431152344,827600
2023-04-06,NWS,17.440000534057617,17.540000915527344,17.290000915527344,17.440000534057617,17.124229431152344,827600
2023-04-10,NWS,17.360000610351562,17.549999237060547,17.360000610351562,17.540000915527344,17.2224178314209,612800
2023-04-10,NWS,17.360000610351562,17.549999237060547,17.360000610351562,17.540000915527344,17.2224178314209,612800
2023-04-11,NWS,17.520000457763672,17.790000915527344,17.520000457763672,17.719999313354492,17.39915657043457,802400
2023-04-11,NWS,17.520000457763672,17.790000915527344,17.520000457763672,17.719999313354492,17.39915657043457,802400
2023-04-12,NWS,17.920000076293945,17.950000762939453,17.450000762939453,17.469999313354492,17.153682708740234,677200
2023-04-12,NWS,17.920000076293945,17.950000762939453,17.450000762939453,17.469999313354492,17.153682708740234,677200
2023-04-13,NWS,17.59000015258789,17.829999923706055,17.549999237060547,17.790000915527344,17.467891693115234,629800
2023-04-13,NWS,17.59000015258789,17.829999923706055,17.549999237060547,17.790000915527344,17.467891693115234,629800
2023-04-14,NWS,17.719999313354492,17.899999618530273,17.479999542236328,17.549999237060547,17.232234954833984,552300
2023-04-14,NWS,17.719999313354492,17.899999618530273,17.479999542236328,17.549999237060547,17.232234954833984,552300
2023-04-17,NWS,17.520000457763672,17.739999771118164,17.350000381469727,17.489999771118164,17.173324584960938,360300
2023-04-17,NWS,17.520000457763672,17.739999771118164,17.350000381469727,17.489999771118164,17.173324584960938,360300
2023-04-18,NWS,17.469999313354492,17.6299991607666,17.3799991607666,17.450000762939453,17.134048461914062,766400
2023-04-18,NWS,17.469999313354492,17.6299991607666,17.3799991607666,17.450000762939453,17.134048461914062,766400
2023-04-19,NWS,17.229999542236328,17.65999984741211,17.219999313354492,17.540000915527344,17.2224178314209,682700
2023-04-19,NWS,17.229999542236328,17.65999984741211,17.219999313354492,17.540000915527344,17.2224178314209,682700
2023-04-20,NWS,17.420000076293945,17.639999389648438,17.40999984741211,17.450000762939453,17.134048461914062,783300
2023-04-20,NWS,17.420000076293945,17.639999389648438,17.40999984741211,17.450000762939453,17.134048461914062,783300
2023-04-21,NWS,17.469999313354492,17.540000915527344,17.360000610351562,17.440000534057617,17.124229431152344,626000
2023-04-21,NWS,17.469999313354492,17.540000915527344,17.360000610351562,17.440000534057617,17.124229431152344,626000
2023-04-24,NWS,17.399999618530273,17.559999465942383,17.270000457763672,17.420000076293945,17.104591369628906,534000
2023-04-24,NWS,17.399999618530273,17.559999465942383,17.270000457763672,17.420000076293945,17.104591369628906,534000
2023-04-25,NWS,17.200000762939453,17.270000457763672,16.989999771118164,17.079999923706055,16.7707462310791,879900
2023-04-25,NWS,17.200000762939453,17.270000457763672,16.989999771118164,17.079999923706055,16.7707462310791,879900
2023-04-26,NWS,17.030000686645508,17.219999313354492,16.790000915527344,16.81999969482422,16.515453338623047,612600
2023-04-26,NWS,17.030000686645508,17.219999313354492,16.790000915527344,16.81999969482422,16.515453338623047,612600
2023-04-27,NWS,16.950000762939453,17.350000381469727,16.780000686645508,17.350000381469727,17.035856246948242,505800
2023-04-27,NWS,16.950000762939453,17.350000381469727,16.780000686645508,17.350000381469727,17.035856246948242,505800
2023-04-28,NWS,17.239999771118164,17.760000228881836,17.239999771118164,17.75,17.428613662719727,863200
2023-04-28,NWS,17.239999771118164,17.760000228881836,17.239999771118164,17.75,17.428613662719727,863200
2023-05-01,NWS,17.65999984741211,17.809999465942383,17.5,17.530000686645508,17.21259880065918,476700
2023-05-01,NWS,17.65999984741211,17.809999465942383,17.5,17.530000686645508,17.21259880065918,476700
2023-05-02,NWS,17.459999084472656,17.459999084472656,16.8700008392334,17.110000610351562,16.800203323364258,880600
2023-05-02,NWS,17.459999084472656,17.459999084472656,16.8700008392334,17.110000610351562,16.800203323364258,880600
2023-05-03,NWS,17.1299991607666,17.40999984741211,17.1299991607666,17.190000534057617,16.878755569458008,697300
2023-05-03,NWS,17.1299991607666,17.40999984741211,17.1299991607666,17.190000534057617,16.878755569458008,697300
2023-05-04,NWS,17.020000457763672,17.110000610351562,16.780000686645508,16.850000381469727,16.544910430908203,1049700
2023-05-04,NWS,17.020000457763672,17.110000610351562,16.780000686645508,16.850000381469727,16.544910430908203,1049700
2023-05-05,NWS,16.950000762939453,17.299999237060547,16.950000762939453,17.260000228881836,16.947486877441406,700800
2023-05-05,NWS,16.950000762939453,17.299999237060547,16.950000762939453,17.260000228881836,16.947486877441406,700800
2023-05-08,NWS,17.299999237060547,17.360000610351562,17.1200008392334,17.280000686645508,16.967124938964844,369300
2023-05-08,NWS,17.299999237060547,17.360000610351562,17.1200008392334,17.280000686645508,16.967124938964844,369300
2023-05-09,NWS,17.190000534057617,17.200000762939453,16.979999542236328,17.079999923706055,16.7707462310791,625700
2023-05-09,NWS,17.190000534057617,17.200000762939453,16.979999542236328,17.079999923706055,16.7707462310791,625700
2023-05-10,NWS,17.299999237060547,17.299999237060547,16.489999771118164,16.829999923706055,16.525272369384766,911500
2023-05-10,NWS,17.299999237060547,17.299999237060547,16.489999771118164,16.829999923706055,16.525272369384766,911500
2023-05-11,NWS,16.739999771118164,16.899999618530273,16.530000686645508,16.829999923706055,16.525272369384766,1275300
2023-05-11,NWS,16.739999771118164,16.899999618530273,16.530000686645508,16.829999923706055,16.525272369384766,1275300
2023-05-12,NWS,17.979999542236328,18.68000030517578,17.709999084472656,18.290000915527344,17.958837509155273,1407500
2023-05-12,NWS,17.979999542236328,18.68000030517578,17.709999084472656,18.290000915527344,17.958837509155273,1407500
2023-05-15,NWS,18.34000015258789,18.920000076293945,18.34000015258789,18.8799991607666,18.53815460205078,905200
2023-05-15,NWS,18.34000015258789,18.920000076293945,18.34000015258789,18.8799991607666,18.53815460205078,905200
2023-05-16,NWS,18.690000534057617,18.709999084472656,18.309999465942383,18.46999931335449,18.135578155517575,603300
2023-05-16,NWS,18.690000534057617,18.709999084472656,18.309999465942383,18.46999931335449,18.135578155517575,603300
2023-05-17,NWS,18.540000915527344,18.84000015258789,18.31999969482422,18.81999969482422,18.47924041748047,1030100
2023-05-17,NWS,18.540000915527344,18.84000015258789,18.31999969482422,18.81999969482422,18.47924041748047,1030100
2023-05-18,NWS,18.809999465942383,18.899999618530277,18.61000061035156,18.86000061035156,18.518516540527344,476800
2023-05-18,NWS,18.809999465942383,18.899999618530277,18.61000061035156,18.86000061035156,18.518516540527344,476800
2023-05-19,NWS,18.850000381469727,18.93000030517578,18.61000061035156,18.700000762939453,18.36141395568848,558400
2023-05-19,NWS,18.850000381469727,18.93000030517578,18.61000061035156,18.700000762939453,18.36141395568848,558400
2023-05-22,NWS,18.770000457763672,18.770000457763672,18.520000457763672,18.63999938964844,18.30249786376953,383900
2023-05-22,NWS,18.770000457763672,18.770000457763672,18.520000457763672,18.63999938964844,18.30249786376953,383900
2023-05-23,NWS,18.5,18.690000534057617,18.450000762939453,18.46999931335449,18.135578155517575,585700
2023-05-23,NWS,18.5,18.690000534057617,18.450000762939453,18.46999931335449,18.135578155517575,585700
2023-05-24,NWS,18.3799991607666,18.43000030517578,18.190000534057617,18.32999992370605,17.99811553955078,577100
2023-05-24,NWS,18.3799991607666,18.43000030517578,18.190000534057617,18.32999992370605,17.99811553955078,577100
2023-05-25,NWS,18.350000381469727,18.530000686645508,18.229999542236328,18.31999969482422,17.988296508789062,572400
2023-05-25,NWS,18.350000381469727,18.530000686645508,18.229999542236328,18.31999969482422,17.988296508789062,572400
2023-05-26,NWS,18.440000534057617,18.670000076293945,18.290000915527344,18.63999938964844,18.30249786376953,447100
2023-05-26,NWS,18.440000534057617,18.670000076293945,18.290000915527344,18.63999938964844,18.30249786376953,447100
2023-05-30,NWS,18.790000915527344,18.96999931335449,18.709999084472656,18.920000076293945,18.577430725097656,739900
2023-05-30,NWS,18.790000915527344,18.96999931335449,18.709999084472656,18.920000076293945,18.577430725097656,739900
2023-05-31,NWS,18.84000015258789,18.84000015258789,18.290000915527344,18.479999542236328,18.145397186279297,1263300
2023-05-31,NWS,18.84000015258789,18.84000015258789,18.290000915527344,18.479999542236328,18.145397186279297,1263300
2023-06-01,NWS,18.57999992370605,18.899999618530277,18.399999618530277,18.8799991607666,18.53815460205078,917900
2023-06-01,NWS,18.57999992370605,18.899999618530277,18.399999618530277,18.8799991607666,18.53815460205078,917900
2023-06-02,NWS,18.979999542236328,19.15999984741211,18.76000022888184,19.01000022888184,18.665802001953125,549700
2023-06-02,NWS,18.979999542236328,19.15999984741211,18.76000022888184,19.01000022888184,18.665802001953125,549700
2023-06-05,NWS,19.01000022888184,19.049999237060547,18.799999237060547,18.81999969482422,18.47924041748047,546900
2023-06-05,NWS,19.01000022888184,19.049999237060547,18.799999237060547,18.81999969482422,18.47924041748047,546900
2023-06-06,NWS,18.770000457763672,19.13999938964844,18.770000457763672,19.11000061035156,18.76399040222168,653300
2023-06-06,NWS,18.770000457763672,19.13999938964844,18.770000457763672,19.11000061035156,18.76399040222168,653300
2023-06-07,NWS,19.239999771118164,19.600000381469727,19.11000061035156,19.549999237060547,19.196020126342773,1182700
2023-06-07,NWS,19.239999771118164,19.600000381469727,19.11000061035156,19.549999237060547,19.196020126342773,1182700
2023-06-08,NWS,19.450000762939453,19.530000686645508,19.13999938964844,19.32999992370605,18.980005264282227,1087500
2023-06-08,NWS,19.450000762939453,19.530000686645508,19.13999938964844,19.32999992370605,18.980005264282227,1087500
2023-06-09,NWS,19.32999992370605,19.46999931335449,19.18000030517578,19.420000076293945,19.06837654113769,727100
2023-06-09,NWS,19.32999992370605,19.46999931335449,19.18000030517578,19.420000076293945,19.06837654113769,727100
2023-06-12,NWS,19.420000076293945,19.489999771118164,19.18000030517578,19.209999084472656,18.862180709838867,1040800
2023-06-12,NWS,19.420000076293945,19.489999771118164,19.18000030517578,19.209999084472656,18.862180709838867,1040800
2023-06-13,NWS,19.350000381469727,19.739999771118164,19.280000686645508,19.649999618530277,19.294212341308597,989300
2023-06-13,NWS,19.350000381469727,19.739999771118164,19.280000686645508,19.649999618530277,19.294212341308597,989300
2023-06-14,NWS,19.690000534057617,19.93000030517578,19.38999938964844,19.489999771118164,19.137109756469727,1035000
2023-06-14,NWS,19.690000534057617,19.93000030517578,19.38999938964844,19.489999771118164,19.137109756469727,1035000
2023-06-15,NWS,19.479999542236328,19.809999465942383,19.420000076293945,19.76000022888184,19.4022216796875,1382500
2023-06-15,NWS,19.479999542236328,19.809999465942383,19.420000076293945,19.76000022888184,19.4022216796875,1382500
2023-06-16,NWS,19.88999938964844,19.920000076293945,19.68000030517578,19.799999237060547,19.441495895385746,1497100
2023-06-16,NWS,19.88999938964844,19.920000076293945,19.68000030517578,19.799999237060547,19.441495895385746,1497100
2023-06-20,NWS,19.799999237060547,19.799999237060547,19.309999465942383,19.350000381469727,18.999645233154297,991300
2023-06-20,NWS,19.799999237060547,19.799999237060547,19.309999465942383,19.350000381469727,18.999645233154297,991300
2023-06-21,NWS,19.229999542236328,19.540000915527344,19.170000076293945,19.5,19.14692687988281,608500
2023-06-21,NWS,19.229999542236328,19.540000915527344,19.170000076293945,19.5,19.14692687988281,608500
2023-06-22,NWS,19.489999771118164,19.489999771118164,19.049999237060547,19.07999992370605,18.73453140258789,444700
2023-06-22,NWS,19.489999771118164,19.489999771118164,19.049999237060547,19.07999992370605,18.73453140258789,444700
2023-06-23,NWS,18.899999618530277,19.1200008392334,18.850000381469727,19.0,18.655982971191406,916200
2023-06-23,NWS,18.899999618530277,19.1200008392334,18.850000381469727,19.0,18.655982971191406,916200
2023-06-26,NWS,19.01000022888184,19.229999542236328,18.989999771118164,19.149999618530277,18.803266525268555,422000
2023-06-26,NWS,19.01000022888184,19.229999542236328,18.989999771118164,19.149999618530277,18.803266525268555,422000
2023-06-27,NWS,19.13999938964844,19.61000061035156,19.11000061035156,19.479999542236328,19.127290725708008,488500
2023-06-27,NWS,19.13999938964844,19.61000061035156,19.11000061035156,19.479999542236328,19.127290725708008,488500
2023-06-28,NWS,19.459999084472656,19.770000457763672,19.420000076293945,19.75,19.39240264892578,637200
2023-06-28,NWS,19.459999084472656,19.770000457763672,19.420000076293945,19.75,19.39240264892578,637200
2023-06-29,NWS,19.739999771118164,19.88999938964844,19.68000030517578,19.739999771118164,19.382583618164062,472600
2023-06-29,NWS,19.739999771118164,19.88999938964844,19.68000030517578,19.739999771118164,19.382583618164062,472600
2023-06-30,NWS,19.920000076293945,19.96999931335449,19.690000534057617,19.71999931335449,19.362943649291992,871200
2023-06-30,NWS,19.920000076293945,19.96999931335449,19.690000534057617,19.71999931335449,19.362943649291992,871200
2023-07-03,NWS,19.63999938964844,19.81999969482422,19.600000381469727,19.770000457763672,19.41204071044922,264100
2023-07-03,NWS,19.63999938964844,19.81999969482422,19.600000381469727,19.770000457763672,19.41204071044922,264100
2023-07-05,NWS,19.61000061035156,19.739999771118164,19.40999984741211,19.709999084472656,19.353126525878903,512200
2023-07-05,NWS,19.61000061035156,19.739999771118164,19.40999984741211,19.709999084472656,19.353126525878903,512200
2023-07-06,NWS,19.5,19.700000762939453,19.200000762939453,19.690000534057617,19.33349227905273,416100
2023-07-06,NWS,19.5,19.700000762939453,19.200000762939453,19.690000534057617,19.33349227905273,416100
2023-07-07,NWS,19.670000076293945,20.06999969482422,19.649999618530277,19.90999984741211,19.54950523376465,981600
2023-07-07,NWS,19.670000076293945,20.06999969482422,19.649999618530277,19.90999984741211,19.54950523376465,981600
2023-07-10,NWS,19.790000915527344,20.0,19.670000076293945,19.76000022888184,19.4022216796875,614700
2023-07-10,NWS,19.790000915527344,20.0,19.670000076293945,19.76000022888184,19.4022216796875,614700
2023-07-11,NWS,19.809999465942383,20.07999992370605,19.700000762939453,20.07999992370605,19.716428756713867,596300
2023-07-11,NWS,19.809999465942383,20.07999992370605,19.700000762939453,20.07999992370605,19.716428756713867,596300
2023-07-12,NWS,20.36000061035156,20.56999969482422,20.26000022888184,20.32999992370605,19.96190071105957,641000
2023-07-12,NWS,20.36000061035156,20.56999969482422,20.26000022888184,20.32999992370605,19.96190071105957,641000
2023-07-13,NWS,20.420000076293945,20.540000915527344,20.350000381469727,20.51000022888184,20.138643264770508,747700
2023-07-13,NWS,20.420000076293945,20.540000915527344,20.350000381469727,20.51000022888184,20.138643264770508,747700
2023-07-14,NWS,20.56999969482422,20.56999969482422,20.239999771118164,20.399999618530277,20.03063201904297,523400
2023-07-14,NWS,20.56999969482422,20.56999969482422,20.239999771118164,20.399999618530277,20.03063201904297,523400
2023-07-17,NWS,20.43000030517578,20.690000534057617,20.239999771118164,20.63999938964844,20.26628875732422,742900
2023-07-17,NWS,20.43000030517578,20.690000534057617,20.239999771118164,20.63999938964844,20.26628875732422,742900
2023-07-18,NWS,20.68000030517578,20.93000030517578,20.6200008392334,20.809999465942383,20.43320846557617,590200
2023-07-18,NWS,20.68000030517578,20.93000030517578,20.6200008392334,20.809999465942383,20.43320846557617,590200
2023-07-19,NWS,20.799999237060547,20.81999969482422,20.36000061035156,20.38999938964844,20.020814895629883,555200
2023-07-19,NWS,20.799999237060547,20.81999969482422,20.36000061035156,20.38999938964844,20.020814895629883,555200
2023-07-20,NWS,20.440000534057617,20.440000534057617,20.01000022888184,20.11000061035156,19.745885848999023,660700
2023-07-20,NWS,20.440000534057617,20.440000534057617,20.01000022888184,20.11000061035156,19.745885848999023,660700
2023-07-21,NWS,20.1200008392334,20.15999984741211,19.86000061035156,19.8799991607666,19.52004623413086,649600
2023-07-21,NWS,20.1200008392334,20.15999984741211,19.86000061035156,19.8799991607666,19.52004623413086,649600
2023-07-24,NWS,19.82999992370605,20.020000457763672,19.520000457763672,19.56999969482422,19.215660095214844,385700
2023-07-24,NWS,19.82999992370605,20.020000457763672,19.520000457763672,19.56999969482422,19.215660095214844,385700
2023-07-25,NWS,19.6299991607666,19.65999984741211,19.43000030517578,19.530000686645508,19.1763858795166,454800
2023-07-25,NWS,19.6299991607666,19.65999984741211,19.43000030517578,19.530000686645508,19.1763858795166,454800
2023-07-26,NWS,19.600000381469727,19.739999771118164,19.36000061035156,19.46999931335449,19.11747169494629,495600
2023-07-26,NWS,19.600000381469727,19.739999771118164,19.36000061035156,19.46999931335449,19.11747169494629,495600
2023-07-27,NWS,19.75,19.850000381469727,19.489999771118164,19.540000915527344,19.18620491027832,784200
2023-07-27,NWS,19.75,19.850000381469727,19.489999771118164,19.540000915527344,19.18620491027832,784200
2023-07-28,NWS,19.88999938964844,19.899999618530277,19.479999542236328,19.65999984741211,19.304033279418945,583300
2023-07-28,NWS,19.88999938964844,19.899999618530277,19.479999542236328,19.65999984741211,19.304033279418945,583300
2023-07-31,NWS,19.68000030517578,20.15999984741211,19.670000076293945,20.11000061035156,19.745885848999023,1010200
2023-07-31,NWS,19.68000030517578,20.15999984741211,19.670000076293945,20.11000061035156,19.745885848999023,1010200
2023-08-01,NWS,20.07999992370605,20.270000457763672,19.82999992370605,20.1200008392334,19.755704879760746,858300
2023-08-01,NWS,20.07999992370605,20.270000457763672,19.82999992370605,20.1200008392334,19.755704879760746,858300
2023-08-02,NWS,20.11000061035156,20.11000061035156,19.729999542236328,20.040000915527344,19.677152633666992,987900
2023-08-02,NWS,20.11000061035156,20.11000061035156,19.729999542236328,20.040000915527344,19.677152633666992,987900
2023-08-03,NWS,20.01000022888184,20.25,19.850000381469727,20.13999938964844,19.775341033935547,929000
2023-08-03,NWS,20.01000022888184,20.25,19.850000381469727,20.13999938964844,19.775341033935547,929000
2023-08-04,NWS,20.149999618530277,20.670000076293945,20.1200008392334,20.299999237060547,19.93244361877441,590000
2023-08-04,NWS,20.149999618530277,20.670000076293945,20.1200008392334,20.299999237060547,19.93244361877441,590000
2023-08-07,NWS,20.40999984741211,20.780000686645508,20.40999984741211,20.63999938964844,20.26628875732422,878300
2023-08-07,NWS,20.40999984741211,20.780000686645508,20.40999984741211,20.63999938964844,20.26628875732422,878300
2023-08-08,NWS,20.450000762939453,20.799999237060547,20.450000762939453,20.790000915527344,20.41357421875,912500
2023-08-08,NWS,20.450000762939453,20.799999237060547,20.450000762939453,20.790000915527344,20.41357421875,912500
2023-08-09,NWS,20.709999084472656,20.96999931335449,20.6200008392334,20.780000686645508,20.40375328063965,1028300
2023-08-09,NWS,20.709999084472656,20.96999931335449,20.6200008392334,20.780000686645508,20.40375328063965,1028300
2023-08-10,NWS,20.950000762939453,21.049999237060547,20.540000915527344,20.709999084472656,20.335018157958984,1510500
2023-08-10,NWS,20.950000762939453,21.049999237060547,20.540000915527344,20.709999084472656,20.335018157958984,1510500
2023-08-11,NWS,20.920000076293945,21.729999542236328,20.920000076293945,21.690000534057617,21.297277450561523,1237500
2023-08-11,NWS,20.920000076293945,21.729999542236328,20.920000076293945,21.690000534057617,21.297277450561523,1237500
2023-08-14,NWS,21.63999938964844,22.100000381469727,21.520000457763672,22.09000015258789,21.69003295898437,922700
2023-08-14,NWS,21.63999938964844,22.100000381469727,21.520000457763672,22.09000015258789,21.69003295898437,922700
2023-08-15,NWS,21.809999465942383,21.850000381469727,21.31999969482422,21.3799991607666,20.99288749694824,648400
2023-08-15,NWS,21.809999465942383,21.850000381469727,21.31999969482422,21.3799991607666,20.99288749694824,648400
2023-08-16,NWS,21.399999618530277,21.96999931335449,21.3700008392334,21.59000015258789,21.199087142944336,974600
2023-08-16,NWS,21.399999618530277,21.96999931335449,21.3700008392334,21.59000015258789,21.199087142944336,974600
2023-08-17,NWS,21.63999938964844,21.68000030517578,21.190000534057617,21.190000534057617,20.806331634521484,988900
2023-08-17,NWS,21.63999938964844,21.68000030517578,21.190000534057617,21.190000534057617,20.806331634521484,988900
2023-08-18,NWS,21.030000686645508,21.270000457763672,21.030000686645508,21.190000534057617,20.806331634521484,810200
2023-08-18,NWS,21.030000686645508,21.270000457763672,21.030000686645508,21.190000534057617,20.806331634521484,810200
2023-08-21,NWS,21.1299991607666,21.270000457763672,20.790000915527344,21.040000915527344,20.659048080444336,512700
2023-08-21,NWS,21.1299991607666,21.270000457763672,20.790000915527344,21.040000915527344,20.659048080444336,512700
2023-08-22,NWS,21.1200008392334,21.31999969482422,21.040000915527344,21.1299991607666,20.747413635253903,969800
2023-08-22,NWS,21.1200008392334,21.31999969482422,21.040000915527344,21.1299991607666,20.747413635253903,969800
2023-08-23,NWS,21.1299991607666,21.399999618530277,21.1299991607666,21.32999992370605,20.94379425048828,402800
2023-08-23,NWS,21.1299991607666,21.399999618530277,21.1299991607666,21.32999992370605,20.94379425048828,402800
2023-08-24,NWS,21.350000381469727,21.530000686645508,21.100000381469727,21.11000061035156,20.72777938842773,1016000
2023-08-24,NWS,21.350000381469727,21.530000686645508,21.100000381469727,21.11000061035156,20.72777938842773,1016000
2023-08-25,NWS,21.1299991607666,21.31999969482422,21.020000457763672,21.200000762939453,20.816150665283203,865600
2023-08-25,NWS,21.1299991607666,21.31999969482422,21.020000457763672,21.200000762939453,20.816150665283203,865600
2023-08-28,NWS,21.3700008392334,21.489999771118164,21.270000457763672,21.31999969482422,20.93397521972656,471800
2023-08-28,NWS,21.3700008392334,21.489999771118164,21.270000457763672,21.31999969482422,20.93397521972656,471800
2023-08-29,NWS,21.3799991607666,21.700000762939453,21.270000457763672,21.63999938964844,21.248180389404297,928500
2023-08-29,NWS,21.3799991607666,21.700000762939453,21.270000457763672,21.63999938964844,21.248180389404297,928500
2023-08-30,NWS,21.59000015258789,21.88999938964844,21.59000015258789,21.86000061035156,21.46419906616211,743000
2023-08-30,NWS,21.59000015258789,21.88999938964844,21.59000015258789,21.86000061035156,21.46419906616211,743000
2023-08-31,NWS,21.920000076293945,22.13999938964844,21.850000381469727,22.0,21.60166358947754,1374000
2023-08-31,NWS,21.920000076293945,22.13999938964844,21.850000381469727,22.0,21.60166358947754,1374000
2023-09-01,NWS,22.059999465942383,22.06999969482422,21.649999618530277,21.790000915527344,21.39546585083008,857300
2023-09-01,NWS,22.059999465942383,22.06999969482422,21.649999618530277,21.790000915527344,21.39546585083008,857300
2023-09-05,NWS,21.670000076293945,21.709999084472656,21.40999984741211,21.700000762939453,21.30709648132324,1195500
2023-09-05,NWS,21.670000076293945,21.709999084472656,21.40999984741211,21.700000762939453,21.30709648132324,1195500
2023-09-06,NWS,21.649999618530277,21.799999237060547,21.63999938964844,21.76000022888184,21.36600685119629,2102100
2023-09-06,NWS,21.649999618530277,21.799999237060547,21.63999938964844,21.76000022888184,21.36600685119629,2102100
2023-09-07,NWS,21.75,21.799999237060547,21.520000457763672,21.540000915527344,21.14999389648437,1600500
2023-09-07,NWS,21.75,21.799999237060547,21.520000457763672,21.540000915527344,21.14999389648437,1600500
2023-09-08,NWS,21.649999618530277,21.790000915527344,21.6200008392334,21.65999984741211,21.267820358276367,1328600
2023-09-08,NWS,21.649999618530277,21.790000915527344,21.6200008392334,21.65999984741211,21.267820358276367,1328600
2023-09-11,NWS,21.71999931335449,21.8799991607666,21.61000061035156,21.65999984741211,21.267820358276367,1410900
2023-09-11,NWS,21.71999931335449,21.8799991607666,21.61000061035156,21.65999984741211,21.267820358276367,1410900
2023-09-12,NWS,21.56999969482422,21.670000076293945,21.190000534057617,21.459999084472656,21.16917610168457,1477700
2023-09-12,NWS,21.56999969482422,21.670000076293945,21.190000534057617,21.459999084472656,21.16917610168457,1477700
2023-09-13,NWS,21.559999465942383,21.559999465942383,20.850000381469727,20.899999618530277,20.616762161254883,2009100
2023-09-13,NWS,21.559999465942383,21.559999465942383,20.850000381469727,20.899999618530277,20.616762161254883,2009100
2023-09-14,NWS,21.1200008392334,21.200000762939453,20.940000534057617,21.18000030517578,20.892969131469727,1068700
2023-09-14,NWS,21.1200008392334,21.200000762939453,20.940000534057617,21.18000030517578,20.892969131469727,1068700
2023-09-15,NWS,21.1200008392334,21.26000022888184,20.88999938964844,20.979999542236328,20.6956787109375,1834800
2023-09-15,NWS,21.1200008392334,21.26000022888184,20.88999938964844,20.979999542236328,20.6956787109375,1834800
2023-09-18,NWS,21.09000015258789,21.09000015258789,20.56999969482422,20.6299991607666,20.350419998168945,1174800
2023-09-18,NWS,21.09000015258789,21.09000015258789,20.56999969482422,20.6299991607666,20.350419998168945,1174800
2023-09-19,NWS,20.68000030517578,20.71999931335449,20.559999465942383,20.63999938964844,20.36028480529785,735700
2023-09-19,NWS,20.68000030517578,20.71999931335449,20.559999465942383,20.63999938964844,20.36028480529785,735700
2023-09-20,NWS,20.709999084472656,20.75,20.3799991607666,20.399999618530277,20.123538970947266,1081200
2023-09-20,NWS,20.709999084472656,20.75,20.3799991607666,20.399999618530277,20.123538970947266,1081200
2023-09-21,NWS,20.309999465942383,20.989999771118164,20.149999618530277,20.65999984741211,20.380014419555664,1489000
2023-09-21,NWS,20.309999465942383,20.989999771118164,20.149999618530277,20.65999984741211,20.380014419555664,1489000
2023-09-22,NWS,20.63999938964844,20.75,20.290000915527344,20.36000061035156,20.084083557128903,1243900
2023-09-22,NWS,20.63999938964844,20.75,20.290000915527344,20.36000061035156,20.084083557128903,1243900
2023-09-25,NWS,20.31999969482422,20.520000457763672,20.1299991607666,20.459999084472656,20.18272399902344,1804400
2023-09-25,NWS,20.31999969482422,20.520000457763672,20.1299991607666,20.459999084472656,20.18272399902344,1804400
2023-09-26,NWS,20.25,20.46999931335449,20.25,20.350000381469727,20.07421875,1436300
2023-09-26,NWS,20.25,20.46999931335449,20.25,20.350000381469727,20.07421875,1436300
2023-09-27,NWS,20.479999542236328,20.56999969482422,20.290000915527344,20.38999938964844,20.113676071166992,1397800
2023-09-27,NWS,20.479999542236328,20.56999969482422,20.290000915527344,20.38999938964844,20.113676071166992,1397800
2023-09-28,NWS,20.420000076293945,20.84000015258789,20.38999938964844,20.780000686645508,20.49839210510254,1514300
2023-09-28,NWS,20.420000076293945,20.84000015258789,20.38999938964844,20.780000686645508,20.49839210510254,1514300
2023-09-29,NWS,20.82999992370605,21.01000022888184,20.76000022888184,20.8700008392334,20.58717155456543,1316700
2023-09-29,NWS,20.82999992370605,21.01000022888184,20.76000022888184,20.8700008392334,20.58717155456543,1316700
2023-10-02,NWS,20.850000381469727,20.940000534057617,20.670000076293945,20.799999237060547,20.51811981201172,1739200
2023-10-02,NWS,20.850000381469727,20.940000534057617,20.670000076293945,20.799999237060547,20.51811981201172,1739200
2023-10-03,NWS,20.709999084472656,20.84000015258789,20.09000015258789,20.13999938964844,19.867063522338867,1440200
2023-10-03,NWS,20.709999084472656,20.84000015258789,20.09000015258789,20.13999938964844,19.867063522338867,1440200
2023-10-04,NWS,20.100000381469727,20.59000015258789,20.01000022888184,20.56999969482422,20.291236877441406,816000
2023-10-04,NWS,20.100000381469727,20.59000015258789,20.01000022888184,20.56999969482422,20.291236877441406,816000
2023-10-05,NWS,20.51000022888184,20.690000534057617,20.350000381469727,20.459999084472656,20.18272399902344,1255700
2023-10-05,NWS,20.51000022888184,20.690000534057617,20.350000381469727,20.459999084472656,20.18272399902344,1255700
2023-10-06,NWS,20.38999938964844,21.18000030517578,20.38999938964844,20.979999542236328,20.6956787109375,1276000
2023-10-06,NWS,20.38999938964844,21.18000030517578,20.38999938964844,20.979999542236328,20.6956787109375,1276000
2023-10-09,NWS,20.90999984741211,21.1299991607666,20.700000762939453,21.059999465942383,20.77459526062012,1266700
2023-10-09,NWS,20.90999984741211,21.1299991607666,20.700000762939453,21.059999465942383,20.77459526062012,1266700
2023-10-10,NWS,21.1200008392334,21.59000015258789,21.06999969482422,21.51000022888184,21.2185001373291,1728700
2023-10-10,NWS,21.1200008392334,21.59000015258789,21.06999969482422,21.51000022888184,21.2185001373291,1728700
2023-10-11,NWS,21.51000022888184,21.88999938964844,21.51000022888184,21.700000762939453,21.40592384338379,1685300
2023-10-11,NWS,21.51000022888184,21.88999938964844,21.51000022888184,21.700000762939453,21.40592384338379,1685300
2023-10-12,NWS,21.709999084472656,21.780000686645508,21.43000030517578,21.6200008392334,21.32700729370117,969800
2023-10-12,NWS,21.709999084472656,21.780000686645508,21.43000030517578,21.6200008392334,21.32700729370117,969800
2023-10-13,NWS,21.6200008392334,22.1200008392334,21.299999237060547,21.729999542236328,21.435516357421875,2688300
2023-10-13,NWS,21.6200008392334,22.1200008392334,21.299999237060547,21.729999542236328,21.435516357421875,2688300
2023-10-16,NWS,21.850000381469727,22.71999931335449,21.84000015258789,22.68000030517578,22.37264060974121,1772800
2023-10-16,NWS,21.850000381469727,22.71999931335449,21.84000015258789,22.68000030517578,22.37264060974121,1772800
2023-10-17,NWS,22.68000030517578,23.020000457763672,22.38999938964844,22.989999771118164,22.67844009399414,2996300
2023-10-17,NWS,22.68000030517578,23.020000457763672,22.38999938964844,22.989999771118164,22.67844009399414,2996300
2023-10-18,NWS,23.0,23.170000076293945,22.600000381469727,22.6299991607666,22.323318481445312,1753600
2023-10-18,NWS,23.0,23.170000076293945,22.600000381469727,22.6299991607666,22.323318481445312,1753600
2023-10-19,NWS,22.65999984741211,22.68000030517578,22.290000915527344,22.36000061035156,22.05698013305664,1457400
2023-10-19,NWS,22.65999984741211,22.68000030517578,22.290000915527344,22.36000061035156,22.05698013305664,1457400
2023-10-20,NWS,22.36000061035156,22.440000534057617,21.76000022888184,21.959999084472656,21.662399291992188,1049900
2023-10-20,NWS,22.36000061035156,22.440000534057617,21.76000022888184,21.959999084472656,21.662399291992188,1049900
2023-10-23,NWS,21.940000534057617,22.25,21.76000022888184,21.88999938964844,21.59334754943848,1488800
2023-10-23,NWS,21.940000534057617,22.25,21.76000022888184,21.88999938964844,21.59334754943848,1488800
2023-10-24,NWS,21.96999931335449,22.399999618530277,21.739999771118164,22.26000022888184,21.95833396911621,1934600
2023-10-24,NWS,21.96999931335449,22.399999618530277,21.739999771118164,22.26000022888184,21.95833396911621,1934600
2023-10-25,NWS,22.07999992370605,22.13999938964844,21.309999465942383,21.31999969482422,21.03107070922852,1277700
2023-10-25,NWS,22.07999992370605,22.13999938964844,21.309999465942383,21.31999969482422,21.03107070922852,1277700
2023-10-26,NWS,21.280000686645508,21.450000762939453,21.15999984741211,21.239999771118164,20.95215606689453,962200
2023-10-26,NWS,21.280000686645508,21.450000762939453,21.15999984741211,21.239999771118164,20.95215606689453,962200
2023-10-27,NWS,21.190000534057617,21.31999969482422,20.850000381469727,20.950000762939453,20.66608619689941,601700
2023-10-27,NWS,21.190000534057617,21.31999969482422,20.850000381469727,20.950000762939453,20.66608619689941,601700
2023-10-30,NWS,21.200000762939453,21.3799991607666,21.049999237060547,21.36000061035156,21.070528030395508,1213600
2023-10-30,NWS,21.200000762939453,21.3799991607666,21.049999237060547,21.36000061035156,21.070528030395508,1213600
2023-10-31,NWS,21.420000076293945,21.600000381469727,21.299999237060547,21.440000534057617,21.14944648742676,1138400
2023-10-31,NWS,21.420000076293945,21.600000381469727,21.299999237060547,21.440000534057617,21.14944648742676,1138400
2023-11-01,NWS,21.36000061035156,21.540000915527344,21.25,21.489999771118164,21.19877052307129,777000
2023-11-01,NWS,21.36000061035156,21.540000915527344,21.25,21.489999771118164,21.19877052307129,777000
2023-11-02,NWS,21.770000457763672,22.280000686645508,21.440000534057617,22.100000381469727,21.80050277709961,1151500
2023-11-02,NWS,21.770000457763672,22.280000686645508,21.440000534057617,22.100000381469727,21.80050277709961,1151500
2023-11-03,NWS,22.459999084472656,22.68000030517578,22.399999618530277,22.65999984741211,22.3529109954834,1017700
2023-11-03,NWS,22.459999084472656,22.68000030517578,22.399999618530277,22.65999984741211,22.3529109954834,1017700
2023-11-06,NWS,22.63999938964844,22.790000915527344,22.40999984741211,22.459999084472656,22.15562057495117,1264100
2023-11-06,NWS,22.63999938964844,22.790000915527344,22.40999984741211,22.459999084472656,22.15562057495117,1264100
2023-11-07,NWS,22.31999969482422,22.5,22.01000022888184,22.229999542236328,21.92873764038086,916500
2023-11-07,NWS,22.31999969482422,22.5,22.01000022888184,22.229999542236328,21.92873764038086,916500
2023-11-08,NWS,22.34000015258789,22.56999969482422,22.239999771118164,22.299999237060547,21.997791290283203,1748700
2023-11-08,NWS,22.34000015258789,22.56999969482422,22.239999771118164,22.299999237060547,21.997791290283203,1748700
2023-11-09,NWS,22.38999938964844,22.459999084472656,21.959999084472656,22.1200008392334,21.820232391357425,1337700
2023-11-09,NWS,22.38999938964844,22.459999084472656,21.959999084472656,22.1200008392334,21.820232391357425,1337700
2023-11-10,NWS,21.899999618530277,22.25,21.36000061035156,21.780000686645508,21.484838485717773,2024800
2023-11-10,NWS,21.899999618530277,22.25,21.36000061035156,21.780000686645508,21.484838485717773,2024800
2023-11-13,NWS,21.739999771118164,21.739999771118164,21.190000534057617,21.299999237060547,21.011341094970703,1185900
2023-11-13,NWS,21.739999771118164,21.739999771118164,21.190000534057617,21.299999237060547,21.011341094970703,1185900
2023-11-14,NWS,21.700000762939453,22.059999465942383,21.600000381469727,21.8700008392334,21.573619842529297,1508400
2023-11-14,NWS,21.700000762939453,22.059999465942383,21.600000381469727,21.8700008392334,21.573619842529297,1508400
2023-11-15,NWS,21.899999618530277,22.209999084472656,21.770000457763672,21.88999938964844,21.59334754943848,1209500
2023-11-15,NWS,21.899999618530277,22.209999084472656,21.770000457763672,21.88999938964844,21.59334754943848,1209500
2023-11-16,NWS,21.920000076293945,22.07999992370605,21.75,21.96999931335449,21.67226219177246,777000
2023-11-16,NWS,21.920000076293945,22.07999992370605,21.75,21.96999931335449,21.67226219177246,777000
2023-11-17,NWS,22.09000015258789,22.18000030517578,21.81999969482422,21.920000076293945,21.622941970825195,1627800
2023-11-17,NWS,22.09000015258789,22.18000030517578,21.81999969482422,21.920000076293945,21.622941970825195,1627800
2023-11-20,NWS,21.920000076293945,22.26000022888184,21.84000015258789,22.18000030517578,21.879417419433597,635800
2023-11-20,NWS,21.920000076293945,22.26000022888184,21.84000015258789,22.18000030517578,21.879417419433597,635800
2023-11-21,NWS,22.1200008392334,22.38999938964844,21.989999771118164,22.3700008392334,22.066844940185547,1330900
2023-11-21,NWS,22.1200008392334,22.38999938964844,21.989999771118164,22.3700008392334,22.066844940185547,1330900
2023-11-22,NWS,22.51000022888184,22.86000061035156,22.489999771118164,22.84000015258789,22.530473709106445,1028200
2023-11-22,NWS,22.51000022888184,22.86000061035156,22.489999771118164,22.84000015258789,22.530473709106445,1028200
2023-11-24,NWS,22.90999984741211,22.989999771118164,22.739999771118164,22.940000534057617,22.62911605834961,515000
2023-11-24,NWS,22.90999984741211,22.989999771118164,22.739999771118164,22.940000534057617,22.62911605834961,515000
2023-11-27,NWS,22.90999984741211,23.46999931335449,22.780000686645508,23.46999931335449,23.151935577392575,1784100
2023-11-27,NWS,22.90999984741211,23.46999931335449,22.780000686645508,23.46999931335449,23.151935577392575,1784100
2023-11-28,NWS,23.530000686645508,23.530000686645508,23.280000686645508,23.280000686645508,22.96451187133789,992100
2023-11-28,NWS,23.530000686645508,23.530000686645508,23.280000686645508,23.280000686645508,22.96451187133789,992100
2023-11-29,NWS,23.3700008392334,23.420000076293945,22.989999771118164,23.399999618530277,23.082883834838867,1184400
2023-11-29,NWS,23.3700008392334,23.420000076293945,22.989999771118164,23.399999618530277,23.082883834838867,1184400
2023-11-30,NWS,23.38999938964844,23.40999984741211,22.90999984741211,23.040000915527344,22.727766036987305,1291900
2023-11-30,NWS,23.38999938964844,23.40999984741211,22.90999984741211,23.040000915527344,22.727766036987305,1291900
2023-12-01,NWS,23.200000762939453,23.299999237060547,23.01000022888184,23.149999618530277,22.836271286010746,584500
2023-12-01,NWS,23.200000762939453,23.299999237060547,23.01000022888184,23.149999618530277,22.836271286010746,584500
2023-12-04,NWS,23.059999465942383,23.46999931335449,22.93000030517578,23.07999992370605,22.767221450805664,660500
2023-12-04,NWS,23.059999465942383,23.46999931335449,22.93000030517578,23.07999992370605,22.767221450805664,660500
2023-12-05,NWS,22.90999984741211,22.920000076293945,22.520000457763672,22.71999931335449,22.412097930908203,822300
2023-12-05,NWS,22.90999984741211,22.920000076293945,22.520000457763672,22.71999931335449,22.412097930908203,822300
2023-12-06,NWS,22.729999542236328,22.979999542236328,22.709999084472656,22.84000015258789,22.530473709106445,921500
2023-12-06,NWS,22.729999542236328,22.979999542236328,22.709999084472656,22.84000015258789,22.530473709106445,921500
2023-12-07,NWS,22.93000030517578,23.020000457763672,22.209999084472656,22.940000534057617,22.62911605834961,612900
2023-12-07,NWS,22.93000030517578,23.020000457763672,22.209999084472656,22.940000534057617,22.62911605834961,612900
2023-12-08,NWS,22.920000076293945,23.100000381469727,22.709999084472656,22.940000534057617,22.62911605834961,855700
2023-12-08,NWS,22.920000076293945,23.100000381469727,22.709999084472656,22.940000534057617,22.62911605834961,855700
2023-12-11,NWS,22.950000762939453,23.18000030517578,22.8799991607666,23.100000381469727,22.786949157714844,856400
2023-12-11,NWS,22.950000762939453,23.18000030517578,22.8799991607666,23.100000381469727,22.786949157714844,856400
2023-12-12,NWS,23.11000061035156,23.350000381469727,22.850000381469727,23.040000915527344,22.727766036987305,952900
2023-12-12,NWS,23.11000061035156,23.350000381469727,22.850000381469727,23.040000915527344,22.727766036987305,952900
2023-12-13,NWS,23.01000022888184,23.799999237060547,22.920000076293945,23.780000686645508,23.457733154296875,2103900
2023-12-13,NWS,23.01000022888184,23.799999237060547,22.920000076293945,23.780000686645508,23.457733154296875,2103900
2023-12-14,NWS,23.96999931335449,24.59000015258789,23.96999931335449,24.420000076293945,24.089059829711918,1106100
2023-12-14,NWS,23.96999931335449,24.59000015258789,23.96999931335449,24.420000076293945,24.089059829711918,1106100
2023-12-15,NWS,24.450000762939453,24.600000381469727,24.229999542236328,24.530000686645508,24.19757080078125,1857700
2023-12-15,NWS,24.450000762939453,24.600000381469727,24.229999542236328,24.530000686645508,24.19757080078125,1857700
2023-12-18,NWS,24.56999969482422,24.6299991607666,24.31999969482422,24.450000762939453,24.118654251098636,864300
2023-12-18,NWS,24.56999969482422,24.6299991607666,24.31999969482422,24.450000762939453,24.118654251098636,864300
2023-12-19,NWS,24.51000022888184,24.899999618530277,24.51000022888184,24.850000381469727,24.51323509216309,555600
2023-12-19,NWS,24.51000022888184,24.899999618530277,24.51000022888184,24.850000381469727,24.51323509216309,555600
2023-12-20,NWS,24.8700008392334,25.020000457763672,24.46999931335449,24.46999931335449,24.13838005065918,736000
2023-12-20,NWS,24.8700008392334,25.020000457763672,24.46999931335449,24.46999931335449,24.13838005065918,736000
2023-12-21,NWS,24.600000381469727,24.84000015258789,24.51000022888184,24.809999465942383,24.47377586364746,603800
2023-12-21,NWS,24.600000381469727,24.84000015258789,24.51000022888184,24.809999465942383,24.47377586364746,603800
2023-12-22,NWS,24.86000061035156,25.020000457763672,24.46999931335449,24.940000534057617,24.602014541625977,442300
2023-12-22,NWS,24.86000061035156,25.020000457763672,24.46999931335449,24.940000534057617,24.602014541625977,442300
2023-12-26,NWS,25.09000015258789,25.32999992370605,24.790000915527344,25.299999237060547,24.95713424682617,510100
2023-12-26,NWS,25.09000015258789,25.32999992370605,24.790000915527344,25.299999237060547,24.95713424682617,510100
2023-12-27,NWS,25.31999969482422,25.770000457763672,25.1299991607666,25.61000061035156,25.26293563842773,853900
2023-12-27,NWS,25.31999969482422,25.770000457763672,25.1299991607666,25.61000061035156,25.26293563842773,853900
2023-12-28,NWS,25.71999931335449,25.96999931335449,25.690000534057617,25.81999969482422,25.4700870513916,535800
2023-12-28,NWS,25.71999931335449,25.96999931335449,25.690000534057617,25.81999969482422,25.4700870513916,535800
2023-12-29,NWS,25.690000534057617,26.0,25.63999938964844,25.71999931335449,25.371442794799805,859600
2023-12-29,NWS,25.690000534057617,26.0,25.63999938964844,25.71999931335449,25.371442794799805,859600
2024-01-02,NWS,25.700000762939453,25.700000762939453,25.32999992370605,25.61000061035156,25.26293563842773,672300
2024-01-02,NWS,25.700000762939453,25.700000762939453,25.32999992370605,25.61000061035156,25.26293563842773,672300
2024-01-03,NWS,25.46999931335449,25.739999771118164,25.209999084472656,25.479999542236328,25.13469696044922,1067700
2024-01-03,NWS,25.46999931335449,25.739999771118164,25.209999084472656,25.479999542236328,25.13469696044922,1067700
2024-01-04,NWS,25.549999237060547,25.600000381469727,25.25,25.3799991607666,25.03605079650879,953200
2024-01-04,NWS,25.549999237060547,25.600000381469727,25.25,25.3799991607666,25.03605079650879,953200
2024-01-05,NWS,25.399999618530277,25.82999992370605,25.36000061035156,25.57999992370605,25.233339309692383,1172500
2024-01-05,NWS,25.399999618530277,25.82999992370605,25.36000061035156,25.57999992370605,25.233339309692383,1172500
2024-01-08,NWS,25.59000015258789,25.81999969482422,25.309999465942383,25.790000915527344,25.44049644470215,1363400
2024-01-08,NWS,25.59000015258789,25.81999969482422,25.309999465942383,25.790000915527344,25.44049644470215,1363400
2024-01-09,NWS,25.649999618530277,25.690000534057617,25.36000061035156,25.3700008392334,25.026185989379883,622300
2024-01-09,NWS,25.649999618530277,25.690000534057617,25.36000061035156,25.3700008392334,25.026185989379883,622300
2024-01-10,NWS,25.26000022888184,25.51000022888184,25.229999542236328,25.31999969482422,24.976863861083984,753200
2024-01-10,NWS,25.26000022888184,25.51000022888184,25.229999542236328,25.31999969482422,24.976863861083984,753200
2024-01-11,NWS,25.36000061035156,25.399999618530277,24.989999771118164,25.3700008392334,25.026185989379883,711500
2024-01-11,NWS,25.36000061035156,25.399999618530277,24.989999771118164,25.3700008392334,25.026185989379883,711500
2024-01-12,NWS,25.5,25.65999984741211,25.21999931335449,25.34000015258789,24.996591567993164,476500
2024-01-12,NWS,25.5,25.65999984741211,25.21999931335449,25.34000015258789,24.996591567993164,476500
2024-01-16,NWS,25.07999992370605,25.34000015258789,24.63999938964844,24.799999237060547,24.463911056518555,864200
2024-01-16,NWS,25.07999992370605,25.34000015258789,24.63999938964844,24.799999237060547,24.463911056518555,864200
2024-01-17,NWS,24.520000457763672,24.770000457763672,24.43000030517578,24.51000022888184,24.17784118652344,959200
2024-01-17,NWS,24.520000457763672,24.770000457763672,24.43000030517578,24.51000022888184,24.17784118652344,959200
2024-01-18,NWS,24.520000457763672,24.700000762939453,24.31999969482422,24.59000015258789,24.25675773620605,786900
2024-01-18,NWS,24.520000457763672,24.700000762939453,24.31999969482422,24.59000015258789,24.25675773620605,786900
2024-01-19,NWS,24.59000015258789,25.020000457763672,24.5,25.01000022888184,24.671066284179688,1064200
2024-01-19,NWS,24.59000015258789,25.020000457763672,24.5,25.01000022888184,24.671066284179688,1064200
2024-01-22,NWS,25.26000022888184,25.270000457763672,25.01000022888184,25.200000762939453,24.85848999023437,943500
2024-01-22,NWS,25.26000022888184,25.270000457763672,25.01000022888184,25.200000762939453,24.85848999023437,943500
2024-01-23,NWS,25.40999984741211,25.59000015258789,25.06999969482422,25.290000915527344,24.9472713470459,716800
2024-01-23,NWS,25.40999984741211,25.59000015258789,25.06999969482422,25.290000915527344,24.9472713470459,716800
2024-01-24,NWS,25.459999084472656,25.729999542236328,25.459999084472656,25.6299991607666,25.282663345336918,596100
2024-01-24,NWS,25.459999084472656,25.729999542236328,25.459999084472656,25.6299991607666,25.282663345336918,596100
2024-01-25,NWS,25.899999618530277,26.040000915527344,25.6299991607666,25.68000030517578,25.33198547363281,687500
2024-01-25,NWS,25.899999618530277,26.040000915527344,25.6299991607666,25.68000030517578,25.33198547363281,687500
2024-01-26,NWS,25.75,25.940000534057617,25.739999771118164,25.75,25.401037216186523,414600
2024-01-26,NWS,25.75,25.940000534057617,25.739999771118164,25.75,25.401037216186523,414600
2024-01-29,NWS,25.799999237060547,26.15999984741211,25.649999618530277,26.149999618530277,25.795616149902344,813200
2024-01-29,NWS,25.799999237060547,26.15999984741211,25.649999618530277,26.149999618530277,25.795616149902344,813200
2024-01-30,NWS,25.979999542236328,26.049999237060547,25.65999984741211,25.790000915527344,25.44049644470215,870400
2024-01-30,NWS,25.979999542236328,26.049999237060547,25.65999984741211,25.790000915527344,25.44049644470215,870400
2024-01-31,NWS,25.84000015258789,26.0,25.530000686645508,25.56999969482422,25.22347640991211,985000
2024-01-31,NWS,25.84000015258789,26.0,25.530000686645508,25.56999969482422,25.22347640991211,985000
2024-02-01,NWS,25.530000686645508,25.71999931335449,25.239999771118164,25.700000762939453,25.351715087890625,799200
2024-02-01,NWS,25.530000686645508,25.71999931335449,25.239999771118164,25.700000762939453,25.351715087890625,799200
2024-02-02,NWS,25.6299991607666,25.76000022888184,25.40999984741211,25.700000762939453,25.351715087890625,906000
2024-02-02,NWS,25.6299991607666,25.76000022888184,25.40999984741211,25.700000762939453,25.351715087890625,906000
2024-02-05,NWS,25.450000762939453,25.459999084472656,25.06999969482422,25.18000030517578,24.838762283325195,721200
2024-02-05,NWS,25.450000762939453,25.459999084472656,25.06999969482422,25.18000030517578,24.838762283325195,721200
2024-02-06,NWS,25.25,25.709999084472656,25.25,25.700000762939453,25.351715087890625,683000
2024-02-06,NWS,25.25,25.709999084472656,25.25,25.700000762939453,25.351715087890625,683000
2024-02-07,NWS,25.700000762939453,25.81999969482422,24.790000915527344,25.299999237060547,24.95713424682617,1082100
2024-02-07,NWS,25.700000762939453,25.81999969482422,24.790000915527344,25.299999237060547,24.95713424682617,1082100
2024-02-08,NWS,26.989999771118164,28.920000076293945,26.75,27.01000022888184,26.643962860107425,2136100
2024-02-08,NWS,26.989999771118164,28.920000076293945,26.75,27.01000022888184,26.643962860107425,2136100
2024-02-09,NWS,26.940000534057617,27.350000381469727,26.8799991607666,27.209999084472656,26.841249465942383,888700
2024-02-09,NWS,26.940000534057617,27.350000381469727,26.8799991607666,27.209999084472656,26.841249465942383,888700
2024-02-12,NWS,27.520000457763672,27.520000457763672,27.200000762939453,27.25,26.880708694458008,735700
2024-02-12,NWS,27.520000457763672,27.520000457763672,27.200000762939453,27.25,26.880708694458008,735700
2024-02-13,NWS,26.959999084472656,26.979999542236328,26.63999938964844,26.950000762939453,26.584775924682617,728100
2024-02-13,NWS,26.959999084472656,26.979999542236328,26.63999938964844,26.950000762939453,26.584775924682617,728100
2024-02-14,NWS,27.11000061035156,27.31999969482422,26.959999084472656,27.209999084472656,26.841249465942383,801400
2024-02-14,NWS,27.11000061035156,27.31999969482422,26.959999084472656,27.209999084472656,26.841249465942383,801400
2024-02-15,NWS,27.350000381469727,27.86000061035156,27.290000915527344,27.670000076293945,27.295015335083008,854600
2024-02-15,NWS,27.350000381469727,27.86000061035156,27.290000915527344,27.670000076293945,27.295015335083008,854600
2024-02-16,NWS,27.68000030517578,27.770000457763672,27.40999984741211,27.40999984741211,27.03853988647461,487800
2024-02-16,NWS,27.68000030517578,27.770000457763672,27.40999984741211,27.40999984741211,27.03853988647461,487800
2024-02-20,NWS,27.31999969482422,27.530000686645508,27.299999237060547,27.399999618530277,27.028675079345703,591600
2024-02-20,NWS,27.31999969482422,27.530000686645508,27.299999237060547,27.399999618530277,27.028675079345703,591600
2024-02-21,NWS,27.239999771118164,27.3799991607666,27.0,27.229999542236328,26.860979080200195,599300
2024-02-21,NWS,27.239999771118164,27.3799991607666,27.0,27.229999542236328,26.860979080200195,599300
2024-02-22,NWS,27.459999084472656,27.65999984741211,27.239999771118164,27.6299991607666,27.255558013916016,531200
2024-02-22,NWS,27.459999084472656,27.65999984741211,27.239999771118164,27.6299991607666,27.255558013916016,531200
2024-02-23,NWS,27.68000030517578,27.700000762939453,27.520000457763672,27.57999992370605,27.20623779296875,584100
2024-02-23,NWS,27.68000030517578,27.700000762939453,27.520000457763672,27.57999992370605,27.20623779296875,584100
2024-02-26,NWS,27.57999992370605,27.739999771118164,27.40999984741211,27.520000457763672,27.147048950195312,518400
2024-02-26,NWS,27.57999992370605,27.739999771118164,27.40999984741211,27.520000457763672,27.147048950195312,518400
2024-02-27,NWS,27.649999618530277,27.670000076293945,27.399999618530277,27.56999969482422,27.19637107849121,346900
2024-02-27,NWS,27.649999618530277,27.670000076293945,27.399999618530277,27.56999969482422,27.19637107849121,346900
2024-02-28,NWS,27.3799991607666,27.59000015258789,27.350000381469727,27.479999542236328,27.10759162902832,425200
2024-02-28,NWS,27.3799991607666,27.59000015258789,27.350000381469727,27.479999542236328,27.10759162902832,425200
2024-02-29,NWS,27.729999542236328,28.059999465942383,27.61000061035156,27.989999771118164,27.610679626464844,1042600
2024-02-29,NWS,27.729999542236328,28.059999465942383,27.61000061035156,27.989999771118164,27.610679626464844,1042600
2024-03-01,NWS,27.899999618530277,27.96999931335449,27.309999465942383,27.399999618530277,27.028675079345703,857900
2024-03-01,NWS,27.899999618530277,27.96999931335449,27.309999465942383,27.399999618530277,27.028675079345703,857900
2024-03-04,NWS,27.46999931335449,27.68000030517578,26.84000015258789,27.040000915527344,26.673555374145508,792500
2024-03-04,NWS,27.46999931335449,27.68000030517578,26.84000015258789,27.040000915527344,26.673555374145508,792500
2024-03-05,NWS,26.940000534057617,27.030000686645508,26.600000381469727,26.920000076293945,26.5551815032959,761900
2024-03-05,NWS,26.940000534057617,27.030000686645508,26.600000381469727,26.920000076293945,26.5551815032959,761900
2024-03-06,NWS,27.030000686645508,27.1299991607666,26.920000076293945,27.09000015258789,26.722877502441406,512400
2024-03-06,NWS,27.030000686645508,27.1299991607666,26.920000076293945,27.09000015258789,26.722877502441406,512400
2024-03-07,NWS,27.170000076293945,27.43000030517578,27.06999969482422,27.209999084472656,26.841249465942383,400100
2024-03-07,NWS,27.170000076293945,27.43000030517578,27.06999969482422,27.209999084472656,26.841249465942383,400100
2024-03-08,NWS,27.299999237060547,27.649999618530277,27.290000915527344,27.350000381469727,26.979352951049805,697900
2024-03-08,NWS,27.299999237060547,27.649999618530277,27.290000915527344,27.350000381469727,26.979352951049805,697900
2024-03-11,NWS,27.350000381469727,27.90999984741211,26.25,27.40999984741211,27.03853988647461,993800
2024-03-11,NWS,27.350000381469727,27.90999984741211,26.25,27.40999984741211,27.03853988647461,993800
2024-03-12,NWS,27.38999938964844,27.65999984741211,26.979999542236328,27.270000457763672,26.998937606811523,696200
2024-03-12,NWS,27.38999938964844,27.65999984741211,26.979999542236328,27.270000457763672,26.998937606811523,696200
2024-03-13,NWS,27.31999969482422,27.420000076293945,27.15999984741211,27.299999237060547,27.02863883972168,661200
2024-03-13,NWS,27.31999969482422,27.420000076293945,27.15999984741211,27.299999237060547,27.02863883972168,661200
2024-03-14,NWS,27.18000030517578,27.32999992370605,26.8799991607666,27.030000686645508,26.76132202148437,607500
2024-03-14,NWS,27.18000030517578,27.32999992370605,26.8799991607666,27.030000686645508,26.76132202148437,607500
2024-03-15,NWS,26.82999992370605,27.270000457763672,26.40999984741211,26.440000534057617,26.177188873291016,2076800
2024-03-15,NWS,26.82999992370605,27.270000457763672,26.40999984741211,26.440000534057617,26.177188873291016,2076800
2024-03-18,NWS,26.56999969482422,26.71999931335449,26.25,26.36000061035156,26.09798240661621,741100
2024-03-18,NWS,26.56999969482422,26.71999931335449,26.25,26.36000061035156,26.09798240661621,741100
2024-03-19,NWS,26.420000076293945,26.799999237060547,26.280000686645508,26.63999938964844,26.37519836425781,574300
2024-03-19,NWS,26.420000076293945,26.799999237060547,26.280000686645508,26.63999938964844,26.37519836425781,574300
2024-03-20,NWS,26.65999984741211,26.8700008392334,26.559999465942383,26.809999465942383,26.54350852966309,588900
2024-03-20,NWS,26.65999984741211,26.8700008392334,26.559999465942383,26.809999465942383,26.54350852966309,588900
2024-03-21,NWS,26.979999542236328,27.25,26.93000030517578,27.21999931335449,26.949434280395508,571100
2024-03-21,NWS,26.979999542236328,27.25,26.93000030517578,27.21999931335449,26.949434280395508,571100
2024-03-22,NWS,27.18000030517578,27.18000030517578,26.790000915527344,26.799999237060547,26.53360748291016,827500
2024-03-22,NWS,27.18000030517578,27.18000030517578,26.790000915527344,26.799999237060547,26.53360748291016,827500
2024-03-25,NWS,26.799999237060547,27.01000022888184,26.799999237060547,26.899999618530277,26.63261604309082,577900
2024-03-25,NWS,26.799999237060547,27.01000022888184,26.799999237060547,26.899999618530277,26.63261604309082,577900
2024-03-26,NWS,26.989999771118164,27.190000534057617,26.790000915527344,26.88999938964844,26.62271499633789,572700
2024-03-26,NWS,26.989999771118164,27.190000534057617,26.790000915527344,26.88999938964844,26.62271499633789,572700
2024-03-27,NWS,27.149999618530277,27.350000381469727,26.899999618530277,27.1299991607666,26.860328674316406,544000
2024-03-27,NWS,27.149999618530277,27.350000381469727,26.899999618530277,27.1299991607666,26.860328674316406,544000
2024-03-28,NWS,27.239999771118164,27.420000076293945,27.030000686645508,27.059999465942383,26.79102325439453,869600
2024-03-28,NWS,27.239999771118164,27.420000076293945,27.030000686645508,27.059999465942383,26.79102325439453,869600
2024-04-01,NWS,27.01000022888184,27.040000915527344,26.520000457763672,26.68000030517578,26.41480255126953,604900
2024-04-01,NWS,27.01000022888184,27.040000915527344,26.520000457763672,26.68000030517578,26.41480255126953,604900
2024-04-02,NWS,26.540000915527344,26.6299991607666,26.280000686645508,26.32999992370605,26.06828117370605,559000
2024-04-02,NWS,26.540000915527344,26.6299991607666,26.280000686645508,26.32999992370605,26.06828117370605,559000
2024-04-03,NWS,26.190000534057617,26.56999969482422,26.100000381469727,26.530000686645508,26.26629447937012,786300
2024-04-03,NWS,26.190000534057617,26.56999969482422,26.100000381469727,26.530000686645508,26.26629447937012,786300
2024-04-04,NWS,26.809999465942383,26.989999771118164,26.34000015258789,26.3799991607666,26.11778259277344,775600
2024-04-04,NWS,26.809999465942383,26.989999771118164,26.34000015258789,26.3799991607666,26.11778259277344,775600
2024-04-05,NWS,26.38999938964844,26.63999938964844,26.34000015258789,26.459999084472656,26.19698905944824,584800
2024-04-05,NWS,26.38999938964844,26.63999938964844,26.34000015258789,26.459999084472656,26.19698905944824,584800
2024-04-08,NWS,26.600000381469727,26.729999542236328,26.489999771118164,26.520000457763672,26.256393432617188,937600
2024-04-08,NWS,26.600000381469727,26.729999542236328,26.489999771118164,26.520000457763672,26.256393432617188,937600
2024-04-09,NWS,26.700000762939453,26.809999465942383,26.239999771118164,26.34000015258789,26.078182220458984,848200
2024-04-09,NWS,26.700000762939453,26.809999465942383,26.239999771118164,26.34000015258789,26.078182220458984,848200
2024-04-10,NWS,25.920000076293945,26.209999084472656,25.549999237060547,25.6299991607666,25.3752384185791,777000
2024-04-10,NWS,25.920000076293945,26.209999084472656,25.549999237060547,25.6299991607666,25.3752384185791,777000
2024-04-11,NWS,25.8799991607666,25.8799991607666,25.57999992370605,25.71999931335449,25.464344024658203,872800
2024-04-11,NWS,25.8799991607666,25.8799991607666,25.57999992370605,25.71999931335449,25.464344024658203,872800
2024-04-12,NWS,25.479999542236328,25.61000061035156,25.06999969482422,25.11000061035156,24.860408782958984,757500
2024-04-12,NWS,25.479999542236328,25.61000061035156,25.06999969482422,25.11000061035156,24.860408782958984,757500
2024-04-15,NWS,25.350000381469727,25.489999771118164,24.950000762939453,25.0,24.751501083374023,685800
2024-04-15,NWS,25.350000381469727,25.489999771118164,24.950000762939453,25.0,24.751501083374023,685800
2024-04-16,NWS,24.84000015258789,24.989999771118164,24.670000076293945,24.81999969482422,24.573291778564453,531200
2024-04-16,NWS,24.84000015258789,24.989999771118164,24.670000076293945,24.81999969482422,24.573291778564453,531200
2024-04-17,NWS,25.0,25.09000015258789,24.920000076293945,24.950000762939453,24.701997756958008,969800
2024-04-17,NWS,25.0,25.09000015258789,24.920000076293945,24.950000762939453,24.701997756958008,969800
2024-04-18,NWS,24.93000030517578,25.3700008392334,24.75,24.809999465942383,24.563390731811523,659100
2024-04-18,NWS,24.93000030517578,25.3700008392334,24.75,24.809999465942383,24.563390731811523,659100
2024-04-19,NWS,24.920000076293945,25.01000022888184,24.71999931335449,24.780000686645508,24.533689498901367,490400
2024-04-19,NWS,24.920000076293945,25.01000022888184,24.71999931335449,24.780000686645508,24.533689498901367,490400
2024-04-22,NWS,24.93000030517578,25.299999237060547,24.86000061035156,25.190000534057617,24.93961334228516,531900
2024-04-22,NWS,24.93000030517578,25.299999237060547,24.86000061035156,25.190000534057617,24.93961334228516,531900
2024-04-23,NWS,25.26000022888184,25.51000022888184,25.25,25.43000030517578,25.177227020263672,552800
2024-04-23,NWS,25.26000022888184,25.51000022888184,25.25,25.43000030517578,25.177227020263672,552800
2024-04-24,NWS,25.40999984741211,25.540000915527344,25.25,25.32999992370605,25.07822036743164,629100
2024-04-24,NWS,25.40999984741211,25.540000915527344,25.25,25.32999992370605,25.07822036743164,629100
2024-04-25,NWS,25.100000381469727,25.270000457763672,24.71999931335449,24.940000534057617,24.69209671020508,611500
2024-04-25,NWS,25.100000381469727,25.270000457763672,24.71999931335449,24.940000534057617,24.69209671020508,611500
2024-04-26,NWS,24.8700008392334,25.049999237060547,24.690000534057617,24.959999084472656,24.711896896362305,485800
2024-04-26,NWS,24.8700008392334,25.049999237060547,24.690000534057617,24.959999084472656,24.711896896362305,485800
2024-04-29,NWS,25.040000915527344,25.309999465942383,24.959999084472656,24.989999771118164,24.741600036621094,704400
2024-04-29,NWS,25.040000915527344,25.309999465942383,24.959999084472656,24.989999771118164,24.741600036621094,704400
2024-04-30,NWS,24.8700008392334,24.96999931335449,24.36000061035156,24.540000915527344,24.29607391357422,888800
2024-04-30,NWS,24.8700008392334,24.96999931335449,24.36000061035156,24.540000915527344,24.29607391357422,888800
2024-05-01,NWS,24.6200008392334,24.8700008392334,24.43000030517578,24.540000915527344,24.29607391357422,988500
2024-05-01,NWS,24.6200008392334,24.8700008392334,24.43000030517578,24.540000915527344,24.29607391357422,988500
2024-05-02,NWS,24.700000762939453,24.8700008392334,24.489999771118164,24.780000686645508,24.533689498901367,755900
2024-05-02,NWS,24.700000762939453,24.8700008392334,24.489999771118164,24.780000686645508,24.533689498901367,755900
2024-05-03,NWS,24.920000076293945,25.32999992370605,24.920000076293945,25.26000022888184,25.0089168548584,535000
2024-05-03,NWS,24.920000076293945,25.32999992370605,24.920000076293945,25.26000022888184,25.0089168548584,535000
2024-05-06,NWS,25.350000381469727,25.600000381469727,25.030000686645508,25.3700008392334,25.117822647094727,969900
2024-05-06,NWS,25.350000381469727,25.600000381469727,25.030000686645508,25.3700008392334,25.117822647094727,969900
2024-05-07,NWS,25.649999618530277,25.670000076293945,25.149999618530277,25.25,24.9990177154541,852100
2024-05-07,NWS,25.649999618530277,25.670000076293945,25.149999618530277,25.25,24.9990177154541,852100
2024-05-08,NWS,24.979999542236328,25.1299991607666,24.790000915527344,24.93000030517578,24.68219566345215,1069400
2024-05-08,NWS,24.979999542236328,25.1299991607666,24.790000915527344,24.93000030517578,24.68219566345215,1069400
2024-05-09,NWS,24.81999969482422,25.799999237060547,23.989999771118164,25.6299991607666,25.3752384185791,1344100
2024-05-09,NWS,24.81999969482422,25.799999237060547,23.989999771118164,25.6299991607666,25.3752384185791,1344100
2024-05-10,NWS,25.6299991607666,25.920000076293945,25.51000022888184,25.86000061035156,25.60295295715332,1098300
2024-05-10,NWS,25.6299991607666,25.920000076293945,25.51000022888184,25.86000061035156,25.60295295715332,1098300
2024-05-13,NWS,26.0,26.38999938964844,25.920000076293945,26.290000915527344,26.02867889404297,1021500
2024-05-13,NWS,26.0,26.38999938964844,25.920000076293945,26.290000915527344,26.02867889404297,1021500
2024-05-14,NWS,26.34000015258789,26.489999771118164,26.200000762939453,26.399999618530277,26.137584686279297,742600
2024-05-14,NWS,26.34000015258789,26.489999771118164,26.200000762939453,26.399999618530277,26.137584686279297,742600
2024-05-15,NWS,26.6200008392334,26.8700008392334,26.489999771118164,26.790000915527344,26.52371025085449,752500
2024-05-15,NWS,26.6200008392334,26.8700008392334,26.489999771118164,26.790000915527344,26.52371025085449,752500
2024-05-16,NWS,26.809999465942383,27.34000015258789,26.809999465942383,27.1200008392334,26.85042953491211,708700
2024-05-16,NWS,26.809999465942383,27.34000015258789,26.809999465942383,27.1200008392334,26.85042953491211,708700
2024-05-17,NWS,27.07999992370605,27.15999984741211,26.93000030517578,27.07999992370605,26.81082534790039,321200
2024-05-17,NWS,27.07999992370605,27.15999984741211,26.93000030517578,27.07999992370605,26.81082534790039,321200
2024-05-20,NWS,27.07999992370605,27.239999771118164,27.01000022888184,27.229999542236328,26.959333419799805,458800
2024-05-20,NWS,27.07999992370605,27.239999771118164,27.01000022888184,27.229999542236328,26.959333419799805,458800
2024-05-21,NWS,27.07999992370605,27.200000762939453,26.959999084472656,27.09000015258789,26.82072639465332,443300
2024-05-21,NWS,27.07999992370605,27.200000762939453,26.959999084472656,27.09000015258789,26.82072639465332,443300
2024-05-22,NWS,27.09000015258789,27.13999938964844,26.71999931335449,26.729999542236328,26.464303970336918,565600
2024-05-22,NWS,27.09000015258789,27.13999938964844,26.71999931335449,26.729999542236328,26.464303970336918,565600
2024-05-23,NWS,27.46999931335449,27.46999931335449,26.6200008392334,26.690000534057617,26.42470359802246,638600
2024-05-23,NWS,27.46999931335449,27.46999931335449,26.6200008392334,26.690000534057617,26.42470359802246,638600
2024-05-24,NWS,26.850000381469727,27.549999237060547,26.65999984741211,27.520000457763672,27.24645233154297,483500
2024-05-24,NWS,26.850000381469727,27.549999237060547,26.65999984741211,27.520000457763672,27.24645233154297,483500
2024-05-28,NWS,27.57999992370605,27.670000076293945,27.34000015258789,27.489999771118164,27.21674919128418,565300
2024-05-28,NWS,27.57999992370605,27.670000076293945,27.34000015258789,27.489999771118164,27.21674919128418,565300
2024-05-29,NWS,27.100000381469727,27.51000022888184,27.100000381469727,27.40999984741211,27.13754653930664,377200
2024-05-29,NWS,27.100000381469727,27.51000022888184,27.100000381469727,27.40999984741211,27.13754653930664,377200
2024-05-30,NWS,27.51000022888184,27.71999931335449,27.299999237060547,27.68000030517578,27.404861450195312,470400
2024-05-30,NWS,27.51000022888184,27.71999931335449,27.299999237060547,27.68000030517578,27.404861450195312,470400
2024-05-31,NWS,27.690000534057617,27.899999618530277,27.56999969482422,27.8799991607666,27.602872848510746,840200
2024-05-31,NWS,27.690000534057617,27.899999618530277,27.56999969482422,27.8799991607666,27.602872848510746,840200
2024-06-03,NWS,28.049999237060547,28.149999618530277,27.780000686645508,28.040000915527344,27.76128578186035,476700
2024-06-03,NWS,28.049999237060547,28.149999618530277,27.780000686645508,28.040000915527344,27.76128578186035,476700
2024-06-04,NWS,27.950000762939453,28.13999938964844,26.770000457763672,27.76000022888184,27.48406791687012,926000
2024-06-04,NWS,27.950000762939453,28.13999938964844,26.770000457763672,27.76000022888184,27.48406791687012,926000
2024-06-05,NWS,27.850000381469727,28.5,27.739999771118164,28.5,28.21671295166016,675500
2024-06-05,NWS,27.850000381469727,28.5,27.739999771118164,28.5,28.21671295166016,675500
2024-06-06,NWS,28.3799991607666,28.520000457763672,28.229999542236328,28.309999465942383,28.02859878540039,696300
2024-06-06,NWS,28.3799991607666,28.520000457763672,28.229999542236328,28.309999465942383,28.02859878540039,696300
2024-06-07,NWS,28.190000534057617,28.190000534057617,27.729999542236328,27.790000915527344,27.513771057128903,459600
2024-06-07,NWS,28.190000534057617,28.190000534057617,27.729999542236328,27.790000915527344,27.513771057128903,459600
2024-06-10,NWS,27.68000030517578,27.84000015258789,27.59000015258789,27.82999992370605,27.553373336791992,375500
2024-06-10,NWS,27.68000030517578,27.84000015258789,27.59000015258789,27.82999992370605,27.553373336791992,375500
2024-06-11,NWS,27.649999618530277,28.0,27.649999618530277,27.88999938964844,27.61277198791504,553600
2024-06-11,NWS,27.649999618530277,28.0,27.649999618530277,27.88999938964844,27.61277198791504,553600
2024-06-12,NWS,28.34000015258789,28.420000076293945,28.01000022888184,28.149999618530277,27.870189666748047,382100
2024-06-12,NWS,28.34000015258789,28.420000076293945,28.01000022888184,28.149999618530277,27.870189666748047,382100
2024-06-13,NWS,28.020000457763672,28.020000457763672,27.600000381469727,27.780000686645508,27.503870010375977,299900
2024-06-13,NWS,28.020000457763672,28.020000457763672,27.600000381469727,27.780000686645508,27.503870010375977,299900
2024-06-14,NWS,27.61000061035156,27.76000022888184,27.3799991607666,27.670000076293945,27.394960403442383,367600
2024-06-14,NWS,27.61000061035156,27.76000022888184,27.3799991607666,27.670000076293945,27.394960403442383,367600
2024-06-17,NWS,27.600000381469727,27.649999618530277,27.31999969482422,27.450000762939453,27.177146911621094,663300
2024-06-17,NWS,27.600000381469727,27.649999618530277,27.31999969482422,27.450000762939453,27.177146911621094,663300
2024-06-18,NWS,27.399999618530277,27.76000022888184,27.34000015258789,27.649999618530277,27.37516021728516,682700
2024-06-18,NWS,27.399999618530277,27.76000022888184,27.34000015258789,27.649999618530277,27.37516021728516,682700
2024-06-20,NWS,27.61000061035156,27.82999992370605,27.40999984741211,27.51000022888184,27.23655128479004,567100
2024-06-20,NWS,27.61000061035156,27.82999992370605,27.40999984741211,27.51000022888184,27.23655128479004,567100
2024-06-21,NWS,27.549999237060547,28.26000022888184,27.21999931335449,28.209999084472656,27.929594039916992,5154800
2024-06-21,NWS,27.549999237060547,28.26000022888184,27.21999931335449,28.209999084472656,27.929594039916992,5154800
2024-06-24,NWS,28.1299991607666,28.40999984741211,28.0,28.309999465942383,28.02859878540039,1437900
2024-06-24,NWS,28.1299991607666,28.40999984741211,28.0,28.309999465942383,28.02859878540039,1437900
2024-06-25,NWS,28.3700008392334,28.729999542236328,28.209999084472656,28.709999084472656,28.424623489379883,846900
2024-06-25,NWS,28.3700008392334,28.729999542236328,28.209999084472656,28.709999084472656,28.424623489379883,846900
2024-06-26,NWS,28.68000030517578,28.790000915527344,28.520000457763672,28.71999931335449,28.43452453613281,694800
2024-06-26,NWS,28.68000030517578,28.790000915527344,28.520000457763672,28.71999931335449,28.43452453613281,694800
2024-06-27,NWS,28.770000457763672,28.790000915527344,28.5,28.6299991607666,28.34541893005371,986800
2024-06-27,NWS,28.770000457763672,28.790000915527344,28.5,28.6299991607666,28.34541893005371,986800
2024-06-28,NWS,28.559999465942383,28.850000381469727,28.299999237060547,28.38999938964844,28.10780334472656,1604200
2024-06-28,NWS,28.559999465942383,28.850000381469727,28.299999237060547,28.38999938964844,28.10780334472656,1604200
2024-07-01,NWS,28.420000076293945,28.71999931335449,28.149999618530277,28.149999618530277,27.870189666748047,430200
2024-07-01,NWS,28.420000076293945,28.71999931335449,28.149999618530277,28.149999618530277,27.870189666748047,430200
2024-07-02,NWS,28.270000457763672,28.459999084472656,28.030000686645508,28.420000076293945,28.13750648498535,562500
2024-07-02,NWS,28.270000457763672,28.459999084472656,28.030000686645508,28.420000076293945,28.13750648498535,562500
2024-07-03,NWS,28.459999084472656,28.68000030517578,28.459999084472656,28.51000022888184,28.226612091064453,265000
2024-07-03,NWS,28.459999084472656,28.68000030517578,28.459999084472656,28.51000022888184,28.226612091064453,265000
2024-07-05,NWS,28.440000534057617,28.489999771118164,28.26000022888184,28.32999992370605,28.048398971557617,533500
2024-07-05,NWS,28.440000534057617,28.489999771118164,28.26000022888184,28.32999992370605,28.048398971557617,533500
2024-07-08,NWS,28.61000061035156,28.61000061035156,28.059999465942383,28.100000381469727,27.820688247680664,415000
2024-07-08,NWS,28.61000061035156,28.61000061035156,28.059999465942383,28.100000381469727,27.820688247680664,415000
2024-07-09,NWS,28.100000381469727,28.729999542236328,27.59000015258789,28.559999465942383,28.27611351013184,805800
2024-07-09,NWS,28.100000381469727,28.729999542236328,27.59000015258789,28.559999465942383,28.27611351013184,805800
2024-07-10,NWS,28.690000534057617,28.75,28.5,28.6299991607666,28.34541893005371,647900
2024-07-10,NWS,28.690000534057617,28.75,28.5,28.6299991607666,28.34541893005371,647900
2024-07-11,NWS,28.780000686645508,28.8700008392334,28.6299991607666,28.63999938964844,28.35531997680664,659300
2024-07-11,NWS,28.780000686645508,28.8700008392334,28.6299991607666,28.63999938964844,28.35531997680664,659300
2024-07-12,NWS,28.76000022888184,28.899999618530277,28.34000015258789,28.3700008392334,28.088003158569336,2054700
2024-07-12,NWS,28.76000022888184,28.899999618530277,28.34000015258789,28.3700008392334,28.088003158569336,2054700
2024-07-15,NWS,28.440000534057617,28.540000915527344,28.18000030517578,28.34000015258789,28.058300018310547,904400
2024-07-15,NWS,28.440000534057617,28.540000915527344,28.18000030517578,28.34000015258789,28.058300018310547,904400
2024-07-16,NWS,28.51000022888184,29.3700008392334,28.450000762939453,29.290000915527344,28.998859405517575,1102000
2024-07-16,NWS,28.51000022888184,29.3700008392334,28.450000762939453,29.290000915527344,28.998859405517575,1102000
2024-07-17,NWS,29.200000762939453,29.350000381469727,28.799999237060547,28.8700008392334,28.58303451538086,1073700
2024-07-17,NWS,29.200000762939453,29.350000381469727,28.799999237060547,28.8700008392334,28.58303451538086,1073700
2024-07-18,NWS,28.75,28.989999771118164,28.57999992370605,28.670000076293945,28.38502311706543,425700
2024-07-18,NWS,28.75,28.989999771118164,28.57999992370605,28.670000076293945,28.38502311706543,425700
2024-07-19,NWS,28.770000457763672,28.770000457763672,28.13999938964844,28.190000534057617,27.90979385375977,529500
2024-07-19,NWS,28.770000457763672,28.770000457763672,28.13999938964844,28.190000534057617,27.90979385375977,529500
2024-07-22,NWS,28.280000686645508,28.770000457763672,28.13999938964844,28.63999938964844,28.35531997680664,657500
2024-07-22,NWS,28.280000686645508,28.770000457763672,28.13999938964844,28.63999938964844,28.35531997680664,657500
2024-07-23,NWS,28.6299991607666,29.11000061035156,28.5,29.059999465942383,28.77114486694336,399400
2024-07-23,NWS,28.6299991607666,29.11000061035156,28.5,29.059999465942383,28.77114486694336,399400
2024-07-24,NWS,29.030000686645508,29.030000686645508,28.200000762939453,28.209999084472656,27.929594039916992,442800
2024-07-24,NWS,29.030000686645508,29.030000686645508,28.200000762939453,28.209999084472656,27.929594039916992,442800
2024-07-25,NWS,28.32999992370605,28.549999237060547,28.01000022888184,28.01000022888184,27.73158264160156,475500
2024-07-25,NWS,28.32999992370605,28.549999237060547,28.01000022888184,28.01000022888184,27.73158264160156,475500
2024-07-26,NWS,28.1200008392334,28.51000022888184,28.1200008392334,28.36000061035156,28.078102111816406,592000
2024-07-26,NWS,28.1200008392334,28.51000022888184,28.1200008392334,28.36000061035156,28.078102111816406,592000
2024-07-29,NWS,28.549999237060547,28.68000030517578,28.43000030517578,28.559999465942383,28.27611351013184,400000
2024-07-29,NWS,28.549999237060547,28.68000030517578,28.43000030517578,28.559999465942383,28.27611351013184,400000
2024-07-30,NWS,28.71999931335449,28.739999771118164,28.200000762939453,28.36000061035156,28.078102111816406,556200
2024-07-30,NWS,28.71999931335449,28.739999771118164,28.200000762939453,28.36000061035156,28.078102111816406,556200
2024-07-31,NWS,28.690000534057617,28.690000534057617,28.420000076293945,28.489999771118164,28.206811904907227,634400
2024-07-31,NWS,28.690000534057617,28.690000534057617,28.420000076293945,28.489999771118164,28.206811904907227,634400
2024-08-01,NWS,28.93000030517578,28.93000030517578,27.86000061035156,27.989999771118164,27.711780548095703,733200
2024-08-01,NWS,28.93000030517578,28.93000030517578,27.86000061035156,27.989999771118164,27.711780548095703,733200
2024-08-02,NWS,27.59000015258789,27.59000015258789,26.850000381469727,27.13999938964844,26.870229721069336,755800
2024-08-02,NWS,27.59000015258789,27.59000015258789,26.850000381469727,27.13999938964844,26.870229721069336,755800
2024-08-05,NWS,26.65999984741211,26.65999984741211,26.040000915527344,26.32999992370605,26.06828117370605,901800
2024-08-05,NWS,26.65999984741211,26.65999984741211,26.040000915527344,26.32999992370605,26.06828117370605,901800
2024-08-06,NWS,26.3799991607666,27.06999969482422,26.3799991607666,26.90999984741211,26.64251708984375,577800
2024-08-06,NWS,26.3799991607666,27.06999969482422,26.3799991607666,26.90999984741211,26.64251708984375,577800
2024-08-07,NWS,27.190000534057617,27.350000381469727,26.86000061035156,26.979999542236328,26.711820602416992,571500
2024-08-07,NWS,27.190000534057617,27.350000381469727,26.86000061035156,26.979999542236328,26.711820602416992,571500
2024-08-08,NWS,27.01000022888184,27.84000015258789,26.799999237060547,27.76000022888184,27.48406791687012,920100
2024-08-08,NWS,27.01000022888184,27.84000015258789,26.799999237060547,27.76000022888184,27.48406791687012,920100
2024-08-09,NWS,28.450000762939453,28.950000762939453,27.8799991607666,28.75,28.46422576904297,720500
2024-08-09,NWS,28.450000762939453,28.950000762939453,27.8799991607666,28.75,28.46422576904297,720500
2024-08-12,NWS,28.68000030517578,29.049999237060547,28.040000915527344,28.100000381469727,27.820688247680664,506700
2024-08-12,NWS,28.68000030517578,29.049999237060547,28.040000915527344,28.100000381469727,27.820688247680664,506700
2024-08-13,NWS,28.280000686645508,28.649999618530277,28.100000381469727,28.520000457763672,28.236513137817383,352000
2024-08-13,NWS,28.280000686645508,28.649999618530277,28.100000381469727,28.520000457763672,28.236513137817383,352000
2024-08-14,NWS,28.540000915527344,28.61000061035156,27.979999542236328,28.32999992370605,28.048398971557617,491500
2024-08-14,NWS,28.540000915527344,28.61000061035156,27.979999542236328,28.32999992370605,28.048398971557617,491500
2024-08-15,NWS,28.700000762939453,28.700000762939453,28.32999992370605,28.520000457763672,28.236513137817383,695900
2024-08-15,NWS,28.700000762939453,28.700000762939453,28.32999992370605,28.520000457763672,28.236513137817383,695900
2024-08-16,NWS,28.63999938964844,28.65999984741211,28.399999618530277,28.450000762939453,28.16720962524414,650300
2024-08-16,NWS,28.63999938964844,28.65999984741211,28.399999618530277,28.450000762939453,28.16720962524414,650300
2024-08-19,NWS,28.51000022888184,28.899999618530277,28.43000030517578,28.899999618530277,28.612735748291016,456400
2024-08-19,NWS,28.51000022888184,28.899999618530277,28.43000030517578,28.899999618530277,28.612735748291016,456400
2024-08-20,NWS,28.739999771118164,29.020000457763672,28.34000015258789,28.51000022888184,28.226612091064453,445600
2024-08-20,NWS,28.739999771118164,29.020000457763672,28.34000015258789,28.51000022888184,28.226612091064453,445600
2024-08-21,NWS,28.549999237060547,28.86000061035156,28.46999931335449,28.84000015258789,28.55333137512207,366200
2024-08-21,NWS,28.549999237060547,28.86000061035156,28.46999931335449,28.84000015258789,28.55333137512207,366200
2024-08-22,NWS,29.01000022888184,29.01000022888184,28.76000022888184,28.899999618530277,28.612735748291016,287000
2024-08-22,NWS,29.01000022888184,29.01000022888184,28.76000022888184,28.899999618530277,28.612735748291016,287000
2024-08-23,NWS,29.18000030517578,29.350000381469727,29.020000457763672,29.200000762939453,28.909751892089844,375100
2024-08-23,NWS,29.18000030517578,29.350000381469727,29.020000457763672,29.200000762939453,28.909751892089844,375100
2024-08-26,NWS,29.270000457763672,29.59000015258789,29.06999969482422,29.100000381469727,28.810747146606445,458300
2024-08-26,NWS,29.270000457763672,29.59000015258789,29.06999969482422,29.100000381469727,28.810747146606445,458300
2024-08-27,NWS,29.11000061035156,29.21999931335449,28.86000061035156,29.040000915527344,28.751344680786133,476200
2024-08-27,NWS,29.11000061035156,29.21999931335449,28.86000061035156,29.040000915527344,28.751344680786133,476200
2024-08-28,NWS,29.11000061035156,29.299999237060547,29.049999237060547,29.15999984741211,28.87015151977539,393800
2024-08-28,NWS,29.11000061035156,29.299999237060547,29.049999237060547,29.15999984741211,28.87015151977539,393800
2024-08-29,NWS,29.309999465942383,29.38999938964844,28.850000381469727,28.940000534057617,28.65233993530273,663100
2024-08-29,NWS,29.309999465942383,29.38999938964844,28.850000381469727,28.940000534057617,28.65233993530273,663100
2024-08-30,NWS,28.950000762939453,29.459999084472656,28.950000762939453,29.43000030517578,29.137466430664062,492200
2024-08-30,NWS,28.950000762939453,29.459999084472656,28.950000762939453,29.43000030517578,29.137466430664062,492200
2024-09-03,NWS,29.149999618530277,29.25,27.8700008392334,27.979999542236328,27.701879501342773,810700
2024-09-03,NWS,29.149999618530277,29.25,27.8700008392334,27.979999542236328,27.701879501342773,810700
2024-09-04,NWS,27.899999618530277,28.65999984741211,27.899999618530277,28.229999542236328,27.94939613342285,518300
2024-09-04,NWS,27.899999618530277,28.65999984741211,27.899999618530277,28.229999542236328,27.94939613342285,518300
2024-09-05,NWS,28.36000061035156,28.36000061035156,27.75,28.049999237060547,27.77118492126465,632700
2024-09-05,NWS,28.36000061035156,28.36000061035156,27.75,28.049999237060547,27.77118492126465,632700
2024-09-06,NWS,28.049999237060547,28.309999465942383,27.549999237060547,27.649999618530277,27.37516021728516,1300200
2024-09-06,NWS,28.049999237060547,28.309999465942383,27.549999237060547,27.649999618530277,27.37516021728516,1300200
2024-09-09,NWS,27.71999931335449,27.88999938964844,27.6200008392334,27.63999938964844,27.365259170532227,783300
2024-09-09,NWS,27.71999931335449,27.88999938964844,27.6200008392334,27.63999938964844,27.365259170532227,783300
2024-09-10,NWS,27.75,27.88999938964844,27.209999084472656,27.46999931335449,27.19694709777832,1438000
2024-09-10,NWS,27.75,27.88999938964844,27.209999084472656,27.46999931335449,27.19694709777832,1438000
2024-09-11,NWS,27.309999465942383,27.450000762939453,26.809999465942383,27.049999237060547,26.87897300720215,849100
2024-09-11,NWS,27.309999465942383,27.450000762939453,26.809999465942383,27.049999237060547,26.87897300720215,849100
2024-09-12,NWS,27.209999084472656,27.280000686645508,26.8799991607666,27.170000076293945,26.99821281433105,1120500
2024-09-12,NWS,27.209999084472656,27.280000686645508,26.8799991607666,27.170000076293945,26.99821281433105,1120500
2024-09-13,NWS,27.399999618530277,27.46999931335449,27.26000022888184,27.3799991607666,27.206886291503903,804500
2024-09-13,NWS,27.399999618530277,27.46999931335449,27.26000022888184,27.3799991607666,27.206886291503903,804500
2024-09-16,NWS,27.350000381469727,27.43000030517578,27.11000061035156,27.350000381469727,27.177078247070312,693200
2024-09-16,NWS,27.350000381469727,27.43000030517578,27.11000061035156,27.350000381469727,27.177078247070312,693200
2024-09-17,NWS,27.38999938964844,27.8799991607666,27.38999938964844,27.649999618530277,27.475177764892575,712700
2024-09-17,NWS,27.38999938964844,27.8799991607666,27.38999938964844,27.649999618530277,27.475177764892575,712700
2024-09-18,NWS,27.739999771118164,28.21999931335449,27.63999938964844,27.780000686645508,27.604358673095703,712100
2024-09-18,NWS,27.739999771118164,28.21999931335449,27.63999938964844,27.780000686645508,27.604358673095703,712100
2024-09-19,NWS,28.350000381469727,28.350000381469727,27.8700008392334,27.8799991607666,27.703723907470703,611300
2024-09-19,NWS,28.350000381469727,28.350000381469727,27.8700008392334,27.8799991607666,27.703723907470703,611300
2024-09-20,NWS,27.899999618530277,27.899999618530277,27.36000061035156,27.68000030517578,27.50498962402344,2254800
2024-09-20,NWS,27.899999618530277,27.899999618530277,27.36000061035156,27.68000030517578,27.50498962402344,2254800
2024-09-23,NWS,27.68000030517578,27.90999984741211,27.59000015258789,27.82999992370605,27.65404319763184,483600
2024-09-23,NWS,27.68000030517578,27.90999984741211,27.59000015258789,27.82999992370605,27.65404319763184,483600
2024-09-24,NWS,27.84000015258789,28.11000061035156,27.81999969482422,28.100000381469727,27.922334671020508,398600
2024-09-24,NWS,27.84000015258789,28.11000061035156,27.81999969482422,28.100000381469727,27.922334671020508,398600
2024-09-25,NWS,28.190000534057617,28.190000534057617,27.549999237060547,27.6299991607666,27.455305099487305,617100
2024-09-25,NWS,28.190000534057617,28.190000534057617,27.549999237060547,27.6299991607666,27.455305099487305,617100
2024-09-26,NWS,27.799999237060547,27.899999618530277,27.670000076293945,27.75,27.574546813964844,617700
2024-09-26,NWS,27.799999237060547,27.899999618530277,27.670000076293945,27.75,27.574546813964844,617700
2024-09-27,NWS,27.940000534057617,28.170000076293945,27.84000015258789,27.8700008392334,27.693788528442383,591200
2024-09-27,NWS,27.940000534057617,28.170000076293945,27.84000015258789,27.8700008392334,27.693788528442383,591200
2024-09-30,NWS,27.8799991607666,28.030000686645508,27.61000061035156,27.950000762939453,27.773283004760746,821400
2024-09-30,NWS,27.8799991607666,28.030000686645508,27.61000061035156,27.950000762939453,27.773283004760746,821400
2024-10-01,NWS,28.020000457763672,28.11000061035156,27.5,27.770000457763672,27.59442138671875,478100
2024-10-01,NWS,28.020000457763672,28.11000061035156,27.5,27.770000457763672,27.59442138671875,478100
2024-10-02,NWS,27.63999938964844,27.81999969482422,27.520000457763672,27.549999237060547,27.375812530517575,388200
2024-10-02,NWS,27.63999938964844,27.81999969482422,27.520000457763672,27.549999237060547,27.375812530517575,388200
2024-10-03,NWS,27.350000381469727,27.5,27.239999771118164,27.36000061035156,27.187013626098636,534000
2024-10-03,NWS,27.350000381469727,27.5,27.239999771118164,27.36000061035156,27.187013626098636,534000
2024-10-04,NWS,27.68000030517578,27.809999465942383,27.36000061035156,27.51000022888184,27.3360652923584,366800
2024-10-04,NWS,27.68000030517578,27.809999465942383,27.36000061035156,27.51000022888184,27.3360652923584,366800
2024-10-07,NWS,27.299999237060547,27.549999237060547,27.299999237060547,27.38999938964844,27.216821670532227,403300
2024-10-07,NWS,27.299999237060547,27.549999237060547,27.299999237060547,27.38999938964844,27.216821670532227,403300
2024-10-08,NWS,27.440000534057617,27.479999542236328,26.959999084472656,27.200000762939453,27.028024673461918,860900
2024-10-08,NWS,27.440000534057617,27.479999542236328,26.959999084472656,27.200000762939453,27.028024673461918,860900
2024-10-09,NWS,27.229999542236328,27.790000915527344,27.190000534057617,27.68000030517578,27.50498962402344,606800
2024-10-09,NWS,27.229999542236328,27.790000915527344,27.190000534057617,27.68000030517578,27.50498962402344,606800
2024-10-10,NWS,27.459999084472656,27.690000534057617,26.979999542236328,27.030000686645508,26.859100341796875,741000
2024-10-10,NWS,27.459999084472656,27.690000534057617,26.979999542236328,27.030000686645508,26.859100341796875,741000
2024-10-11,NWS,27.1200008392334,27.540000915527344,27.1200008392334,27.399999618530277,27.22675895690918,573900
2024-10-11,NWS,27.1200008392334,27.540000915527344,27.1200008392334,27.399999618530277,27.22675895690918,573900
2024-10-14,NWS,27.43000030517578,27.530000686645508,27.190000534057617,27.479999542236328,27.30625343322754,413000
2024-10-14,NWS,27.43000030517578,27.530000686645508,27.190000534057617,27.479999542236328,27.30625343322754,413000
2024-10-15,NWS,27.649999618530277,28.190000534057617,27.530000686645508,27.920000076293945,27.74347305297852,965200
2024-10-15,NWS,27.649999618530277,28.190000534057617,27.530000686645508,27.920000076293945,27.74347305297852,965200
2024-10-16,NWS,27.950000762939453,28.020000457763672,27.780000686645508,27.8700008392334,27.693788528442383,477100
2024-10-16,NWS,27.950000762939453,28.020000457763672,27.780000686645508,27.8700008392334,27.693788528442383,477100
2024-10-17,NWS,28.059999465942383,28.059999465942383,27.770000457763672,27.940000534057617,27.76334571838379,421500
2024-10-17,NWS,28.059999465942383,28.059999465942383,27.770000457763672,27.940000534057617,27.76334571838379,421500
2024-10-18,NWS,28.049999237060547,28.049999237060547,27.81999969482422,27.899999618530277,27.72359848022461,490100
2024-10-18,NWS,28.049999237060547,28.049999237060547,27.81999969482422,27.899999618530277,27.72359848022461,490100
2024-10-21,NWS,27.86000061035156,28.200000762939453,27.850000381469727,27.93000030517578,27.75341033935547,462100
2024-10-21,NWS,27.86000061035156,28.200000762939453,27.850000381469727,27.93000030517578,27.75341033935547,462100
2024-10-22,NWS,28.049999237060547,28.049999237060547,27.65999984741211,27.850000381469727,27.67391395568848,986400
2024-10-22,NWS,28.049999237060547,28.049999237060547,27.65999984741211,27.850000381469727,27.67391395568848,986400
2024-10-23,NWS,27.81999969482422,27.90999984741211,27.489999771118164,27.649999618530277,27.475177764892575,636100
2024-10-23,NWS,27.81999969482422,27.90999984741211,27.489999771118164,27.649999618530277,27.475177764892575,636100
2024-10-24,NWS,27.649999618530277,27.799999237060547,27.549999237060547,27.700000762939453,27.524864196777344,484800
2024-10-24,NWS,27.649999618530277,27.799999237060547,27.549999237060547,27.700000762939453,27.524864196777344,484800
2024-10-25,NWS,27.850000381469727,27.96999931335449,27.700000762939453,27.75,27.574546813964844,407500
2024-10-25,NWS,27.850000381469727,27.96999931335449,27.700000762939453,27.75,27.574546813964844,407500
2024-10-28,NWS,28.020000457763672,28.34000015258789,27.82999992370605,28.239999771118164,28.06144905090332,414400
2024-10-28,NWS,28.020000457763672,28.34000015258789,27.82999992370605,28.239999771118164,28.06144905090332,414400
2024-10-29,NWS,28.270000457763672,29.200000762939453,28.200000762939453,29.149999618530277,28.965696334838867,722000
2024-10-29,NWS,28.270000457763672,29.200000762939453,28.200000762939453,29.149999618530277,28.965696334838867,722000
2024-10-30,NWS,29.18000030517578,29.61000061035156,29.1200008392334,29.149999618530277,28.965696334838867,582200
2024-10-30,NWS,29.18000030517578,29.61000061035156,29.1200008392334,29.149999618530277,28.965696334838867,582200
2024-10-31,NWS,29.040000915527344,29.229999542236328,28.90999984741211,29.040000915527344,28.85639190673828,886800
2024-10-31,NWS,29.040000915527344,29.229999542236328,28.90999984741211,29.040000915527344,28.85639190673828,886800
2024-11-01,NWS,29.09000015258789,29.18000030517578,28.86000061035156,29.07999992370605,28.89613914489746,422400
2024-11-01,NWS,29.09000015258789,29.18000030517578,28.86000061035156,29.07999992370605,28.89613914489746,422400
2024-11-04,NWS,29.239999771118164,29.549999237060547,29.13999938964844,29.290000915527344,29.10481071472168,443400
2024-11-04,NWS,29.239999771118164,29.549999237060547,29.13999938964844,29.290000915527344,29.10481071472168,443400
2024-11-05,NWS,29.31999969482422,29.86000061035156,29.26000022888184,29.790000915527344,29.60165023803711,452200
2024-11-05,NWS,29.31999969482422,29.86000061035156,29.26000022888184,29.790000915527344,29.60165023803711,452200
2024-11-06,NWS,30.950000762939453,31.049999237060547,30.649999618530277,30.979999542236328,30.78412628173828,632600
2024-11-06,NWS,30.950000762939453,31.049999237060547,30.649999618530277,30.979999542236328,30.78412628173828,632600
2024-11-07,NWS,31.07999992370605,31.38999938964844,30.96999931335449,31.31999969482422,31.12197494506836,706200
2024-11-07,NWS,31.07999992370605,31.38999938964844,30.96999931335449,31.31999969482422,31.12197494506836,706200
2024-11-08,NWS,31.239999771118164,32.75,31.0,32.220001220703125,32.01628875732422,1326000
2024-11-08,NWS,31.239999771118164,32.75,31.0,32.220001220703125,32.01628875732422,1326000
2024-11-11,NWS,32.290000915527344,32.63999938964844,31.739999771118164,31.81999969482422,31.61881446838379,1052100
2024-11-11,NWS,32.290000915527344,32.63999938964844,31.739999771118164,31.81999969482422,31.61881446838379,1052100
2024-11-12,NWS,32.029998779296875,32.380001068115234,31.950000762939453,32.220001220703125,32.01628875732422,921800
2024-11-12,NWS,32.029998779296875,32.380001068115234,31.950000762939453,32.220001220703125,32.01628875732422,921800
2024-11-13,NWS,32.38999938964844,32.38999938964844,31.649999618530277,31.690000534057617,31.489635467529297,840900
2024-11-13,NWS,32.38999938964844,32.38999938964844,31.649999618530277,31.690000534057617,31.489635467529297,840900
2024-11-14,NWS,31.5,31.88999938964844,31.420000076293945,31.82999992370605,31.628751754760746,744100
2024-11-14,NWS,31.5,31.88999938964844,31.420000076293945,31.82999992370605,31.628751754760746,744100
2024-11-15,NWS,31.920000076293945,32.45000076293945,31.649999618530277,31.690000534057617,31.489635467529297,1106100
2024-11-15,NWS,31.920000076293945,32.45000076293945,31.649999618530277,31.690000534057617,31.489635467529297,1106100
2024-11-18,NWS,31.61000061035156,31.93000030517578,31.40999984741211,31.450000762939453,31.25115394592285,809900
2024-11-18,NWS,31.61000061035156,31.93000030517578,31.40999984741211,31.450000762939453,31.25115394592285,809900
2024-11-19,NWS,31.059999465942383,31.81999969482422,30.75,31.780000686645508,31.57906723022461,784800
2024-11-19,NWS,31.059999465942383,31.81999969482422,30.75,31.780000686645508,31.57906723022461,784800
2024-11-20,NWS,31.739999771118164,32.02000045776367,31.3700008392334,31.690000534057617,31.489635467529297,1565200
2024-11-20,NWS,31.739999771118164,32.02000045776367,31.3700008392334,31.690000534057617,31.489635467529297,1565200
2024-11-21,NWS,31.700000762939453,32.29999923706055,31.32999992370605,32.11000061035156,31.906980514526367,1170200
2024-11-21,NWS,31.700000762939453,32.29999923706055,31.32999992370605,32.11000061035156,31.906980514526367,1170200
2024-11-22,NWS,32.099998474121094,32.45000076293945,31.979999542236328,32.060001373291016,31.857297897338867,1301800
2024-11-22,NWS,32.099998474121094,32.45000076293945,31.979999542236328,32.060001373291016,31.857297897338867,1301800
2024-11-25,NWS,32.27000045776367,32.40999984741211,32.0099983215332,32.119998931884766,31.91691780090332,1188000
2024-11-25,NWS,32.27000045776367,32.40999984741211,32.0099983215332,32.119998931884766,31.91691780090332,1188000
2024-11-26,NWS,32.209999084472656,32.209999084472656,31.86000061035156,32.0099983215332,31.8076114654541,672000
2024-11-26,NWS,32.209999084472656,32.209999084472656,31.86000061035156,32.0099983215332,31.8076114654541,672000
2024-11-27,NWS,32.02000045776367,32.18000030517578,31.68000030517578,31.71999931335449,31.519445419311523,534900
2024-11-27,NWS,32.02000045776367,32.18000030517578,31.68000030517578,31.71999931335449,31.519445419311523,534900
2024-11-29,NWS,31.8700008392334,32.2400016784668,31.790000915527344,32.09000015258789,31.887107849121094,432500
2024-11-29,NWS,31.8700008392334,32.2400016784668,31.790000915527344,32.09000015258789,31.887107849121094,432500
2024-12-02,NWS,31.979999542236328,32.279998779296875,31.850000381469727,32.2400016784668,32.03615951538086,887900
2024-12-02,NWS,31.979999542236328,32.279998779296875,31.850000381469727,32.2400016784668,32.03615951538086,887900
2024-12-03,NWS,32.2400016784668,32.869998931884766,32.16999816894531,32.790000915527344,32.58268356323242,723400
2024-12-03,NWS,32.2400016784668,32.869998931884766,32.16999816894531,32.790000915527344,32.58268356323242,723400
2024-12-04,NWS,32.689998626708984,32.810001373291016,32.380001068115234,32.47999954223633,32.27464294433594,1486800
2024-12-04,NWS,32.689998626708984,32.810001373291016,32.380001068115234,32.47999954223633,32.27464294433594,1486800
2024-12-05,NWS,32.45000076293945,32.7400016784668,32.369998931884766,32.40999984741211,32.20508575439453,587400
2024-12-05,NWS,32.45000076293945,32.7400016784668,32.369998931884766,32.40999984741211,32.20508575439453,587400
2024-12-06,NWS,32.43000030517578,32.43000030517578,31.93000030517578,32.29999923706055,32.09577560424805,429000
2024-12-06,NWS,32.43000030517578,32.43000030517578,31.93000030517578,32.29999923706055,32.09577560424805,429000
2024-12-09,NWS,32.34000015258789,32.59000015258789,32.29999923706055,32.369998931884766,32.16533660888672,573100
2024-12-09,NWS,32.34000015258789,32.59000015258789,32.29999923706055,32.369998931884766,32.16533660888672,573100
2024-12-10,NWS,31.8799991607666,32.47999954223633,31.5,32.189998626708984,31.986473083496094,624500
2024-12-10,NWS,31.8799991607666,32.47999954223633,31.5,32.189998626708984,31.986473083496094,624500
2024-12-11,NWS,32.380001068115234,32.529998779296875,31.989999771118164,32.13999938964844,31.936792373657227,732200
2024-12-11,NWS,32.380001068115234,32.529998779296875,31.989999771118164,32.13999938964844,31.936792373657227,732200
2024-12-12,NWS,32.099998474121094,32.33000183105469,31.84000015258789,31.850000381469727,31.64862632751465,561900
2024-12-12,NWS,32.099998474121094,32.33000183105469,31.84000015258789,31.850000381469727,31.64862632751465,561900
2024-12-13,NWS,31.59000015258789,31.82999992370605,31.38999938964844,31.43000030517578,31.231281280517575,396100
2024-12-13,NWS,31.59000015258789,31.82999992370605,31.38999938964844,31.43000030517578,31.231281280517575,396100
2024-12-16,NWS,31.489999771118164,31.76000022888184,31.32999992370605,31.350000381469727,31.15178680419922,565000
2024-12-16,NWS,31.489999771118164,31.76000022888184,31.32999992370605,31.350000381469727,31.15178680419922,565000
2024-12-17,NWS,31.34000015258789,31.51000022888184,31.040000915527344,31.11000061035156,30.91330337524414,600300
2024-12-17,NWS,31.34000015258789,31.51000022888184,31.040000915527344,31.11000061035156,30.91330337524414,600300
2024-12-18,NWS,31.21999931335449,31.56999969482422,30.57999992370605,30.61000061035156,30.416465759277344,643100
2024-12-18,NWS,31.21999931335449,31.56999969482422,30.57999992370605,30.61000061035156,30.416465759277344,643100
2024-12-19,NWS,30.709999084472656,31.1200008392334,30.43000030517578,30.459999084472656,30.267412185668945,678000
2024-12-19,NWS,30.709999084472656,31.1200008392334,30.43000030517578,30.459999084472656,30.267412185668945,678000
2024-12-20,NWS,30.51000022888184,30.81999969482422,30.309999465942383,30.700000762939453,30.505897521972656,1529200
2024-12-20,NWS,30.51000022888184,30.81999969482422,30.309999465942383,30.700000762939453,30.505897521972656,1529200
2024-12-23,NWS,30.690000534057617,31.030000686645508,30.690000534057617,31.020000457763672,30.823871612548828,598700
2024-12-23,NWS,30.690000534057617,31.030000686645508,30.690000534057617,31.020000457763672,30.823871612548828,598700
2024-12-24,NWS,31.149999618530277,31.309999465942383,31.030000686645508,31.299999237060547,31.102100372314453,429800
2024-12-24,NWS,31.149999618530277,31.309999465942383,31.030000686645508,31.299999237060547,31.102100372314453,429800
2024-12-26,NWS,31.15999984741211,31.15999984741211,30.950000762939453,31.100000381469727,30.903366088867188,348600
2024-12-26,NWS,31.15999984741211,31.15999984741211,30.950000762939453,31.100000381469727,30.903366088867188,348600
2024-12-27,NWS,30.940000534057617,31.06999969482422,30.59000015258789,30.780000686645508,30.585390090942383,468700
2024-12-27,NWS,30.940000534057617,31.06999969482422,30.59000015258789,30.780000686645508,30.585390090942383,468700
2024-12-30,NWS,30.65999984741211,30.670000076293945,30.030000686645508,30.32999992370605,30.13823509216309,452500
2024-12-30,NWS,30.65999984741211,30.670000076293945,30.030000686645508,30.32999992370605,30.13823509216309,452500
2024-12-31,NWS,30.40999984741211,30.68000030517578,30.31999969482422,30.43000030517578,30.23760223388672,424300
2024-12-31,NWS,30.40999984741211,30.68000030517578,30.31999969482422,30.43000030517578,30.23760223388672,424300
2025-01-02,NWS,30.65999984741211,30.729999542236328,30.290000915527344,30.3700008392334,30.177982330322266,386900
2025-01-02,NWS,30.65999984741211,30.729999542236328,30.290000915527344,30.3700008392334,30.177982330322266,386900
2025-01-03,NWS,30.530000686645508,30.530000686645508,30.01000022888184,30.5,30.30716133117676,387000
2025-01-03,NWS,30.530000686645508,30.530000686645508,30.01000022888184,30.5,30.30716133117676,387000
2025-01-06,NWS,30.280000686645508,30.790000915527344,30.18000030517578,30.270000457763672,30.078615188598636,588700
2025-01-06,NWS,30.280000686645508,30.790000915527344,30.18000030517578,30.270000457763672,30.078615188598636,588700
2025-01-07,NWS,30.31999969482422,30.690000534057617,29.82999992370605,30.459999084472656,30.267412185668945,635600
2025-01-07,NWS,30.31999969482422,30.690000534057617,29.82999992370605,30.459999084472656,30.267412185668945,635600
2025-01-08,NWS,30.479999542236328,31.0,30.0,30.420000076293945,30.2276668548584,478800
2025-01-08,NWS,30.479999542236328,31.0,30.0,30.420000076293945,30.2276668548584,478800
2025-01-10,NWS,30.170000076293945,30.479999542236328,29.88999938964844,29.88999938964844,29.70101547241211,575000
2025-01-10,NWS,30.170000076293945,30.479999542236328,29.88999938964844,29.88999938964844,29.70101547241211,575000
2025-01-13,NWS,29.780000686645508,30.290000915527344,29.700000762939453,30.25,30.058740615844727,801800
2025-01-13,NWS,29.780000686645508,30.290000915527344,29.700000762939453,30.25,30.058740615844727,801800
2025-01-14,NWS,30.40999984741211,30.6299991607666,30.200000762939453,30.40999984741211,30.217729568481445,503400
2025-01-14,NWS,30.40999984741211,30.6299991607666,30.200000762939453,30.40999984741211,30.217729568481445,503400
2025-01-15,NWS,30.82999992370605,30.86000061035156,30.34000015258789,30.489999771118164,30.297224044799805,612700
2025-01-15,NWS,30.82999992370605,30.86000061035156,30.34000015258789,30.489999771118164,30.297224044799805,612700
2025-01-16,NWS,30.600000381469727,30.799999237060547,30.34000015258789,30.399999618530277,30.20779228210449,380200
2025-01-16,NWS,30.600000381469727,30.799999237060547,30.34000015258789,30.399999618530277,30.20779228210449,380200
2025-01-17,NWS,30.739999771118164,30.739999771118164,30.36000061035156,30.399999618530277,30.20779228210449,387400
2025-01-17,NWS,30.739999771118164,30.739999771118164,30.36000061035156,30.399999618530277,30.20779228210449,387400
2025-01-21,NWS,30.5,30.989999771118164,30.450000762939453,30.940000534057617,30.7443790435791,484500
2025-01-21,NWS,30.5,30.989999771118164,30.450000762939453,30.940000534057617,30.7443790435791,484500
2025-01-22,NWS,31.049999237060547,31.270000457763672,30.8700008392334,31.1200008392334,30.923240661621094,772700
2025-01-22,NWS,31.049999237060547,31.270000457763672,30.8700008392334,31.1200008392334,30.923240661621094,772700
2025-01-23,NWS,31.149999618530277,31.3799991607666,31.0,31.32999992370605,31.131912231445312,666700
2025-01-23,NWS,31.149999618530277,31.3799991607666,31.0,31.32999992370605,31.131912231445312,666700
2025-01-24,NWS,31.26000022888184,31.790000915527344,31.26000022888184,31.57999992370605,31.38033103942871,472700
2025-01-24,NWS,31.26000022888184,31.790000915527344,31.26000022888184,31.57999992370605,31.38033103942871,472700
2025-01-27,NWS,31.38999938964844,31.90999984741211,30.950000762939453,31.780000686645508,31.57906723022461,716200
2025-01-27,NWS,31.38999938964844,31.90999984741211,30.950000762939453,31.780000686645508,31.57906723022461,716200
2025-01-28,NWS,31.770000457763672,31.96999931335449,31.549999237060547,31.649999618530277,31.44989013671875,667300
2025-01-28,NWS,31.770000457763672,31.96999931335449,31.549999237060547,31.649999618530277,31.44989013671875,667300
2025-01-29,NWS,31.57999992370605,31.979999542236328,31.51000022888184,31.690000534057617,31.489635467529297,427700
2025-01-29,NWS,31.57999992370605,31.979999542236328,31.51000022888184,31.690000534057617,31.489635467529297,427700
2025-01-30,NWS,32.099998474121094,32.369998931884766,31.450000762939453,31.600000381469727,31.400205612182617,743900
2025-01-30,NWS,32.099998474121094,32.369998931884766,31.450000762939453,31.600000381469727,31.400205612182617,743900
2025-01-31,NWS,31.68000030517578,31.799999237060547,31.559999465942383,31.649999618530277,31.44989013671875,524800
2025-01-31,NWS,31.68000030517578,31.799999237060547,31.559999465942383,31.649999618530277,31.44989013671875,524800
2025-02-03,NWS,31.299999237060547,31.950000762939453,31.1200008392334,31.950000762939453,31.74799346923828,674800
2025-02-03,NWS,31.299999237060547,31.950000762939453,31.1200008392334,31.950000762939453,31.74799346923828,674800
2025-02-04,NWS,32.13999938964844,33.0,32.11000061035156,32.86000061035156,32.65224075317383,1580700
2025-02-04,NWS,32.13999938964844,33.0,32.11000061035156,32.86000061035156,32.65224075317383,1580700
2025-02-05,NWS,32.900001525878906,33.29999923706055,32.66999816894531,33.2400016784668,33.02983856201172,1488600
2025-02-05,NWS,32.900001525878906,33.29999923706055,32.66999816894531,33.2400016784668,33.02983856201172,1488600
2025-02-06,NWS,34.970001220703125,34.970001220703125,32.25,32.959999084472656,32.75160598754883,2404300
2025-02-06,NWS,34.970001220703125,34.970001220703125,32.25,32.959999084472656,32.75160598754883,2404300
2025-02-07,NWS,33.849998474121094,34.040000915527344,33.349998474121094,33.91999816894531,33.705535888671875,2476300
2025-02-07,NWS,33.849998474121094,34.040000915527344,33.349998474121094,33.91999816894531,33.705535888671875,2476300
2025-02-10,NWS,34.18000030517578,34.560001373291016,33.91999816894531,34.08000183105469,33.864524841308594,1467900
2025-02-10,NWS,34.18000030517578,34.560001373291016,33.91999816894531,34.08000183105469,33.864524841308594,1467900
2025-02-11,NWS,33.79999923706055,34.36000061035156,33.77000045776367,34.16999816894531,33.953956604003906,907900
2025-02-11,NWS,33.79999923706055,34.36000061035156,33.77000045776367,34.16999816894531,33.953956604003906,907900
2025-02-12,NWS,33.83000183105469,34.08000183105469,33.56999969482422,34.029998779296875,33.81483840942383,768800
2025-02-12,NWS,33.83000183105469,34.08000183105469,33.56999969482422,34.029998779296875,33.81483840942383,768800
2025-02-13,NWS,34.0,34.33000183105469,33.900001525878906,34.29999923706055,34.083133697509766,553000
2025-02-13,NWS,34.0,34.33000183105469,33.900001525878906,34.29999923706055,34.083133697509766,553000
2025-02-14,NWS,34.529998779296875,34.93000030517578,34.27000045776367,34.86000061035156,34.63959503173828,721100
2025-02-14,NWS,34.529998779296875,34.93000030517578,34.27000045776367,34.86000061035156,34.63959503173828,721100
2025-02-18,NWS,34.97999954223633,35.0099983215332,34.599998474121094,35.0,34.77870559692383,628900
2025-02-18,NWS,34.97999954223633,35.0099983215332,34.599998474121094,35.0,34.77870559692383,628900
2025-02-19,NWS,34.90999984741211,35.25,34.59000015258789,34.959999084472656,34.73896026611328,874300
2025-02-19,NWS,34.90999984741211,35.25,34.59000015258789,34.959999084472656,34.73896026611328,874300
2025-02-20,NWS,34.68000030517578,34.90999984741211,32.189998626708984,32.939998626708984,32.73173141479492,2043200
2025-02-20,NWS,34.68000030517578,34.90999984741211,32.189998626708984,32.939998626708984,32.73173141479492,2043200
2025-02-21,NWS,33.08000183105469,33.08000183105469,32.189998626708984,32.29999923706055,32.09577560424805,785700
2025-02-21,NWS,33.08000183105469,33.08000183105469,32.189998626708984,32.29999923706055,32.09577560424805,785700
2025-02-24,NWS,32.58000183105469,32.65999984741211,32.2400016784668,32.31999969482422,32.11565017700195,864400
2025-02-24,NWS,32.58000183105469,32.65999984741211,32.2400016784668,32.31999969482422,32.11565017700195,864400
2025-02-25,NWS,32.54999923706055,32.65999984741211,32.029998779296875,32.06999969482422,31.867233276367188,986800
2025-02-25,NWS,32.54999923706055,32.65999984741211,32.029998779296875,32.06999969482422,31.867233276367188,986800
2025-02-26,NWS,31.979999542236328,32.25,31.670000076293945,31.780000686645508,31.57906723022461,390700
2025-02-26,NWS,31.979999542236328,32.25,31.670000076293945,31.780000686645508,31.57906723022461,390700
2025-02-27,NWS,31.8700008392334,32.2400016784668,31.75,31.88999938964844,31.68836975097656,404400
2025-02-27,NWS,31.8700008392334,32.2400016784668,31.75,31.88999938964844,31.68836975097656,404400
2025-02-28,NWS,31.8700008392334,32.29999923706055,31.65999984741211,32.279998779296875,32.075904846191406,565900
2025-02-28,NWS,31.8700008392334,32.29999923706055,31.65999984741211,32.279998779296875,32.075904846191406,565900
2025-03-03,NWS,32.29999923706055,32.63999938964844,31.850000381469727,32.040000915527344,31.837425231933597,479800
2025-03-03,NWS,32.29999923706055,32.63999938964844,31.850000381469727,32.040000915527344,31.837425231933597,479800
2025-03-04,NWS,32.06999969482422,32.099998474121094,31.34000015258789,31.690000534057617,31.489635467529297,799400
2025-03-04,NWS,32.06999969482422,32.099998474121094,31.34000015258789,31.690000534057617,31.489635467529297,799400
2025-03-05,NWS,31.559999465942383,31.979999542236328,31.450000762939453,31.86000061035156,31.6585636138916,571800
2025-03-05,NWS,31.559999465942383,31.979999542236328,31.450000762939453,31.86000061035156,31.6585636138916,571800
2025-03-06,NWS,31.709999084472656,32.040000915527344,31.559999465942383,31.8799991607666,31.67843437194824,439600
2025-03-06,NWS,31.709999084472656,32.040000915527344,31.559999465942383,31.8799991607666,31.67843437194824,439600
2025-03-07,NWS,31.63999938964844,32.099998474121094,31.26000022888184,31.81999969482422,31.61881446838379,599800
2025-03-07,NWS,31.63999938964844,32.099998474121094,31.26000022888184,31.81999969482422,31.61881446838379,599800
2025-03-10,NWS,31.479999542236328,31.770000457763672,31.020000457763672,31.100000381469727,30.903366088867188,722400
2025-03-10,NWS,31.479999542236328,31.770000457763672,31.020000457763672,31.100000381469727,30.903366088867188,722400
2025-03-11,NWS,31.01000022888184,31.200000762939453,30.600000381469727,30.76000022888184,30.56551742553711,707500
2025-03-11,NWS,31.01000022888184,31.200000762939453,30.600000381469727,30.76000022888184,30.56551742553711,707500
2025-03-12,NWS,30.920000076293945,31.399999618530277,30.6200008392334,30.709999084472656,30.61536026000977,645200
2025-03-12,NWS,30.920000076293945,31.399999618530277,30.6200008392334,30.709999084472656,30.61536026000977,645200
2025-03-13,NWS,30.6299991607666,30.75,30.059999465942383,30.100000381469727,30.00724220275879,514100
2025-03-13,NWS,30.6299991607666,30.75,30.059999465942383,30.100000381469727,30.00724220275879,514100
2025-03-14,NWS,30.25,31.049999237060547,30.25,30.979999542236328,30.88452911376953,551700
2025-03-14,NWS,30.25,31.049999237060547,30.25,30.979999542236328,30.88452911376953,551700
2025-03-17,NWS,30.709999084472656,31.18000030517578,30.709999084472656,31.030000686645508,30.934375762939453,444100
2025-03-17,NWS,30.709999084472656,31.18000030517578,30.709999084472656,31.030000686645508,30.934375762939453,444100
2025-03-18,NWS,31.06999969482422,31.06999969482422,30.459999084472656,30.71999931335449,30.62532997131348,391600
2025-03-18,NWS,31.06999969482422,31.06999969482422,30.459999084472656,30.71999931335449,30.62532997131348,391600
2025-03-19,NWS,30.71999931335449,31.5,30.71999931335449,31.25,31.153697967529297,536300
2025-03-19,NWS,30.71999931335449,31.5,30.71999931335449,31.25,31.153697967529297,536300
2025-03-20,NWS,31.100000381469727,31.299999237060547,30.780000686645508,31.049999237060547,30.95431327819824,549300
2025-03-20,NWS,31.100000381469727,31.299999237060547,30.780000686645508,31.049999237060547,30.95431327819824,549300
2025-03-21,NWS,30.790000915527344,31.1299991607666,30.530000686645508,30.770000457763672,30.6751766204834,1882600
2025-03-21,NWS,30.790000915527344,31.1299991607666,30.530000686645508,30.770000457763672,30.6751766204834,1882600
2025-03-24,NWS,31.1299991607666,31.1299991607666,30.38999938964844,30.75,30.65523910522461,857300
2025-03-24,NWS,31.1299991607666,31.1299991607666,30.38999938964844,30.75,30.65523910522461,857300
2025-03-25,NWS,30.670000076293945,30.96999931335449,30.56999969482422,30.8799991607666,30.78483772277832,816600
2025-03-25,NWS,30.670000076293945,30.96999931335449,30.56999969482422,30.8799991607666,30.78483772277832,816600
2025-03-26,NWS,30.799999237060547,31.18000030517578,30.75,30.770000457763672,30.6751766204834,1181000
2025-03-26,NWS,30.799999237060547,31.18000030517578,30.75,30.770000457763672,30.6751766204834,1181000
2025-03-27,NWS,30.780000686645508,30.780000686645508,30.21999931335449,30.26000022888184,30.166748046875,723900
2025-03-27,NWS,30.780000686645508,30.780000686645508,30.21999931335449,30.26000022888184,30.166748046875,723900
2025-03-28,NWS,30.350000381469727,30.350000381469727,29.520000457763672,29.65999984741211,29.5685977935791,786000
2025-03-28,NWS,30.350000381469727,30.350000381469727,29.520000457763672,29.65999984741211,29.5685977935791,786000
2025-03-31,NWS,29.799999237060547,30.540000915527344,29.63999938964844,30.3700008392334,30.276411056518555,5488700
2025-03-31,NWS,29.799999237060547,30.540000915527344,29.63999938964844,30.3700008392334,30.276411056518555,5488700
2025-04-01,NWS,30.1299991607666,30.82999992370605,29.8799991607666,30.280000686645508,30.186687469482425,919000
2025-04-01,NWS,30.1299991607666,30.82999992370605,29.8799991607666,30.280000686645508,30.186687469482425,919000
2025-04-02,NWS,30.559999465942383,30.63999938964844,30.1200008392334,30.549999237060547,30.455854415893555,846900
2025-04-02,NWS,30.559999465942383,30.63999938964844,30.1200008392334,30.549999237060547,30.455854415893555,846900
2025-04-03,NWS,29.709999084472656,30.270000457763672,29.399999618530277,29.43000030517578,29.339305877685547,906200
2025-04-03,NWS,29.709999084472656,30.270000457763672,29.399999618530277,29.43000030517578,29.339305877685547,906200
2025-04-04,NWS,28.26000022888184,28.6299991607666,27.600000381469727,27.700000762939453,27.61463737487793,1060300
2025-04-04,NWS,28.26000022888184,28.6299991607666,27.600000381469727,27.700000762939453,27.61463737487793,1060300
2025-04-07,NWS,26.5,28.46999931335449,26.25,27.40999984741211,27.32553100585937,1452000
2025-04-07,NWS,26.5,28.46999931335449,26.25,27.40999984741211,27.32553100585937,1452000
2025-04-08,NWS,28.309999465942383,28.56999969482422,27.190000534057617,27.540000915527344,27.45513153076172,1222400
2025-04-08,NWS,28.309999465942383,28.56999969482422,27.190000534057617,27.540000915527344,27.45513153076172,1222400
2025-04-09,NWS,27.09000015258789,30.350000381469727,27.09000015258789,30.200000762939453,30.10693359375,1149500
2025-04-09,NWS,27.09000015258789,30.350000381469727,27.09000015258789,30.200000762939453,30.10693359375,1149500
2025-04-10,NWS,29.76000022888184,30.280000686645508,28.559999465942383,29.57999992370605,29.48884391784668,870600
2025-04-10,NWS,29.76000022888184,30.280000686645508,28.559999465942383,29.57999992370605,29.48884391784668,870600
2025-04-11,NWS,29.81999969482422,30.350000381469727,29.399999618530277,30.239999771118164,30.14681053161621,852200
2025-04-11,NWS,29.81999969482422,30.350000381469727,29.399999618530277,30.239999771118164,30.14681053161621,852200
2025-04-14,NWS,30.350000381469727,30.600000381469727,30.06999969482422,30.43000030517578,30.336225509643555,388700
2025-04-14,NWS,30.350000381469727,30.600000381469727,30.06999969482422,30.43000030517578,30.336225509643555,388700
2025-04-15,NWS,30.6200008392334,30.790000915527344,30.40999984741211,30.520000457763672,30.42594718933105,412500
2025-04-15,NWS,30.6200008392334,30.790000915527344,30.40999984741211,30.520000457763672,30.42594718933105,412500
2025-04-16,NWS,30.170000076293945,30.43000030517578,29.450000762939453,29.75,29.6583194732666,423200
2025-04-16,NWS,30.170000076293945,30.43000030517578,29.450000762939453,29.75,29.6583194732666,423200
2025-04-17,NWS,30.290000915527344,30.290000915527344,29.81999969482422,30.0,29.907548904418945,504200
2025-04-17,NWS,30.290000915527344,30.290000915527344,29.81999969482422,30.0,29.907548904418945,504200
2025-04-21,NWS,29.739999771118164,29.84000015258789,29.11000061035156,29.450000762939453,29.35924530029297,257200
2025-04-21,NWS,29.739999771118164,29.84000015258789,29.11000061035156,29.450000762939453,29.35924530029297,257200
2025-04-22,NWS,29.88999938964844,30.32999992370605,29.670000076293945,30.290000915527344,30.196657180786133,810600
2025-04-22,NWS,29.88999938964844,30.32999992370605,29.670000076293945,30.290000915527344,30.196657180786133,810600
2025-04-23,NWS,30.81999969482422,31.61000061035156,30.520000457763672,30.68000030517578,30.5854549407959,768200
2025-04-23,NWS,30.81999969482422,31.61000061035156,30.520000457763672,30.68000030517578,30.5854549407959,768200
2025-04-24,NWS,30.780000686645508,31.06999969482422,30.350000381469727,31.0,30.904468536376957,278000
2025-04-24,NWS,30.780000686645508,31.06999969482422,30.350000381469727,31.0,30.904468536376957,278000
2025-04-25,NWS,30.93000030517578,31.239999771118164,30.809999465942383,31.229999542236328,31.133758544921875,289900
2025-04-25,NWS,30.93000030517578,31.239999771118164,30.809999465942383,31.229999542236328,31.133758544921875,289900
2025-04-28,NWS,31.26000022888184,31.36000061035156,30.96999931335449,31.21999931335449,31.123788833618164,252500
2025-04-28,NWS,31.26000022888184,31.36000061035156,30.96999931335449,31.21999931335449,31.123788833618164,252500
2025-04-29,NWS,31.239999771118164,31.420000076293945,31.059999465942383,31.31999969482422,31.223482131958008,331700
2025-04-29,NWS,31.239999771118164,31.420000076293945,31.059999465942383,31.31999969482422,31.223482131958008,331700
2025-04-30,NWS,31.040000915527344,31.51000022888184,30.76000022888184,31.420000076293945,31.32317352294922,645800
2025-04-30,NWS,31.040000915527344,31.51000022888184,30.76000022888184,31.420000076293945,31.32317352294922,645800
2025-05-01,NWS,31.239999771118164,31.5,31.11000061035156,31.270000457763672,31.17363548278809,414000
2025-05-01,NWS,31.239999771118164,31.5,31.11000061035156,31.270000457763672,31.17363548278809,414000
2025-05-02,NWS,31.700000762939453,31.989999771118164,30.540000915527344,31.899999618530277,31.80169486999512,296100
2025-05-02,NWS,31.700000762939453,31.989999771118164,30.540000915527344,31.899999618530277,31.80169486999512,296100
2025-05-05,NWS,31.729999542236328,32.2599983215332,31.549999237060547,32.08000183105469,31.981142044067383,391900
2025-05-05,NWS,31.729999542236328,32.2599983215332,31.549999237060547,32.08000183105469,31.981142044067383,391900
2025-05-06,NWS,32.08000183105469,32.18000030517578,31.920000076293945,32.040000915527344,31.94126319885254,405000
2025-05-06,NWS,32.08000183105469,32.18000030517578,31.920000076293945,32.040000915527344,31.94126319885254,405000
2025-05-07,NWS,32.310001373291016,32.7400016784668,32.2599983215332,32.65999984741211,32.55935287475586,1254800
2025-05-07,NWS,32.310001373291016,32.7400016784668,32.2599983215332,32.65999984741211,32.55935287475586,1254800
2025-05-08,NWS,32.93000030517578,33.04999923706055,32.4900016784668,32.5,32.399845123291016,675200
2025-05-08,NWS,32.93000030517578,33.04999923706055,32.4900016784668,32.5,32.399845123291016,675200
2025-05-09,NWS,33.220001220703125,33.369998931884766,32.369998931884766,32.56999969482422,32.46963119506836,567700
2025-05-09,NWS,33.220001220703125,33.369998931884766,32.369998931884766,32.56999969482422,32.46963119506836,567700
2025-05-12,NWS,33.220001220703125,33.31999969482422,32.63999938964844,32.95000076293945,32.84846115112305,799500
2025-05-12,NWS,33.220001220703125,33.31999969482422,32.63999938964844,32.95000076293945,32.84846115112305,799500
2025-05-13,NWS,33.040000915527344,33.310001373291016,32.79999923706055,32.849998474121094,32.74876403808594,608100
2025-05-13,NWS,33.040000915527344,33.310001373291016,32.79999923706055,32.849998474121094,32.74876403808594,608100
2025-05-14,NWS,32.619998931884766,32.97999954223633,32.619998931884766,32.900001525878906,32.798614501953125,745100
2025-05-14,NWS,32.619998931884766,32.97999954223633,32.619998931884766,32.900001525878906,32.798614501953125,745100
2025-05-15,NWS,32.95000076293945,33.18000030517578,32.72999954223633,32.779998779296875,32.67898178100586,528500
2025-05-15,NWS,32.95000076293945,33.18000030517578,32.72999954223633,32.779998779296875,32.67898178100586,528500
2025-05-16,NWS,32.88999938964844,32.959999084472656,32.470001220703125,32.93000030517578,32.828521728515625,570100
2025-05-16,NWS,32.88999938964844,32.959999084472656,32.470001220703125,32.93000030517578,32.828521728515625,570100
2025-05-19,NWS,32.86000061035156,32.900001525878906,32.5,32.72999954223633,32.62913513183594,607000
2025-05-19,NWS,32.86000061035156,32.900001525878906,32.5,32.72999954223633,32.62913513183594,607000
2025-05-20,NWS,32.540000915527344,32.849998474121094,32.540000915527344,32.779998779296875,32.67898178100586,550600
2025-05-20,NWS,32.540000915527344,32.849998474121094,32.540000915527344,32.779998779296875,32.67898178100586,550600
2025-05-21,NWS,32.59000015258789,32.75,32.279998779296875,32.349998474121094,32.25030517578125,424900
2025-05-21,NWS,32.59000015258789,32.75,32.279998779296875,32.349998474121094,32.25030517578125,424900
2025-05-22,NWS,32.2599983215332,32.279998779296875,31.950000762939453,31.979999542236328,31.881446838378903,508600
2025-05-22,NWS,32.2599983215332,32.279998779296875,31.950000762939453,31.979999542236328,31.881446838378903,508600
2025-05-23,NWS,31.780000686645508,32.560001373291016,31.709999084472656,32.470001220703125,32.36993789672852,516100
2025-05-23,NWS,31.780000686645508,32.560001373291016,31.709999084472656,32.470001220703125,32.36993789672852,516100
2025-05-27,NWS,32.27000045776367,32.689998626708984,32.2599983215332,32.560001373291016,32.45966339111328,750800
2025-05-27,NWS,32.27000045776367,32.689998626708984,32.2599983215332,32.560001373291016,32.45966339111328,750800
2025-05-28,NWS,32.529998779296875,33.060001373291016,32.529998779296875,32.900001525878906,32.798614501953125,383900
2025-05-28,NWS,32.529998779296875,33.060001373291016,32.529998779296875,32.900001525878906,32.798614501953125,383900
2025-05-29,NWS,32.95000076293945,33.029998779296875,32.5099983215332,32.900001525878906,32.798614501953125,507000
2025-05-29,NWS,32.95000076293945,33.029998779296875,32.5099983215332,32.900001525878906,32.798614501953125,507000
2025-05-30,NWS,32.900001525878906,32.93000030517578,32.5,32.720001220703125,32.61916732788086,730100
2025-05-30,NWS,32.900001525878906,32.93000030517578,32.5,32.720001220703125,32.61916732788086,730100
2025-06-02,NWS,32.349998474121094,32.560001373291016,32.09000015258789,32.47999954223633,32.379905700683594,839200
2025-06-02,NWS,32.349998474121094,32.560001373291016,32.09000015258789,32.47999954223633,32.379905700683594,839200
2025-06-03,NWS,32.540000915527344,32.58000183105469,32.2400016784668,32.34000015258789,32.24033737182617,779300
2025-06-03,NWS,32.540000915527344,32.58000183105469,32.2400016784668,32.34000015258789,32.24033737182617,779300
2025-06-04,NWS,32.279998779296875,32.310001373291016,32.060001373291016,32.15999984741211,32.06089401245117,449700
2025-06-04,NWS,32.279998779296875,32.310001373291016,32.060001373291016,32.15999984741211,32.06089401245117,449700
2025-06-05,NWS,32.29999923706055,32.36000061035156,32.04999923706055,32.189998626708984,32.09080123901367,426000
2025-06-05,NWS,32.29999923706055,32.36000061035156,32.04999923706055,32.189998626708984,32.09080123901367,426000
2025-06-06,NWS,32.279998779296875,32.36000061035156,31.75,31.850000381469727,31.751848220825195,747600
2025-06-06,NWS,32.279998779296875,32.36000061035156,31.75,31.850000381469727,31.751848220825195,747600
2025-06-09,NWS,31.850000381469727,31.979999542236328,31.559999465942383,31.81999969482422,31.72194099426269,619300
2025-06-09,NWS,31.850000381469727,31.979999542236328,31.559999465942383,31.81999969482422,31.72194099426269,619300
2025-06-10,NWS,31.899999618530277,32.150001525878906,31.690000534057617,32.02000045776367,31.92132568359375,601200
2025-06-10,NWS,31.899999618530277,32.150001525878906,31.690000534057617,32.02000045776367,31.92132568359375,601200
2025-06-11,NWS,32.02000045776367,32.099998474121094,31.709999084472656,31.82999992370605,31.731910705566406,500400
2025-06-11,NWS,32.02000045776367,32.099998474121094,31.709999084472656,31.82999992370605,31.731910705566406,500400
2025-06-12,NWS,31.81999969482422,31.979999542236328,31.61000061035156,31.670000076293945,31.57240295410156,507700
2025-06-12,NWS,31.81999969482422,31.979999542236328,31.61000061035156,31.670000076293945,31.57240295410156,507700
2025-06-13,NWS,31.56999969482422,31.56999969482422,31.200000762939453,31.350000381469727,31.253389358520508,789400
2025-06-13,NWS,31.56999969482422,31.56999969482422,31.200000762939453,31.350000381469727,31.253389358520508,789400
2025-06-16,NWS,31.68000030517578,32.290000915527344,31.61000061035156,32.279998779296875,32.18052291870117,777500
2025-06-16,NWS,31.68000030517578,32.290000915527344,31.61000061035156,32.279998779296875,32.18052291870117,777500
2025-06-17,NWS,32.18000030517578,32.25,31.729999542236328,31.84000015258789,31.74188041687012,740600
2025-06-17,NWS,32.18000030517578,32.25,31.729999542236328,31.84000015258789,31.74188041687012,740600
2025-06-18,NWS,31.88999938964844,32.4900016784668,31.84000015258789,32.310001373291016,32.21043395996094,715500
2025-06-18,NWS,31.88999938964844,32.4900016784668,31.84000015258789,32.310001373291016,32.21043395996094,715500
2025-06-20,NWS,32.77000045776367,33.0099983215332,32.27000045776367,32.599998474121094,32.499534606933594,3849800
2025-06-20,NWS,32.77000045776367,33.0099983215332,32.27000045776367,32.599998474121094,32.499534606933594,3849800
2025-06-23,NWS,32.59000015258789,33.18000030517578,32.47999954223633,33.18000030517578,33.07775115966797,886700
2025-06-23,NWS,32.59000015258789,33.18000030517578,32.47999954223633,33.18000030517578,33.07775115966797,886700
2025-06-24,NWS,33.470001220703125,33.66999816894531,33.2400016784668,33.599998474121094,33.49645233154297,732400
2025-06-24,NWS,33.470001220703125,33.66999816894531,33.2400016784668,33.599998474121094,33.49645233154297,732400
2025-06-25,NWS,33.630001068115234,33.84000015258789,33.5099983215332,33.720001220703125,33.6160888671875,555500
2025-06-25,NWS,33.630001068115234,33.84000015258789,33.5099983215332,33.720001220703125,33.6160888671875,555500
2025-06-26,NWS,33.709999084472656,34.029998779296875,33.58000183105469,33.959999084472656,33.8553466796875,477600
2025-06-26,NWS,33.709999084472656,34.029998779296875,33.58000183105469,33.959999084472656,33.8553466796875,477600
2025-06-27,NWS,34.04999923706055,34.060001373291016,33.630001068115234,33.869998931884766,33.765621185302734,782500
2025-06-27,NWS,34.04999923706055,34.060001373291016,33.630001068115234,33.869998931884766,33.765621185302734,782500
2025-06-30,NWS,33.91999816894531,34.41999816894531,33.91999816894531,34.310001373291016,34.20426940917969,666100
2025-06-30,NWS,33.91999816894531,34.41999816894531,33.91999816894531,34.310001373291016,34.20426940917969,666100
2025-07-01,NWS,34.310001373291016,34.560001373291016,34.22999954223633,34.40999984741211,34.303958892822266,521900
2025-07-01,NWS,34.310001373291016,34.560001373291016,34.22999954223633,34.40999984741211,34.303958892822266,521900
2025-07-02,NWS,34.36000061035156,34.38999938964844,34.150001525878906,34.36000061035156,34.254112243652344,491300
2025-07-02,NWS,34.36000061035156,34.38999938964844,34.150001525878906,34.36000061035156,34.254112243652344,491300
2025-07-03,NWS,34.459999084472656,34.540000915527344,34.18000030517578,34.38999938964844,34.284019470214844,509800
2025-07-03,NWS,34.459999084472656,34.540000915527344,34.18000030517578,34.38999938964844,34.284019470214844,509800
2025-07-07,NWS,34.20000076293945,34.41999816894531,33.90999984741211,33.91999816894531,33.815467834472656,725100
2025-07-07,NWS,34.20000076293945,34.41999816894531,33.90999984741211,33.91999816894531,33.815467834472656,725100
2025-07-08,NWS,33.91999816894531,34.18000030517578,33.869998931884766,34.02000045776367,33.9151611328125,518300
2025-07-08,NWS,33.91999816894531,34.18000030517578,33.869998931884766,34.02000045776367,33.9151611328125,518300
2025-07-09,NWS,34.040000915527344,34.189998626708984,33.959999084472656,34.06999969482422,33.96500778198242,367700
2025-07-09,NWS,34.040000915527344,34.189998626708984,33.959999084472656,34.06999969482422,33.96500778198242,367700
2025-07-10,NWS,34.09000015258789,34.5099983215332,34.04999923706055,34.45000076293945,34.34383773803711,635100
2025-07-10,NWS,34.09000015258789,34.5099983215332,34.04999923706055,34.45000076293945,34.34383773803711,635100
2025-07-11,NWS,34.310001373291016,34.41999816894531,34.15999984741211,34.290000915527344,34.184329986572266,327300
2025-07-11,NWS,34.310001373291016,34.41999816894531,34.15999984741211,34.290000915527344,34.184329986572266,327300
2025-07-14,NWS,33.83000183105469,34.619998931884766,33.83000183105469,34.54999923706055,34.44352722167969,364200
2025-07-14,NWS,33.83000183105469,34.619998931884766,33.83000183105469,34.54999923706055,34.44352722167969,364200
2025-07-15,NWS,34.72999954223633,35.40999984741211,34.189998626708984,34.20000076293945,34.094608306884766,798400
2025-07-15,NWS,34.72999954223633,35.40999984741211,34.189998626708984,34.20000076293945,34.094608306884766,798400
2025-07-16,NWS,34.33000183105469,34.52000045776367,33.91999816894531,34.439998626708984,34.333866119384766,679800
2025-07-16,NWS,34.33000183105469,34.52000045776367,33.91999816894531,34.439998626708984,34.333866119384766,679800
2025-07-17,NWS,34.540000915527344,34.84000015258789,34.400001525878906,34.81999969482422,34.71269607543945,871500
2025-07-17,NWS,34.540000915527344,34.84000015258789,34.400001525878906,34.81999969482422,34.71269607543945,871500
2025-07-18,NWS,35.029998779296875,35.09000015258789,34.380001068115234,34.459999084472656,34.35380554199219,782200
2025-07-18,NWS,35.029998779296875,35.09000015258789,34.380001068115234,34.459999084472656,34.35380554199219,782200
2025-07-21,NWS,34.40999984741211,34.84000015258789,33.5099983215332,33.54999923706055,33.44660949707031,827700
2025-07-21,NWS,34.40999984741211,34.84000015258789,33.5099983215332,33.54999923706055,33.44660949707031,827700
2025-07-22,NWS,33.560001373291016,33.970001220703125,33.560001373291016,33.66999816894531,33.56623840332031,614000
2025-07-22,NWS,33.560001373291016,33.970001220703125,33.560001373291016,33.66999816894531,33.56623840332031,614000
2025-07-23,NWS,33.66999816894531,34.06999969482422,33.5,33.75,33.645992279052734,596300
2025-07-23,NWS,33.66999816894531,34.06999969482422,33.5,33.75,33.645992279052734,596300
2025-07-24,NWS,33.75,33.849998474121094,33.349998474121094,33.54999923706055,33.44660949707031,486700
2025-07-24,NWS,33.75,33.849998474121094,33.349998474121094,33.54999923706055,33.44660949707031,486700
2025-07-25,NWS,33.630001068115234,33.7400016784668,33.400001525878906,33.689998626708984,33.586177825927734,478400
2025-07-25,NWS,33.630001068115234,33.7400016784668,33.400001525878906,33.689998626708984,33.586177825927734,478400
2025-07-28,NWS,33.650001525878906,33.779998779296875,33.560001373291016,33.720001220703125,33.6160888671875,560600
2025-07-28,NWS,33.650001525878906,33.779998779296875,33.560001373291016,33.720001220703125,33.6160888671875,560600
2025-07-29,NWS,33.84000015258789,33.880001068115234,33.5099983215332,33.56999969482422,33.466548919677734,444800
2025-07-29,NWS,33.84000015258789,33.880001068115234,33.5099983215332,33.56999969482422,33.466548919677734,444800
2025-07-30,NWS,33.65999984741211,33.84000015258789,33.40999984741211,33.52000045776367,33.41670227050781,690200
2025-07-30,NWS,33.65999984741211,33.84000015258789,33.40999984741211,33.52000045776367,33.41670227050781,690200
2025-07-31,NWS,33.2400016784668,33.779998779296875,33.2400016784668,33.41999816894531,33.31700897216797,778400
2025-07-31,NWS,33.2400016784668,33.779998779296875,33.2400016784668,33.41999816894531,33.31700897216797,778400
2025-08-01,NWS,33.290000915527344,33.529998779296875,32.38999938964844,33.25,33.14753341674805,577000
2025-08-01,NWS,33.290000915527344,33.529998779296875,32.38999938964844,33.25,33.14753341674805,577000
2025-08-04,NWS,33.25,33.650001525878906,33.25,33.599998474121094,33.49645233154297,581800
2025-08-04,NWS,33.25,33.650001525878906,33.25,33.599998474121094,33.49645233154297,581800
2025-08-05,NWS,33.619998931884766,33.72999954223633,33.380001068115234,33.54999923706055,33.44660949707031,1064200
2025-08-05,NWS,33.619998931884766,33.72999954223633,33.380001068115234,33.54999923706055,33.44660949707031,1064200
2025-08-06,NWS,35.58000183105469,35.58000183105469,33.029998779296875,33.90999984741211,33.80550003051758,1234100
2025-08-06,NWS,35.58000183105469,35.58000183105469,33.029998779296875,33.90999984741211,33.80550003051758,1234100
2025-08-07,NWS,34.43000030517578,34.88999938964844,33.52000045776367,33.540000915527344,33.436641693115234,1404800
2025-08-07,NWS,34.43000030517578,34.88999938964844,33.52000045776367,33.540000915527344,33.436641693115234,1404800
2025-08-08,NWS,33.470001220703125,33.650001525878906,32.93000030517578,32.95000076293945,32.84846115112305,832200
2025-08-08,NWS,33.470001220703125,33.650001525878906,32.93000030517578,32.95000076293945,32.84846115112305,832200
2025-08-11,NWS,33.130001068115234,33.45000076293945,32.689998626708984,32.880001068115234,32.7786750793457,902200
2025-08-11,NWS,33.130001068115234,33.45000076293945,32.689998626708984,32.880001068115234,32.7786750793457,902200
2025-08-12,NWS,32.90999984741211,33.34000015258789,32.90999984741211,33.279998779296875,33.17744064331055,1212500
2025-08-12,NWS,32.90999984741211,33.34000015258789,32.90999984741211,33.279998779296875,33.17744064331055,1212500
2025-08-13,NWS,33.349998474121094,34.06999969482422,33.29999923706055,34.040000915527344,33.93510055541992,1615500
2025-08-13,NWS,33.349998474121094,34.06999969482422,33.29999923706055,34.040000915527344,33.93510055541992,1615500
2025-08-14,NWS,33.91999816894531,34.560001373291016,33.810001373291016,34.400001525878906,34.29399108886719,872200
2025-08-14,NWS,33.91999816894531,34.560001373291016,33.810001373291016,34.400001525878906,34.29399108886719,872200
2025-08-15,NWS,34.59000015258789,34.59000015258789,33.9900016784668,34.029998779296875,33.92512893676758,549200
2025-08-15,NWS,34.59000015258789,34.59000015258789,33.9900016784668,34.029998779296875,33.92512893676758,549200
2025-08-18,NWS,34.18000030517578,34.279998779296875,33.84000015258789,34.22999954223633,34.124515533447266,867300
2025-08-18,NWS,34.18000030517578,34.279998779296875,33.84000015258789,34.22999954223633,34.124515533447266,867300
2025-08-19,NWS,34.29999923706055,34.59000015258789,34.29999923706055,34.56999969482422,34.46346664428711,591700
2025-08-19,NWS,34.29999923706055,34.59000015258789,34.29999923706055,34.56999969482422,34.46346664428711,591700
2025-08-20,NWS,34.470001220703125,34.75,34.119998931884766,34.220001220703125,34.11454772949219,527700
2025-08-20,NWS,34.470001220703125,34.75,34.119998931884766,34.220001220703125,34.11454772949219,527700
2025-08-21,NWS,34.209999084472656,34.52000045776367,34.099998474121094,34.470001220703125,34.36377716064453,394500
2025-08-21,NWS,34.209999084472656,34.52000045776367,34.099998474121094,34.470001220703125,34.36377716064453,394500
2025-08-22,NWS,34.70000076293945,35.2599983215332,34.54999923706055,35.16999816894531,35.061614990234375,559800
2025-08-22,NWS,34.70000076293945,35.2599983215332,34.54999923706055,35.16999816894531,35.061614990234375,559800
2025-08-25,NWS,35.150001525878906,35.2400016784668,34.650001525878906,34.709999084472656,34.60303497314453,617400
2025-08-25,NWS,35.150001525878906,35.2400016784668,34.650001525878906,34.709999084472656,34.60303497314453,617400
2025-08-26,NWS,34.68000030517578,34.68000030517578,34.220001220703125,34.290000915527344,34.184329986572266,488200
2025-08-26,NWS,34.68000030517578,34.68000030517578,34.220001220703125,34.290000915527344,34.184329986572266,488200
2025-08-27,NWS,34.220001220703125,34.4900016784668,34.060001373291016,34.11000061035156,34.0048828125,420100
2025-08-27,NWS,34.220001220703125,34.4900016784668,34.060001373291016,34.11000061035156,34.0048828125,420100
2025-08-28,NWS,34.279998779296875,34.470001220703125,33.88999938964844,34.04999923706055,33.945068359375,501900
2025-08-28,NWS,34.279998779296875,34.470001220703125,33.88999938964844,34.04999923706055,33.945068359375,501900
2025-08-29,NWS,34.0099983215332,34.09000015258789,33.70000076293945,33.869998931884766,33.765621185302734,595800
2025-08-29,NWS,34.0099983215332,34.09000015258789,33.70000076293945,33.869998931884766,33.765621185302734,595800
2025-09-02,NWS,33.529998779296875,33.63999938964844,33.02000045776367,33.209999084472656,33.10765838623047,508100
2025-09-02,NWS,33.529998779296875,33.63999938964844,33.02000045776367,33.209999084472656,33.10765838623047,508100
2025-09-03,NWS,32.97999954223633,33.2400016784668,31.96999931335449,32.88999938964844,32.78864288330078,1494100
2025-09-03,NWS,32.97999954223633,33.2400016784668,31.96999931335449,32.88999938964844,32.78864288330078,1494100
2025-09-04,NWS,33.029998779296875,33.279998779296875,32.849998474121094,33.16999816894531,33.067779541015625,685200
2025-09-04,NWS,33.029998779296875,33.279998779296875,32.849998474121094,33.16999816894531,33.067779541015625,685200
2025-09-05,NWS,33.06999969482422,33.709999084472656,32.66999816894531,33.400001525878906,33.29707336425781,378800
2025-09-05,NWS,33.06999969482422,33.709999084472656,32.66999816894531,33.400001525878906,33.29707336425781,378800
2025-09-08,NWS,33.40999984741211,34.06999969482422,33.119998931884766,33.970001220703125,33.865318298339844,557100
2025-09-08,NWS,33.40999984741211,34.06999969482422,33.119998931884766,33.970001220703125,33.865318298339844,557100
2025-09-09,NWS,32.75,33.0099983215332,32.34000015258789,32.45000076293945,32.349998474121094,9093800
2025-09-09,NWS,32.75,33.0099983215332,32.34000015258789,32.45000076293945,32.349998474121094,9093800
2025-09-10,NWS,32.349998474121094,32.400001525878906,31.559999465942383,31.559999465942383,31.559999465942383,1851700
2025-09-10,NWS,32.349998474121094,32.400001525878906,31.559999465942383,31.559999465942383,31.559999465942383,1851700
2025-09-11,NWS,31.700000762939453,32.369998931884766,31.65999984741211,32.27000045776367,32.27000045776367,3981500
2025-09-11,NWS,31.700000762939453,32.369998931884766,31.65999984741211,32.27000045776367,32.27000045776367,3981500
2025-09-12,NWS,32.209999084472656,32.470001220703125,32.060001373291016,32.27000045776367,32.27000045776367,1197000
2025-09-12,NWS,32.209999084472656,32.470001220703125,32.060001373291016,32.27000045776367,32.27000045776367,1197000
2025-09-15,NWS,32.45000076293945,32.880001068115234,32.310001373291016,32.849998474121094,32.849998474121094,2043900
2025-09-15,NWS,32.45000076293945,32.880001068115234,32.310001373291016,32.849998474121094,32.849998474121094,2043900
2025-09-16,NWS,32.790000915527344,32.97999954223633,32.5,32.79999923706055,32.79999923706055,1975000
2025-09-16,NWS,32.790000915527344,32.97999954223633,32.5,32.79999923706055,32.79999923706055,1975000
2025-09-17,NWS,32.790000915527344,33.380001068115234,32.599998474121094,33.150001525878906,33.150001525878906,2510500
2025-09-17,NWS,32.790000915527344,33.380001068115234,32.599998474121094,33.150001525878906,33.150001525878906,2510500
2025-09-18,NWS,33.459999084472656,33.81999969482422,33.22999954223633,33.560001373291016,33.560001373291016,1369300
2025-09-18,NWS,33.459999084472656,33.81999969482422,33.22999954223633,33.560001373291016,33.560001373291016,1369300
2025-09-19,NWS,33.709999084472656,34.15999984741211,33.529998779296875,33.91999816894531,33.91999816894531,3124500
2025-09-19,NWS,33.709999084472656,34.15999984741211,33.529998779296875,33.91999816894531,33.91999816894531,3124500
2025-09-22,NWS,33.939998626708984,34.25,33.75,34.150001525878906,34.150001525878906,1070200
2025-09-22,NWS,33.939998626708984,34.25,33.75,34.150001525878906,34.150001525878906,1070200
2025-09-23,NWS,34.20000076293945,34.369998931884766,33.70000076293945,33.7599983215332,33.7599983215332,916900
2025-09-23,NWS,34.20000076293945,34.369998931884766,33.70000076293945,33.7599983215332,33.7599983215332,916900
2025-09-24,NWS,33.81999969482422,34.0,33.5099983215332,33.59000015258789,33.59000015258789,960700
2025-09-24,NWS,33.81999969482422,34.0,33.5099983215332,33.59000015258789,33.59000015258789,960700
2025-09-25,NWS,33.439998626708984,33.779998779296875,33.290000915527344,33.40999984741211,33.40999984741211,824200
2025-09-25,NWS,33.439998626708984,33.779998779296875,33.290000915527344,33.40999984741211,33.40999984741211,824200
2025-09-26,NWS,33.560001373291016,33.849998474121094,33.36000061035156,33.630001068115234,33.630001068115234,2690300
2025-09-26,NWS,33.560001373291016,33.849998474121094,33.36000061035156,33.630001068115234,33.630001068115234,2690300
2025-09-29,NWS,33.75,34.540000915527344,33.619998931884766,34.459999084472656,34.459999084472656,1385800
2025-09-29,NWS,33.75,34.540000915527344,33.619998931884766,34.459999084472656,34.459999084472656,1385800
2025-09-30,NWS,34.4900016784668,35.209999084472656,34.470001220703125,34.54999923706055,34.54999923706055,4658800
2025-09-30,NWS,34.4900016784668,35.209999084472656,34.470001220703125,34.54999923706055,34.54999923706055,4658800
2025-10-01,NWS,34.33000183105469,34.33000183105469,32.400001525878906,32.459999084472656,32.459999084472656,2360300
2025-10-01,NWS,34.33000183105469,34.33000183105469,32.400001525878906,32.459999084472656,32.459999084472656,2360300
2025-10-02,NWS,32.5,32.70000076293945,32.25,32.279998779296875,32.279998779296875,1552600
2025-10-02,NWS,32.5,32.70000076293945,32.25,32.279998779296875,32.279998779296875,1552600
2025-10-03,NWS,32.52000045776367,32.66999816894531,32.040000915527344,32.09000015258789,32.09000015258789,1037100
2025-10-03,NWS,32.52000045776367,32.66999816894531,32.040000915527344,32.09000015258789,32.09000015258789,1037100
2025-10-06,NWS,32.189998626708984,32.310001373291016,31.31999969482422,31.809999465942383,31.809999465942383,1211200
2025-10-06,NWS,32.189998626708984,32.310001373291016,31.31999969482422,31.809999465942383,31.809999465942383,1211200
2025-10-07,NWS,31.6200008392334,31.729999542236328,30.86000061035156,30.88999938964844,30.88999938964844,1084600
2025-10-07,NWS,31.6200008392334,31.729999542236328,30.86000061035156,30.88999938964844,30.88999938964844,1084600
2025-10-08,NWS,30.780000686645508,30.86000061035156,30.38999938964844,30.5,30.5,864600
2025-10-08,NWS,30.780000686645508,30.86000061035156,30.38999938964844,30.5,30.5,864600
2025-10-09,NWS,30.420000076293945,30.65999984741211,29.6299991607666,29.709999084472656,29.709999084472656,907800
2025-10-09,NWS,30.420000076293945,30.65999984741211,29.6299991607666,29.709999084472656,29.709999084472656,907800
2025-10-10,NWS,29.81999969482422,30.690000534057617,29.26000022888184,29.280000686645508,29.280000686645508,916500
2025-10-10,NWS,29.81999969482422,30.690000534057617,29.26000022888184,29.280000686645508,29.280000686645508,916500
2025-10-13,NWS,29.40999984741211,29.57999992370605,29.25,29.549999237060547,29.549999237060547,805700
2025-10-13,NWS,29.40999984741211,29.57999992370605,29.25,29.549999237060547,29.549999237060547,805700
2025-10-14,NWS,29.549999237060547,29.950000762939453,29.5,29.950000762939453,29.950000762939453,685100
2025-10-14,NWS,29.549999237060547,29.950000762939453,29.5,29.950000762939453,29.950000762939453,685100
2025-10-15,NWS,29.950000762939453,30.32999992370605,29.790000915527344,29.920000076293945,29.920000076293945,758700
2025-10-15,NWS,29.950000762939453,30.32999992370605,29.790000915527344,29.920000076293945,29.920000076293945,758700
2025-10-16,NWS,29.920000076293945,30.18000030517578,29.34000015258789,29.479999542236328,29.479999542236328,773000
2025-10-16,NWS,29.920000076293945,30.18000030517578,29.34000015258789,29.479999542236328,29.479999542236328,773000
2025-10-17,NWS,29.600000381469727,29.71999931335449,29.32999992370605,29.530000686645508,29.530000686645508,605600
2025-10-17,NWS,29.600000381469727,29.71999931335449,29.32999992370605,29.530000686645508,29.530000686645508,605600
2025-10-20,NWS,29.850000381469727,30.049999237060547,29.63999938964844,29.940000534057617,29.940000534057617,482800
2025-10-20,NWS,29.850000381469727,30.049999237060547,29.63999938964844,29.940000534057617,29.940000534057617,482800
2025-10-21,NWS,29.899999618530277,30.25,29.8700008392334,30.0,30.0,478700
2025-10-21,NWS,29.899999618530277,30.25,29.8700008392334,30.0,30.0,478700
2025-10-22,NWS,30.030000686645508,30.26000022888184,29.81999969482422,29.86000061035156,29.86000061035156,502600
2025-10-22,NWS,30.030000686645508,30.26000022888184,29.81999969482422,29.86000061035156,29.86000061035156,502600
2025-10-23,NWS,29.770000457763672,30.270000457763672,29.770000457763672,30.13999938964844,30.13999938964844,533900
2025-10-23,NWS,29.770000457763672,30.270000457763672,29.770000457763672,30.13999938964844,30.13999938964844,533900
2025-10-24,NWS,30.270000457763672,30.38999938964844,30.13999938964844,30.149999618530277,30.149999618530277,591400
2025-10-24,NWS,30.270000457763672,30.38999938964844,30.13999938964844,30.149999618530277,30.149999618530277,591400
2025-10-27,NWS,30.850000381469727,31.020000457763672,30.51000022888184,30.959999084472656,30.959999084472656,1695900
2025-10-27,NWS,30.850000381469727,31.020000457763672,30.51000022888184,30.959999084472656,30.959999084472656,1695900
2025-10-28,NWS,31.040000915527344,31.459999084472656,30.989999771118164,31.170000076293945,31.170000076293945,1847600
2025-10-28,NWS,31.040000915527344,31.459999084472656,30.989999771118164,31.170000076293945,31.170000076293945,1847600
2025-10-29,NWS,31.020000457763672,31.030000686645508,30.190000534057617,30.270000457763672,30.270000457763672,780900
2025-10-29,NWS,31.020000457763672,31.030000686645508,30.190000534057617,30.270000457763672,30.270000457763672,780900
2025-10-30,NWS,30.200000762939453,30.63999938964844,29.93000030517578,30.51000022888184,30.51000022888184,679500
2025-10-30,NWS,30.200000762939453,30.63999938964844,29.93000030517578,30.51000022888184,30.51000022888184,679500
2025-10-31,NWS,30.420000076293945,31.280000686645508,30.149999618530277,30.46999931335449,30.46999931335449,1570400
2025-10-31,NWS,30.420000076293945,31.280000686645508,30.149999618530277,30.46999931335449,30.46999931335449,1570400
2025-11-03,NWS,30.489999771118164,30.549999237060547,29.8799991607666,30.059999465942383,30.059999465942383,925100
2025-11-03,NWS,30.489999771118164,30.549999237060547,29.8799991607666,30.059999465942383,30.059999465942383,925100
2025-11-04,NWS,30.07999992370605,30.280000686645508,29.059999465942383,29.06999969482422,29.06999969482422,1945600
2025-11-04,NWS,30.07999992370605,30.280000686645508,29.059999465942383,29.06999969482422,29.06999969482422,1945600
2025-11-05,NWS,29.1299991607666,29.440000534057617,28.959999084472656,29.200000762939453,29.200000762939453,895800
2025-11-05,NWS,29.1299991607666,29.440000534057617,28.959999084472656,29.200000762939453,29.200000762939453,895800
2025-11-06,NWS,29.1299991607666,29.57999992370605,28.43000030517578,28.479999542236328,28.479999542236328,760500
2025-11-06,NWS,29.1299991607666,29.57999992370605,28.43000030517578,28.479999542236328,28.479999542236328,760500
2025-11-07,NWS,29.950000762939453,30.350000381469727,28.520000457763672,30.290000915527344,30.290000915527344,855600
2025-11-07,NWS,29.950000762939453,30.350000381469727,28.520000457763672,30.290000915527344,30.290000915527344,855600
2025-11-10,NWS,30.290000915527344,30.46999931335449,30.020000457763672,30.31999969482422,30.31999969482422,1025200
2025-11-10,NWS,30.290000915527344,30.46999931335449,30.020000457763672,30.31999969482422,30.31999969482422,1025200
2025-11-11,NWS,30.36000061035156,30.489999771118164,30.020000457763672,30.21999931335449,30.21999931335449,690600
2025-11-11,NWS,30.36000061035156,30.489999771118164,30.020000457763672,30.21999931335449,30.21999931335449,690600
2025-11-12,NWS,30.13999938964844,30.32999992370605,29.8700008392334,30.32999992370605,30.32999992370605,1088900
2025-11-12,NWS,30.13999938964844,30.32999992370605,29.8700008392334,30.32999992370605,30.32999992370605,1088900
2025-11-13,NWS,30.18000030517578,30.280000686645508,29.649999618530277,29.68000030517578,29.68000030517578,625900
2025-11-13,NWS,30.18000030517578,30.280000686645508,29.649999618530277,29.68000030517578,29.68000030517578,625900
2025-11-14,NWS,29.68000030517578,29.709999084472656,29.270000457763672,29.559999465942383,29.559999465942383,532700
2025-11-14,NWS,29.68000030517578,29.709999084472656,29.270000457763672,29.559999465942383,29.559999465942383,532700
2025-11-17,NWS,29.40999984741211,29.43000030517578,28.729999542236328,28.920000076293945,28.920000076293945,670400
2025-11-17,NWS,29.40999984741211,29.43000030517578,28.729999542236328,28.920000076293945,28.920000076293945,670400
2025-11-18,NWS,29.020000457763672,29.020000457763672,28.61000061035156,28.790000915527344,28.790000915527344,790300
2025-11-18,NWS,29.020000457763672,29.020000457763672,28.61000061035156,28.790000915527344,28.790000915527344,790300
2025-11-19,NWS,28.71999931335449,28.739999771118164,28.350000381469727,28.36000061035156,28.36000061035156,670900
2025-11-19,NWS,28.71999931335449,28.739999771118164,28.350000381469727,28.36000061035156,28.36000061035156,670900
2025-11-20,NWS,28.61000061035156,28.780000686645508,27.920000076293945,27.979999542236328,27.979999542236328,755900
2025-11-20,NWS,28.61000061035156,28.780000686645508,27.920000076293945,27.979999542236328,27.979999542236328,755900
2025-11-21,NWS,28.100000381469727,29.100000381469727,28.100000381469727,29.0,29.0,767900
2025-11-21,NWS,28.100000381469727,29.100000381469727,28.100000381469727,29.0,29.0,767900
2025-11-24,NWS,29.0,29.15999984741211,28.6200008392334,28.86000061035156,28.86000061035156,910100
2025-11-24,NWS,29.0,29.15999984741211,28.6200008392334,28.86000061035156,28.86000061035156,910100
2025-11-25,NWS,29.020000457763672,29.239999771118164,28.51000022888184,29.059999465942383,29.059999465942383,642200
2025-11-25,NWS,29.020000457763672,29.239999771118164,28.51000022888184,29.059999465942383,29.059999465942383,642200
2025-11-26,NWS,29.13999938964844,29.3799991607666,28.989999771118164,29.31999969482422,29.31999969482422,640000
2025-11-26,NWS,29.13999938964844,29.3799991607666,28.989999771118164,29.31999969482422,29.31999969482422,640000
2025-11-28,NWS,29.32999992370605,29.549999237060547,29.239999771118164,29.43000030517578,29.43000030517578,776100
2025-11-28,NWS,29.32999992370605,29.549999237060547,29.239999771118164,29.43000030517578,29.43000030517578,776100
2025-12-01,NWS,29.3799991607666,29.59000015258789,28.950000762939453,28.979999542236328,28.979999542236328,574300
2025-12-01,NWS,29.3799991607666,29.59000015258789,28.950000762939453,28.979999542236328,28.979999542236328,574300
2025-12-02,NWS,29.020000457763672,29.030000686645508,28.690000534057617,28.96999931335449,28.96999931335449,881600
2025-12-02,NWS,29.020000457763672,29.030000686645508,28.690000534057617,28.96999931335449,28.96999931335449,881600
2025-12-03,NWS,29.149999618530277,29.149999618530277,28.850000381469727,29.01000022888184,29.01000022888184,671700
2025-12-03,NWS,29.149999618530277,29.149999618530277,28.850000381469727,29.01000022888184,29.01000022888184,671700
2025-12-04,NWS,28.979999542236328,29.32999992370605,28.979999542236328,29.1299991607666,29.1299991607666,695200
2025-12-04,NWS,28.979999542236328,29.32999992370605,28.979999542236328,29.1299991607666,29.1299991607666,695200
2025-12-05,NWS,28.950000762939453,29.76000022888184,28.90999984741211,29.59000015258789,29.59000015258789,824400
2025-12-05,NWS,28.950000762939453,29.76000022888184,28.90999984741211,29.59000015258789,29.59000015258789,824400
2025-12-08,NWS,29.790000915527344,30.0,29.059999465942383,29.31999969482422,29.31999969482422,645600
2025-12-08,NWS,29.790000915527344,30.0,29.059999465942383,29.31999969482422,29.31999969482422,645600
2025-12-09,NWS,29.309999465942383,29.51000022888184,29.1200008392334,29.440000534057617,29.440000534057617,526100
2025-12-09,NWS,29.309999465942383,29.51000022888184,29.1200008392334,29.440000534057617,29.440000534057617,526100
2025-12-10,NWS,29.3700008392334,29.649999618530277,29.299999237060547,29.520000457763672,29.520000457763672,1276800
2025-12-10,NWS,29.3700008392334,29.649999618530277,29.299999237060547,29.520000457763672,29.520000457763672,1276800
2025-12-11,NWS,29.6200008392334,30.040000915527344,29.3700008392334,29.559999465942383,29.559999465942383,760800
2025-12-11,NWS,29.6200008392334,30.040000915527344,29.3700008392334,29.559999465942383,29.559999465942383,760800
2025-12-12,NWS,29.649999618530277,29.96999931335449,29.6299991607666,29.65999984741211,29.65999984741211,723600
2025-12-12,NWS,29.649999618530277,29.96999931335449,29.6299991607666,29.65999984741211,29.65999984741211,723600
2025-12-15,NWS,30.030000686645508,30.030000686645508,29.25,29.270000457763672,29.270000457763672,1777000
2025-12-15,NWS,30.030000686645508,30.030000686645508,29.25,29.270000457763672,29.270000457763672,1777000
2025-12-16,NWS,29.31999969482422,29.530000686645508,29.13999938964844,29.479999542236328,29.479999542236328,1301200
2025-12-16,NWS,29.31999969482422,29.530000686645508,29.13999938964844,29.479999542236328,29.479999542236328,1301200
2025-12-17,NWS,29.43000030517578,29.86000061035156,29.26000022888184,29.61000061035156,29.61000061035156,1005100
2025-12-17,NWS,29.43000030517578,29.86000061035156,29.26000022888184,29.61000061035156,29.61000061035156,1005100
2025-12-18,NWS,29.71999931335449,29.899999618530277,29.5,29.770000457763672,29.770000457763672,1167200
2025-12-18,NWS,29.71999931335449,29.899999618530277,29.5,29.770000457763672,29.770000457763672,1167200
2025-12-19,NWS,29.93000030517578,30.170000076293945,29.479999542236328,29.790000915527344,29.790000915527344,4740500
2025-12-19,NWS,29.93000030517578,30.170000076293945,29.479999542236328,29.790000915527344,29.790000915527344,4740500
2025-12-22,NWS,29.84000015258789,30.270000457763672,29.84000015258789,29.88999938964844,29.88999938964844,708500
2025-12-22,NWS,29.84000015258789,30.270000457763672,29.84000015258789,29.88999938964844,29.88999938964844,708500
2025-12-23,NWS,29.90999984741211,30.07999992370605,29.8799991607666,30.0,30.0,393400
2025-12-23,NWS,29.90999984741211,30.07999992370605,29.8799991607666,30.0,30.0,393400
2025-12-24,NWS,30.100000381469727,30.18000030517578,29.809999465942383,30.01000022888184,30.01000022888184,404200
2025-12-24,NWS,30.100000381469727,30.18000030517578,29.809999465942383,30.01000022888184,30.01000022888184,404200
2025-12-26,NWS,29.8700008392334,30.11000061035156,29.809999465942383,29.8700008392334,29.8700008392334,314900
2025-12-26,NWS,29.8700008392334,30.11000061035156,29.809999465942383,29.8700008392334,29.8700008392334,314900
2025-12-29,NWS,30.11000061035156,30.239999771118164,29.75,29.799999237060547,29.799999237060547,577700
2025-12-29,NWS,30.11000061035156,30.239999771118164,29.75,29.799999237060547,29.799999237060547,577700
2025-12-30,NWS,29.799999237060547,30.1200008392334,29.729999542236328,29.920000076293945,29.920000076293945,463100
2025-12-30,NWS,29.799999237060547,30.1200008392334,29.729999542236328,29.920000076293945,29.920000076293945,463100
2025-12-31,NWS,30.059999465942383,30.059999465942383,29.56999969482422,29.6299991607666,29.6299991607666,618700
2025-12-31,NWS,30.059999465942383,30.059999465942383,29.56999969482422,29.6299991607666,29.6299991607666,618700
2026-01-02,NWS,29.63999938964844,29.989999771118164,29.290000915527344,29.770000457763672,29.770000457763672,589500
2026-01-02,NWS,29.63999938964844,29.989999771118164,29.290000915527344,29.770000457763672,29.770000457763672,589500
2026-01-05,NWS,29.700000762939453,30.290000915527344,29.56999969482422,29.899999618530277,29.899999618530277,800700
2026-01-05,NWS,29.700000762939453,30.290000915527344,29.56999969482422,29.899999618530277,29.899999618530277,800700
2026-01-06,NWS,29.780000686645508,30.1299991607666,29.700000762939453,30.100000381469727,30.100000381469727,729300
2026-01-06,NWS,29.780000686645508,30.1299991607666,29.700000762939453,30.100000381469727,30.100000381469727,729300
2026-01-07,NWS,30.1299991607666,30.3700008392334,29.979999542236328,30.149999618530277,30.149999618530277,691900
2026-01-07,NWS,30.1299991607666,30.3700008392334,29.979999542236328,30.149999618530277,30.149999618530277,691900
2026-01-08,NWS,30.059999465942383,30.540000915527344,30.01000022888184,30.26000022888184,30.26000022888184,1065000
2026-01-08,NWS,30.059999465942383,30.540000915527344,30.01000022888184,30.26000022888184,30.26000022888184,1065000
2026-01-09,NWS,30.25,30.3799991607666,30.040000915527344,30.200000762939453,30.200000762939453,561500
2026-01-09,NWS,30.25,30.3799991607666,30.040000915527344,30.200000762939453,30.200000762939453,561500
2026-01-12,NWS,30.149999618530277,30.559999465942383,30.149999618530277,30.5,30.5,904900
2026-01-12,NWS,30.149999618530277,30.559999465942383,30.149999618530277,30.5,30.5,904900
2026-01-13,NWS,30.5,30.649999618530277,30.229999542236328,30.61000061035156,30.61000061035156,771000
2026-01-13,NWS,30.5,30.649999618530277,30.229999542236328,30.61000061035156,30.61000061035156,771000
2026-01-14,NWS,30.75,30.799999237060547,30.46999931335449,30.690000534057617,30.690000534057617,968200
2026-01-14,NWS,30.75,30.799999237060547,30.46999931335449,30.690000534057617,30.690000534057617,968200
2026-01-15,NWS,30.920000076293945,30.979999542236328,30.61000061035156,30.700000762939453,30.700000762939453,1160200
2026-01-15,NWS,30.920000076293945,30.979999542236328,30.61000061035156,30.700000762939453,30.700000762939453,1160200
2026-01-16,NWS,30.709999084472656,30.8700008392334,30.13999938964844,30.290000915527344,30.290000915527344,1647700
2026-01-16,NWS,30.709999084472656,30.8700008392334,30.13999938964844,30.290000915527344,30.290000915527344,1647700
2026-01-20,NWS,30.100000381469727,30.51000022888184,29.979999542236328,30.09000015258789,30.09000015258789,1409200
2026-01-20,NWS,30.100000381469727,30.51000022888184,29.979999542236328,30.09000015258789,30.09000015258789,1409200
2026-01-21,NWS,30.63999938964844,30.63999938964844,30.149999618530277,30.25,30.25,1284200
2026-01-21,NWS,30.63999938964844,30.63999938964844,30.149999618530277,30.25,30.25,1284200
2026-01-22,NWS,30.3799991607666,30.989999771118164,30.350000381469727,30.950000762939453,30.950000762939453,652200
2026-01-22,NWS,30.3799991607666,30.989999771118164,30.350000381469727,30.950000762939453,30.950000762939453,652200
2026-01-23,NWS,30.950000762939453,31.170000076293945,30.93000030517578,31.100000381469727,31.100000381469727,1155700
2026-01-23,NWS,30.950000762939453,31.170000076293945,30.93000030517578,31.100000381469727,31.100000381469727,1155700
2026-01-26,NWS,30.989999771118164,31.209999084472656,30.86000061035156,31.01000022888184,31.01000022888184,565900
2026-01-26,NWS,30.989999771118164,31.209999084472656,30.86000061035156,31.01000022888184,31.01000022888184,565900
2026-01-27,NWS,30.96999931335449,31.030000686645508,30.790000915527344,30.84000015258789,30.84000015258789,902300
2026-01-27,NWS,30.96999931335449,31.030000686645508,30.790000915527344,30.84000015258789,30.84000015258789,902300
2026-01-28,NWS,30.8700008392334,31.09000015258789,30.549999237060547,30.61000061035156,30.61000061035156,985700
2026-01-28,NWS,30.8700008392334,31.09000015258789,30.549999237060547,30.61000061035156,30.61000061035156,985700
2026-01-29,NWS,30.76000022888184,30.81999969482422,30.280000686645508,30.61000061035156,30.61000061035156,2107600
2026-01-29,NWS,30.76000022888184,30.81999969482422,30.280000686645508,30.61000061035156,30.61000061035156,2107600
2026-01-30,NWS,30.59000015258789,31.11000061035156,30.51000022888184,31.100000381469727,31.100000381469727,1181900
2026-01-30,NWS,30.59000015258789,31.11000061035156,30.51000022888184,31.100000381469727,31.100000381469727,1181900
2026-02-02,NWS,31.399999618530277,31.399999618530277,30.649999618530277,30.8799991607666,30.8799991607666,1862200
2026-02-02,NWS,31.399999618530277,31.399999618530277,30.649999618530277,30.8799991607666,30.8799991607666,1862200
2026-02-03,NWS,30.8799991607666,30.8799991607666,28.690000534057617,28.84000015258789,28.84000015258789,1547800
2026-02-03,NWS,30.8799991607666,30.8799991607666,28.690000534057617,28.84000015258789,28.84000015258789,1547800
2026-02-04,NWS,28.51000022888184,28.770000457763672,28.0,28.09000015258789,28.09000015258789,3273900
2026-02-04,NWS,28.51000022888184,28.770000457763672,28.0,28.09000015258789,28.09000015258789,3273900
2026-02-05,NWS,27.799999237060547,28.270000457763672,26.88999938964844,27.38999938964844,27.38999938964844,3424500
2026-02-05,NWS,27.799999237060547,28.270000457763672,26.88999938964844,27.38999938964844,27.38999938964844,3424500
2026-02-06,NWS,26.71999931335449,27.1200008392334,25.56999969482422,25.649999618530277,25.649999618530277,3715800
2026-02-06,NWS,26.71999931335449,27.1200008392334,25.56999969482422,25.649999618530277,25.649999618530277,3715800
2026-02-09,NWS,25.81999969482422,26.43000030517578,25.56999969482422,26.270000457763672,26.270000457763672,1931400
2026-02-09,NWS,25.81999969482422,26.43000030517578,25.56999969482422,26.270000457763672,26.270000457763672,1931400
2026-02-10,NWS,26.549999237060547,27.3799991607666,26.520000457763672,27.200000762939453,27.200000762939453,1486100
2026-02-10,NWS,26.549999237060547,27.3799991607666,26.520000457763672,27.200000762939453,27.200000762939453,1486100
2026-02-11,NWS,27.290000915527344,27.40999984741211,26.600000381469727,26.76000022888184,26.76000022888184,1337700
2026-02-11,NWS,27.290000915527344,27.40999984741211,26.600000381469727,26.76000022888184,26.76000022888184,1337700
2026-02-12,NWS,26.81999969482422,27.01000022888184,25.51000022888184,25.65999984741211,25.65999984741211,1330400
2026-02-12,NWS,26.81999969482422,27.01000022888184,25.51000022888184,25.65999984741211,25.65999984741211,1330400
2026-02-13,NWS,25.81999969482422,26.049999237060547,25.489999771118164,26.0,26.0,1194700
2026-02-13,NWS,25.81999969482422,26.049999237060547,25.489999771118164,26.0,26.0,1194700
2026-02-17,NWS,26.200000762939453,26.5,25.959999084472656,26.31999969482422,26.31999969482422,1540800
2026-02-17,NWS,26.200000762939453,26.5,25.959999084472656,26.31999969482422,26.31999969482422,1540800
2026-02-18,NWS,26.450000762939453,26.559999465942383,26.07999992370605,26.280000686645508,26.280000686645508,1460100
2026-02-18,NWS,26.450000762939453,26.559999465942383,26.07999992370605,26.280000686645508,26.280000686645508,1460100
2026-02-19,NWS,26.200000762939453,26.3700008392334,25.979999542236328,26.190000534057617,26.190000534057617,1494400
2026-02-19,NWS,26.200000762939453,26.3700008392334,25.979999542236328,26.190000534057617,26.190000534057617,1494400
2026-02-20,NWS,26.100000381469727,26.739999771118164,25.950000762939453,26.549999237060547,26.549999237060547,1091900
2026-02-20,NWS,26.100000381469727,26.739999771118164,25.950000762939453,26.549999237060547,26.549999237060547,1091900
2026-02-23,NWS,26.13999938964844,26.34000015258789,25.739999771118164,25.84000015258789,25.84000015258789,1279000
2026-02-23,NWS,26.13999938964844,26.34000015258789,25.739999771118164,25.84000015258789,25.84000015258789,1279000
2026-02-24,NWS,25.75,26.34000015258789,25.600000381469727,26.040000915527344,26.040000915527344,1018100
2026-02-24,NWS,25.75,26.34000015258789,25.600000381469727,26.040000915527344,26.040000915527344,1018100
2026-02-25,NWS,26.1299991607666,26.3700008392334,25.82999992370605,26.26000022888184,26.26000022888184,1617700
2026-02-25,NWS,26.1299991607666,26.3700008392334,25.82999992370605,26.26000022888184,26.26000022888184,1617700
2026-02-26,NWS,26.290000915527344,27.1299991607666,26.290000915527344,26.940000534057617,26.940000534057617,1351000
2026-02-26,NWS,26.290000915527344,27.1299991607666,26.290000915527344,26.940000534057617,26.940000534057617,1351000
2026-02-19,NWS,26.200000762939453,26.3700008392334,25.979999542236328,26.190000534057617,26.190000534057617,1494400
2026-02-20,NWS,26.100000381469727,26.739999771118164,25.950000762939453,26.549999237060547,26.549999237060547,1091900
2026-02-23,NWS,26.139999389648438,26.34000015258789,25.739999771118164,25.84000015258789,25.84000015258789,1279000
2026-02-24,NWS,25.75,26.34000015258789,25.600000381469727,26.040000915527344,26.040000915527344,1018100
2026-02-25,NWS,26.1299991607666,26.3700008392334,25.829999923706055,26.260000228881836,26.260000228881836,1617700
2026-02-26,NWS,26.290000915527344,27.1299991607666,26.290000915527344,26.940000534057617,26.940000534057617,1351000
2026-02-19,NWS,26.200000762939453,26.3700008392334,25.979999542236328,26.190000534057617,26.190000534057617,1494400
2026-02-20,NWS,26.100000381469727,26.739999771118164,25.950000762939453,26.549999237060547,26.549999237060547,1091900
2026-02-23,NWS,26.139999389648438,26.34000015258789,25.739999771118164,25.84000015258789,25.84000015258789,1279000
2026-02-24,NWS,25.75,26.34000015258789,25.600000381469727,26.040000915527344,26.040000915527344,1018100
2026-02-25,NWS,26.1299991607666,26.3700008392334,25.829999923706055,26.260000228881836,26.260000228881836,1617700
2026-02-26,NWS,26.290000915527344,27.1299991607666,26.290000915527344,26.940000534057617,26.940000534057617,1351000
