Date,Ticker,Open,High,Low,Close,Adj Close,Volume
2013-06-19,NWSA,15.279999732971191,16.25,15.199999809265137,15.800000190734863,13.875349044799805,31981500
2013-06-19,NWSA,15.279999732971191,16.25,15.199999809265137,15.800000190734863,13.875349044799805,31981500
2013-06-20,NWSA,16.3700008392334,16.3700008392334,15.25,15.300000190734863,13.436256408691406,9274200
2013-06-20,NWSA,16.3700008392334,16.3700008392334,15.25,15.300000190734863,13.436256408691406,9274200
2013-06-21,NWSA,15.699999809265137,15.800000190734863,15.399999618530272,15.619999885559082,13.717277526855469,8323500
2013-06-21,NWSA,15.699999809265137,15.800000190734863,15.399999618530272,15.619999885559082,13.717277526855469,8323500
2013-06-24,NWSA,15.640000343322754,15.84000015258789,15.199999809265137,15.529999732971191,13.63823699951172,4279700
2013-06-24,NWSA,15.640000343322754,15.84000015258789,15.199999809265137,15.529999732971191,13.63823699951172,4279700
2013-06-25,NWSA,15.550000190734863,15.739999771118164,15.350000381469728,15.720000267028809,13.805093765258787,3577300
2013-06-25,NWSA,15.550000190734863,15.739999771118164,15.350000381469728,15.720000267028809,13.805093765258787,3577300
2013-06-26,NWSA,15.6899995803833,15.6899995803833,15.18000030517578,15.399999618530272,13.524073600769045,14755100
2013-06-26,NWSA,15.6899995803833,15.6899995803833,15.18000030517578,15.399999618530272,13.524073600769045,14755100
2013-06-27,NWSA,15.34000015258789,15.869999885559082,14.850000381469728,15.5,13.611894607543944,12121700
2013-06-27,NWSA,15.34000015258789,15.869999885559082,14.850000381469728,15.5,13.611894607543944,12121700
2013-06-28,NWSA,15.5,15.770000457763672,15.25,15.25,13.39234447479248,16988100
2013-06-28,NWSA,15.5,15.770000457763672,15.25,15.25,13.39234447479248,16988100
2013-07-01,NWSA,14.789999961853027,15.59000015258789,14.75,14.789999961853027,12.98837947845459,25839400
2013-07-01,NWSA,14.789999961853027,15.59000015258789,14.75,14.789999961853027,12.98837947845459,25839400
2013-07-02,NWSA,14.6899995803833,15.119999885559082,14.6899995803833,15.0,13.17280101776123,30520100
2013-07-02,NWSA,14.6899995803833,15.119999885559082,14.6899995803833,15.0,13.17280101776123,30520100
2013-07-03,NWSA,14.949999809265137,15.09000015258789,14.729999542236328,14.869999885559082,13.058634757995604,8542600
2013-07-03,NWSA,14.949999809265137,15.09000015258789,14.729999542236328,14.869999885559082,13.058634757995604,8542600
2013-07-05,NWSA,14.949999809265137,15.949999809265137,14.890000343322754,15.65999984741211,13.752403259277344,12427000
2013-07-05,NWSA,14.949999809265137,15.949999809265137,14.890000343322754,15.65999984741211,13.752403259277344,12427000
2013-07-08,NWSA,15.630000114440918,16.040000915527344,15.5,15.960000038146973,14.015859603881836,15345100
2013-07-08,NWSA,15.630000114440918,16.040000915527344,15.5,15.960000038146973,14.015859603881836,15345100
2013-07-09,NWSA,15.789999961853027,15.970000267028809,15.5,15.710000038146973,13.796311378479004,9936400
2013-07-09,NWSA,15.789999961853027,15.970000267028809,15.5,15.710000038146973,13.796311378479004,9936400
2013-07-10,NWSA,15.5,15.56999969482422,15.149999618530272,15.390000343322754,13.515291213989258,16327000
2013-07-10,NWSA,15.5,15.56999969482422,15.149999618530272,15.390000343322754,13.515291213989258,16327000
2013-07-11,NWSA,15.600000381469728,15.600000381469728,14.960000038146973,15.130000114440918,13.286962509155272,17029600
2013-07-11,NWSA,15.600000381469728,15.600000381469728,14.960000038146973,15.130000114440918,13.286962509155272,17029600
2013-07-12,NWSA,15.06999969482422,15.119999885559082,14.899999618530272,14.93000030517578,13.111326217651367,10426300
2013-07-12,NWSA,15.06999969482422,15.119999885559082,14.899999618530272,14.93000030517578,13.111326217651367,10426300
2013-07-15,NWSA,14.93000030517578,15.029999732971191,14.390000343322754,14.670000076293944,12.882997512817385,20636400
2013-07-15,NWSA,14.93000030517578,15.029999732971191,14.390000343322754,14.670000076293944,12.882997512817385,20636400
2013-07-16,NWSA,14.56999969482422,15.34000015258789,14.56999969482422,15.279999732971191,13.418691635131836,9328500
2013-07-16,NWSA,14.56999969482422,15.34000015258789,14.56999969482422,15.279999732971191,13.418691635131836,9328500
2013-07-17,NWSA,15.359999656677246,15.960000038146973,15.289999961853027,15.890000343322754,13.954385757446287,13411100
2013-07-17,NWSA,15.359999656677246,15.960000038146973,15.289999961853027,15.890000343322754,13.954385757446287,13411100
2013-07-18,NWSA,15.9399995803833,16.100000381469727,15.329999923706056,15.470000267028809,13.585546493530272,10825700
2013-07-18,NWSA,15.9399995803833,16.100000381469727,15.329999923706056,15.470000267028809,13.585546493530272,10825700
2013-07-19,NWSA,15.350000381469728,16.079999923706055,15.260000228881836,15.970000267028809,14.02464199066162,11658700
2013-07-19,NWSA,15.350000381469728,16.079999923706055,15.260000228881836,15.970000267028809,14.02464199066162,11658700
2013-07-22,NWSA,16.09000015258789,16.1299991607666,15.609999656677246,15.729999542236328,13.81387424468994,6141600
2013-07-22,NWSA,16.09000015258789,16.1299991607666,15.609999656677246,15.729999542236328,13.81387424468994,6141600
2013-07-23,NWSA,15.6899995803833,15.869999885559082,15.539999961853027,15.649999618530272,13.74362087249756,9298400
2013-07-23,NWSA,15.6899995803833,15.869999885559082,15.539999961853027,15.649999618530272,13.74362087249756,9298400
2013-07-24,NWSA,15.649999618530272,15.890000343322754,15.420000076293944,15.710000038146973,13.796311378479004,6205200
2013-07-24,NWSA,15.649999618530272,15.890000343322754,15.420000076293944,15.710000038146973,13.796311378479004,6205200
2013-07-25,NWSA,15.65999984741211,15.869999885559082,15.449999809265137,15.56999969482422,13.673364639282228,7069700
2013-07-25,NWSA,15.65999984741211,15.869999885559082,15.449999809265137,15.56999969482422,13.673364639282228,7069700
2013-07-26,NWSA,15.539999961853027,15.970000267028809,15.3100004196167,15.890000343322754,13.954385757446287,5884800
2013-07-26,NWSA,15.539999961853027,15.970000267028809,15.3100004196167,15.890000343322754,13.954385757446287,5884800
2013-07-29,NWSA,15.869999885559082,15.869999885559082,15.399999618530272,15.510000228881836,13.620675086975098,9020200
2013-07-29,NWSA,15.869999885559082,15.869999885559082,15.399999618530272,15.510000228881836,13.620675086975098,9020200
2013-07-30,NWSA,15.600000381469728,15.960000038146973,15.460000038146973,15.949999809265137,14.007076263427734,12798200
2013-07-30,NWSA,15.600000381469728,15.960000038146973,15.460000038146973,15.949999809265137,14.007076263427734,12798200
2013-07-31,NWSA,16.0,16.209999084472656,15.829999923706056,15.93000030517578,13.989513397216797,7681500
2013-07-31,NWSA,16.0,16.209999084472656,15.829999923706056,15.93000030517578,13.989513397216797,7681500
2013-08-01,NWSA,15.9399995803833,16.280000686645508,15.9399995803833,16.209999084472656,14.235404014587402,10303300
2013-08-01,NWSA,15.9399995803833,16.280000686645508,15.9399995803833,16.209999084472656,14.235404014587402,10303300
2013-08-02,NWSA,16.149999618530273,16.469999313354492,16.1200008392334,16.34000015258789,14.349570274353027,8258600
2013-08-02,NWSA,16.149999618530273,16.469999313354492,16.1200008392334,16.34000015258789,14.349570274353027,8258600
2013-08-05,NWSA,16.329999923706055,16.329999923706055,15.890000343322754,16.0,14.050987243652344,8754100
2013-08-05,NWSA,16.329999923706055,16.329999923706055,15.890000343322754,16.0,14.050987243652344,8754100
2013-08-06,NWSA,15.989999771118164,16.25,15.81999969482422,16.18000030517578,14.209059715270996,6232000
2013-08-06,NWSA,15.989999771118164,16.25,15.81999969482422,16.18000030517578,14.209059715270996,6232000
2013-08-07,NWSA,16.149999618530273,16.149999618530273,15.850000381469728,15.949999809265137,14.007076263427734,4755000
2013-08-07,NWSA,16.149999618530273,16.149999618530273,15.850000381469728,15.949999809265137,14.007076263427734,4755000
2013-08-08,NWSA,16.06999969482422,16.309999465942383,15.90999984741211,16.1299991607666,14.16515064239502,7110400
2013-08-08,NWSA,16.06999969482422,16.309999465942383,15.90999984741211,16.1299991607666,14.16515064239502,7110400
2013-08-09,NWSA,16.09000015258789,16.15999984741211,15.960000038146973,15.979999542236328,14.03342342376709,4293800
2013-08-09,NWSA,16.09000015258789,16.15999984741211,15.960000038146973,15.979999542236328,14.03342342376709,4293800
2013-08-12,NWSA,15.880000114440918,16.059999465942383,15.739999771118164,15.920000076293944,13.980731964111328,4882400
2013-08-12,NWSA,15.880000114440918,16.059999465942383,15.739999771118164,15.920000076293944,13.980731964111328,4882400
2013-08-13,NWSA,15.90999984741211,15.949999809265137,15.800000190734863,15.829999923706056,13.901692390441896,3615400
2013-08-13,NWSA,15.90999984741211,15.949999809265137,15.800000190734863,15.829999923706056,13.901692390441896,3615400
2013-08-14,NWSA,15.829999923706056,16.010000228881836,15.65999984741211,15.899999618530272,13.963168144226074,3940500
2013-08-14,NWSA,15.829999923706056,16.010000228881836,15.65999984741211,15.899999618530272,13.963168144226074,3940500
2013-08-15,NWSA,15.789999961853027,16.190000534057617,15.699999809265137,16.100000381469727,14.13880443572998,5160000
2013-08-15,NWSA,15.789999961853027,16.190000534057617,15.699999809265137,16.100000381469727,14.13880443572998,5160000
2013-08-16,NWSA,16.040000915527344,16.25,15.960000038146973,15.979999542236328,14.03342342376709,6373200
2013-08-16,NWSA,16.040000915527344,16.25,15.960000038146973,15.979999542236328,14.03342342376709,6373200
2013-08-19,NWSA,16.049999237060547,16.059999465942383,15.6899995803833,15.699999809265137,13.787530899047852,6123600
2013-08-19,NWSA,16.049999237060547,16.059999465942383,15.6899995803833,15.699999809265137,13.787530899047852,6123600
2013-08-20,NWSA,15.829999923706056,15.829999923706056,15.520000457763672,15.699999809265137,13.787530899047852,4265600
2013-08-20,NWSA,15.829999923706056,15.829999923706056,15.520000457763672,15.699999809265137,13.787530899047852,4265600
2013-08-21,NWSA,15.609999656677246,15.779999732971191,15.489999771118164,15.760000228881836,13.840221405029297,5040000
2013-08-21,NWSA,15.609999656677246,15.779999732971191,15.489999771118164,15.760000228881836,13.840221405029297,5040000
2013-08-22,NWSA,15.760000228881836,15.81999969482422,15.630000114440918,15.710000038146973,13.796311378479004,3731700
2013-08-22,NWSA,15.760000228881836,15.81999969482422,15.630000114440918,15.710000038146973,13.796311378479004,3731700
2013-08-23,NWSA,15.710000038146973,15.789999961853027,15.56999969482422,15.75,13.831439018249512,3981300
2013-08-23,NWSA,15.710000038146973,15.789999961853027,15.56999969482422,15.75,13.831439018249512,3981300
2013-08-26,NWSA,15.789999961853027,15.899999618530272,15.710000038146973,15.859999656677246,13.928043365478516,4125000
2013-08-26,NWSA,15.789999961853027,15.899999618530272,15.710000038146973,15.859999656677246,13.928043365478516,4125000
2013-08-27,NWSA,15.75,16.0,15.6899995803833,15.729999542236328,13.81387424468994,9059500
2013-08-27,NWSA,15.75,16.0,15.6899995803833,15.729999542236328,13.81387424468994,9059500
2013-08-28,NWSA,15.760000228881836,15.8100004196167,15.68000030517578,15.760000228881836,13.840221405029297,11099300
2013-08-28,NWSA,15.760000228881836,15.8100004196167,15.68000030517578,15.760000228881836,13.840221405029297,11099300
2013-08-29,NWSA,15.729999542236328,15.890000343322754,15.640000343322754,15.770000457763672,13.849003791809082,2795500
2013-08-29,NWSA,15.729999542236328,15.890000343322754,15.640000343322754,15.770000457763672,13.849003791809082,2795500
2013-08-30,NWSA,15.75,15.779999732971191,15.59000015258789,15.699999809265137,13.787530899047852,5386300
2013-08-30,NWSA,15.75,15.779999732971191,15.59000015258789,15.699999809265137,13.787530899047852,5386300
2013-09-03,NWSA,15.890000343322754,16.030000686645508,15.6899995803833,15.779999732971191,13.857784271240234,3783600
2013-09-03,NWSA,15.890000343322754,16.030000686645508,15.6899995803833,15.779999732971191,13.857784271240234,3783600
2013-09-04,NWSA,15.789999961853027,16.079999923706055,15.760000228881836,16.030000686645508,14.077333450317385,4992000
2013-09-04,NWSA,15.789999961853027,16.079999923706055,15.760000228881836,16.030000686645508,14.077333450317385,4992000
2013-09-05,NWSA,15.970000267028809,16.270000457763672,15.880000114440918,16.239999771118164,14.26175022125244,3521200
2013-09-05,NWSA,15.970000267028809,16.270000457763672,15.880000114440918,16.239999771118164,14.26175022125244,3521200
2013-09-06,NWSA,16.309999465942383,16.34000015258789,16.079999923706055,16.190000534057617,14.217841148376465,3358700
2013-09-06,NWSA,16.309999465942383,16.34000015258789,16.079999923706055,16.190000534057617,14.217841148376465,3358700
2013-09-09,NWSA,16.15999984741211,16.34000015258789,16.15999984741211,16.34000015258789,14.349570274353027,3668900
2013-09-09,NWSA,16.15999984741211,16.34000015258789,16.15999984741211,16.34000015258789,14.349570274353027,3668900
2013-09-10,NWSA,16.3799991607666,16.56999969482422,16.25,16.549999237060547,14.533987998962402,4292100
2013-09-10,NWSA,16.3799991607666,16.56999969482422,16.25,16.549999237060547,14.533987998962402,4292100
2013-09-11,NWSA,16.649999618530273,17.059999465942383,16.5,17.049999237060547,14.973077774047852,7562700
2013-09-11,NWSA,16.649999618530273,17.059999465942383,16.5,17.049999237060547,14.973077774047852,7562700
2013-09-12,NWSA,17.1200008392334,17.260000228881836,16.940000534057617,17.110000610351562,15.025776863098145,4836500
2013-09-12,NWSA,17.1200008392334,17.260000228881836,16.940000534057617,17.110000610351562,15.025776863098145,4836500
2013-09-13,NWSA,17.059999465942383,17.079999923706055,16.770000457763672,16.889999389648438,14.832571029663086,2717700
2013-09-13,NWSA,17.059999465942383,17.079999923706055,16.770000457763672,16.889999389648438,14.832571029663086,2717700
2013-09-16,NWSA,17.1200008392334,17.200000762939453,16.780000686645508,16.959999084472656,14.894041061401367,5758300
2013-09-16,NWSA,17.1200008392334,17.200000762939453,16.780000686645508,16.959999084472656,14.894041061401367,5758300
2013-09-17,NWSA,17.030000686645508,17.170000076293945,16.889999389648438,17.0,14.929170608520508,2538500
2013-09-17,NWSA,17.030000686645508,17.170000076293945,16.889999389648438,17.0,14.929170608520508,2538500
2013-09-18,NWSA,16.989999771118164,17.18000030517578,16.84000015258789,17.049999237060547,14.973077774047852,3862600
2013-09-18,NWSA,16.989999771118164,17.18000030517578,16.84000015258789,17.049999237060547,14.973077774047852,3862600
2013-09-19,NWSA,17.100000381469727,17.100000381469727,16.65999984741211,16.8700008392334,14.815008163452148,3286100
2013-09-19,NWSA,17.100000381469727,17.100000381469727,16.65999984741211,16.8700008392334,14.815008163452148,3286100
2013-09-20,NWSA,16.920000076293945,17.0,16.469999313354492,16.639999389648438,14.61302375793457,4594000
2013-09-20,NWSA,16.920000076293945,17.0,16.469999313354492,16.639999389648438,14.61302375793457,4594000
2013-09-23,NWSA,16.6200008392334,16.639999389648438,16.3700008392334,16.530000686645508,14.51642608642578,2360000
2013-09-23,NWSA,16.6200008392334,16.639999389648438,16.3700008392334,16.530000686645508,14.51642608642578,2360000
2013-09-24,NWSA,16.530000686645508,17.200000762939453,16.5,17.040000915527344,14.96430206298828,5611800
2013-09-24,NWSA,16.530000686645508,17.200000762939453,16.5,17.040000915527344,14.96430206298828,5611800
2013-09-25,NWSA,17.030000686645508,17.040000915527344,16.68000030517578,16.799999237060547,14.753534317016602,4389700
2013-09-25,NWSA,17.030000686645508,17.040000915527344,16.68000030517578,16.799999237060547,14.753534317016602,4389700
2013-09-26,NWSA,16.770000457763672,16.8700008392334,16.100000381469727,16.290000915527344,14.305662155151367,12737900
2013-09-26,NWSA,16.770000457763672,16.8700008392334,16.100000381469727,16.290000915527344,14.305662155151367,12737900
2013-09-27,NWSA,16.100000381469727,16.25,15.989999771118164,16.170000076293945,14.200277328491213,7098300
2013-09-27,NWSA,16.100000381469727,16.25,15.989999771118164,16.170000076293945,14.200277328491213,7098300
2013-09-30,NWSA,16.200000762939453,16.260000228881836,15.90999984741211,16.059999465942383,14.103675842285156,6237900
2013-09-30,NWSA,16.200000762939453,16.260000228881836,15.90999984741211,16.059999465942383,14.103675842285156,6237900
2013-10-01,NWSA,16.049999237060547,16.139999389648438,15.800000190734863,15.90999984741211,13.971949577331545,8815300
2013-10-01,NWSA,16.049999237060547,16.139999389648438,15.800000190734863,15.90999984741211,13.971949577331545,8815300
2013-10-02,NWSA,15.850000381469728,16.270000457763672,15.699999809265137,16.139999389648438,14.173932075500488,17758200
2013-10-02,NWSA,15.850000381469728,16.270000457763672,15.699999809265137,16.139999389648438,14.173932075500488,17758200
2013-10-03,NWSA,16.139999389648438,16.25,15.789999961853027,15.869999885559082,13.936822891235352,17833500
2013-10-03,NWSA,16.139999389648438,16.25,15.789999961853027,15.869999885559082,13.936822891235352,17833500
2013-10-04,NWSA,15.84000015258789,16.010000228881836,15.789999961853027,15.84000015258789,13.910478591918944,13660000
2013-10-04,NWSA,15.84000015258789,16.010000228881836,15.789999961853027,15.84000015258789,13.910478591918944,13660000
2013-10-07,NWSA,15.699999809265137,15.979999542236328,15.6899995803833,15.90999984741211,13.971949577331545,8663200
2013-10-07,NWSA,15.699999809265137,15.979999542236328,15.6899995803833,15.90999984741211,13.971949577331545,8663200
2013-10-08,NWSA,15.510000228881836,15.979999542236328,15.510000228881836,15.800000190734863,13.875349044799805,4825300
2013-10-08,NWSA,15.510000228881836,15.979999542236328,15.510000228881836,15.800000190734863,13.875349044799805,4825300
2013-10-09,NWSA,15.800000190734863,15.949999809265137,15.75,15.880000114440918,13.945603370666504,4210300
2013-10-09,NWSA,15.800000190734863,15.949999809265137,15.75,15.880000114440918,13.945603370666504,4210300
2013-10-10,NWSA,15.979999542236328,16.25,15.9399995803833,16.219999313354492,14.244189262390137,5506700
2013-10-10,NWSA,15.979999542236328,16.25,15.9399995803833,16.219999313354492,14.244189262390137,5506700
2013-10-11,NWSA,16.15999984741211,16.600000381469727,16.139999389648438,16.40999984741211,14.41104221343994,5085700
2013-10-11,NWSA,16.15999984741211,16.600000381469727,16.139999389648438,16.40999984741211,14.41104221343994,5085700
2013-10-14,NWSA,16.309999465942383,16.6200008392334,16.229999542236328,16.559999465942383,14.542769432067873,3606300
2013-10-14,NWSA,16.309999465942383,16.6200008392334,16.229999542236328,16.559999465942383,14.542769432067873,3606300
2013-10-15,NWSA,16.459999084472656,16.670000076293945,16.420000076293945,16.579999923706055,14.560335159301758,4406800
2013-10-15,NWSA,16.459999084472656,16.670000076293945,16.420000076293945,16.579999923706055,14.560335159301758,4406800
2013-10-16,NWSA,16.719999313354492,16.790000915527344,16.56999969482422,16.780000686645508,14.73597526550293,4511900
2013-10-16,NWSA,16.719999313354492,16.790000915527344,16.56999969482422,16.780000686645508,14.73597526550293,4511900
2013-10-17,NWSA,16.639999389648438,16.809999465942383,16.6299991607666,16.799999237060547,14.753534317016602,3972000
2013-10-17,NWSA,16.639999389648438,16.809999465942383,16.6299991607666,16.799999237060547,14.753534317016602,3972000
2013-10-18,NWSA,16.850000381469727,16.899999618530273,16.75,16.850000381469727,14.797443389892578,5809100
2013-10-18,NWSA,16.850000381469727,16.899999618530273,16.75,16.850000381469727,14.797443389892578,5809100
2013-10-21,NWSA,16.860000610351562,16.979999542236328,16.790000915527344,16.850000381469727,14.797443389892578,3107000
2013-10-21,NWSA,16.860000610351562,16.979999542236328,16.790000915527344,16.850000381469727,14.797443389892578,3107000
2013-10-22,NWSA,16.889999389648438,17.059999465942383,16.790000915527344,17.0,14.929170608520508,7274300
2013-10-22,NWSA,16.889999389648438,17.059999465942383,16.790000915527344,17.0,14.929170608520508,7274300
2013-10-23,NWSA,16.799999237060547,17.239999771118164,16.799999237060547,17.110000610351562,15.025776863098145,5145800
2013-10-23,NWSA,16.799999237060547,17.239999771118164,16.799999237060547,17.110000610351562,15.025776863098145,5145800
2013-10-24,NWSA,17.06999969482422,17.399999618530273,17.020000457763672,17.290000915527344,15.183849334716797,4734900
2013-10-24,NWSA,17.06999969482422,17.399999618530273,17.020000457763672,17.290000915527344,15.183849334716797,4734900
2013-10-25,NWSA,17.549999237060547,17.549999237060547,17.09000015258789,17.149999618530273,15.06089973449707,6197900
2013-10-25,NWSA,17.549999237060547,17.549999237060547,17.09000015258789,17.149999618530273,15.06089973449707,6197900
2013-10-28,NWSA,17.1200008392334,17.31999969482422,17.030000686645508,17.290000915527344,15.183849334716797,4131800
2013-10-28,NWSA,17.1200008392334,17.31999969482422,17.030000686645508,17.290000915527344,15.183849334716797,4131800
2013-10-29,NWSA,17.299999237060547,17.510000228881836,17.239999771118164,17.459999084472656,15.333138465881348,6582700
2013-10-29,NWSA,17.299999237060547,17.510000228881836,17.239999771118164,17.459999084472656,15.333138465881348,6582700
2013-10-30,NWSA,17.459999084472656,17.510000228881836,17.309999465942383,17.350000381469727,15.23654079437256,8031100
2013-10-30,NWSA,17.459999084472656,17.510000228881836,17.309999465942383,17.350000381469727,15.23654079437256,8031100
2013-10-31,NWSA,17.3700008392334,17.770000457763672,17.34000015258789,17.600000381469727,15.45608901977539,4697900
2013-10-31,NWSA,17.3700008392334,17.770000457763672,17.34000015258789,17.600000381469727,15.45608901977539,4697900
2013-11-01,NWSA,17.6200008392334,17.809999465942383,17.450000762939453,17.770000457763672,15.60537815093994,3714000
2013-11-01,NWSA,17.6200008392334,17.809999465942383,17.450000762939453,17.770000457763672,15.60537815093994,3714000
2013-11-04,NWSA,17.729999542236328,17.860000610351562,17.670000076293945,17.760000228881836,15.596596717834473,2870800
2013-11-04,NWSA,17.729999542236328,17.860000610351562,17.670000076293945,17.760000228881836,15.596596717834473,2870800
2013-11-05,NWSA,17.56999969482422,17.850000381469727,17.479999542236328,17.68000030517578,15.526337623596191,3820200
2013-11-05,NWSA,17.56999969482422,17.850000381469727,17.479999542236328,17.68000030517578,15.526337623596191,3820200
2013-11-06,NWSA,17.729999542236328,17.81999969482422,17.350000381469727,17.40999984741211,15.289229393005373,3922700
2013-11-06,NWSA,17.729999542236328,17.81999969482422,17.350000381469727,17.40999984741211,15.289229393005373,3922700
2013-11-07,NWSA,17.510000228881836,17.6200008392334,17.25,17.260000228881836,15.157504081726074,3888200
2013-11-07,NWSA,17.510000228881836,17.6200008392334,17.25,17.260000228881836,15.157504081726074,3888200
2013-11-08,NWSA,17.309999465942383,17.6200008392334,17.170000076293945,17.600000381469727,15.45608901977539,1787500
2013-11-08,NWSA,17.309999465942383,17.6200008392334,17.170000076293945,17.600000381469727,15.45608901977539,1787500
2013-11-11,NWSA,17.600000381469727,17.649999618530273,17.350000381469727,17.420000076293945,15.298012733459473,5387300
2013-11-11,NWSA,17.600000381469727,17.649999618530273,17.350000381469727,17.420000076293945,15.298012733459473,5387300
2013-11-12,NWSA,16.850000381469727,17.309999465942383,16.719999313354492,17.149999618530273,15.06089973449707,12944400
2013-11-12,NWSA,16.850000381469727,17.309999465942383,16.719999313354492,17.149999618530273,15.06089973449707,12944400
2013-11-13,NWSA,17.020000457763672,17.290000915527344,16.950000762939453,17.219999313354492,15.1223726272583,3673400
2013-11-13,NWSA,17.020000457763672,17.290000915527344,16.950000762939453,17.219999313354492,15.1223726272583,3673400
2013-11-14,NWSA,17.239999771118164,17.3799991607666,17.18000030517578,17.25,15.148722648620604,2920600
2013-11-14,NWSA,17.239999771118164,17.3799991607666,17.18000030517578,17.25,15.148722648620604,2920600
2013-11-15,NWSA,17.31999969482422,17.809999465942383,17.31999969482422,17.760000228881836,15.596596717834473,4606300
2013-11-15,NWSA,17.31999969482422,17.809999465942383,17.31999969482422,17.760000228881836,15.596596717834473,4606300
2013-11-18,NWSA,17.770000457763672,17.81999969482422,17.3700008392334,17.420000076293945,15.298012733459473,4431400
2013-11-18,NWSA,17.770000457763672,17.81999969482422,17.3700008392334,17.420000076293945,15.298012733459473,4431400
2013-11-19,NWSA,17.43000030517578,17.65999984741211,17.3799991607666,17.479999542236328,15.350702285766602,2961800
2013-11-19,NWSA,17.43000030517578,17.65999984741211,17.3799991607666,17.479999542236328,15.350702285766602,2961800
2013-11-20,NWSA,17.540000915527344,17.790000915527344,17.450000762939453,17.670000076293945,15.517560005187988,6256400
2013-11-20,NWSA,17.540000915527344,17.790000915527344,17.450000762939453,17.670000076293945,15.517560005187988,6256400
2013-11-21,NWSA,17.709999084472656,17.75,17.540000915527344,17.559999465942383,15.4209566116333,4075000
2013-11-21,NWSA,17.709999084472656,17.75,17.540000915527344,17.559999465942383,15.4209566116333,4075000
2013-11-22,NWSA,17.610000610351562,17.690000534057617,17.5,17.549999237060547,15.412175178527832,3624500
2013-11-22,NWSA,17.610000610351562,17.690000534057617,17.5,17.549999237060547,15.412175178527832,3624500
2013-11-25,NWSA,17.6299991607666,17.68000030517578,17.360000610351562,17.479999542236328,15.350702285766602,3397600
2013-11-25,NWSA,17.6299991607666,17.68000030517578,17.360000610351562,17.479999542236328,15.350702285766602,3397600
2013-11-26,NWSA,17.43000030517578,17.709999084472656,17.3700008392334,17.690000534057617,15.535122871398926,5585700
2013-11-26,NWSA,17.43000030517578,17.709999084472656,17.3700008392334,17.690000534057617,15.535122871398926,5585700
2013-11-27,NWSA,17.65999984741211,17.940000534057617,17.510000228881836,17.860000610351562,15.684418678283691,5083300
2013-11-27,NWSA,17.65999984741211,17.940000534057617,17.510000228881836,17.860000610351562,15.684418678283691,5083300
2013-11-29,NWSA,17.850000381469727,17.969999313354492,17.84000015258789,17.959999084472656,15.772231101989746,1506100
2013-11-29,NWSA,17.850000381469727,17.969999313354492,17.84000015258789,17.959999084472656,15.772231101989746,1506100
2013-12-02,NWSA,17.920000076293945,17.969999313354492,17.600000381469727,17.649999618530273,15.499991416931152,4610200
2013-12-02,NWSA,17.920000076293945,17.969999313354492,17.600000381469727,17.649999618530273,15.499991416931152,4610200
2013-12-03,NWSA,17.6299991607666,17.6299991607666,17.399999618530273,17.5,15.368266105651855,3120100
2013-12-03,NWSA,17.6299991607666,17.6299991607666,17.399999618530273,17.5,15.368266105651855,3120100
2013-12-04,NWSA,17.440000534057617,17.6200008392334,17.3799991607666,17.579999923706055,15.438521385192873,2676000
2013-12-04,NWSA,17.440000534057617,17.6200008392334,17.3799991607666,17.579999923706055,15.438521385192873,2676000
2013-12-05,NWSA,16.540000915527344,17.549999237060547,16.540000915527344,17.459999084472656,15.333138465881348,2562600
2013-12-05,NWSA,16.540000915527344,17.549999237060547,16.540000915527344,17.459999084472656,15.333138465881348,2562600
2013-12-06,NWSA,17.65999984741211,17.860000610351562,17.520000457763672,17.780000686645508,15.614157676696776,4483700
2013-12-06,NWSA,17.65999984741211,17.860000610351562,17.520000457763672,17.780000686645508,15.614157676696776,4483700
2013-12-09,NWSA,17.889999389648438,17.899999618530273,17.459999084472656,17.520000457763672,15.38582992553711,4088800
2013-12-09,NWSA,17.889999389648438,17.899999618530273,17.459999084472656,17.520000457763672,15.38582992553711,4088800
2013-12-10,NWSA,17.489999771118164,17.719999313354492,17.440000534057617,17.639999389648438,15.491211891174316,2618000
2013-12-10,NWSA,17.489999771118164,17.719999313354492,17.440000534057617,17.639999389648438,15.491211891174316,2618000
2013-12-11,NWSA,17.649999618530273,17.739999771118164,17.479999542236328,17.600000381469727,15.45608901977539,3255300
2013-12-11,NWSA,17.649999618530273,17.739999771118164,17.479999542236328,17.600000381469727,15.45608901977539,3255300
2013-12-12,NWSA,17.639999389648438,17.65999984741211,17.489999771118164,17.489999771118164,15.359481811523438,4073000
2013-12-12,NWSA,17.639999389648438,17.65999984741211,17.489999771118164,17.489999771118164,15.359481811523438,4073000
2013-12-13,NWSA,17.489999771118164,17.700000762939453,17.31999969482422,17.65999984741211,15.50877857208252,4320800
2013-12-13,NWSA,17.489999771118164,17.700000762939453,17.31999969482422,17.65999984741211,15.50877857208252,4320800
2013-12-16,NWSA,17.770000457763672,17.799999237060547,17.579999923706055,17.770000457763672,15.60537815093994,1885100
2013-12-16,NWSA,17.770000457763672,17.799999237060547,17.579999923706055,17.770000457763672,15.60537815093994,1885100
2013-12-17,NWSA,17.56999969482422,17.56999969482422,17.170000076293945,17.350000381469727,15.23654079437256,4023000
2013-12-17,NWSA,17.56999969482422,17.56999969482422,17.170000076293945,17.350000381469727,15.23654079437256,4023000
2013-12-18,NWSA,17.299999237060547,17.530000686645508,17.06999969482422,17.5,15.368266105651855,2539200
2013-12-18,NWSA,17.299999237060547,17.530000686645508,17.06999969482422,17.5,15.368266105651855,2539200
2013-12-19,NWSA,17.40999984741211,17.469999313354492,17.290000915527344,17.360000610351562,15.245322227478027,2475900
2013-12-19,NWSA,17.40999984741211,17.469999313354492,17.290000915527344,17.360000610351562,15.245322227478027,2475900
2013-12-20,NWSA,17.43000030517578,17.969999313354492,17.309999465942383,17.75,15.587811470031738,7055200
2013-12-20,NWSA,17.43000030517578,17.969999313354492,17.309999465942383,17.75,15.587811470031738,7055200
2013-12-23,NWSA,17.93000030517578,17.969999313354492,17.729999542236328,17.899999618530273,15.719538688659668,1974600
2013-12-23,NWSA,17.93000030517578,17.969999313354492,17.729999542236328,17.899999618530273,15.719538688659668,1974600
2013-12-24,NWSA,17.959999084472656,18.010000228881836,17.780000686645508,17.899999618530273,15.719538688659668,683100
2013-12-24,NWSA,17.959999084472656,18.010000228881836,17.780000686645508,17.899999618530273,15.719538688659668,683100
2013-12-26,NWSA,17.989999771118164,18.06999969482422,17.649999618530273,17.770000457763672,15.60537815093994,2259900
2013-12-26,NWSA,17.989999771118164,18.06999969482422,17.649999618530273,17.770000457763672,15.60537815093994,2259900
2013-12-27,NWSA,17.739999771118164,17.81999969482422,17.559999465942383,17.729999542236328,15.570247650146484,2691300
2013-12-27,NWSA,17.739999771118164,17.81999969482422,17.559999465942383,17.729999542236328,15.570247650146484,2691300
2013-12-30,NWSA,17.780000686645508,17.93000030517578,17.700000762939453,17.90999984741211,15.72832202911377,1918400
2013-12-30,NWSA,17.780000686645508,17.93000030517578,17.700000762939453,17.90999984741211,15.72832202911377,1918400
2013-12-31,NWSA,17.979999542236328,18.09000015258789,17.84000015258789,18.020000457763672,15.824921607971191,2612000
2013-12-31,NWSA,17.979999542236328,18.09000015258789,17.84000015258789,18.020000457763672,15.824921607971191,2612000
2014-01-02,NWSA,18.049999237060547,18.170000076293945,17.81999969482422,17.950000762939453,15.763449668884276,3673400
2014-01-02,NWSA,18.049999237060547,18.170000076293945,17.81999969482422,17.950000762939453,15.763449668884276,3673400
2014-01-03,NWSA,17.93000030517578,18.010000228881836,17.780000686645508,17.81999969482422,15.649282455444336,2016600
2014-01-03,NWSA,17.93000030517578,18.010000228881836,17.780000686645508,17.81999969482422,15.649282455444336,2016600
2014-01-06,NWSA,17.8799991607666,17.959999084472656,17.479999542236328,17.579999923706055,15.438521385192873,3388300
2014-01-06,NWSA,17.8799991607666,17.959999084472656,17.479999542236328,17.579999923706055,15.438521385192873,3388300
2014-01-07,NWSA,17.649999618530273,17.649999618530273,17.329999923706055,17.399999618530273,15.28044605255127,3266000
2014-01-07,NWSA,17.649999618530273,17.649999618530273,17.329999923706055,17.399999618530273,15.28044605255127,3266000
2014-01-08,NWSA,17.350000381469727,17.399999618530273,17.149999618530273,17.290000915527344,15.183849334716797,4109600
2014-01-08,NWSA,17.350000381469727,17.399999618530273,17.149999618530273,17.290000915527344,15.183849334716797,4109600
2014-01-09,NWSA,17.3799991607666,17.479999542236328,17.270000457763672,17.34000015258789,15.22775936126709,2852700
2014-01-09,NWSA,17.3799991607666,17.479999542236328,17.270000457763672,17.34000015258789,15.22775936126709,2852700
2014-01-10,NWSA,17.40999984741211,17.520000457763672,17.280000686645508,17.399999618530273,15.28044605255127,2063700
2014-01-10,NWSA,17.40999984741211,17.520000457763672,17.280000686645508,17.399999618530273,15.28044605255127,2063700
2014-01-13,NWSA,17.40999984741211,17.440000534057617,17.06999969482422,17.149999618530273,15.06089973449707,2655600
2014-01-13,NWSA,17.40999984741211,17.440000534057617,17.06999969482422,17.149999618530273,15.06089973449707,2655600
2014-01-14,NWSA,17.200000762939453,17.350000381469727,17.1299991607666,17.299999237060547,15.192627906799316,1935000
2014-01-14,NWSA,17.200000762939453,17.350000381469727,17.1299991607666,17.299999237060547,15.192627906799316,1935000
2014-01-15,NWSA,17.239999771118164,17.329999923706055,17.100000381469727,17.209999084472656,15.113591194152832,2209400
2014-01-15,NWSA,17.239999771118164,17.329999923706055,17.100000381469727,17.209999084472656,15.113591194152832,2209400
2014-01-16,NWSA,17.200000762939453,17.260000228881836,17.049999237060547,17.079999923706055,14.999424934387209,2833400
2014-01-16,NWSA,17.200000762939453,17.260000228881836,17.049999237060547,17.079999923706055,14.999424934387209,2833400
2014-01-17,NWSA,17.09000015258789,17.18000030517578,16.940000534057617,17.079999923706055,14.999424934387209,2102700
2014-01-17,NWSA,17.09000015258789,17.18000030517578,16.940000534057617,17.079999923706055,14.999424934387209,2102700
2014-01-21,NWSA,17.149999618530273,17.149999618530273,16.690000534057617,16.760000228881836,14.71841049194336,4664700
2014-01-21,NWSA,17.149999618530273,17.149999618530273,16.690000534057617,16.760000228881836,14.71841049194336,4664700
2014-01-22,NWSA,16.75,16.989999771118164,16.559999465942383,16.649999618530273,14.62180995941162,3109900
2014-01-22,NWSA,16.75,16.989999771118164,16.559999465942383,16.649999618530273,14.62180995941162,3109900
2014-01-23,NWSA,16.5,16.579999923706055,16.360000610351562,16.530000686645508,14.51642608642578,3085400
2014-01-23,NWSA,16.5,16.579999923706055,16.360000610351562,16.530000686645508,14.51642608642578,3085400
2014-01-24,NWSA,16.270000457763672,16.329999923706055,16.010000228881836,16.170000076293945,14.200277328491213,6995600
2014-01-24,NWSA,16.270000457763672,16.329999923706055,16.010000228881836,16.170000076293945,14.200277328491213,6995600
2014-01-27,NWSA,16.25,16.559999465942383,16.190000534057617,16.389999389648438,14.393475532531738,6241000
2014-01-27,NWSA,16.25,16.559999465942383,16.190000534057617,16.389999389648438,14.393475532531738,6241000
2014-01-28,NWSA,16.3799991607666,16.459999084472656,16.229999542236328,16.239999771118164,14.26175022125244,4468400
2014-01-28,NWSA,16.3799991607666,16.459999084472656,16.229999542236328,16.239999771118164,14.26175022125244,4468400
2014-01-29,NWSA,16.09000015258789,16.280000686645508,16.010000228881836,16.219999313354492,14.244189262390137,5574400
2014-01-29,NWSA,16.09000015258789,16.280000686645508,16.010000228881836,16.219999313354492,14.244189262390137,5574400
2014-01-30,NWSA,16.280000686645508,16.299999237060547,16.15999984741211,16.200000762939453,14.226625442504885,9436500
2014-01-30,NWSA,16.280000686645508,16.299999237060547,16.15999984741211,16.200000762939453,14.226625442504885,9436500
2014-01-31,NWSA,16.139999389648438,16.239999771118164,15.949999809265137,15.960000038146973,14.015859603881836,3040200
2014-01-31,NWSA,16.139999389648438,16.239999771118164,15.949999809265137,15.960000038146973,14.015859603881836,3040200
2014-02-03,NWSA,16.0,16.059999465942383,15.479999542236328,15.520000457763672,13.629457473754885,4729900
2014-02-03,NWSA,16.0,16.059999465942383,15.479999542236328,15.520000457763672,13.629457473754885,4729900
2014-02-04,NWSA,15.550000190734863,15.720000267028809,15.4399995803833,15.520000457763672,13.629457473754885,8117500
2014-02-04,NWSA,15.550000190734863,15.720000267028809,15.4399995803833,15.520000457763672,13.629457473754885,8117500
2014-02-05,NWSA,15.5600004196167,15.899999618530272,15.550000190734863,15.609999656677246,13.708494186401367,5805700
2014-02-05,NWSA,15.5600004196167,15.899999618530272,15.550000190734863,15.609999656677246,13.708494186401367,5805700
2014-02-06,NWSA,15.640000343322754,16.110000610351562,15.609999656677246,16.020000457763672,14.06855010986328,4984700
2014-02-06,NWSA,15.640000343322754,16.110000610351562,15.609999656677246,16.020000457763672,14.06855010986328,4984700
2014-02-07,NWSA,17.479999542236328,18.0,17.06999969482422,17.40999984741211,15.289229393005373,13191600
2014-02-07,NWSA,17.479999542236328,18.0,17.06999969482422,17.40999984741211,15.289229393005373,13191600
2014-02-10,NWSA,17.030000686645508,17.59000015258789,16.969999313354492,17.510000228881836,15.377046585083008,6085100
2014-02-10,NWSA,17.030000686645508,17.59000015258789,16.969999313354492,17.510000228881836,15.377046585083008,6085100
2014-02-11,NWSA,17.530000686645508,18.0,17.40999984741211,17.93000030517578,15.74588680267334,6908500
2014-02-11,NWSA,17.530000686645508,18.0,17.40999984741211,17.93000030517578,15.74588680267334,6908500
2014-02-12,NWSA,17.93000030517578,18.049999237060547,17.600000381469727,17.649999618530273,15.499991416931152,3310200
2014-02-12,NWSA,17.93000030517578,18.049999237060547,17.600000381469727,17.649999618530273,15.499991416931152,3310200
2014-02-13,NWSA,17.549999237060547,17.81999969482422,17.40999984741211,17.65999984741211,15.50877857208252,2168600
2014-02-13,NWSA,17.549999237060547,17.81999969482422,17.40999984741211,17.65999984741211,15.50877857208252,2168600
2014-02-14,NWSA,17.6200008392334,17.84000015258789,17.540000915527344,17.68000030517578,15.526337623596191,1827600
2014-02-14,NWSA,17.6200008392334,17.84000015258789,17.540000915527344,17.68000030517578,15.526337623596191,1827600
2014-02-18,NWSA,17.719999313354492,17.81999969482422,17.559999465942383,17.75,15.587811470031738,2359300
2014-02-18,NWSA,17.719999313354492,17.81999969482422,17.559999465942383,17.75,15.587811470031738,2359300
2014-02-19,NWSA,17.700000762939453,17.860000610351562,17.559999465942383,17.59000015258789,15.447301864624023,2217500
2014-02-19,NWSA,17.700000762939453,17.860000610351562,17.559999465942383,17.59000015258789,15.447301864624023,2217500
2014-02-20,NWSA,17.600000381469727,17.639999389648438,17.309999465942383,17.5,15.368266105651855,2549700
2014-02-20,NWSA,17.600000381469727,17.639999389648438,17.309999465942383,17.5,15.368266105651855,2549700
2014-02-21,NWSA,17.450000762939453,17.760000228881836,17.440000534057617,17.68000030517578,15.526337623596191,3193600
2014-02-21,NWSA,17.450000762939453,17.760000228881836,17.440000534057617,17.68000030517578,15.526337623596191,3193600
2014-02-24,NWSA,17.75,18.049999237060547,17.739999771118164,17.940000534057617,15.75467014312744,2473300
2014-02-24,NWSA,17.75,18.049999237060547,17.739999771118164,17.940000534057617,15.75467014312744,2473300
2014-02-25,NWSA,17.93000030517578,18.11000061035156,17.899999618530273,17.959999084472656,15.772231101989746,2396900
2014-02-25,NWSA,17.93000030517578,18.11000061035156,17.899999618530273,17.959999084472656,15.772231101989746,2396900
2014-02-26,NWSA,17.950000762939453,18.13999938964844,17.829999923706055,18.030000686645508,15.83370590209961,2275700
2014-02-26,NWSA,17.950000762939453,18.13999938964844,17.829999923706055,18.030000686645508,15.83370590209961,2275700
2014-02-27,NWSA,17.950000762939453,18.059999465942383,17.860000610351562,18.020000457763672,15.824921607971191,2363300
2014-02-27,NWSA,17.950000762939453,18.059999465942383,17.860000610351562,18.020000457763672,15.824921607971191,2363300
2014-02-28,NWSA,18.059999465942383,18.399999618530277,17.920000076293945,18.32999992370605,16.09716033935547,2515100
2014-02-28,NWSA,18.059999465942383,18.399999618530277,17.920000076293945,18.32999992370605,16.09716033935547,2515100
2014-03-03,NWSA,18.190000534057617,18.34000015258789,17.950000762939453,18.1200008392334,15.912741661071776,3592200
2014-03-03,NWSA,18.190000534057617,18.34000015258789,17.950000762939453,18.1200008392334,15.912741661071776,3592200
2014-03-04,NWSA,18.200000762939453,18.40999984741211,18.149999618530277,18.399999618530277,16.158632278442383,3160600
2014-03-04,NWSA,18.200000762939453,18.40999984741211,18.149999618530277,18.399999618530277,16.158632278442383,3160600
2014-03-05,NWSA,18.43000030517578,18.530000686645508,18.1299991607666,18.299999237060547,16.070810317993164,2321700
2014-03-05,NWSA,18.43000030517578,18.530000686645508,18.1299991607666,18.299999237060547,16.070810317993164,2321700
2014-03-06,NWSA,18.31999969482422,18.43000030517578,18.190000534057617,18.280000686645508,16.053253173828125,1897600
2014-03-06,NWSA,18.31999969482422,18.43000030517578,18.190000534057617,18.280000686645508,16.053253173828125,1897600
2014-03-07,NWSA,18.299999237060547,18.36000061035156,17.84000015258789,17.90999984741211,15.72832202911377,2501200
2014-03-07,NWSA,18.299999237060547,18.36000061035156,17.84000015258789,17.90999984741211,15.72832202911377,2501200
2014-03-10,NWSA,17.959999084472656,18.0,17.709999084472656,17.760000228881836,15.596596717834473,1937800
2014-03-10,NWSA,17.959999084472656,18.0,17.709999084472656,17.760000228881836,15.596596717834473,1937800
2014-03-11,NWSA,17.760000228881836,17.809999465942383,17.520000457763672,17.709999084472656,15.552684783935549,1971000
2014-03-11,NWSA,17.760000228881836,17.809999465942383,17.520000457763672,17.709999084472656,15.552684783935549,1971000
2014-03-12,NWSA,17.700000762939453,17.889999389648438,17.399999618530273,17.829999923706055,15.658065795898438,2782300
2014-03-12,NWSA,17.700000762939453,17.889999389648438,17.399999618530273,17.829999923706055,15.658065795898438,2782300
2014-03-13,NWSA,17.81999969482422,17.90999984741211,17.309999465942383,17.34000015258789,15.22775936126709,2515200
2014-03-13,NWSA,17.81999969482422,17.90999984741211,17.309999465942383,17.34000015258789,15.22775936126709,2515200
2014-03-14,NWSA,17.3700008392334,17.639999389648438,17.25,17.43000030517578,15.30679416656494,2372300
2014-03-14,NWSA,17.3700008392334,17.639999389648438,17.25,17.43000030517578,15.30679416656494,2372300
2014-03-17,NWSA,17.549999237060547,17.809999465942383,17.290000915527344,17.389999389648438,15.2716646194458,1707100
2014-03-17,NWSA,17.549999237060547,17.809999465942383,17.290000915527344,17.389999389648438,15.2716646194458,1707100
2014-03-18,NWSA,17.420000076293945,17.739999771118164,17.3799991607666,17.709999084472656,15.552684783935549,3081100
2014-03-18,NWSA,17.420000076293945,17.739999771118164,17.3799991607666,17.709999084472656,15.552684783935549,3081100
2014-03-19,NWSA,17.670000076293945,17.799999237060547,17.459999084472656,17.549999237060547,15.412175178527832,2405600
2014-03-19,NWSA,17.670000076293945,17.799999237060547,17.459999084472656,17.549999237060547,15.412175178527832,2405600
2014-03-20,NWSA,17.450000762939453,17.56999969482422,17.31999969482422,17.510000228881836,15.377046585083008,1290800
2014-03-20,NWSA,17.450000762939453,17.56999969482422,17.31999969482422,17.510000228881836,15.377046585083008,1290800
2014-03-21,NWSA,17.729999542236328,17.729999542236328,17.329999923706055,17.579999923706055,15.438521385192873,4658500
2014-03-21,NWSA,17.729999542236328,17.729999542236328,17.329999923706055,17.579999923706055,15.438521385192873,4658500
2014-03-24,NWSA,17.600000381469727,17.670000076293945,17.389999389648438,17.469999313354492,15.341920852661133,2295500
2014-03-24,NWSA,17.600000381469727,17.670000076293945,17.389999389648438,17.469999313354492,15.341920852661133,2295500
2014-03-25,NWSA,17.56999969482422,17.59000015258789,17.270000457763672,17.360000610351562,15.245322227478027,2258900
2014-03-25,NWSA,17.56999969482422,17.59000015258789,17.270000457763672,17.360000610351562,15.245322227478027,2258900
2014-03-26,NWSA,17.3700008392334,17.420000076293945,17.020000457763672,17.030000686645508,14.955517768859863,3216400
2014-03-26,NWSA,17.3700008392334,17.420000076293945,17.020000457763672,17.030000686645508,14.955517768859863,3216400
2014-03-27,NWSA,17.09000015258789,17.229999542236328,16.989999771118164,17.020000457763672,14.946738243103027,4109800
2014-03-27,NWSA,17.09000015258789,17.229999542236328,16.989999771118164,17.020000457763672,14.946738243103027,4109800
2014-03-28,NWSA,17.010000228881836,17.280000686645508,17.0,17.030000686645508,14.955517768859863,2012300
2014-03-28,NWSA,17.010000228881836,17.280000686645508,17.0,17.030000686645508,14.955517768859863,2012300
2014-03-31,NWSA,17.149999618530273,17.25,17.0,17.219999313354492,15.1223726272583,2399300
2014-03-31,NWSA,17.149999618530273,17.25,17.0,17.219999313354492,15.1223726272583,2399300
2014-04-01,NWSA,17.34000015258789,17.5,17.200000762939453,17.440000534057617,15.315577507019045,3302700
2014-04-01,NWSA,17.34000015258789,17.5,17.200000762939453,17.440000534057617,15.315577507019045,3302700
2014-04-02,NWSA,17.399999618530273,17.520000457763672,17.270000457763672,17.440000534057617,15.315577507019045,2373600
2014-04-02,NWSA,17.399999618530273,17.520000457763672,17.270000457763672,17.440000534057617,15.315577507019045,2373600
2014-04-03,NWSA,17.469999313354492,17.520000457763672,17.09000015258789,17.110000610351562,15.025776863098145,3712800
2014-04-03,NWSA,17.469999313354492,17.520000457763672,17.09000015258789,17.110000610351562,15.025776863098145,3712800
2014-04-04,NWSA,17.229999542236328,17.540000915527344,17.110000610351562,17.1200008392334,15.034555435180664,2828900
2014-04-04,NWSA,17.229999542236328,17.540000915527344,17.110000610351562,17.1200008392334,15.034555435180664,2828900
2014-04-07,NWSA,17.110000610351562,17.3799991607666,17.0,17.079999923706055,14.999424934387209,3028700
2014-04-07,NWSA,17.110000610351562,17.3799991607666,17.0,17.079999923706055,14.999424934387209,3028700
2014-04-08,NWSA,17.18000030517578,17.209999084472656,16.920000076293945,17.049999237060547,14.973077774047852,2520200
2014-04-08,NWSA,17.18000030517578,17.209999084472656,16.920000076293945,17.049999237060547,14.973077774047852,2520200
2014-04-09,NWSA,17.059999465942383,17.219999313354492,16.959999084472656,17.200000762939453,15.104814529418944,1704500
2014-04-09,NWSA,17.059999465942383,17.219999313354492,16.959999084472656,17.200000762939453,15.104814529418944,1704500
2014-04-10,NWSA,17.229999542236328,17.31999969482422,16.829999923706055,16.829999923706055,14.779882431030272,2395300
2014-04-10,NWSA,17.229999542236328,17.31999969482422,16.829999923706055,16.829999923706055,14.779882431030272,2395300
2014-04-11,NWSA,16.780000686645508,17.15999984741211,16.469999313354492,16.540000915527344,14.52520751953125,3203000
2014-04-11,NWSA,16.780000686645508,17.15999984741211,16.469999313354492,16.540000915527344,14.52520751953125,3203000
2014-04-14,NWSA,16.65999984741211,16.809999465942383,16.5,16.770000457763672,14.727190017700195,2453400
2014-04-14,NWSA,16.65999984741211,16.809999465942383,16.5,16.770000457763672,14.727190017700195,2453400
2014-04-15,NWSA,16.780000686645508,16.950000762939453,16.31999969482422,16.6299991607666,14.604244232177734,2191900
2014-04-15,NWSA,16.780000686645508,16.950000762939453,16.31999969482422,16.6299991607666,14.604244232177734,2191900
2014-04-16,NWSA,16.719999313354492,16.899999618530273,16.450000762939453,16.790000915527344,14.744755744934082,1600400
2014-04-16,NWSA,16.719999313354492,16.899999618530273,16.450000762939453,16.790000915527344,14.744755744934082,1600400
2014-04-17,NWSA,16.719999313354492,17.020000457763672,16.719999313354492,16.8799991607666,14.823790550231934,1113000
2014-04-17,NWSA,16.719999313354492,17.020000457763672,16.719999313354492,16.8799991607666,14.823790550231934,1113000
2014-04-21,NWSA,16.8700008392334,17.040000915527344,16.549999237060547,16.950000762939453,14.885265350341797,1777300
2014-04-21,NWSA,16.8700008392334,17.040000915527344,16.549999237060547,16.950000762939453,14.885265350341797,1777300
2014-04-22,NWSA,16.940000534057617,17.049999237060547,16.729999542236328,17.010000228881836,14.937955856323242,1297400
2014-04-22,NWSA,16.940000534057617,17.049999237060547,16.729999542236328,17.010000228881836,14.937955856323242,1297400
2014-04-23,NWSA,17.030000686645508,17.239999771118164,16.93000030517578,17.229999542236328,15.13115692138672,1563300
2014-04-23,NWSA,17.030000686645508,17.239999771118164,16.93000030517578,17.229999542236328,15.13115692138672,1563300
2014-04-24,NWSA,17.290000915527344,17.440000534057617,17.010000228881836,17.280000686645508,15.175066947937012,1958100
2014-04-24,NWSA,17.290000915527344,17.440000534057617,17.010000228881836,17.280000686645508,15.175066947937012,1958100
2014-04-25,NWSA,17.260000228881836,17.260000228881836,17.079999923706055,17.1299991607666,15.043336868286133,1166800
2014-04-25,NWSA,17.260000228881836,17.260000228881836,17.079999923706055,17.1299991607666,15.043336868286133,1166800
2014-04-28,NWSA,17.170000076293945,17.219999313354492,16.81999969482422,17.1299991607666,15.043336868286133,1787100
2014-04-28,NWSA,17.170000076293945,17.219999313354492,16.81999969482422,17.1299991607666,15.043336868286133,1787100
2014-04-29,NWSA,17.25,17.420000076293945,17.110000610351562,17.209999084472656,15.113591194152832,2230200
2014-04-29,NWSA,17.25,17.420000076293945,17.110000610351562,17.209999084472656,15.113591194152832,2230200
2014-04-30,NWSA,17.200000762939453,17.200000762939453,16.780000686645508,17.020000457763672,14.946738243103027,2780900
2014-04-30,NWSA,17.200000762939453,17.200000762939453,16.780000686645508,17.020000457763672,14.946738243103027,2780900
2014-05-01,NWSA,17.209999084472656,17.389999389648438,17.059999465942383,17.299999237060547,15.192627906799316,2417900
2014-05-01,NWSA,17.209999084472656,17.389999389648438,17.059999465942383,17.299999237060547,15.192627906799316,2417900
2014-05-02,NWSA,17.229999542236328,17.440000534057617,17.020000457763672,17.309999465942383,15.201410293579102,2118000
2014-05-02,NWSA,17.229999542236328,17.440000534057617,17.020000457763672,17.309999465942383,15.201410293579102,2118000
2014-05-05,NWSA,17.260000228881836,17.43000030517578,17.139999389648438,17.399999618530273,15.28044605255127,1564200
2014-05-05,NWSA,17.260000228881836,17.43000030517578,17.139999389648438,17.399999618530273,15.28044605255127,1564200
2014-05-06,NWSA,17.31999969482422,17.34000015258789,17.1299991607666,17.139999389648438,15.052119255065918,1908900
2014-05-06,NWSA,17.31999969482422,17.34000015258789,17.1299991607666,17.139999389648438,15.052119255065918,1908900
2014-05-07,NWSA,17.139999389648438,17.200000762939453,16.920000076293945,17.079999923706055,14.999424934387209,2508800
2014-05-07,NWSA,17.139999389648438,17.200000762939453,16.920000076293945,17.079999923706055,14.999424934387209,2508800
2014-05-08,NWSA,17.09000015258789,17.170000076293945,16.8799991607666,17.110000610351562,15.025776863098145,3885700
2014-05-08,NWSA,17.09000015258789,17.170000076293945,16.8799991607666,17.110000610351562,15.025776863098145,3885700
2014-05-09,NWSA,17.510000228881836,18.020000457763672,17.270000457763672,18.0,15.80735969543457,4623900
2014-05-09,NWSA,17.510000228881836,18.020000457763672,17.270000457763672,18.0,15.80735969543457,4623900
2014-05-12,NWSA,18.049999237060547,18.18000030517578,17.760000228881836,17.850000381469727,15.67563247680664,2926300
2014-05-12,NWSA,18.049999237060547,18.18000030517578,17.760000228881836,17.850000381469727,15.67563247680664,2926300
2014-05-13,NWSA,17.84000015258789,17.940000534057617,17.649999618530273,17.719999313354492,15.5614652633667,2205200
2014-05-13,NWSA,17.84000015258789,17.940000534057617,17.649999618530273,17.719999313354492,15.5614652633667,2205200
2014-05-14,NWSA,17.739999771118164,17.790000915527344,17.170000076293945,17.190000534057617,15.096026420593262,3964200
2014-05-14,NWSA,17.739999771118164,17.790000915527344,17.170000076293945,17.190000534057617,15.096026420593262,3964200
2014-05-15,NWSA,17.18000030517578,17.229999542236328,16.8700008392334,16.8700008392334,14.815008163452148,2974000
2014-05-15,NWSA,17.18000030517578,17.229999542236328,16.8700008392334,16.8700008392334,14.815008163452148,2974000
2014-05-16,NWSA,16.889999389648438,17.100000381469727,16.670000076293945,17.049999237060547,14.973077774047852,2826600
2014-05-16,NWSA,16.889999389648438,17.100000381469727,16.670000076293945,17.049999237060547,14.973077774047852,2826600
2014-05-19,NWSA,16.979999542236328,17.15999984741211,16.920000076293945,17.030000686645508,14.955517768859863,1613300
2014-05-19,NWSA,16.979999542236328,17.15999984741211,16.920000076293945,17.030000686645508,14.955517768859863,1613300
2014-05-20,NWSA,16.979999542236328,17.0,16.65999984741211,16.75,14.709628105163574,3511200
2014-05-20,NWSA,16.979999542236328,17.0,16.65999984741211,16.75,14.709628105163574,3511200
2014-05-21,NWSA,16.790000915527344,17.040000915527344,16.770000457763672,16.90999984741211,14.850136756896973,3463200
2014-05-21,NWSA,16.790000915527344,17.040000915527344,16.770000457763672,16.90999984741211,14.850136756896973,3463200
2014-05-22,NWSA,16.979999542236328,17.219999313354492,16.829999923706055,17.170000076293945,15.078465461730955,2657700
2014-05-22,NWSA,16.979999542236328,17.219999313354492,16.829999923706055,17.170000076293945,15.078465461730955,2657700
2014-05-23,NWSA,17.15999984741211,17.219999313354492,17.0,17.09000015258789,15.00821018218994,3382000
2014-05-23,NWSA,17.15999984741211,17.219999313354492,17.0,17.09000015258789,15.00821018218994,3382000
2014-05-27,NWSA,17.1299991607666,17.290000915527344,17.059999465942383,17.219999313354492,15.1223726272583,1829500
2014-05-27,NWSA,17.1299991607666,17.290000915527344,17.059999465942383,17.219999313354492,15.1223726272583,1829500
2014-05-28,NWSA,17.190000534057617,17.239999771118164,16.780000686645508,17.110000610351562,15.025776863098145,2019800
2014-05-28,NWSA,17.190000534057617,17.239999771118164,16.780000686645508,17.110000610351562,15.025776863098145,2019800
2014-05-29,NWSA,17.09000015258789,17.170000076293945,16.969999313354492,17.1200008392334,15.034555435180664,2734800
2014-05-29,NWSA,17.09000015258789,17.170000076293945,16.969999313354492,17.1200008392334,15.034555435180664,2734800
2014-05-30,NWSA,17.09000015258789,17.18000030517578,17.010000228881836,17.059999465942383,14.9818696975708,2971600
2014-05-30,NWSA,17.09000015258789,17.18000030517578,17.010000228881836,17.059999465942383,14.9818696975708,2971600
2014-06-02,NWSA,17.100000381469727,17.329999923706055,17.030000686645508,17.260000228881836,15.157504081726074,2176800
2014-06-02,NWSA,17.100000381469727,17.329999923706055,17.030000686645508,17.260000228881836,15.157504081726074,2176800
2014-06-03,NWSA,17.1299991607666,17.479999542236328,17.1299991607666,17.3700008392334,15.25410270690918,1993700
2014-06-03,NWSA,17.1299991607666,17.479999542236328,17.1299991607666,17.3700008392334,15.25410270690918,1993700
2014-06-04,NWSA,17.299999237060547,17.600000381469727,17.280000686645508,17.469999313354492,15.341920852661133,1802300
2014-06-04,NWSA,17.299999237060547,17.600000381469727,17.280000686645508,17.469999313354492,15.341920852661133,1802300
2014-06-05,NWSA,17.540000915527344,17.739999771118164,17.329999923706055,17.719999313354492,15.5614652633667,1616400
2014-06-05,NWSA,17.540000915527344,17.739999771118164,17.329999923706055,17.719999313354492,15.5614652633667,1616400
2014-06-06,NWSA,17.719999313354492,17.920000076293945,17.600000381469727,17.690000534057617,15.535122871398926,2294000
2014-06-06,NWSA,17.719999313354492,17.920000076293945,17.600000381469727,17.690000534057617,15.535122871398926,2294000
2014-06-09,NWSA,17.639999389648438,17.940000534057617,17.600000381469727,17.65999984741211,15.50877857208252,1958600
2014-06-09,NWSA,17.639999389648438,17.940000534057617,17.600000381469727,17.65999984741211,15.50877857208252,1958600
2014-06-10,NWSA,17.65999984741211,17.75,17.479999542236328,17.610000610351562,15.464865684509276,1789300
2014-06-10,NWSA,17.65999984741211,17.75,17.479999542236328,17.610000610351562,15.464865684509276,1789300
2014-06-11,NWSA,17.6299991607666,17.68000030517578,17.510000228881836,17.6299991607666,15.482428550720217,1201800
2014-06-11,NWSA,17.6299991607666,17.68000030517578,17.510000228881836,17.6299991607666,15.482428550720217,1201800
2014-06-12,NWSA,17.559999465942383,17.559999465942383,17.299999237060547,17.299999237060547,15.192627906799316,7379600
2014-06-12,NWSA,17.559999465942383,17.559999465942383,17.299999237060547,17.299999237060547,15.192627906799316,7379600
2014-06-13,NWSA,17.3799991607666,17.600000381469727,17.139999389648438,17.229999542236328,15.13115692138672,2298500
2014-06-13,NWSA,17.3799991607666,17.600000381469727,17.139999389648438,17.229999542236328,15.13115692138672,2298500
2014-06-16,NWSA,17.139999389648438,17.229999542236328,16.920000076293945,17.1200008392334,15.034555435180664,2710500
2014-06-16,NWSA,17.139999389648438,17.229999542236328,16.920000076293945,17.1200008392334,15.034555435180664,2710500
2014-06-17,NWSA,17.059999465942383,17.280000686645508,17.010000228881836,17.25,15.148722648620604,1869200
2014-06-17,NWSA,17.059999465942383,17.280000686645508,17.010000228881836,17.25,15.148722648620604,1869200
2014-06-18,NWSA,17.25,17.579999923706055,17.190000534057617,17.579999923706055,15.438521385192873,3342300
2014-06-18,NWSA,17.25,17.579999923706055,17.190000534057617,17.579999923706055,15.438521385192873,3342300
2014-06-19,NWSA,17.520000457763672,17.68000030517578,17.229999542236328,17.670000076293945,15.517560005187988,3407300
2014-06-19,NWSA,17.520000457763672,17.68000030517578,17.229999542236328,17.670000076293945,15.517560005187988,3407300
2014-06-20,NWSA,17.760000228881836,17.809999465942383,17.34000015258789,17.6299991607666,15.482428550720217,4562300
2014-06-20,NWSA,17.760000228881836,17.809999465942383,17.34000015258789,17.6299991607666,15.482428550720217,4562300
2014-06-23,NWSA,17.690000534057617,17.709999084472656,17.270000457763672,17.3700008392334,15.25410270690918,3982900
2014-06-23,NWSA,17.690000534057617,17.709999084472656,17.270000457763672,17.3700008392334,15.25410270690918,3982900
2014-06-24,NWSA,17.3799991607666,17.639999389648438,17.190000534057617,17.489999771118164,15.359481811523438,3323100
2014-06-24,NWSA,17.3799991607666,17.639999389648438,17.190000534057617,17.489999771118164,15.359481811523438,3323100
2014-06-25,NWSA,17.40999984741211,17.780000686645508,17.260000228881836,17.709999084472656,15.552684783935549,3172600
2014-06-25,NWSA,17.40999984741211,17.780000686645508,17.260000228881836,17.709999084472656,15.552684783935549,3172600
2014-06-26,NWSA,17.799999237060547,18.030000686645508,17.549999237060547,18.020000457763672,15.824921607971191,6005500
2014-06-26,NWSA,17.799999237060547,18.030000686645508,17.549999237060547,18.020000457763672,15.824921607971191,6005500
2014-06-27,NWSA,17.899999618530273,18.07999992370605,17.809999465942383,17.979999542236328,15.789798736572266,17508800
2014-06-27,NWSA,17.899999618530273,18.07999992370605,17.809999465942383,17.979999542236328,15.789798736572266,17508800
2014-06-30,NWSA,17.969999313354492,18.1200008392334,17.770000457763672,17.940000534057617,15.75467014312744,3933100
2014-06-30,NWSA,17.969999313354492,18.1200008392334,17.770000457763672,17.940000534057617,15.75467014312744,3933100
2014-07-01,NWSA,18.020000457763672,18.18000030517578,16.719999313354492,18.100000381469727,15.89517593383789,2928000
2014-07-01,NWSA,18.020000457763672,18.18000030517578,16.719999313354492,18.100000381469727,15.89517593383789,2928000
2014-07-02,NWSA,18.030000686645508,18.299999237060547,17.979999542236328,18.26000022888184,16.035686492919922,2973400
2014-07-02,NWSA,18.030000686645508,18.299999237060547,17.979999542236328,18.26000022888184,16.035686492919922,2973400
2014-07-03,NWSA,18.270000457763672,18.34000015258789,18.18000030517578,18.280000686645508,16.053253173828125,1421400
2014-07-03,NWSA,18.270000457763672,18.34000015258789,18.18000030517578,18.280000686645508,16.053253173828125,1421400
2014-07-07,NWSA,18.239999771118164,18.25,18.09000015258789,18.1200008392334,15.912741661071776,1954000
2014-07-07,NWSA,18.239999771118164,18.25,18.09000015258789,18.1200008392334,15.912741661071776,1954000
2014-07-08,NWSA,18.170000076293945,18.299999237060547,17.989999771118164,18.13999938964844,15.930303573608398,3532700
2014-07-08,NWSA,18.170000076293945,18.299999237060547,17.989999771118164,18.13999938964844,15.930303573608398,3532700
2014-07-09,NWSA,18.239999771118164,18.3700008392334,18.11000061035156,18.21999931335449,16.00056266784668,4516800
2014-07-09,NWSA,18.239999771118164,18.3700008392334,18.11000061035156,18.21999931335449,16.00056266784668,4516800
2014-07-10,NWSA,18.100000381469727,18.1299991607666,17.920000076293945,17.989999771118164,15.798578262329102,4187700
2014-07-10,NWSA,18.100000381469727,18.1299991607666,17.920000076293945,17.989999771118164,15.798578262329102,4187700
2014-07-11,NWSA,18.0,18.18000030517578,17.959999084472656,18.09000015258789,15.886399269104004,2522200
2014-07-11,NWSA,18.0,18.18000030517578,17.959999084472656,18.09000015258789,15.886399269104004,2522200
2014-07-14,NWSA,18.190000534057617,18.239999771118164,18.020000457763672,18.18000030517578,15.965431213378906,2144900
2014-07-14,NWSA,18.190000534057617,18.239999771118164,18.020000457763672,18.18000030517578,15.965431213378906,2144900
2014-07-15,NWSA,18.18000030517578,18.38999938964844,18.1299991607666,18.270000457763672,16.044471740722656,4050100
2014-07-15,NWSA,18.18000030517578,18.38999938964844,18.1299991607666,18.270000457763672,16.044471740722656,4050100
2014-07-16,NWSA,18.26000022888184,18.40999984741211,18.170000076293945,18.229999542236328,16.009342193603516,2717000
2014-07-16,NWSA,18.26000022888184,18.40999984741211,18.170000076293945,18.229999542236328,16.009342193603516,2717000
2014-07-17,NWSA,18.200000762939453,18.239999771118164,18.040000915527344,18.049999237060547,15.851266860961914,2809400
2014-07-17,NWSA,18.200000762939453,18.239999771118164,18.040000915527344,18.049999237060547,15.851266860961914,2809400
2014-07-18,NWSA,18.1200008392334,18.280000686645508,18.0,18.21999931335449,16.00056266784668,1713400
2014-07-18,NWSA,18.1200008392334,18.280000686645508,18.0,18.21999931335449,16.00056266784668,1713400
2014-07-21,NWSA,18.07999992370605,18.299999237060547,18.0,18.1299991607666,15.92152500152588,1932900
2014-07-21,NWSA,18.07999992370605,18.299999237060547,18.0,18.1299991607666,15.92152500152588,1932900
2014-07-22,NWSA,18.229999542236328,18.270000457763672,18.030000686645508,18.100000381469727,15.89517593383789,1590100
2014-07-22,NWSA,18.229999542236328,18.270000457763672,18.030000686645508,18.100000381469727,15.89517593383789,1590100
2014-07-23,NWSA,18.040000915527344,18.1299991607666,17.920000076293945,18.11000061035156,15.903959274291992,2878800
2014-07-23,NWSA,18.040000915527344,18.1299991607666,17.920000076293945,18.11000061035156,15.903959274291992,2878800
2014-07-24,NWSA,18.190000534057617,18.309999465942383,18.09000015258789,18.290000915527344,16.062034606933594,2703200
2014-07-24,NWSA,18.190000534057617,18.309999465942383,18.09000015258789,18.290000915527344,16.062034606933594,2703200
2014-07-25,NWSA,18.25,18.290000915527344,18.1200008392334,18.13999938964844,15.930303573608398,3757200
2014-07-25,NWSA,18.25,18.290000915527344,18.1200008392334,18.13999938964844,15.930303573608398,3757200
2014-07-28,NWSA,18.100000381469727,18.11000061035156,17.899999618530273,18.059999465942383,15.860052108764648,2637800
2014-07-28,NWSA,18.100000381469727,18.11000061035156,17.899999618530273,18.059999465942383,15.860052108764648,2637800
2014-07-29,NWSA,18.11000061035156,18.200000762939453,17.850000381469727,17.8700008392334,15.693199157714844,3143200
2014-07-29,NWSA,18.11000061035156,18.200000762939453,17.850000381469727,17.8700008392334,15.693199157714844,3143200
2014-07-30,NWSA,17.899999618530273,18.030000686645508,17.709999084472656,17.850000381469727,15.67563247680664,3688900
2014-07-30,NWSA,17.899999618530273,18.030000686645508,17.709999084472656,17.850000381469727,15.67563247680664,3688900
2014-07-31,NWSA,17.770000457763672,17.93000030517578,17.6200008392334,17.649999618530273,15.499991416931152,2700700
2014-07-31,NWSA,17.770000457763672,17.93000030517578,17.6200008392334,17.649999618530273,15.499991416931152,2700700
2014-08-01,NWSA,17.6299991607666,17.850000381469727,17.579999923706055,17.770000457763672,15.60537815093994,2618600
2014-08-01,NWSA,17.6299991607666,17.850000381469727,17.579999923706055,17.770000457763672,15.60537815093994,2618600
2014-08-04,NWSA,17.799999237060547,17.8799991607666,17.610000610351562,17.84000015258789,15.666848182678224,2317200
2014-08-04,NWSA,17.799999237060547,17.8799991607666,17.610000610351562,17.84000015258789,15.666848182678224,2317200
2014-08-05,NWSA,17.459999084472656,17.809999465942383,17.459999084472656,17.649999618530273,15.499991416931152,2887400
2014-08-05,NWSA,17.459999084472656,17.809999465942383,17.459999084472656,17.649999618530273,15.499991416931152,2887400
2014-08-06,NWSA,17.600000381469727,17.709999084472656,17.5,17.6299991607666,15.482428550720217,2169500
2014-08-06,NWSA,17.600000381469727,17.709999084472656,17.5,17.6299991607666,15.482428550720217,2169500
2014-08-07,NWSA,17.719999313354492,17.719999313354492,17.3700008392334,17.420000076293945,15.298012733459473,6681600
2014-08-07,NWSA,17.719999313354492,17.719999313354492,17.3700008392334,17.420000076293945,15.298012733459473,6681600
2014-08-08,NWSA,16.459999084472656,17.270000457763672,16.329999923706055,17.149999618530273,15.06089973449707,13430800
2014-08-08,NWSA,16.459999084472656,17.270000457763672,16.329999923706055,17.149999618530273,15.06089973449707,13430800
2014-08-11,NWSA,17.170000076293945,17.459999084472656,17.15999984741211,17.34000015258789,15.22775936126709,5998300
2014-08-11,NWSA,17.170000076293945,17.459999084472656,17.15999984741211,17.34000015258789,15.22775936126709,5998300
2014-08-12,NWSA,17.360000610351562,17.5,17.219999313354492,17.25,15.148722648620604,5013200
2014-08-12,NWSA,17.360000610351562,17.5,17.219999313354492,17.25,15.148722648620604,5013200
2014-08-13,NWSA,16.5,17.329999923706055,16.420000076293945,17.110000610351562,15.025776863098145,4534300
2014-08-13,NWSA,16.5,17.329999923706055,16.420000076293945,17.110000610351562,15.025776863098145,4534300
2014-08-14,NWSA,17.170000076293945,17.31999969482422,17.1299991607666,17.309999465942383,15.201410293579102,1905800
2014-08-14,NWSA,17.170000076293945,17.31999969482422,17.1299991607666,17.309999465942383,15.201410293579102,1905800
2014-08-15,NWSA,17.360000610351562,17.3799991607666,17.149999618530273,17.25,15.148722648620604,2948800
2014-08-15,NWSA,17.360000610351562,17.3799991607666,17.149999618530273,17.25,15.148722648620604,2948800
2014-08-18,NWSA,17.270000457763672,17.40999984741211,17.149999618530273,17.200000762939453,15.104814529418944,4254500
2014-08-18,NWSA,17.270000457763672,17.40999984741211,17.149999618530273,17.200000762939453,15.104814529418944,4254500
2014-08-19,NWSA,17.15999984741211,17.239999771118164,17.06999969482422,17.149999618530273,15.06089973449707,3164400
2014-08-19,NWSA,17.15999984741211,17.239999771118164,17.06999969482422,17.149999618530273,15.06089973449707,3164400
2014-08-20,NWSA,17.139999389648438,17.5,17.079999923706055,17.450000762939453,15.32435417175293,2803400
2014-08-20,NWSA,17.139999389648438,17.5,17.079999923706055,17.450000762939453,15.32435417175293,2803400
2014-08-21,NWSA,17.469999313354492,17.600000381469727,17.389999389648438,17.579999923706055,15.438521385192873,3522400
2014-08-21,NWSA,17.469999313354492,17.600000381469727,17.389999389648438,17.579999923706055,15.438521385192873,3522400
2014-08-22,NWSA,17.600000381469727,17.600000381469727,17.389999389648438,17.489999771118164,15.359481811523438,2242800
2014-08-22,NWSA,17.600000381469727,17.600000381469727,17.389999389648438,17.489999771118164,15.359481811523438,2242800
2014-08-25,NWSA,17.549999237060547,17.65999984741211,17.469999313354492,17.65999984741211,15.50877857208252,1954000
2014-08-25,NWSA,17.549999237060547,17.65999984741211,17.469999313354492,17.65999984741211,15.50877857208252,1954000
2014-08-26,NWSA,17.709999084472656,17.709999084472656,17.59000015258789,17.6200008392334,15.473648071289062,1349400
2014-08-26,NWSA,17.709999084472656,17.709999084472656,17.59000015258789,17.6200008392334,15.473648071289062,1349400
2014-08-27,NWSA,17.610000610351562,17.68000030517578,17.540000915527344,17.68000030517578,15.526337623596191,1802300
2014-08-27,NWSA,17.610000610351562,17.68000030517578,17.540000915527344,17.68000030517578,15.526337623596191,1802300
2014-08-28,NWSA,17.649999618530273,17.75,17.510000228881836,17.670000076293945,15.517560005187988,2239400
2014-08-28,NWSA,17.649999618530273,17.75,17.510000228881836,17.670000076293945,15.517560005187988,2239400
2014-08-29,NWSA,17.68000030517578,17.719999313354492,17.540000915527344,17.6299991607666,15.482428550720217,2377200
2014-08-29,NWSA,17.68000030517578,17.719999313354492,17.540000915527344,17.6299991607666,15.482428550720217,2377200
2014-09-02,NWSA,17.649999618530273,17.739999771118164,17.420000076293945,17.43000030517578,15.30679416656494,4195600
2014-09-02,NWSA,17.649999618530273,17.739999771118164,17.420000076293945,17.43000030517578,15.30679416656494,4195600
2014-09-03,NWSA,17.520000457763672,17.639999389648438,17.520000457763672,17.600000381469727,15.45608901977539,2224600
2014-09-03,NWSA,17.520000457763672,17.639999389648438,17.520000457763672,17.600000381469727,15.45608901977539,2224600
2014-09-04,NWSA,17.670000076293945,17.799999237060547,17.56999969482422,17.600000381469727,15.45608901977539,1900400
2014-09-04,NWSA,17.670000076293945,17.799999237060547,17.56999969482422,17.600000381469727,15.45608901977539,1900400
2014-09-05,NWSA,17.540000915527344,17.75,17.540000915527344,17.75,15.587811470031738,2047200
2014-09-05,NWSA,17.540000915527344,17.75,17.540000915527344,17.75,15.587811470031738,2047200
2014-09-08,NWSA,17.700000762939453,17.739999771118164,17.559999465942383,17.6200008392334,15.473648071289062,2089400
2014-09-08,NWSA,17.700000762939453,17.739999771118164,17.559999465942383,17.6200008392334,15.473648071289062,2089400
2014-09-09,NWSA,17.610000610351562,17.6200008392334,17.270000457763672,17.290000915527344,15.183849334716797,2590900
2014-09-09,NWSA,17.610000610351562,17.6200008392334,17.270000457763672,17.290000915527344,15.183849334716797,2590900
2014-09-10,NWSA,17.270000457763672,17.510000228881836,17.200000762939453,17.469999313354492,15.341920852661133,1652100
2014-09-10,NWSA,17.270000457763672,17.510000228881836,17.200000762939453,17.469999313354492,15.341920852661133,1652100
2014-09-11,NWSA,17.40999984741211,17.469999313354492,17.260000228881836,17.280000686645508,15.175066947937012,1507600
2014-09-11,NWSA,17.40999984741211,17.469999313354492,17.260000228881836,17.280000686645508,15.175066947937012,1507600
2014-09-12,NWSA,17.270000457763672,17.270000457763672,17.049999237060547,17.1200008392334,15.034555435180664,1782300
2014-09-12,NWSA,17.270000457763672,17.270000457763672,17.049999237060547,17.1200008392334,15.034555435180664,1782300
2014-09-15,NWSA,17.149999618530273,17.290000915527344,16.8700008392334,17.049999237060547,14.973077774047852,2548300
2014-09-15,NWSA,17.149999618530273,17.290000915527344,16.8700008392334,17.049999237060547,14.973077774047852,2548300
2014-09-16,NWSA,17.020000457763672,17.18000030517578,16.979999542236328,17.040000915527344,14.96430206298828,1766900
2014-09-16,NWSA,17.020000457763672,17.18000030517578,16.979999542236328,17.040000915527344,14.96430206298828,1766900
2014-09-17,NWSA,17.030000686645508,17.139999389648438,16.90999984741211,17.040000915527344,14.96430206298828,2411800
2014-09-17,NWSA,17.030000686645508,17.139999389648438,16.90999984741211,17.040000915527344,14.96430206298828,2411800
2014-09-18,NWSA,17.06999969482422,17.15999984741211,16.940000534057617,17.030000686645508,14.955517768859863,2598700
2014-09-18,NWSA,17.06999969482422,17.15999984741211,16.940000534057617,17.030000686645508,14.955517768859863,2598700
2014-09-19,NWSA,17.1200008392334,17.25,17.020000457763672,17.219999313354492,15.1223726272583,3239700
2014-09-19,NWSA,17.1200008392334,17.25,17.020000457763672,17.219999313354492,15.1223726272583,3239700
2014-09-22,NWSA,17.139999389648438,17.219999313354492,17.010000228881836,17.049999237060547,14.973077774047852,2704200
2014-09-22,NWSA,17.139999389648438,17.219999313354492,17.010000228881836,17.049999237060547,14.973077774047852,2704200
2014-09-23,NWSA,16.979999542236328,17.09000015258789,16.920000076293945,16.920000076293945,14.85891819000244,3013400
2014-09-23,NWSA,16.979999542236328,17.09000015258789,16.920000076293945,16.920000076293945,14.85891819000244,3013400
2014-09-24,NWSA,16.889999389648438,16.989999771118164,16.790000915527344,16.90999984741211,14.850136756896973,2351800
2014-09-24,NWSA,16.889999389648438,16.989999771118164,16.790000915527344,16.90999984741211,14.850136756896973,2351800
2014-09-25,NWSA,16.780000686645508,16.8799991607666,16.68000030517578,16.709999084472656,14.6744966506958,2239600
2014-09-25,NWSA,16.780000686645508,16.8799991607666,16.68000030517578,16.709999084472656,14.6744966506958,2239600
2014-09-26,NWSA,16.709999084472656,17.0,16.690000534057617,16.979999542236328,14.91160774230957,1981400
2014-09-26,NWSA,16.709999084472656,17.0,16.690000534057617,16.979999542236328,14.91160774230957,1981400
2014-09-29,NWSA,16.8799991607666,16.959999084472656,16.719999313354492,16.799999237060547,14.753534317016602,6009300
2014-09-29,NWSA,16.8799991607666,16.959999084472656,16.719999313354492,16.799999237060547,14.753534317016602,6009300
2014-09-30,NWSA,16.719999313354492,16.770000457763672,16.329999923706055,16.350000381469727,14.35835075378418,9190600
2014-09-30,NWSA,16.719999313354492,16.770000457763672,16.329999923706055,16.350000381469727,14.35835075378418,9190600
2014-10-01,NWSA,16.270000457763672,16.34000015258789,15.949999809265137,15.979999542236328,14.03342342376709,8270600
2014-10-01,NWSA,16.270000457763672,16.34000015258789,15.949999809265137,15.979999542236328,14.03342342376709,8270600
2014-10-02,NWSA,16.0,16.06999969482422,15.68000030517578,15.8100004196167,13.884130477905272,5823600
2014-10-02,NWSA,16.0,16.06999969482422,15.68000030517578,15.8100004196167,13.884130477905272,5823600
2014-10-03,NWSA,15.880000114440918,15.989999771118164,15.850000381469728,15.90999984741211,13.971949577331545,6948700
2014-10-03,NWSA,15.880000114440918,15.989999771118164,15.850000381469728,15.90999984741211,13.971949577331545,6948700
2014-10-06,NWSA,15.960000038146973,16.049999237060547,15.869999885559082,15.93000030517578,13.989513397216797,7170500
2014-10-06,NWSA,15.960000038146973,16.049999237060547,15.869999885559082,15.93000030517578,13.989513397216797,7170500
2014-10-07,NWSA,15.84000015258789,15.920000076293944,15.470000267028809,15.470000267028809,13.585546493530272,7976600
2014-10-07,NWSA,15.84000015258789,15.920000076293944,15.470000267028809,15.470000267028809,13.585546493530272,7976600
2014-10-08,NWSA,15.5,15.979999542236328,15.460000038146973,15.979999542236328,14.03342342376709,7541600
2014-10-08,NWSA,15.5,15.979999542236328,15.460000038146973,15.979999542236328,14.03342342376709,7541600
2014-10-09,NWSA,15.970000267028809,15.970000267028809,15.369999885559082,15.479999542236328,13.59432888031006,6348700
2014-10-09,NWSA,15.970000267028809,15.970000267028809,15.369999885559082,15.479999542236328,13.59432888031006,6348700
2014-10-10,NWSA,15.5,15.619999885559082,15.100000381469728,15.109999656677246,13.269402503967283,3119100
2014-10-10,NWSA,15.5,15.619999885559082,15.100000381469728,15.109999656677246,13.269402503967283,3119100
2014-10-13,NWSA,15.029999732971191,15.100000381469728,14.630000114440918,14.640000343322754,12.85665225982666,4396100
2014-10-13,NWSA,15.029999732971191,15.100000381469728,14.630000114440918,14.640000343322754,12.85665225982666,4396100
2014-10-14,NWSA,14.770000457763672,15.050000190734863,14.739999771118164,14.789999961853027,12.98837947845459,3988300
2014-10-14,NWSA,14.770000457763672,15.050000190734863,14.739999771118164,14.789999961853027,12.98837947845459,3988300
2014-10-15,NWSA,14.510000228881836,14.960000038146973,14.470000267028809,14.699999809265137,12.909345626831056,5606900
2014-10-15,NWSA,14.510000228881836,14.960000038146973,14.470000267028809,14.699999809265137,12.909345626831056,5606900
2014-10-16,NWSA,14.420000076293944,14.829999923706056,14.279999732971191,14.600000381469728,12.821526527404783,9051800
2014-10-16,NWSA,14.420000076293944,14.829999923706056,14.279999732971191,14.600000381469728,12.821526527404783,9051800
2014-10-17,NWSA,14.770000457763672,14.9399995803833,14.579999923706056,14.710000038146973,12.918127059936523,4851300
2014-10-17,NWSA,14.770000457763672,14.9399995803833,14.579999923706056,14.710000038146973,12.918127059936523,4851300
2014-10-20,NWSA,14.829999923706056,14.90999984741211,14.600000381469728,14.899999618530272,13.084980010986328,4289900
2014-10-20,NWSA,14.829999923706056,14.90999984741211,14.600000381469728,14.899999618530272,13.084980010986328,4289900
2014-10-21,NWSA,15.0,15.470000267028809,15.0,15.40999984741211,13.532855987548828,4518900
2014-10-21,NWSA,15.0,15.470000267028809,15.0,15.40999984741211,13.532855987548828,4518900
2014-10-22,NWSA,15.390000343322754,15.65999984741211,15.25,15.260000228881836,13.401128768920898,6159900
2014-10-22,NWSA,15.390000343322754,15.65999984741211,15.25,15.260000228881836,13.401128768920898,6159900
2014-10-23,NWSA,15.539999961853027,15.630000114440918,15.390000343322754,15.510000228881836,13.620675086975098,2345900
2014-10-23,NWSA,15.539999961853027,15.630000114440918,15.390000343322754,15.510000228881836,13.620675086975098,2345900
2014-10-24,NWSA,15.5,15.760000228881836,15.479999542236328,15.729999542236328,13.81387424468994,2193600
2014-10-24,NWSA,15.5,15.760000228881836,15.479999542236328,15.729999542236328,13.81387424468994,2193600
2014-10-27,NWSA,15.710000038146973,15.710000038146973,15.380000114440918,15.460000038146973,13.576765060424805,2684400
2014-10-27,NWSA,15.710000038146973,15.710000038146973,15.380000114440918,15.460000038146973,13.576765060424805,2684400
2014-10-28,NWSA,15.470000267028809,15.56999969482422,15.369999885559082,15.529999732971191,13.63823699951172,2926500
2014-10-28,NWSA,15.470000267028809,15.56999969482422,15.369999885559082,15.529999732971191,13.63823699951172,2926500
2014-10-29,NWSA,15.479999542236328,15.649999618530272,15.420000076293944,15.529999732971191,13.63823699951172,1923200
2014-10-29,NWSA,15.479999542236328,15.649999618530272,15.420000076293944,15.529999732971191,13.63823699951172,1923200
2014-10-30,NWSA,15.4399995803833,15.609999656677246,15.350000381469728,15.489999771118164,13.603110313415527,2491700
2014-10-30,NWSA,15.4399995803833,15.609999656677246,15.350000381469728,15.489999771118164,13.603110313415527,2491700
2014-10-31,NWSA,15.739999771118164,15.800000190734863,15.289999961853027,15.479999542236328,13.59432888031006,4080400
2014-10-31,NWSA,15.739999771118164,15.800000190734863,15.289999961853027,15.479999542236328,13.59432888031006,4080400
2014-11-03,NWSA,15.770000457763672,15.779999732971191,15.43000030517578,15.5600004196167,13.664587020874023,2643600
2014-11-03,NWSA,15.770000457763672,15.779999732971191,15.43000030517578,15.5600004196167,13.664587020874023,2643600
2014-11-04,NWSA,15.489999771118164,15.649999618530272,15.06999969482422,15.149999618530272,13.304525375366213,4750700
2014-11-04,NWSA,15.489999771118164,15.649999618530272,15.06999969482422,15.149999618530272,13.304525375366213,4750700
2014-11-05,NWSA,15.279999732971191,15.449999809265137,15.149999618530272,15.300000190734863,13.436256408691406,2763800
2014-11-05,NWSA,15.279999732971191,15.449999809265137,15.149999618530272,15.300000190734863,13.436256408691406,2763800
2014-11-06,NWSA,15.84000015258789,15.90999984741211,15.31999969482422,15.329999923706056,13.462600708007812,9514200
2014-11-06,NWSA,15.84000015258789,15.90999984741211,15.31999969482422,15.329999923706056,13.462600708007812,9514200
2014-11-07,NWSA,15.270000457763672,15.40999984741211,15.140000343322754,15.149999618530272,13.304525375366213,4958200
2014-11-07,NWSA,15.270000457763672,15.40999984741211,15.140000343322754,15.149999618530272,13.304525375366213,4958200
2014-11-10,NWSA,15.130000114440918,15.300000190734863,15.079999923706056,15.239999771118164,13.383564949035645,4361500
2014-11-10,NWSA,15.130000114440918,15.300000190734863,15.079999923706056,15.239999771118164,13.383564949035645,4361500
2014-11-11,NWSA,15.260000228881836,15.380000114440918,15.149999618530272,15.239999771118164,13.383564949035645,4077000
2014-11-11,NWSA,15.260000228881836,15.380000114440918,15.149999618530272,15.239999771118164,13.383564949035645,4077000
2014-11-12,NWSA,15.18000030517578,15.43000030517578,15.18000030517578,15.270000457763672,13.409912109375,3882000
2014-11-12,NWSA,15.18000030517578,15.43000030517578,15.18000030517578,15.270000457763672,13.409912109375,3882000
2014-11-13,NWSA,15.329999923706056,15.329999923706056,14.850000381469728,14.989999771118164,13.164016723632812,8896600
2014-11-13,NWSA,15.329999923706056,15.329999923706056,14.850000381469728,14.989999771118164,13.164016723632812,8896600
2014-11-14,NWSA,14.949999809265137,15.199999809265137,14.93000030517578,15.199999809265137,13.348437309265137,2692400
2014-11-14,NWSA,14.949999809265137,15.199999809265137,14.93000030517578,15.199999809265137,13.348437309265137,2692400
2014-11-17,NWSA,15.1899995803833,15.239999771118164,14.920000076293944,15.039999961853027,13.207930564880373,7164200
2014-11-17,NWSA,15.1899995803833,15.239999771118164,14.920000076293944,15.039999961853027,13.207930564880373,7164200
2014-11-18,NWSA,14.979999542236328,15.119999885559082,14.960000038146973,15.010000228881836,13.181581497192385,6601000
2014-11-18,NWSA,14.979999542236328,15.119999885559082,14.960000038146973,15.010000228881836,13.181581497192385,6601000
2014-11-19,NWSA,15.039999961853027,15.220000267028809,14.90999984741211,15.1899995803833,13.339653968811035,10770900
2014-11-19,NWSA,15.039999961853027,15.220000267028809,14.90999984741211,15.1899995803833,13.339653968811035,10770900
2014-11-20,NWSA,14.6899995803833,15.210000038146973,14.68000030517578,15.140000343322754,13.295746803283691,7643600
2014-11-20,NWSA,14.6899995803833,15.210000038146973,14.68000030517578,15.140000343322754,13.295746803283691,7643600
2014-11-21,NWSA,15.31999969482422,15.359999656677246,15.079999923706056,15.170000076293944,13.32209300994873,5263400
2014-11-21,NWSA,15.31999969482422,15.359999656677246,15.079999923706056,15.170000076293944,13.32209300994873,5263400
2014-11-24,NWSA,15.329999923706056,15.529999732971191,15.06999969482422,15.460000038146973,13.576765060424805,7758000
2014-11-24,NWSA,15.329999923706056,15.529999732971191,15.06999969482422,15.460000038146973,13.576765060424805,7758000
2014-11-25,NWSA,15.5600004196167,15.579999923706056,15.40999984741211,15.449999809265137,13.567984580993652,4557100
2014-11-25,NWSA,15.5600004196167,15.579999923706056,15.40999984741211,15.449999809265137,13.567984580993652,4557100
2014-11-26,NWSA,15.449999809265137,15.6899995803833,15.40999984741211,15.68000030517578,13.769967079162598,3861900
2014-11-26,NWSA,15.449999809265137,15.6899995803833,15.40999984741211,15.68000030517578,13.769967079162598,3861900
2014-11-28,NWSA,15.699999809265137,15.699999809265137,15.470000267028809,15.520000457763672,13.629457473754885,1813000
2014-11-28,NWSA,15.699999809265137,15.699999809265137,15.470000267028809,15.520000457763672,13.629457473754885,1813000
2014-12-01,NWSA,15.670000076293944,15.6899995803833,15.40999984741211,15.5600004196167,13.664587020874023,3461000
2014-12-01,NWSA,15.670000076293944,15.6899995803833,15.40999984741211,15.5600004196167,13.664587020874023,3461000
2014-12-02,NWSA,15.600000381469728,15.779999732971191,15.489999771118164,15.739999771118164,13.82265567779541,3297100
2014-12-02,NWSA,15.600000381469728,15.779999732971191,15.489999771118164,15.739999771118164,13.82265567779541,3297100
2014-12-03,NWSA,15.720000267028809,15.8100004196167,15.619999885559082,15.789999961853027,13.866568565368652,4387400
2014-12-03,NWSA,15.720000267028809,15.8100004196167,15.619999885559082,15.789999961853027,13.866568565368652,4387400
2014-12-04,NWSA,15.720000267028809,15.829999923706056,15.59000015258789,15.710000038146973,13.796311378479004,3567100
2014-12-04,NWSA,15.720000267028809,15.829999923706056,15.59000015258789,15.710000038146973,13.796311378479004,3567100
2014-12-05,NWSA,15.710000038146973,15.84000015258789,15.630000114440918,15.81999969482422,13.892914772033691,3263700
2014-12-05,NWSA,15.710000038146973,15.84000015258789,15.630000114440918,15.81999969482422,13.892914772033691,3263700
2014-12-08,NWSA,15.8100004196167,15.81999969482422,15.460000038146973,15.5,13.611894607543944,4257100
2014-12-08,NWSA,15.8100004196167,15.81999969482422,15.460000038146973,15.5,13.611894607543944,4257100
2014-12-09,NWSA,15.369999885559082,15.699999809265137,15.359999656677246,15.6899995803833,13.778748512268066,3624100
2014-12-09,NWSA,15.369999885559082,15.699999809265137,15.359999656677246,15.6899995803833,13.778748512268066,3624100
2014-12-10,NWSA,15.609999656677246,15.649999618530272,15.3100004196167,15.34000015258789,13.471384048461914,3756400
2014-12-10,NWSA,15.609999656677246,15.649999618530272,15.3100004196167,15.34000015258789,13.471384048461914,3756400
2014-12-11,NWSA,15.600000381469728,15.600000381469728,15.229999542236328,15.329999923706056,13.462600708007812,3718800
2014-12-11,NWSA,15.600000381469728,15.600000381469728,15.229999542236328,15.329999923706056,13.462600708007812,3718800
2014-12-12,NWSA,15.1899995803833,15.289999961853027,15.050000190734863,15.050000190734863,13.21670913696289,3817800
2014-12-12,NWSA,15.1899995803833,15.289999961853027,15.050000190734863,15.050000190734863,13.21670913696289,3817800
2014-12-15,NWSA,15.09000015258789,15.18000030517578,14.739999771118164,14.760000228881836,12.962035179138184,3608400
2014-12-15,NWSA,15.09000015258789,15.18000030517578,14.739999771118164,14.760000228881836,12.962035179138184,3608400
2014-12-16,NWSA,14.779999732971191,15.109999656677246,14.630000114440918,14.630000114440918,12.847870826721191,4151300
2014-12-16,NWSA,14.779999732971191,15.109999656677246,14.630000114440918,14.630000114440918,12.847870826721191,4151300
2014-12-17,NWSA,14.630000114440918,14.93000030517578,14.59000015258789,14.890000343322754,13.07619857788086,3573300
2014-12-17,NWSA,14.630000114440918,14.93000030517578,14.59000015258789,14.890000343322754,13.07619857788086,3573300
2014-12-18,NWSA,15.130000114440918,15.34000015258789,14.9399995803833,15.020000457763672,13.190362930297852,4005600
2014-12-18,NWSA,15.130000114440918,15.34000015258789,14.9399995803833,15.020000457763672,13.190362930297852,4005600
2014-12-19,NWSA,15.0600004196167,15.279999732971191,15.0600004196167,15.220000267028809,13.366000175476074,6995400
2014-12-19,NWSA,15.0600004196167,15.279999732971191,15.0600004196167,15.220000267028809,13.366000175476074,6995400
2014-12-22,NWSA,15.270000457763672,15.489999771118164,15.15999984741211,15.380000114440918,13.506508827209473,3942500
2014-12-22,NWSA,15.270000457763672,15.489999771118164,15.15999984741211,15.380000114440918,13.506508827209473,3942500
2014-12-23,NWSA,15.40999984741211,15.670000076293944,15.34000015258789,15.609999656677246,13.708494186401367,2341300
2014-12-23,NWSA,15.40999984741211,15.670000076293944,15.34000015258789,15.609999656677246,13.708494186401367,2341300
2014-12-24,NWSA,15.68000030517578,15.68000030517578,15.300000190734863,15.479999542236328,13.59432888031006,1496000
2014-12-24,NWSA,15.68000030517578,15.68000030517578,15.300000190734863,15.479999542236328,13.59432888031006,1496000
2014-12-26,NWSA,15.550000190734863,15.609999656677246,15.510000228881836,15.56999969482422,13.673364639282228,1733300
2014-12-26,NWSA,15.550000190734863,15.609999656677246,15.510000228881836,15.56999969482422,13.673364639282228,1733300
2014-12-29,NWSA,15.59000015258789,15.779999732971191,15.56999969482422,15.739999771118164,13.82265567779541,2359800
2014-12-29,NWSA,15.59000015258789,15.779999732971191,15.56999969482422,15.739999771118164,13.82265567779541,2359800
2014-12-30,NWSA,15.600000381469728,15.859999656677246,15.529999732971191,15.770000457763672,13.849003791809082,2999700
2014-12-30,NWSA,15.600000381469728,15.859999656677246,15.529999732971191,15.770000457763672,13.849003791809082,2999700
2014-12-31,NWSA,15.779999732971191,15.93000030517578,15.6899995803833,15.6899995803833,13.778748512268066,2476500
2014-12-31,NWSA,15.779999732971191,15.93000030517578,15.6899995803833,15.6899995803833,13.778748512268066,2476500
2015-01-02,NWSA,15.81999969482422,15.90999984741211,15.40999984741211,15.59000015258789,13.690929412841797,3023100
2015-01-02,NWSA,15.81999969482422,15.90999984741211,15.40999984741211,15.59000015258789,13.690929412841797,3023100
2015-01-05,NWSA,15.449999809265137,15.550000190734863,15.079999923706056,15.119999885559082,13.278182983398438,4016900
2015-01-05,NWSA,15.449999809265137,15.550000190734863,15.079999923706056,15.119999885559082,13.278182983398438,4016900
2015-01-06,NWSA,15.100000381469728,15.199999809265137,14.760000228881836,14.90999984741211,13.09376335144043,4330200
2015-01-06,NWSA,15.100000381469728,15.199999809265137,14.760000228881836,14.90999984741211,13.09376335144043,4330200
2015-01-07,NWSA,15.039999961853027,15.039999961853027,14.68000030517578,14.869999885559082,13.058634757995604,2516600
2015-01-07,NWSA,15.039999961853027,15.039999961853027,14.68000030517578,14.869999885559082,13.058634757995604,2516600
2015-01-08,NWSA,15.050000190734863,15.390000343322754,14.829999923706056,15.34000015258789,13.471384048461914,4637100
2015-01-08,NWSA,15.050000190734863,15.390000343322754,14.829999923706056,15.34000015258789,13.471384048461914,4637100
2015-01-09,NWSA,15.289999961853027,15.43000030517578,15.239999771118164,15.40999984741211,13.532855987548828,2470400
2015-01-09,NWSA,15.289999961853027,15.43000030517578,15.239999771118164,15.40999984741211,13.532855987548828,2470400
2015-01-12,NWSA,15.390000343322754,15.43000030517578,15.119999885559082,15.279999732971191,13.418691635131836,3185200
2015-01-12,NWSA,15.390000343322754,15.43000030517578,15.119999885559082,15.279999732971191,13.418691635131836,3185200
2015-01-13,NWSA,15.350000381469728,15.40999984741211,15.06999969482422,15.229999542236328,13.374780654907228,3781600
2015-01-13,NWSA,15.350000381469728,15.40999984741211,15.06999969482422,15.229999542236328,13.374780654907228,3781600
2015-01-14,NWSA,15.149999618530272,15.210000038146973,14.720000267028809,15.100000381469728,13.260619163513184,4810200
2015-01-14,NWSA,15.149999618530272,15.210000038146973,14.720000267028809,15.100000381469728,13.260619163513184,4810200
2015-01-15,NWSA,15.199999809265137,15.350000381469728,14.949999809265137,15.010000228881836,13.181581497192385,2692400
2015-01-15,NWSA,15.199999809265137,15.350000381469728,14.949999809265137,15.010000228881836,13.181581497192385,2692400
2015-01-16,NWSA,14.989999771118164,15.119999885559082,14.970000267028809,15.0600004196167,13.22549057006836,1622000
2015-01-16,NWSA,14.989999771118164,15.119999885559082,14.970000267028809,15.0600004196167,13.22549057006836,1622000
2015-01-20,NWSA,15.119999885559082,15.130000114440918,14.739999771118164,14.93000030517578,13.111326217651367,2922100
2015-01-20,NWSA,15.119999885559082,15.130000114440918,14.739999771118164,14.93000030517578,13.111326217651367,2922100
2015-01-21,NWSA,14.90999984741211,15.0,14.760000228881836,14.949999809265137,13.128889083862305,3523600
2015-01-21,NWSA,14.90999984741211,15.0,14.760000228881836,14.949999809265137,13.128889083862305,3523600
2015-01-22,NWSA,15.010000228881836,15.25,14.84000015258789,15.199999809265137,13.348437309265137,2155900
2015-01-22,NWSA,15.010000228881836,15.25,14.84000015258789,15.199999809265137,13.348437309265137,2155900
2015-01-23,NWSA,15.1899995803833,15.329999923706056,15.079999923706056,15.18000030517578,13.3308744430542,2011100
2015-01-23,NWSA,15.1899995803833,15.329999923706056,15.079999923706056,15.18000030517578,13.3308744430542,2011100
2015-01-26,NWSA,15.15999984741211,15.539999961853027,15.100000381469728,15.539999961853027,13.64702033996582,1898000
2015-01-26,NWSA,15.15999984741211,15.539999961853027,15.100000381469728,15.539999961853027,13.64702033996582,1898000
2015-01-27,NWSA,15.65999984741211,15.670000076293944,15.34000015258789,15.449999809265137,13.567984580993652,2682800
2015-01-27,NWSA,15.65999984741211,15.670000076293944,15.34000015258789,15.449999809265137,13.567984580993652,2682800
2015-01-28,NWSA,15.489999771118164,15.510000228881836,15.140000343322754,15.140000343322754,13.295746803283691,2522900
2015-01-28,NWSA,15.489999771118164,15.510000228881836,15.140000343322754,15.140000343322754,13.295746803283691,2522900
2015-01-29,NWSA,15.130000114440918,15.229999542236328,14.75,14.93000030517578,13.111326217651367,2693600
2015-01-29,NWSA,15.130000114440918,15.229999542236328,14.75,14.93000030517578,13.111326217651367,2693600
2015-01-30,NWSA,14.829999923706056,15.109999656677246,14.760000228881836,14.890000343322754,13.07619857788086,3106000
2015-01-30,NWSA,14.829999923706056,15.109999656677246,14.760000228881836,14.890000343322754,13.07619857788086,3106000
2015-02-02,NWSA,14.9399995803833,15.109999656677246,14.710000038146973,14.9399995803833,13.120109558105469,3397500
2015-02-02,NWSA,14.9399995803833,15.109999656677246,14.710000038146973,14.9399995803833,13.120109558105469,3397500
2015-02-03,NWSA,15.050000190734863,15.6899995803833,15.039999961853027,15.609999656677246,13.708494186401367,3703200
2015-02-03,NWSA,15.050000190734863,15.6899995803833,15.039999961853027,15.609999656677246,13.708494186401367,3703200
2015-02-04,NWSA,15.640000343322754,15.68000030517578,15.420000076293944,15.59000015258789,13.690929412841797,2873700
2015-02-04,NWSA,15.640000343322754,15.68000030517578,15.420000076293944,15.59000015258789,13.690929412841797,2873700
2015-02-05,NWSA,15.579999923706056,15.75,15.43000030517578,15.729999542236328,13.81387424468994,3814900
2015-02-05,NWSA,15.579999923706056,15.75,15.43000030517578,15.729999542236328,13.81387424468994,3814900
2015-02-06,NWSA,16.100000381469727,16.350000381469727,15.949999809265137,16.260000228881836,14.27931785583496,7022500
2015-02-06,NWSA,16.100000381469727,16.350000381469727,15.949999809265137,16.260000228881836,14.27931785583496,7022500
2015-02-09,NWSA,16.229999542236328,16.780000686645508,16.229999542236328,16.719999313354492,14.683281898498535,7034500
2015-02-09,NWSA,16.229999542236328,16.780000686645508,16.229999542236328,16.719999313354492,14.683281898498535,7034500
2015-02-10,NWSA,16.760000228881836,16.829999923706055,16.290000915527344,16.770000457763672,14.727190017700195,4231600
2015-02-10,NWSA,16.760000228881836,16.829999923706055,16.290000915527344,16.770000457763672,14.727190017700195,4231600
2015-02-11,NWSA,16.770000457763672,16.8700008392334,16.670000076293945,16.760000228881836,14.71841049194336,3838300
2015-02-11,NWSA,16.770000457763672,16.8700008392334,16.670000076293945,16.760000228881836,14.71841049194336,3838300
2015-02-12,NWSA,16.479999542236328,16.989999771118164,16.479999542236328,16.84000015258789,14.788663864135742,2443300
2015-02-12,NWSA,16.479999542236328,16.989999771118164,16.479999542236328,16.84000015258789,14.788663864135742,2443300
2015-02-13,NWSA,16.920000076293945,17.049999237060547,16.81999969482422,16.889999389648438,14.832571029663086,3057400
2015-02-13,NWSA,16.920000076293945,17.049999237060547,16.81999969482422,16.889999389648438,14.832571029663086,3057400
2015-02-17,NWSA,16.889999389648438,17.110000610351562,16.809999465942383,17.110000610351562,15.025776863098145,2517100
2015-02-17,NWSA,16.889999389648438,17.110000610351562,16.809999465942383,17.110000610351562,15.025776863098145,2517100
2015-02-18,NWSA,17.030000686645508,17.079999923706055,16.8799991607666,16.959999084472656,14.894041061401367,3488600
2015-02-18,NWSA,17.030000686645508,17.079999923706055,16.8799991607666,16.959999084472656,14.894041061401367,3488600
2015-02-19,NWSA,16.969999313354492,17.049999237060547,16.850000381469727,17.040000915527344,14.96430206298828,1644500
2015-02-19,NWSA,16.969999313354492,17.049999237060547,16.850000381469727,17.040000915527344,14.96430206298828,1644500
2015-02-20,NWSA,17.0,17.200000762939453,16.809999465942383,17.139999389648438,15.052119255065918,2040100
2015-02-20,NWSA,17.0,17.200000762939453,16.809999465942383,17.139999389648438,15.052119255065918,2040100
2015-02-23,NWSA,17.1200008392334,17.329999923706055,17.010000228881836,17.31999969482422,15.210193634033203,2129400
2015-02-23,NWSA,17.1200008392334,17.329999923706055,17.010000228881836,17.31999969482422,15.210193634033203,2129400
2015-02-24,NWSA,17.18000030517578,17.43000030517578,17.149999618530273,17.290000915527344,15.183849334716797,2492000
2015-02-24,NWSA,17.18000030517578,17.43000030517578,17.149999618530273,17.290000915527344,15.183849334716797,2492000
2015-02-25,NWSA,17.239999771118164,17.549999237060547,17.239999771118164,17.440000534057617,15.315577507019045,2379900
2015-02-25,NWSA,17.239999771118164,17.549999237060547,17.239999771118164,17.440000534057617,15.315577507019045,2379900
2015-02-26,NWSA,17.469999313354492,17.520000457763672,17.239999771118164,17.329999923706055,15.218974113464355,2004500
2015-02-26,NWSA,17.469999313354492,17.520000457763672,17.239999771118164,17.329999923706055,15.218974113464355,2004500
2015-02-27,NWSA,17.31999969482422,17.420000076293945,17.219999313354492,17.270000457763672,15.166285514831545,2543100
2015-02-27,NWSA,17.31999969482422,17.420000076293945,17.219999313354492,17.270000457763672,15.166285514831545,2543100
2015-03-02,NWSA,17.329999923706055,17.520000457763672,17.239999771118164,17.440000534057617,15.315577507019045,2466100
2015-03-02,NWSA,17.329999923706055,17.520000457763672,17.239999771118164,17.440000534057617,15.315577507019045,2466100
2015-03-03,NWSA,17.389999389648438,17.43000030517578,17.190000534057617,17.209999084472656,15.113591194152832,2903000
2015-03-03,NWSA,17.389999389648438,17.43000030517578,17.190000534057617,17.209999084472656,15.113591194152832,2903000
2015-03-04,NWSA,17.15999984741211,17.219999313354492,16.950000762939453,17.09000015258789,15.00821018218994,2869300
2015-03-04,NWSA,17.15999984741211,17.219999313354492,16.950000762939453,17.09000015258789,15.00821018218994,2869300
2015-03-05,NWSA,17.219999313354492,17.219999313354492,17.040000915527344,17.100000381469727,15.01699161529541,2192600
2015-03-05,NWSA,17.219999313354492,17.219999313354492,17.040000915527344,17.100000381469727,15.01699161529541,2192600
2015-03-06,NWSA,17.0,17.219999313354492,16.760000228881836,16.829999923706055,14.779882431030272,2489400
2015-03-06,NWSA,17.0,17.219999313354492,16.760000228881836,16.829999923706055,14.779882431030272,2489400
2015-03-09,NWSA,16.93000030517578,16.979999542236328,16.639999389648438,16.68000030517578,14.648155212402344,3202700
2015-03-09,NWSA,16.93000030517578,16.979999542236328,16.639999389648438,16.68000030517578,14.648155212402344,3202700
2015-03-10,NWSA,16.559999465942383,16.670000076293945,16.219999313354492,16.229999542236328,14.252969741821287,5368300
2015-03-10,NWSA,16.559999465942383,16.670000076293945,16.219999313354492,16.229999542236328,14.252969741821287,5368300
2015-03-11,NWSA,16.219999313354492,16.469999313354492,16.190000534057617,16.399999618530273,14.402259826660156,2529400
2015-03-11,NWSA,16.219999313354492,16.469999313354492,16.190000534057617,16.399999618530273,14.402259826660156,2529400
2015-03-12,NWSA,16.520000457763672,16.81999969482422,16.469999313354492,16.75,14.709628105163574,2149400
2015-03-12,NWSA,16.520000457763672,16.81999969482422,16.469999313354492,16.75,14.709628105163574,2149400
2015-03-13,NWSA,16.670000076293945,16.770000457763672,16.440000534057617,16.700000762939453,14.665719032287598,2763000
2015-03-13,NWSA,16.670000076293945,16.770000457763672,16.440000534057617,16.700000762939453,14.665719032287598,2763000
2015-03-16,NWSA,16.809999465942383,16.920000076293945,16.690000534057617,16.920000076293945,14.85891819000244,2049800
2015-03-16,NWSA,16.809999465942383,16.920000076293945,16.690000534057617,16.920000076293945,14.85891819000244,2049800
2015-03-17,NWSA,16.780000686645508,16.860000610351562,16.6299991607666,16.75,14.709628105163574,1460200
2015-03-17,NWSA,16.780000686645508,16.860000610351562,16.6299991607666,16.75,14.709628105163574,1460200
2015-03-18,NWSA,16.59000015258789,16.959999084472656,16.56999969482422,16.889999389648438,14.832571029663086,2186000
2015-03-18,NWSA,16.59000015258789,16.959999084472656,16.56999969482422,16.889999389648438,14.832571029663086,2186000
2015-03-19,NWSA,16.81999969482422,16.829999923706055,16.510000228881836,16.690000534057617,14.656935691833496,2566500
2015-03-19,NWSA,16.81999969482422,16.829999923706055,16.510000228881836,16.690000534057617,14.656935691833496,2566500
2015-03-20,NWSA,16.760000228881836,16.979999542236328,16.760000228881836,16.84000015258789,14.788663864135742,3670500
2015-03-20,NWSA,16.760000228881836,16.979999542236328,16.760000228881836,16.84000015258789,14.788663864135742,3670500
2015-03-23,NWSA,16.81999969482422,16.989999771118164,16.81999969482422,16.8799991607666,14.823790550231934,2144300
2015-03-23,NWSA,16.81999969482422,16.989999771118164,16.81999969482422,16.8799991607666,14.823790550231934,2144300
2015-03-24,NWSA,16.84000015258789,16.889999389648438,16.719999313354492,16.770000457763672,14.727190017700195,2552900
2015-03-24,NWSA,16.84000015258789,16.889999389648438,16.719999313354492,16.770000457763672,14.727190017700195,2552900
2015-03-25,NWSA,16.8799991607666,16.8799991607666,16.420000076293945,16.420000076293945,14.419825553894045,1884400
2015-03-25,NWSA,16.8799991607666,16.8799991607666,16.420000076293945,16.420000076293945,14.419825553894045,1884400
2015-03-26,NWSA,16.31999969482422,16.31999969482422,16.110000610351562,16.18000030517578,14.209059715270996,3618600
2015-03-26,NWSA,16.31999969482422,16.31999969482422,16.110000610351562,16.18000030517578,14.209059715270996,3618600
2015-03-27,NWSA,16.110000610351562,16.25,16.09000015258789,16.149999618530273,14.182713508605955,2420700
2015-03-27,NWSA,16.110000610351562,16.25,16.09000015258789,16.149999618530273,14.182713508605955,2420700
2015-03-30,NWSA,16.219999313354492,16.450000762939453,16.15999984741211,16.219999313354492,14.244189262390137,2205000
2015-03-30,NWSA,16.219999313354492,16.450000762939453,16.15999984741211,16.219999313354492,14.244189262390137,2205000
2015-03-31,NWSA,16.15999984741211,16.229999542236328,15.979999542236328,16.010000228881836,14.059767723083496,2785300
2015-03-31,NWSA,16.15999984741211,16.229999542236328,15.979999542236328,16.010000228881836,14.059767723083496,2785300
2015-04-01,NWSA,16.030000686645508,16.1299991607666,15.880000114440918,16.110000610351562,14.14758586883545,2807300
2015-04-01,NWSA,16.030000686645508,16.1299991607666,15.880000114440918,16.110000610351562,14.14758586883545,2807300
2015-04-02,NWSA,16.09000015258789,16.229999542236328,16.010000228881836,16.18000030517578,14.209059715270996,1720000
2015-04-02,NWSA,16.09000015258789,16.229999542236328,16.010000228881836,16.18000030517578,14.209059715270996,1720000
2015-04-06,NWSA,16.040000915527344,16.389999389648438,16.030000686645508,16.25,14.270533561706545,1196200
2015-04-06,NWSA,16.040000915527344,16.389999389648438,16.030000686645508,16.25,14.270533561706545,1196200
2015-04-07,NWSA,16.18000030517578,16.34000015258789,16.1200008392334,16.1200008392334,14.156368255615234,1261400
2015-04-07,NWSA,16.18000030517578,16.34000015258789,16.1200008392334,16.1200008392334,14.156368255615234,1261400
2015-04-08,NWSA,16.15999984741211,16.270000457763672,16.010000228881836,16.059999465942383,14.103675842285156,1756200
2015-04-08,NWSA,16.15999984741211,16.270000457763672,16.010000228881836,16.059999465942383,14.103675842285156,1756200
2015-04-09,NWSA,16.030000686645508,16.110000610351562,15.84000015258789,15.9399995803833,13.99829387664795,1925700
2015-04-09,NWSA,16.030000686645508,16.110000610351562,15.84000015258789,15.9399995803833,13.99829387664795,1925700
2015-04-10,NWSA,15.9399995803833,16.020000457763672,15.859999656677246,15.920000076293944,13.980731964111328,3884700
2015-04-10,NWSA,15.9399995803833,16.020000457763672,15.859999656677246,15.920000076293944,13.980731964111328,3884700
2015-04-13,NWSA,15.93000030517578,16.100000381469727,15.890000343322754,16.06999969482422,14.112459182739258,1774700
2015-04-13,NWSA,15.93000030517578,16.100000381469727,15.890000343322754,16.06999969482422,14.112459182739258,1774700
2015-04-14,NWSA,16.040000915527344,16.190000534057617,15.979999542236328,15.979999542236328,14.03342342376709,1993000
2015-04-14,NWSA,16.040000915527344,16.190000534057617,15.979999542236328,15.979999542236328,14.03342342376709,1993000
2015-04-15,NWSA,15.970000267028809,16.079999923706055,15.9399995803833,15.949999809265137,14.007076263427734,4011100
2015-04-15,NWSA,15.970000267028809,16.079999923706055,15.9399995803833,15.949999809265137,14.007076263427734,4011100
2015-04-16,NWSA,15.869999885559082,16.139999389648438,15.68000030517578,15.890000343322754,13.954385757446287,3488400
2015-04-16,NWSA,15.869999885559082,16.139999389648438,15.68000030517578,15.890000343322754,13.954385757446287,3488400
2015-04-17,NWSA,15.710000038146973,15.789999961853027,15.539999961853027,15.59000015258789,13.690929412841797,3227300
2015-04-17,NWSA,15.710000038146973,15.789999961853027,15.539999961853027,15.59000015258789,13.690929412841797,3227300
2015-04-20,NWSA,15.670000076293944,15.739999771118164,15.56999969482422,15.649999618530272,13.74362087249756,2427200
2015-04-20,NWSA,15.670000076293944,15.739999771118164,15.56999969482422,15.649999618530272,13.74362087249756,2427200
2015-04-21,NWSA,15.65999984741211,15.739999771118164,15.510000228881836,15.520000457763672,13.629457473754885,1906100
2015-04-21,NWSA,15.65999984741211,15.739999771118164,15.510000228881836,15.520000457763672,13.629457473754885,1906100
2015-04-22,NWSA,15.539999961853027,15.640000343322754,15.40999984741211,15.5600004196167,13.664587020874023,4363500
2015-04-22,NWSA,15.539999961853027,15.640000343322754,15.40999984741211,15.5600004196167,13.664587020874023,4363500
2015-04-23,NWSA,15.510000228881836,15.640000343322754,15.4399995803833,15.5600004196167,13.664587020874023,2628500
2015-04-23,NWSA,15.510000228881836,15.640000343322754,15.4399995803833,15.5600004196167,13.664587020874023,2628500
2015-04-24,NWSA,15.529999732971191,15.65999984741211,15.43000030517578,15.529999732971191,13.63823699951172,1681500
2015-04-24,NWSA,15.529999732971191,15.65999984741211,15.43000030517578,15.529999732971191,13.63823699951172,1681500
2015-04-27,NWSA,15.59000015258789,15.859999656677246,15.550000190734863,15.56999969482422,13.673364639282228,2900600
2015-04-27,NWSA,15.59000015258789,15.859999656677246,15.550000190734863,15.56999969482422,13.673364639282228,2900600
2015-04-28,NWSA,15.59000015258789,16.0,15.510000228881836,15.970000267028809,14.02464199066162,3971800
2015-04-28,NWSA,15.59000015258789,16.0,15.510000228881836,15.970000267028809,14.02464199066162,3971800
2015-04-29,NWSA,15.899999618530272,15.989999771118164,15.770000457763672,15.789999961853027,13.866568565368652,3211000
2015-04-29,NWSA,15.899999618530272,15.989999771118164,15.770000457763672,15.789999961853027,13.866568565368652,3211000
2015-04-30,NWSA,15.720000267028809,15.880000114440918,15.65999984741211,15.779999732971191,13.857784271240234,4276000
2015-04-30,NWSA,15.720000267028809,15.880000114440918,15.65999984741211,15.779999732971191,13.857784271240234,4276000
2015-05-01,NWSA,15.899999618530272,16.079999923706055,15.890000343322754,16.049999237060547,14.094892501831056,2537000
2015-05-01,NWSA,15.899999618530272,16.079999923706055,15.890000343322754,16.049999237060547,14.094892501831056,2537000
2015-05-04,NWSA,16.049999237060547,16.190000534057617,15.9399995803833,16.170000076293945,14.200277328491213,2291400
2015-05-04,NWSA,16.049999237060547,16.190000534057617,15.9399995803833,16.170000076293945,14.200277328491213,2291400
2015-05-05,NWSA,16.1299991607666,16.270000457763672,15.920000076293944,16.020000457763672,14.06855010986328,5742300
2015-05-05,NWSA,16.1299991607666,16.270000457763672,15.920000076293944,16.020000457763672,14.06855010986328,5742300
2015-05-06,NWSA,15.050000190734863,15.329999923706056,14.81999969482422,14.989999771118164,13.164016723632812,11731400
2015-05-06,NWSA,15.050000190734863,15.329999923706056,14.81999969482422,14.989999771118164,13.164016723632812,11731400
2015-05-07,NWSA,15.010000228881836,15.020000457763672,14.81999969482422,14.970000267028809,13.14645290374756,7108400
2015-05-07,NWSA,15.010000228881836,15.020000457763672,14.81999969482422,14.970000267028809,13.14645290374756,7108400
2015-05-08,NWSA,15.09000015258789,15.220000267028809,15.029999732971191,15.140000343322754,13.295746803283691,3376100
2015-05-08,NWSA,15.09000015258789,15.220000267028809,15.029999732971191,15.140000343322754,13.295746803283691,3376100
2015-05-11,NWSA,15.119999885559082,15.920000076293944,15.119999885559082,15.710000038146973,13.796311378479004,7703000
2015-05-11,NWSA,15.119999885559082,15.920000076293944,15.119999885559082,15.710000038146973,13.796311378479004,7703000
2015-05-12,NWSA,15.600000381469728,15.600000381469728,15.279999732971191,15.350000381469728,13.480164527893066,4116200
2015-05-12,NWSA,15.600000381469728,15.600000381469728,15.279999732971191,15.350000381469728,13.480164527893066,4116200
2015-05-13,NWSA,15.31999969482422,15.5,15.210000038146973,15.260000228881836,13.401128768920898,3045900
2015-05-13,NWSA,15.31999969482422,15.5,15.210000038146973,15.260000228881836,13.401128768920898,3045900
2015-05-14,NWSA,15.380000114440918,15.4399995803833,15.130000114440918,15.390000343322754,13.515291213989258,3264900
2015-05-14,NWSA,15.380000114440918,15.4399995803833,15.130000114440918,15.390000343322754,13.515291213989258,3264900
2015-05-15,NWSA,15.350000381469728,15.59000015258789,15.3100004196167,15.550000190734863,13.655801773071287,2960500
2015-05-15,NWSA,15.350000381469728,15.59000015258789,15.3100004196167,15.550000190734863,13.655801773071287,2960500
2015-05-18,NWSA,15.5600004196167,15.6899995803833,15.380000114440918,15.68000030517578,13.769967079162598,3538500
2015-05-18,NWSA,15.5600004196167,15.6899995803833,15.380000114440918,15.68000030517578,13.769967079162598,3538500
2015-05-19,NWSA,15.670000076293944,15.699999809265137,15.539999961853027,15.68000030517578,13.769967079162598,2719300
2015-05-19,NWSA,15.670000076293944,15.699999809265137,15.539999961853027,15.68000030517578,13.769967079162598,2719300
2015-05-20,NWSA,15.670000076293944,15.739999771118164,15.600000381469728,15.630000114440918,13.726057052612305,2039400
2015-05-20,NWSA,15.670000076293944,15.739999771118164,15.600000381469728,15.630000114440918,13.726057052612305,2039400
2015-05-21,NWSA,15.579999923706056,15.6899995803833,15.520000457763672,15.630000114440918,13.726057052612305,1579100
2015-05-21,NWSA,15.579999923706056,15.6899995803833,15.520000457763672,15.630000114440918,13.726057052612305,1579100
2015-05-22,NWSA,15.630000114440918,15.65999984741211,15.5,15.539999961853027,13.64702033996582,2800100
2015-05-22,NWSA,15.630000114440918,15.65999984741211,15.5,15.539999961853027,13.64702033996582,2800100
2015-05-26,NWSA,15.550000190734863,15.640000343322754,15.260000228881836,15.34000015258789,13.471384048461914,2740700
2015-05-26,NWSA,15.550000190734863,15.640000343322754,15.260000228881836,15.34000015258789,13.471384048461914,2740700
2015-05-27,NWSA,15.399999618530272,15.56999969482422,15.3100004196167,15.4399995803833,13.559203147888184,2706200
2015-05-27,NWSA,15.399999618530272,15.56999969482422,15.3100004196167,15.4399995803833,13.559203147888184,2706200
2015-05-28,NWSA,15.369999885559082,15.40999984741211,15.260000228881836,15.350000381469728,13.480164527893066,3222200
2015-05-28,NWSA,15.369999885559082,15.40999984741211,15.260000228881836,15.350000381469728,13.480164527893066,3222200
2015-05-29,NWSA,15.3100004196167,15.399999618530272,15.149999618530272,15.149999618530272,13.304525375366213,2048600
2015-05-29,NWSA,15.3100004196167,15.399999618530272,15.149999618530272,15.149999618530272,13.304525375366213,2048600
2015-06-01,NWSA,15.199999809265137,15.470000267028809,15.010000228881836,15.229999542236328,13.374780654907228,2371800
2015-06-01,NWSA,15.199999809265137,15.470000267028809,15.010000228881836,15.229999542236328,13.374780654907228,2371800
2015-06-02,NWSA,15.15999984741211,15.270000457763672,15.079999923706056,15.15999984741211,13.313310623168944,1541600
2015-06-02,NWSA,15.15999984741211,15.270000457763672,15.079999923706056,15.15999984741211,13.313310623168944,1541600
2015-06-03,NWSA,15.220000267028809,15.300000190734863,15.100000381469728,15.220000267028809,13.366000175476074,1751400
2015-06-03,NWSA,15.220000267028809,15.300000190734863,15.100000381469728,15.220000267028809,13.366000175476074,1751400
2015-06-04,NWSA,15.170000076293944,15.229999542236328,14.970000267028809,15.0,13.17280101776123,2167800
2015-06-04,NWSA,15.170000076293944,15.229999542236328,14.970000267028809,15.0,13.17280101776123,2167800
2015-06-05,NWSA,15.010000228881836,15.0600004196167,14.850000381469728,15.0,13.17280101776123,1913600
2015-06-05,NWSA,15.010000228881836,15.0600004196167,14.850000381469728,15.0,13.17280101776123,1913600
2015-06-08,NWSA,14.93000030517578,14.979999542236328,14.81999969482422,14.84000015258789,13.032288551330566,1731500
2015-06-08,NWSA,14.93000030517578,14.979999542236328,14.81999969482422,14.84000015258789,13.032288551330566,1731500
2015-06-09,NWSA,14.8100004196167,14.850000381469728,14.539999961853027,14.5600004196167,12.78639793395996,2793300
2015-06-09,NWSA,14.8100004196167,14.850000381469728,14.539999961853027,14.5600004196167,12.78639793395996,2793300
2015-06-10,NWSA,14.579999923706056,14.770000457763672,14.56999969482422,14.649999618530272,12.865433692932127,2368300
2015-06-10,NWSA,14.579999923706056,14.770000457763672,14.56999969482422,14.649999618530272,12.865433692932127,2368300
2015-06-11,NWSA,14.65999984741211,14.699999809265137,14.550000190734863,14.579999923706056,12.803962707519531,2224200
2015-06-11,NWSA,14.65999984741211,14.699999809265137,14.550000190734863,14.579999923706056,12.803962707519531,2224200
2015-06-12,NWSA,14.510000228881836,14.579999923706056,14.369999885559082,14.40999984741211,12.654669761657717,2247800
2015-06-12,NWSA,14.510000228881836,14.579999923706056,14.369999885559082,14.40999984741211,12.654669761657717,2247800
2015-06-15,NWSA,14.329999923706056,14.380000114440918,14.199999809265137,14.199999809265137,12.470251083374023,3712500
2015-06-15,NWSA,14.329999923706056,14.380000114440918,14.199999809265137,14.199999809265137,12.470251083374023,3712500
2015-06-16,NWSA,14.199999809265137,14.279999732971191,14.170000076293944,14.199999809265137,12.470251083374023,2405200
2015-06-16,NWSA,14.199999809265137,14.279999732971191,14.170000076293944,14.199999809265137,12.470251083374023,2405200
2015-06-17,NWSA,14.260000228881836,14.34000015258789,14.170000076293944,14.220000267028809,12.487815856933594,2558200
2015-06-17,NWSA,14.260000228881836,14.34000015258789,14.170000076293944,14.220000267028809,12.487815856933594,2558200
2015-06-18,NWSA,14.40999984741211,14.619999885559082,14.390000343322754,14.539999961853027,12.768834114074709,5027700
2015-06-18,NWSA,14.40999984741211,14.619999885559082,14.390000343322754,14.539999961853027,12.768834114074709,5027700
2015-06-19,NWSA,14.470000267028809,14.989999771118164,14.470000267028809,14.970000267028809,13.14645290374756,5635500
2015-06-19,NWSA,14.470000267028809,14.989999771118164,14.470000267028809,14.970000267028809,13.14645290374756,5635500
2015-06-22,NWSA,15.010000228881836,15.149999618530272,14.899999618530272,15.050000190734863,13.21670913696289,2044500
2015-06-22,NWSA,15.010000228881836,15.149999618530272,14.899999618530272,15.050000190734863,13.21670913696289,2044500
2015-06-23,NWSA,15.09000015258789,15.15999984741211,14.979999542236328,14.989999771118164,13.164016723632812,2537400
2015-06-23,NWSA,15.09000015258789,15.15999984741211,14.979999542236328,14.989999771118164,13.164016723632812,2537400
2015-06-24,NWSA,14.979999542236328,15.119999885559082,14.8100004196167,14.829999923706056,13.02350616455078,2491700
2015-06-24,NWSA,14.979999542236328,15.119999885559082,14.8100004196167,14.829999923706056,13.02350616455078,2491700
2015-06-25,NWSA,14.81999969482422,14.90999984741211,14.68000030517578,14.75,12.953253746032717,3139500
2015-06-25,NWSA,14.81999969482422,14.90999984741211,14.68000030517578,14.75,12.953253746032717,3139500
2015-06-26,NWSA,14.8100004196167,15.199999809265137,14.649999618530272,15.199999809265137,13.348437309265137,12078800
2015-06-26,NWSA,14.8100004196167,15.199999809265137,14.649999618530272,15.199999809265137,13.348437309265137,12078800
2015-06-29,NWSA,15.039999961853027,15.109999656677246,14.4399995803833,14.449999809265137,12.68979835510254,3593200
2015-06-29,NWSA,15.039999961853027,15.109999656677246,14.4399995803833,14.449999809265137,12.68979835510254,3593200
2015-06-30,NWSA,14.529999732971191,14.630000114440918,14.329999923706056,14.59000015258789,12.812743186950684,4457000
2015-06-30,NWSA,14.529999732971191,14.630000114440918,14.329999923706056,14.59000015258789,12.812743186950684,4457000
2015-07-01,NWSA,14.729999542236328,14.8100004196167,14.539999961853027,14.640000343322754,12.85665225982666,2384000
2015-07-01,NWSA,14.729999542236328,14.8100004196167,14.539999961853027,14.640000343322754,12.85665225982666,2384000
2015-07-02,NWSA,14.6899995803833,14.989999771118164,14.5600004196167,14.600000381469728,12.821526527404783,2998600
2015-07-02,NWSA,14.6899995803833,14.989999771118164,14.5600004196167,14.600000381469728,12.821526527404783,2998600
2015-07-06,NWSA,14.449999809265137,14.529999732971191,14.239999771118164,14.300000190734863,12.55807113647461,2853000
2015-07-06,NWSA,14.449999809265137,14.529999732971191,14.239999771118164,14.300000190734863,12.55807113647461,2853000
2015-07-07,NWSA,14.34000015258789,14.399999618530272,14.039999961853027,14.350000381469728,12.601981163024902,3163500
2015-07-07,NWSA,14.34000015258789,14.399999618530272,14.039999961853027,14.350000381469728,12.601981163024902,3163500
2015-07-08,NWSA,14.25,14.329999923706056,14.119999885559082,14.15999984741211,12.435123443603516,2478800
2015-07-08,NWSA,14.25,14.329999923706056,14.119999885559082,14.15999984741211,12.435123443603516,2478800
2015-07-09,NWSA,14.3100004196167,14.40999984741211,14.140000343322754,14.18000030517578,12.45268726348877,2074200
2015-07-09,NWSA,14.3100004196167,14.40999984741211,14.140000343322754,14.18000030517578,12.45268726348877,2074200
2015-07-10,NWSA,14.289999961853027,14.380000114440918,14.130000114440918,14.25,12.514159202575684,1638300
2015-07-10,NWSA,14.289999961853027,14.380000114440918,14.130000114440918,14.25,12.514159202575684,1638300
2015-07-13,NWSA,14.31999969482422,14.510000228881836,14.210000038146973,14.43000030517578,12.672232627868652,2069500
2015-07-13,NWSA,14.31999969482422,14.510000228881836,14.210000038146973,14.43000030517578,12.672232627868652,2069500
2015-07-14,NWSA,14.390000343322754,14.470000267028809,14.31999969482422,14.43000030517578,12.672232627868652,2159800
2015-07-14,NWSA,14.390000343322754,14.470000267028809,14.31999969482422,14.43000030517578,12.672232627868652,2159800
2015-07-15,NWSA,14.40999984741211,14.539999961853027,14.350000381469728,14.43000030517578,12.672232627868652,1885700
2015-07-15,NWSA,14.40999984741211,14.539999961853027,14.350000381469728,14.43000030517578,12.672232627868652,1885700
2015-07-16,NWSA,14.5600004196167,14.710000038146973,14.510000228881836,14.65999984741211,12.874216079711914,1713300
2015-07-16,NWSA,14.5600004196167,14.710000038146973,14.510000228881836,14.65999984741211,12.874216079711914,1713300
2015-07-17,NWSA,14.630000114440918,14.84000015258789,14.550000190734863,14.8100004196167,13.00594425201416,3646600
2015-07-17,NWSA,14.630000114440918,14.84000015258789,14.550000190734863,14.8100004196167,13.00594425201416,3646600
2015-07-20,NWSA,14.8100004196167,14.920000076293944,14.720000267028809,14.899999618530272,13.084980010986328,2080200
2015-07-20,NWSA,14.8100004196167,14.920000076293944,14.720000267028809,14.899999618530272,13.084980010986328,2080200
2015-07-21,NWSA,14.869999885559082,14.90999984741211,14.579999923706056,14.579999923706056,12.803962707519531,3015600
2015-07-21,NWSA,14.869999885559082,14.90999984741211,14.579999923706056,14.579999923706056,12.803962707519531,3015600
2015-07-22,NWSA,14.550000190734863,14.729999542236328,14.479999542236328,14.609999656677246,12.830307006835938,3084400
2015-07-22,NWSA,14.550000190734863,14.729999542236328,14.479999542236328,14.609999656677246,12.830307006835938,3084400
2015-07-23,NWSA,14.59000015258789,14.760000228881836,14.5,14.720000267028809,12.926908493041992,2878200
2015-07-23,NWSA,14.59000015258789,14.760000228881836,14.5,14.720000267028809,12.926908493041992,2878200
2015-07-24,NWSA,14.710000038146973,14.890000343322754,14.56999969482422,14.859999656677246,13.049854278564451,4045500
2015-07-24,NWSA,14.710000038146973,14.890000343322754,14.56999969482422,14.859999656677246,13.049854278564451,4045500
2015-07-27,NWSA,15.06999969482422,15.079999923706056,14.710000038146973,14.829999923706056,13.02350616455078,4297900
2015-07-27,NWSA,15.06999969482422,15.079999923706056,14.710000038146973,14.829999923706056,13.02350616455078,4297900
2015-07-28,NWSA,14.859999656677246,14.859999656677246,14.460000038146973,14.789999961853027,12.98837947845459,2679100
2015-07-28,NWSA,14.859999656677246,14.859999656677246,14.460000038146973,14.789999961853027,12.98837947845459,2679100
2015-07-29,NWSA,14.720000267028809,14.880000114440918,14.65999984741211,14.829999923706056,13.02350616455078,3024800
2015-07-29,NWSA,14.720000267028809,14.880000114440918,14.65999984741211,14.829999923706056,13.02350616455078,3024800
2015-07-30,NWSA,14.81999969482422,14.81999969482422,14.600000381469728,14.800000190734863,12.997162818908691,2129400
2015-07-30,NWSA,14.81999969482422,14.81999969482422,14.600000381469728,14.800000190734863,12.997162818908691,2129400
2015-07-31,NWSA,14.880000114440918,14.9399995803833,14.710000038146973,14.729999542236328,12.935688018798828,2621800
2015-07-31,NWSA,14.880000114440918,14.9399995803833,14.710000038146973,14.729999542236328,12.935688018798828,2621800
2015-08-03,NWSA,14.760000228881836,14.770000457763672,14.470000267028809,14.539999961853027,12.768834114074709,2265500
2015-08-03,NWSA,14.760000228881836,14.770000457763672,14.470000267028809,14.539999961853027,12.768834114074709,2265500
2015-08-04,NWSA,14.5600004196167,14.770000457763672,14.510000228881836,14.5600004196167,12.78639793395996,1863000
2015-08-04,NWSA,14.5600004196167,14.770000457763672,14.510000228881836,14.5600004196167,12.78639793395996,1863000
2015-08-05,NWSA,14.670000076293944,14.670000076293944,14.510000228881836,14.600000381469728,12.821526527404783,3079100
2015-08-05,NWSA,14.670000076293944,14.670000076293944,14.510000228881836,14.600000381469728,12.821526527404783,3079100
2015-08-06,NWSA,14.5600004196167,14.600000381469728,13.729999542236328,14.020000457763672,12.312178611755373,3733800
2015-08-06,NWSA,14.5600004196167,14.600000381469728,13.729999542236328,14.020000457763672,12.312178611755373,3733800
2015-08-07,NWSA,14.0600004196167,14.140000343322754,13.779999732971191,14.109999656677246,12.391210556030272,3427200
2015-08-07,NWSA,14.0600004196167,14.140000343322754,13.779999732971191,14.109999656677246,12.391210556030272,3427200
2015-08-10,NWSA,14.199999809265137,14.380000114440918,14.06999969482422,14.350000381469728,12.601981163024902,2328700
2015-08-10,NWSA,14.199999809265137,14.380000114440918,14.06999969482422,14.350000381469728,12.601981163024902,2328700
2015-08-11,NWSA,14.279999732971191,14.289999961853027,13.869999885559082,13.960000038146973,12.259482383728027,3066200
2015-08-11,NWSA,14.279999732971191,14.289999961853027,13.869999885559082,13.960000038146973,12.259482383728027,3066200
2015-08-12,NWSA,13.68000030517578,14.260000228881836,13.59000015258789,14.119999885559082,12.399994850158691,4379800
2015-08-12,NWSA,13.68000030517578,14.260000228881836,13.59000015258789,14.119999885559082,12.399994850158691,4379800
2015-08-13,NWSA,15.229999542236328,15.920000076293944,14.800000190734863,15.1899995803833,13.339653968811035,8863900
2015-08-13,NWSA,15.229999542236328,15.920000076293944,14.800000190734863,15.1899995803833,13.339653968811035,8863900
2015-08-14,NWSA,15.25,15.350000381469728,15.079999923706056,15.18000030517578,13.3308744430542,4415900
2015-08-14,NWSA,15.25,15.350000381469728,15.079999923706056,15.18000030517578,13.3308744430542,4415900
2015-08-17,NWSA,15.100000381469728,15.300000190734863,15.09000015258789,15.25,13.39234447479248,3251300
2015-08-17,NWSA,15.100000381469728,15.300000190734863,15.09000015258789,15.25,13.39234447479248,3251300
2015-08-18,NWSA,15.239999771118164,15.279999732971191,15.06999969482422,15.130000114440918,13.286962509155272,2297700
2015-08-18,NWSA,15.239999771118164,15.279999732971191,15.06999969482422,15.130000114440918,13.286962509155272,2297700
2015-08-19,NWSA,15.079999923706056,15.300000190734863,14.890000343322754,15.029999732971191,13.19914722442627,2317700
2015-08-19,NWSA,15.079999923706056,15.300000190734863,14.890000343322754,15.029999732971191,13.19914722442627,2317700
2015-08-20,NWSA,14.869999885559082,14.869999885559082,14.25,14.260000228881836,12.522941589355469,3599300
2015-08-20,NWSA,14.869999885559082,14.869999885559082,14.25,14.260000228881836,12.522941589355469,3599300
2015-08-21,NWSA,14.220000267028809,14.350000381469728,13.90999984741211,13.90999984741211,12.21557331085205,4667000
2015-08-21,NWSA,14.220000267028809,14.350000381469728,13.90999984741211,13.90999984741211,12.21557331085205,4667000
2015-08-24,NWSA,13.100000381469728,13.579999923706056,12.670000076293944,13.039999961853027,11.451556205749512,11162600
2015-08-24,NWSA,13.100000381469728,13.579999923706056,12.670000076293944,13.039999961853027,11.451556205749512,11162600
2015-08-25,NWSA,13.3100004196167,13.649999618530272,12.93000030517578,12.9399995803833,11.363736152648926,7805400
2015-08-25,NWSA,13.3100004196167,13.649999618530272,12.93000030517578,12.9399995803833,11.363736152648926,7805400
2015-08-26,NWSA,13.260000228881836,13.470000267028809,12.859999656677246,13.220000267028809,11.609628677368164,5347600
2015-08-26,NWSA,13.260000228881836,13.470000267028809,12.859999656677246,13.220000267028809,11.609628677368164,5347600
2015-08-27,NWSA,13.40999984741211,13.670000076293944,13.300000190734863,13.619999885559082,11.960902214050291,7053600
2015-08-27,NWSA,13.40999984741211,13.670000076293944,13.300000190734863,13.619999885559082,11.960902214050291,7053600
2015-08-28,NWSA,13.56999969482422,13.890000343322754,13.5,13.800000190734863,12.118976593017578,4005000
2015-08-28,NWSA,13.56999969482422,13.890000343322754,13.5,13.800000190734863,12.118976593017578,4005000
2015-08-31,NWSA,13.75,13.800000190734863,13.449999809265137,13.630000114440918,11.969686508178713,3669700
2015-08-31,NWSA,13.75,13.800000190734863,13.449999809265137,13.630000114440918,11.969686508178713,3669700
2015-09-01,NWSA,13.3100004196167,13.359999656677246,12.979999542236328,13.06999969482422,11.477898597717283,4956600
2015-09-01,NWSA,13.3100004196167,13.359999656677246,12.979999542236328,13.06999969482422,11.477898597717283,4956600
2015-09-02,NWSA,13.279999732971191,13.579999923706056,12.960000038146973,13.130000114440918,11.53059196472168,3997800
2015-09-02,NWSA,13.279999732971191,13.579999923706056,12.960000038146973,13.130000114440918,11.53059196472168,3997800
2015-09-03,NWSA,12.920000076293944,13.489999771118164,12.920000076293944,13.31999969482422,11.697443962097168,3653700
2015-09-03,NWSA,12.920000076293944,13.489999771118164,12.920000076293944,13.31999969482422,11.697443962097168,3653700
2015-09-04,NWSA,13.079999923706056,13.15999984741211,12.8100004196167,12.81999969482422,11.258353233337402,3948400
2015-09-04,NWSA,13.079999923706056,13.15999984741211,12.8100004196167,12.81999969482422,11.258353233337402,3948400
2015-09-08,NWSA,13.09000015258789,13.359999656677246,12.979999542236328,13.350000381469728,11.723793029785156,3549800
2015-09-08,NWSA,13.09000015258789,13.359999656677246,12.979999542236328,13.350000381469728,11.723793029785156,3549800
2015-09-09,NWSA,13.510000228881836,13.65999984741211,13.140000343322754,13.220000267028809,11.609628677368164,3928700
2015-09-09,NWSA,13.510000228881836,13.65999984741211,13.140000343322754,13.220000267028809,11.609628677368164,3928700
2015-09-10,NWSA,13.140000343322754,13.3100004196167,12.979999542236328,13.010000228881836,11.425207138061523,4029200
2015-09-10,NWSA,13.140000343322754,13.3100004196167,12.979999542236328,13.010000228881836,11.425207138061523,4029200
2015-09-11,NWSA,12.93000030517578,13.0600004196167,12.850000381469728,13.050000190734863,11.46033763885498,3705600
2015-09-11,NWSA,12.93000030517578,13.0600004196167,12.850000381469728,13.050000190734863,11.46033763885498,3705600
2015-09-14,NWSA,12.989999771118164,12.989999771118164,12.739999771118164,12.8100004196167,11.336441040039062,2884100
2015-09-14,NWSA,12.989999771118164,12.989999771118164,12.739999771118164,12.8100004196167,11.336441040039062,2884100
2015-09-15,NWSA,12.880000114440918,12.970000267028809,12.81999969482422,12.9399995803833,11.45148468017578,2731200
2015-09-15,NWSA,12.880000114440918,12.970000267028809,12.81999969482422,12.9399995803833,11.45148468017578,2731200
2015-09-16,NWSA,12.789999961853027,13.0600004196167,12.789999961853027,13.039999961853027,11.539983749389648,3953200
2015-09-16,NWSA,12.789999961853027,13.0600004196167,12.789999961853027,13.039999961853027,11.539983749389648,3953200
2015-09-17,NWSA,12.800000190734863,13.479999542236328,12.760000228881836,13.210000038146973,11.690428733825684,6287000
2015-09-17,NWSA,12.800000190734863,13.479999542236328,12.760000228881836,13.210000038146973,11.690428733825684,6287000
2015-09-18,NWSA,13.029999732971191,13.18000030517578,12.789999961853027,12.920000076293944,11.433786392211914,21641100
2015-09-18,NWSA,13.029999732971191,13.18000030517578,12.789999961853027,12.920000076293944,11.433786392211914,21641100
2015-09-21,NWSA,12.960000038146973,13.229999542236328,12.880000114440918,12.93000030517578,11.44263744354248,3538500
2015-09-21,NWSA,12.960000038146973,13.229999542236328,12.880000114440918,12.93000030517578,11.44263744354248,3538500
2015-09-22,NWSA,12.75,12.949999809265137,12.699999809265137,12.789999961853027,11.318739891052246,3437300
2015-09-22,NWSA,12.75,12.949999809265137,12.699999809265137,12.789999961853027,11.318739891052246,3437300
2015-09-23,NWSA,12.829999923706056,12.880000114440918,12.649999618530272,12.75,11.283343315124512,2352300
2015-09-23,NWSA,12.829999923706056,12.880000114440918,12.649999618530272,12.75,11.283343315124512,2352300
2015-09-24,NWSA,12.68000030517578,12.890000343322754,12.630000114440918,12.829999923706056,11.35414218902588,3164100
2015-09-24,NWSA,12.68000030517578,12.890000343322754,12.630000114440918,12.829999923706056,11.35414218902588,3164100
2015-09-25,NWSA,12.920000076293944,12.920000076293944,12.68000030517578,12.75,11.283343315124512,2808000
2015-09-25,NWSA,12.920000076293944,12.920000076293944,12.68000030517578,12.75,11.283343315124512,2808000
2015-09-28,NWSA,12.670000076293944,12.9399995803833,12.260000228881836,12.289999961853027,10.87625503540039,4174500
2015-09-28,NWSA,12.670000076293944,12.9399995803833,12.260000228881836,12.289999961853027,10.87625503540039,4174500
2015-09-29,NWSA,12.279999732971191,12.460000038146973,12.15999984741211,12.260000228881836,10.84970760345459,5347200
2015-09-29,NWSA,12.279999732971191,12.460000038146973,12.15999984741211,12.260000228881836,10.84970760345459,5347200
2015-09-30,NWSA,12.31999969482422,12.649999618530272,12.15999984741211,12.619999885559082,11.168294906616213,3129600
2015-09-30,NWSA,12.31999969482422,12.649999618530272,12.15999984741211,12.619999885559082,11.168294906616213,3129600
2015-10-01,NWSA,12.770000457763672,12.949999809265137,12.529999732971191,12.729999542236328,11.265643119812012,3589000
2015-10-01,NWSA,12.770000457763672,12.949999809265137,12.529999732971191,12.729999542236328,11.265643119812012,3589000
2015-10-02,NWSA,12.520000457763672,13.050000190734863,12.350000381469728,13.039999961853027,11.539983749389648,3198000
2015-10-02,NWSA,12.520000457763672,13.050000190734863,12.350000381469728,13.039999961853027,11.539983749389648,3198000
2015-10-05,NWSA,13.34000015258789,13.460000038146973,13.18000030517578,13.40999984741211,11.867419242858888,4380500
2015-10-05,NWSA,13.34000015258789,13.460000038146973,13.18000030517578,13.40999984741211,11.867419242858888,4380500
2015-10-06,NWSA,13.420000076293944,13.609999656677246,13.289999961853027,13.5,11.947068214416504,2720500
2015-10-06,NWSA,13.420000076293944,13.609999656677246,13.289999961853027,13.5,11.947068214416504,2720500
2015-10-07,NWSA,13.619999885559082,13.800000190734863,13.4399995803833,13.630000114440918,12.062113761901855,4490700
2015-10-07,NWSA,13.619999885559082,13.800000190734863,13.4399995803833,13.630000114440918,12.062113761901855,4490700
2015-10-08,NWSA,13.609999656677246,14.0600004196167,13.609999656677246,14.050000190734863,12.433801651000977,2959300
2015-10-08,NWSA,13.609999656677246,14.0600004196167,13.609999656677246,14.050000190734863,12.433801651000977,2959300
2015-10-09,NWSA,14.0,14.119999885559082,13.770000457763672,13.960000038146973,12.35415267944336,4233900
2015-10-09,NWSA,14.0,14.119999885559082,13.770000457763672,13.960000038146973,12.35415267944336,4233900
2015-10-12,NWSA,13.979999542236328,14.039999961853027,13.800000190734863,13.90999984741211,12.30990505218506,2067700
2015-10-12,NWSA,13.979999542236328,14.039999961853027,13.800000190734863,13.90999984741211,12.30990505218506,2067700
2015-10-13,NWSA,13.850000381469728,14.029999732971191,13.770000457763672,13.90999984741211,12.30990505218506,3003000
2015-10-13,NWSA,13.850000381469728,14.029999732971191,13.770000457763672,13.90999984741211,12.30990505218506,3003000
2015-10-14,NWSA,13.9399995803833,14.079999923706056,13.84000015258789,13.979999542236328,12.371853828430176,3506600
2015-10-14,NWSA,13.9399995803833,14.079999923706056,13.84000015258789,13.979999542236328,12.371853828430176,3506600
2015-10-15,NWSA,14.079999923706056,14.31999969482422,13.90999984741211,14.289999961853027,12.646193504333496,4286100
2015-10-15,NWSA,14.079999923706056,14.31999969482422,13.90999984741211,14.289999961853027,12.646193504333496,4286100
2015-10-16,NWSA,14.359999656677246,14.609999656677246,14.100000381469728,14.59000015258789,12.91168212890625,3246700
2015-10-16,NWSA,14.359999656677246,14.609999656677246,14.100000381469728,14.59000015258789,12.91168212890625,3246700
2015-10-19,NWSA,14.550000190734863,14.65999984741211,14.40999984741211,14.579999923706056,12.902833938598633,2978400
2015-10-19,NWSA,14.550000190734863,14.65999984741211,14.40999984741211,14.579999923706056,12.902833938598633,2978400
2015-10-20,NWSA,14.579999923706056,14.670000076293944,14.460000038146973,14.56999969482422,12.893982887268066,2138000
2015-10-20,NWSA,14.579999923706056,14.670000076293944,14.460000038146973,14.56999969482422,12.893982887268066,2138000
2015-10-21,NWSA,14.649999618530272,14.649999618530272,14.229999542236328,14.239999771118164,12.60194492340088,2530300
2015-10-21,NWSA,14.649999618530272,14.649999618530272,14.229999542236328,14.239999771118164,12.60194492340088,2530300
2015-10-22,NWSA,14.380000114440918,14.710000038146973,14.279999732971191,14.6899995803833,13.000178337097168,2767400
2015-10-22,NWSA,14.380000114440918,14.710000038146973,14.279999732971191,14.6899995803833,13.000178337097168,2767400
2015-10-23,NWSA,14.729999542236328,15.020000457763672,14.630000114440918,15.0,13.274518966674805,3998600
2015-10-23,NWSA,14.729999542236328,15.020000457763672,14.630000114440918,15.0,13.274518966674805,3998600
2015-10-26,NWSA,15.010000228881836,15.039999961853027,14.40999984741211,14.710000038146973,13.017879486083984,4310700
2015-10-26,NWSA,15.010000228881836,15.039999961853027,14.40999984741211,14.710000038146973,13.017879486083984,4310700
2015-10-27,NWSA,14.640000343322754,14.699999809265137,14.43000030517578,14.6899995803833,13.000178337097168,3421300
2015-10-27,NWSA,14.640000343322754,14.699999809265137,14.43000030517578,14.6899995803833,13.000178337097168,3421300
2015-10-28,NWSA,14.729999542236328,15.010000228881836,14.5,15.0,13.274518966674805,3318900
2015-10-28,NWSA,14.729999542236328,15.010000228881836,14.5,15.0,13.274518966674805,3318900
2015-10-29,NWSA,14.890000343322754,15.18000030517578,14.890000343322754,15.119999885559082,13.38071632385254,3649900
2015-10-29,NWSA,14.890000343322754,15.18000030517578,14.890000343322754,15.119999885559082,13.38071632385254,3649900
2015-10-30,NWSA,15.100000381469728,15.4399995803833,14.9399995803833,15.399999618530272,13.62850570678711,4694100
2015-10-30,NWSA,15.100000381469728,15.4399995803833,14.9399995803833,15.399999618530272,13.62850570678711,4694100
2015-11-02,NWSA,15.359999656677246,15.68000030517578,15.170000076293944,15.630000114440918,13.832051277160645,4125900
2015-11-02,NWSA,15.359999656677246,15.68000030517578,15.170000076293944,15.630000114440918,13.832051277160645,4125900
2015-11-03,NWSA,15.640000343322754,15.640000343322754,15.31999969482422,15.40999984741211,13.637358665466309,2829300
2015-11-03,NWSA,15.640000343322754,15.640000343322754,15.31999969482422,15.40999984741211,13.637358665466309,2829300
2015-11-04,NWSA,15.5,15.529999732971191,15.260000228881836,15.4399995803833,13.663907051086426,3210800
2015-11-04,NWSA,15.5,15.529999732971191,15.260000228881836,15.4399995803833,13.663907051086426,3210800
2015-11-05,NWSA,15.43000030517578,15.529999732971191,15.1899995803833,15.350000381469728,13.584259033203123,3084200
2015-11-05,NWSA,15.43000030517578,15.529999732971191,15.1899995803833,15.350000381469728,13.584259033203123,3084200
2015-11-06,NWSA,15.59000015258789,15.59000015258789,14.699999809265137,14.880000114440918,13.16832447052002,4490400
2015-11-06,NWSA,15.59000015258789,15.59000015258789,14.699999809265137,14.880000114440918,13.16832447052002,4490400
2015-11-09,NWSA,14.56999969482422,14.760000228881836,14.279999732971191,14.420000076293944,12.761238098144531,4350500
2015-11-09,NWSA,14.56999969482422,14.760000228881836,14.279999732971191,14.420000076293944,12.761238098144531,4350500
2015-11-10,NWSA,14.350000381469728,14.529999732971191,14.279999732971191,14.4399995803833,12.778938293457031,3031500
2015-11-10,NWSA,14.350000381469728,14.529999732971191,14.279999732971191,14.4399995803833,12.778938293457031,3031500
2015-11-11,NWSA,14.420000076293944,14.520000457763672,14.329999923706056,14.380000114440918,12.725841522216797,2257500
2015-11-11,NWSA,14.420000076293944,14.520000457763672,14.329999923706056,14.380000114440918,12.725841522216797,2257500
2015-11-12,NWSA,14.260000228881836,14.369999885559082,14.09000015258789,14.109999656677246,12.486896514892578,3368400
2015-11-12,NWSA,14.260000228881836,14.369999885559082,14.09000015258789,14.109999656677246,12.486896514892578,3368400
2015-11-13,NWSA,14.119999885559082,14.329999923706056,13.779999732971191,13.779999732971191,12.19486141204834,3176500
2015-11-13,NWSA,14.119999885559082,14.329999923706056,13.779999732971191,13.779999732971191,12.19486141204834,3176500
2015-11-16,NWSA,13.789999961853027,14.149999618530272,13.760000228881836,14.140000343322754,12.513449668884276,3065300
2015-11-16,NWSA,13.789999961853027,14.149999618530272,13.760000228881836,14.140000343322754,12.513449668884276,3065300
2015-11-17,NWSA,14.140000343322754,14.3100004196167,14.020000457763672,14.140000343322754,12.513449668884276,2671000
2015-11-17,NWSA,14.140000343322754,14.3100004196167,14.020000457763672,14.140000343322754,12.513449668884276,2671000
2015-11-18,NWSA,14.15999984741211,14.289999961853027,14.06999969482422,14.270000457763672,12.628494262695312,2565600
2015-11-18,NWSA,14.15999984741211,14.289999961853027,14.06999969482422,14.270000457763672,12.628494262695312,2565600
2015-11-19,NWSA,14.289999961853027,14.3100004196167,14.079999923706056,14.1899995803833,12.557694435119627,2509800
2015-11-19,NWSA,14.289999961853027,14.3100004196167,14.079999923706056,14.1899995803833,12.557694435119627,2509800
2015-11-20,NWSA,14.260000228881836,14.420000076293944,14.029999732971191,14.260000228881836,12.619644165039062,2710000
2015-11-20,NWSA,14.260000228881836,14.420000076293944,14.029999732971191,14.260000228881836,12.619644165039062,2710000
2015-11-23,NWSA,14.029999732971191,14.489999771118164,13.970000267028809,14.31999969482422,12.672740936279297,1784900
2015-11-23,NWSA,14.029999732971191,14.489999771118164,13.970000267028809,14.31999969482422,12.672740936279297,1784900
2015-11-24,NWSA,14.260000228881836,14.449999809265137,14.210000038146973,14.43000030517578,12.77008819580078,2248400
2015-11-24,NWSA,14.260000228881836,14.449999809265137,14.210000038146973,14.43000030517578,12.77008819580078,2248400
2015-11-25,NWSA,14.4399995803833,14.489999771118164,14.3100004196167,14.43000030517578,12.77008819580078,1732700
2015-11-25,NWSA,14.4399995803833,14.489999771118164,14.3100004196167,14.43000030517578,12.77008819580078,1732700
2015-11-27,NWSA,14.4399995803833,14.4399995803833,14.1899995803833,14.25,12.610793113708496,938800
2015-11-27,NWSA,14.4399995803833,14.4399995803833,14.1899995803833,14.25,12.610793113708496,938800
2015-11-30,NWSA,14.300000190734863,14.43000030517578,14.140000343322754,14.350000381469728,12.69929313659668,2252200
2015-11-30,NWSA,14.300000190734863,14.43000030517578,14.140000343322754,14.350000381469728,12.69929313659668,2252200
2015-12-01,NWSA,14.470000267028809,14.65999984741211,14.380000114440918,14.630000114440918,12.94708251953125,2262100
2015-12-01,NWSA,14.470000267028809,14.65999984741211,14.380000114440918,14.630000114440918,12.94708251953125,2262100
2015-12-02,NWSA,14.59000015258789,14.619999885559082,14.369999885559082,14.40999984741211,12.752388954162598,2567300
2015-12-02,NWSA,14.59000015258789,14.619999885559082,14.369999885559082,14.40999984741211,12.752388954162598,2567300
2015-12-03,NWSA,14.40999984741211,14.510000228881836,13.59000015258789,13.779999732971191,12.19486141204834,3799700
2015-12-03,NWSA,14.40999984741211,14.510000228881836,13.59000015258789,13.779999732971191,12.19486141204834,3799700
2015-12-04,NWSA,13.789999961853027,14.09000015258789,13.710000038146973,14.0600004196167,12.442648887634276,1915600
2015-12-04,NWSA,13.789999961853027,14.09000015258789,13.710000038146973,14.0600004196167,12.442648887634276,1915600
2015-12-07,NWSA,14.0,14.050000190734863,13.829999923706056,13.869999885559082,12.274505615234377,2559100
2015-12-07,NWSA,14.0,14.050000190734863,13.829999923706056,13.869999885559082,12.274505615234377,2559100
2015-12-08,NWSA,14.010000228881836,14.010000228881836,13.470000267028809,13.5,11.947068214416504,2554300
2015-12-08,NWSA,14.010000228881836,14.010000228881836,13.470000267028809,13.5,11.947068214416504,2554300
2015-12-09,NWSA,13.460000038146973,13.789999961853027,13.390000343322754,13.5,11.947068214416504,2181100
2015-12-09,NWSA,13.460000038146973,13.789999961853027,13.390000343322754,13.5,11.947068214416504,2181100
2015-12-10,NWSA,13.479999542236328,13.880000114440918,13.460000038146973,13.75,12.16831111907959,3208400
2015-12-10,NWSA,13.479999542236328,13.880000114440918,13.460000038146973,13.75,12.16831111907959,3208400
2015-12-11,NWSA,13.550000190734863,13.609999656677246,13.260000228881836,13.31999969482422,11.78777313232422,2198400
2015-12-11,NWSA,13.550000190734863,13.609999656677246,13.260000228881836,13.31999969482422,11.78777313232422,2198400
2015-12-14,NWSA,13.359999656677246,13.40999984741211,13.119999885559082,13.260000228881836,11.734674453735352,2651200
2015-12-14,NWSA,13.359999656677246,13.40999984741211,13.119999885559082,13.260000228881836,11.734674453735352,2651200
2015-12-15,NWSA,13.390000343322754,13.619999885559082,13.329999923706056,13.460000038146973,11.91166877746582,1891400
2015-12-15,NWSA,13.390000343322754,13.619999885559082,13.329999923706056,13.460000038146973,11.91166877746582,1891400
2015-12-16,NWSA,13.59000015258789,13.770000457763672,13.470000267028809,13.670000076293944,12.097512245178224,3077600
2015-12-16,NWSA,13.59000015258789,13.770000457763672,13.470000267028809,13.670000076293944,12.097512245178224,3077600
2015-12-17,NWSA,13.68000030517578,13.729999542236328,13.350000381469728,13.359999656677246,11.82317352294922,2510300
2015-12-17,NWSA,13.68000030517578,13.729999542236328,13.350000381469728,13.359999656677246,11.82317352294922,2510300
2015-12-18,NWSA,13.270000457763672,13.390000343322754,13.149999618530272,13.18000030517578,11.663880348205566,4357900
2015-12-18,NWSA,13.270000457763672,13.390000343322754,13.149999618530272,13.18000030517578,11.663880348205566,4357900
2015-12-21,NWSA,13.270000457763672,13.380000114440918,13.130000114440918,13.359999656677246,11.82317352294922,2291200
2015-12-21,NWSA,13.270000457763672,13.380000114440918,13.130000114440918,13.359999656677246,11.82317352294922,2291200
2015-12-22,NWSA,13.4399995803833,13.489999771118164,13.270000457763672,13.3100004196167,11.778924942016602,2899500
2015-12-22,NWSA,13.4399995803833,13.489999771118164,13.270000457763672,13.3100004196167,11.778924942016602,2899500
2015-12-23,NWSA,13.43000030517578,13.729999542236328,13.390000343322754,13.699999809265137,12.124062538146973,3562700
2015-12-23,NWSA,13.43000030517578,13.729999542236328,13.390000343322754,13.699999809265137,12.124062538146973,3562700
2015-12-24,NWSA,13.460000038146973,13.84000015258789,13.31999969482422,13.619999885559082,12.053264617919922,994300
2015-12-24,NWSA,13.460000038146973,13.84000015258789,13.31999969482422,13.619999885559082,12.053264617919922,994300
2015-12-28,NWSA,13.510000228881836,13.630000114440918,13.31999969482422,13.520000457763672,11.96476936340332,1768600
2015-12-28,NWSA,13.510000228881836,13.630000114440918,13.31999969482422,13.520000457763672,11.96476936340332,1768600
2015-12-29,NWSA,13.630000114440918,13.8100004196167,13.520000457763672,13.720000267028809,12.141763687133787,1720200
2015-12-29,NWSA,13.630000114440918,13.8100004196167,13.520000457763672,13.720000267028809,12.141763687133787,1720200
2015-12-30,NWSA,13.670000076293944,13.75,13.449999809265137,13.520000457763672,11.96476936340332,1811700
2015-12-30,NWSA,13.670000076293944,13.75,13.449999809265137,13.520000457763672,11.96476936340332,1811700
2015-12-31,NWSA,13.5,13.550000190734863,13.350000381469728,13.359999656677246,11.82317352294922,1899300
2015-12-31,NWSA,13.5,13.550000190734863,13.350000381469728,13.359999656677246,11.82317352294922,1899300
2016-01-04,NWSA,13.119999885559082,13.210000038146973,13.010000228881836,13.210000038146973,11.690428733825684,3980000
2016-01-04,NWSA,13.119999885559082,13.210000038146973,13.010000228881836,13.210000038146973,11.690428733825684,3980000
2016-01-05,NWSA,13.260000228881836,13.31999969482422,12.6899995803833,12.770000457763672,11.301043510437012,4867700
2016-01-05,NWSA,13.260000228881836,13.31999969482422,12.6899995803833,12.770000457763672,11.301043510437012,4867700
2016-01-06,NWSA,12.529999732971191,12.81999969482422,12.479999542236328,12.710000038146973,11.247942924499512,3682000
2016-01-06,NWSA,12.529999732971191,12.81999969482422,12.479999542236328,12.710000038146973,11.247942924499512,3682000
2016-01-07,NWSA,12.4399995803833,12.609999656677246,12.390000343322754,12.420000076293944,10.991302490234377,3197100
2016-01-07,NWSA,12.4399995803833,12.609999656677246,12.390000343322754,12.420000076293944,10.991302490234377,3197100
2016-01-08,NWSA,12.5600004196167,12.710000038146973,12.420000076293944,12.579999923706056,11.132895469665527,4502000
2016-01-08,NWSA,12.5600004196167,12.710000038146973,12.420000076293944,12.579999923706056,11.132895469665527,4502000
2016-01-11,NWSA,12.399999618530272,12.640000343322754,12.0600004196167,12.210000038146973,10.805459022521973,5272200
2016-01-11,NWSA,12.399999618530272,12.640000343322754,12.0600004196167,12.210000038146973,10.805459022521973,5272200
2016-01-12,NWSA,12.350000381469728,12.479999542236328,12.220000267028809,12.43000030517578,11.00015354156494,3800600
2016-01-12,NWSA,12.350000381469728,12.479999542236328,12.220000267028809,12.43000030517578,11.00015354156494,3800600
2016-01-13,NWSA,12.510000228881836,12.539999961853027,12.079999923706056,12.1899995803833,10.787759780883787,4484900
2016-01-13,NWSA,12.510000228881836,12.539999961853027,12.079999923706056,12.1899995803833,10.787759780883787,4484900
2016-01-14,NWSA,12.289999961853027,12.8100004196167,12.18000030517578,12.710000038146973,11.247942924499512,5457800
2016-01-14,NWSA,12.289999961853027,12.8100004196167,12.18000030517578,12.710000038146973,11.247942924499512,5457800
2016-01-15,NWSA,12.359999656677246,12.729999542236328,12.25,12.510000228881836,11.07094955444336,6232000
2016-01-15,NWSA,12.359999656677246,12.729999542236328,12.25,12.510000228881836,11.07094955444336,6232000
2016-01-19,NWSA,12.670000076293944,12.670000076293944,12.119999885559082,12.350000381469728,10.929357528686523,4828700
2016-01-19,NWSA,12.670000076293944,12.670000076293944,12.119999885559082,12.350000381469728,10.929357528686523,4828700
2016-01-20,NWSA,12.119999885559082,12.279999732971191,11.800000190734863,12.149999618530272,10.752362251281738,4935200
2016-01-20,NWSA,12.119999885559082,12.279999732971191,11.800000190734863,12.149999618530272,10.752362251281738,4935200
2016-01-21,NWSA,12.149999618530272,12.579999923706056,12.050000190734863,12.369999885559082,10.947056770324709,3375200
2016-01-21,NWSA,12.149999618530272,12.579999923706056,12.050000190734863,12.369999885559082,10.947056770324709,3375200
2016-01-22,NWSA,12.699999809265137,12.720000267028809,12.529999732971191,12.699999809265137,11.239093780517578,2533100
2016-01-22,NWSA,12.699999809265137,12.720000267028809,12.529999732971191,12.699999809265137,11.239093780517578,2533100
2016-01-25,NWSA,12.65999984741211,12.729999542236328,12.460000038146973,12.5,11.062098503112791,3245900
2016-01-25,NWSA,12.65999984741211,12.729999542236328,12.460000038146973,12.5,11.062098503112791,3245900
2016-01-26,NWSA,12.56999969482422,12.800000190734863,12.40999984741211,12.800000190734863,11.327592849731444,2480000
2016-01-26,NWSA,12.56999969482422,12.800000190734863,12.40999984741211,12.800000190734863,11.327592849731444,2480000
2016-01-27,NWSA,12.68000030517578,12.960000038146973,12.600000381469728,12.699999809265137,11.239093780517578,3398400
2016-01-27,NWSA,12.68000030517578,12.960000038146973,12.600000381469728,12.699999809265137,11.239093780517578,3398400
2016-01-28,NWSA,12.960000038146973,12.960000038146973,12.539999961853027,12.84000015258789,11.36298942565918,4184700
2016-01-28,NWSA,12.960000038146973,12.960000038146973,12.539999961853027,12.84000015258789,11.36298942565918,4184700
2016-01-29,NWSA,12.890000343322754,13.050000190734863,12.670000076293944,12.970000267028809,11.478034973144531,4118500
2016-01-29,NWSA,12.890000343322754,13.050000190734863,12.670000076293944,12.970000267028809,11.478034973144531,4118500
2016-02-01,NWSA,13.100000381469728,13.100000381469728,12.5,12.699999809265137,11.239093780517578,4617500
2016-02-01,NWSA,13.100000381469728,13.100000381469728,12.5,12.699999809265137,11.239093780517578,4617500
2016-02-02,NWSA,12.550000190734863,12.68000030517578,12.06999969482422,12.119999885559082,10.72581386566162,3915800
2016-02-02,NWSA,12.550000190734863,12.68000030517578,12.06999969482422,12.119999885559082,10.72581386566162,3915800
2016-02-03,NWSA,12.260000228881836,12.649999618530272,11.9399995803833,12.239999771118164,10.83200740814209,3775900
2016-02-03,NWSA,12.260000228881836,12.649999618530272,11.9399995803833,12.239999771118164,10.83200740814209,3775900
2016-02-04,NWSA,12.220000267028809,12.5,12.15999984741211,12.210000038146973,10.805459022521973,6302000
2016-02-04,NWSA,12.220000267028809,12.5,12.15999984741211,12.210000038146973,10.805459022521973,6302000
2016-02-05,NWSA,11.43000030517578,11.789999961853027,10.960000038146973,11.100000381469728,9.82314395904541,9924600
2016-02-05,NWSA,11.43000030517578,11.789999961853027,10.960000038146973,11.100000381469728,9.82314395904541,9924600
2016-02-08,NWSA,10.970000267028809,11.09000015258789,10.260000228881836,10.5600004196167,9.34526252746582,6769000
2016-02-08,NWSA,10.970000267028809,11.09000015258789,10.260000228881836,10.5600004196167,9.34526252746582,6769000
2016-02-09,NWSA,10.369999885559082,10.649999618530272,10.289999961853027,10.489999771118164,9.283313751220703,5450100
2016-02-09,NWSA,10.369999885559082,10.649999618530272,10.289999961853027,10.489999771118164,9.283313751220703,5450100
2016-02-10,NWSA,10.520000457763672,10.770000457763672,10.470000267028809,10.600000381469728,9.380660057067873,5478400
2016-02-10,NWSA,10.520000457763672,10.770000457763672,10.470000267028809,10.600000381469728,9.380660057067873,5478400
2016-02-11,NWSA,10.4399995803833,10.479999542236328,10.210000038146973,10.399999618530272,9.20366668701172,4924300
2016-02-11,NWSA,10.4399995803833,10.479999542236328,10.210000038146973,10.399999618530272,9.20366668701172,4924300
2016-02-12,NWSA,10.529999732971191,10.989999771118164,10.470000267028809,10.75,9.513405799865724,4348100
2016-02-12,NWSA,10.529999732971191,10.989999771118164,10.470000267028809,10.75,9.513405799865724,4348100
2016-02-16,NWSA,10.920000076293944,11.100000381469728,10.640000343322754,10.9399995803833,9.681550979614258,4088800
2016-02-16,NWSA,10.920000076293944,11.100000381469728,10.640000343322754,10.9399995803833,9.681550979614258,4088800
2016-02-17,NWSA,11.020000457763672,11.270000457763672,10.93000030517578,11.0,9.734646797180176,3483800
2016-02-17,NWSA,11.020000457763672,11.270000457763672,10.93000030517578,11.0,9.734646797180176,3483800
2016-02-18,NWSA,11.020000457763672,11.050000190734863,10.829999923706056,10.850000381469728,9.60190486907959,3177300
2016-02-18,NWSA,11.020000457763672,11.050000190734863,10.829999923706056,10.850000381469728,9.60190486907959,3177300
2016-02-19,NWSA,10.800000190734863,11.0600004196167,10.75,10.920000076293944,9.663851737976074,4886400
2016-02-19,NWSA,10.800000190734863,11.0600004196167,10.75,10.920000076293944,9.663851737976074,4886400
2016-02-22,NWSA,11.039999961853027,11.1899995803833,11.020000457763672,11.100000381469728,9.82314395904541,2634400
2016-02-22,NWSA,11.039999961853027,11.1899995803833,11.020000457763672,11.100000381469728,9.82314395904541,2634400
2016-02-23,NWSA,11.020000457763672,11.170000076293944,10.880000114440918,10.890000343322754,9.63730239868164,4069900
2016-02-23,NWSA,11.020000457763672,11.170000076293944,10.880000114440918,10.890000343322754,9.63730239868164,4069900
2016-02-24,NWSA,10.489999771118164,10.859999656677246,10.489999771118164,10.789999961853027,9.548806190490724,5656500
2016-02-24,NWSA,10.489999771118164,10.859999656677246,10.489999771118164,10.789999961853027,9.548806190490724,5656500
2016-02-25,NWSA,10.8100004196167,10.880000114440918,10.579999923706056,10.869999885559082,9.619603157043455,3211900
2016-02-25,NWSA,10.8100004196167,10.880000114440918,10.579999923706056,10.869999885559082,9.619603157043455,3211900
2016-02-26,NWSA,10.949999809265137,11.039999961853027,10.81999969482422,10.920000076293944,9.663851737976074,2657400
2016-02-26,NWSA,10.949999809265137,11.039999961853027,10.81999969482422,10.920000076293944,9.663851737976074,2657400
2016-02-29,NWSA,10.90999984741211,11.170000076293944,10.800000190734863,10.81999969482422,9.575355529785156,3483100
2016-02-29,NWSA,10.90999984741211,11.170000076293944,10.800000190734863,10.81999969482422,9.575355529785156,3483100
2016-03-01,NWSA,10.899999618530272,10.9399995803833,10.6899995803833,10.770000457763672,9.53110694885254,4231700
2016-03-01,NWSA,10.899999618530272,10.9399995803833,10.6899995803833,10.770000457763672,9.53110694885254,4231700
2016-03-02,NWSA,10.729999542236328,10.9399995803833,10.710000038146973,10.890000343322754,9.63730239868164,6110900
2016-03-02,NWSA,10.729999542236328,10.9399995803833,10.710000038146973,10.890000343322754,9.63730239868164,6110900
2016-03-03,NWSA,10.890000343322754,10.970000267028809,10.770000457763672,10.90999984741211,9.65500259399414,7581100
2016-03-03,NWSA,10.890000343322754,10.970000267028809,10.770000457763672,10.90999984741211,9.65500259399414,7581100
2016-03-04,NWSA,10.920000076293944,11.130000114440918,10.829999923706056,11.0,9.734646797180176,10888200
2016-03-04,NWSA,10.920000076293944,11.130000114440918,10.829999923706056,11.0,9.734646797180176,10888200
2016-03-07,NWSA,10.869999885559082,11.350000381469728,10.84000015258789,11.3100004196167,10.100815773010254,5735500
2016-03-07,NWSA,10.869999885559082,11.350000381469728,10.84000015258789,11.3100004196167,10.100815773010254,5735500
2016-03-08,NWSA,11.220000267028809,11.270000457763672,10.869999885559082,10.920000076293944,9.752509117126465,3562500
2016-03-08,NWSA,11.220000267028809,11.270000457763672,10.869999885559082,10.920000076293944,9.752509117126465,3562500
2016-03-09,NWSA,11.0,11.350000381469728,10.880000114440918,11.09000015258789,9.904336929321287,6572000
2016-03-09,NWSA,11.0,11.350000381469728,10.880000114440918,11.09000015258789,9.904336929321287,6572000
2016-03-10,NWSA,11.170000076293944,11.1899995803833,10.869999885559082,11.09000015258789,9.904336929321287,6216600
2016-03-10,NWSA,11.170000076293944,11.1899995803833,10.869999885559082,11.09000015258789,9.904336929321287,6216600
2016-03-11,NWSA,11.25,11.770000457763672,11.050000190734863,11.75,10.49377155303955,5102200
2016-03-11,NWSA,11.25,11.770000457763672,11.050000190734863,11.75,10.49377155303955,5102200
2016-03-14,NWSA,11.6899995803833,11.920000076293944,11.350000381469728,11.5600004196167,10.324085235595703,3136400
2016-03-14,NWSA,11.6899995803833,11.920000076293944,11.350000381469728,11.5600004196167,10.324085235595703,3136400
2016-03-15,NWSA,11.510000228881836,11.619999885559082,11.34000015258789,11.56999969482422,10.333017349243164,2613700
2016-03-15,NWSA,11.510000228881836,11.619999885559082,11.34000015258789,11.56999969482422,10.333017349243164,2613700
2016-03-16,NWSA,11.529999732971191,12.130000114440918,11.529999732971191,12.0600004196167,10.770628929138184,7135200
2016-03-16,NWSA,11.529999732971191,12.130000114440918,11.529999732971191,12.0600004196167,10.770628929138184,7135200
2016-03-17,NWSA,12.06999969482422,12.65999984741211,12.06999969482422,12.4399995803833,11.11000156402588,6206600
2016-03-17,NWSA,12.06999969482422,12.65999984741211,12.06999969482422,12.4399995803833,11.11000156402588,6206600
2016-03-18,NWSA,12.489999771118164,12.59000015258789,12.210000038146973,12.3100004196167,10.993900299072266,4493300
2016-03-18,NWSA,12.489999771118164,12.59000015258789,12.210000038146973,12.3100004196167,10.993900299072266,4493300
2016-03-21,NWSA,12.289999961853027,12.4399995803833,12.18000030517578,12.380000114440918,11.056416511535645,2459200
2016-03-21,NWSA,12.289999961853027,12.4399995803833,12.18000030517578,12.380000114440918,11.056416511535645,2459200
2016-03-22,NWSA,12.329999923706056,12.649999618530272,12.300000190734863,12.640000343322754,11.288618087768556,3985900
2016-03-22,NWSA,12.329999923706056,12.649999618530272,12.300000190734863,12.640000343322754,11.288618087768556,3985900
2016-03-23,NWSA,12.609999656677246,12.75,12.520000457763672,12.539999961853027,11.199311256408691,6079700
2016-03-23,NWSA,12.609999656677246,12.75,12.520000457763672,12.539999961853027,11.199311256408691,6079700
2016-03-24,NWSA,12.4399995803833,12.539999961853027,12.289999961853027,12.5,11.16358757019043,3301000
2016-03-24,NWSA,12.4399995803833,12.539999961853027,12.289999961853027,12.5,11.16358757019043,3301000
2016-03-28,NWSA,12.520000457763672,12.859999656677246,12.489999771118164,12.850000381469728,11.476168632507324,3674100
2016-03-28,NWSA,12.520000457763672,12.859999656677246,12.489999771118164,12.850000381469728,11.476168632507324,3674100
2016-03-29,NWSA,12.81999969482422,12.899999618530272,12.609999656677246,12.859999656677246,11.485098838806152,3073300
2016-03-29,NWSA,12.81999969482422,12.899999618530272,12.609999656677246,12.859999656677246,11.485098838806152,3073300
2016-03-30,NWSA,12.9399995803833,12.9399995803833,12.630000114440918,12.75,11.386857986450195,2631100
2016-03-30,NWSA,12.9399995803833,12.9399995803833,12.630000114440918,12.75,11.386857986450195,2631100
2016-03-31,NWSA,12.739999771118164,12.880000114440918,12.609999656677246,12.770000457763672,11.404722213745115,2351000
2016-03-31,NWSA,12.739999771118164,12.880000114440918,12.609999656677246,12.770000457763672,11.404722213745115,2351000
2016-04-01,NWSA,12.68000030517578,13.050000190734863,12.510000228881836,13.029999732971191,11.636923789978027,3538800
2016-04-01,NWSA,12.68000030517578,13.050000190734863,12.510000228881836,13.029999732971191,11.636923789978027,3538800
2016-04-04,NWSA,13.0,13.0600004196167,12.739999771118164,12.760000228881836,11.395791053771973,3024700
2016-04-04,NWSA,13.0,13.0600004196167,12.739999771118164,12.760000228881836,11.395791053771973,3024700
2016-04-05,NWSA,12.6899995803833,12.869999885559082,12.529999732971191,12.609999656677246,11.261825561523438,2933300
2016-04-05,NWSA,12.6899995803833,12.869999885559082,12.529999732971191,12.609999656677246,11.261825561523438,2933300
2016-04-06,NWSA,12.65999984741211,12.8100004196167,12.489999771118164,12.770000457763672,11.404722213745115,3254600
2016-04-06,NWSA,12.65999984741211,12.8100004196167,12.489999771118164,12.770000457763672,11.404722213745115,3254600
2016-04-07,NWSA,12.729999542236328,12.850000381469728,12.460000038146973,12.59000015258789,11.243964195251465,6162900
2016-04-07,NWSA,12.729999542236328,12.850000381469728,12.460000038146973,12.59000015258789,11.243964195251465,6162900
2016-04-08,NWSA,12.6899995803833,12.6899995803833,12.329999923706056,12.40999984741211,11.083209037780762,2661000
2016-04-08,NWSA,12.6899995803833,12.6899995803833,12.329999923706056,12.40999984741211,11.083209037780762,2661000
2016-04-11,NWSA,12.420000076293944,12.489999771118164,12.289999961853027,12.289999961853027,10.976038932800291,2524900
2016-04-11,NWSA,12.420000076293944,12.489999771118164,12.289999961853027,12.289999961853027,10.976038932800291,2524900
2016-04-12,NWSA,12.350000381469728,12.550000190734863,12.260000228881836,12.470000267028809,11.136795043945312,2251100
2016-04-12,NWSA,12.350000381469728,12.550000190734863,12.260000228881836,12.470000267028809,11.136795043945312,2251100
2016-04-13,NWSA,12.539999961853027,12.710000038146973,12.489999771118164,12.699999809265137,11.342204093933104,1852100
2016-04-13,NWSA,12.539999961853027,12.710000038146973,12.489999771118164,12.699999809265137,11.342204093933104,1852100
2016-04-14,NWSA,12.75,12.859999656677246,12.710000038146973,12.729999542236328,11.368996620178224,1733900
2016-04-14,NWSA,12.75,12.859999656677246,12.710000038146973,12.729999542236328,11.368996620178224,1733900
2016-04-15,NWSA,12.729999542236328,12.75,12.59000015258789,12.699999809265137,11.342204093933104,1519300
2016-04-15,NWSA,12.729999542236328,12.75,12.59000015258789,12.699999809265137,11.342204093933104,1519300
2016-04-18,NWSA,12.59000015258789,12.649999618530272,12.43000030517578,12.460000038146973,11.127863883972168,5917900
2016-04-18,NWSA,12.59000015258789,12.649999618530272,12.43000030517578,12.460000038146973,11.127863883972168,5917900
2016-04-19,NWSA,12.460000038146973,12.68000030517578,12.390000343322754,12.539999961853027,11.199311256408691,3525400
2016-04-19,NWSA,12.460000038146973,12.68000030517578,12.390000343322754,12.539999961853027,11.199311256408691,3525400
2016-04-20,NWSA,12.5600004196167,12.670000076293944,12.479999542236328,12.539999961853027,11.199311256408691,3392000
2016-04-20,NWSA,12.5600004196167,12.670000076293944,12.479999542236328,12.539999961853027,11.199311256408691,3392000
2016-04-21,NWSA,12.539999961853027,12.90999984741211,12.489999771118164,12.739999771118164,11.377927780151367,4207700
2016-04-21,NWSA,12.539999961853027,12.90999984741211,12.489999771118164,12.739999771118164,11.377927780151367,4207700
2016-04-22,NWSA,12.760000228881836,12.90999984741211,12.729999542236328,12.800000190734863,11.431514739990234,2667700
2016-04-22,NWSA,12.760000228881836,12.90999984741211,12.729999542236328,12.800000190734863,11.431514739990234,2667700
2016-04-25,NWSA,12.760000228881836,12.81999969482422,12.520000457763672,12.619999885559082,11.270756721496582,1687400
2016-04-25,NWSA,12.760000228881836,12.81999969482422,12.520000457763672,12.619999885559082,11.270756721496582,1687400
2016-04-26,NWSA,12.640000343322754,12.84000015258789,12.550000190734863,12.789999961853027,11.422584533691406,1248600
2016-04-26,NWSA,12.640000343322754,12.84000015258789,12.550000190734863,12.789999961853027,11.422584533691406,1248600
2016-04-27,NWSA,12.789999961853027,12.880000114440918,12.579999923706056,12.670000076293944,11.315412521362305,1403000
2016-04-27,NWSA,12.789999961853027,12.880000114440918,12.579999923706056,12.670000076293944,11.315412521362305,1403000
2016-04-28,NWSA,12.600000381469728,12.789999961853027,12.5,12.539999961853027,11.199311256408691,1763200
2016-04-28,NWSA,12.600000381469728,12.789999961853027,12.5,12.539999961853027,11.199311256408691,1763200
2016-04-29,NWSA,12.479999542236328,12.579999923706056,12.220000267028809,12.420000076293944,11.092141151428224,1964300
2016-04-29,NWSA,12.479999542236328,12.579999923706056,12.220000267028809,12.420000076293944,11.092141151428224,1964300
2016-05-02,NWSA,12.449999809265137,12.6899995803833,12.390000343322754,12.609999656677246,11.261825561523438,1925400
2016-05-02,NWSA,12.449999809265137,12.6899995803833,12.390000343322754,12.609999656677246,11.261825561523438,1925400
2016-05-03,NWSA,12.489999771118164,12.529999732971191,12.18000030517578,12.229999542236328,10.922452926635742,2713400
2016-05-03,NWSA,12.489999771118164,12.529999732971191,12.18000030517578,12.229999542236328,10.922452926635742,2713400
2016-05-04,NWSA,12.15999984741211,12.3100004196167,12.06999969482422,12.149999618530272,10.851007461547852,2163200
2016-05-04,NWSA,12.15999984741211,12.3100004196167,12.06999969482422,12.149999618530272,10.851007461547852,2163200
2016-05-05,NWSA,12.220000267028809,12.229999542236328,12.06999969482422,12.170000076293944,10.868870735168455,2325900
2016-05-05,NWSA,12.220000267028809,12.229999542236328,12.06999969482422,12.170000076293944,10.868870735168455,2325900
2016-05-06,NWSA,11.829999923706056,12.729999542236328,11.829999923706056,12.699999809265137,11.342204093933104,5245400
2016-05-06,NWSA,11.829999923706056,12.729999542236328,11.829999923706056,12.699999809265137,11.342204093933104,5245400
2016-05-09,NWSA,12.460000038146973,12.670000076293944,12.079999923706056,12.279999732971191,10.967107772827148,3979700
2016-05-09,NWSA,12.460000038146973,12.670000076293944,12.079999923706056,12.279999732971191,10.967107772827148,3979700
2016-05-10,NWSA,12.34000015258789,12.359999656677246,12.140000343322754,12.31999969482422,11.002830505371094,2155500
2016-05-10,NWSA,12.34000015258789,12.359999656677246,12.140000343322754,12.31999969482422,11.002830505371094,2155500
2016-05-11,NWSA,12.239999771118164,12.31999969482422,12.18000030517578,12.199999809265137,10.895660400390623,1849200
2016-05-11,NWSA,12.239999771118164,12.31999969482422,12.18000030517578,12.199999809265137,10.895660400390623,1849200
2016-05-12,NWSA,12.229999542236328,12.270000457763672,11.890000343322754,11.9399995803833,10.663458824157717,2406300
2016-05-12,NWSA,12.229999542236328,12.270000457763672,11.890000343322754,11.9399995803833,10.663458824157717,2406300
2016-05-13,NWSA,11.93000030517578,12.010000228881836,11.649999618530272,11.649999618530272,10.404461860656738,1880400
2016-05-13,NWSA,11.93000030517578,12.010000228881836,11.649999618530272,11.649999618530272,10.404461860656738,1880400
2016-05-16,NWSA,11.65999984741211,11.770000457763672,11.619999885559082,11.75,10.49377155303955,2468500
2016-05-16,NWSA,11.65999984741211,11.770000457763672,11.619999885559082,11.75,10.49377155303955,2468500
2016-05-17,NWSA,11.739999771118164,11.90999984741211,11.649999618530272,11.6899995803833,10.440183639526367,2549600
2016-05-17,NWSA,11.739999771118164,11.90999984741211,11.649999618530272,11.6899995803833,10.440183639526367,2549600
2016-05-18,NWSA,11.859999656677246,11.859999656677246,11.3100004196167,11.609999656677246,10.368741035461426,6814100
2016-05-18,NWSA,11.859999656677246,11.859999656677246,11.3100004196167,11.609999656677246,10.368741035461426,6814100
2016-05-19,NWSA,11.520000457763672,11.649999618530272,11.479999542236328,11.520000457763672,10.28836154937744,3322200
2016-05-19,NWSA,11.520000457763672,11.649999618530272,11.479999542236328,11.520000457763672,10.28836154937744,3322200
2016-05-20,NWSA,11.56999969482422,11.920000076293944,11.529999732971191,11.850000381469728,10.58308219909668,2584000
2016-05-20,NWSA,11.56999969482422,11.920000076293944,11.529999732971191,11.850000381469728,10.58308219909668,2584000
2016-05-23,NWSA,11.84000015258789,11.960000038146973,11.56999969482422,11.699999809265137,10.449118614196776,1530300
2016-05-23,NWSA,11.84000015258789,11.960000038146973,11.56999969482422,11.699999809265137,10.449118614196776,1530300
2016-05-24,NWSA,11.800000190734863,11.880000114440918,11.710000038146973,11.8100004196167,10.54736042022705,1818500
2016-05-24,NWSA,11.800000190734863,11.880000114440918,11.710000038146973,11.8100004196167,10.54736042022705,1818500
2016-05-25,NWSA,11.850000381469728,12.09000015258789,11.829999923706056,12.029999732971191,10.7438383102417,1484800
2016-05-25,NWSA,11.850000381469728,12.09000015258789,11.829999923706056,12.029999732971191,10.7438383102417,1484800
2016-05-26,NWSA,12.0,12.0600004196167,11.850000381469728,11.859999656677246,10.592010498046877,1309000
2016-05-26,NWSA,12.0,12.0600004196167,11.850000381469728,11.859999656677246,10.592010498046877,1309000
2016-05-27,NWSA,11.859999656677246,11.949999809265137,11.739999771118164,11.90999984741211,10.636662483215332,2892800
2016-05-27,NWSA,11.859999656677246,11.949999809265137,11.739999771118164,11.90999984741211,10.636662483215332,2892800
2016-05-31,NWSA,11.90999984741211,12.0,11.760000228881836,11.960000038146973,10.681321144104004,2956500
2016-05-31,NWSA,11.90999984741211,12.0,11.760000228881836,11.960000038146973,10.681321144104004,2956500
2016-06-01,NWSA,11.90999984741211,12.06999969482422,11.829999923706056,12.020000457763672,10.734905242919922,2448200
2016-06-01,NWSA,11.90999984741211,12.06999969482422,11.829999923706056,12.020000457763672,10.734905242919922,2448200
2016-06-02,NWSA,11.989999771118164,12.140000343322754,11.93000030517578,12.140000343322754,10.842077255249023,2744300
2016-06-02,NWSA,11.989999771118164,12.140000343322754,11.93000030517578,12.140000343322754,10.842077255249023,2744300
2016-06-03,NWSA,12.079999923706056,12.079999923706056,11.8100004196167,11.970000267028809,10.690250396728516,1735800
2016-06-03,NWSA,12.079999923706056,12.079999923706056,11.8100004196167,11.970000267028809,10.690250396728516,1735800
2016-06-06,NWSA,11.989999771118164,12.210000038146973,11.960000038146973,12.15999984741211,10.859940528869627,1380200
2016-06-06,NWSA,11.989999771118164,12.210000038146973,11.960000038146973,12.15999984741211,10.859940528869627,1380200
2016-06-07,NWSA,12.130000114440918,12.1899995803833,11.8100004196167,11.869999885559082,10.600944519042969,4646900
2016-06-07,NWSA,12.130000114440918,12.1899995803833,11.8100004196167,11.869999885559082,10.600944519042969,4646900
2016-06-08,NWSA,11.869999885559082,11.9399995803833,11.760000228881836,11.800000190734863,10.538426399230955,3310100
2016-06-08,NWSA,11.869999885559082,11.9399995803833,11.760000228881836,11.800000190734863,10.538426399230955,3310100
2016-06-09,NWSA,11.739999771118164,11.81999969482422,11.600000381469728,11.6899995803833,10.440183639526367,6365300
2016-06-09,NWSA,11.739999771118164,11.81999969482422,11.600000381469728,11.6899995803833,10.440183639526367,6365300
2016-06-10,NWSA,11.600000381469728,11.619999885559082,11.3100004196167,11.510000228881836,10.279433250427246,6729800
2016-06-10,NWSA,11.600000381469728,11.619999885559082,11.3100004196167,11.510000228881836,10.279433250427246,6729800
2016-06-13,NWSA,11.479999542236328,11.729999542236328,11.43000030517578,11.550000190734863,10.31515407562256,3840800
2016-06-13,NWSA,11.479999542236328,11.729999542236328,11.43000030517578,11.550000190734863,10.31515407562256,3840800
2016-06-14,NWSA,11.529999732971191,11.619999885559082,11.25,11.449999809265137,10.22584629058838,6751000
2016-06-14,NWSA,11.529999732971191,11.619999885559082,11.25,11.449999809265137,10.22584629058838,6751000
2016-06-15,NWSA,11.390000343322754,11.869999885559082,11.390000343322754,11.670000076293944,10.42232608795166,4401600
2016-06-15,NWSA,11.390000343322754,11.869999885559082,11.390000343322754,11.670000076293944,10.42232608795166,4401600
2016-06-16,NWSA,11.579999923706056,11.65999984741211,11.300000190734863,11.399999618530272,10.181191444396973,2948000
2016-06-16,NWSA,11.579999923706056,11.65999984741211,11.300000190734863,11.399999618530272,10.181191444396973,2948000
2016-06-17,NWSA,11.380000114440918,11.399999618530272,11.199999809265137,11.279999732971191,10.074020385742188,3089000
2016-06-17,NWSA,11.380000114440918,11.399999618530272,11.199999809265137,11.279999732971191,10.074020385742188,3089000
2016-06-20,NWSA,11.40999984741211,11.550000190734863,11.3100004196167,11.40999984741211,10.190120697021484,2343800
2016-06-20,NWSA,11.40999984741211,11.550000190734863,11.3100004196167,11.40999984741211,10.190120697021484,2343800
2016-06-21,NWSA,11.40999984741211,11.5600004196167,11.260000228881836,11.550000190734863,10.31515407562256,2933900
2016-06-21,NWSA,11.40999984741211,11.5600004196167,11.260000228881836,11.550000190734863,10.31515407562256,2933900
2016-06-22,NWSA,11.56999969482422,11.829999923706056,11.539999961853027,11.65999984741211,10.413392066955566,2196400
2016-06-22,NWSA,11.56999969482422,11.829999923706056,11.539999961853027,11.65999984741211,10.413392066955566,2196400
2016-06-23,NWSA,11.789999961853027,12.039999961853027,11.760000228881836,11.859999656677246,10.592010498046877,2370100
2016-06-23,NWSA,11.789999961853027,12.039999961853027,11.760000228881836,11.859999656677246,10.592010498046877,2370100
2016-06-24,NWSA,11.300000190734863,11.329999923706056,11.06999969482422,11.130000114440918,9.940058708190918,5339700
2016-06-24,NWSA,11.300000190734863,11.329999923706056,11.06999969482422,11.130000114440918,9.940058708190918,5339700
2016-06-27,NWSA,11.0600004196167,11.15999984741211,10.539999961853027,10.619999885559082,9.48458194732666,3858400
2016-06-27,NWSA,11.0600004196167,11.15999984741211,10.539999961853027,10.619999885559082,9.48458194732666,3858400
2016-06-28,NWSA,10.729999542236328,10.829999923706056,10.56999969482422,10.729999542236328,9.582822799682615,2773800
2016-06-28,NWSA,10.729999542236328,10.829999923706056,10.56999969482422,10.729999542236328,9.582822799682615,2773800
2016-06-29,NWSA,10.850000381469728,11.25,10.600000381469728,11.229999542236328,10.029366493225098,5615400
2016-06-29,NWSA,10.850000381469728,11.25,10.600000381469728,11.229999542236328,10.029366493225098,5615400
2016-06-30,NWSA,11.300000190734863,11.43000030517578,11.199999809265137,11.350000381469728,10.136537551879885,3286300
2016-06-30,NWSA,11.300000190734863,11.43000030517578,11.199999809265137,11.350000381469728,10.136537551879885,3286300
2016-07-01,NWSA,11.359999656677246,11.619999885559082,11.300000190734863,11.479999542236328,10.252639770507812,2490100
2016-07-01,NWSA,11.359999656677246,11.619999885559082,11.300000190734863,11.479999542236328,10.252639770507812,2490100
2016-07-05,NWSA,11.449999809265137,11.449999809265137,11.100000381469728,11.239999771118164,10.038297653198242,3192200
2016-07-05,NWSA,11.449999809265137,11.449999809265137,11.100000381469728,11.239999771118164,10.038297653198242,3192200
2016-07-06,NWSA,11.1899995803833,11.270000457763672,11.050000190734863,11.229999542236328,10.029366493225098,3704300
2016-07-06,NWSA,11.1899995803833,11.270000457763672,11.050000190734863,11.229999542236328,10.029366493225098,3704300
2016-07-07,NWSA,11.229999542236328,11.449999809265137,11.229999542236328,11.359999656677246,10.145467758178713,2296000
2016-07-07,NWSA,11.229999542236328,11.449999809265137,11.229999542236328,11.359999656677246,10.145467758178713,2296000
2016-07-08,NWSA,11.470000267028809,11.720000267028809,11.4399995803833,11.670000076293944,10.42232608795166,5229800
2016-07-08,NWSA,11.470000267028809,11.720000267028809,11.4399995803833,11.670000076293944,10.42232608795166,5229800
2016-07-11,NWSA,11.720000267028809,11.869999885559082,11.699999809265137,11.850000381469728,10.58308219909668,1953800
2016-07-11,NWSA,11.720000267028809,11.869999885559082,11.699999809265137,11.850000381469728,10.58308219909668,1953800
2016-07-12,NWSA,11.979999542236328,12.170000076293944,11.93000030517578,12.130000114440918,10.833145141601562,2366700
2016-07-12,NWSA,11.979999542236328,12.170000076293944,11.93000030517578,12.130000114440918,10.833145141601562,2366700
2016-07-13,NWSA,12.18000030517578,12.34000015258789,12.130000114440918,12.260000228881836,10.949248313903809,3178500
2016-07-13,NWSA,12.18000030517578,12.34000015258789,12.130000114440918,12.260000228881836,10.949248313903809,3178500
2016-07-14,NWSA,12.350000381469728,12.460000038146973,12.210000038146973,12.329999923706056,11.011763572692873,2746300
2016-07-14,NWSA,12.350000381469728,12.460000038146973,12.210000038146973,12.329999923706056,11.011763572692873,2746300
2016-07-15,NWSA,12.399999618530272,12.399999618530272,12.140000343322754,12.300000190734863,10.984970092773438,1682400
2016-07-15,NWSA,12.399999618530272,12.399999618530272,12.140000343322754,12.300000190734863,10.984970092773438,1682400
2016-07-18,NWSA,12.300000190734863,12.5600004196167,12.06999969482422,12.4399995803833,11.11000156402588,2063700
2016-07-18,NWSA,12.300000190734863,12.5600004196167,12.06999969482422,12.4399995803833,11.11000156402588,2063700
2016-07-19,NWSA,12.40999984741211,12.529999732971191,12.279999732971191,12.5,11.16358757019043,2163400
2016-07-19,NWSA,12.40999984741211,12.529999732971191,12.279999732971191,12.5,11.16358757019043,2163400
2016-07-20,NWSA,12.5600004196167,12.579999923706056,12.289999961853027,12.479999542236328,11.145726203918455,1593600
2016-07-20,NWSA,12.5600004196167,12.579999923706056,12.289999961853027,12.479999542236328,11.145726203918455,1593600
2016-07-21,NWSA,12.229999542236328,12.539999961853027,12.229999542236328,12.399999618530272,11.07427978515625,2581800
2016-07-21,NWSA,12.229999542236328,12.539999961853027,12.229999542236328,12.399999618530272,11.07427978515625,2581800
2016-07-22,NWSA,12.449999809265137,12.619999885559082,12.40999984741211,12.619999885559082,11.270756721496582,2134100
2016-07-22,NWSA,12.449999809265137,12.619999885559082,12.40999984741211,12.619999885559082,11.270756721496582,2134100
2016-07-25,NWSA,12.630000114440918,12.670000076293944,12.550000190734863,12.609999656677246,11.261825561523438,3290400
2016-07-25,NWSA,12.630000114440918,12.670000076293944,12.550000190734863,12.609999656677246,11.261825561523438,3290400
2016-07-26,NWSA,12.630000114440918,12.829999923706056,12.619999885559082,12.800000190734863,11.431514739990234,1777900
2016-07-26,NWSA,12.630000114440918,12.829999923706056,12.619999885559082,12.800000190734863,11.431514739990234,1777900
2016-07-27,NWSA,12.770000457763672,12.90999984741211,12.619999885559082,12.739999771118164,11.377927780151367,3034900
2016-07-27,NWSA,12.770000457763672,12.90999984741211,12.619999885559082,12.739999771118164,11.377927780151367,3034900
2016-07-28,NWSA,12.43000030517578,12.779999732971191,12.43000030517578,12.779999732971191,11.413651466369627,1602100
2016-07-28,NWSA,12.43000030517578,12.779999732971191,12.43000030517578,12.779999732971191,11.413651466369627,1602100
2016-07-29,NWSA,12.539999961853027,13.020000457763672,12.539999961853027,12.970000267028809,11.583338737487791,2413900
2016-07-29,NWSA,12.539999961853027,13.020000457763672,12.539999961853027,12.970000267028809,11.583338737487791,2413900
2016-08-01,NWSA,12.949999809265137,13.079999923706056,12.789999961853027,12.859999656677246,11.485098838806152,2777500
2016-08-01,NWSA,12.949999809265137,13.079999923706056,12.789999961853027,12.859999656677246,11.485098838806152,2777500
2016-08-02,NWSA,12.829999923706056,12.84000015258789,12.579999923706056,12.68000030517578,11.324342727661133,2799800
2016-08-02,NWSA,12.829999923706056,12.84000015258789,12.579999923706056,12.68000030517578,11.324342727661133,2799800
2016-08-03,NWSA,12.68000030517578,12.8100004196167,12.609999656677246,12.65999984741211,11.30648136138916,3667500
2016-08-03,NWSA,12.68000030517578,12.8100004196167,12.609999656677246,12.65999984741211,11.30648136138916,3667500
2016-08-04,NWSA,12.65999984741211,12.760000228881836,12.649999618530272,12.739999771118164,11.377927780151367,1719300
2016-08-04,NWSA,12.65999984741211,12.760000228881836,12.649999618530272,12.739999771118164,11.377927780151367,1719300
2016-08-05,NWSA,12.789999961853027,13.010000228881836,12.760000228881836,12.829999923706056,11.458306312561035,2291800
2016-08-05,NWSA,12.789999961853027,13.010000228881836,12.760000228881836,12.829999923706056,11.458306312561035,2291800
2016-08-08,NWSA,12.869999885559082,13.029999732971191,12.75,12.84000015258789,11.467235565185549,2017600
2016-08-08,NWSA,12.869999885559082,13.029999732971191,12.75,12.84000015258789,11.467235565185549,2017600
2016-08-09,NWSA,12.800000190734863,13.399999618530272,12.699999809265137,13.31999969482422,11.895918846130373,6175700
2016-08-09,NWSA,12.800000190734863,13.399999618530272,12.699999809265137,13.31999969482422,11.895918846130373,6175700
2016-08-10,NWSA,13.369999885559082,13.380000114440918,13.020000457763672,13.149999618530272,11.744093894958496,4610600
2016-08-10,NWSA,13.369999885559082,13.380000114440918,13.020000457763672,13.149999618530272,11.744093894958496,4610600
2016-08-11,NWSA,13.210000038146973,13.460000038146973,13.1899995803833,13.390000343322754,11.958433151245115,3118600
2016-08-11,NWSA,13.210000038146973,13.460000038146973,13.1899995803833,13.390000343322754,11.958433151245115,3118600
2016-08-12,NWSA,13.40999984741211,13.539999961853027,13.40999984741211,13.510000228881836,12.065604209899902,2696200
2016-08-12,NWSA,13.40999984741211,13.539999961853027,13.40999984741211,13.510000228881836,12.065604209899902,2696200
2016-08-15,NWSA,13.550000190734863,13.720000267028809,13.449999809265137,13.649999618530272,12.19063663482666,3057300
2016-08-15,NWSA,13.550000190734863,13.720000267028809,13.449999809265137,13.649999618530272,12.19063663482666,3057300
2016-08-16,NWSA,13.550000190734863,13.729999542236328,13.420000076293944,13.68000030517578,12.21743106842041,4368000
2016-08-16,NWSA,13.550000190734863,13.729999542236328,13.420000076293944,13.68000030517578,12.21743106842041,4368000
2016-08-17,NWSA,13.6899995803833,13.770000457763672,13.640000343322754,13.760000228881836,12.2888765335083,2984300
2016-08-17,NWSA,13.6899995803833,13.770000457763672,13.640000343322754,13.760000228881836,12.2888765335083,2984300
2016-08-18,NWSA,13.729999542236328,13.880000114440918,13.699999809265137,13.75,12.279946327209473,3418500
2016-08-18,NWSA,13.729999542236328,13.880000114440918,13.699999809265137,13.75,12.279946327209473,3418500
2016-08-19,NWSA,13.75,13.789999961853027,13.619999885559082,13.739999771118164,12.271014213562012,1939500
2016-08-19,NWSA,13.75,13.789999961853027,13.619999885559082,13.739999771118164,12.271014213562012,1939500
2016-08-22,NWSA,13.65999984741211,13.84000015258789,13.579999923706056,13.81999969482422,12.342462539672852,3015300
2016-08-22,NWSA,13.65999984741211,13.84000015258789,13.579999923706056,13.81999969482422,12.342462539672852,3015300
2016-08-23,NWSA,13.9399995803833,13.9399995803833,13.8100004196167,13.850000381469728,12.369254112243652,2663500
2016-08-23,NWSA,13.9399995803833,13.9399995803833,13.8100004196167,13.850000381469728,12.369254112243652,2663500
2016-08-24,NWSA,13.899999618530272,13.949999809265137,13.81999969482422,13.84000015258789,12.360323905944824,3131600
2016-08-24,NWSA,13.899999618530272,13.949999809265137,13.81999969482422,13.84000015258789,12.360323905944824,3131600
2016-08-25,NWSA,13.850000381469728,13.9399995803833,13.729999542236328,13.890000343322754,12.40497875213623,2809300
2016-08-25,NWSA,13.850000381469728,13.9399995803833,13.729999542236328,13.890000343322754,12.40497875213623,2809300
2016-08-26,NWSA,13.970000267028809,14.119999885559082,13.829999923706056,13.979999542236328,12.485355377197266,2679100
2016-08-26,NWSA,13.970000267028809,14.119999885559082,13.829999923706056,13.979999542236328,12.485355377197266,2679100
2016-08-29,NWSA,14.050000190734863,14.119999885559082,13.960000038146973,14.039999961853027,12.5389404296875,2316000
2016-08-29,NWSA,14.050000190734863,14.119999885559082,13.960000038146973,14.039999961853027,12.5389404296875,2316000
2016-08-30,NWSA,13.9399995803833,14.130000114440918,13.880000114440918,14.010000228881836,12.512147903442385,2448700
2016-08-30,NWSA,13.9399995803833,14.130000114440918,13.880000114440918,14.010000228881836,12.512147903442385,2448700
2016-08-31,NWSA,14.029999732971191,14.06999969482422,13.84000015258789,14.0600004196167,12.556802749633787,3291500
2016-08-31,NWSA,14.029999732971191,14.06999969482422,13.84000015258789,14.0600004196167,12.556802749633787,3291500
2016-09-01,NWSA,14.09000015258789,14.140000343322754,13.829999923706056,13.970000267028809,12.47642421722412,2694600
2016-09-01,NWSA,14.09000015258789,14.140000343322754,13.829999923706056,13.970000267028809,12.47642421722412,2694600
2016-09-02,NWSA,14.050000190734863,14.119999885559082,13.8100004196167,13.9399995803833,12.44963264465332,3401200
2016-09-02,NWSA,14.050000190734863,14.119999885559082,13.8100004196167,13.9399995803833,12.44963264465332,3401200
2016-09-06,NWSA,14.34000015258789,14.34000015258789,13.670000076293944,13.760000228881836,12.2888765335083,4012600
2016-09-06,NWSA,14.34000015258789,14.34000015258789,13.670000076293944,13.760000228881836,12.2888765335083,4012600
2016-09-07,NWSA,13.739999771118164,13.81999969482422,13.710000038146973,13.779999732971191,12.306737899780272,2919100
2016-09-07,NWSA,13.739999771118164,13.81999969482422,13.710000038146973,13.779999732971191,12.306737899780272,2919100
2016-09-08,NWSA,13.75,14.039999961853027,13.710000038146973,13.8100004196167,12.333528518676758,3322400
2016-09-08,NWSA,13.75,14.039999961853027,13.710000038146973,13.8100004196167,12.333528518676758,3322400
2016-09-09,NWSA,13.6899995803833,13.770000457763672,13.359999656677246,13.359999656677246,11.931644439697266,3417300
2016-09-09,NWSA,13.6899995803833,13.770000457763672,13.359999656677246,13.359999656677246,11.931644439697266,3417300
2016-09-12,NWSA,13.220000267028809,13.920000076293944,13.18000030517578,13.899999618530272,12.507527351379396,4159600
2016-09-12,NWSA,13.220000267028809,13.920000076293944,13.18000030517578,13.899999618530272,12.507527351379396,4159600
2016-09-13,NWSA,13.75,13.770000457763672,13.579999923706056,13.640000343322754,12.273573875427246,4084500
2016-09-13,NWSA,13.75,13.770000457763672,13.579999923706056,13.640000343322754,12.273573875427246,4084500
2016-09-14,NWSA,13.649999618530272,13.760000228881836,13.56999969482422,13.710000038146973,12.336563110351562,3542500
2016-09-14,NWSA,13.649999618530272,13.760000228881836,13.56999969482422,13.710000038146973,12.336563110351562,3542500
2016-09-15,NWSA,13.720000267028809,13.770000457763672,13.579999923706056,13.640000343322754,12.273573875427246,2798400
2016-09-15,NWSA,13.720000267028809,13.770000457763672,13.579999923706056,13.640000343322754,12.273573875427246,2798400
2016-09-16,NWSA,13.520000457763672,13.6899995803833,13.470000267028809,13.640000343322754,12.273573875427246,5244300
2016-09-16,NWSA,13.520000457763672,13.6899995803833,13.470000267028809,13.640000343322754,12.273573875427246,5244300
2016-09-19,NWSA,13.68000030517578,13.729999542236328,13.539999961853027,13.619999885559082,12.255579948425291,2316200
2016-09-19,NWSA,13.68000030517578,13.729999542236328,13.539999961853027,13.619999885559082,12.255579948425291,2316200
2016-09-20,NWSA,13.729999542236328,13.779999732971191,13.640000343322754,13.710000038146973,12.336563110351562,2675300
2016-09-20,NWSA,13.729999542236328,13.779999732971191,13.640000343322754,13.710000038146973,12.336563110351562,2675300
2016-09-21,NWSA,13.729999542236328,13.960000038146973,13.68000030517578,13.93000030517578,12.534523963928224,2123000
2016-09-21,NWSA,13.729999542236328,13.960000038146973,13.68000030517578,13.93000030517578,12.534523963928224,2123000
2016-09-22,NWSA,14.020000457763672,14.170000076293944,13.960000038146973,14.140000343322754,12.72348690032959,1847000
2016-09-22,NWSA,14.020000457763672,14.170000076293944,13.960000038146973,14.140000343322754,12.72348690032959,1847000
2016-09-23,NWSA,14.0,14.229999542236328,14.0,14.050000190734863,12.642501831054688,1358400
2016-09-23,NWSA,14.0,14.229999542236328,14.0,14.050000190734863,12.642501831054688,1358400
2016-09-26,NWSA,13.989999771118164,13.989999771118164,13.779999732971191,13.81999969482422,12.435542106628418,2040000
2016-09-26,NWSA,13.989999771118164,13.989999771118164,13.779999732971191,13.81999969482422,12.435542106628418,2040000
2016-09-27,NWSA,13.829999923706056,13.960000038146973,13.760000228881836,13.960000038146973,12.561515808105469,1906100
2016-09-27,NWSA,13.829999923706056,13.960000038146973,13.760000228881836,13.960000038146973,12.561515808105469,1906100
2016-09-28,NWSA,13.960000038146973,14.039999961853027,13.850000381469728,14.020000457763672,12.615508079528809,2545500
2016-09-28,NWSA,13.960000038146973,14.039999961853027,13.850000381469728,14.020000457763672,12.615508079528809,2545500
2016-09-29,NWSA,14.029999732971191,14.06999969482422,13.770000457763672,13.890000343322754,12.498530387878418,2697700
2016-09-29,NWSA,14.029999732971191,14.06999969482422,13.770000457763672,13.890000343322754,12.498530387878418,2697700
2016-09-30,NWSA,13.90999984741211,14.109999656677246,13.899999618530272,13.979999542236328,12.579511642456056,3181000
2016-09-30,NWSA,13.90999984741211,14.109999656677246,13.899999618530272,13.979999542236328,12.579511642456056,3181000
2016-10-03,NWSA,13.890000343322754,14.510000228881836,13.890000343322754,14.43000030517578,12.984434127807615,4067100
2016-10-03,NWSA,13.890000343322754,14.510000228881836,13.890000343322754,14.43000030517578,12.984434127807615,4067100
2016-10-04,NWSA,14.4399995803833,14.510000228881836,14.1899995803833,14.279999732971191,12.849459648132324,4127400
2016-10-04,NWSA,14.4399995803833,14.510000228881836,14.1899995803833,14.279999732971191,12.849459648132324,4127400
2016-10-05,NWSA,14.289999961853027,14.68000030517578,14.229999542236328,14.619999885559082,13.155399322509766,4944200
2016-10-05,NWSA,14.289999961853027,14.68000030517578,14.229999542236328,14.619999885559082,13.155399322509766,4944200
2016-10-06,NWSA,14.56999969482422,14.609999656677246,14.25,14.520000457763672,13.06541633605957,3101000
2016-10-06,NWSA,14.56999969482422,14.609999656677246,14.25,14.520000457763672,13.06541633605957,3101000
2016-10-07,NWSA,14.5,14.550000190734863,14.029999732971191,14.109999656677246,12.696487426757812,3453600
2016-10-07,NWSA,14.5,14.550000190734863,14.029999732971191,14.109999656677246,12.696487426757812,3453600
2016-10-10,NWSA,14.170000076293944,14.350000381469728,13.890000343322754,13.920000076293944,12.525525093078612,2405200
2016-10-10,NWSA,14.170000076293944,14.350000381469728,13.890000343322754,13.920000076293944,12.525525093078612,2405200
2016-10-11,NWSA,13.640000343322754,13.920000076293944,13.5600004196167,13.670000076293944,12.300569534301758,2159700
2016-10-11,NWSA,13.640000343322754,13.920000076293944,13.5600004196167,13.670000076293944,12.300569534301758,2159700
2016-10-12,NWSA,13.68000030517578,13.699999809265137,13.460000038146973,13.470000267028809,12.120606422424316,2907000
2016-10-12,NWSA,13.68000030517578,13.699999809265137,13.460000038146973,13.470000267028809,12.120606422424316,2907000
2016-10-13,NWSA,13.399999618530272,13.59000015258789,13.279999732971191,13.539999961853027,12.183592796325684,2464800
2016-10-13,NWSA,13.399999618530272,13.59000015258789,13.279999732971191,13.539999961853027,12.183592796325684,2464800
2016-10-14,NWSA,13.619999885559082,13.649999618530272,13.34000015258789,13.369999885559082,12.030621528625488,1949800
2016-10-14,NWSA,13.619999885559082,13.649999618530272,13.34000015258789,13.369999885559082,12.030621528625488,1949800
2016-10-17,NWSA,13.380000114440918,13.4399995803833,13.3100004196167,13.380000114440918,12.03961944580078,1338400
2016-10-17,NWSA,13.380000114440918,13.4399995803833,13.3100004196167,13.380000114440918,12.03961944580078,1338400
2016-10-18,NWSA,13.539999961853027,13.630000114440918,13.359999656677246,13.510000228881836,12.156598091125488,2053300
2016-10-18,NWSA,13.539999961853027,13.630000114440918,13.359999656677246,13.510000228881836,12.156598091125488,2053300
2016-10-19,NWSA,13.520000457763672,13.729999542236328,13.460000038146973,13.649999618530272,12.282572746276855,1376200
2016-10-19,NWSA,13.520000457763672,13.729999542236328,13.460000038146973,13.649999618530272,12.282572746276855,1376200
2016-10-20,NWSA,13.59000015258789,13.6899995803833,13.40999984741211,13.510000228881836,12.156598091125488,2542300
2016-10-20,NWSA,13.59000015258789,13.6899995803833,13.40999984741211,13.510000228881836,12.156598091125488,2542300
2016-10-21,NWSA,13.369999885559082,13.539999961853027,13.260000228881836,13.40999984741211,12.06661605834961,1444000
2016-10-21,NWSA,13.369999885559082,13.539999961853027,13.260000228881836,13.40999984741211,12.06661605834961,1444000
2016-10-24,NWSA,13.529999732971191,13.529999732971191,12.960000038146973,12.970000267028809,11.670693397521973,3291900
2016-10-24,NWSA,13.529999732971191,13.529999732971191,12.960000038146973,12.970000267028809,11.670693397521973,3291900
2016-10-25,NWSA,12.960000038146973,12.989999771118164,12.619999885559082,12.649999618530272,11.382749557495115,5417900
2016-10-25,NWSA,12.960000038146973,12.989999771118164,12.619999885559082,12.649999618530272,11.382749557495115,5417900
2016-10-26,NWSA,12.630000114440918,12.970000267028809,12.619999885559082,12.90999984741211,11.616703987121582,2122100
2016-10-26,NWSA,12.630000114440918,12.970000267028809,12.619999885559082,12.90999984741211,11.616703987121582,2122100
2016-10-27,NWSA,12.699999809265137,12.75,12.119999885559082,12.220000267028809,10.995826721191406,3474500
2016-10-27,NWSA,12.699999809265137,12.75,12.119999885559082,12.220000267028809,10.995826721191406,3474500
2016-10-28,NWSA,12.15999984741211,12.40999984741211,12.119999885559082,12.170000076293944,10.950836181640623,2314500
2016-10-28,NWSA,12.15999984741211,12.40999984741211,12.119999885559082,12.170000076293944,10.950836181640623,2314500
2016-10-31,NWSA,12.260000228881836,12.350000381469728,12.119999885559082,12.119999885559082,10.90584659576416,2533800
2016-10-31,NWSA,12.260000228881836,12.350000381469728,12.119999885559082,12.119999885559082,10.90584659576416,2533800
2016-11-01,NWSA,12.220000267028809,12.279999732971191,11.850000381469728,12.050000190734863,10.842856407165527,3042000
2016-11-01,NWSA,12.220000267028809,12.279999732971191,11.850000381469728,12.050000190734863,10.842856407165527,3042000
2016-11-02,NWSA,12.100000381469728,12.140000343322754,11.8100004196167,11.84000015258789,10.65389633178711,1941000
2016-11-02,NWSA,12.100000381469728,12.140000343322754,11.8100004196167,11.84000015258789,10.65389633178711,1941000
2016-11-03,NWSA,11.920000076293944,11.970000267028809,11.779999732971191,11.829999923706056,10.64489459991455,1997000
2016-11-03,NWSA,11.920000076293944,11.970000267028809,11.779999732971191,11.829999923706056,10.64489459991455,1997000
2016-11-04,NWSA,11.880000114440918,12.0600004196167,11.829999923706056,11.890000343322754,10.69888687133789,2337000
2016-11-04,NWSA,11.880000114440918,12.0600004196167,11.829999923706056,11.890000343322754,10.69888687133789,2337000
2016-11-07,NWSA,12.06999969482422,12.31999969482422,11.960000038146973,12.220000267028809,10.995826721191406,5534500
2016-11-07,NWSA,12.06999969482422,12.31999969482422,11.960000038146973,12.220000267028809,10.995826721191406,5534500
2016-11-08,NWSA,11.149999618530272,11.93000030517578,10.989999771118164,11.649999618530272,10.482927322387695,7399300
2016-11-08,NWSA,11.149999618530272,11.93000030517578,10.989999771118164,11.649999618530272,10.482927322387695,7399300
2016-11-09,NWSA,11.460000038146973,12.149999618530272,11.31999969482422,11.979999542236328,10.779869079589844,4130000
2016-11-09,NWSA,11.460000038146973,12.149999618530272,11.31999969482422,11.979999542236328,10.779869079589844,4130000
2016-11-10,NWSA,11.949999809265137,12.170000076293944,11.850000381469728,11.949999809265137,10.752873420715332,4314100
2016-11-10,NWSA,11.949999809265137,12.170000076293944,11.850000381469728,11.949999809265137,10.752873420715332,4314100
2016-11-11,NWSA,11.869999885559082,12.18000030517578,11.8100004196167,12.119999885559082,10.90584659576416,2981200
2016-11-11,NWSA,11.869999885559082,12.18000030517578,11.8100004196167,12.119999885559082,10.90584659576416,2981200
2016-11-14,NWSA,12.170000076293944,12.31999969482422,11.979999542236328,12.170000076293944,10.950836181640623,5278500
2016-11-14,NWSA,12.170000076293944,12.31999969482422,11.979999542236328,12.170000076293944,10.950836181640623,5278500
2016-11-15,NWSA,12.199999809265137,12.25,12.0,12.010000228881836,10.80686378479004,3270000
2016-11-15,NWSA,12.199999809265137,12.25,12.0,12.010000228881836,10.80686378479004,3270000
2016-11-16,NWSA,11.979999542236328,12.09000015258789,11.789999961853027,12.020000457763672,10.815863609313965,3858100
2016-11-16,NWSA,11.979999542236328,12.09000015258789,11.789999961853027,12.020000457763672,10.815863609313965,3858100
2016-11-17,NWSA,12.0600004196167,12.1899995803833,11.920000076293944,12.0,10.79786491394043,3539100
2016-11-17,NWSA,12.0600004196167,12.1899995803833,11.920000076293944,12.0,10.79786491394043,3539100
2016-11-18,NWSA,12.020000457763672,12.050000190734863,11.869999885559082,11.869999885559082,10.680891036987305,2352600
2016-11-18,NWSA,12.020000457763672,12.050000190734863,11.869999885559082,11.869999885559082,10.680891036987305,2352600
2016-11-21,NWSA,12.010000228881836,12.010000228881836,11.729999542236328,11.729999542236328,10.554913520812988,2208800
2016-11-21,NWSA,12.010000228881836,12.010000228881836,11.729999542236328,11.729999542236328,10.554913520812988,2208800
2016-11-22,NWSA,11.770000457763672,11.850000381469728,11.640000343322754,11.68000030517578,10.509922981262209,2661800
2016-11-22,NWSA,11.770000457763672,11.850000381469728,11.640000343322754,11.68000030517578,10.509922981262209,2661800
2016-11-23,NWSA,11.630000114440918,11.81999969482422,11.630000114440918,11.800000190734863,10.617901802062988,1769800
2016-11-23,NWSA,11.630000114440918,11.81999969482422,11.630000114440918,11.800000190734863,10.617901802062988,1769800
2016-11-25,NWSA,11.829999923706056,11.970000267028809,11.779999732971191,11.800000190734863,10.617901802062988,760500
2016-11-25,NWSA,11.829999923706056,11.970000267028809,11.779999732971191,11.800000190734863,10.617901802062988,760500
2016-11-28,NWSA,11.760000228881836,12.020000457763672,11.760000228881836,11.84000015258789,10.65389633178711,2685100
2016-11-28,NWSA,11.760000228881836,12.020000457763672,11.760000228881836,11.84000015258789,10.65389633178711,2685100
2016-11-29,NWSA,11.829999923706056,11.869999885559082,11.449999809265137,11.539999961853027,10.38394832611084,3075600
2016-11-29,NWSA,11.829999923706056,11.869999885559082,11.449999809265137,11.539999961853027,10.38394832611084,3075600
2016-11-30,NWSA,11.550000190734863,11.6899995803833,11.4399995803833,11.5600004196167,10.401944160461426,3443500
2016-11-30,NWSA,11.550000190734863,11.6899995803833,11.4399995803833,11.5600004196167,10.401944160461426,3443500
2016-12-01,NWSA,11.59000015258789,11.800000190734863,11.539999961853027,11.760000228881836,10.5819091796875,3150500
2016-12-01,NWSA,11.59000015258789,11.800000190734863,11.539999961853027,11.760000228881836,10.5819091796875,3150500
2016-12-02,NWSA,11.770000457763672,11.81999969482422,11.640000343322754,11.65999984741211,10.491925239562988,2739700
2016-12-02,NWSA,11.770000457763672,11.81999969482422,11.640000343322754,11.65999984741211,10.491925239562988,2739700
2016-12-05,NWSA,11.720000267028809,11.829999923706056,11.640000343322754,11.8100004196167,10.626900672912598,2755100
2016-12-05,NWSA,11.720000267028809,11.829999923706056,11.640000343322754,11.8100004196167,10.626900672912598,2755100
2016-12-06,NWSA,11.800000190734863,11.81999969482422,11.609999656677246,11.789999961853027,10.608903884887695,3704900
2016-12-06,NWSA,11.800000190734863,11.81999969482422,11.609999656677246,11.789999961853027,10.608903884887695,3704900
2016-12-07,NWSA,11.800000190734863,11.9399995803833,11.579999923706056,11.829999923706056,10.64489459991455,3304700
2016-12-07,NWSA,11.800000190734863,11.9399995803833,11.579999923706056,11.829999923706056,10.64489459991455,3304700
2016-12-08,NWSA,11.869999885559082,11.989999771118164,11.8100004196167,11.920000076293944,10.725878715515137,1957800
2016-12-08,NWSA,11.869999885559082,11.989999771118164,11.8100004196167,11.920000076293944,10.725878715515137,1957800
2016-12-09,NWSA,11.93000030517578,12.130000114440918,11.90999984741211,12.050000190734863,10.842856407165527,3812100
2016-12-09,NWSA,11.93000030517578,12.130000114440918,11.90999984741211,12.050000190734863,10.842856407165527,3812100
2016-12-12,NWSA,12.039999961853027,12.109999656677246,11.970000267028809,12.010000228881836,10.80686378479004,3456100
2016-12-12,NWSA,12.039999961853027,12.109999656677246,11.970000267028809,12.010000228881836,10.80686378479004,3456100
2016-12-13,NWSA,12.050000190734863,12.149999618530272,11.779999732971191,11.880000114440918,10.68988800048828,2937300
2016-12-13,NWSA,12.050000190734863,12.149999618530272,11.779999732971191,11.880000114440918,10.68988800048828,2937300
2016-12-14,NWSA,11.869999885559082,12.039999961853027,11.81999969482422,11.880000114440918,10.68988800048828,2906000
2016-12-14,NWSA,11.869999885559082,12.039999961853027,11.81999969482422,11.880000114440918,10.68988800048828,2906000
2016-12-15,NWSA,11.920000076293944,12.010000228881836,11.630000114440918,11.6899995803833,10.51891803741455,2215200
2016-12-15,NWSA,11.920000076293944,12.010000228881836,11.630000114440918,11.6899995803833,10.51891803741455,2215200
2016-12-16,NWSA,11.760000228881836,11.829999923706056,11.529999732971191,11.609999656677246,10.446935653686523,4065400
2016-12-16,NWSA,11.760000228881836,11.829999923706056,11.529999732971191,11.609999656677246,10.446935653686523,4065400
2016-12-19,NWSA,11.649999618530272,11.779999732971191,11.5600004196167,11.729999542236328,10.554913520812988,1657600
2016-12-19,NWSA,11.649999618530272,11.779999732971191,11.5600004196167,11.729999542236328,10.554913520812988,1657600
2016-12-20,NWSA,11.760000228881836,11.8100004196167,11.619999885559082,11.649999618530272,10.482927322387695,1807500
2016-12-20,NWSA,11.760000228881836,11.8100004196167,11.619999885559082,11.649999618530272,10.482927322387695,1807500
2016-12-21,NWSA,11.65999984741211,11.770000457763672,11.56999969482422,11.720000267028809,10.545916557312012,1735200
2016-12-21,NWSA,11.65999984741211,11.770000457763672,11.56999969482422,11.720000267028809,10.545916557312012,1735200
2016-12-22,NWSA,11.699999809265137,11.800000190734863,11.619999885559082,11.739999771118164,10.563913345336914,1459300
2016-12-22,NWSA,11.699999809265137,11.800000190734863,11.619999885559082,11.739999771118164,10.563913345336914,1459300
2016-12-23,NWSA,11.739999771118164,11.770000457763672,11.649999618530272,11.729999542236328,10.554913520812988,1368800
2016-12-23,NWSA,11.739999771118164,11.770000457763672,11.649999618530272,11.729999542236328,10.554913520812988,1368800
2016-12-27,NWSA,11.739999771118164,11.90999984741211,11.710000038146973,11.90999984741211,10.71688175201416,1504300
2016-12-27,NWSA,11.739999771118164,11.90999984741211,11.710000038146973,11.90999984741211,10.71688175201416,1504300
2016-12-28,NWSA,11.90999984741211,11.920000076293944,11.670000076293944,11.6899995803833,10.51891803741455,2029900
2016-12-28,NWSA,11.90999984741211,11.920000076293944,11.670000076293944,11.6899995803833,10.51891803741455,2029900
2016-12-29,NWSA,11.6899995803833,11.729999542236328,11.550000190734863,11.65999984741211,10.491925239562988,1511700
2016-12-29,NWSA,11.6899995803833,11.729999542236328,11.550000190734863,11.65999984741211,10.491925239562988,1511700
2016-12-30,NWSA,11.670000076293944,11.6899995803833,11.420000076293944,11.460000038146973,10.31196403503418,1944200
2016-12-30,NWSA,11.670000076293944,11.6899995803833,11.420000076293944,11.460000038146973,10.31196403503418,1944200
2017-01-03,NWSA,11.550000190734863,11.84000015258789,11.510000228881836,11.6899995803833,10.51891803741455,2011500
2017-01-03,NWSA,11.550000190734863,11.84000015258789,11.510000228881836,11.6899995803833,10.51891803741455,2011500
2017-01-04,NWSA,11.699999809265137,11.899999618530272,11.699999809265137,11.869999885559082,10.680891036987305,1256000
2017-01-04,NWSA,11.699999809265137,11.899999618530272,11.699999809265137,11.869999885559082,10.680891036987305,1256000
2017-01-05,NWSA,11.869999885559082,11.979999542236328,11.779999732971191,11.890000343322754,10.69888687133789,2412000
2017-01-05,NWSA,11.869999885559082,11.979999542236328,11.779999732971191,11.890000343322754,10.69888687133789,2412000
2017-01-06,NWSA,11.880000114440918,12.0,11.760000228881836,11.93000030517578,10.73487949371338,1697200
2017-01-06,NWSA,11.880000114440918,12.0,11.760000228881836,11.93000030517578,10.73487949371338,1697200
2017-01-09,NWSA,11.899999618530272,12.050000190734863,11.859999656677246,12.0,10.79786491394043,2372400
2017-01-09,NWSA,11.899999618530272,12.050000190734863,11.859999656677246,12.0,10.79786491394043,2372400
2017-01-10,NWSA,12.050000190734863,12.06999969482422,11.899999618530272,12.0,10.79786491394043,2780900
2017-01-10,NWSA,12.050000190734863,12.06999969482422,11.899999618530272,12.0,10.79786491394043,2780900
2017-01-11,NWSA,12.0,12.170000076293944,11.9399995803833,12.039999961853027,10.833857536315918,2550400
2017-01-11,NWSA,12.0,12.170000076293944,11.9399995803833,12.039999961853027,10.833857536315918,2550400
2017-01-12,NWSA,12.010000228881836,12.18000030517578,11.859999656677246,12.020000457763672,10.815863609313965,2820400
2017-01-12,NWSA,12.010000228881836,12.18000030517578,11.859999656677246,12.020000457763672,10.815863609313965,2820400
2017-01-13,NWSA,12.010000228881836,12.100000381469728,11.93000030517578,12.050000190734863,10.842856407165527,1561300
2017-01-13,NWSA,12.010000228881836,12.100000381469728,11.93000030517578,12.050000190734863,10.842856407165527,1561300
2017-01-17,NWSA,11.970000267028809,12.260000228881836,11.890000343322754,12.229999542236328,11.0048246383667,2610100
2017-01-17,NWSA,11.970000267028809,12.260000228881836,11.890000343322754,12.229999542236328,11.0048246383667,2610100
2017-01-18,NWSA,12.199999809265137,12.220000267028809,12.0,12.140000343322754,10.923840522766112,2310800
2017-01-18,NWSA,12.199999809265137,12.220000267028809,12.0,12.140000343322754,10.923840522766112,2310800
2017-01-19,NWSA,12.140000343322754,12.140000343322754,11.970000267028809,12.039999961853027,10.833857536315918,2306400
2017-01-19,NWSA,12.140000343322754,12.140000343322754,11.970000267028809,12.039999961853027,10.833857536315918,2306400
2017-01-20,NWSA,12.050000190734863,12.119999885559082,11.93000030517578,11.970000267028809,10.77087116241455,1497500
2017-01-20,NWSA,12.050000190734863,12.119999885559082,11.93000030517578,11.970000267028809,10.77087116241455,1497500
2017-01-23,NWSA,11.970000267028809,12.010000228881836,11.880000114440918,11.960000038146973,10.76187229156494,1140200
2017-01-23,NWSA,11.970000267028809,12.010000228881836,11.880000114440918,11.960000038146973,10.76187229156494,1140200
2017-01-24,NWSA,11.960000038146973,12.170000076293944,11.90999984741211,12.109999656677246,10.896844863891602,1961100
2017-01-24,NWSA,11.960000038146973,12.170000076293944,11.90999984741211,12.109999656677246,10.896844863891602,1961100
2017-01-25,NWSA,12.130000114440918,12.359999656677246,12.119999885559082,12.3100004196167,11.076810836791992,1861100
2017-01-25,NWSA,12.130000114440918,12.359999656677246,12.119999885559082,12.3100004196167,11.076810836791992,1861100
2017-01-26,NWSA,12.31999969482422,12.369999885559082,12.020000457763672,12.220000267028809,10.995826721191406,1395900
2017-01-26,NWSA,12.31999969482422,12.369999885559082,12.020000457763672,12.220000267028809,10.995826721191406,1395900
2017-01-27,NWSA,12.1899995803833,12.369999885559082,12.109999656677246,12.359999656677246,11.121801376342772,1841800
2017-01-27,NWSA,12.1899995803833,12.369999885559082,12.109999656677246,12.359999656677246,11.121801376342772,1841800
2017-01-30,NWSA,12.329999923706056,12.34000015258789,12.109999656677246,12.329999923706056,11.094807624816896,1406700
2017-01-30,NWSA,12.329999923706056,12.34000015258789,12.109999656677246,12.329999923706056,11.094807624816896,1406700
2017-01-31,NWSA,12.279999732971191,12.31999969482422,12.079999923706056,12.289999961853027,11.058815002441406,1436900
2017-01-31,NWSA,12.279999732971191,12.31999969482422,12.079999923706056,12.289999961853027,11.058815002441406,1436900
2017-02-01,NWSA,12.289999961853027,12.40999984741211,12.15999984741211,12.359999656677246,11.121801376342772,2004100
2017-02-01,NWSA,12.289999961853027,12.40999984741211,12.15999984741211,12.359999656677246,11.121801376342772,2004100
2017-02-02,NWSA,12.380000114440918,12.380000114440918,12.18000030517578,12.220000267028809,10.995826721191406,2174700
2017-02-02,NWSA,12.380000114440918,12.380000114440918,12.18000030517578,12.220000267028809,10.995826721191406,2174700
2017-02-03,NWSA,12.260000228881836,12.300000190734863,12.170000076293944,12.270000457763672,11.040820121765137,2440300
2017-02-03,NWSA,12.260000228881836,12.300000190734863,12.170000076293944,12.270000457763672,11.040820121765137,2440300
2017-02-06,NWSA,12.260000228881836,12.350000381469728,12.199999809265137,12.220000267028809,10.995826721191406,1275600
2017-02-06,NWSA,12.260000228881836,12.350000381469728,12.199999809265137,12.220000267028809,10.995826721191406,1275600
2017-02-07,NWSA,12.239999771118164,12.239999771118164,12.06999969482422,12.199999809265137,10.97783088684082,1639600
2017-02-07,NWSA,12.239999771118164,12.239999771118164,12.06999969482422,12.199999809265137,10.97783088684082,1639600
2017-02-08,NWSA,12.199999809265137,12.289999961853027,12.0,12.15999984741211,10.941838264465332,2059400
2017-02-08,NWSA,12.199999809265137,12.289999961853027,12.0,12.15999984741211,10.941838264465332,2059400
2017-02-09,NWSA,12.210000038146973,12.40999984741211,12.18000030517578,12.390000343322754,11.148798942565918,2419300
2017-02-09,NWSA,12.210000038146973,12.40999984741211,12.18000030517578,12.390000343322754,11.148798942565918,2419300
2017-02-10,NWSA,12.5,13.420000076293944,12.1899995803833,13.289999961853027,11.95863914489746,4797500
2017-02-10,NWSA,12.5,13.420000076293944,12.1899995803833,13.289999961853027,11.95863914489746,4797500
2017-02-13,NWSA,13.369999885559082,13.479999542236328,13.0600004196167,13.079999923706056,11.769676208496094,2640800
2017-02-13,NWSA,13.369999885559082,13.479999542236328,13.0600004196167,13.079999923706056,11.769676208496094,2640800
2017-02-14,NWSA,13.109999656677246,13.170000076293944,12.949999809265137,13.079999923706056,11.769676208496094,3224400
2017-02-14,NWSA,13.109999656677246,13.170000076293944,12.949999809265137,13.079999923706056,11.769676208496094,3224400
2017-02-15,NWSA,13.039999961853027,13.220000267028809,12.979999542236328,13.100000381469728,11.787670135498049,2738500
2017-02-15,NWSA,13.039999961853027,13.220000267028809,12.979999542236328,13.100000381469728,11.787670135498049,2738500
2017-02-16,NWSA,13.09000015258789,13.279999732971191,12.979999542236328,13.050000190734863,11.742681503295898,2531700
2017-02-16,NWSA,13.09000015258789,13.279999732971191,12.979999542236328,13.050000190734863,11.742681503295898,2531700
2017-02-17,NWSA,13.020000457763672,13.140000343322754,12.869999885559082,13.079999923706056,11.769676208496094,3753400
2017-02-17,NWSA,13.020000457763672,13.140000343322754,12.869999885559082,13.079999923706056,11.769676208496094,3753400
2017-02-21,NWSA,13.079999923706056,13.470000267028809,13.050000190734863,13.329999923706056,11.994629859924316,2836400
2017-02-21,NWSA,13.079999923706056,13.470000267028809,13.050000190734863,13.329999923706056,11.994629859924316,2836400
2017-02-22,NWSA,13.31999969482422,13.359999656677246,13.109999656677246,13.289999961853027,11.95863914489746,2592800
2017-02-22,NWSA,13.31999969482422,13.359999656677246,13.109999656677246,13.289999961853027,11.95863914489746,2592800
2017-02-23,NWSA,13.270000457763672,13.380000114440918,13.09000015258789,13.239999771118164,11.913643836975098,3460600
2017-02-23,NWSA,13.270000457763672,13.380000114440918,13.09000015258789,13.239999771118164,11.913643836975098,3460600
2017-02-24,NWSA,13.239999771118164,13.25,12.949999809265137,13.100000381469728,11.787670135498049,2170400
2017-02-24,NWSA,13.239999771118164,13.25,12.949999809265137,13.100000381469728,11.787670135498049,2170400
2017-02-27,NWSA,13.130000114440918,13.170000076293944,13.0,13.0600004196167,11.751679420471191,1738800
2017-02-27,NWSA,13.130000114440918,13.170000076293944,13.0,13.0600004196167,11.751679420471191,1738800
2017-02-28,NWSA,13.0600004196167,13.0600004196167,12.800000190734863,12.81999969482422,11.535719871520996,2559700
2017-02-28,NWSA,13.0600004196167,13.0600004196167,12.800000190734863,12.81999969482422,11.535719871520996,2559700
2017-03-01,NWSA,12.920000076293944,13.109999656677246,12.850000381469728,13.09000015258789,11.778674125671388,1995100
2017-03-01,NWSA,12.920000076293944,13.109999656677246,12.850000381469728,13.09000015258789,11.778674125671388,1995100
2017-03-02,NWSA,13.109999656677246,13.109999656677246,12.8100004196167,12.84000015258789,11.553715705871582,1427600
2017-03-02,NWSA,13.109999656677246,13.109999656677246,12.8100004196167,12.84000015258789,11.553715705871582,1427600
2017-03-03,NWSA,12.789999961853027,12.93000030517578,12.739999771118164,12.899999618530272,11.607705116271973,2451200
2017-03-03,NWSA,12.789999961853027,12.93000030517578,12.739999771118164,12.899999618530272,11.607705116271973,2451200
2017-03-06,NWSA,12.779999732971191,12.970000267028809,12.779999732971191,12.949999809265137,11.65269947052002,2218100
2017-03-06,NWSA,12.779999732971191,12.970000267028809,12.779999732971191,12.949999809265137,11.65269947052002,2218100
2017-03-07,NWSA,13.06999969482422,13.34000015258789,12.619999885559082,12.65999984741211,11.391748428344728,2553800
2017-03-07,NWSA,13.06999969482422,13.34000015258789,12.619999885559082,12.65999984741211,11.391748428344728,2553800
2017-03-08,NWSA,12.68000030517578,12.710000038146973,12.470000267028809,12.489999771118164,11.238779067993164,2167400
2017-03-08,NWSA,12.68000030517578,12.710000038146973,12.470000267028809,12.489999771118164,11.238779067993164,2167400
2017-03-09,NWSA,12.489999771118164,12.5600004196167,12.329999923706056,12.40999984741211,11.166792869567873,1351600
2017-03-09,NWSA,12.489999771118164,12.5600004196167,12.329999923706056,12.40999984741211,11.166792869567873,1351600
2017-03-10,NWSA,12.460000038146973,12.510000228881836,12.220000267028809,12.380000114440918,11.139799118041992,1689700
2017-03-10,NWSA,12.460000038146973,12.510000228881836,12.220000267028809,12.380000114440918,11.139799118041992,1689700
2017-03-13,NWSA,12.25,12.369999885559082,12.25,12.279999732971191,11.139798164367676,1704500
2017-03-13,NWSA,12.25,12.369999885559082,12.25,12.279999732971191,11.139798164367676,1704500
2017-03-14,NWSA,12.25,12.399999618530272,12.199999809265137,12.399999618530272,11.2486572265625,1698400
2017-03-14,NWSA,12.25,12.399999618530272,12.199999809265137,12.399999618530272,11.2486572265625,1698400
2017-03-15,NWSA,12.40999984741211,13.06999969482422,12.350000381469728,12.600000381469728,11.430087089538574,1857400
2017-03-15,NWSA,12.40999984741211,13.06999969482422,12.350000381469728,12.600000381469728,11.430087089538574,1857400
2017-03-16,NWSA,12.59000015258789,12.649999618530272,12.529999732971191,12.640000343322754,11.4663724899292,1541000
2017-03-16,NWSA,12.59000015258789,12.649999618530272,12.529999732971191,12.640000343322754,11.4663724899292,1541000
2017-03-17,NWSA,12.600000381469728,12.710000038146973,12.56999969482422,12.649999618530272,11.475443840026855,2534200
2017-03-17,NWSA,12.600000381469728,12.710000038146973,12.56999969482422,12.649999618530272,11.475443840026855,2534200
2017-03-20,NWSA,12.670000076293944,12.670000076293944,12.529999732971191,12.630000114440918,11.457301139831545,1121000
2017-03-20,NWSA,12.670000076293944,12.670000076293944,12.529999732971191,12.630000114440918,11.457301139831545,1121000
2017-03-21,NWSA,12.699999809265137,12.760000228881836,12.5,12.520000457763672,11.357516288757324,3366600
2017-03-21,NWSA,12.699999809265137,12.760000228881836,12.5,12.520000457763672,11.357516288757324,3366600
2017-03-22,NWSA,12.529999732971191,12.59000015258789,12.43000030517578,12.520000457763672,11.357516288757324,1429500
2017-03-22,NWSA,12.529999732971191,12.59000015258789,12.43000030517578,12.520000457763672,11.357516288757324,1429500
2017-03-23,NWSA,12.520000457763672,12.619999885559082,12.489999771118164,12.550000190734863,11.38472843170166,1421700
2017-03-23,NWSA,12.520000457763672,12.619999885559082,12.489999771118164,12.550000190734863,11.38472843170166,1421700
2017-03-24,NWSA,12.579999923706056,12.65999984741211,12.5,12.550000190734863,11.38472843170166,1180200
2017-03-24,NWSA,12.579999923706056,12.65999984741211,12.5,12.550000190734863,11.38472843170166,1180200
2017-03-27,NWSA,12.5,12.609999656677246,12.5,12.579999923706056,11.411942481994627,1404900
2017-03-27,NWSA,12.5,12.609999656677246,12.5,12.579999923706056,11.411942481994627,1404900
2017-03-28,NWSA,12.59000015258789,12.869999885559082,12.550000190734863,12.84000015258789,11.647804260253906,1211500
2017-03-28,NWSA,12.59000015258789,12.869999885559082,12.550000190734863,12.84000015258789,11.647804260253906,1211500
2017-03-29,NWSA,12.8100004196167,13.029999732971191,12.75,13.0,11.792945861816406,1136500
2017-03-29,NWSA,12.8100004196167,13.029999732971191,12.75,13.0,11.792945861816406,1136500
2017-03-30,NWSA,12.989999771118164,13.3100004196167,12.949999809265137,13.239999771118164,12.010662078857422,2539200
2017-03-30,NWSA,12.989999771118164,13.3100004196167,12.949999809265137,13.239999771118164,12.010662078857422,2539200
2017-03-31,NWSA,13.09000015258789,13.100000381469728,12.890000343322754,13.0,11.792945861816406,3624000
2017-03-31,NWSA,13.09000015258789,13.100000381469728,12.890000343322754,13.0,11.792945861816406,3624000
2017-04-03,NWSA,12.960000038146973,13.1899995803833,12.770000457763672,12.789999961853027,11.602446556091309,2463900
2017-04-03,NWSA,12.960000038146973,13.1899995803833,12.770000457763672,12.789999961853027,11.602446556091309,2463900
2017-04-04,NWSA,12.84000015258789,12.890000343322754,12.739999771118164,12.770000457763672,11.584301948547363,1445400
2017-04-04,NWSA,12.84000015258789,12.890000343322754,12.739999771118164,12.770000457763672,11.584301948547363,1445400
2017-04-05,NWSA,12.81999969482422,12.90999984741211,12.550000190734863,12.630000114440918,11.457301139831545,2085500
2017-04-05,NWSA,12.81999969482422,12.90999984741211,12.550000190734863,12.630000114440918,11.457301139831545,2085500
2017-04-06,NWSA,12.59000015258789,12.670000076293944,12.5,12.56999969482422,11.402873992919922,1724900
2017-04-06,NWSA,12.59000015258789,12.670000076293944,12.5,12.56999969482422,11.402873992919922,1724900
2017-04-07,NWSA,12.550000190734863,12.56999969482422,12.5,12.510000228881836,11.348443031311035,3552600
2017-04-07,NWSA,12.550000190734863,12.56999969482422,12.5,12.510000228881836,11.348443031311035,3552600
2017-04-10,NWSA,12.510000228881836,12.630000114440918,12.5,12.529999732971191,11.366586685180664,1913100
2017-04-10,NWSA,12.510000228881836,12.630000114440918,12.5,12.529999732971191,11.366586685180664,1913100
2017-04-11,NWSA,12.5,12.5600004196167,12.4399995803833,12.5,11.33937168121338,1623700
2017-04-11,NWSA,12.5,12.5600004196167,12.4399995803833,12.5,11.33937168121338,1623700
2017-04-12,NWSA,12.489999771118164,12.56999969482422,12.40999984741211,12.489999771118164,11.330300331115724,1697200
2017-04-12,NWSA,12.489999771118164,12.56999969482422,12.40999984741211,12.489999771118164,11.330300331115724,1697200
2017-04-13,NWSA,12.489999771118164,12.520000457763672,12.31999969482422,12.329999923706056,11.185155868530272,1857400
2017-04-13,NWSA,12.489999771118164,12.520000457763672,12.31999969482422,12.329999923706056,11.185155868530272,1857400
2017-04-17,NWSA,12.390000343322754,12.4399995803833,12.300000190734863,12.40999984741211,11.257726669311523,1617700
2017-04-17,NWSA,12.390000343322754,12.4399995803833,12.300000190734863,12.40999984741211,11.257726669311523,1617700
2017-04-18,NWSA,12.359999656677246,12.449999809265137,12.1899995803833,12.329999923706056,11.185155868530272,1668200
2017-04-18,NWSA,12.359999656677246,12.449999809265137,12.1899995803833,12.329999923706056,11.185155868530272,1668200
2017-04-19,NWSA,12.380000114440918,12.479999542236328,12.34000015258789,12.43000030517578,11.275871276855469,1696500
2017-04-19,NWSA,12.380000114440918,12.479999542236328,12.34000015258789,12.43000030517578,11.275871276855469,1696500
2017-04-20,NWSA,12.449999809265137,13.010000228881836,12.43000030517578,12.9399995803833,11.738517761230469,2718600
2017-04-20,NWSA,12.449999809265137,13.010000228881836,12.43000030517578,12.9399995803833,11.738517761230469,2718600
2017-04-21,NWSA,12.90999984741211,12.989999771118164,12.720000267028809,12.890000343322754,11.693161010742188,2142300
2017-04-21,NWSA,12.90999984741211,12.989999771118164,12.720000267028809,12.890000343322754,11.693161010742188,2142300
2017-04-24,NWSA,13.050000190734863,13.09000015258789,12.970000267028809,13.039999961853027,11.82923412322998,1498700
2017-04-24,NWSA,13.050000190734863,13.09000015258789,12.970000267028809,13.039999961853027,11.82923412322998,1498700
2017-04-25,NWSA,13.079999923706056,13.130000114440918,13.0,13.06999969482422,11.856446266174316,1236300
2017-04-25,NWSA,13.079999923706056,13.130000114440918,13.0,13.06999969482422,11.856446266174316,1236300
2017-04-26,NWSA,13.06999969482422,13.140000343322754,12.9399995803833,12.9399995803833,11.738517761230469,2187800
2017-04-26,NWSA,13.06999969482422,13.140000343322754,12.9399995803833,12.9399995803833,11.738517761230469,2187800
2017-04-27,NWSA,12.960000038146973,13.029999732971191,12.880000114440918,12.960000038146973,11.75666332244873,1195100
2017-04-27,NWSA,12.960000038146973,13.029999732971191,12.880000114440918,12.960000038146973,11.75666332244873,1195100
2017-04-28,NWSA,12.93000030517578,12.979999542236328,12.59000015258789,12.720000267028809,11.538945198059082,1872300
2017-04-28,NWSA,12.93000030517578,12.979999542236328,12.59000015258789,12.720000267028809,11.538945198059082,1872300
2017-05-01,NWSA,12.75,12.859999656677246,12.649999618530272,12.739999771118164,11.557086944580078,1141800
2017-05-01,NWSA,12.75,12.859999656677246,12.649999618530272,12.739999771118164,11.557086944580078,1141800
2017-05-02,NWSA,12.710000038146973,12.75,12.579999923706056,12.619999885559082,11.44822883605957,1508900
2017-05-02,NWSA,12.710000038146973,12.75,12.579999923706056,12.619999885559082,11.44822883605957,1508900
2017-05-03,NWSA,12.59000015258789,12.609999656677246,12.489999771118164,12.56999969482422,11.402873992919922,1629900
2017-05-03,NWSA,12.59000015258789,12.609999656677246,12.489999771118164,12.56999969482422,11.402873992919922,1629900
2017-05-04,NWSA,12.640000343322754,12.640000343322754,12.43000030517578,12.56999969482422,11.402873992919922,2490500
2017-05-04,NWSA,12.640000343322754,12.640000343322754,12.43000030517578,12.56999969482422,11.402873992919922,2490500
2017-05-05,NWSA,12.59000015258789,12.6899995803833,12.59000015258789,12.6899995803833,11.511730194091797,951000
2017-05-05,NWSA,12.59000015258789,12.6899995803833,12.59000015258789,12.6899995803833,11.511730194091797,951000
2017-05-08,NWSA,12.699999809265137,12.920000076293944,12.65999984741211,12.789999961853027,11.602446556091309,2245400
2017-05-08,NWSA,12.699999809265137,12.920000076293944,12.65999984741211,12.789999961853027,11.602446556091309,2245400
2017-05-09,NWSA,12.8100004196167,13.119999885559082,12.760000228881836,13.109999656677246,11.892732620239258,3330300
2017-05-09,NWSA,12.8100004196167,13.119999885559082,12.760000228881836,13.109999656677246,11.892732620239258,3330300
2017-05-10,NWSA,12.300000190734863,13.300000190734863,12.260000228881836,12.710000038146973,11.52987289428711,4191700
2017-05-10,NWSA,12.300000190734863,13.300000190734863,12.260000228881836,12.710000038146973,11.52987289428711,4191700
2017-05-11,NWSA,12.670000076293944,12.770000457763672,12.5600004196167,12.68000030517578,11.502659797668455,2551000
2017-05-11,NWSA,12.670000076293944,12.770000457763672,12.5600004196167,12.68000030517578,11.502659797668455,2551000
2017-05-12,NWSA,12.670000076293944,12.729999542236328,12.59000015258789,12.710000038146973,11.52987289428711,1653800
2017-05-12,NWSA,12.670000076293944,12.729999542236328,12.59000015258789,12.710000038146973,11.52987289428711,1653800
2017-05-15,NWSA,12.779999732971191,12.9399995803833,12.760000228881836,12.890000343322754,11.693161010742188,2005700
2017-05-15,NWSA,12.779999732971191,12.9399995803833,12.760000228881836,12.890000343322754,11.693161010742188,2005700
2017-05-16,NWSA,12.960000038146973,12.960000038146973,12.8100004196167,12.93000030517578,11.729447364807127,1797100
2017-05-16,NWSA,12.960000038146973,12.960000038146973,12.8100004196167,12.93000030517578,11.729447364807127,1797100
2017-05-17,NWSA,12.84000015258789,12.859999656677246,12.649999618530272,12.65999984741211,11.484517097473145,2493800
2017-05-17,NWSA,12.84000015258789,12.859999656677246,12.649999618530272,12.65999984741211,11.484517097473145,2493800
2017-05-18,NWSA,12.6899995803833,12.779999732971191,12.579999923706056,12.699999809265137,11.520803451538086,2378000
2017-05-18,NWSA,12.6899995803833,12.779999732971191,12.579999923706056,12.699999809265137,11.520803451538086,2378000
2017-05-19,NWSA,12.720000267028809,12.829999923706056,12.510000228881836,12.81999969482422,11.629660606384276,1682100
2017-05-19,NWSA,12.720000267028809,12.829999923706056,12.510000228881836,12.81999969482422,11.629660606384276,1682100
2017-05-22,NWSA,12.859999656677246,13.149999618530272,12.710000038146973,13.119999885559082,11.901805877685549,1861200
2017-05-22,NWSA,12.859999656677246,13.149999618530272,12.710000038146973,13.119999885559082,11.901805877685549,1861200
2017-05-23,NWSA,13.170000076293944,13.260000228881836,13.0600004196167,13.149999618530272,11.929017066955566,1455400
2017-05-23,NWSA,13.170000076293944,13.260000228881836,13.0600004196167,13.149999618530272,11.929017066955566,1455400
2017-05-24,NWSA,13.1899995803833,13.229999542236328,13.119999885559082,13.220000267028809,11.992520332336426,1025300
2017-05-24,NWSA,13.1899995803833,13.229999542236328,13.119999885559082,13.220000267028809,11.992520332336426,1025300
2017-05-25,NWSA,13.289999961853027,13.3100004196167,13.170000076293944,13.210000038146973,11.983448028564451,956700
2017-05-25,NWSA,13.289999961853027,13.3100004196167,13.170000076293944,13.210000038146973,11.983448028564451,956700
2017-05-26,NWSA,13.229999542236328,13.43000030517578,13.170000076293944,13.420000076293944,12.173949241638184,1871000
2017-05-26,NWSA,13.229999542236328,13.43000030517578,13.170000076293944,13.420000076293944,12.173949241638184,1871000
2017-05-30,NWSA,13.31999969482422,13.43000030517578,13.140000343322754,13.289999961853027,12.056020736694336,1470600
2017-05-30,NWSA,13.31999969482422,13.43000030517578,13.140000343322754,13.289999961853027,12.056020736694336,1470600
2017-05-31,NWSA,13.329999923706056,13.390000343322754,13.100000381469728,13.380000114440918,12.137662887573242,2527600
2017-05-31,NWSA,13.329999923706056,13.390000343322754,13.100000381469728,13.380000114440918,12.137662887573242,2527600
2017-06-01,NWSA,13.5,13.619999885559082,13.380000114440918,13.56999969482422,12.310022354125977,1644100
2017-06-01,NWSA,13.5,13.619999885559082,13.380000114440918,13.56999969482422,12.310022354125977,1644100
2017-06-02,NWSA,13.550000190734863,13.640000343322754,13.43000030517578,13.579999923706056,12.319092750549316,1507000
2017-06-02,NWSA,13.550000190734863,13.640000343322754,13.43000030517578,13.579999923706056,12.319092750549316,1507000
2017-06-05,NWSA,13.609999656677246,13.609999656677246,13.40999984741211,13.4399995803833,12.192092895507812,1581100
2017-06-05,NWSA,13.609999656677246,13.609999656677246,13.40999984741211,13.4399995803833,12.192092895507812,1581100
2017-06-06,NWSA,13.40999984741211,13.5,13.220000267028809,13.479999542236328,12.22837734222412,1459400
2017-06-06,NWSA,13.40999984741211,13.5,13.220000267028809,13.479999542236328,12.22837734222412,1459400
2017-06-07,NWSA,13.539999961853027,13.550000190734863,13.3100004196167,13.359999656677246,12.119521141052246,1990700
2017-06-07,NWSA,13.539999961853027,13.550000190734863,13.3100004196167,13.359999656677246,12.119521141052246,1990700
2017-06-08,NWSA,13.470000267028809,13.529999732971191,13.18000030517578,13.510000228881836,12.255593299865724,2104800
2017-06-08,NWSA,13.470000267028809,13.529999732971191,13.18000030517578,13.510000228881836,12.255593299865724,2104800
2017-06-09,NWSA,13.550000190734863,13.68000030517578,13.43000030517578,13.649999618530272,12.382594108581545,1701200
2017-06-09,NWSA,13.550000190734863,13.68000030517578,13.43000030517578,13.649999618530272,12.382594108581545,1701200
2017-06-12,NWSA,13.649999618530272,13.84000015258789,13.630000114440918,13.670000076293944,12.400737762451172,1603200
2017-06-12,NWSA,13.649999618530272,13.84000015258789,13.630000114440918,13.670000076293944,12.400737762451172,1603200
2017-06-13,NWSA,13.649999618530272,13.699999809265137,13.529999732971191,13.5600004196167,12.300950050354004,1946300
2017-06-13,NWSA,13.649999618530272,13.699999809265137,13.529999732971191,13.5600004196167,12.300950050354004,1946300
2017-06-14,NWSA,13.59000015258789,13.630000114440918,13.5,13.579999923706056,12.319092750549316,2748400
2017-06-14,NWSA,13.59000015258789,13.630000114440918,13.5,13.579999923706056,12.319092750549316,2748400
2017-06-15,NWSA,13.59000015258789,13.720000267028809,13.4399995803833,13.609999656677246,12.346307754516602,1281200
2017-06-15,NWSA,13.59000015258789,13.720000267028809,13.4399995803833,13.609999656677246,12.346307754516602,1281200
2017-06-16,NWSA,13.640000343322754,13.779999732971191,13.520000457763672,13.729999542236328,12.455164909362791,2200100
2017-06-16,NWSA,13.640000343322754,13.779999732971191,13.520000457763672,13.729999542236328,12.455164909362791,2200100
2017-06-19,NWSA,13.75,13.850000381469728,13.630000114440918,13.779999732971191,12.500523567199709,827400
2017-06-19,NWSA,13.75,13.850000381469728,13.630000114440918,13.779999732971191,12.500523567199709,827400
2017-06-20,NWSA,13.75,13.75,13.479999542236328,13.489999771118164,12.237449645996094,914500
2017-06-20,NWSA,13.75,13.75,13.479999542236328,13.489999771118164,12.237449645996094,914500
2017-06-21,NWSA,13.539999961853027,13.609999656677246,13.4399995803833,13.529999732971191,12.27373504638672,1436100
2017-06-21,NWSA,13.539999961853027,13.609999656677246,13.4399995803833,13.529999732971191,12.27373504638672,1436100
2017-06-22,NWSA,13.529999732971191,13.550000190734863,13.300000190734863,13.449999809265137,12.20116138458252,1379700
2017-06-22,NWSA,13.529999732971191,13.550000190734863,13.300000190734863,13.449999809265137,12.20116138458252,1379700
2017-06-23,NWSA,13.4399995803833,13.619999885559082,13.380000114440918,13.59000015258789,12.328166961669922,1415800
2017-06-23,NWSA,13.4399995803833,13.619999885559082,13.380000114440918,13.59000015258789,12.328166961669922,1415800
2017-06-26,NWSA,13.609999656677246,13.68000030517578,13.529999732971191,13.65999984741211,12.391664505004885,1030100
2017-06-26,NWSA,13.609999656677246,13.68000030517578,13.529999732971191,13.65999984741211,12.391664505004885,1030100
2017-06-27,NWSA,13.609999656677246,13.789999961853027,13.579999923706056,13.65999984741211,12.391664505004885,1180800
2017-06-27,NWSA,13.609999656677246,13.789999961853027,13.579999923706056,13.65999984741211,12.391664505004885,1180800
2017-06-28,NWSA,13.720000267028809,13.920000076293944,13.699999809265137,13.850000381469728,12.564024925231934,1760100
2017-06-28,NWSA,13.720000267028809,13.920000076293944,13.699999809265137,13.850000381469728,12.564024925231934,1760100
2017-06-29,NWSA,13.850000381469728,13.920000076293944,13.390000343322754,13.600000381469728,12.337237358093262,1757200
2017-06-29,NWSA,13.850000381469728,13.920000076293944,13.390000343322754,13.600000381469728,12.337237358093262,1757200
2017-06-30,NWSA,13.630000114440918,13.760000228881836,13.350000381469728,13.699999809265137,12.427947998046877,1754200
2017-06-30,NWSA,13.630000114440918,13.760000228881836,13.350000381469728,13.699999809265137,12.427947998046877,1754200
2017-07-03,NWSA,13.739999771118164,13.920000076293944,13.649999618530272,13.890000343322754,12.600312232971191,1108000
2017-07-03,NWSA,13.739999771118164,13.920000076293944,13.649999618530272,13.890000343322754,12.600312232971191,1108000
2017-07-05,NWSA,13.890000343322754,13.890000343322754,13.68000030517578,13.729999542236328,12.455164909362791,1875000
2017-07-05,NWSA,13.890000343322754,13.890000343322754,13.68000030517578,13.729999542236328,12.455164909362791,1875000
2017-07-06,NWSA,13.670000076293944,13.68000030517578,13.229999542236328,13.239999771118164,12.010662078857422,2048200
2017-07-06,NWSA,13.670000076293944,13.68000030517578,13.229999542236328,13.239999771118164,12.010662078857422,2048200
2017-07-07,NWSA,13.279999732971191,13.369999885559082,13.18000030517578,13.31999969482422,12.083234786987305,1692100
2017-07-07,NWSA,13.279999732971191,13.369999885559082,13.18000030517578,13.31999969482422,12.083234786987305,1692100
2017-07-10,NWSA,13.279999732971191,13.40999984741211,13.140000343322754,13.149999618530272,11.929017066955566,1744800
2017-07-10,NWSA,13.279999732971191,13.40999984741211,13.140000343322754,13.149999618530272,11.929017066955566,1744800
2017-07-11,NWSA,13.140000343322754,13.34000015258789,13.06999969482422,13.270000457763672,12.03787612915039,1618100
2017-07-11,NWSA,13.140000343322754,13.34000015258789,13.06999969482422,13.270000457763672,12.03787612915039,1618100
2017-07-12,NWSA,13.31999969482422,13.43000030517578,13.18000030517578,13.199999809265137,11.97437572479248,2724400
2017-07-12,NWSA,13.31999969482422,13.43000030517578,13.18000030517578,13.199999809265137,11.97437572479248,2724400
2017-07-13,NWSA,13.229999542236328,13.31999969482422,13.18000030517578,13.229999542236328,12.001590728759766,1252800
2017-07-13,NWSA,13.229999542236328,13.31999969482422,13.18000030517578,13.229999542236328,12.001590728759766,1252800
2017-07-14,NWSA,13.300000190734863,13.619999885559082,13.239999771118164,13.56999969482422,12.310022354125977,1541300
2017-07-14,NWSA,13.300000190734863,13.619999885559082,13.239999771118164,13.56999969482422,12.310022354125977,1541300
2017-07-17,NWSA,13.56999969482422,13.760000228881836,13.520000457763672,13.68000030517578,12.409808158874512,1289200
2017-07-17,NWSA,13.56999969482422,13.760000228881836,13.520000457763672,13.68000030517578,12.409808158874512,1289200
2017-07-18,NWSA,13.649999618530272,13.68000030517578,13.520000457763672,13.630000114440918,12.36445140838623,1105200
2017-07-18,NWSA,13.649999618530272,13.68000030517578,13.520000457763672,13.630000114440918,12.36445140838623,1105200
2017-07-19,NWSA,13.68000030517578,13.979999542236328,13.68000030517578,13.93000030517578,12.6365966796875,1339600
2017-07-19,NWSA,13.68000030517578,13.979999542236328,13.68000030517578,13.93000030517578,12.6365966796875,1339600
2017-07-20,NWSA,13.90999984741211,14.079999923706056,13.880000114440918,13.960000038146973,12.663808822631836,1174800
2017-07-20,NWSA,13.90999984741211,14.079999923706056,13.880000114440918,13.960000038146973,12.663808822631836,1174800
2017-07-21,NWSA,13.899999618530272,14.0600004196167,13.899999618530272,13.93000030517578,12.6365966796875,2521000
2017-07-21,NWSA,13.899999618530272,14.0600004196167,13.899999618530272,13.93000030517578,12.6365966796875,2521000
2017-07-24,NWSA,13.949999809265137,14.039999961853027,13.920000076293944,13.979999542236328,12.681952476501465,1026700
2017-07-24,NWSA,13.949999809265137,14.039999961853027,13.920000076293944,13.979999542236328,12.681952476501465,1026700
2017-07-25,NWSA,14.050000190734863,14.170000076293944,13.829999923706056,14.119999885559082,12.808953285217283,1271400
2017-07-25,NWSA,14.050000190734863,14.170000076293944,13.829999923706056,14.119999885559082,12.808953285217283,1271400
2017-07-26,NWSA,14.119999885559082,14.34000015258789,14.119999885559082,14.229999542236328,12.90873908996582,1171200
2017-07-26,NWSA,14.119999885559082,14.34000015258789,14.119999885559082,14.229999542236328,12.90873908996582,1171200
2017-07-27,NWSA,14.210000038146973,14.350000381469728,14.210000038146973,14.270000457763672,12.945026397705078,1157900
2017-07-27,NWSA,14.210000038146973,14.350000381469728,14.210000038146973,14.270000457763672,12.945026397705078,1157900
2017-07-28,NWSA,14.260000228881836,14.489999771118164,14.25,14.390000343322754,13.05388641357422,1117700
2017-07-28,NWSA,14.260000228881836,14.489999771118164,14.25,14.390000343322754,13.05388641357422,1117700
2017-07-31,NWSA,14.43000030517578,14.43000030517578,14.260000228881836,14.3100004196167,12.981313705444336,1051800
2017-07-31,NWSA,14.43000030517578,14.43000030517578,14.260000228881836,14.3100004196167,12.981313705444336,1051800
2017-08-01,NWSA,14.380000114440918,14.460000038146973,14.270000457763672,14.43000030517578,13.090170860290527,972300
2017-08-01,NWSA,14.380000114440918,14.460000038146973,14.270000457763672,14.43000030517578,13.090170860290527,972300
2017-08-02,NWSA,14.399999618530272,14.399999618530272,14.1899995803833,14.270000457763672,12.945026397705078,1526000
2017-08-02,NWSA,14.399999618530272,14.399999618530272,14.1899995803833,14.270000457763672,12.945026397705078,1526000
2017-08-03,NWSA,14.279999732971191,14.399999618530272,14.18000030517578,14.25,12.926884651184082,930400
2017-08-03,NWSA,14.279999732971191,14.399999618530272,14.18000030517578,14.25,12.926884651184082,930400
2017-08-04,NWSA,14.279999732971191,14.279999732971191,14.100000381469728,14.119999885559082,12.808953285217283,1779300
2017-08-04,NWSA,14.279999732971191,14.279999732971191,14.100000381469728,14.119999885559082,12.808953285217283,1779300
2017-08-07,NWSA,14.119999885559082,14.43000030517578,14.119999885559082,14.34000015258789,13.008526802062988,954000
2017-08-07,NWSA,14.119999885559082,14.43000030517578,14.119999885559082,14.34000015258789,13.008526802062988,954000
2017-08-08,NWSA,14.31999969482422,14.31999969482422,14.09000015258789,14.239999771118164,12.917811393737791,993500
2017-08-08,NWSA,14.31999969482422,14.31999969482422,14.09000015258789,14.239999771118164,12.917811393737791,993500
2017-08-09,NWSA,14.170000076293944,14.220000267028809,14.039999961853027,14.170000076293944,12.8543119430542,896800
2017-08-09,NWSA,14.170000076293944,14.220000267028809,14.039999961853027,14.170000076293944,12.8543119430542,896800
2017-08-10,NWSA,14.130000114440918,14.18000030517578,13.59000015258789,13.68000030517578,12.409808158874512,2989500
2017-08-10,NWSA,14.130000114440918,14.18000030517578,13.59000015258789,13.68000030517578,12.409808158874512,2989500
2017-08-11,NWSA,13.760000228881836,14.039999961853027,13.399999618530272,13.43000030517578,12.183019638061523,3491000
2017-08-11,NWSA,13.760000228881836,14.039999961853027,13.399999618530272,13.43000030517578,12.183019638061523,3491000
2017-08-14,NWSA,13.539999961853027,13.609999656677246,13.300000190734863,13.369999885559082,12.128591537475586,2291700
2017-08-14,NWSA,13.539999961853027,13.609999656677246,13.300000190734863,13.369999885559082,12.128591537475586,2291700
2017-08-15,NWSA,13.40999984741211,13.4399995803833,13.279999732971191,13.3100004196167,12.0741605758667,1063800
2017-08-15,NWSA,13.40999984741211,13.4399995803833,13.279999732971191,13.3100004196167,12.0741605758667,1063800
2017-08-16,NWSA,13.40999984741211,13.479999542236328,13.210000038146973,13.25,12.019733428955078,1535900
2017-08-16,NWSA,13.40999984741211,13.479999542236328,13.210000038146973,13.25,12.019733428955078,1535900
2017-08-17,NWSA,13.199999809265137,13.449999809265137,13.199999809265137,13.229999542236328,12.001590728759766,2230600
2017-08-17,NWSA,13.199999809265137,13.449999809265137,13.199999809265137,13.229999542236328,12.001590728759766,2230600
2017-08-18,NWSA,13.25,13.470000267028809,13.050000190734863,13.270000457763672,12.03787612915039,2004500
2017-08-18,NWSA,13.25,13.470000267028809,13.050000190734863,13.270000457763672,12.03787612915039,2004500
2017-08-21,NWSA,13.210000038146973,13.350000381469728,13.1899995803833,13.3100004196167,12.0741605758667,1631900
2017-08-21,NWSA,13.210000038146973,13.350000381469728,13.1899995803833,13.3100004196167,12.0741605758667,1631900
2017-08-22,NWSA,13.279999732971191,13.4399995803833,13.279999732971191,13.390000343322754,12.146734237670898,1197000
2017-08-22,NWSA,13.279999732971191,13.4399995803833,13.279999732971191,13.390000343322754,12.146734237670898,1197000
2017-08-23,NWSA,13.289999961853027,13.34000015258789,13.119999885559082,13.18000030517578,11.956233978271484,1586700
2017-08-23,NWSA,13.289999961853027,13.34000015258789,13.119999885559082,13.18000030517578,11.956233978271484,1586700
2017-08-24,NWSA,13.210000038146973,13.229999542236328,13.09000015258789,13.199999809265137,11.97437572479248,1161400
2017-08-24,NWSA,13.210000038146973,13.229999542236328,13.09000015258789,13.199999809265137,11.97437572479248,1161400
2017-08-25,NWSA,13.279999732971191,13.470000267028809,13.06999969482422,13.420000076293944,12.173949241638184,1492900
2017-08-25,NWSA,13.279999732971191,13.470000267028809,13.06999969482422,13.420000076293944,12.173949241638184,1492900
2017-08-28,NWSA,13.369999885559082,13.470000267028809,13.289999961853027,13.43000030517578,12.183019638061523,1557900
2017-08-28,NWSA,13.369999885559082,13.470000267028809,13.289999961853027,13.43000030517578,12.183019638061523,1557900
2017-08-29,NWSA,13.359999656677246,13.390000343322754,13.239999771118164,13.359999656677246,12.119521141052246,2164700
2017-08-29,NWSA,13.359999656677246,13.390000343322754,13.239999771118164,13.359999656677246,12.119521141052246,2164700
2017-08-30,NWSA,13.359999656677246,13.359999656677246,13.15999984741211,13.300000190734863,12.065091133117676,1641800
2017-08-30,NWSA,13.359999656677246,13.359999656677246,13.15999984741211,13.300000190734863,12.065091133117676,1641800
2017-08-31,NWSA,13.31999969482422,13.40999984741211,13.270000457763672,13.369999885559082,12.128591537475586,1226600
2017-08-31,NWSA,13.31999969482422,13.40999984741211,13.270000457763672,13.369999885559082,12.128591537475586,1226600
2017-09-01,NWSA,13.399999618530272,13.520000457763672,13.380000114440918,13.449999809265137,12.20116138458252,924300
2017-09-01,NWSA,13.399999618530272,13.520000457763672,13.380000114440918,13.449999809265137,12.20116138458252,924300
2017-09-05,NWSA,13.449999809265137,13.460000038146973,13.1899995803833,13.279999732971191,12.046945571899414,1324600
2017-09-05,NWSA,13.449999809265137,13.460000038146973,13.1899995803833,13.279999732971191,12.046945571899414,1324600
2017-09-06,NWSA,13.329999923706056,13.489999771118164,13.270000457763672,13.390000343322754,12.146734237670898,3573700
2017-09-06,NWSA,13.329999923706056,13.489999771118164,13.270000457763672,13.390000343322754,12.146734237670898,3573700
2017-09-07,NWSA,13.43000030517578,13.579999923706056,13.390000343322754,13.529999732971191,12.27373504638672,1844500
2017-09-07,NWSA,13.43000030517578,13.579999923706056,13.390000343322754,13.529999732971191,12.27373504638672,1844500
2017-09-08,NWSA,13.529999732971191,13.539999961853027,13.109999656677246,13.140000343322754,11.919946670532228,2108900
2017-09-08,NWSA,13.529999732971191,13.539999961853027,13.109999656677246,13.140000343322754,11.919946670532228,2108900
2017-09-11,NWSA,13.229999542236328,13.40999984741211,13.199999809265137,13.34000015258789,12.101377487182615,2575500
2017-09-11,NWSA,13.229999542236328,13.40999984741211,13.199999809265137,13.34000015258789,12.101377487182615,2575500
2017-09-12,NWSA,13.300000190734863,13.350000381469728,13.1899995803833,13.260000228881836,12.119657516479492,1808700
2017-09-12,NWSA,13.300000190734863,13.350000381469728,13.1899995803833,13.260000228881836,12.119657516479492,1808700
2017-09-13,NWSA,13.210000038146973,13.210000038146973,12.84000015258789,13.0,11.8820161819458,2002900
2017-09-13,NWSA,13.210000038146973,13.210000038146973,12.84000015258789,13.0,11.8820161819458,2002900
2017-09-14,NWSA,13.0,13.09000015258789,12.960000038146973,13.050000190734863,11.927717208862305,1776800
2017-09-14,NWSA,13.0,13.09000015258789,12.960000038146973,13.050000190734863,11.927717208862305,1776800
2017-09-15,NWSA,13.050000190734863,13.15999984741211,12.9399995803833,13.09000015258789,11.964276313781738,2914400
2017-09-15,NWSA,13.050000190734863,13.15999984741211,12.9399995803833,13.09000015258789,11.964276313781738,2914400
2017-09-18,NWSA,13.140000343322754,13.220000267028809,12.979999542236328,13.09000015258789,11.964276313781738,1811600
2017-09-18,NWSA,13.140000343322754,13.220000267028809,12.979999542236328,13.09000015258789,11.964276313781738,1811600
2017-09-19,NWSA,13.100000381469728,13.15999984741211,12.960000038146973,13.050000190734863,11.927717208862305,1779200
2017-09-19,NWSA,13.100000381469728,13.15999984741211,12.960000038146973,13.050000190734863,11.927717208862305,1779200
2017-09-20,NWSA,13.100000381469728,13.210000038146973,13.029999732971191,13.170000076293944,12.037396430969238,1475200
2017-09-20,NWSA,13.100000381469728,13.210000038146973,13.029999732971191,13.170000076293944,12.037396430969238,1475200
2017-09-21,NWSA,13.15999984741211,13.1899995803833,13.020000457763672,13.079999923706056,11.955138206481934,1730000
2017-09-21,NWSA,13.15999984741211,13.1899995803833,13.020000457763672,13.079999923706056,11.955138206481934,1730000
2017-09-22,NWSA,13.020000457763672,13.119999885559082,12.989999771118164,13.029999732971191,11.909436225891112,1098000
2017-09-22,NWSA,13.020000457763672,13.119999885559082,12.989999771118164,13.029999732971191,11.909436225891112,1098000
2017-09-25,NWSA,13.050000190734863,13.229999542236328,13.010000228881836,13.199999809265137,12.06481647491455,1404800
2017-09-25,NWSA,13.050000190734863,13.229999542236328,13.010000228881836,13.199999809265137,12.06481647491455,1404800
2017-09-26,NWSA,13.229999542236328,13.229999542236328,13.06999969482422,13.109999656677246,11.98255729675293,1158300
2017-09-26,NWSA,13.229999542236328,13.229999542236328,13.06999969482422,13.109999656677246,11.98255729675293,1158300
2017-09-27,NWSA,13.130000114440918,13.300000190734863,13.06999969482422,13.260000228881836,12.119657516479492,1325700
2017-09-27,NWSA,13.130000114440918,13.300000190734863,13.06999969482422,13.260000228881836,12.119657516479492,1325700
2017-09-28,NWSA,13.210000038146973,13.350000381469728,13.119999885559082,13.260000228881836,12.119657516479492,2190000
2017-09-28,NWSA,13.210000038146973,13.350000381469728,13.119999885559082,13.260000228881836,12.119657516479492,2190000
2017-09-29,NWSA,13.220000267028809,13.260000228881836,13.15999984741211,13.260000228881836,12.119657516479492,939800
2017-09-29,NWSA,13.220000267028809,13.260000228881836,13.15999984741211,13.260000228881836,12.119657516479492,939800
2017-10-02,NWSA,13.289999961853027,13.369999885559082,13.1899995803833,13.279999732971191,12.137934684753418,1641100
2017-10-02,NWSA,13.289999961853027,13.369999885559082,13.1899995803833,13.279999732971191,12.137934684753418,1641100
2017-10-03,NWSA,13.289999961853027,13.43000030517578,13.239999771118164,13.369999885559082,12.220197677612305,1592900
2017-10-03,NWSA,13.289999961853027,13.43000030517578,13.239999771118164,13.369999885559082,12.220197677612305,1592900
2017-10-04,NWSA,13.380000114440918,13.420000076293944,13.300000190734863,13.359999656677246,12.2110595703125,903100
2017-10-04,NWSA,13.380000114440918,13.420000076293944,13.300000190734863,13.359999656677246,12.2110595703125,903100
2017-10-05,NWSA,13.40999984741211,13.460000038146973,13.329999923706056,13.43000030517578,12.275036811828612,1174900
2017-10-05,NWSA,13.40999984741211,13.460000038146973,13.329999923706056,13.43000030517578,12.275036811828612,1174900
2017-10-06,NWSA,13.40999984741211,13.4399995803833,13.229999542236328,13.289999961853027,12.147077560424805,1654400
2017-10-06,NWSA,13.40999984741211,13.4399995803833,13.229999542236328,13.289999961853027,12.147077560424805,1654400
2017-10-09,NWSA,13.270000457763672,13.289999961853027,13.140000343322754,13.18000030517578,12.046537399291992,817000
2017-10-09,NWSA,13.270000457763672,13.289999961853027,13.140000343322754,13.18000030517578,12.046537399291992,817000
2017-10-10,NWSA,13.260000228881836,13.550000190734863,13.25,13.5,12.339017868041992,2190200
2017-10-10,NWSA,13.260000228881836,13.550000190734863,13.25,13.5,12.339017868041992,2190200
2017-10-11,NWSA,13.460000038146973,13.5,13.350000381469728,13.479999542236328,12.320735931396484,1167200
2017-10-11,NWSA,13.460000038146973,13.5,13.350000381469728,13.479999542236328,12.320735931396484,1167200
2017-10-12,NWSA,13.460000038146973,13.579999923706056,13.369999885559082,13.539999961853027,12.375576972961426,1768900
2017-10-12,NWSA,13.460000038146973,13.579999923706056,13.369999885559082,13.539999961853027,12.375576972961426,1768900
2017-10-13,NWSA,13.609999656677246,13.739999771118164,13.520000457763672,13.68000030517578,12.503538131713867,1440900
2017-10-13,NWSA,13.609999656677246,13.739999771118164,13.520000457763672,13.68000030517578,12.503538131713867,1440900
2017-10-16,NWSA,13.68000030517578,13.760000228881836,13.609999656677246,13.68000030517578,12.503538131713867,1704600
2017-10-16,NWSA,13.68000030517578,13.760000228881836,13.609999656677246,13.68000030517578,12.503538131713867,1704600
2017-10-17,NWSA,13.640000343322754,13.6899995803833,13.56999969482422,13.619999885559082,12.448698043823242,1285100
2017-10-17,NWSA,13.640000343322754,13.6899995803833,13.56999969482422,13.619999885559082,12.448698043823242,1285100
2017-10-18,NWSA,13.619999885559082,13.770000457763672,13.609999656677246,13.729999542236328,12.549237251281738,1219200
2017-10-18,NWSA,13.619999885559082,13.770000457763672,13.609999656677246,13.729999542236328,12.549237251281738,1219200
2017-10-19,NWSA,13.649999618530272,13.710000038146973,13.550000190734863,13.619999885559082,12.448698043823242,1846300
2017-10-19,NWSA,13.649999618530272,13.710000038146973,13.550000190734863,13.619999885559082,12.448698043823242,1846300
2017-10-20,NWSA,13.6899995803833,13.779999732971191,13.65999984741211,13.710000038146973,12.530960083007812,1317500
2017-10-20,NWSA,13.6899995803833,13.779999732971191,13.65999984741211,13.710000038146973,12.530960083007812,1317500
2017-10-23,NWSA,13.720000267028809,13.770000457763672,13.670000076293944,13.75,12.567520141601562,1012700
2017-10-23,NWSA,13.720000267028809,13.770000457763672,13.670000076293944,13.75,12.567520141601562,1012700
2017-10-24,NWSA,13.75,13.779999732971191,13.56999969482422,13.630000114440918,12.457839965820312,1497100
2017-10-24,NWSA,13.75,13.779999732971191,13.56999969482422,13.630000114440918,12.457839965820312,1497100
2017-10-25,NWSA,13.619999885559082,13.710000038146973,13.520000457763672,13.65999984741211,12.48525619506836,1272000
2017-10-25,NWSA,13.619999885559082,13.710000038146973,13.520000457763672,13.65999984741211,12.48525619506836,1272000
2017-10-26,NWSA,13.6899995803833,13.81999969482422,13.619999885559082,13.68000030517578,12.503538131713867,1756300
2017-10-26,NWSA,13.6899995803833,13.81999969482422,13.619999885559082,13.68000030517578,12.503538131713867,1756300
2017-10-27,NWSA,13.65999984741211,13.729999542236328,13.489999771118164,13.6899995803833,12.512678146362305,1578000
2017-10-27,NWSA,13.65999984741211,13.729999542236328,13.489999771118164,13.6899995803833,12.512678146362305,1578000
2017-10-30,NWSA,13.68000030517578,13.829999923706056,13.640000343322754,13.8100004196167,12.622358322143556,1394500
2017-10-30,NWSA,13.68000030517578,13.829999923706056,13.640000343322754,13.8100004196167,12.622358322143556,1394500
2017-10-31,NWSA,13.829999923706056,13.829999923706056,13.630000114440918,13.65999984741211,12.48525619506836,1665500
2017-10-31,NWSA,13.829999923706056,13.829999923706056,13.630000114440918,13.65999984741211,12.48525619506836,1665500
2017-11-01,NWSA,13.729999542236328,13.869999885559082,13.609999656677246,13.710000038146973,12.530960083007812,1900400
2017-11-01,NWSA,13.729999542236328,13.869999885559082,13.609999656677246,13.710000038146973,12.530960083007812,1900400
2017-11-02,NWSA,13.670000076293944,13.829999923706056,13.579999923706056,13.800000190734863,12.613219261169434,1696400
2017-11-02,NWSA,13.670000076293944,13.829999923706056,13.579999923706056,13.800000190734863,12.613219261169434,1696400
2017-11-03,NWSA,13.760000228881836,13.869999885559082,13.699999809265137,13.869999885559082,12.677197456359863,2278500
2017-11-03,NWSA,13.760000228881836,13.869999885559082,13.699999809265137,13.869999885559082,12.677197456359863,2278500
2017-11-06,NWSA,13.890000343322754,14.279999732971191,13.84000015258789,14.279999732971191,13.051939964294434,4244400
2017-11-06,NWSA,13.890000343322754,14.279999732971191,13.84000015258789,14.279999732971191,13.051939964294434,4244400
2017-11-07,NWSA,14.210000038146973,14.529999732971191,14.09000015258789,14.149999618530272,12.93311882019043,2639600
2017-11-07,NWSA,14.210000038146973,14.529999732971191,14.09000015258789,14.149999618530272,12.93311882019043,2639600
2017-11-08,NWSA,14.079999923706056,14.149999618530272,14.010000228881836,14.140000343322754,12.92398166656494,1389400
2017-11-08,NWSA,14.079999923706056,14.149999618530272,14.010000228881836,14.140000343322754,12.92398166656494,1389400
2017-11-09,NWSA,14.130000114440918,14.5600004196167,14.06999969482422,14.359999656677246,13.1250581741333,2515900
2017-11-09,NWSA,14.130000114440918,14.5600004196167,14.06999969482422,14.359999656677246,13.1250581741333,2515900
2017-11-10,NWSA,14.65999984741211,15.789999961853027,14.59000015258789,15.100000381469728,13.801419258117676,5305800
2017-11-10,NWSA,14.65999984741211,15.789999961853027,14.59000015258789,15.100000381469728,13.801419258117676,5305800
2017-11-13,NWSA,15.100000381469728,15.40999984741211,15.0,15.229999542236328,13.92024040222168,2704200
2017-11-13,NWSA,15.100000381469728,15.40999984741211,15.0,15.229999542236328,13.92024040222168,2704200
2017-11-14,NWSA,15.170000076293944,15.5,15.109999656677246,15.270000457763672,13.956799507141112,3283600
2017-11-14,NWSA,15.170000076293944,15.5,15.109999656677246,15.270000457763672,13.956799507141112,3283600
2017-11-15,NWSA,15.229999542236328,15.279999732971191,15.100000381469728,15.1899995803833,13.883679389953612,1929400
2017-11-15,NWSA,15.229999542236328,15.279999732971191,15.100000381469728,15.1899995803833,13.883679389953612,1929400
2017-11-16,NWSA,15.18000030517578,15.729999542236328,15.149999618530272,15.720000267028809,14.368101119995115,2648200
2017-11-16,NWSA,15.18000030517578,15.729999542236328,15.149999618530272,15.720000267028809,14.368101119995115,2648200
2017-11-17,NWSA,15.6899995803833,15.93000030517578,15.59000015258789,15.84000015258789,14.477782249450684,2524700
2017-11-17,NWSA,15.6899995803833,15.93000030517578,15.59000015258789,15.84000015258789,14.477782249450684,2524700
2017-11-20,NWSA,15.829999923706056,15.829999923706056,15.619999885559082,15.670000076293944,14.32240104675293,2456300
2017-11-20,NWSA,15.829999923706056,15.829999923706056,15.619999885559082,15.670000076293944,14.32240104675293,2456300
2017-11-21,NWSA,15.739999771118164,15.81999969482422,15.670000076293944,15.789999961853027,14.432080268859863,2538000
2017-11-21,NWSA,15.739999771118164,15.81999969482422,15.670000076293944,15.789999961853027,14.432080268859863,2538000
2017-11-22,NWSA,15.81999969482422,15.869999885559082,15.760000228881836,15.770000457763672,14.41380214691162,2121200
2017-11-22,NWSA,15.81999969482422,15.869999885559082,15.760000228881836,15.770000457763672,14.41380214691162,2121200
2017-11-24,NWSA,15.81999969482422,15.81999969482422,15.699999809265137,15.770000457763672,14.41380214691162,845600
2017-11-24,NWSA,15.81999969482422,15.81999969482422,15.699999809265137,15.770000457763672,14.41380214691162,845600
2017-11-27,NWSA,15.760000228881836,15.8100004196167,15.649999618530272,15.739999771118164,14.386381149291992,2445500
2017-11-27,NWSA,15.760000228881836,15.8100004196167,15.649999618530272,15.739999771118164,14.386381149291992,2445500
2017-11-28,NWSA,15.800000190734863,16.15999984741211,15.729999542236328,16.149999618530273,14.761120796203612,3296300
2017-11-28,NWSA,15.800000190734863,16.15999984741211,15.729999542236328,16.149999618530273,14.761120796203612,3296300
2017-11-29,NWSA,16.100000381469727,16.43000030517578,16.100000381469727,16.350000381469727,14.943921089172363,2314000
2017-11-29,NWSA,16.100000381469727,16.43000030517578,16.100000381469727,16.350000381469727,14.943921089172363,2314000
2017-11-30,NWSA,16.399999618530273,16.420000076293945,16.100000381469727,16.15999984741211,14.770259857177734,3442100
2017-11-30,NWSA,16.399999618530273,16.420000076293945,16.100000381469727,16.15999984741211,14.770259857177734,3442100
2017-12-01,NWSA,16.239999771118164,16.31999969482422,15.890000343322754,16.200000762939453,14.806821823120115,3096000
2017-12-01,NWSA,16.239999771118164,16.31999969482422,15.890000343322754,16.200000762939453,14.806821823120115,3096000
2017-12-04,NWSA,16.260000228881836,16.8700008392334,16.200000762939453,16.540000915527344,15.11758041381836,3559600
2017-12-04,NWSA,16.260000228881836,16.8700008392334,16.200000762939453,16.540000915527344,15.11758041381836,3559600
2017-12-05,NWSA,16.59000015258789,16.649999618530273,16.270000457763672,16.399999618530273,14.989620208740234,2584700
2017-12-05,NWSA,16.59000015258789,16.649999618530273,16.270000457763672,16.399999618530273,14.989620208740234,2584700
2017-12-06,NWSA,16.399999618530273,16.520000457763672,16.239999771118164,16.389999389648438,14.98047924041748,3525400
2017-12-06,NWSA,16.399999618530273,16.520000457763672,16.239999771118164,16.389999389648438,14.98047924041748,3525400
2017-12-07,NWSA,16.3799991607666,16.389999389648438,16.25,16.360000610351562,14.953060150146484,2694200
2017-12-07,NWSA,16.3799991607666,16.389999389648438,16.25,16.360000610351562,14.953060150146484,2694200
2017-12-08,NWSA,16.420000076293945,16.559999465942383,16.360000610351562,16.549999237060547,15.12671947479248,2012200
2017-12-08,NWSA,16.420000076293945,16.559999465942383,16.360000610351562,16.549999237060547,15.12671947479248,2012200
2017-12-11,NWSA,16.559999465942383,16.75,16.5,16.59000015258789,15.163278579711914,3382000
2017-12-11,NWSA,16.559999465942383,16.75,16.5,16.59000015258789,15.163278579711914,3382000
2017-12-12,NWSA,16.610000610351562,16.6200008392334,16.139999389648438,16.219999313354492,14.825101852416992,2410100
2017-12-12,NWSA,16.610000610351562,16.6200008392334,16.139999389648438,16.219999313354492,14.825101852416992,2410100
2017-12-13,NWSA,16.270000457763672,16.329999923706055,16.170000076293945,16.280000686645508,14.8799409866333,3083000
2017-12-13,NWSA,16.270000457763672,16.329999923706055,16.170000076293945,16.280000686645508,14.8799409866333,3083000
2017-12-14,NWSA,16.280000686645508,16.40999984741211,16.1200008392334,16.219999313354492,14.825101852416992,3204200
2017-12-14,NWSA,16.280000686645508,16.40999984741211,16.1200008392334,16.219999313354492,14.825101852416992,3204200
2017-12-15,NWSA,16.229999542236328,16.25,16.0,16.020000457763672,14.642300605773926,5256300
2017-12-15,NWSA,16.229999542236328,16.25,16.0,16.020000457763672,14.642300605773926,5256300
2017-12-18,NWSA,16.110000610351562,16.3700008392334,16.06999969482422,16.329999923706055,14.925639152526855,3059600
2017-12-18,NWSA,16.110000610351562,16.3700008392334,16.06999969482422,16.329999923706055,14.925639152526855,3059600
2017-12-19,NWSA,16.389999389648438,16.459999084472656,16.18000030517578,16.270000457763672,14.870803833007812,3640500
2017-12-19,NWSA,16.389999389648438,16.459999084472656,16.18000030517578,16.270000457763672,14.870803833007812,3640500
2017-12-20,NWSA,16.34000015258789,16.420000076293945,16.219999313354492,16.239999771118164,14.843379020690918,2599400
2017-12-20,NWSA,16.34000015258789,16.420000076293945,16.219999313354492,16.239999771118164,14.843379020690918,2599400
2017-12-21,NWSA,16.270000457763672,16.5,16.170000076293945,16.34000015258789,14.93478012084961,2069500
2017-12-21,NWSA,16.270000457763672,16.5,16.170000076293945,16.34000015258789,14.93478012084961,2069500
2017-12-22,NWSA,16.31999969482422,16.450000762939453,16.309999465942383,16.420000076293945,15.007899284362791,2790100
2017-12-22,NWSA,16.31999969482422,16.450000762939453,16.309999465942383,16.420000076293945,15.007899284362791,2790100
2017-12-26,NWSA,16.420000076293945,16.479999542236328,16.299999237060547,16.309999465942383,14.90736198425293,669400
2017-12-26,NWSA,16.420000076293945,16.479999542236328,16.299999237060547,16.309999465942383,14.90736198425293,669400
2017-12-27,NWSA,16.34000015258789,16.3799991607666,16.209999084472656,16.25,14.852521896362305,1312600
2017-12-27,NWSA,16.34000015258789,16.3799991607666,16.209999084472656,16.25,14.852521896362305,1312600
2017-12-28,NWSA,16.280000686645508,16.34000015258789,16.170000076293945,16.329999923706055,14.925639152526855,1133500
2017-12-28,NWSA,16.280000686645508,16.34000015258789,16.170000076293945,16.329999923706055,14.925639152526855,1133500
2017-12-29,NWSA,16.34000015258789,16.3799991607666,16.209999084472656,16.209999084472656,14.815958023071287,1380400
2017-12-29,NWSA,16.34000015258789,16.3799991607666,16.209999084472656,16.209999084472656,14.815958023071287,1380400
2018-01-02,NWSA,16.299999237060547,16.450000762939453,16.229999542236328,16.43000030517578,15.01703929901123,2475000
2018-01-02,NWSA,16.299999237060547,16.450000762939453,16.229999542236328,16.43000030517578,15.01703929901123,2475000
2018-01-03,NWSA,16.450000762939453,16.530000686645508,16.40999984741211,16.489999771118164,15.071882247924805,2816600
2018-01-03,NWSA,16.450000762939453,16.530000686645508,16.40999984741211,16.489999771118164,15.071882247924805,2816600
2018-01-04,NWSA,16.540000915527344,16.690000534057617,16.510000228881836,16.59000015258789,15.163278579711914,2343200
2018-01-04,NWSA,16.540000915527344,16.690000534057617,16.510000228881836,16.59000015258789,15.163278579711914,2343200
2018-01-05,NWSA,16.889999389648438,17.100000381469727,16.520000457763672,16.799999237060547,15.355222702026367,1798400
2018-01-05,NWSA,16.889999389648438,17.100000381469727,16.520000457763672,16.799999237060547,15.355222702026367,1798400
2018-01-08,NWSA,16.799999237060547,16.850000381469727,16.670000076293945,16.829999923706055,15.382643699645996,3595500
2018-01-08,NWSA,16.799999237060547,16.850000381469727,16.670000076293945,16.829999923706055,15.382643699645996,3595500
2018-01-09,NWSA,16.860000610351562,16.969999313354492,16.790000915527344,16.8799991607666,15.42834186553955,2128200
2018-01-09,NWSA,16.860000610351562,16.969999313354492,16.790000915527344,16.8799991607666,15.42834186553955,2128200
2018-01-10,NWSA,16.850000381469727,16.899999618530273,16.770000457763672,16.850000381469727,15.400920867919922,2523800
2018-01-10,NWSA,16.850000381469727,16.899999618530273,16.770000457763672,16.850000381469727,15.400920867919922,2523800
2018-01-11,NWSA,16.8700008392334,17.219999313354492,16.8700008392334,17.079999923706055,15.611139297485352,3338200
2018-01-11,NWSA,16.8700008392334,17.219999313354492,16.8700008392334,17.079999923706055,15.611139297485352,3338200
2018-01-12,NWSA,17.110000610351562,17.18000030517578,16.979999542236328,17.149999618530273,15.67512321472168,1864900
2018-01-12,NWSA,17.110000610351562,17.18000030517578,16.979999542236328,17.149999618530273,15.67512321472168,1864900
2018-01-16,NWSA,17.200000762939453,17.260000228881836,16.940000534057617,16.969999313354492,15.51060390472412,1854100
2018-01-16,NWSA,17.200000762939453,17.260000228881836,16.940000534057617,16.969999313354492,15.51060390472412,1854100
2018-01-17,NWSA,16.969999313354492,17.290000915527344,16.940000534057617,17.209999084472656,15.729962348937988,1902100
2018-01-17,NWSA,16.969999313354492,17.290000915527344,16.940000534057617,17.209999084472656,15.729962348937988,1902100
2018-01-18,NWSA,17.18000030517578,17.229999542236328,17.0,17.010000228881836,15.547161102294922,2863900
2018-01-18,NWSA,17.18000030517578,17.229999542236328,17.0,17.010000228881836,15.547161102294922,2863900
2018-01-19,NWSA,17.079999923706055,17.280000686645508,16.969999313354492,17.219999313354492,15.739105224609377,4544100
2018-01-19,NWSA,17.079999923706055,17.280000686645508,16.969999313354492,17.219999313354492,15.739105224609377,4544100
2018-01-22,NWSA,17.15999984741211,17.190000534057617,16.979999542236328,17.18000030517578,15.702540397644045,1733000
2018-01-22,NWSA,17.15999984741211,17.190000534057617,16.979999542236328,17.18000030517578,15.702540397644045,1733000
2018-01-23,NWSA,17.110000610351562,17.1200008392334,16.950000762939453,17.06999969482422,15.60200309753418,1519800
2018-01-23,NWSA,17.110000610351562,17.1200008392334,16.950000762939453,17.06999969482422,15.60200309753418,1519800
2018-01-24,NWSA,17.1200008392334,17.190000534057617,16.979999542236328,17.09000015258789,15.620283126831056,1711800
2018-01-24,NWSA,17.1200008392334,17.190000534057617,16.979999542236328,17.09000015258789,15.620283126831056,1711800
2018-01-25,NWSA,17.110000610351562,17.149999618530273,16.979999542236328,17.040000915527344,15.574584007263184,1250100
2018-01-25,NWSA,17.110000610351562,17.149999618530273,16.979999542236328,17.040000915527344,15.574584007263184,1250100
2018-01-26,NWSA,17.110000610351562,17.15999984741211,16.920000076293945,17.139999389648438,15.665982246398926,1314700
2018-01-26,NWSA,17.110000610351562,17.15999984741211,16.920000076293945,17.139999389648438,15.665982246398926,1314700
2018-01-29,NWSA,17.100000381469727,17.239999771118164,17.010000228881836,17.059999465942383,15.59286403656006,1280900
2018-01-29,NWSA,17.100000381469727,17.239999771118164,17.010000228881836,17.059999465942383,15.59286403656006,1280900
2018-01-30,NWSA,17.020000457763672,17.209999084472656,16.920000076293945,17.049999237060547,15.583721160888672,1991000
2018-01-30,NWSA,17.020000457763672,17.209999084472656,16.920000076293945,17.049999237060547,15.583721160888672,1991000
2018-01-31,NWSA,17.040000915527344,17.139999389648438,16.950000762939453,17.110000610351562,15.638564109802246,1710700
2018-01-31,NWSA,17.040000915527344,17.139999389648438,16.950000762939453,17.110000610351562,15.638564109802246,1710700
2018-02-01,NWSA,17.020000457763672,17.100000381469727,16.799999237060547,16.81999969482422,15.373499870300291,2126600
2018-02-01,NWSA,17.020000457763672,17.100000381469727,16.799999237060547,16.81999969482422,15.373499870300291,2126600
2018-02-02,NWSA,16.780000686645508,16.829999923706055,16.389999389648438,16.40999984741211,14.998761177062988,2367800
2018-02-02,NWSA,16.780000686645508,16.829999923706055,16.389999389648438,16.40999984741211,14.998761177062988,2367800
2018-02-05,NWSA,16.399999618530273,16.59000015258789,15.829999923706056,15.829999923706056,14.468640327453612,3209600
2018-02-05,NWSA,16.399999618530273,16.59000015258789,15.829999923706056,15.829999923706056,14.468640327453612,3209600
2018-02-06,NWSA,15.609999656677246,16.309999465942383,15.220000267028809,16.290000915527344,14.889081001281738,6201900
2018-02-06,NWSA,15.609999656677246,16.309999465942383,15.220000267028809,16.290000915527344,14.889081001281738,6201900
2018-02-07,NWSA,16.209999084472656,16.360000610351562,15.970000267028809,16.059999465942383,14.678860664367676,2698100
2018-02-07,NWSA,16.209999084472656,16.360000610351562,15.970000267028809,16.059999465942383,14.678860664367676,2698100
2018-02-08,NWSA,16.010000228881836,16.139999389648438,15.640000343322754,15.649999618530272,14.304118156433104,2564800
2018-02-08,NWSA,16.010000228881836,16.139999389648438,15.640000343322754,15.649999618530272,14.304118156433104,2564800
2018-02-09,NWSA,15.789999961853027,16.350000381469727,15.350000381469728,15.770000457763672,14.41380214691162,3827900
2018-02-09,NWSA,15.789999961853027,16.350000381469727,15.350000381469728,15.770000457763672,14.41380214691162,3827900
2018-02-12,NWSA,15.90999984741211,15.960000038146973,15.670000076293944,15.75,14.395522117614746,2714300
2018-02-12,NWSA,15.90999984741211,15.960000038146973,15.670000076293944,15.75,14.395522117614746,2714300
2018-02-13,NWSA,15.699999809265137,16.25,15.699999809265137,16.219999313354492,14.825101852416992,2672100
2018-02-13,NWSA,15.699999809265137,16.25,15.699999809265137,16.219999313354492,14.825101852416992,2672100
2018-02-14,NWSA,16.110000610351562,16.399999618530273,16.059999465942383,16.34000015258789,14.93478012084961,2778200
2018-02-14,NWSA,16.110000610351562,16.399999618530273,16.059999465942383,16.34000015258789,14.93478012084961,2778200
2018-02-15,NWSA,16.3700008392334,16.489999771118164,16.229999542236328,16.3700008392334,14.962200164794922,1884900
2018-02-15,NWSA,16.3700008392334,16.489999771118164,16.229999542236328,16.3700008392334,14.962200164794922,1884900
2018-02-16,NWSA,16.31999969482422,16.440000534057617,16.200000762939453,16.260000228881836,14.86166286468506,2258400
2018-02-16,NWSA,16.31999969482422,16.440000534057617,16.200000762939453,16.260000228881836,14.86166286468506,2258400
2018-02-20,NWSA,16.149999618530273,16.229999542236328,15.93000030517578,15.949999809265137,14.578319549560549,2015700
2018-02-20,NWSA,16.149999618530273,16.229999542236328,15.93000030517578,15.949999809265137,14.578319549560549,2015700
2018-02-21,NWSA,15.960000038146973,16.229999542236328,15.960000038146973,16.010000228881836,14.63316249847412,3429100
2018-02-21,NWSA,15.960000038146973,16.229999542236328,15.960000038146973,16.010000228881836,14.63316249847412,3429100
2018-02-22,NWSA,16.1200008392334,16.34000015258789,16.1200008392334,16.219999313354492,14.825101852416992,2407600
2018-02-22,NWSA,16.1200008392334,16.34000015258789,16.1200008392334,16.219999313354492,14.825101852416992,2407600
2018-02-23,NWSA,16.299999237060547,16.510000228881836,16.139999389648438,16.5,15.081021308898926,1737600
2018-02-23,NWSA,16.299999237060547,16.510000228881836,16.139999389648438,16.5,15.081021308898926,1737600
2018-02-26,NWSA,16.530000686645508,16.65999984741211,16.450000762939453,16.639999389648438,15.208983421325684,1084600
2018-02-26,NWSA,16.530000686645508,16.65999984741211,16.450000762939453,16.639999389648438,15.208983421325684,1084600
2018-02-27,NWSA,16.610000610351562,16.670000076293945,16.3700008392334,16.3799991607666,14.97134017944336,1359700
2018-02-27,NWSA,16.610000610351562,16.670000076293945,16.3700008392334,16.3799991607666,14.97134017944336,1359700
2018-02-28,NWSA,16.389999389648438,16.450000762939453,16.1200008392334,16.1299991607666,14.742841720581056,2055300
2018-02-28,NWSA,16.389999389648438,16.450000762939453,16.1200008392334,16.1299991607666,14.742841720581056,2055300
2018-03-01,NWSA,16.110000610351562,16.190000534057617,15.699999809265137,15.75,14.395522117614746,2916100
2018-03-01,NWSA,16.110000610351562,16.190000534057617,15.699999809265137,15.75,14.395522117614746,2916100
2018-03-02,NWSA,15.75,15.899999618530272,15.640000343322754,15.869999885559082,14.505200386047363,4372600
2018-03-02,NWSA,15.75,15.899999618530272,15.640000343322754,15.869999885559082,14.505200386047363,4372600
2018-03-05,NWSA,15.789999961853027,16.18000030517578,15.760000228881836,16.149999618530273,14.761120796203612,1831400
2018-03-05,NWSA,15.789999961853027,16.18000030517578,15.760000228881836,16.149999618530273,14.761120796203612,1831400
2018-03-06,NWSA,16.15999984741211,16.440000534057617,16.09000015258789,16.420000076293945,15.007899284362791,1961900
2018-03-06,NWSA,16.15999984741211,16.440000534057617,16.09000015258789,16.420000076293945,15.007899284362791,1961900
2018-03-07,NWSA,16.270000457763672,16.350000381469727,16.100000381469727,16.299999237060547,14.898219108581545,1819300
2018-03-07,NWSA,16.270000457763672,16.350000381469727,16.100000381469727,16.299999237060547,14.898219108581545,1819300
2018-03-08,NWSA,16.3700008392334,16.389999389648438,16.149999618530273,16.219999313354492,14.825101852416992,1075800
2018-03-08,NWSA,16.3700008392334,16.389999389648438,16.149999618530273,16.219999313354492,14.825101852416992,1075800
2018-03-09,NWSA,16.299999237060547,16.469999313354492,16.229999542236328,16.469999313354492,15.053601264953612,1245000
2018-03-09,NWSA,16.299999237060547,16.469999313354492,16.229999542236328,16.469999313354492,15.053601264953612,1245000
2018-03-12,NWSA,16.510000228881836,16.670000076293945,16.459999084472656,16.549999237060547,15.12671947479248,956500
2018-03-12,NWSA,16.510000228881836,16.670000076293945,16.459999084472656,16.549999237060547,15.12671947479248,956500
2018-03-13,NWSA,16.559999465942383,16.670000076293945,16.309999465942383,16.3700008392334,15.0531587600708,1025500
2018-03-13,NWSA,16.559999465942383,16.670000076293945,16.309999465942383,16.3700008392334,15.0531587600708,1025500
2018-03-14,NWSA,16.450000762939453,16.469999313354492,16.270000457763672,16.329999923706055,15.016376495361328,1461200
2018-03-14,NWSA,16.450000762939453,16.469999313354492,16.270000457763672,16.329999923706055,15.016376495361328,1461200
2018-03-15,NWSA,16.34000015258789,16.5,16.34000015258789,16.420000076293945,15.09913444519043,1464600
2018-03-15,NWSA,16.34000015258789,16.5,16.34000015258789,16.420000076293945,15.09913444519043,1464600
2018-03-16,NWSA,16.440000534057617,16.68000030517578,16.440000534057617,16.600000381469727,15.264655113220217,2281400
2018-03-16,NWSA,16.440000534057617,16.68000030517578,16.440000534057617,16.600000381469727,15.264655113220217,2281400
2018-03-19,NWSA,16.549999237060547,16.649999618530273,16.31999969482422,16.34000015258789,15.025574684143066,2723400
2018-03-19,NWSA,16.549999237060547,16.649999618530273,16.31999969482422,16.34000015258789,15.025574684143066,2723400
2018-03-20,NWSA,16.3700008392334,16.40999984741211,16.270000457763672,16.360000610351562,15.043962478637695,1672400
2018-03-20,NWSA,16.3700008392334,16.40999984741211,16.270000457763672,16.360000610351562,15.043962478637695,1672400
2018-03-21,NWSA,16.360000610351562,16.579999923706055,16.329999923706055,16.510000228881836,15.181893348693848,1560300
2018-03-21,NWSA,16.360000610351562,16.579999923706055,16.329999923706055,16.510000228881836,15.181893348693848,1560300
2018-03-22,NWSA,16.3799991607666,16.56999969482422,16.25,16.270000457763672,14.961200714111328,2142700
2018-03-22,NWSA,16.3799991607666,16.56999969482422,16.25,16.270000457763672,14.961200714111328,2142700
2018-03-23,NWSA,16.290000915527344,16.329999923706055,15.5600004196167,15.5600004196167,14.30831527709961,2208000
2018-03-23,NWSA,16.290000915527344,16.329999923706055,15.5600004196167,15.5600004196167,14.30831527709961,2208000
2018-03-26,NWSA,15.739999771118164,15.760000228881836,15.34000015258789,15.68000030517578,14.418661117553713,2485900
2018-03-26,NWSA,15.739999771118164,15.760000228881836,15.34000015258789,15.68000030517578,14.418661117553713,2485900
2018-03-27,NWSA,15.710000038146973,15.880000114440918,15.510000228881836,15.579999923706056,14.326705932617188,1557600
2018-03-27,NWSA,15.710000038146973,15.880000114440918,15.510000228881836,15.579999923706056,14.326705932617188,1557600
2018-03-28,NWSA,15.579999923706056,15.6899995803833,15.43000030517578,15.43000030517578,14.188772201538086,3200500
2018-03-28,NWSA,15.579999923706056,15.6899995803833,15.43000030517578,15.43000030517578,14.188772201538086,3200500
2018-03-29,NWSA,15.5600004196167,15.949999809265137,15.4399995803833,15.800000190734863,14.529009819030762,1930600
2018-03-29,NWSA,15.5600004196167,15.949999809265137,15.4399995803833,15.800000190734863,14.529009819030762,1930600
2018-04-02,NWSA,15.760000228881836,15.829999923706056,15.279999732971191,15.40999984741211,14.170380592346191,1884800
2018-04-02,NWSA,15.760000228881836,15.829999923706056,15.279999732971191,15.40999984741211,14.170380592346191,1884800
2018-04-03,NWSA,15.420000076293944,15.65999984741211,15.199999809265137,15.640000343322754,14.381880760192873,1978900
2018-04-03,NWSA,15.420000076293944,15.65999984741211,15.199999809265137,15.640000343322754,14.381880760192873,1978900
2018-04-04,NWSA,15.43000030517578,15.789999961853027,15.34000015258789,15.779999732971191,14.510618209838867,2055100
2018-04-04,NWSA,15.43000030517578,15.789999961853027,15.34000015258789,15.779999732971191,14.510618209838867,2055100
2018-04-05,NWSA,15.779999732971191,15.9399995803833,15.630000114440918,15.75,14.483030319213867,2166900
2018-04-05,NWSA,15.779999732971191,15.9399995803833,15.630000114440918,15.75,14.483030319213867,2166900
2018-04-06,NWSA,15.59000015258789,15.789999961853027,15.380000114440918,15.5,14.253141403198242,1306800
2018-04-06,NWSA,15.59000015258789,15.789999961853027,15.380000114440918,15.5,14.253141403198242,1306800
2018-04-09,NWSA,15.550000190734863,15.899999618530272,15.510000228881836,15.649999618530272,14.391077041625977,2584000
2018-04-09,NWSA,15.550000190734863,15.899999618530272,15.510000228881836,15.649999618530272,14.391077041625977,2584000
2018-04-10,NWSA,15.779999732971191,16.149999618530273,15.739999771118164,15.949999809265137,14.66694450378418,1651200
2018-04-10,NWSA,15.779999732971191,16.149999618530273,15.739999771118164,15.949999809265137,14.66694450378418,1651200
2018-04-11,NWSA,15.829999923706056,15.93000030517578,15.760000228881836,15.800000190734863,14.529009819030762,2031600
2018-04-11,NWSA,15.829999923706056,15.93000030517578,15.760000228881836,15.800000190734863,14.529009819030762,2031600
2018-04-12,NWSA,15.880000114440918,15.970000267028809,15.760000228881836,15.90999984741211,14.630162239074709,957100
2018-04-12,NWSA,15.880000114440918,15.970000267028809,15.760000228881836,15.90999984741211,14.630162239074709,957100
2018-04-13,NWSA,15.899999618530272,16.059999465942383,15.6899995803833,15.720000267028809,14.455443382263184,943300
2018-04-13,NWSA,15.899999618530272,16.059999465942383,15.6899995803833,15.720000267028809,14.455443382263184,943300
2018-04-16,NWSA,15.8100004196167,15.989999771118164,15.729999542236328,15.949999809265137,14.66694450378418,2730500
2018-04-16,NWSA,15.8100004196167,15.989999771118164,15.729999542236328,15.949999809265137,14.66694450378418,2730500
2018-04-17,NWSA,16.020000457763672,16.1299991607666,15.93000030517578,16.100000381469727,14.804877281188965,1472400
2018-04-17,NWSA,16.020000457763672,16.1299991607666,15.93000030517578,16.100000381469727,14.804877281188965,1472400
2018-04-18,NWSA,16.100000381469727,16.190000534057617,16.0,16.030000686645508,14.740509033203123,1515800
2018-04-18,NWSA,16.100000381469727,16.190000534057617,16.0,16.030000686645508,14.740509033203123,1515800
2018-04-19,NWSA,15.979999542236328,16.219999313354492,15.949999809265137,16.190000534057617,14.8876371383667,1550500
2018-04-19,NWSA,15.979999542236328,16.219999313354492,15.949999809265137,16.190000534057617,14.8876371383667,1550500
2018-04-20,NWSA,16.229999542236328,16.229999542236328,16.100000381469727,16.170000076293945,14.86924648284912,2417100
2018-04-20,NWSA,16.229999542236328,16.229999542236328,16.100000381469727,16.170000076293945,14.86924648284912,2417100
2018-04-23,NWSA,16.18000030517578,16.270000457763672,16.09000015258789,16.18000030517578,14.878439903259276,1107800
2018-04-23,NWSA,16.18000030517578,16.270000457763672,16.09000015258789,16.18000030517578,14.878439903259276,1107800
2018-04-24,NWSA,16.239999771118164,16.290000915527344,15.869999885559082,15.899999618530272,14.620965003967283,1173000
2018-04-24,NWSA,16.239999771118164,16.290000915527344,15.869999885559082,15.899999618530272,14.620965003967283,1173000
2018-04-25,NWSA,15.869999885559082,15.949999809265137,15.75,15.880000114440918,14.602575302124023,1094500
2018-04-25,NWSA,15.869999885559082,15.949999809265137,15.75,15.880000114440918,14.602575302124023,1094500
2018-04-26,NWSA,15.989999771118164,16.049999237060547,15.880000114440918,15.970000267028809,14.685333251953123,1101000
2018-04-26,NWSA,15.989999771118164,16.049999237060547,15.880000114440918,15.970000267028809,14.685333251953123,1101000
2018-04-27,NWSA,15.949999809265137,16.290000915527344,15.859999656677246,16.010000228881836,14.72211742401123,883200
2018-04-27,NWSA,15.949999809265137,16.290000915527344,15.859999656677246,16.010000228881836,14.72211742401123,883200
2018-04-30,NWSA,16.059999465942383,16.15999984741211,15.920000076293944,15.979999542236328,14.694527626037598,1387600
2018-04-30,NWSA,16.059999465942383,16.15999984741211,15.920000076293944,15.979999542236328,14.694527626037598,1387600
2018-05-01,NWSA,15.9399995803833,16.030000686645508,15.81999969482422,16.010000228881836,14.72211742401123,1874500
2018-05-01,NWSA,15.9399995803833,16.030000686645508,15.81999969482422,16.010000228881836,14.72211742401123,1874500
2018-05-02,NWSA,15.949999809265137,16.0,15.6899995803833,15.710000038146973,14.446249008178713,2250600
2018-05-02,NWSA,15.949999809265137,16.0,15.6899995803833,15.710000038146973,14.446249008178713,2250600
2018-05-03,NWSA,15.699999809265137,15.920000076293944,15.550000190734863,15.880000114440918,14.602575302124023,1368200
2018-05-03,NWSA,15.699999809265137,15.920000076293944,15.550000190734863,15.880000114440918,14.602575302124023,1368200
2018-05-04,NWSA,15.8100004196167,16.149999618530273,15.770000457763672,16.139999389648438,14.841657638549805,1236100
2018-05-04,NWSA,15.8100004196167,16.149999618530273,15.770000457763672,16.139999389648438,14.841657638549805,1236100
2018-05-07,NWSA,16.15999984741211,16.450000762939453,16.09000015258789,16.389999389648438,15.07154655456543,1493700
2018-05-07,NWSA,16.15999984741211,16.450000762939453,16.09000015258789,16.389999389648438,15.07154655456543,1493700
2018-05-08,NWSA,16.309999465942383,16.469999313354492,16.309999465942383,16.3700008392334,15.0531587600708,2328600
2018-05-08,NWSA,16.309999465942383,16.469999313354492,16.309999465942383,16.3700008392334,15.0531587600708,2328600
2018-05-09,NWSA,16.440000534057617,16.520000457763672,16.020000457763672,16.510000228881836,15.181893348693848,1688200
2018-05-09,NWSA,16.440000534057617,16.520000457763672,16.020000457763672,16.510000228881836,15.181893348693848,1688200
2018-05-10,NWSA,16.559999465942383,16.649999618530273,16.440000534057617,16.59000015258789,15.25545883178711,1979700
2018-05-10,NWSA,16.559999465942383,16.649999618530273,16.440000534057617,16.59000015258789,15.25545883178711,1979700
2018-05-11,NWSA,16.100000381469727,16.559999465942383,15.18000030517578,15.18000030517578,13.958885192871094,3252700
2018-05-11,NWSA,16.100000381469727,16.559999465942383,15.18000030517578,15.18000030517578,13.958885192871094,3252700
2018-05-14,NWSA,15.43000030517578,15.93000030517578,15.40999984741211,15.81999969482422,14.547399520874023,4637800
2018-05-14,NWSA,15.43000030517578,15.93000030517578,15.40999984741211,15.81999969482422,14.547399520874023,4637800
2018-05-15,NWSA,15.779999732971191,15.869999885559082,15.600000381469728,15.789999961853027,14.519813537597656,2364100
2018-05-15,NWSA,15.779999732971191,15.869999885559082,15.600000381469728,15.789999961853027,14.519813537597656,2364100
2018-05-16,NWSA,15.800000190734863,15.989999771118164,15.6899995803833,15.890000343322754,14.611769676208496,1996400
2018-05-16,NWSA,15.800000190734863,15.989999771118164,15.6899995803833,15.890000343322754,14.611769676208496,1996400
2018-05-17,NWSA,15.859999656677246,15.9399995803833,15.699999809265137,15.739999771118164,14.473834991455078,2517800
2018-05-17,NWSA,15.859999656677246,15.9399995803833,15.699999809265137,15.739999771118164,14.473834991455078,2517800
2018-05-18,NWSA,15.68000030517578,15.739999771118164,15.59000015258789,15.630000114440918,14.372684478759766,2746100
2018-05-18,NWSA,15.68000030517578,15.739999771118164,15.59000015258789,15.630000114440918,14.372684478759766,2746100
2018-05-21,NWSA,15.670000076293944,15.789999961853027,15.579999923706056,15.699999809265137,14.437053680419922,1570600
2018-05-21,NWSA,15.670000076293944,15.789999961853027,15.579999923706056,15.699999809265137,14.437053680419922,1570600
2018-05-22,NWSA,15.699999809265137,15.800000190734863,15.59000015258789,15.609999656677246,14.354293823242188,1430100
2018-05-22,NWSA,15.699999809265137,15.800000190734863,15.59000015258789,15.609999656677246,14.354293823242188,1430100
2018-05-23,NWSA,15.520000457763672,15.56999969482422,15.399999618530272,15.479999542236328,14.23475170135498,1275900
2018-05-23,NWSA,15.520000457763672,15.56999969482422,15.399999618530272,15.479999542236328,14.23475170135498,1275900
2018-05-24,NWSA,15.449999809265137,15.56999969482422,15.399999618530272,15.520000457763672,14.27153491973877,1577000
2018-05-24,NWSA,15.449999809265137,15.56999969482422,15.399999618530272,15.520000457763672,14.27153491973877,1577000
2018-05-25,NWSA,15.489999771118164,15.619999885559082,15.460000038146973,15.579999923706056,14.326705932617188,1269600
2018-05-25,NWSA,15.489999771118164,15.619999885559082,15.460000038146973,15.579999923706056,14.326705932617188,1269600
2018-05-29,NWSA,15.460000038146973,15.619999885559082,15.029999732971191,15.079999923706056,13.866928100585938,2067200
2018-05-29,NWSA,15.460000038146973,15.619999885559082,15.029999732971191,15.079999923706056,13.866928100585938,2067200
2018-05-30,NWSA,15.170000076293944,15.460000038146973,15.170000076293944,15.399999618530272,14.16118621826172,1667500
2018-05-30,NWSA,15.170000076293944,15.460000038146973,15.170000076293944,15.399999618530272,14.16118621826172,1667500
2018-05-31,NWSA,15.390000343322754,15.43000030517578,14.970000267028809,15.029999732971191,13.820950508117676,2912600
2018-05-31,NWSA,15.390000343322754,15.43000030517578,14.970000267028809,15.029999732971191,13.820950508117676,2912600
2018-06-01,NWSA,15.140000343322754,15.260000228881836,15.09000015258789,15.210000038146973,13.986470222473145,2238400
2018-06-01,NWSA,15.140000343322754,15.260000228881836,15.09000015258789,15.210000038146973,13.986470222473145,2238400
2018-06-04,NWSA,15.300000190734863,15.350000381469728,15.220000267028809,15.289999961853027,14.060033798217772,1478800
2018-06-04,NWSA,15.300000190734863,15.350000381469728,15.220000267028809,15.289999961853027,14.060033798217772,1478800
2018-06-05,NWSA,15.260000228881836,15.649999618530272,15.260000228881836,15.619999885559082,14.363489151000977,1727100
2018-06-05,NWSA,15.260000228881836,15.649999618530272,15.260000228881836,15.619999885559082,14.363489151000977,1727100
2018-06-06,NWSA,15.640000343322754,15.779999732971191,15.539999961853027,15.699999809265137,14.437053680419922,1577500
2018-06-06,NWSA,15.640000343322754,15.779999732971191,15.539999961853027,15.699999809265137,14.437053680419922,1577500
2018-06-07,NWSA,15.720000267028809,15.789999961853027,15.609999656677246,15.65999984741211,14.400273323059082,1539400
2018-06-07,NWSA,15.720000267028809,15.789999961853027,15.609999656677246,15.65999984741211,14.400273323059082,1539400
2018-06-08,NWSA,15.670000076293944,15.859999656677246,15.630000114440918,15.81999969482422,14.547399520874023,1513800
2018-06-08,NWSA,15.670000076293944,15.859999656677246,15.630000114440918,15.81999969482422,14.547399520874023,1513800
2018-06-11,NWSA,15.789999961853027,15.920000076293944,15.739999771118164,15.869999885559082,14.593379020690918,902500
2018-06-11,NWSA,15.789999961853027,15.920000076293944,15.739999771118164,15.869999885559082,14.593379020690918,902500
2018-06-12,NWSA,15.920000076293944,16.049999237060547,15.859999656677246,16.0,14.712920188903809,1137600
2018-06-12,NWSA,15.920000076293944,16.049999237060547,15.859999656677246,16.0,14.712920188903809,1137600
2018-06-13,NWSA,16.049999237060547,16.350000381469727,15.84000015258789,15.850000381469728,14.574986457824709,2326700
2018-06-13,NWSA,16.049999237060547,16.350000381469727,15.84000015258789,15.850000381469728,14.574986457824709,2326700
2018-06-14,NWSA,15.970000267028809,16.049999237060547,15.81999969482422,16.020000457763672,14.731310844421388,2124400
2018-06-14,NWSA,15.970000267028809,16.049999237060547,15.81999969482422,16.020000457763672,14.731310844421388,2124400
2018-06-15,NWSA,15.989999771118164,16.09000015258789,15.779999732971191,15.979999542236328,14.694527626037598,3337100
2018-06-15,NWSA,15.989999771118164,16.09000015258789,15.779999732971191,15.979999542236328,14.694527626037598,3337100
2018-06-18,NWSA,15.899999618530272,16.079999923706055,15.829999923706056,16.059999465942383,14.76809310913086,1922900
2018-06-18,NWSA,15.899999618530272,16.079999923706055,15.829999923706056,16.059999465942383,14.76809310913086,1922900
2018-06-19,NWSA,15.920000076293944,16.010000228881836,15.880000114440918,15.949999809265137,14.66694450378418,1516700
2018-06-19,NWSA,15.920000076293944,16.010000228881836,15.880000114440918,15.949999809265137,14.66694450378418,1516700
2018-06-20,NWSA,16.020000457763672,16.110000610351562,15.859999656677246,16.010000228881836,14.72211742401123,1407500
2018-06-20,NWSA,16.020000457763672,16.110000610351562,15.859999656677246,16.010000228881836,14.72211742401123,1407500
2018-06-21,NWSA,15.979999542236328,15.979999542236328,15.729999542236328,15.789999961853027,14.519813537597656,1848400
2018-06-21,NWSA,15.979999542236328,15.979999542236328,15.729999542236328,15.789999961853027,14.519813537597656,1848400
2018-06-22,NWSA,15.880000114440918,15.899999618530272,15.81999969482422,15.81999969482422,14.547399520874023,1954300
2018-06-22,NWSA,15.880000114440918,15.899999618530272,15.81999969482422,15.81999969482422,14.547399520874023,1954300
2018-06-25,NWSA,15.8100004196167,15.880000114440918,15.470000267028809,15.539999961853027,14.289923667907717,2091500
2018-06-25,NWSA,15.8100004196167,15.880000114440918,15.470000267028809,15.539999961853027,14.289923667907717,2091500
2018-06-26,NWSA,15.579999923706056,15.59000015258789,15.350000381469728,15.520000457763672,14.27153491973877,1961200
2018-06-26,NWSA,15.579999923706056,15.59000015258789,15.350000381469728,15.520000457763672,14.27153491973877,1961200
2018-06-27,NWSA,15.520000457763672,15.729999542236328,15.43000030517578,15.4399995803833,14.197969436645508,1777200
2018-06-27,NWSA,15.520000457763672,15.729999542236328,15.43000030517578,15.4399995803833,14.197969436645508,1777200
2018-06-28,NWSA,15.489999771118164,15.59000015258789,15.380000114440918,15.529999732971191,14.280729293823242,1260100
2018-06-28,NWSA,15.489999771118164,15.59000015258789,15.380000114440918,15.529999732971191,14.280729293823242,1260100
2018-06-29,NWSA,15.529999732971191,15.720000267028809,15.479999542236328,15.5,14.253141403198242,1886300
2018-06-29,NWSA,15.529999732971191,15.720000267028809,15.479999542236328,15.5,14.253141403198242,1886300
2018-07-02,NWSA,15.4399995803833,15.479999542236328,15.0600004196167,15.149999618530272,13.931296348571776,2719100
2018-07-02,NWSA,15.4399995803833,15.479999542236328,15.0600004196167,15.149999618530272,13.931296348571776,2719100
2018-07-03,NWSA,15.239999771118164,15.359999656677246,15.220000267028809,15.279999732971191,14.050838470458984,1116000
2018-07-03,NWSA,15.239999771118164,15.359999656677246,15.220000267028809,15.279999732971191,14.050838470458984,1116000
2018-07-05,NWSA,15.329999923706056,15.329999923706056,15.100000381469728,15.279999732971191,14.050838470458984,1325900
2018-07-05,NWSA,15.329999923706056,15.329999923706056,15.100000381469728,15.279999732971191,14.050838470458984,1325900
2018-07-06,NWSA,15.34000015258789,15.489999771118164,15.229999542236328,15.399999618530272,14.16118621826172,1724500
2018-07-06,NWSA,15.34000015258789,15.489999771118164,15.229999542236328,15.399999618530272,14.16118621826172,1724500
2018-07-09,NWSA,15.4399995803833,15.529999732971191,15.380000114440918,15.5,14.253141403198242,1912500
2018-07-09,NWSA,15.4399995803833,15.529999732971191,15.380000114440918,15.5,14.253141403198242,1912500
2018-07-10,NWSA,15.539999961853027,15.8100004196167,15.420000076293944,15.770000457763672,14.501421928405762,2166200
2018-07-10,NWSA,15.539999961853027,15.8100004196167,15.420000076293944,15.770000457763672,14.501421928405762,2166200
2018-07-11,NWSA,15.649999618530272,15.68000030517578,15.529999732971191,15.550000190734863,14.299118995666504,1139300
2018-07-11,NWSA,15.649999618530272,15.68000030517578,15.529999732971191,15.550000190734863,14.299118995666504,1139300
2018-07-12,NWSA,15.619999885559082,15.65999984741211,15.449999809265137,15.5600004196167,14.30831527709961,1976400
2018-07-12,NWSA,15.619999885559082,15.65999984741211,15.449999809265137,15.5600004196167,14.30831527709961,1976400
2018-07-13,NWSA,15.579999923706056,15.65999984741211,15.5600004196167,15.59000015258789,14.335901260375977,1013400
2018-07-13,NWSA,15.579999923706056,15.65999984741211,15.5600004196167,15.59000015258789,14.335901260375977,1013400
2018-07-16,NWSA,15.609999656677246,15.630000114440918,15.380000114440918,15.40999984741211,14.170380592346191,1336400
2018-07-16,NWSA,15.609999656677246,15.630000114440918,15.380000114440918,15.40999984741211,14.170380592346191,1336400
2018-07-17,NWSA,15.420000076293944,15.449999809265137,15.329999923706056,15.380000114440918,14.142793655395508,1929900
2018-07-17,NWSA,15.420000076293944,15.449999809265137,15.329999923706056,15.380000114440918,14.142793655395508,1929900
2018-07-18,NWSA,15.350000381469728,15.630000114440918,15.300000190734863,15.550000190734863,14.299118995666504,1893800
2018-07-18,NWSA,15.350000381469728,15.630000114440918,15.300000190734863,15.550000190734863,14.299118995666504,1893800
2018-07-19,NWSA,15.470000267028809,15.65999984741211,15.449999809265137,15.489999771118164,14.24394702911377,2064300
2018-07-19,NWSA,15.470000267028809,15.65999984741211,15.449999809265137,15.489999771118164,14.24394702911377,2064300
2018-07-20,NWSA,15.489999771118164,15.520000457763672,15.270000457763672,15.279999732971191,14.050838470458984,1497900
2018-07-20,NWSA,15.489999771118164,15.520000457763672,15.270000457763672,15.279999732971191,14.050838470458984,1497900
2018-07-23,NWSA,15.3100004196167,15.5,15.239999771118164,15.270000457763672,14.041644096374512,1387100
2018-07-23,NWSA,15.3100004196167,15.5,15.239999771118164,15.270000457763672,14.041644096374512,1387100
2018-07-24,NWSA,15.15999984741211,15.40999984741211,15.0,15.050000190734863,13.839340209960938,1132700
2018-07-24,NWSA,15.15999984741211,15.40999984741211,15.0,15.050000190734863,13.839340209960938,1132700
2018-07-25,NWSA,15.020000457763672,15.199999809265137,14.989999771118164,15.170000076293944,13.949687957763672,1286900
2018-07-25,NWSA,15.020000457763672,15.199999809265137,14.989999771118164,15.170000076293944,13.949687957763672,1286900
2018-07-26,NWSA,15.1899995803833,15.300000190734863,15.029999732971191,15.09000015258789,13.876123428344728,1591000
2018-07-26,NWSA,15.1899995803833,15.300000190734863,15.029999732971191,15.09000015258789,13.876123428344728,1591000
2018-07-27,NWSA,15.140000343322754,15.18000030517578,14.850000381469728,14.890000343322754,13.69221305847168,1455200
2018-07-27,NWSA,15.140000343322754,15.18000030517578,14.850000381469728,14.890000343322754,13.69221305847168,1455200
2018-07-30,NWSA,14.890000343322754,15.050000190734863,14.789999961853027,14.949999809265137,13.74738597869873,1661200
2018-07-30,NWSA,14.890000343322754,15.050000190734863,14.789999961853027,14.949999809265137,13.74738597869873,1661200
2018-07-31,NWSA,15.020000457763672,15.130000114440918,14.899999618530272,15.06999969482422,13.857730865478516,2125300
2018-07-31,NWSA,15.020000457763672,15.130000114440918,14.899999618530272,15.06999969482422,13.857730865478516,2125300
2018-08-01,NWSA,14.989999771118164,15.100000381469728,14.949999809265137,15.06999969482422,13.857730865478516,2158600
2018-08-01,NWSA,14.989999771118164,15.100000381469728,14.949999809265137,15.06999969482422,13.857730865478516,2158600
2018-08-02,NWSA,14.989999771118164,15.039999961853027,14.899999618530272,15.010000228881836,13.802559852600098,1234500
2018-08-02,NWSA,14.989999771118164,15.039999961853027,14.899999618530272,15.010000228881836,13.802559852600098,1234500
2018-08-03,NWSA,15.050000190734863,15.100000381469728,14.93000030517578,15.079999923706056,13.866928100585938,1288100
2018-08-03,NWSA,15.050000190734863,15.100000381469728,14.93000030517578,15.079999923706056,13.866928100585938,1288100
2018-08-06,NWSA,15.050000190734863,15.229999542236328,15.020000457763672,15.119999885559082,13.903709411621094,1736300
2018-08-06,NWSA,15.050000190734863,15.229999542236328,15.020000457763672,15.119999885559082,13.903709411621094,1736300
2018-08-07,NWSA,15.119999885559082,15.210000038146973,14.989999771118164,15.140000343322754,13.922100067138672,1443600
2018-08-07,NWSA,15.119999885559082,15.210000038146973,14.989999771118164,15.140000343322754,13.922100067138672,1443600
2018-08-08,NWSA,15.149999618530272,15.1899995803833,14.979999542236328,15.140000343322754,13.922100067138672,1715900
2018-08-08,NWSA,15.149999618530272,15.1899995803833,14.979999542236328,15.140000343322754,13.922100067138672,1715900
2018-08-09,NWSA,15.170000076293944,15.4399995803833,15.039999961853027,15.260000228881836,14.032447814941406,3182900
2018-08-09,NWSA,15.170000076293944,15.4399995803833,15.039999961853027,15.260000228881836,14.032447814941406,3182900
2018-08-10,NWSA,15.170000076293944,15.170000076293944,13.0,13.199999809265137,12.138158798217772,5990400
2018-08-10,NWSA,15.170000076293944,15.170000076293944,13.0,13.199999809265137,12.138158798217772,5990400
2018-08-13,NWSA,13.399999618530272,13.789999961853027,13.329999923706056,13.579999923706056,12.487590789794922,5979300
2018-08-13,NWSA,13.399999618530272,13.789999961853027,13.329999923706056,13.579999923706056,12.487590789794922,5979300
2018-08-14,NWSA,13.699999809265137,13.949999809265137,13.510000228881836,13.6899995803833,12.588743209838867,4395700
2018-08-14,NWSA,13.699999809265137,13.949999809265137,13.510000228881836,13.6899995803833,12.588743209838867,4395700
2018-08-15,NWSA,13.59000015258789,13.699999809265137,13.489999771118164,13.670000076293944,12.570351600646973,4709900
2018-08-15,NWSA,13.59000015258789,13.699999809265137,13.489999771118164,13.670000076293944,12.570351600646973,4709900
2018-08-16,NWSA,13.670000076293944,13.989999771118164,13.5600004196167,13.899999618530272,12.78184986114502,4227500
2018-08-16,NWSA,13.670000076293944,13.989999771118164,13.5600004196167,13.899999618530272,12.78184986114502,4227500
2018-08-17,NWSA,13.859999656677246,13.970000267028809,13.720000267028809,13.899999618530272,12.78184986114502,3435800
2018-08-17,NWSA,13.859999656677246,13.970000267028809,13.720000267028809,13.899999618530272,12.78184986114502,3435800
2018-08-20,NWSA,13.380000114440918,13.710000038146973,13.270000457763672,13.56999969482422,12.47839641571045,4740600
2018-08-20,NWSA,13.380000114440918,13.710000038146973,13.270000457763672,13.56999969482422,12.47839641571045,4740600
2018-08-21,NWSA,13.579999923706056,13.640000343322754,13.390000343322754,13.56999969482422,12.47839641571045,4421500
2018-08-21,NWSA,13.579999923706056,13.640000343322754,13.390000343322754,13.56999969482422,12.47839641571045,4421500
2018-08-22,NWSA,13.59000015258789,13.75,13.520000457763672,13.649999618530272,12.551959991455078,2518300
2018-08-22,NWSA,13.59000015258789,13.75,13.520000457763672,13.649999618530272,12.551959991455078,2518300
2018-08-23,NWSA,13.56999969482422,13.649999618530272,13.350000381469728,13.40999984741211,12.331266403198242,2437900
2018-08-23,NWSA,13.56999969482422,13.649999618530272,13.350000381469728,13.40999984741211,12.331266403198242,2437900
2018-08-24,NWSA,13.43000030517578,13.5600004196167,13.270000457763672,13.399999618530272,12.32207202911377,3671100
2018-08-24,NWSA,13.43000030517578,13.5600004196167,13.270000457763672,13.399999618530272,12.32207202911377,3671100
2018-08-27,NWSA,13.399999618530272,13.5,13.170000076293944,13.25,12.184137344360352,3037000
2018-08-27,NWSA,13.399999618530272,13.5,13.170000076293944,13.25,12.184137344360352,3037000
2018-08-28,NWSA,13.25,13.350000381469728,13.15999984741211,13.210000038146973,12.14735507965088,2180500
2018-08-28,NWSA,13.25,13.350000381469728,13.15999984741211,13.210000038146973,12.14735507965088,2180500
2018-08-29,NWSA,13.350000381469728,13.5,13.279999732971191,13.34000015258789,12.266898155212402,2753400
2018-08-29,NWSA,13.350000381469728,13.5,13.279999732971191,13.34000015258789,12.266898155212402,2753400
2018-08-30,NWSA,13.329999923706056,13.4399995803833,13.18000030517578,13.220000267028809,12.156550407409668,2144800
2018-08-30,NWSA,13.329999923706056,13.4399995803833,13.18000030517578,13.220000267028809,12.156550407409668,2144800
2018-08-31,NWSA,13.170000076293944,13.199999809265137,13.0,13.06999969482422,12.01861572265625,3342100
2018-08-31,NWSA,13.170000076293944,13.199999809265137,13.0,13.06999969482422,12.01861572265625,3342100
2018-09-04,NWSA,13.3100004196167,13.3100004196167,12.890000343322754,12.920000076293944,11.88068389892578,2744800
2018-09-04,NWSA,13.3100004196167,13.3100004196167,12.890000343322754,12.920000076293944,11.88068389892578,2744800
2018-09-05,NWSA,12.880000114440918,13.020000457763672,12.770000457763672,12.880000114440918,11.843902587890623,4090900
2018-09-05,NWSA,12.880000114440918,13.020000457763672,12.770000457763672,12.880000114440918,11.843902587890623,4090900
2018-09-06,NWSA,12.880000114440918,12.979999542236328,12.619999885559082,12.699999809265137,11.678380966186523,4415200
2018-09-06,NWSA,12.880000114440918,12.979999542236328,12.619999885559082,12.699999809265137,11.678380966186523,4415200
2018-09-07,NWSA,12.619999885559082,12.779999732971191,12.43000030517578,12.65999984741211,11.641597747802734,2617100
2018-09-07,NWSA,12.619999885559082,12.779999732971191,12.43000030517578,12.65999984741211,11.641597747802734,2617100
2018-09-10,NWSA,12.699999809265137,12.75,12.520000457763672,12.619999885559082,11.604816436767578,3080800
2018-09-10,NWSA,12.699999809265137,12.75,12.520000457763672,12.619999885559082,11.604816436767578,3080800
2018-09-11,NWSA,12.539999961853027,12.59000015258789,12.329999923706056,12.529999732971191,11.61408519744873,3195200
2018-09-11,NWSA,12.539999961853027,12.59000015258789,12.329999923706056,12.529999732971191,11.61408519744873,3195200
2018-09-12,NWSA,12.489999771118164,12.609999656677246,12.34000015258789,12.359999656677246,11.456510543823242,3030700
2018-09-12,NWSA,12.489999771118164,12.609999656677246,12.34000015258789,12.359999656677246,11.456510543823242,3030700
2018-09-13,NWSA,12.390000343322754,12.600000381469728,12.390000343322754,12.5,11.586278915405272,1953000
2018-09-13,NWSA,12.390000343322754,12.600000381469728,12.390000343322754,12.5,11.586278915405272,1953000
2018-09-14,NWSA,12.529999732971191,12.619999885559082,12.329999923706056,12.4399995803833,11.53066349029541,2412800
2018-09-14,NWSA,12.529999732971191,12.619999885559082,12.329999923706056,12.4399995803833,11.53066349029541,2412800
2018-09-17,NWSA,12.539999961853027,12.539999961853027,12.270000457763672,12.270000457763672,11.373092651367188,2056400
2018-09-17,NWSA,12.539999961853027,12.539999961853027,12.270000457763672,12.270000457763672,11.373092651367188,2056400
2018-09-18,NWSA,12.329999923706056,12.510000228881836,12.239999771118164,12.420000076293944,11.512125015258787,5667400
2018-09-18,NWSA,12.329999923706056,12.510000228881836,12.239999771118164,12.420000076293944,11.512125015258787,5667400
2018-09-19,NWSA,12.449999809265137,12.649999618530272,12.420000076293944,12.520000457763672,11.604818344116213,2533300
2018-09-19,NWSA,12.449999809265137,12.649999618530272,12.420000076293944,12.520000457763672,11.604818344116213,2533300
2018-09-20,NWSA,12.539999961853027,12.649999618530272,12.43000030517578,12.619999885559082,11.69750690460205,2988300
2018-09-20,NWSA,12.539999961853027,12.649999618530272,12.43000030517578,12.619999885559082,11.69750690460205,2988300
2018-09-21,NWSA,12.649999618530272,12.8100004196167,12.510000228881836,12.8100004196167,11.873618125915527,8676600
2018-09-21,NWSA,12.649999618530272,12.8100004196167,12.510000228881836,12.8100004196167,11.873618125915527,8676600
2018-09-24,NWSA,12.699999809265137,12.84000015258789,12.630000114440918,12.75,11.81800365447998,3589400
2018-09-24,NWSA,12.699999809265137,12.84000015258789,12.630000114440918,12.75,11.81800365447998,3589400
2018-09-25,NWSA,12.760000228881836,12.9399995803833,12.720000267028809,12.90999984741211,11.96630859375,3377900
2018-09-25,NWSA,12.760000228881836,12.9399995803833,12.720000267028809,12.90999984741211,11.96630859375,3377900
2018-09-26,NWSA,12.880000114440918,12.960000038146973,12.75,12.850000381469728,11.910696029663086,3863700
2018-09-26,NWSA,12.880000114440918,12.960000038146973,12.75,12.850000381469728,11.910696029663086,3863700
2018-09-27,NWSA,13.0600004196167,13.079999923706056,12.760000228881836,12.880000114440918,11.938501358032228,8924700
2018-09-27,NWSA,13.0600004196167,13.079999923706056,12.760000228881836,12.880000114440918,11.938501358032228,8924700
2018-09-28,NWSA,12.850000381469728,13.220000267028809,12.779999732971191,13.1899995803833,12.225839614868164,6623900
2018-09-28,NWSA,12.850000381469728,13.220000267028809,12.779999732971191,13.1899995803833,12.225839614868164,6623900
2018-10-01,NWSA,13.220000267028809,13.300000190734863,13.0,13.100000381469728,12.14241886138916,4504800
2018-10-01,NWSA,13.220000267028809,13.300000190734863,13.0,13.100000381469728,12.14241886138916,4504800
2018-10-02,NWSA,13.100000381469728,13.149999618530272,13.010000228881836,13.06999969482422,12.114612579345703,3415100
2018-10-02,NWSA,13.100000381469728,13.149999618530272,13.010000228881836,13.06999969482422,12.114612579345703,3415100
2018-10-03,NWSA,13.109999656677246,13.40999984741211,13.0,13.380000114440918,12.40195369720459,8764400
2018-10-03,NWSA,13.109999656677246,13.40999984741211,13.0,13.380000114440918,12.40195369720459,8764400
2018-10-04,NWSA,13.3100004196167,13.390000343322754,13.199999809265137,13.329999923706056,12.355607986450195,6250400
2018-10-04,NWSA,13.3100004196167,13.390000343322754,13.199999809265137,13.329999923706056,12.355607986450195,6250400
2018-10-05,NWSA,13.460000038146973,13.5,13.229999542236328,13.289999961853027,12.318531036376951,5127000
2018-10-05,NWSA,13.460000038146973,13.5,13.229999542236328,13.289999961853027,12.318531036376951,5127000
2018-10-08,NWSA,13.239999771118164,13.329999923706056,13.140000343322754,13.31999969482422,12.346338272094728,2361800
2018-10-08,NWSA,13.239999771118164,13.329999923706056,13.140000343322754,13.31999969482422,12.346338272094728,2361800
2018-10-09,NWSA,13.489999771118164,13.520000457763672,13.260000228881836,13.479999542236328,12.49464225769043,5855900
2018-10-09,NWSA,13.489999771118164,13.520000457763672,13.260000228881836,13.479999542236328,12.49464225769043,5855900
2018-10-10,NWSA,13.359999656677246,13.4399995803833,12.760000228881836,12.770000457763672,11.836542129516602,5587700
2018-10-10,NWSA,13.359999656677246,13.4399995803833,12.760000228881836,12.770000457763672,11.836542129516602,5587700
2018-10-11,NWSA,12.75,12.829999923706056,12.600000381469728,12.699999809265137,11.771657943725586,8657800
2018-10-11,NWSA,12.75,12.829999923706056,12.600000381469728,12.699999809265137,11.771657943725586,8657800
2018-10-12,NWSA,12.869999885559082,12.880000114440918,12.6899995803833,12.81999969482422,11.88288688659668,9594000
2018-10-12,NWSA,12.869999885559082,12.880000114440918,12.6899995803833,12.81999969482422,11.88288688659668,9594000
2018-10-15,NWSA,12.739999771118164,13.09000015258789,12.65999984741211,12.989999771118164,12.040461540222168,2062800
2018-10-15,NWSA,12.739999771118164,13.09000015258789,12.65999984741211,12.989999771118164,12.040461540222168,2062800
2018-10-16,NWSA,13.06999969482422,13.18000030517578,12.779999732971191,13.140000343322754,12.179494857788086,3384600
2018-10-16,NWSA,13.06999969482422,13.18000030517578,12.779999732971191,13.140000343322754,12.179494857788086,3384600
2018-10-17,NWSA,13.140000343322754,13.270000457763672,13.020000457763672,13.210000038146973,12.244379043579102,4082900
2018-10-17,NWSA,13.140000343322754,13.270000457763672,13.020000457763672,13.210000038146973,12.244379043579102,4082900
2018-10-18,NWSA,13.220000267028809,13.300000190734863,13.0600004196167,13.140000343322754,12.179494857788086,3213300
2018-10-18,NWSA,13.220000267028809,13.300000190734863,13.0600004196167,13.140000343322754,12.179494857788086,3213300
2018-10-19,NWSA,13.210000038146973,13.380000114440918,13.09000015258789,13.130000114440918,12.17022705078125,2794800
2018-10-19,NWSA,13.210000038146973,13.380000114440918,13.09000015258789,13.130000114440918,12.17022705078125,2794800
2018-10-22,NWSA,13.18000030517578,13.199999809265137,13.06999969482422,13.1899995803833,12.225839614868164,2750400
2018-10-22,NWSA,13.18000030517578,13.199999809265137,13.06999969482422,13.1899995803833,12.225839614868164,2750400
2018-10-23,NWSA,13.020000457763672,13.18000030517578,12.869999885559082,13.09000015258789,12.133151054382324,4079000
2018-10-23,NWSA,13.020000457763672,13.18000030517578,12.869999885559082,13.09000015258789,12.133151054382324,4079000
2018-10-24,NWSA,13.050000190734863,13.1899995803833,12.81999969482422,12.850000381469728,11.910696029663086,6921900
2018-10-24,NWSA,13.050000190734863,13.1899995803833,12.81999969482422,12.850000381469728,11.910696029663086,6921900
2018-10-25,NWSA,12.920000076293944,13.010000228881836,12.729999542236328,12.859999656677246,11.919963836669922,4822400
2018-10-25,NWSA,12.920000076293944,13.010000228881836,12.729999542236328,12.859999656677246,11.919963836669922,4822400
2018-10-26,NWSA,12.770000457763672,12.829999923706056,12.550000190734863,12.670000076293944,11.743851661682127,5926200
2018-10-26,NWSA,12.770000457763672,12.829999923706056,12.550000190734863,12.670000076293944,11.743851661682127,5926200
2018-10-29,NWSA,12.789999961853027,12.949999809265137,12.380000114440918,12.470000267028809,11.558472633361816,5166300
2018-10-29,NWSA,12.789999961853027,12.949999809265137,12.380000114440918,12.470000267028809,11.558472633361816,5166300
2018-10-30,NWSA,12.510000228881836,12.81999969482422,12.479999542236328,12.81999969482422,11.88288688659668,2854300
2018-10-30,NWSA,12.510000228881836,12.81999969482422,12.479999542236328,12.81999969482422,11.88288688659668,2854300
2018-10-31,NWSA,12.970000267028809,13.329999923706056,12.859999656677246,13.1899995803833,12.225839614868164,9907100
2018-10-31,NWSA,12.970000267028809,13.329999923706056,12.859999656677246,13.1899995803833,12.225839614868164,9907100
2018-11-01,NWSA,13.15999984741211,13.220000267028809,12.949999809265137,13.130000114440918,12.17022705078125,4138000
2018-11-01,NWSA,13.15999984741211,13.220000267028809,12.949999809265137,13.130000114440918,12.17022705078125,4138000
2018-11-02,NWSA,13.15999984741211,13.260000228881836,13.0,13.170000076293944,12.207303047180176,2111300
2018-11-02,NWSA,13.15999984741211,13.260000228881836,13.0,13.170000076293944,12.207303047180176,2111300
2018-11-05,NWSA,13.170000076293944,13.3100004196167,13.079999923706056,13.15999984741211,12.198034286499023,3608200
2018-11-05,NWSA,13.170000076293944,13.3100004196167,13.079999923706056,13.15999984741211,12.198034286499023,3608200
2018-11-06,NWSA,13.170000076293944,13.329999923706056,12.880000114440918,13.270000457763672,12.299993515014648,3094800
2018-11-06,NWSA,13.170000076293944,13.329999923706056,12.880000114440918,13.270000457763672,12.299993515014648,3094800
2018-11-07,NWSA,13.399999618530272,13.5,13.239999771118164,13.43000030517578,12.448297500610352,6278500
2018-11-07,NWSA,13.399999618530272,13.5,13.239999771118164,13.43000030517578,12.448297500610352,6278500
2018-11-08,NWSA,13.989999771118164,14.140000343322754,13.449999809265137,14.140000343322754,13.106398582458496,9426100
2018-11-08,NWSA,13.989999771118164,14.140000343322754,13.449999809265137,14.140000343322754,13.106398582458496,9426100
2018-11-09,NWSA,14.100000381469728,14.380000114440918,14.010000228881836,14.239999771118164,13.199089050292969,3770500
2018-11-09,NWSA,14.100000381469728,14.380000114440918,14.010000228881836,14.239999771118164,13.199089050292969,3770500
2018-11-12,NWSA,14.229999542236328,14.270000457763672,13.670000076293944,13.6899995803833,12.68929386138916,3801400
2018-11-12,NWSA,14.229999542236328,14.270000457763672,13.670000076293944,13.6899995803833,12.68929386138916,3801400
2018-11-13,NWSA,13.739999771118164,13.880000114440918,13.619999885559082,13.65999984741211,12.661484718322754,3371200
2018-11-13,NWSA,13.739999771118164,13.880000114440918,13.619999885559082,13.65999984741211,12.661484718322754,3371200
2018-11-14,NWSA,13.699999809265137,13.84000015258789,13.609999656677246,13.8100004196167,12.800519943237305,2909100
2018-11-14,NWSA,13.699999809265137,13.84000015258789,13.609999656677246,13.8100004196167,12.800519943237305,2909100
2018-11-15,NWSA,13.729999542236328,13.729999542236328,13.40999984741211,13.56999969482422,12.57806396484375,4242200
2018-11-15,NWSA,13.729999542236328,13.729999542236328,13.40999984741211,13.56999969482422,12.57806396484375,4242200
2018-11-16,NWSA,13.550000190734863,13.760000228881836,13.489999771118164,13.56999969482422,12.57806396484375,2758100
2018-11-16,NWSA,13.550000190734863,13.760000228881836,13.489999771118164,13.56999969482422,12.57806396484375,2758100
2018-11-19,NWSA,13.5600004196167,13.579999923706056,13.260000228881836,13.300000190734863,12.327800750732422,2801300
2018-11-19,NWSA,13.5600004196167,13.579999923706056,13.260000228881836,13.300000190734863,12.327800750732422,2801300
2018-11-20,NWSA,13.170000076293944,13.31999969482422,12.5600004196167,12.600000381469728,11.678970336914062,4588800
2018-11-20,NWSA,13.170000076293944,13.31999969482422,12.5600004196167,12.600000381469728,11.678970336914062,4588800
2018-11-21,NWSA,12.619999885559082,12.9399995803833,12.5600004196167,12.59000015258789,11.66970157623291,4066900
2018-11-21,NWSA,12.619999885559082,12.9399995803833,12.5600004196167,12.59000015258789,11.66970157623291,4066900
2018-11-23,NWSA,12.550000190734863,12.720000267028809,12.5,12.609999656677246,11.688238143920898,1691700
2018-11-23,NWSA,12.550000190734863,12.720000267028809,12.5,12.609999656677246,11.688238143920898,1691700
2018-11-26,NWSA,12.760000228881836,13.050000190734863,12.720000267028809,13.029999732971191,12.077536582946776,3508800
2018-11-26,NWSA,12.760000228881836,13.050000190734863,12.720000267028809,13.029999732971191,12.077536582946776,3508800
2018-11-27,NWSA,12.970000267028809,13.170000076293944,12.789999961853027,12.869999885559082,11.929231643676758,3349800
2018-11-27,NWSA,12.970000267028809,13.170000076293944,12.789999961853027,12.869999885559082,11.929231643676758,3349800
2018-11-28,NWSA,12.880000114440918,13.140000343322754,12.75,13.130000114440918,12.17022705078125,2652200
2018-11-28,NWSA,12.880000114440918,13.140000343322754,12.75,13.130000114440918,12.17022705078125,2652200
2018-11-29,NWSA,13.0600004196167,13.369999885559082,13.0600004196167,13.210000038146973,12.244379043579102,2203400
2018-11-29,NWSA,13.0600004196167,13.369999885559082,13.0600004196167,13.210000038146973,12.244379043579102,2203400
2018-11-30,NWSA,13.239999771118164,13.279999732971191,12.970000267028809,12.979999542236328,12.0311918258667,3953500
2018-11-30,NWSA,13.239999771118164,13.279999732971191,12.970000267028809,12.979999542236328,12.0311918258667,3953500
2018-12-03,NWSA,13.1899995803833,13.43000030517578,13.100000381469728,13.300000190734863,12.327800750732422,3140600
2018-12-03,NWSA,13.1899995803833,13.43000030517578,13.100000381469728,13.300000190734863,12.327800750732422,3140600
2018-12-04,NWSA,13.3100004196167,13.399999618530272,12.859999656677246,12.890000343322754,11.947772026062012,3087200
2018-12-04,NWSA,13.3100004196167,13.399999618530272,12.859999656677246,12.890000343322754,11.947772026062012,3087200
2018-12-06,NWSA,12.699999809265137,12.760000228881836,12.31999969482422,12.470000267028809,11.558472633361816,4173400
2018-12-06,NWSA,12.699999809265137,12.760000228881836,12.31999969482422,12.470000267028809,11.558472633361816,4173400
2018-12-07,NWSA,12.470000267028809,12.649999618530272,12.270000457763672,12.359999656677246,11.456510543823242,2538000
2018-12-07,NWSA,12.470000267028809,12.649999618530272,12.270000457763672,12.359999656677246,11.456510543823242,2538000
2018-12-10,NWSA,12.359999656677246,12.5600004196167,12.109999656677246,12.529999732971191,11.61408519744873,3082800
2018-12-10,NWSA,12.359999656677246,12.5600004196167,12.109999656677246,12.529999732971191,11.61408519744873,3082800
2018-12-11,NWSA,12.699999809265137,13.010000228881836,12.350000381469728,12.460000038146973,11.549203872680664,2465000
2018-12-11,NWSA,12.699999809265137,13.010000228881836,12.350000381469728,12.460000038146973,11.549203872680664,2465000
2018-12-12,NWSA,12.8100004196167,12.880000114440918,12.479999542236328,12.729999542236328,11.799468040466309,3041600
2018-12-12,NWSA,12.8100004196167,12.880000114440918,12.479999542236328,12.729999542236328,11.799468040466309,3041600
2018-12-13,NWSA,12.75,12.979999542236328,12.510000228881836,12.600000381469728,11.678970336914062,2915200
2018-12-13,NWSA,12.75,12.979999542236328,12.510000228881836,12.600000381469728,11.678970336914062,2915200
2018-12-14,NWSA,12.5,12.510000228881836,12.199999809265137,12.25,11.354552268981934,3077100
2018-12-14,NWSA,12.5,12.510000228881836,12.199999809265137,12.25,11.354552268981934,3077100
2018-12-17,NWSA,12.260000228881836,12.359999656677246,11.989999771118164,12.06999969482422,11.187710762023926,3732500
2018-12-17,NWSA,12.260000228881836,12.359999656677246,11.989999771118164,12.06999969482422,11.187710762023926,3732500
2018-12-18,NWSA,12.109999656677246,12.350000381469728,11.869999885559082,11.970000267028809,11.095020294189451,3263400
2018-12-18,NWSA,12.109999656677246,12.350000381469728,11.869999885559082,11.970000267028809,11.095020294189451,3263400
2018-12-19,NWSA,12.020000457763672,12.260000228881836,11.800000190734863,11.84000015258789,10.97452449798584,3575000
2018-12-19,NWSA,12.020000457763672,12.260000228881836,11.800000190734863,11.84000015258789,10.97452449798584,3575000
2018-12-20,NWSA,11.829999923706056,11.829999923706056,11.270000457763672,11.34000015258789,10.511073112487791,4035000
2018-12-20,NWSA,11.829999923706056,11.829999923706056,11.270000457763672,11.34000015258789,10.511073112487791,4035000
2018-12-21,NWSA,11.399999618530272,11.65999984741211,11.020000457763672,11.039999961853027,10.233001708984377,5418000
2018-12-21,NWSA,11.399999618530272,11.65999984741211,11.020000457763672,11.039999961853027,10.233001708984377,5418000
2018-12-24,NWSA,11.010000228881836,11.170000076293944,10.859999656677246,10.869999885559082,10.07542896270752,1370400
2018-12-24,NWSA,11.010000228881836,11.170000076293944,10.859999656677246,10.869999885559082,10.07542896270752,1370400
2018-12-26,NWSA,10.93000030517578,11.18000030517578,10.649999618530272,11.18000030517578,10.362768173217772,3033800
2018-12-26,NWSA,10.93000030517578,11.18000030517578,10.649999618530272,11.18000030517578,10.362768173217772,3033800
2018-12-27,NWSA,11.050000190734863,11.210000038146973,10.760000228881836,11.210000038146973,10.390575408935549,3010300
2018-12-27,NWSA,11.050000190734863,11.210000038146973,10.760000228881836,11.210000038146973,10.390575408935549,3010300
2018-12-28,NWSA,11.239999771118164,11.390000343322754,11.09000015258789,11.25,10.427651405334473,2471100
2018-12-28,NWSA,11.239999771118164,11.390000343322754,11.09000015258789,11.25,10.427651405334473,2471100
2018-12-31,NWSA,11.300000190734863,11.399999618530272,11.109999656677246,11.350000381469728,10.520341873168944,1950900
2018-12-31,NWSA,11.300000190734863,11.399999618530272,11.109999656677246,11.350000381469728,10.520341873168944,1950900
2019-01-02,NWSA,11.210000038146973,11.460000038146973,11.119999885559082,11.390000343322754,10.557417869567873,2196700
2019-01-02,NWSA,11.210000038146973,11.460000038146973,11.119999885559082,11.390000343322754,10.557417869567873,2196700
2019-01-03,NWSA,11.350000381469728,11.470000267028809,11.15999984741211,11.279999732971191,10.455456733703612,2282000
2019-01-03,NWSA,11.350000381469728,11.470000267028809,11.15999984741211,11.279999732971191,10.455456733703612,2282000
2019-01-04,NWSA,11.420000076293944,11.800000190734863,11.420000076293944,11.770000457763672,10.909638404846191,1830300
2019-01-04,NWSA,11.420000076293944,11.800000190734863,11.420000076293944,11.770000457763672,10.909638404846191,1830300
2019-01-07,NWSA,11.729999542236328,12.0600004196167,11.670000076293944,11.979999542236328,11.104290008544922,2191300
2019-01-07,NWSA,11.729999542236328,12.0600004196167,11.670000076293944,11.979999542236328,11.104290008544922,2191300
2019-01-08,NWSA,12.0600004196167,12.229999542236328,11.989999771118164,12.15999984741211,11.27113151550293,2295600
2019-01-08,NWSA,12.0600004196167,12.229999542236328,11.989999771118164,12.15999984741211,11.27113151550293,2295600
2019-01-09,NWSA,12.0600004196167,12.31999969482422,12.0600004196167,12.210000038146973,11.317476272583008,1344200
2019-01-09,NWSA,12.0600004196167,12.31999969482422,12.0600004196167,12.210000038146973,11.317476272583008,1344200
2019-01-10,NWSA,12.1899995803833,12.229999542236328,12.06999969482422,12.18000030517578,11.289669036865234,1440700
2019-01-10,NWSA,12.1899995803833,12.229999542236328,12.06999969482422,12.18000030517578,11.289669036865234,1440700
2019-01-11,NWSA,12.100000381469728,12.25,12.0600004196167,12.239999771118164,11.345285415649414,1758400
2019-01-11,NWSA,12.100000381469728,12.25,12.0600004196167,12.239999771118164,11.345285415649414,1758400
2019-01-14,NWSA,12.520000457763672,12.520000457763672,12.220000267028809,12.289999961853027,11.39162826538086,1419000
2019-01-14,NWSA,12.520000457763672,12.520000457763672,12.220000267028809,12.289999961853027,11.39162826538086,1419000
2019-01-15,NWSA,12.289999961853027,12.5,12.279999732971191,12.380000114440918,11.475049018859863,1882000
2019-01-15,NWSA,12.289999961853027,12.5,12.279999732971191,12.380000114440918,11.475049018859863,1882000
2019-01-16,NWSA,12.369999885559082,12.489999771118164,12.3100004196167,12.380000114440918,11.475049018859863,1548300
2019-01-16,NWSA,12.369999885559082,12.489999771118164,12.3100004196167,12.380000114440918,11.475049018859863,1548300
2019-01-17,NWSA,12.329999923706056,12.539999961853027,12.210000038146973,12.4399995803833,11.53066349029541,1851100
2019-01-17,NWSA,12.329999923706056,12.539999961853027,12.210000038146973,12.4399995803833,11.53066349029541,1851100
2019-01-18,NWSA,12.520000457763672,12.5600004196167,12.420000076293944,12.520000457763672,11.604818344116213,1359000
2019-01-18,NWSA,12.520000457763672,12.5600004196167,12.420000076293944,12.520000457763672,11.604818344116213,1359000
2019-01-22,NWSA,12.460000038146973,12.510000228881836,12.279999732971191,12.350000381469728,11.447242736816406,2076900
2019-01-22,NWSA,12.460000038146973,12.510000228881836,12.279999732971191,12.350000381469728,11.447242736816406,2076900
2019-01-23,NWSA,12.390000343322754,12.390000343322754,11.989999771118164,12.170000076293944,11.280403137207031,3508800
2019-01-23,NWSA,12.390000343322754,12.390000343322754,11.989999771118164,12.170000076293944,11.280403137207031,3508800
2019-01-24,NWSA,12.15999984741211,12.460000038146973,12.079999923706056,12.4399995803833,11.53066349029541,1978600
2019-01-24,NWSA,12.15999984741211,12.460000038146973,12.079999923706056,12.4399995803833,11.53066349029541,1978600
2019-01-25,NWSA,12.550000190734863,12.789999961853027,12.539999961853027,12.6899995803833,11.76239013671875,3066300
2019-01-25,NWSA,12.550000190734863,12.789999961853027,12.539999961853027,12.6899995803833,11.76239013671875,3066300
2019-01-28,NWSA,12.619999885559082,12.710000038146973,12.510000228881836,12.630000114440918,11.706777572631836,1664100
2019-01-28,NWSA,12.619999885559082,12.710000038146973,12.510000228881836,12.630000114440918,11.706777572631836,1664100
2019-01-29,NWSA,12.630000114440918,12.81999969482422,12.630000114440918,12.720000267028809,11.790196418762209,3439200
2019-01-29,NWSA,12.630000114440918,12.81999969482422,12.630000114440918,12.720000267028809,11.790196418762209,3439200
2019-01-30,NWSA,12.710000038146973,12.800000190734863,12.510000228881836,12.670000076293944,11.743851661682127,1449500
2019-01-30,NWSA,12.710000038146973,12.800000190734863,12.510000228881836,12.670000076293944,11.743851661682127,1449500
2019-01-31,NWSA,12.68000030517578,12.869999885559082,12.649999618530272,12.829999923706056,11.892155647277832,2883500
2019-01-31,NWSA,12.68000030517578,12.869999885559082,12.649999618530272,12.829999923706056,11.892155647277832,2883500
2019-02-01,NWSA,12.850000381469728,12.850000381469728,12.6899995803833,12.739999771118164,11.808733940124512,2227700
2019-02-01,NWSA,12.850000381469728,12.850000381469728,12.6899995803833,12.739999771118164,11.808733940124512,2227700
2019-02-04,NWSA,12.729999542236328,12.960000038146973,12.6899995803833,12.869999885559082,11.929231643676758,2757700
2019-02-04,NWSA,12.729999542236328,12.960000038146973,12.6899995803833,12.869999885559082,11.929231643676758,2757700
2019-02-05,NWSA,12.850000381469728,12.989999771118164,12.779999732971191,12.979999542236328,12.0311918258667,2788100
2019-02-05,NWSA,12.850000381469728,12.989999771118164,12.779999732971191,12.979999542236328,12.0311918258667,2788100
2019-02-06,NWSA,12.979999542236328,13.130000114440918,12.90999984741211,12.920000076293944,11.975578308105469,2205700
2019-02-06,NWSA,12.979999542236328,13.130000114440918,12.90999984741211,12.920000076293944,11.975578308105469,2205700
2019-02-07,NWSA,12.829999923706056,12.84000015258789,12.510000228881836,12.710000038146973,11.780926704406738,3518800
2019-02-07,NWSA,12.829999923706056,12.84000015258789,12.510000228881836,12.710000038146973,11.780926704406738,3518800
2019-02-08,NWSA,12.670000076293944,12.949999809265137,12.1899995803833,12.460000038146973,11.549203872680664,3686200
2019-02-08,NWSA,12.670000076293944,12.949999809265137,12.1899995803833,12.460000038146973,11.549203872680664,3686200
2019-02-11,NWSA,12.539999961853027,12.789999961853027,12.100000381469728,12.220000267028809,11.32674503326416,2912200
2019-02-11,NWSA,12.539999961853027,12.789999961853027,12.100000381469728,12.220000267028809,11.32674503326416,2912200
2019-02-12,NWSA,12.260000228881836,12.520000457763672,12.260000228881836,12.399999618530272,11.493587493896484,2014200
2019-02-12,NWSA,12.260000228881836,12.520000457763672,12.260000228881836,12.399999618530272,11.493587493896484,2014200
2019-02-13,NWSA,12.420000076293944,12.609999656677246,12.359999656677246,12.4399995803833,11.53066349029541,2069900
2019-02-13,NWSA,12.420000076293944,12.609999656677246,12.359999656677246,12.4399995803833,11.53066349029541,2069900
2019-02-14,NWSA,12.390000343322754,12.649999618530272,12.350000381469728,12.5,11.586278915405272,1654000
2019-02-14,NWSA,12.390000343322754,12.649999618530272,12.350000381469728,12.5,11.586278915405272,1654000
2019-02-15,NWSA,12.56999969482422,12.770000457763672,12.4399995803833,12.75,11.81800365447998,2198600
2019-02-15,NWSA,12.56999969482422,12.770000457763672,12.4399995803833,12.75,11.81800365447998,2198600
2019-02-19,NWSA,12.739999771118164,12.899999618530272,12.710000038146973,12.760000228881836,11.827274322509766,2243100
2019-02-19,NWSA,12.739999771118164,12.899999618530272,12.710000038146973,12.760000228881836,11.827274322509766,2243100
2019-02-20,NWSA,12.779999732971191,13.029999732971191,12.720000267028809,12.880000114440918,11.938501358032228,2385300
2019-02-20,NWSA,12.779999732971191,13.029999732971191,12.720000267028809,12.880000114440918,11.938501358032228,2385300
2019-02-21,NWSA,12.829999923706056,12.859999656677246,12.75,12.800000190734863,11.864350318908691,2050500
2019-02-21,NWSA,12.829999923706056,12.859999656677246,12.75,12.800000190734863,11.864350318908691,2050500
2019-02-22,NWSA,12.850000381469728,13.050000190734863,12.829999923706056,12.979999542236328,12.0311918258667,6132000
2019-02-22,NWSA,12.850000381469728,13.050000190734863,12.829999923706056,12.979999542236328,12.0311918258667,6132000
2019-02-25,NWSA,13.109999656677246,13.1899995803833,12.989999771118164,13.020000457763672,12.06826877593994,3020700
2019-02-25,NWSA,13.109999656677246,13.1899995803833,12.989999771118164,13.020000457763672,12.06826877593994,3020700
2019-02-26,NWSA,13.020000457763672,13.06999969482422,12.970000267028809,13.020000457763672,12.06826877593994,3982900
2019-02-26,NWSA,13.020000457763672,13.06999969482422,12.970000267028809,13.020000457763672,12.06826877593994,3982900
2019-02-27,NWSA,12.949999809265137,13.109999656677246,12.890000343322754,13.039999961853027,12.086804389953612,2231500
2019-02-27,NWSA,12.949999809265137,13.109999656677246,12.890000343322754,13.039999961853027,12.086804389953612,2231500
2019-02-28,NWSA,13.039999961853027,13.079999923706056,12.979999542236328,13.020000457763672,12.06826877593994,3344800
2019-02-28,NWSA,13.039999961853027,13.079999923706056,12.979999542236328,13.020000457763672,12.06826877593994,3344800
2019-03-01,NWSA,13.09000015258789,13.279999732971191,13.0600004196167,13.25,12.281455993652344,2331100
2019-03-01,NWSA,13.09000015258789,13.279999732971191,13.0600004196167,13.25,12.281455993652344,2331100
2019-03-04,NWSA,13.350000381469728,13.40999984741211,13.109999656677246,13.239999771118164,12.272186279296877,2566100
2019-03-04,NWSA,13.350000381469728,13.40999984741211,13.109999656677246,13.239999771118164,12.272186279296877,2566100
2019-03-05,NWSA,13.25,13.279999732971191,13.100000381469728,13.18000030517578,12.21657371520996,2348600
2019-03-05,NWSA,13.25,13.279999732971191,13.100000381469728,13.18000030517578,12.21657371520996,2348600
2019-03-06,NWSA,13.140000343322754,13.220000267028809,12.949999809265137,13.119999885559082,12.160958290100098,1859700
2019-03-06,NWSA,13.140000343322754,13.220000267028809,12.949999809265137,13.119999885559082,12.160958290100098,1859700
2019-03-07,NWSA,13.109999656677246,13.119999885559082,12.859999656677246,12.899999618530272,11.957039833068848,1796400
2019-03-07,NWSA,13.109999656677246,13.119999885559082,12.859999656677246,12.899999618530272,11.957039833068848,1796400
2019-03-08,NWSA,12.770000457763672,12.81999969482422,12.68000030517578,12.800000190734863,11.864350318908691,2167600
2019-03-08,NWSA,12.770000457763672,12.81999969482422,12.68000030517578,12.800000190734863,11.864350318908691,2167600
2019-03-11,NWSA,12.869999885559082,13.079999923706056,12.829999923706056,13.039999961853027,12.086804389953612,2174300
2019-03-11,NWSA,12.869999885559082,13.079999923706056,12.829999923706056,13.039999961853027,12.086804389953612,2174300
2019-03-12,NWSA,12.979999542236328,13.079999923706056,12.829999923706056,12.869999885559082,12.0214204788208,2183200
2019-03-12,NWSA,12.979999542236328,13.079999923706056,12.829999923706056,12.869999885559082,12.0214204788208,2183200
2019-03-13,NWSA,12.899999618530272,12.90999984741211,12.6899995803833,12.739999771118164,11.89999294281006,2725700
2019-03-13,NWSA,12.899999618530272,12.90999984741211,12.6899995803833,12.739999771118164,11.89999294281006,2725700
2019-03-14,NWSA,12.760000228881836,12.760000228881836,12.619999885559082,12.640000343322754,11.806586265563965,2152400
2019-03-14,NWSA,12.760000228881836,12.760000228881836,12.619999885559082,12.640000343322754,11.806586265563965,2152400
2019-03-15,NWSA,12.68000030517578,12.720000267028809,12.5600004196167,12.640000343322754,11.806586265563965,4666300
2019-03-15,NWSA,12.68000030517578,12.720000267028809,12.5600004196167,12.640000343322754,11.806586265563965,4666300
2019-03-18,NWSA,12.640000343322754,12.789999961853027,12.600000381469728,12.619999885559082,11.7879056930542,2704000
2019-03-18,NWSA,12.640000343322754,12.789999961853027,12.600000381469728,12.619999885559082,11.7879056930542,2704000
2019-03-19,NWSA,12.640000343322754,12.699999809265137,12.479999542236328,12.539999961853027,11.713180541992188,2962000
2019-03-19,NWSA,12.640000343322754,12.699999809265137,12.479999542236328,12.539999961853027,11.713180541992188,2962000
2019-03-20,NWSA,12.529999732971191,12.68000030517578,12.359999656677246,12.600000381469728,11.769224166870115,5394800
2019-03-20,NWSA,12.529999732971191,12.68000030517578,12.359999656677246,12.600000381469728,11.769224166870115,5394800
2019-03-21,NWSA,12.5600004196167,12.970000267028809,12.539999961853027,12.850000381469728,12.002742767333984,4962600
2019-03-21,NWSA,12.5600004196167,12.970000267028809,12.539999961853027,12.850000381469728,12.002742767333984,4962600
2019-03-22,NWSA,12.9399995803833,12.9399995803833,12.529999732971191,12.630000114440918,11.797246932983398,3032200
2019-03-22,NWSA,12.9399995803833,12.9399995803833,12.529999732971191,12.630000114440918,11.797246932983398,3032200
2019-03-25,NWSA,12.630000114440918,12.699999809265137,12.510000228881836,12.5600004196167,11.731863021850586,7929400
2019-03-25,NWSA,12.630000114440918,12.699999809265137,12.510000228881836,12.5600004196167,11.731863021850586,7929400
2019-03-26,NWSA,12.5600004196167,12.65999984741211,12.369999885559082,12.420000076293944,11.601091384887695,2788100
2019-03-26,NWSA,12.5600004196167,12.65999984741211,12.369999885559082,12.420000076293944,11.601091384887695,2788100
2019-03-27,NWSA,12.460000038146973,12.479999542236328,12.229999542236328,12.3100004196167,11.498345375061035,4313900
2019-03-27,NWSA,12.460000038146973,12.479999542236328,12.229999542236328,12.3100004196167,11.498345375061035,4313900
2019-03-28,NWSA,12.329999923706056,12.420000076293944,12.210000038146973,12.380000114440918,11.563729286193848,1850700
2019-03-28,NWSA,12.329999923706056,12.420000076293944,12.210000038146973,12.380000114440918,11.563729286193848,1850700
2019-03-29,NWSA,12.43000030517578,12.460000038146973,12.350000381469728,12.4399995803833,11.61977195739746,2173400
2019-03-29,NWSA,12.43000030517578,12.460000038146973,12.350000381469728,12.4399995803833,11.61977195739746,2173400
2019-04-01,NWSA,12.520000457763672,12.640000343322754,12.470000267028809,12.520000457763672,11.694499969482422,3528400
2019-04-01,NWSA,12.520000457763672,12.640000343322754,12.470000267028809,12.520000457763672,11.694499969482422,3528400
2019-04-02,NWSA,12.520000457763672,12.56999969482422,12.40999984741211,12.4399995803833,11.61977195739746,3014000
2019-04-02,NWSA,12.520000457763672,12.56999969482422,12.40999984741211,12.4399995803833,11.61977195739746,3014000
2019-04-03,NWSA,12.529999732971191,12.68000030517578,12.4399995803833,12.489999771118164,11.666474342346191,2727300
2019-04-03,NWSA,12.529999732971191,12.68000030517578,12.4399995803833,12.489999771118164,11.666474342346191,2727300
2019-04-04,NWSA,12.529999732971191,12.609999656677246,12.489999771118164,12.5,11.675817489624023,2168700
2019-04-04,NWSA,12.529999732971191,12.609999656677246,12.489999771118164,12.5,11.675817489624023,2168700
2019-04-05,NWSA,12.520000457763672,12.630000114440918,12.479999542236328,12.550000190734863,11.722519874572754,1921100
2019-04-05,NWSA,12.520000457763672,12.630000114440918,12.479999542236328,12.550000190734863,11.722519874572754,1921100
2019-04-08,NWSA,12.56999969482422,12.670000076293944,12.489999771118164,12.520000457763672,11.694499969482422,1237900
2019-04-08,NWSA,12.56999969482422,12.670000076293944,12.489999771118164,12.520000457763672,11.694499969482422,1237900
2019-04-09,NWSA,12.5,12.56999969482422,12.460000038146973,12.520000457763672,11.694499969482422,1664300
2019-04-09,NWSA,12.5,12.56999969482422,12.460000038146973,12.520000457763672,11.694499969482422,1664300
2019-04-10,NWSA,12.479999542236328,12.65999984741211,12.479999542236328,12.649999618530272,11.815925598144531,1425300
2019-04-10,NWSA,12.479999542236328,12.65999984741211,12.479999542236328,12.649999618530272,11.815925598144531,1425300
2019-04-11,NWSA,12.65999984741211,12.6899995803833,12.539999961853027,12.539999961853027,11.713180541992188,1616200
2019-04-11,NWSA,12.65999984741211,12.6899995803833,12.539999961853027,12.539999961853027,11.713180541992188,1616200
2019-04-12,NWSA,12.619999885559082,12.699999809265137,12.579999923706056,12.649999618530272,11.815925598144531,1442300
2019-04-12,NWSA,12.619999885559082,12.699999809265137,12.579999923706056,12.649999618530272,11.815925598144531,1442300
2019-04-15,NWSA,12.65999984741211,12.710000038146973,12.489999771118164,12.539999961853027,11.713180541992188,1877000
2019-04-15,NWSA,12.65999984741211,12.710000038146973,12.489999771118164,12.539999961853027,11.713180541992188,1877000
2019-04-16,NWSA,12.59000015258789,12.720000267028809,12.529999732971191,12.670000076293944,11.83460807800293,2052300
2019-04-16,NWSA,12.59000015258789,12.720000267028809,12.529999732971191,12.670000076293944,11.83460807800293,2052300
2019-04-17,NWSA,12.710000038146973,12.84000015258789,12.56999969482422,12.59000015258789,11.759885787963867,2170300
2019-04-17,NWSA,12.710000038146973,12.84000015258789,12.56999969482422,12.59000015258789,11.759885787963867,2170300
2019-04-18,NWSA,12.579999923706056,12.579999923706056,12.329999923706056,12.520000457763672,11.694499969482422,4340000
2019-04-18,NWSA,12.579999923706056,12.579999923706056,12.329999923706056,12.520000457763672,11.694499969482422,4340000
2019-04-22,NWSA,12.489999771118164,12.510000228881836,12.399999618530272,12.4399995803833,11.61977195739746,1845900
2019-04-22,NWSA,12.489999771118164,12.510000228881836,12.399999618530272,12.4399995803833,11.61977195739746,1845900
2019-04-23,NWSA,12.420000076293944,12.59000015258789,12.420000076293944,12.5,11.675817489624023,3062800
2019-04-23,NWSA,12.420000076293944,12.59000015258789,12.420000076293944,12.5,11.675817489624023,3062800
2019-04-24,NWSA,12.5,12.550000190734863,12.470000267028809,12.510000228881836,11.685158729553224,2137300
2019-04-24,NWSA,12.5,12.550000190734863,12.470000267028809,12.510000228881836,11.685158729553224,2137300
2019-04-25,NWSA,12.4399995803833,12.489999771118164,12.229999542236328,12.350000381469728,11.535706520080566,2043700
2019-04-25,NWSA,12.4399995803833,12.489999771118164,12.229999542236328,12.350000381469728,11.535706520080566,2043700
2019-04-26,NWSA,12.369999885559082,12.470000267028809,12.3100004196167,12.460000038146973,11.638456344604492,3988600
2019-04-26,NWSA,12.369999885559082,12.470000267028809,12.3100004196167,12.460000038146973,11.638456344604492,3988600
2019-04-29,NWSA,12.449999809265137,12.600000381469728,12.369999885559082,12.4399995803833,11.61977195739746,2603300
2019-04-29,NWSA,12.449999809265137,12.600000381469728,12.369999885559082,12.4399995803833,11.61977195739746,2603300
2019-04-30,NWSA,12.4399995803833,12.479999542236328,12.279999732971191,12.420000076293944,11.601091384887695,3836300
2019-04-30,NWSA,12.4399995803833,12.479999542236328,12.279999732971191,12.420000076293944,11.601091384887695,3836300
2019-05-01,NWSA,12.4399995803833,12.529999732971191,12.350000381469728,12.369999885559082,11.554387092590332,2905000
2019-05-01,NWSA,12.4399995803833,12.529999732971191,12.350000381469728,12.369999885559082,11.554387092590332,2905000
2019-05-02,NWSA,12.369999885559082,12.369999885559082,12.15999984741211,12.260000228881836,11.451640129089355,1920100
2019-05-02,NWSA,12.369999885559082,12.369999885559082,12.15999984741211,12.260000228881836,11.451640129089355,1920100
2019-05-03,NWSA,12.289999961853027,12.369999885559082,12.289999961853027,12.34000015258789,11.5263671875,1208800
2019-05-03,NWSA,12.289999961853027,12.369999885559082,12.289999961853027,12.34000015258789,11.5263671875,1208800
2019-05-06,NWSA,12.18000030517578,12.260000228881836,11.970000267028809,12.029999732971191,11.236804962158203,2023800
2019-05-06,NWSA,12.18000030517578,12.260000228881836,11.970000267028809,12.029999732971191,11.236804962158203,2023800
2019-05-07,NWSA,11.890000343322754,11.989999771118164,11.489999771118164,11.56999969482422,10.807135581970217,3908000
2019-05-07,NWSA,11.890000343322754,11.989999771118164,11.489999771118164,11.56999969482422,10.807135581970217,3908000
2019-05-08,NWSA,11.520000457763672,11.670000076293944,11.420000076293944,11.420000076293944,10.667025566101074,3533500
2019-05-08,NWSA,11.520000457763672,11.670000076293944,11.420000076293944,11.420000076293944,10.667025566101074,3533500
2019-05-09,NWSA,11.350000381469728,11.520000457763672,11.220000267028809,11.43000030517578,10.676365852355955,4238600
2019-05-09,NWSA,11.350000381469728,11.520000457763672,11.220000267028809,11.43000030517578,10.676365852355955,4238600
2019-05-10,NWSA,11.529999732971191,12.149999618530272,11.529999732971191,11.899999618530272,11.115379333496094,4656200
2019-05-10,NWSA,11.529999732971191,12.149999618530272,11.529999732971191,11.899999618530272,11.115379333496094,4656200
2019-05-13,NWSA,11.65999984741211,11.81999969482422,11.369999885559082,11.460000038146973,10.704389572143556,3227800
2019-05-13,NWSA,11.65999984741211,11.81999969482422,11.369999885559082,11.460000038146973,10.704389572143556,3227800
2019-05-14,NWSA,11.5,11.630000114440918,11.449999809265137,11.520000457763672,10.760433197021484,2653000
2019-05-14,NWSA,11.5,11.630000114440918,11.449999809265137,11.520000457763672,10.760433197021484,2653000
2019-05-15,NWSA,11.40999984741211,11.609999656677246,11.3100004196167,11.56999969482422,10.807135581970217,2160700
2019-05-15,NWSA,11.40999984741211,11.609999656677246,11.3100004196167,11.56999969482422,10.807135581970217,2160700
2019-05-16,NWSA,11.609999656677246,11.739999771118164,11.520000457763672,11.529999732971191,10.769774436950684,1644700
2019-05-16,NWSA,11.609999656677246,11.739999771118164,11.520000457763672,11.529999732971191,10.769774436950684,1644700
2019-05-17,NWSA,11.4399995803833,11.529999732971191,11.350000381469728,11.40999984741211,10.657686233520508,1665100
2019-05-17,NWSA,11.4399995803833,11.529999732971191,11.350000381469728,11.40999984741211,10.657686233520508,1665100
2019-05-20,NWSA,11.619999885559082,11.829999923706056,11.5600004196167,11.59000015258789,10.825818061828612,3033600
2019-05-20,NWSA,11.619999885559082,11.829999923706056,11.5600004196167,11.59000015258789,10.825818061828612,3033600
2019-05-21,NWSA,11.699999809265137,11.829999923706056,11.640000343322754,11.800000190734863,11.021971702575684,1877500
2019-05-21,NWSA,11.699999809265137,11.829999923706056,11.640000343322754,11.800000190734863,11.021971702575684,1877500
2019-05-22,NWSA,11.760000228881836,11.81999969482422,11.6899995803833,11.760000228881836,10.98460865020752,1778300
2019-05-22,NWSA,11.760000228881836,11.81999969482422,11.6899995803833,11.760000228881836,10.98460865020752,1778300
2019-05-23,NWSA,11.699999809265137,11.8100004196167,11.59000015258789,11.789999961853027,11.012630462646484,4068100
2019-05-23,NWSA,11.699999809265137,11.8100004196167,11.59000015258789,11.789999961853027,11.012630462646484,4068100
2019-05-24,NWSA,11.84000015258789,11.90999984741211,11.729999542236328,11.779999732971191,11.003290176391602,1709500
2019-05-24,NWSA,11.84000015258789,11.90999984741211,11.729999542236328,11.779999732971191,11.003290176391602,1709500
2019-05-28,NWSA,11.8100004196167,11.850000381469728,11.649999618530272,11.779999732971191,11.003290176391602,2941900
2019-05-28,NWSA,11.8100004196167,11.850000381469728,11.649999618530272,11.779999732971191,11.003290176391602,2941900
2019-05-29,NWSA,11.770000457763672,11.81999969482422,11.539999961853027,11.609999656677246,10.844499588012695,2416900
2019-05-29,NWSA,11.770000457763672,11.81999969482422,11.539999961853027,11.609999656677246,10.844499588012695,2416900
2019-05-30,NWSA,11.619999885559082,11.720000267028809,11.43000030517578,11.449999809265137,10.695048332214355,2370800
2019-05-30,NWSA,11.619999885559082,11.720000267028809,11.43000030517578,11.449999809265137,10.695048332214355,2370800
2019-05-31,NWSA,11.350000381469728,11.460000038146973,11.350000381469728,11.390000343322754,10.639005661010742,2083200
2019-05-31,NWSA,11.350000381469728,11.460000038146973,11.350000381469728,11.390000343322754,10.639005661010742,2083200
2019-06-03,NWSA,11.359999656677246,11.5,11.350000381469728,11.420000076293944,10.667025566101074,3259400
2019-06-03,NWSA,11.359999656677246,11.5,11.350000381469728,11.420000076293944,10.667025566101074,3259400
2019-06-04,NWSA,11.640000343322754,11.65999984741211,11.489999771118164,11.579999923706056,10.816475868225098,4425300
2019-06-04,NWSA,11.640000343322754,11.65999984741211,11.489999771118164,11.579999923706056,10.816475868225098,4425300
2019-06-05,NWSA,11.619999885559082,11.649999618530272,11.369999885559082,11.619999885559082,10.853840827941896,5194500
2019-06-05,NWSA,11.619999885559082,11.649999618530272,11.369999885559082,11.619999885559082,10.853840827941896,5194500
2019-06-06,NWSA,11.609999656677246,11.68000030517578,11.539999961853027,11.600000381469728,10.835159301757812,5363600
2019-06-06,NWSA,11.609999656677246,11.68000030517578,11.539999961853027,11.600000381469728,10.835159301757812,5363600
2019-06-07,NWSA,11.609999656677246,11.75,11.59000015258789,11.720000267028809,10.947247505187988,3511800
2019-06-07,NWSA,11.609999656677246,11.75,11.59000015258789,11.720000267028809,10.947247505187988,3511800
2019-06-10,NWSA,11.8100004196167,11.850000381469728,11.710000038146973,11.770000457763672,10.99394989013672,2692800
2019-06-10,NWSA,11.8100004196167,11.850000381469728,11.710000038146973,11.770000457763672,10.99394989013672,2692800
2019-06-11,NWSA,11.850000381469728,11.869999885559082,11.760000228881836,11.800000190734863,11.021971702575684,2049200
2019-06-11,NWSA,11.850000381469728,11.869999885559082,11.760000228881836,11.800000190734863,11.021971702575684,2049200
2019-06-12,NWSA,11.770000457763672,11.850000381469728,11.699999809265137,11.739999771118164,10.965928077697754,1673200
2019-06-12,NWSA,11.770000457763672,11.850000381469728,11.699999809265137,11.739999771118164,10.965928077697754,1673200
2019-06-13,NWSA,11.760000228881836,11.829999923706056,11.6899995803833,11.789999961853027,11.012630462646484,2643400
2019-06-13,NWSA,11.760000228881836,11.829999923706056,11.6899995803833,11.789999961853027,11.012630462646484,2643400
2019-06-14,NWSA,11.770000457763672,11.859999656677246,11.770000457763672,11.829999923706056,11.04999542236328,3202500
2019-06-14,NWSA,11.770000457763672,11.859999656677246,11.770000457763672,11.829999923706056,11.04999542236328,3202500
2019-06-17,NWSA,11.850000381469728,12.279999732971191,11.850000381469728,12.239999771118164,11.432961463928224,6289000
2019-06-17,NWSA,11.850000381469728,12.279999732971191,11.850000381469728,12.239999771118164,11.432961463928224,6289000
2019-06-18,NWSA,12.25,13.020000457763672,12.25,12.890000343322754,12.040103912353516,7611700
2019-06-18,NWSA,12.25,13.020000457763672,12.25,12.890000343322754,12.040103912353516,7611700
2019-06-19,NWSA,12.899999618530272,13.449999809265137,12.899999618530272,13.369999885559082,12.48845386505127,6237200
2019-06-19,NWSA,12.899999618530272,13.449999809265137,12.899999618530272,13.369999885559082,12.48845386505127,6237200
2019-06-20,NWSA,13.520000457763672,13.609999656677246,13.380000114440918,13.5600004196167,12.665926933288574,4299500
2019-06-20,NWSA,13.520000457763672,13.609999656677246,13.380000114440918,13.5600004196167,12.665926933288574,4299500
2019-06-21,NWSA,13.550000190734863,13.6899995803833,13.369999885559082,13.529999732971191,12.637906074523926,7949600
2019-06-21,NWSA,13.550000190734863,13.6899995803833,13.369999885559082,13.529999732971191,12.637906074523926,7949600
2019-06-24,NWSA,13.5,13.539999961853027,13.300000190734863,13.31999969482422,12.441750526428224,2619000
2019-06-24,NWSA,13.5,13.539999961853027,13.300000190734863,13.31999969482422,12.441750526428224,2619000
2019-06-25,NWSA,13.3100004196167,13.369999885559082,13.239999771118164,13.25,12.376367568969728,2130000
2019-06-25,NWSA,13.3100004196167,13.369999885559082,13.239999771118164,13.25,12.376367568969728,2130000
2019-06-26,NWSA,13.270000457763672,13.399999618530272,13.239999771118164,13.300000190734863,12.423070907592772,3143100
2019-06-26,NWSA,13.270000457763672,13.399999618530272,13.239999771118164,13.300000190734863,12.423070907592772,3143100
2019-06-27,NWSA,13.31999969482422,13.5,13.31999969482422,13.43000030517578,12.544496536254885,2598700
2019-06-27,NWSA,13.31999969482422,13.5,13.31999969482422,13.43000030517578,12.544496536254885,2598700
2019-06-28,NWSA,13.449999809265137,13.579999923706056,13.359999656677246,13.489999771118164,12.600541114807127,6401700
2019-06-28,NWSA,13.449999809265137,13.579999923706056,13.359999656677246,13.489999771118164,12.600541114807127,6401700
2019-07-01,NWSA,13.729999542236328,13.789999961853027,13.420000076293944,13.600000381469728,12.703290939331056,3831000
2019-07-01,NWSA,13.729999542236328,13.789999961853027,13.420000076293944,13.600000381469728,12.703290939331056,3831000
2019-07-02,NWSA,13.59000015258789,13.68000030517578,13.40999984741211,13.510000228881836,12.61922550201416,2082200
2019-07-02,NWSA,13.59000015258789,13.68000030517578,13.40999984741211,13.510000228881836,12.61922550201416,2082200
2019-07-03,NWSA,13.56999969482422,13.56999969482422,13.40999984741211,13.449999809265137,12.563177108764648,1677100
2019-07-03,NWSA,13.56999969482422,13.56999969482422,13.40999984741211,13.449999809265137,12.563177108764648,1677100
2019-07-05,NWSA,13.399999618530272,13.5600004196167,13.359999656677246,13.460000038146973,12.572521209716797,1215400
2019-07-05,NWSA,13.399999618530272,13.5600004196167,13.359999656677246,13.460000038146973,12.572521209716797,1215400
2019-07-08,NWSA,13.380000114440918,13.479999542236328,13.260000228881836,13.289999961853027,12.413728713989258,1297900
2019-07-08,NWSA,13.380000114440918,13.479999542236328,13.260000228881836,13.289999961853027,12.413728713989258,1297900
2019-07-09,NWSA,13.220000267028809,13.369999885559082,13.210000038146973,13.300000190734863,12.423070907592772,2472300
2019-07-09,NWSA,13.220000267028809,13.369999885559082,13.210000038146973,13.300000190734863,12.423070907592772,2472300
2019-07-10,NWSA,13.369999885559082,13.390000343322754,13.25,13.300000190734863,12.423070907592772,1968800
2019-07-10,NWSA,13.369999885559082,13.390000343322754,13.25,13.300000190734863,12.423070907592772,1968800
2019-07-11,NWSA,13.329999923706056,13.359999656677246,13.1899995803833,13.220000267028809,12.348344802856444,3165600
2019-07-11,NWSA,13.329999923706056,13.359999656677246,13.1899995803833,13.220000267028809,12.348344802856444,3165600
2019-07-12,NWSA,13.239999771118164,13.399999618530272,13.1899995803833,13.3100004196167,12.43241024017334,2593200
2019-07-12,NWSA,13.239999771118164,13.399999618530272,13.1899995803833,13.3100004196167,12.43241024017334,2593200
2019-07-15,NWSA,13.300000190734863,13.369999885559082,13.220000267028809,13.359999656677246,12.47911262512207,2167300
2019-07-15,NWSA,13.300000190734863,13.369999885559082,13.220000267028809,13.359999656677246,12.47911262512207,2167300
2019-07-16,NWSA,13.399999618530272,13.609999656677246,13.380000114440918,13.579999923706056,12.684606552124023,2679000
2019-07-16,NWSA,13.399999618530272,13.609999656677246,13.380000114440918,13.579999923706056,12.684606552124023,2679000
2019-07-17,NWSA,13.579999923706056,13.670000076293944,13.130000114440918,13.220000267028809,12.348344802856444,2936500
2019-07-17,NWSA,13.579999923706056,13.670000076293944,13.130000114440918,13.220000267028809,12.348344802856444,2936500
2019-07-18,NWSA,13.149999618530272,13.329999923706056,13.149999618530272,13.279999732971191,12.404386520385742,2960100
2019-07-18,NWSA,13.149999618530272,13.329999923706056,13.149999618530272,13.279999732971191,12.404386520385742,2960100
2019-07-19,NWSA,13.09000015258789,13.260000228881836,12.970000267028809,13.140000343322754,12.2736177444458,4466000
2019-07-19,NWSA,13.09000015258789,13.260000228881836,12.970000267028809,13.140000343322754,12.2736177444458,4466000
2019-07-22,NWSA,13.140000343322754,13.300000190734863,13.109999656677246,13.260000228881836,12.38570785522461,2919000
2019-07-22,NWSA,13.140000343322754,13.300000190734863,13.109999656677246,13.260000228881836,12.38570785522461,2919000
2019-07-23,NWSA,13.350000381469728,13.449999809265137,13.25,13.380000114440918,12.497796058654783,2417100
2019-07-23,NWSA,13.350000381469728,13.449999809265137,13.25,13.380000114440918,12.497796058654783,2417100
2019-07-24,NWSA,13.329999923706056,13.649999618530272,13.329999923706056,13.56999969482422,12.67526626586914,3246800
2019-07-24,NWSA,13.329999923706056,13.649999618530272,13.329999923706056,13.56999969482422,12.67526626586914,3246800
2019-07-25,NWSA,13.5600004196167,13.579999923706056,13.31999969482422,13.369999885559082,12.48845386505127,3153500
2019-07-25,NWSA,13.5600004196167,13.579999923706056,13.31999969482422,13.369999885559082,12.48845386505127,3153500
2019-07-26,NWSA,13.40999984741211,13.470000267028809,13.359999656677246,13.43000030517578,12.544496536254885,1844500
2019-07-26,NWSA,13.40999984741211,13.470000267028809,13.359999656677246,13.43000030517578,12.544496536254885,1844500
2019-07-29,NWSA,13.399999618530272,13.470000267028809,13.270000457763672,13.380000114440918,12.497796058654783,2277300
2019-07-29,NWSA,13.399999618530272,13.470000267028809,13.270000457763672,13.380000114440918,12.497796058654783,2277300
2019-07-30,NWSA,13.279999732971191,13.40999984741211,13.260000228881836,13.380000114440918,12.497796058654783,1476600
2019-07-30,NWSA,13.279999732971191,13.40999984741211,13.260000228881836,13.380000114440918,12.497796058654783,1476600
2019-07-31,NWSA,13.350000381469728,13.390000343322754,13.109999656677246,13.15999984741211,12.2923002243042,3304100
2019-07-31,NWSA,13.350000381469728,13.390000343322754,13.109999656677246,13.15999984741211,12.2923002243042,3304100
2019-08-01,NWSA,13.119999885559082,13.260000228881836,12.979999542236328,13.029999732971191,12.17087173461914,4014800
2019-08-01,NWSA,13.119999885559082,13.260000228881836,12.979999542236328,13.029999732971191,12.17087173461914,4014800
2019-08-02,NWSA,12.960000038146973,13.020000457763672,12.850000381469728,12.979999542236328,12.12416934967041,2978400
2019-08-02,NWSA,12.960000038146973,13.020000457763672,12.850000381469728,12.979999542236328,12.12416934967041,2978400
2019-08-05,NWSA,12.81999969482422,12.829999923706056,12.649999618530272,12.760000228881836,11.91867446899414,4952800
2019-08-05,NWSA,12.81999969482422,12.829999923706056,12.649999618530272,12.760000228881836,11.91867446899414,4952800
2019-08-06,NWSA,12.84000015258789,12.920000076293944,12.720000267028809,12.899999618530272,12.049444198608398,3276800
2019-08-06,NWSA,12.84000015258789,12.920000076293944,12.720000267028809,12.899999618530272,12.049444198608398,3276800
2019-08-07,NWSA,12.75,12.829999923706056,12.489999771118164,12.789999961853027,11.946694374084473,5410600
2019-08-07,NWSA,12.75,12.829999923706056,12.489999771118164,12.789999961853027,11.946694374084473,5410600
2019-08-08,NWSA,12.859999656677246,13.050000190734863,12.829999923706056,13.029999732971191,12.17087173461914,3310600
2019-08-08,NWSA,12.859999656677246,13.050000190734863,12.829999923706056,13.029999732971191,12.17087173461914,3310600
2019-08-09,NWSA,12.90999984741211,13.770000457763672,12.90999984741211,13.699999809265137,12.7966947555542,4967700
2019-08-09,NWSA,12.90999984741211,13.770000457763672,12.90999984741211,13.699999809265137,12.7966947555542,4967700
2019-08-12,NWSA,13.75,14.229999542236328,13.75,14.029999732971191,13.104936599731444,3267400
2019-08-12,NWSA,13.75,14.229999542236328,13.75,14.029999732971191,13.104936599731444,3267400
2019-08-13,NWSA,14.0,14.350000381469728,14.0,14.039999961853027,13.11427879333496,4725000
2019-08-13,NWSA,14.0,14.350000381469728,14.0,14.039999961853027,13.11427879333496,4725000
2019-08-14,NWSA,13.899999618530272,14.170000076293944,13.350000381469728,13.380000114440918,12.497796058654783,3794900
2019-08-14,NWSA,13.899999618530272,14.170000076293944,13.350000381469728,13.380000114440918,12.497796058654783,3794900
2019-08-15,NWSA,13.390000343322754,13.9399995803833,13.34000015258789,13.649999618530272,12.749993324279783,4206600
2019-08-15,NWSA,13.390000343322754,13.9399995803833,13.34000015258789,13.649999618530272,12.749993324279783,4206600
2019-08-16,NWSA,13.68000030517578,13.829999923706056,13.470000267028809,13.760000228881836,12.852739334106444,2429300
2019-08-16,NWSA,13.68000030517578,13.829999923706056,13.470000267028809,13.760000228881836,12.852739334106444,2429300
2019-08-19,NWSA,14.0,14.140000343322754,13.9399995803833,13.989999771118164,13.06757354736328,2459100
2019-08-19,NWSA,14.0,14.140000343322754,13.9399995803833,13.989999771118164,13.06757354736328,2459100
2019-08-20,NWSA,13.979999542236328,14.149999618530272,13.920000076293944,13.920000076293944,13.002190589904783,1986200
2019-08-20,NWSA,13.979999542236328,14.149999618530272,13.920000076293944,13.920000076293944,13.002190589904783,1986200
2019-08-21,NWSA,13.989999771118164,14.1899995803833,13.890000343322754,14.100000381469728,13.170321464538574,2572500
2019-08-21,NWSA,13.989999771118164,14.1899995803833,13.890000343322754,14.100000381469728,13.170321464538574,2572500
2019-08-22,NWSA,14.1899995803833,14.260000228881836,14.050000190734863,14.149999618530272,13.217023849487305,2120600
2019-08-22,NWSA,14.1899995803833,14.260000228881836,14.050000190734863,14.149999618530272,13.217023849487305,2120600
2019-08-23,NWSA,14.06999969482422,14.119999885559082,13.520000457763672,13.539999961853027,12.647245407104492,3362900
2019-08-23,NWSA,14.06999969482422,14.119999885559082,13.520000457763672,13.539999961853027,12.647245407104492,3362900
2019-08-26,NWSA,13.630000114440918,13.670000076293944,13.5600004196167,13.65999984741211,12.759333610534668,1704700
2019-08-26,NWSA,13.630000114440918,13.670000076293944,13.5600004196167,13.65999984741211,12.759333610534668,1704700
2019-08-27,NWSA,13.729999542236328,13.760000228881836,13.460000038146973,13.510000228881836,12.61922550201416,1787800
2019-08-27,NWSA,13.729999542236328,13.760000228881836,13.460000038146973,13.510000228881836,12.61922550201416,1787800
2019-08-28,NWSA,13.520000457763672,13.720000267028809,13.460000038146973,13.720000267028809,12.81537628173828,1405400
2019-08-28,NWSA,13.520000457763672,13.720000267028809,13.460000038146973,13.720000267028809,12.81537628173828,1405400
2019-08-29,NWSA,13.859999656677246,13.90999984741211,13.779999732971191,13.800000190734863,12.89010238647461,1067800
2019-08-29,NWSA,13.859999656677246,13.90999984741211,13.779999732971191,13.800000190734863,12.89010238647461,1067800
2019-08-30,NWSA,13.84000015258789,13.9399995803833,13.65999984741211,13.75,12.843399047851562,1994200
2019-08-30,NWSA,13.84000015258789,13.9399995803833,13.65999984741211,13.75,12.843399047851562,1994200
2019-09-03,NWSA,13.649999618530272,13.65999984741211,13.489999771118164,13.550000190734863,12.656585693359377,1893000
2019-09-03,NWSA,13.649999618530272,13.65999984741211,13.489999771118164,13.550000190734863,12.656585693359377,1893000
2019-09-04,NWSA,13.739999771118164,13.90999984741211,13.68000030517578,13.890000343322754,12.974167823791504,2712500
2019-09-04,NWSA,13.739999771118164,13.90999984741211,13.68000030517578,13.890000343322754,12.974167823791504,2712500
2019-09-05,NWSA,14.0,14.140000343322754,13.93000030517578,14.0,13.07691478729248,2327300
2019-09-05,NWSA,14.0,14.140000343322754,13.93000030517578,14.0,13.07691478729248,2327300
2019-09-06,NWSA,14.050000190734863,14.199999809265137,14.029999732971191,14.109999656677246,13.179661750793455,1594700
2019-09-06,NWSA,14.050000190734863,14.199999809265137,14.029999732971191,14.109999656677246,13.179661750793455,1594700
2019-09-09,NWSA,14.039999961853027,14.380000114440918,14.039999961853027,14.369999885559082,13.422520637512209,1593500
2019-09-09,NWSA,14.039999961853027,14.380000114440918,14.039999961853027,14.369999885559082,13.422520637512209,1593500
2019-09-10,NWSA,14.270000457763672,14.529999732971191,14.199999809265137,14.510000228881836,13.648268699645996,2442800
2019-09-10,NWSA,14.270000457763672,14.529999732971191,14.199999809265137,14.510000228881836,13.648268699645996,2442800
2019-09-11,NWSA,14.529999732971191,14.649999618530272,14.40999984741211,14.550000190734863,13.685891151428224,3194100
2019-09-11,NWSA,14.529999732971191,14.649999618530272,14.40999984741211,14.550000190734863,13.685891151428224,3194100
2019-09-12,NWSA,14.579999923706056,14.65999984741211,14.40999984741211,14.420000076293944,13.56361198425293,3394800
2019-09-12,NWSA,14.579999923706056,14.65999984741211,14.40999984741211,14.420000076293944,13.56361198425293,3394800
2019-09-13,NWSA,14.510000228881836,14.579999923706056,14.40999984741211,14.550000190734863,13.685891151428224,1471100
2019-09-13,NWSA,14.510000228881836,14.579999923706056,14.40999984741211,14.550000190734863,13.685891151428224,1471100
2019-09-16,NWSA,14.489999771118164,14.5,13.970000267028809,14.079999923706056,13.243803977966309,2705900
2019-09-16,NWSA,14.489999771118164,14.5,13.970000267028809,14.079999923706056,13.243803977966309,2705900
2019-09-17,NWSA,14.06999969482422,14.270000457763672,13.949999809265137,14.25,13.40370750427246,1497800
2019-09-17,NWSA,14.06999969482422,14.270000457763672,13.949999809265137,14.25,13.40370750427246,1497800
2019-09-18,NWSA,14.229999542236328,14.359999656677246,14.149999618530272,14.239999771118164,13.394302368164062,2364300
2019-09-18,NWSA,14.229999542236328,14.359999656677246,14.149999618530272,14.239999771118164,13.394302368164062,2364300
2019-09-19,NWSA,14.300000190734863,14.300000190734863,13.93000030517578,13.949999809265137,13.1215238571167,2724800
2019-09-19,NWSA,14.300000190734863,14.300000190734863,13.93000030517578,13.949999809265137,13.1215238571167,2724800
2019-09-20,NWSA,14.010000228881836,14.210000038146973,13.800000190734863,13.9399995803833,13.1121187210083,4084100
2019-09-20,NWSA,14.010000228881836,14.210000038146973,13.800000190734863,13.9399995803833,13.1121187210083,4084100
2019-09-23,NWSA,13.880000114440918,14.119999885559082,13.8100004196167,14.010000228881836,13.177961349487305,1778300
2019-09-23,NWSA,13.880000114440918,14.119999885559082,13.8100004196167,14.010000228881836,13.177961349487305,1778300
2019-09-24,NWSA,14.039999961853027,14.09000015258789,13.699999809265137,13.93000030517578,13.102712631225586,2526900
2019-09-24,NWSA,14.039999961853027,14.09000015258789,13.699999809265137,13.93000030517578,13.102712631225586,2526900
2019-09-25,NWSA,13.920000076293944,14.119999885559082,13.850000381469728,14.039999961853027,13.20617961883545,1398600
2019-09-25,NWSA,13.920000076293944,14.119999885559082,13.850000381469728,14.039999961853027,13.20617961883545,1398600
2019-09-26,NWSA,14.039999961853027,14.039999961853027,13.670000076293944,13.93000030517578,13.102712631225586,1870700
2019-09-26,NWSA,14.039999961853027,14.039999961853027,13.670000076293944,13.93000030517578,13.102712631225586,1870700
2019-09-27,NWSA,13.960000038146973,14.029999732971191,13.779999732971191,13.859999656677246,13.036869049072266,1058300
2019-09-27,NWSA,13.960000038146973,14.029999732971191,13.779999732971191,13.859999656677246,13.036869049072266,1058300
2019-09-30,NWSA,13.920000076293944,14.1899995803833,13.890000343322754,13.920000076293944,13.093307495117188,1881200
2019-09-30,NWSA,13.920000076293944,14.1899995803833,13.890000343322754,13.920000076293944,13.093307495117188,1881200
2019-10-01,NWSA,13.9399995803833,14.119999885559082,13.84000015258789,13.880000114440918,13.055681228637695,2601900
2019-10-01,NWSA,13.9399995803833,14.119999885559082,13.84000015258789,13.880000114440918,13.055681228637695,2601900
2019-10-02,NWSA,13.770000457763672,13.829999923706056,13.600000381469728,13.75,12.933401107788086,2156800
2019-10-02,NWSA,13.770000457763672,13.829999923706056,13.600000381469728,13.75,12.933401107788086,2156800
2019-10-03,NWSA,13.800000190734863,13.81999969482422,13.470000267028809,13.6899995803833,12.876965522766112,1940100
2019-10-03,NWSA,13.800000190734863,13.81999969482422,13.470000267028809,13.6899995803833,12.876965522766112,1940100
2019-10-04,NWSA,13.600000381469728,13.890000343322754,13.600000381469728,13.859999656677246,13.036869049072266,1325400
2019-10-04,NWSA,13.600000381469728,13.890000343322754,13.600000381469728,13.859999656677246,13.036869049072266,1325400
2019-10-07,NWSA,13.789999961853027,13.859999656677246,13.699999809265137,13.710000038146973,12.895779609680176,1976100
2019-10-07,NWSA,13.789999961853027,13.859999656677246,13.699999809265137,13.710000038146973,12.895779609680176,1976100
2019-10-08,NWSA,13.630000114440918,13.630000114440918,12.960000038146973,12.970000267028809,12.199726104736328,1879900
2019-10-08,NWSA,13.630000114440918,13.630000114440918,12.960000038146973,12.970000267028809,12.199726104736328,1879900
2019-10-09,NWSA,13.020000457763672,13.130000114440918,12.890000343322754,13.079999923706056,12.303192138671877,2142900
2019-10-09,NWSA,13.020000457763672,13.130000114440918,12.890000343322754,13.079999923706056,12.303192138671877,2142900
2019-10-10,NWSA,13.0600004196167,13.25,13.039999961853027,13.18000030517578,12.397253036499023,1609700
2019-10-10,NWSA,13.0600004196167,13.25,13.039999961853027,13.18000030517578,12.397253036499023,1609700
2019-10-11,NWSA,13.300000190734863,13.59000015258789,13.300000190734863,13.5,12.698249816894531,2053100
2019-10-11,NWSA,13.300000190734863,13.59000015258789,13.300000190734863,13.5,12.698249816894531,2053100
2019-10-14,NWSA,13.529999732971191,13.5600004196167,13.399999618530272,13.529999732971191,12.72646713256836,2043300
2019-10-14,NWSA,13.529999732971191,13.5600004196167,13.399999618530272,13.529999732971191,12.72646713256836,2043300
2019-10-15,NWSA,13.489999771118164,13.539999961853027,12.84000015258789,13.420000076293944,12.623000144958496,3989700
2019-10-15,NWSA,13.489999771118164,13.539999961853027,12.84000015258789,13.420000076293944,12.623000144958496,3989700
2019-10-16,NWSA,13.399999618530272,13.6899995803833,13.289999961853027,13.65999984741211,12.848747253417969,3234000
2019-10-16,NWSA,13.399999618530272,13.6899995803833,13.289999961853027,13.65999984741211,12.848747253417969,3234000
2019-10-17,NWSA,13.710000038146973,13.81999969482422,13.56999969482422,13.670000076293944,12.858152389526367,2089800
2019-10-17,NWSA,13.710000038146973,13.81999969482422,13.56999969482422,13.670000076293944,12.858152389526367,2089800
2019-10-18,NWSA,13.640000343322754,13.770000457763672,13.4399995803833,13.470000267028809,12.670031547546388,1776800
2019-10-18,NWSA,13.640000343322754,13.770000457763672,13.4399995803833,13.470000267028809,12.670031547546388,1776800
2019-10-21,NWSA,13.529999732971191,13.710000038146973,13.520000457763672,13.649999618530272,12.839340209960938,2233100
2019-10-21,NWSA,13.529999732971191,13.710000038146973,13.520000457763672,13.649999618530272,12.839340209960938,2233100
2019-10-22,NWSA,13.6899995803833,14.0,13.640000343322754,13.84000015258789,13.018057823181152,2102900
2019-10-22,NWSA,13.6899995803833,14.0,13.640000343322754,13.84000015258789,13.018057823181152,2102900
2019-10-23,NWSA,13.869999885559082,13.93000030517578,13.729999542236328,13.850000381469728,13.02746295928955,1453100
2019-10-23,NWSA,13.869999885559082,13.93000030517578,13.729999542236328,13.850000381469728,13.02746295928955,1453100
2019-10-24,NWSA,13.93000030517578,14.170000076293944,13.6899995803833,13.8100004196167,12.989839553833008,1974400
2019-10-24,NWSA,13.93000030517578,14.170000076293944,13.6899995803833,13.8100004196167,12.989839553833008,1974400
2019-10-25,NWSA,13.779999732971191,13.880000114440918,13.720000267028809,13.800000190734863,12.980433464050291,2280800
2019-10-25,NWSA,13.779999732971191,13.880000114440918,13.720000267028809,13.800000190734863,12.980433464050291,2280800
2019-10-28,NWSA,13.850000381469728,14.0,13.81999969482422,13.890000343322754,13.065089225769045,1220500
2019-10-28,NWSA,13.850000381469728,14.0,13.81999969482422,13.890000343322754,13.065089225769045,1220500
2019-10-29,NWSA,14.06999969482422,14.06999969482422,13.829999923706056,13.960000038146973,13.130928993225098,1389200
2019-10-29,NWSA,14.06999969482422,14.06999969482422,13.829999923706056,13.960000038146973,13.130928993225098,1389200
2019-10-30,NWSA,13.920000076293944,13.920000076293944,13.550000190734863,13.640000343322754,12.829934120178224,1913800
2019-10-30,NWSA,13.920000076293944,13.920000076293944,13.550000190734863,13.640000343322754,12.829934120178224,1913800
2019-10-31,NWSA,13.65999984741211,13.720000267028809,13.4399995803833,13.710000038146973,12.895779609680176,1375000
2019-10-31,NWSA,13.65999984741211,13.720000267028809,13.4399995803833,13.710000038146973,12.895779609680176,1375000
2019-11-01,NWSA,13.720000267028809,13.84000015258789,13.56999969482422,13.760000228881836,12.942808151245115,1569700
2019-11-01,NWSA,13.720000267028809,13.84000015258789,13.56999969482422,13.760000228881836,12.942808151245115,1569700
2019-11-04,NWSA,13.81999969482422,13.9399995803833,13.729999542236328,13.8100004196167,12.989839553833008,2098000
2019-11-04,NWSA,13.81999969482422,13.9399995803833,13.729999542236328,13.8100004196167,12.989839553833008,2098000
2019-11-05,NWSA,13.850000381469728,13.90999984741211,13.729999542236328,13.75,12.933401107788086,1453200
2019-11-05,NWSA,13.850000381469728,13.90999984741211,13.729999542236328,13.75,12.933401107788086,1453200
2019-11-06,NWSA,13.729999542236328,13.760000228881836,13.420000076293944,13.550000190734863,12.745279312133787,1879200
2019-11-06,NWSA,13.729999542236328,13.760000228881836,13.420000076293944,13.550000190734863,12.745279312133787,1879200
2019-11-07,NWSA,13.59000015258789,13.800000190734863,13.270000457763672,13.31999969482422,12.528938293457031,4306400
2019-11-07,NWSA,13.59000015258789,13.800000190734863,13.270000457763672,13.31999969482422,12.528938293457031,4306400
2019-11-08,NWSA,13.260000228881836,13.460000038146973,12.619999885559082,12.899999618530272,12.133882522583008,6777400
2019-11-08,NWSA,13.260000228881836,13.460000038146973,12.619999885559082,12.899999618530272,12.133882522583008,6777400
2019-11-11,NWSA,12.779999732971191,13.1899995803833,12.699999809265137,13.149999618530272,12.369033813476562,4014700
2019-11-11,NWSA,12.779999732971191,13.1899995803833,12.699999809265137,13.149999618530272,12.369033813476562,4014700
2019-11-12,NWSA,13.140000343322754,13.15999984741211,12.920000076293944,13.119999885559082,12.34081745147705,4611100
2019-11-12,NWSA,13.140000343322754,13.15999984741211,12.920000076293944,13.119999885559082,12.34081745147705,4611100
2019-11-13,NWSA,13.0600004196167,13.260000228881836,12.949999809265137,13.109999656677246,12.33141040802002,5528100
2019-11-13,NWSA,13.0600004196167,13.260000228881836,12.949999809265137,13.109999656677246,12.33141040802002,5528100
2019-11-14,NWSA,13.0600004196167,13.100000381469728,12.760000228881836,12.90999984741211,12.143290519714355,2423100
2019-11-14,NWSA,13.0600004196167,13.100000381469728,12.760000228881836,12.90999984741211,12.143290519714355,2423100
2019-11-15,NWSA,12.949999809265137,13.020000457763672,12.859999656677246,12.989999771118164,12.21853733062744,1987800
2019-11-15,NWSA,12.949999809265137,13.020000457763672,12.859999656677246,12.989999771118164,12.21853733062744,1987800
2019-11-18,NWSA,12.93000030517578,13.050000190734863,12.869999885559082,12.890000343322754,12.12447738647461,1563500
2019-11-18,NWSA,12.93000030517578,13.050000190734863,12.869999885559082,12.890000343322754,12.12447738647461,1563500
2019-11-19,NWSA,12.899999618530272,12.93000030517578,12.8100004196167,12.880000114440918,12.115070343017578,1539700
2019-11-19,NWSA,12.899999618530272,12.93000030517578,12.8100004196167,12.880000114440918,12.115070343017578,1539700
2019-11-20,NWSA,12.8100004196167,12.859999656677246,12.670000076293944,12.729999542236328,11.97397804260254,1820200
2019-11-20,NWSA,12.8100004196167,12.859999656677246,12.670000076293944,12.729999542236328,11.97397804260254,1820200
2019-11-21,NWSA,12.760000228881836,12.899999618530272,12.510000228881836,12.56999969482422,11.823481559753418,3250500
2019-11-21,NWSA,12.760000228881836,12.899999618530272,12.510000228881836,12.56999969482422,11.823481559753418,3250500
2019-11-22,NWSA,12.619999885559082,12.739999771118164,12.550000190734863,12.710000038146973,11.95516586303711,2306100
2019-11-22,NWSA,12.619999885559082,12.739999771118164,12.550000190734863,12.710000038146973,11.95516586303711,2306100
2019-11-25,NWSA,12.789999961853027,12.890000343322754,12.6899995803833,12.859999656677246,12.096257209777832,3179800
2019-11-25,NWSA,12.789999961853027,12.890000343322754,12.6899995803833,12.859999656677246,12.096257209777832,3179800
2019-11-26,NWSA,12.989999771118164,13.079999923706056,12.850000381469728,13.039999961853027,12.265568733215332,3474300
2019-11-26,NWSA,12.989999771118164,13.079999923706056,12.850000381469728,13.039999961853027,12.265568733215332,3474300
2019-11-27,NWSA,13.119999885559082,13.220000267028809,13.010000228881836,13.06999969482422,12.293785095214844,1997000
2019-11-27,NWSA,13.119999885559082,13.220000267028809,13.010000228881836,13.06999969482422,12.293785095214844,1997000
2019-11-29,NWSA,13.010000228881836,13.050000190734863,12.779999732971191,12.880000114440918,12.115070343017578,1072800
2019-11-29,NWSA,13.010000228881836,13.050000190734863,12.779999732971191,12.880000114440918,12.115070343017578,1072800
2019-12-02,NWSA,12.859999656677246,12.93000030517578,12.710000038146973,12.880000114440918,12.115070343017578,2473400
2019-12-02,NWSA,12.859999656677246,12.93000030517578,12.710000038146973,12.880000114440918,12.115070343017578,2473400
2019-12-03,NWSA,12.93000030517578,13.06999969482422,12.529999732971191,12.670000076293944,11.917542457580566,2374000
2019-12-03,NWSA,12.93000030517578,13.06999969482422,12.529999732971191,12.670000076293944,11.917542457580566,2374000
2019-12-04,NWSA,12.6899995803833,12.899999618530272,12.640000343322754,12.84000015258789,12.077446937561035,3196900
2019-12-04,NWSA,12.6899995803833,12.899999618530272,12.640000343322754,12.84000015258789,12.077446937561035,3196900
2019-12-05,NWSA,12.880000114440918,13.050000190734863,12.8100004196167,13.0,12.227944374084473,2713300
2019-12-05,NWSA,12.880000114440918,13.050000190734863,12.8100004196167,13.0,12.227944374084473,2713300
2019-12-06,NWSA,13.09000015258789,13.260000228881836,12.989999771118164,13.210000038146973,12.425472259521484,2171400
2019-12-06,NWSA,13.09000015258789,13.260000228881836,12.989999771118164,13.210000038146973,12.425472259521484,2171400
2019-12-09,NWSA,13.1899995803833,13.5,13.149999618530272,13.229999542236328,12.44428539276123,1882300
2019-12-09,NWSA,13.1899995803833,13.5,13.149999618530272,13.229999542236328,12.44428539276123,1882300
2019-12-10,NWSA,13.25,13.34000015258789,13.140000343322754,13.210000038146973,12.425472259521484,2155000
2019-12-10,NWSA,13.25,13.34000015258789,13.140000343322754,13.210000038146973,12.425472259521484,2155000
2019-12-11,NWSA,13.25,13.420000076293944,13.229999542236328,13.3100004196167,12.51953411102295,2488100
2019-12-11,NWSA,13.25,13.420000076293944,13.229999542236328,13.3100004196167,12.51953411102295,2488100
2019-12-12,NWSA,13.369999885559082,13.829999923706056,13.329999923706056,13.789999961853027,12.971027374267578,2787900
2019-12-12,NWSA,13.369999885559082,13.829999923706056,13.329999923706056,13.789999961853027,12.971027374267578,2787900
2019-12-13,NWSA,13.8100004196167,13.84000015258789,13.5600004196167,13.59000015258789,12.782906532287598,2255600
2019-12-13,NWSA,13.8100004196167,13.84000015258789,13.5600004196167,13.59000015258789,12.782906532287598,2255600
2019-12-16,NWSA,13.65999984741211,13.9399995803833,13.65999984741211,13.729999542236328,12.914589881896973,2146000
2019-12-16,NWSA,13.65999984741211,13.9399995803833,13.65999984741211,13.729999542236328,12.914589881896973,2146000
2019-12-17,NWSA,13.779999732971191,13.84000015258789,13.619999885559082,13.789999961853027,12.971027374267578,1604600
2019-12-17,NWSA,13.779999732971191,13.84000015258789,13.619999885559082,13.789999961853027,12.971027374267578,1604600
2019-12-18,NWSA,13.779999732971191,14.06999969482422,13.75,14.0600004196167,13.224992752075195,2697800
2019-12-18,NWSA,13.779999732971191,14.06999969482422,13.75,14.0600004196167,13.224992752075195,2697800
2019-12-19,NWSA,14.010000228881836,14.050000190734863,13.81999969482422,13.920000076293944,13.093307495117188,3206900
2019-12-19,NWSA,14.010000228881836,14.050000190734863,13.81999969482422,13.920000076293944,13.093307495117188,3206900
2019-12-20,NWSA,14.050000190734863,14.079999923706056,13.760000228881836,13.949999809265137,13.1215238571167,5927800
2019-12-20,NWSA,14.050000190734863,14.079999923706056,13.760000228881836,13.949999809265137,13.1215238571167,5927800
2019-12-23,NWSA,14.270000457763672,14.270000457763672,13.890000343322754,14.0,13.16855525970459,1111000
2019-12-23,NWSA,14.270000457763672,14.270000457763672,13.890000343322754,14.0,13.16855525970459,1111000
2019-12-24,NWSA,13.979999542236328,14.029999732971191,13.920000076293944,13.979999542236328,13.149741172790527,769000
2019-12-24,NWSA,13.979999542236328,14.029999732971191,13.920000076293944,13.979999542236328,13.149741172790527,769000
2019-12-26,NWSA,14.050000190734863,14.18000030517578,14.029999732971191,14.170000076293944,13.328458786010742,979600
2019-12-26,NWSA,14.050000190734863,14.18000030517578,14.029999732971191,14.170000076293944,13.328458786010742,979600
2019-12-27,NWSA,14.130000114440918,14.229999542236328,14.06999969482422,14.149999618530272,13.309646606445312,1020700
2019-12-27,NWSA,14.130000114440918,14.229999542236328,14.06999969482422,14.149999618530272,13.309646606445312,1020700
2019-12-30,NWSA,14.130000114440918,14.15999984741211,14.0600004196167,14.06999969482422,13.234396934509276,1436800
2019-12-30,NWSA,14.130000114440918,14.15999984741211,14.0600004196167,14.06999969482422,13.234396934509276,1436800
2019-12-31,NWSA,14.100000381469728,14.140000343322754,13.949999809265137,14.140000343322754,13.300240516662598,1456700
2019-12-31,NWSA,14.100000381469728,14.140000343322754,13.949999809265137,14.140000343322754,13.300240516662598,1456700
2020-01-02,NWSA,14.170000076293944,14.449999809265137,14.15999984741211,14.4399995803833,13.582422256469728,2182900
2020-01-02,NWSA,14.170000076293944,14.449999809265137,14.15999984741211,14.4399995803833,13.582422256469728,2182900
2020-01-03,NWSA,14.220000267028809,14.43000030517578,14.220000267028809,14.399999618530272,13.544800758361816,1976500
2020-01-03,NWSA,14.220000267028809,14.43000030517578,14.220000267028809,14.399999618530272,13.544800758361816,1976500
2020-01-06,NWSA,14.34000015258789,14.369999885559082,14.199999809265137,14.359999656677246,13.507173538208008,2011900
2020-01-06,NWSA,14.34000015258789,14.369999885559082,14.199999809265137,14.359999656677246,13.507173538208008,2011900
2020-01-07,NWSA,14.380000114440918,14.59000015258789,14.289999961853027,14.5,13.638861656188965,1585000
2020-01-07,NWSA,14.380000114440918,14.59000015258789,14.289999961853027,14.5,13.638861656188965,1585000
2020-01-08,NWSA,14.470000267028809,14.68000030517578,14.470000267028809,14.539999961853027,13.676485061645508,1695900
2020-01-08,NWSA,14.470000267028809,14.68000030517578,14.470000267028809,14.539999961853027,13.676485061645508,1695900
2020-01-09,NWSA,14.539999961853027,14.59000015258789,14.31999969482422,14.43000030517578,13.573017120361328,1846900
2020-01-09,NWSA,14.539999961853027,14.59000015258789,14.31999969482422,14.43000030517578,13.573017120361328,1846900
2020-01-10,NWSA,14.40999984741211,14.470000267028809,14.31999969482422,14.350000381469728,13.497770309448242,1862500
2020-01-10,NWSA,14.40999984741211,14.470000267028809,14.31999969482422,14.350000381469728,13.497770309448242,1862500
2020-01-13,NWSA,14.380000114440918,14.579999923706056,14.239999771118164,14.56999969482422,13.70470142364502,1675800
2020-01-13,NWSA,14.380000114440918,14.579999923706056,14.239999771118164,14.56999969482422,13.70470142364502,1675800
2020-01-14,NWSA,14.510000228881836,14.6899995803833,14.489999771118164,14.670000076293944,13.798763275146484,1670100
2020-01-14,NWSA,14.510000228881836,14.6899995803833,14.489999771118164,14.670000076293944,13.798763275146484,1670100
2020-01-15,NWSA,14.670000076293944,14.800000190734863,14.5,14.789999961853027,13.911636352539062,1399100
2020-01-15,NWSA,14.670000076293944,14.800000190734863,14.5,14.789999961853027,13.911636352539062,1399100
2020-01-16,NWSA,14.829999923706056,14.979999542236328,14.770000457763672,14.90999984741211,14.024510383605955,2419900
2020-01-16,NWSA,14.829999923706056,14.979999542236328,14.770000457763672,14.90999984741211,14.024510383605955,2419900
2020-01-17,NWSA,14.920000076293944,15.06999969482422,14.829999923706056,14.90999984741211,14.024510383605955,1838500
2020-01-17,NWSA,14.920000076293944,15.06999969482422,14.829999923706056,14.90999984741211,14.024510383605955,1838500
2020-01-21,NWSA,14.770000457763672,14.880000114440918,14.390000343322754,14.489999771118164,13.62945556640625,2380500
2020-01-21,NWSA,14.770000457763672,14.880000114440918,14.390000343322754,14.489999771118164,13.62945556640625,2380500
2020-01-22,NWSA,14.489999771118164,14.59000015258789,14.390000343322754,14.449999809265137,13.591829299926758,2262100
2020-01-22,NWSA,14.489999771118164,14.59000015258789,14.390000343322754,14.449999809265137,13.591829299926758,2262100
2020-01-23,NWSA,14.369999885559082,14.43000030517578,14.239999771118164,14.350000381469728,13.497770309448242,1468400
2020-01-23,NWSA,14.369999885559082,14.43000030517578,14.239999771118164,14.350000381469728,13.497770309448242,1468400
2020-01-24,NWSA,14.289999961853027,14.34000015258789,13.920000076293944,13.9399995803833,13.1121187210083,1806700
2020-01-24,NWSA,14.289999961853027,14.34000015258789,13.920000076293944,13.9399995803833,13.1121187210083,1806700
2020-01-27,NWSA,13.699999809265137,13.859999656677246,13.649999618530272,13.65999984741211,12.848747253417969,3727000
2020-01-27,NWSA,13.699999809265137,13.859999656677246,13.649999618530272,13.65999984741211,12.848747253417969,3727000
2020-01-28,NWSA,13.670000076293944,13.789999961853027,13.5,13.510000228881836,12.70765495300293,3163800
2020-01-28,NWSA,13.670000076293944,13.789999961853027,13.5,13.510000228881836,12.70765495300293,3163800
2020-01-29,NWSA,13.510000228881836,13.640000343322754,13.31999969482422,13.369999885559082,12.575971603393556,2228300
2020-01-29,NWSA,13.510000228881836,13.640000343322754,13.31999969482422,13.369999885559082,12.575971603393556,2228300
2020-01-30,NWSA,13.210000038146973,13.670000076293944,13.18000030517578,13.649999618530272,12.839340209960938,2949600
2020-01-30,NWSA,13.210000038146973,13.670000076293944,13.18000030517578,13.649999618530272,12.839340209960938,2949600
2020-01-31,NWSA,13.59000015258789,13.720000267028809,13.510000228881836,13.619999885559082,12.81112289428711,4222300
2020-01-31,NWSA,13.59000015258789,13.720000267028809,13.510000228881836,13.619999885559082,12.81112289428711,4222300
2020-02-03,NWSA,13.739999771118164,13.84000015258789,13.609999656677246,13.640000343322754,12.829934120178224,2519000
2020-02-03,NWSA,13.739999771118164,13.84000015258789,13.609999656677246,13.640000343322754,12.829934120178224,2519000
2020-02-04,NWSA,13.8100004196167,13.829999923706056,13.619999885559082,13.8100004196167,12.989839553833008,2261900
2020-02-04,NWSA,13.8100004196167,13.829999923706056,13.619999885559082,13.8100004196167,12.989839553833008,2261900
2020-02-05,NWSA,13.93000030517578,14.170000076293944,13.779999732971191,14.09000015258789,13.253210067749023,2464500
2020-02-05,NWSA,13.93000030517578,14.170000076293944,13.779999732971191,14.09000015258789,13.253210067749023,2464500
2020-02-06,NWSA,14.210000038146973,14.56999969482422,14.119999885559082,14.470000267028809,13.610641479492188,4351600
2020-02-06,NWSA,14.210000038146973,14.56999969482422,14.119999885559082,14.470000267028809,13.610641479492188,4351600
2020-02-07,NWSA,13.970000267028809,14.449999809265137,13.56999969482422,14.1899995803833,13.347271919250488,6367500
2020-02-07,NWSA,13.970000267028809,14.449999809265137,13.56999969482422,14.1899995803833,13.347271919250488,6367500
2020-02-10,NWSA,14.1899995803833,14.1899995803833,13.630000114440918,13.760000228881836,12.942808151245115,3497000
2020-02-10,NWSA,14.1899995803833,14.1899995803833,13.630000114440918,13.760000228881836,12.942808151245115,3497000
2020-02-11,NWSA,13.859999656677246,14.140000343322754,13.800000190734863,14.130000114440918,13.290833473205566,1834000
2020-02-11,NWSA,13.859999656677246,14.140000343322754,13.800000190734863,14.130000114440918,13.290833473205566,1834000
2020-02-12,NWSA,14.15999984741211,14.5,14.15999984741211,14.4399995803833,13.582422256469728,2181000
2020-02-12,NWSA,14.15999984741211,14.5,14.15999984741211,14.4399995803833,13.582422256469728,2181000
2020-02-13,NWSA,14.40999984741211,14.470000267028809,14.289999961853027,14.399999618530272,13.544800758361816,1794000
2020-02-13,NWSA,14.40999984741211,14.470000267028809,14.289999961853027,14.399999618530272,13.544800758361816,1794000
2020-02-14,NWSA,14.420000076293944,14.619999885559082,14.31999969482422,14.600000381469728,13.732922554016112,1752000
2020-02-14,NWSA,14.420000076293944,14.619999885559082,14.31999969482422,14.600000381469728,13.732922554016112,1752000
2020-02-18,NWSA,14.5600004196167,14.600000381469728,14.449999809265137,14.5,13.638861656188965,1710100
2020-02-18,NWSA,14.5600004196167,14.600000381469728,14.449999809265137,14.5,13.638861656188965,1710100
2020-02-19,NWSA,14.550000190734863,14.789999961853027,14.460000038146973,14.609999656677246,13.742327690124512,1610800
2020-02-19,NWSA,14.550000190734863,14.789999961853027,14.460000038146973,14.609999656677246,13.742327690124512,1610800
2020-02-20,NWSA,14.739999771118164,14.739999771118164,14.359999656677246,14.550000190734863,13.685891151428224,2027300
2020-02-20,NWSA,14.739999771118164,14.739999771118164,14.359999656677246,14.550000190734863,13.685891151428224,2027300
2020-02-21,NWSA,14.470000267028809,14.489999771118164,14.300000190734863,14.34000015258789,13.488363265991213,1656800
2020-02-21,NWSA,14.470000267028809,14.489999771118164,14.300000190734863,14.34000015258789,13.488363265991213,1656800
2020-02-24,NWSA,13.989999771118164,14.140000343322754,13.609999656677246,13.609999656677246,12.801715850830078,2171600
2020-02-24,NWSA,13.989999771118164,14.140000343322754,13.609999656677246,13.609999656677246,12.801715850830078,2171600
2020-02-25,NWSA,13.670000076293944,13.869999885559082,12.8100004196167,12.859999656677246,12.096257209777832,5930600
2020-02-25,NWSA,13.670000076293944,13.869999885559082,12.8100004196167,12.859999656677246,12.096257209777832,5930600
2020-02-26,NWSA,12.869999885559082,12.949999809265137,12.210000038146973,12.329999923706056,11.597735404968262,3233700
2020-02-26,NWSA,12.869999885559082,12.949999809265137,12.210000038146973,12.329999923706056,11.597735404968262,3233700
2020-02-27,NWSA,12.100000381469728,12.40999984741211,11.729999542236328,11.93000030517578,11.221489906311035,4158000
2020-02-27,NWSA,12.100000381469728,12.40999984741211,11.729999542236328,11.93000030517578,11.221489906311035,4158000
2020-02-28,NWSA,11.510000228881836,12.220000267028809,11.510000228881836,12.079999923706056,11.362581253051758,8734300
2020-02-28,NWSA,11.510000228881836,12.220000267028809,11.510000228881836,12.079999923706056,11.362581253051758,8734300
2020-03-02,NWSA,12.119999885559082,12.4399995803833,11.739999771118164,12.43000030517578,11.69179630279541,4424900
2020-03-02,NWSA,12.119999885559082,12.4399995803833,11.739999771118164,12.43000030517578,11.69179630279541,4424900
2020-03-03,NWSA,12.34000015258789,12.75,11.779999732971191,11.84000015258789,11.136835098266602,4159000
2020-03-03,NWSA,12.34000015258789,12.75,11.779999732971191,11.84000015258789,11.136835098266602,4159000
2020-03-04,NWSA,11.6899995803833,11.970000267028809,11.520000457763672,11.770000457763672,11.07099151611328,4165800
2020-03-04,NWSA,11.6899995803833,11.970000267028809,11.520000457763672,11.770000457763672,11.07099151611328,4165800
2020-03-05,NWSA,11.479999542236328,11.479999542236328,11.010000228881836,11.06999969482422,10.412565231323242,2542600
2020-03-05,NWSA,11.479999542236328,11.479999542236328,11.010000228881836,11.06999969482422,10.412565231323242,2542600
2020-03-06,NWSA,10.68000030517578,11.109999656677246,10.579999923706056,11.020000457763672,10.365533828735352,4089300
2020-03-06,NWSA,10.68000030517578,11.109999656677246,10.579999923706056,11.020000457763672,10.365533828735352,4089300
2020-03-09,NWSA,10.260000228881836,10.56999969482422,10.06999969482422,10.140000343322754,9.537796020507812,3928200
2020-03-09,NWSA,10.260000228881836,10.56999969482422,10.06999969482422,10.140000343322754,9.537796020507812,3928200
2020-03-10,NWSA,10.350000381469728,10.829999923706056,10.0600004196167,10.800000190734863,10.259779930114746,3831700
2020-03-10,NWSA,10.350000381469728,10.829999923706056,10.0600004196167,10.800000190734863,10.259779930114746,3831700
2020-03-11,NWSA,10.449999809265137,10.56999969482422,10.010000228881836,10.09000015258789,9.585293769836426,3876400
2020-03-11,NWSA,10.449999809265137,10.56999969482422,10.010000228881836,10.09000015258789,9.585293769836426,3876400
2020-03-12,NWSA,9.380000114440918,9.829999923706056,9.109999656677246,9.220000267028809,8.75881290435791,9126200
2020-03-12,NWSA,9.380000114440918,9.829999923706056,9.109999656677246,9.220000267028809,8.75881290435791,9126200
2020-03-13,NWSA,9.739999771118164,10.5,9.5,10.470000267028809,9.946288108825684,6720500
2020-03-13,NWSA,9.739999771118164,10.5,9.5,10.470000267028809,9.946288108825684,6720500
2020-03-16,NWSA,10.5600004196167,10.5600004196167,9.449999809265137,10.140000343322754,9.632792472839355,5382500
2020-03-16,NWSA,10.5600004196167,10.5600004196167,9.449999809265137,10.140000343322754,9.632792472839355,5382500
2020-03-17,NWSA,10.170000076293944,11.479999542236328,9.970000267028809,10.880000114440918,10.33577823638916,7291400
2020-03-17,NWSA,10.170000076293944,11.479999542236328,9.970000267028809,10.880000114440918,10.33577823638916,7291400
2020-03-18,NWSA,10.56999969482422,10.619999885559082,9.520000457763672,9.880000114440918,9.385799407958984,4261500
2020-03-18,NWSA,10.56999969482422,10.619999885559082,9.520000457763672,9.880000114440918,9.385799407958984,4261500
2020-03-19,NWSA,9.81999969482422,10.350000381469728,9.529999732971191,9.670000076293944,9.186304092407228,3494800
2020-03-19,NWSA,9.81999969482422,10.350000381469728,9.529999732971191,9.670000076293944,9.186304092407228,3494800
2020-03-20,NWSA,9.359999656677246,9.710000038146973,8.920000076293945,9.020000457763672,8.568817138671875,5681300
2020-03-20,NWSA,9.359999656677246,9.710000038146973,8.920000076293945,9.020000457763672,8.568817138671875,5681300
2020-03-23,NWSA,9.109999656677246,9.1899995803833,7.96999979019165,8.229999542236328,7.818333148956299,4201100
2020-03-23,NWSA,9.109999656677246,9.1899995803833,7.96999979019165,8.229999542236328,7.818333148956299,4201100
2020-03-24,NWSA,8.649999618530273,8.699999809265137,8.329999923706055,8.680000305175781,8.245823860168457,2568500
2020-03-24,NWSA,8.649999618530273,8.699999809265137,8.329999923706055,8.680000305175781,8.245823860168457,2568500
2020-03-25,NWSA,8.65999984741211,9.229999542236328,8.100000381469727,8.720000267028809,8.283823013305664,5042200
2020-03-25,NWSA,8.65999984741211,9.229999542236328,8.100000381469727,8.720000267028809,8.283823013305664,5042200
2020-03-26,NWSA,8.779999732971191,9.399999618530272,8.710000038146973,9.15999984741211,8.701814651489258,3247600
2020-03-26,NWSA,8.779999732971191,9.399999618530272,8.710000038146973,9.15999984741211,8.701814651489258,3247600
2020-03-27,NWSA,8.890000343322754,8.890000343322754,8.420000076293945,8.529999732971191,8.103326797485352,2888900
2020-03-27,NWSA,8.890000343322754,8.890000343322754,8.420000076293945,8.529999732971191,8.103326797485352,2888900
2020-03-30,NWSA,8.470000267028809,8.930000305175781,8.289999961853027,8.819999694824219,8.37882137298584,4264800
2020-03-30,NWSA,8.470000267028809,8.930000305175781,8.289999961853027,8.819999694824219,8.37882137298584,4264800
2020-03-31,NWSA,8.979999542236328,9.329999923706056,8.619999885559082,8.979999542236328,8.530817031860352,4254100
2020-03-31,NWSA,8.979999542236328,9.329999923706056,8.619999885559082,8.979999542236328,8.530817031860352,4254100
2020-04-01,NWSA,8.420000076293945,9.06999969482422,8.40999984741211,8.640000343322754,8.20782470703125,3475300
2020-04-01,NWSA,8.420000076293945,9.06999969482422,8.40999984741211,8.640000343322754,8.20782470703125,3475300
2020-04-02,NWSA,8.520000457763672,8.859999656677246,7.900000095367432,8.199999809265137,7.789834022521973,4876100
2020-04-02,NWSA,8.520000457763672,8.859999656677246,7.900000095367432,8.199999809265137,7.789834022521973,4876100
2020-04-03,NWSA,8.15999984741211,8.3100004196167,8.0,8.180000305175781,7.770833492279053,3341400
2020-04-03,NWSA,8.15999984741211,8.3100004196167,8.0,8.180000305175781,7.770833492279053,3341400
2020-04-06,NWSA,8.569999694824219,8.989999771118164,8.489999771118164,8.930000305175781,8.483319282531738,3163900
2020-04-06,NWSA,8.569999694824219,8.989999771118164,8.489999771118164,8.930000305175781,8.483319282531738,3163900
2020-04-07,NWSA,8.829999923706055,9.550000190734863,8.630000114440918,8.789999961853027,8.350321769714355,5625500
2020-04-07,NWSA,8.829999923706055,9.550000190734863,8.630000114440918,8.789999961853027,8.350321769714355,5625500
2020-04-08,NWSA,8.850000381469727,9.029999732971191,8.630000114440918,8.949999809265137,8.5023193359375,3740300
2020-04-08,NWSA,8.850000381469727,9.029999732971191,8.630000114440918,8.949999809265137,8.5023193359375,3740300
2020-04-09,NWSA,9.119999885559082,9.609999656677246,9.050000190734863,9.489999771118164,9.01530647277832,5212200
2020-04-09,NWSA,9.119999885559082,9.609999656677246,9.050000190734863,9.489999771118164,9.01530647277832,5212200
2020-04-13,NWSA,9.470000267028809,9.470000267028809,9.100000381469728,9.390000343322754,8.920309066772461,2398800
2020-04-13,NWSA,9.470000267028809,9.470000267028809,9.100000381469728,9.390000343322754,8.920309066772461,2398800
2020-04-14,NWSA,9.579999923706056,9.600000381469728,9.140000343322754,9.40999984741211,8.939308166503906,2416400
2020-04-14,NWSA,9.579999923706056,9.600000381469728,9.140000343322754,9.40999984741211,8.939308166503906,2416400
2020-04-15,NWSA,9.119999885559082,9.119999885559082,8.670000076293945,8.930000305175781,8.483319282531738,2408300
2020-04-15,NWSA,9.119999885559082,9.119999885559082,8.670000076293945,8.930000305175781,8.483319282531738,2408300
2020-04-16,NWSA,8.9399995803833,9.100000381469728,8.399999618530273,8.4399995803833,8.017827033996582,2201400
2020-04-16,NWSA,8.9399995803833,9.100000381469728,8.399999618530273,8.4399995803833,8.017827033996582,2201400
2020-04-17,NWSA,8.649999618530273,9.039999961853027,8.649999618530273,8.899999618530273,8.454819679260254,2435900
2020-04-17,NWSA,8.649999618530273,9.039999961853027,8.649999618530273,8.899999618530273,8.454819679260254,2435900
2020-04-20,NWSA,8.739999771118164,8.920000076293945,8.609999656677246,8.770000457763672,8.33132266998291,1929600
2020-04-20,NWSA,8.739999771118164,8.920000076293945,8.609999656677246,8.770000457763672,8.33132266998291,1929600
2020-04-21,NWSA,8.510000228881836,8.569999694824219,8.260000228881836,8.4399995803833,8.017827033996582,2360000
2020-04-21,NWSA,8.510000228881836,8.569999694824219,8.260000228881836,8.4399995803833,8.017827033996582,2360000
2020-04-22,NWSA,8.619999885559082,8.670000076293945,8.40999984741211,8.4399995803833,8.017827033996582,1538300
2020-04-22,NWSA,8.619999885559082,8.670000076293945,8.40999984741211,8.4399995803833,8.017827033996582,1538300
2020-04-23,NWSA,8.470000267028809,8.869999885559082,8.449999809265137,8.680000305175781,8.245823860168457,1576100
2020-04-23,NWSA,8.470000267028809,8.869999885559082,8.449999809265137,8.680000305175781,8.245823860168457,1576100
2020-04-24,NWSA,8.729999542236328,8.90999984741211,8.649999618530273,8.829999923706055,8.388320922851562,3409300
2020-04-24,NWSA,8.729999542236328,8.90999984741211,8.649999618530273,8.829999923706055,8.388320922851562,3409300
2020-04-27,NWSA,8.869999885559082,9.539999961853027,8.869999885559082,9.460000038146973,8.986807823181152,2944100
2020-04-27,NWSA,8.869999885559082,9.539999961853027,8.869999885559082,9.460000038146973,8.986807823181152,2944100
2020-04-28,NWSA,9.649999618530272,9.949999809265137,9.489999771118164,9.8100004196167,9.319302558898926,3478700
2020-04-28,NWSA,9.649999618530272,9.949999809265137,9.489999771118164,9.8100004196167,9.319302558898926,3478700
2020-04-29,NWSA,10.050000190734863,10.520000457763672,10.0,10.5,9.974785804748535,3903600
2020-04-29,NWSA,10.050000190734863,10.520000457763672,10.0,10.5,9.974785804748535,3903600
2020-04-30,NWSA,10.260000228881836,10.59000015258789,9.859999656677246,9.90999984741211,9.414299011230469,2009900
2020-04-30,NWSA,10.260000228881836,10.59000015258789,9.859999656677246,9.90999984741211,9.414299011230469,2009900
2020-05-01,NWSA,9.760000228881836,9.779999732971191,9.43000030517578,9.479999542236328,9.005806922912598,2056600
2020-05-01,NWSA,9.760000228881836,9.779999732971191,9.43000030517578,9.479999542236328,9.005806922912598,2056600
2020-05-04,NWSA,9.34000015258789,9.6899995803833,9.199999809265137,9.640000343322754,9.157804489135742,2787500
2020-05-04,NWSA,9.34000015258789,9.6899995803833,9.199999809265137,9.640000343322754,9.157804489135742,2787500
2020-05-05,NWSA,9.739999771118164,10.0,9.510000228881836,9.550000190734863,9.072307586669922,2174900
2020-05-05,NWSA,9.739999771118164,10.0,9.510000228881836,9.550000190734863,9.072307586669922,2174900
2020-05-06,NWSA,9.600000381469728,9.8100004196167,9.5,9.670000076293944,9.186304092407228,1965500
2020-05-06,NWSA,9.600000381469728,9.8100004196167,9.5,9.670000076293944,9.186304092407228,1965500
2020-05-07,NWSA,9.789999961853027,9.9399995803833,9.470000267028809,9.649999618530272,9.167304039001465,2823600
2020-05-07,NWSA,9.789999961853027,9.9399995803833,9.470000267028809,9.649999618530272,9.167304039001465,2823600
2020-05-08,NWSA,10.609999656677246,11.0600004196167,10.210000038146973,10.93000030517578,10.383277893066406,3163600
2020-05-08,NWSA,10.609999656677246,11.0600004196167,10.210000038146973,10.93000030517578,10.383277893066406,3163600
2020-05-11,NWSA,10.779999732971191,10.880000114440918,10.59000015258789,10.699999809265137,10.16478443145752,2494100
2020-05-11,NWSA,10.779999732971191,10.880000114440918,10.59000015258789,10.699999809265137,10.16478443145752,2494100
2020-05-12,NWSA,10.739999771118164,10.989999771118164,10.56999969482422,10.59000015258789,10.060285568237305,2166100
2020-05-12,NWSA,10.739999771118164,10.989999771118164,10.56999969482422,10.59000015258789,10.060285568237305,2166100
2020-05-13,NWSA,10.460000038146973,10.630000114440918,10.300000190734863,10.609999656677246,10.079283714294434,3623100
2020-05-13,NWSA,10.460000038146973,10.630000114440918,10.300000190734863,10.609999656677246,10.079283714294434,3623100
2020-05-14,NWSA,10.390000343322754,10.800000190734863,10.06999969482422,10.729999542236328,10.193282127380373,3967500
2020-05-14,NWSA,10.390000343322754,10.800000190734863,10.06999969482422,10.729999542236328,10.193282127380373,3967500
2020-05-15,NWSA,10.670000076293944,10.899999618530272,10.520000457763672,10.869999885559082,10.326279640197754,2877600
2020-05-15,NWSA,10.670000076293944,10.899999618530272,10.520000457763672,10.869999885559082,10.326279640197754,2877600
2020-05-18,NWSA,11.350000381469728,11.539999961853027,11.09000015258789,11.15999984741211,10.601773262023926,2455500
2020-05-18,NWSA,11.350000381469728,11.539999961853027,11.09000015258789,11.15999984741211,10.601773262023926,2455500
2020-05-19,NWSA,11.15999984741211,11.40999984741211,11.0600004196167,11.100000381469728,10.54477596282959,1906700
2020-05-19,NWSA,11.15999984741211,11.40999984741211,11.0600004196167,11.100000381469728,10.54477596282959,1906700
2020-05-20,NWSA,11.239999771118164,11.510000228881836,11.1899995803833,11.449999809265137,10.87726593017578,1720900
2020-05-20,NWSA,11.239999771118164,11.510000228881836,11.1899995803833,11.449999809265137,10.87726593017578,1720900
2020-05-21,NWSA,11.369999885559082,11.470000267028809,11.260000228881836,11.380000114440918,10.810769081115724,1658300
2020-05-21,NWSA,11.369999885559082,11.470000267028809,11.260000228881836,11.380000114440918,10.810769081115724,1658300
2020-05-22,NWSA,11.449999809265137,11.579999923706056,11.329999923706056,11.520000457763672,10.943766593933104,1853100
2020-05-22,NWSA,11.449999809265137,11.579999923706056,11.329999923706056,11.520000457763672,10.943766593933104,1853100
2020-05-26,NWSA,11.9399995803833,12.010000228881836,11.729999542236328,11.880000114440918,11.285758972167969,2986900
2020-05-26,NWSA,11.9399995803833,12.010000228881836,11.729999542236328,11.880000114440918,11.285758972167969,2986900
2020-05-27,NWSA,12.0600004196167,12.09000015258789,11.779999732971191,12.09000015258789,11.485254287719728,3736200
2020-05-27,NWSA,12.0600004196167,12.09000015258789,11.779999732971191,12.09000015258789,11.485254287719728,3736200
2020-05-28,NWSA,12.1899995803833,12.210000038146973,11.8100004196167,11.880000114440918,11.285758972167969,2614400
2020-05-28,NWSA,12.1899995803833,12.210000038146973,11.8100004196167,11.880000114440918,11.285758972167969,2614400
2020-05-29,NWSA,11.84000015258789,12.289999961853027,11.770000457763672,12.25,11.637252807617188,4649400
2020-05-29,NWSA,11.84000015258789,12.289999961853027,11.770000457763672,12.25,11.637252807617188,4649400
2020-06-01,NWSA,12.260000228881836,12.460000038146973,12.15999984741211,12.1899995803833,11.580251693725586,2103500
2020-06-01,NWSA,12.260000228881836,12.460000038146973,12.15999984741211,12.1899995803833,11.580251693725586,2103500
2020-06-02,NWSA,12.390000343322754,12.390000343322754,12.050000190734863,12.25,11.637252807617188,3330800
2020-06-02,NWSA,12.390000343322754,12.390000343322754,12.050000190734863,12.25,11.637252807617188,3330800
2020-06-03,NWSA,12.4399995803833,12.93000030517578,12.170000076293944,12.90999984741211,12.264238357543944,4388000
2020-06-03,NWSA,12.4399995803833,12.93000030517578,12.170000076293944,12.90999984741211,12.264238357543944,4388000
2020-06-04,NWSA,12.789999961853027,12.989999771118164,12.630000114440918,12.789999961853027,12.15024185180664,5490200
2020-06-04,NWSA,12.789999961853027,12.989999771118164,12.630000114440918,12.789999961853027,12.15024185180664,5490200
2020-06-05,NWSA,13.06999969482422,13.31999969482422,12.890000343322754,12.960000038146973,12.31173610687256,3410300
2020-06-05,NWSA,13.06999969482422,13.31999969482422,12.890000343322754,12.960000038146973,12.31173610687256,3410300
2020-06-08,NWSA,12.949999809265137,13.380000114440918,12.920000076293944,13.359999656677246,12.691728591918944,2387400
2020-06-08,NWSA,12.949999809265137,13.380000114440918,12.920000076293944,13.359999656677246,12.691728591918944,2387400
2020-06-09,NWSA,13.1899995803833,13.260000228881836,12.829999923706056,12.880000114440918,12.235737800598145,1769200
2020-06-09,NWSA,13.1899995803833,13.260000228881836,12.829999923706056,12.880000114440918,12.235737800598145,1769200
2020-06-10,NWSA,12.880000114440918,12.880000114440918,12.369999885559082,12.390000343322754,11.770249366760254,2155600
2020-06-10,NWSA,12.880000114440918,12.880000114440918,12.369999885559082,12.390000343322754,11.770249366760254,2155600
2020-06-11,NWSA,12.0,12.039999961853027,11.380000114440918,11.40999984741211,10.839268684387209,2152500
2020-06-11,NWSA,12.0,12.039999961853027,11.380000114440918,11.40999984741211,10.839268684387209,2152500
2020-06-12,NWSA,11.880000114440918,11.93000030517578,11.420000076293944,11.720000267028809,11.13376235961914,1954600
2020-06-12,NWSA,11.880000114440918,11.93000030517578,11.420000076293944,11.720000267028809,11.13376235961914,1954600
2020-06-15,NWSA,11.34000015258789,11.899999618530272,11.260000228881836,11.789999961853027,11.200261116027832,2142300
2020-06-15,NWSA,11.34000015258789,11.899999618530272,11.260000228881836,11.789999961853027,11.200261116027832,2142300
2020-06-16,NWSA,12.229999542236328,12.289999961853027,11.739999771118164,11.9399995803833,11.342756271362305,2295600
2020-06-16,NWSA,12.229999542236328,12.289999961853027,11.739999771118164,11.9399995803833,11.342756271362305,2295600
2020-06-17,NWSA,12.010000228881836,12.369999885559082,11.84000015258789,12.300000190734863,11.684749603271484,4060000
2020-06-17,NWSA,12.010000228881836,12.369999885559082,11.84000015258789,12.300000190734863,11.684749603271484,4060000
2020-06-18,NWSA,12.09000015258789,12.210000038146973,11.829999923706056,11.93000030517578,11.333259582519531,2046300
2020-06-18,NWSA,12.09000015258789,12.210000038146973,11.829999923706056,11.93000030517578,11.333259582519531,2046300
2020-06-19,NWSA,11.949999809265137,12.210000038146973,11.779999732971191,11.859999656677246,11.26675796508789,4731400
2020-06-19,NWSA,11.949999809265137,12.210000038146973,11.779999732971191,11.859999656677246,11.26675796508789,4731400
2020-06-22,NWSA,11.779999732971191,12.029999732971191,11.720000267028809,11.960000038146973,11.36175537109375,1456500
2020-06-22,NWSA,11.779999732971191,12.029999732971191,11.720000267028809,11.960000038146973,11.36175537109375,1456500
2020-06-23,NWSA,12.100000381469728,12.210000038146973,12.0,12.0,11.39975643157959,1713600
2020-06-23,NWSA,12.100000381469728,12.210000038146973,12.0,12.0,11.39975643157959,1713600
2020-06-24,NWSA,11.81999969482422,11.9399995803833,11.640000343322754,11.670000076293944,11.086263656616213,1918600
2020-06-24,NWSA,11.81999969482422,11.9399995803833,11.640000343322754,11.670000076293944,11.086263656616213,1918600
2020-06-25,NWSA,11.619999885559082,11.869999885559082,11.510000228881836,11.760000228881836,11.171762466430664,2881500
2020-06-25,NWSA,11.619999885559082,11.869999885559082,11.510000228881836,11.760000228881836,11.171762466430664,2881500
2020-06-26,NWSA,11.670000076293944,11.729999542236328,11.239999771118164,11.479999542236328,10.905767440795898,2954700
2020-06-26,NWSA,11.670000076293944,11.729999542236328,11.239999771118164,11.479999542236328,10.905767440795898,2954700
2020-06-29,NWSA,11.609999656677246,11.710000038146973,11.380000114440918,11.649999618530272,11.067265510559082,1445300
2020-06-29,NWSA,11.609999656677246,11.710000038146973,11.380000114440918,11.649999618530272,11.067265510559082,1445300
2020-06-30,NWSA,11.68000030517578,11.899999618530272,11.600000381469728,11.859999656677246,11.26675796508789,2194300
2020-06-30,NWSA,11.68000030517578,11.899999618530272,11.600000381469728,11.859999656677246,11.26675796508789,2194300
2020-07-01,NWSA,11.850000381469728,12.210000038146973,11.699999809265137,12.079999923706056,11.475757598876951,2016000
2020-07-01,NWSA,11.850000381469728,12.210000038146973,11.699999809265137,12.079999923706056,11.475757598876951,2016000
2020-07-02,NWSA,12.210000038146973,12.329999923706056,12.0,12.029999732971191,11.428255081176758,1612900
2020-07-02,NWSA,12.210000038146973,12.329999923706056,12.0,12.029999732971191,11.428255081176758,1612900
2020-07-06,NWSA,12.25,12.460000038146973,12.0600004196167,12.170000076293944,11.561251640319824,1550800
2020-07-06,NWSA,12.25,12.460000038146973,12.0600004196167,12.170000076293944,11.561251640319824,1550800
2020-07-07,NWSA,12.039999961853027,12.15999984741211,11.979999542236328,12.0,11.39975643157959,1318400
2020-07-07,NWSA,12.039999961853027,12.15999984741211,11.979999542236328,12.0,11.39975643157959,1318400
2020-07-08,NWSA,11.970000267028809,12.0,11.699999809265137,11.850000381469728,11.257259368896484,1618900
2020-07-08,NWSA,11.970000267028809,12.0,11.699999809265137,11.850000381469728,11.257259368896484,1618900
2020-07-09,NWSA,11.789999961853027,12.130000114440918,11.56999969482422,11.729999542236328,11.14326286315918,2136200
2020-07-09,NWSA,11.789999961853027,12.130000114440918,11.56999969482422,11.729999542236328,11.14326286315918,2136200
2020-07-10,NWSA,11.779999732971191,12.0,11.600000381469728,11.960000038146973,11.36175537109375,1671900
2020-07-10,NWSA,11.779999732971191,12.0,11.600000381469728,11.960000038146973,11.36175537109375,1671900
2020-07-13,NWSA,12.029999732971191,12.220000267028809,11.859999656677246,11.93000030517578,11.333259582519531,1877300
2020-07-13,NWSA,12.029999732971191,12.220000267028809,11.859999656677246,11.93000030517578,11.333259582519531,1877300
2020-07-14,NWSA,11.920000076293944,12.4399995803833,11.800000190734863,12.43000030517578,11.80824851989746,2656100
2020-07-14,NWSA,11.920000076293944,12.4399995803833,11.800000190734863,12.43000030517578,11.80824851989746,2656100
2020-07-15,NWSA,12.539999961853027,12.710000038146973,12.4399995803833,12.649999618530272,12.01724338531494,2590300
2020-07-15,NWSA,12.539999961853027,12.710000038146973,12.4399995803833,12.649999618530272,12.01724338531494,2590300
2020-07-16,NWSA,12.609999656677246,12.869999885559082,12.579999923706056,12.760000228881836,12.121742248535156,1130400
2020-07-16,NWSA,12.609999656677246,12.869999885559082,12.579999923706056,12.760000228881836,12.121742248535156,1130400
2020-07-17,NWSA,12.789999961853027,12.890000343322754,12.640000343322754,12.81999969482422,12.178739547729492,1079000
2020-07-17,NWSA,12.789999961853027,12.890000343322754,12.640000343322754,12.81999969482422,12.178739547729492,1079000
2020-07-20,NWSA,12.75,12.81999969482422,12.609999656677246,12.65999984741211,12.026742935180664,986500
2020-07-20,NWSA,12.75,12.81999969482422,12.609999656677246,12.65999984741211,12.026742935180664,986500
2020-07-21,NWSA,12.699999809265137,12.869999885559082,12.65999984741211,12.75,12.112239837646484,1205600
2020-07-21,NWSA,12.699999809265137,12.869999885559082,12.65999984741211,12.75,12.112239837646484,1205600
2020-07-22,NWSA,13.050000190734863,13.050000190734863,12.75,12.850000381469728,12.207240104675291,1610600
2020-07-22,NWSA,13.050000190734863,13.050000190734863,12.75,12.850000381469728,12.207240104675291,1610600
2020-07-23,NWSA,12.890000343322754,13.0,12.670000076293944,12.720000267028809,12.08374309539795,1409300
2020-07-23,NWSA,12.890000343322754,13.0,12.670000076293944,12.720000267028809,12.08374309539795,1409300
2020-07-24,NWSA,12.8100004196167,12.899999618530272,12.670000076293944,12.710000038146973,12.07424259185791,921800
2020-07-24,NWSA,12.8100004196167,12.899999618530272,12.670000076293944,12.710000038146973,12.07424259185791,921800
2020-07-27,NWSA,12.720000267028809,12.90999984741211,12.649999618530272,12.880000114440918,12.235737800598145,1119400
2020-07-27,NWSA,12.720000267028809,12.90999984741211,12.649999618530272,12.880000114440918,12.235737800598145,1119400
2020-07-28,NWSA,12.770000457763672,12.81999969482422,12.56999969482422,12.710000038146973,12.07424259185791,1208400
2020-07-28,NWSA,12.770000457763672,12.81999969482422,12.56999969482422,12.710000038146973,12.07424259185791,1208400
2020-07-29,NWSA,12.81999969482422,12.949999809265137,12.760000228881836,12.869999885559082,12.226239204406738,1405200
2020-07-29,NWSA,12.81999969482422,12.949999809265137,12.760000228881836,12.869999885559082,12.226239204406738,1405200
2020-07-30,NWSA,12.75,12.970000267028809,12.630000114440918,12.899999618530272,12.25473690032959,1148000
2020-07-30,NWSA,12.75,12.970000267028809,12.630000114440918,12.899999618530272,12.25473690032959,1148000
2020-07-31,NWSA,12.850000381469728,12.920000076293944,12.600000381469728,12.720000267028809,12.08374309539795,1647700
2020-07-31,NWSA,12.850000381469728,12.920000076293944,12.600000381469728,12.720000267028809,12.08374309539795,1647700
2020-08-03,NWSA,12.779999732971191,13.039999961853027,12.670000076293944,13.0,12.349736213684082,1944900
2020-08-03,NWSA,12.779999732971191,13.039999961853027,12.670000076293944,13.0,12.349736213684082,1944900
2020-08-04,NWSA,12.979999542236328,13.40999984741211,12.640000343322754,13.390000343322754,12.720229148864746,1602300
2020-08-04,NWSA,12.979999542236328,13.40999984741211,12.640000343322754,13.390000343322754,12.720229148864746,1602300
2020-08-05,NWSA,13.40999984741211,13.510000228881836,13.1899995803833,13.289999961853027,12.625228881835938,1918100
2020-08-05,NWSA,13.40999984741211,13.510000228881836,13.1899995803833,13.289999961853027,12.625228881835938,1918100
2020-08-06,NWSA,13.149999618530272,13.600000381469728,13.020000457763672,13.510000228881836,12.834226608276367,2483000
2020-08-06,NWSA,13.149999618530272,13.600000381469728,13.020000457763672,13.510000228881836,12.834226608276367,2483000
2020-08-07,NWSA,13.4399995803833,14.359999656677246,13.34000015258789,14.34000015258789,13.622709274291992,2532300
2020-08-07,NWSA,13.4399995803833,14.359999656677246,13.34000015258789,14.34000015258789,13.622709274291992,2532300
2020-08-10,NWSA,14.34000015258789,14.970000267028809,14.34000015258789,14.84000015258789,14.097700119018556,4597900
2020-08-10,NWSA,14.34000015258789,14.970000267028809,14.34000015258789,14.84000015258789,14.097700119018556,4597900
2020-08-11,NWSA,14.850000381469728,15.329999923706056,14.81999969482422,14.890000343322754,14.145198822021484,3044600
2020-08-11,NWSA,14.850000381469728,15.329999923706056,14.81999969482422,14.890000343322754,14.145198822021484,3044600
2020-08-12,NWSA,15.100000381469728,15.40999984741211,15.050000190734863,15.170000076293944,14.411191940307615,3880000
2020-08-12,NWSA,15.100000381469728,15.40999984741211,15.050000190734863,15.170000076293944,14.411191940307615,3880000
2020-08-13,NWSA,15.210000038146973,15.420000076293944,15.15999984741211,15.289999961853027,14.525189399719238,2111100
2020-08-13,NWSA,15.210000038146973,15.420000076293944,15.15999984741211,15.289999961853027,14.525189399719238,2111100
2020-08-14,NWSA,15.3100004196167,15.460000038146973,15.199999809265137,15.329999923706056,14.563187599182127,1806100
2020-08-14,NWSA,15.3100004196167,15.460000038146973,15.199999809265137,15.329999923706056,14.563187599182127,1806100
2020-08-17,NWSA,15.329999923706056,15.390000343322754,15.029999732971191,15.119999885559082,14.363692283630373,2019600
2020-08-17,NWSA,15.329999923706056,15.390000343322754,15.029999732971191,15.119999885559082,14.363692283630373,2019600
2020-08-18,NWSA,14.890000343322754,15.270000457763672,14.829999923706056,15.18000030517578,14.420694351196287,2077500
2020-08-18,NWSA,14.890000343322754,15.270000457763672,14.829999923706056,15.18000030517578,14.420694351196287,2077500
2020-08-19,NWSA,15.220000267028809,15.40999984741211,15.199999809265137,15.220000267028809,14.458691596984863,1805700
2020-08-19,NWSA,15.220000267028809,15.40999984741211,15.199999809265137,15.220000267028809,14.458691596984863,1805700
2020-08-20,NWSA,15.039999961853027,15.279999732971191,15.010000228881836,15.140000343322754,14.38269329071045,1923700
2020-08-20,NWSA,15.039999961853027,15.279999732971191,15.010000228881836,15.140000343322754,14.38269329071045,1923700
2020-08-21,NWSA,15.170000076293944,15.170000076293944,14.56999969482422,14.609999656677246,13.879202842712402,2293100
2020-08-21,NWSA,15.170000076293944,15.170000076293944,14.56999969482422,14.609999656677246,13.879202842712402,2293100
2020-08-24,NWSA,14.850000381469728,14.880000114440918,14.739999771118164,14.869999885559082,14.12619686126709,1903400
2020-08-24,NWSA,14.850000381469728,14.880000114440918,14.739999771118164,14.869999885559082,14.12619686126709,1903400
2020-08-25,NWSA,14.960000038146973,15.010000228881836,14.81999969482422,14.989999771118164,14.240196228027344,1414900
2020-08-25,NWSA,14.960000038146973,15.010000228881836,14.81999969482422,14.989999771118164,14.240196228027344,1414900
2020-08-26,NWSA,15.050000190734863,15.149999618530272,14.880000114440918,15.0,14.24969482421875,1513500
2020-08-26,NWSA,15.050000190734863,15.149999618530272,14.880000114440918,15.0,14.24969482421875,1513500
2020-08-27,NWSA,15.079999923706056,15.15999984741211,14.899999618530272,15.0600004196167,14.306695938110352,1175600
2020-08-27,NWSA,15.079999923706056,15.15999984741211,14.899999618530272,15.0600004196167,14.306695938110352,1175600
2020-08-28,NWSA,15.149999618530272,15.279999732971191,14.949999809265137,15.260000228881836,14.49669075012207,1374800
2020-08-28,NWSA,15.149999618530272,15.279999732971191,14.949999809265137,15.260000228881836,14.49669075012207,1374800
2020-08-31,NWSA,15.31999969482422,15.43000030517578,15.109999656677246,15.119999885559082,14.363692283630373,2079900
2020-08-31,NWSA,15.31999969482422,15.43000030517578,15.109999656677246,15.119999885559082,14.363692283630373,2079900
2020-09-01,NWSA,15.109999656677246,15.300000190734863,14.960000038146973,15.18000030517578,14.420694351196287,1553100
2020-09-01,NWSA,15.109999656677246,15.300000190734863,14.960000038146973,15.18000030517578,14.420694351196287,1553100
2020-09-02,NWSA,15.1899995803833,15.279999732971191,14.989999771118164,15.239999771118164,14.477691650390623,2486300
2020-09-02,NWSA,15.1899995803833,15.279999732971191,14.989999771118164,15.239999771118164,14.477691650390623,2486300
2020-09-03,NWSA,15.270000457763672,15.449999809265137,15.050000190734863,15.210000038146973,14.449193000793455,2973200
2020-09-03,NWSA,15.270000457763672,15.449999809265137,15.050000190734863,15.210000038146973,14.449193000793455,2973200
2020-09-04,NWSA,15.260000228881836,15.390000343322754,14.65999984741211,14.949999809265137,14.202197074890137,2423100
2020-09-04,NWSA,15.260000228881836,15.390000343322754,14.65999984741211,14.949999809265137,14.202197074890137,2423100
2020-09-08,NWSA,14.850000381469728,14.899999618530272,14.619999885559082,14.640000343322754,13.907702445983888,1935100
2020-09-08,NWSA,14.850000381469728,14.899999618530272,14.619999885559082,14.640000343322754,13.907702445983888,1935100
2020-09-09,NWSA,14.770000457763672,15.170000076293944,14.6899995803833,15.119999885559082,14.363692283630373,1965300
2020-09-09,NWSA,14.770000457763672,15.170000076293944,14.6899995803833,15.119999885559082,14.363692283630373,1965300
2020-09-10,NWSA,15.09000015258789,15.229999542236328,14.829999923706056,14.84000015258789,14.097700119018556,1961100
2020-09-10,NWSA,15.09000015258789,15.229999542236328,14.829999923706056,14.84000015258789,14.097700119018556,1961100
2020-09-11,NWSA,14.970000267028809,15.210000038146973,14.880000114440918,15.0600004196167,14.306695938110352,1964400
2020-09-11,NWSA,14.970000267028809,15.210000038146973,14.880000114440918,15.0600004196167,14.306695938110352,1964400
2020-09-14,NWSA,15.170000076293944,15.369999885559082,15.140000343322754,15.3100004196167,14.544189453125,2204200
2020-09-14,NWSA,15.170000076293944,15.369999885559082,15.140000343322754,15.3100004196167,14.544189453125,2204200
2020-09-15,NWSA,15.270000457763672,15.359999656677246,15.1899995803833,15.31999969482422,14.649374961853027,1630500
2020-09-15,NWSA,15.270000457763672,15.359999656677246,15.1899995803833,15.31999969482422,14.649374961853027,1630500
2020-09-16,NWSA,15.399999618530272,15.399999618530272,15.079999923706056,15.109999656677246,14.448565483093262,2612400
2020-09-16,NWSA,15.399999618530272,15.399999618530272,15.079999923706056,15.109999656677246,14.448565483093262,2612400
2020-09-17,NWSA,14.920000076293944,15.25,14.859999656677246,15.210000038146973,14.544190406799316,3641700
2020-09-17,NWSA,14.920000076293944,15.25,14.859999656677246,15.210000038146973,14.544190406799316,3641700
2020-09-18,NWSA,14.979999542236328,15.899999618530272,14.899999618530272,15.640000343322754,14.955365180969238,8038400
2020-09-18,NWSA,14.979999542236328,15.899999618530272,14.899999618530272,15.640000343322754,14.955365180969238,8038400
2020-09-21,NWSA,15.420000076293944,15.59000015258789,14.369999885559082,14.56999969482422,13.932204246520996,5159000
2020-09-21,NWSA,15.420000076293944,15.59000015258789,14.369999885559082,14.56999969482422,13.932204246520996,5159000
2020-09-22,NWSA,14.670000076293944,14.8100004196167,14.470000267028809,14.739999771118164,14.09476375579834,2804000
2020-09-22,NWSA,14.670000076293944,14.8100004196167,14.470000267028809,14.739999771118164,14.09476375579834,2804000
2020-09-23,NWSA,14.68000030517578,14.880000114440918,14.15999984741211,14.239999771118164,13.61665153503418,2924100
2020-09-23,NWSA,14.68000030517578,14.880000114440918,14.15999984741211,14.239999771118164,13.61665153503418,2924100
2020-09-24,NWSA,14.289999961853027,14.329999923706056,13.960000038146973,14.020000457763672,13.406280517578123,1880200
2020-09-24,NWSA,14.289999961853027,14.329999923706056,13.960000038146973,14.020000457763672,13.406280517578123,1880200
2020-09-25,NWSA,13.9399995803833,14.119999885559082,13.84000015258789,14.100000381469728,13.482778549194336,3076600
2020-09-25,NWSA,13.9399995803833,14.119999885559082,13.84000015258789,14.100000381469728,13.482778549194336,3076600
2020-09-28,NWSA,14.350000381469728,14.550000190734863,14.170000076293944,14.34000015258789,13.712272644042969,2655400
2020-09-28,NWSA,14.350000381469728,14.550000190734863,14.170000076293944,14.34000015258789,13.712272644042969,2655400
2020-09-29,NWSA,14.109999656677246,14.239999771118164,13.779999732971191,13.890000343322754,13.28197193145752,1632300
2020-09-29,NWSA,14.109999656677246,14.239999771118164,13.779999732971191,13.890000343322754,13.28197193145752,1632300
2020-09-30,NWSA,13.970000267028809,14.149999618530272,13.899999618530272,14.020000457763672,13.406280517578123,2481900
2020-09-30,NWSA,13.970000267028809,14.149999618530272,13.899999618530272,14.020000457763672,13.406280517578123,2481900
2020-10-01,NWSA,14.039999961853027,14.229999542236328,13.970000267028809,14.18000030517578,13.559277534484863,1607700
2020-10-01,NWSA,14.039999961853027,14.229999542236328,13.970000267028809,14.18000030517578,13.559277534484863,1607700
2020-10-02,NWSA,14.010000228881836,14.31999969482422,13.890000343322754,14.220000267028809,13.597526550292969,1487900
2020-10-02,NWSA,14.010000228881836,14.31999969482422,13.890000343322754,14.220000267028809,13.597526550292969,1487900
2020-10-05,NWSA,14.270000457763672,14.43000030517578,14.140000343322754,14.34000015258789,13.712272644042969,2590200
2020-10-05,NWSA,14.270000457763672,14.43000030517578,14.140000343322754,14.34000015258789,13.712272644042969,2590200
2020-10-06,NWSA,14.40999984741211,14.699999809265137,14.130000114440918,14.31999969482422,13.693147659301758,2428400
2020-10-06,NWSA,14.40999984741211,14.699999809265137,14.130000114440918,14.31999969482422,13.693147659301758,2428400
2020-10-07,NWSA,14.619999885559082,14.619999885559082,14.229999542236328,14.229999542236328,13.607088088989258,1893400
2020-10-07,NWSA,14.619999885559082,14.619999885559082,14.229999542236328,14.229999542236328,13.607088088989258,1893400
2020-10-08,NWSA,14.270000457763672,14.449999809265137,14.039999961853027,14.4399995803833,13.807893753051758,2232500
2020-10-08,NWSA,14.270000457763672,14.449999809265137,14.039999961853027,14.4399995803833,13.807893753051758,2232500
2020-10-09,NWSA,14.56999969482422,14.56999969482422,14.220000267028809,14.25,13.626211166381836,1832300
2020-10-09,NWSA,14.56999969482422,14.56999969482422,14.220000267028809,14.25,13.626211166381836,1832300
2020-10-12,NWSA,14.359999656677246,14.539999961853027,14.130000114440918,14.210000038146973,13.58796215057373,1603800
2020-10-12,NWSA,14.359999656677246,14.539999961853027,14.130000114440918,14.210000038146973,13.58796215057373,1603800
2020-10-13,NWSA,14.079999923706056,14.34000015258789,13.90999984741211,14.3100004196167,13.683587074279783,1948000
2020-10-13,NWSA,14.079999923706056,14.34000015258789,13.90999984741211,14.3100004196167,13.683587074279783,1948000
2020-10-14,NWSA,14.369999885559082,14.600000381469728,14.130000114440918,14.18000030517578,13.559277534484863,1430600
2020-10-14,NWSA,14.369999885559082,14.600000381469728,14.130000114440918,14.18000030517578,13.559277534484863,1430600
2020-10-15,NWSA,14.0600004196167,14.130000114440918,13.800000190734863,13.970000267028809,13.358470916748049,1713000
2020-10-15,NWSA,14.0600004196167,14.130000114440918,13.800000190734863,13.970000267028809,13.358470916748049,1713000
2020-10-16,NWSA,14.050000190734863,14.229999542236328,13.920000076293944,14.0600004196167,13.44452953338623,974900
2020-10-16,NWSA,14.050000190734863,14.229999542236328,13.920000076293944,14.0600004196167,13.44452953338623,974900
2020-10-19,NWSA,13.970000267028809,14.100000381469728,13.609999656677246,13.770000457763672,13.167224884033203,1439500
2020-10-19,NWSA,13.970000267028809,14.100000381469728,13.609999656677246,13.770000457763672,13.167224884033203,1439500
2020-10-20,NWSA,13.850000381469728,13.979999542236328,13.75,13.850000381469728,13.243722915649414,1350500
2020-10-20,NWSA,13.850000381469728,13.979999542236328,13.75,13.850000381469728,13.243722915649414,1350500
2020-10-21,NWSA,13.789999961853027,14.010000228881836,13.760000228881836,13.949999809265137,13.339344024658203,1392000
2020-10-21,NWSA,13.789999961853027,14.010000228881836,13.760000228881836,13.949999809265137,13.339344024658203,1392000
2020-10-22,NWSA,13.960000038146973,14.09000015258789,13.779999732971191,13.920000076293944,13.31065845489502,1258900
2020-10-22,NWSA,13.960000038146973,14.09000015258789,13.779999732971191,13.920000076293944,13.31065845489502,1258900
2020-10-23,NWSA,13.989999771118164,14.539999961853027,13.729999542236328,13.979999542236328,13.368030548095703,1325400
2020-10-23,NWSA,13.989999771118164,14.539999961853027,13.729999542236328,13.979999542236328,13.368030548095703,1325400
2020-10-26,NWSA,13.779999732971191,13.869999885559082,13.470000267028809,13.649999618530272,13.052475929260254,1829200
2020-10-26,NWSA,13.779999732971191,13.869999885559082,13.470000267028809,13.649999618530272,13.052475929260254,1829200
2020-10-27,NWSA,13.630000114440918,13.739999771118164,13.399999618530272,13.43000030517578,12.842107772827148,1482200
2020-10-27,NWSA,13.630000114440918,13.739999771118164,13.399999618530272,13.43000030517578,12.842107772827148,1482200
2020-10-28,NWSA,13.18000030517578,13.289999961853027,12.949999809265137,12.970000267028809,12.402244567871094,2628500
2020-10-28,NWSA,13.18000030517578,13.289999961853027,12.949999809265137,12.970000267028809,12.402244567871094,2628500
2020-10-29,NWSA,12.920000076293944,13.25,12.789999961853027,13.09000015258789,12.51699161529541,1399900
2020-10-29,NWSA,12.920000076293944,13.25,12.789999961853027,13.09000015258789,12.51699161529541,1399900
2020-10-30,NWSA,13.06999969482422,13.18000030517578,12.869999885559082,13.130000114440918,12.555240631103516,1856200
2020-10-30,NWSA,13.06999969482422,13.18000030517578,12.869999885559082,13.130000114440918,12.555240631103516,1856200
2020-11-02,NWSA,13.3100004196167,13.4399995803833,13.06999969482422,13.289999961853027,12.708234786987305,1757600
2020-11-02,NWSA,13.3100004196167,13.4399995803833,13.06999969482422,13.289999961853027,12.708234786987305,1757600
2020-11-03,NWSA,13.539999961853027,13.65999984741211,13.40999984741211,13.5,12.90904140472412,1208600
2020-11-03,NWSA,13.539999961853027,13.65999984741211,13.40999984741211,13.5,12.90904140472412,1208600
2020-11-04,NWSA,13.489999771118164,13.710000038146973,13.31999969482422,13.539999961853027,12.94729232788086,1769400
2020-11-04,NWSA,13.489999771118164,13.710000038146973,13.31999969482422,13.539999961853027,12.94729232788086,1769400
2020-11-05,NWSA,13.720000267028809,14.119999885559082,13.279999732971191,14.0,13.387155532836914,1640200
2020-11-05,NWSA,13.720000267028809,14.119999885559082,13.279999732971191,14.0,13.387155532836914,1640200
2020-11-06,NWSA,15.670000076293944,15.90999984741211,14.789999961853027,15.15999984741211,14.496376991271973,2931700
2020-11-06,NWSA,15.670000076293944,15.90999984741211,14.789999961853027,15.15999984741211,14.496376991271973,2931700
2020-11-09,NWSA,15.93000030517578,16.489999771118164,15.640000343322754,15.670000076293944,14.984052658081056,4351400
2020-11-09,NWSA,15.93000030517578,16.489999771118164,15.640000343322754,15.670000076293944,14.984052658081056,4351400
2020-11-10,NWSA,15.720000267028809,16.3700008392334,15.720000267028809,16.270000457763672,15.557788848876951,4164700
2020-11-10,NWSA,15.720000267028809,16.3700008392334,15.720000267028809,16.270000457763672,15.557788848876951,4164700
2020-11-11,NWSA,16.299999237060547,17.209999084472656,16.260000228881836,17.200000762939453,16.447078704833984,5795100
2020-11-11,NWSA,16.299999237060547,17.209999084472656,16.260000228881836,17.200000762939453,16.447078704833984,5795100
2020-11-12,NWSA,17.079999923706055,17.18000030517578,16.229999542236328,16.389999389648438,15.672531127929688,2870600
2020-11-12,NWSA,17.079999923706055,17.18000030517578,16.229999542236328,16.389999389648438,15.672531127929688,2870600
2020-11-13,NWSA,16.469999313354492,17.030000686645508,16.34000015258789,16.979999542236328,16.23670768737793,2040000
2020-11-13,NWSA,16.469999313354492,17.030000686645508,16.34000015258789,16.979999542236328,16.23670768737793,2040000
2020-11-16,NWSA,17.790000915527344,18.149999618530277,17.149999618530273,17.389999389648438,16.628761291503906,2095100
2020-11-16,NWSA,17.790000915527344,18.149999618530277,17.149999618530273,17.389999389648438,16.628761291503906,2095100
2020-11-17,NWSA,17.270000457763672,17.84000015258789,17.25,17.68000030517578,16.90606689453125,2312500
2020-11-17,NWSA,17.270000457763672,17.84000015258789,17.25,17.68000030517578,16.90606689453125,2312500
2020-11-18,NWSA,17.600000381469727,17.959999084472656,17.5,17.549999237060547,16.781757354736328,1883200
2020-11-18,NWSA,17.600000381469727,17.959999084472656,17.5,17.549999237060547,16.781757354736328,1883200
2020-11-19,NWSA,17.520000457763672,17.700000762939453,17.399999618530273,17.549999237060547,16.781757354736328,1950800
2020-11-19,NWSA,17.520000457763672,17.700000762939453,17.399999618530273,17.549999237060547,16.781757354736328,1950800
2020-11-20,NWSA,17.530000686645508,17.600000381469727,17.25,17.520000457763672,16.753070831298828,1828900
2020-11-20,NWSA,17.530000686645508,17.600000381469727,17.25,17.520000457763672,16.753070831298828,1828900
2020-11-23,NWSA,17.690000534057617,18.0,17.549999237060547,17.899999618530273,17.116436004638672,1554900
2020-11-23,NWSA,17.690000534057617,18.0,17.549999237060547,17.899999618530273,17.116436004638672,1554900
2020-11-24,NWSA,18.059999465942383,18.270000457763672,17.809999465942383,18.170000076293945,17.374614715576172,2591300
2020-11-24,NWSA,18.059999465942383,18.270000457763672,17.809999465942383,18.170000076293945,17.374614715576172,2591300
2020-11-25,NWSA,18.21999931335449,18.270000457763672,17.790000915527344,18.0,17.212059020996094,2540500
2020-11-25,NWSA,18.21999931335449,18.270000457763672,17.790000915527344,18.0,17.212059020996094,2540500
2020-11-27,NWSA,17.989999771118164,18.010000228881836,17.65999984741211,17.709999084472656,16.934749603271484,1141700
2020-11-27,NWSA,17.989999771118164,18.010000228881836,17.65999984741211,17.709999084472656,16.934749603271484,1141700
2020-11-30,NWSA,17.700000762939453,17.920000076293945,17.59000015258789,17.649999618530273,16.87737464904785,7736400
2020-11-30,NWSA,17.700000762939453,17.920000076293945,17.59000015258789,17.649999618530273,16.87737464904785,7736400
2020-12-01,NWSA,17.700000762939453,18.209999084472656,17.700000762939453,18.06999969482422,17.278995513916016,6509300
2020-12-01,NWSA,17.700000762939453,18.209999084472656,17.700000762939453,18.06999969482422,17.278995513916016,6509300
2020-12-02,NWSA,18.0,18.459999084472656,17.739999771118164,18.38999938964844,17.584983825683594,2754100
2020-12-02,NWSA,18.0,18.459999084472656,17.739999771118164,18.38999938964844,17.584983825683594,2754100
2020-12-03,NWSA,18.32999992370605,18.600000381469727,18.21999931335449,18.56999969482422,17.75710678100586,2157700
2020-12-03,NWSA,18.32999992370605,18.600000381469727,18.21999931335449,18.56999969482422,17.75710678100586,2157700
2020-12-04,NWSA,18.6299991607666,18.700000762939453,18.40999984741211,18.68000030517578,17.862293243408203,4480400
2020-12-04,NWSA,18.6299991607666,18.700000762939453,18.40999984741211,18.68000030517578,17.862293243408203,4480400
2020-12-07,NWSA,18.520000457763672,18.6299991607666,18.38999938964844,18.5,17.690174102783203,1823700
2020-12-07,NWSA,18.520000457763672,18.6299991607666,18.38999938964844,18.5,17.690174102783203,1823700
2020-12-08,NWSA,18.299999237060547,18.5,18.239999771118164,18.3799991607666,17.575422286987305,4797000
2020-12-08,NWSA,18.299999237060547,18.5,18.239999771118164,18.3799991607666,17.575422286987305,4797000
2020-12-09,NWSA,18.43000030517578,18.46999931335449,18.18000030517578,18.270000457763672,17.470239639282227,3616100
2020-12-09,NWSA,18.43000030517578,18.46999931335449,18.18000030517578,18.270000457763672,17.470239639282227,3616100
2020-12-10,NWSA,18.21999931335449,18.549999237060547,18.100000381469727,18.350000381469727,17.546737670898438,3937900
2020-12-10,NWSA,18.21999931335449,18.549999237060547,18.100000381469727,18.350000381469727,17.546737670898438,3937900
2020-12-11,NWSA,18.280000686645508,18.399999618530277,17.920000076293945,17.959999084472656,17.173809051513672,2254400
2020-12-11,NWSA,18.280000686645508,18.399999618530277,17.920000076293945,17.959999084472656,17.173809051513672,2254400
2020-12-14,NWSA,18.100000381469727,18.100000381469727,17.600000381469727,17.75,16.97300148010254,3148900
2020-12-14,NWSA,18.100000381469727,18.100000381469727,17.600000381469727,17.75,16.97300148010254,3148900
2020-12-15,NWSA,18.0,18.200000762939453,17.8700008392334,18.09000015258789,17.29811668395996,5125400
2020-12-15,NWSA,18.0,18.200000762939453,17.8700008392334,18.09000015258789,17.29811668395996,5125400
2020-12-16,NWSA,18.09000015258789,18.13999938964844,17.65999984741211,17.770000457763672,16.992128372192383,3088100
2020-12-16,NWSA,18.09000015258789,18.13999938964844,17.65999984741211,17.770000457763672,16.992128372192383,3088100
2020-12-17,NWSA,17.8799991607666,17.959999084472656,17.469999313354492,17.709999084472656,16.934749603271484,2365900
2020-12-17,NWSA,17.8799991607666,17.959999084472656,17.469999313354492,17.709999084472656,16.934749603271484,2365900
2020-12-18,NWSA,17.469999313354492,17.729999542236328,17.270000457763672,17.350000381469727,16.590511322021484,5936300
2020-12-18,NWSA,17.469999313354492,17.729999542236328,17.270000457763672,17.350000381469727,16.590511322021484,5936300
2020-12-21,NWSA,17.18000030517578,17.709999084472656,17.149999618530273,17.649999618530273,16.87737464904785,3910100
2020-12-21,NWSA,17.18000030517578,17.709999084472656,17.149999618530273,17.649999618530273,16.87737464904785,3910100
2020-12-22,NWSA,17.549999237060547,17.809999465942383,17.469999313354492,17.639999389648438,16.867816925048828,3627600
2020-12-22,NWSA,17.549999237060547,17.809999465942383,17.469999313354492,17.639999389648438,16.867816925048828,3627600
2020-12-23,NWSA,17.649999618530273,17.81999969482422,17.6200008392334,17.68000030517578,16.90606689453125,3008300
2020-12-23,NWSA,17.649999618530273,17.81999969482422,17.6200008392334,17.68000030517578,16.90606689453125,3008300
2020-12-24,NWSA,17.81999969482422,17.940000534057617,17.739999771118164,17.81999969482422,17.039936065673828,1100000
2020-12-24,NWSA,17.81999969482422,17.940000534057617,17.739999771118164,17.81999969482422,17.039936065673828,1100000
2020-12-28,NWSA,17.93000030517578,18.309999465942383,17.899999618530273,18.18000030517578,17.38418197631836,1674700
2020-12-28,NWSA,17.93000030517578,18.309999465942383,17.899999618530273,18.18000030517578,17.38418197631836,1674700
2020-12-29,NWSA,18.1299991607666,18.229999542236328,17.950000762939453,18.020000457763672,17.231184005737305,1198300
2020-12-29,NWSA,18.1299991607666,18.229999542236328,17.950000762939453,18.020000457763672,17.231184005737305,1198300
2020-12-30,NWSA,18.020000457763672,18.290000915527344,17.950000762939453,18.030000686645508,17.240745544433594,1373500
2020-12-30,NWSA,18.020000457763672,18.290000915527344,17.950000762939453,18.030000686645508,17.240745544433594,1373500
2020-12-31,NWSA,17.979999542236328,18.100000381469727,17.760000228881836,17.969999313354492,17.183374404907227,1822300
2020-12-31,NWSA,17.979999542236328,18.100000381469727,17.760000228881836,17.969999313354492,17.183374404907227,1822300
2021-01-04,NWSA,18.040000915527344,18.299999237060547,17.75,18.15999984741211,17.365055084228516,3037700
2021-01-04,NWSA,18.040000915527344,18.299999237060547,17.75,18.15999984741211,17.365055084228516,3037700
2021-01-05,NWSA,18.040000915527344,18.420000076293945,18.0,18.280000686645508,17.47980308532715,1844400
2021-01-05,NWSA,18.040000915527344,18.420000076293945,18.0,18.280000686645508,17.47980308532715,1844400
2021-01-06,NWSA,18.420000076293945,19.43000030517578,18.21999931335449,19.25,18.407339096069336,3218600
2021-01-06,NWSA,18.420000076293945,19.43000030517578,18.21999931335449,19.25,18.407339096069336,3218600
2021-01-07,NWSA,19.280000686645508,19.309999465942383,18.729999542236328,18.739999771118164,17.91966438293457,2406400
2021-01-07,NWSA,19.280000686645508,19.309999465942383,18.729999542236328,18.739999771118164,17.91966438293457,2406400
2021-01-08,NWSA,18.770000457763672,18.90999984741211,18.3799991607666,18.6299991607666,17.814481735229492,1920300
2021-01-08,NWSA,18.770000457763672,18.90999984741211,18.3799991607666,18.6299991607666,17.814481735229492,1920300
2021-01-11,NWSA,18.3700008392334,18.809999465942383,18.299999237060547,18.65999984741211,17.84316635131836,1465900
2021-01-11,NWSA,18.3700008392334,18.809999465942383,18.299999237060547,18.65999984741211,17.84316635131836,1465900
2021-01-12,NWSA,18.61000061035156,18.739999771118164,18.34000015258789,18.399999618530277,17.59454917907715,1906000
2021-01-12,NWSA,18.61000061035156,18.739999771118164,18.34000015258789,18.399999618530277,17.59454917907715,1906000
2021-01-13,NWSA,18.3700008392334,18.600000381469727,18.26000022888184,18.280000686645508,17.47980308532715,2430000
2021-01-13,NWSA,18.3700008392334,18.600000381469727,18.26000022888184,18.280000686645508,17.47980308532715,2430000
2021-01-14,NWSA,18.350000381469727,18.88999938964844,18.350000381469727,18.690000534057617,17.87185287475586,1938500
2021-01-14,NWSA,18.350000381469727,18.88999938964844,18.350000381469727,18.690000534057617,17.87185287475586,1938500
2021-01-15,NWSA,18.6299991607666,18.739999771118164,18.399999618530277,18.700000762939453,17.88141441345215,2016500
2021-01-15,NWSA,18.6299991607666,18.739999771118164,18.399999618530277,18.700000762939453,17.88141441345215,2016500
2021-01-19,NWSA,18.790000915527344,18.850000381469727,18.520000457763672,18.75,17.92922592163086,2535800
2021-01-19,NWSA,18.790000915527344,18.850000381469727,18.520000457763672,18.75,17.92922592163086,2535800
2021-01-20,NWSA,18.84000015258789,19.18000030517578,18.799999237060547,19.11000061035156,18.27346611022949,2357800
2021-01-20,NWSA,18.84000015258789,19.18000030517578,18.799999237060547,19.11000061035156,18.27346611022949,2357800
2021-01-21,NWSA,19.06999969482422,19.450000762939453,19.020000457763672,19.209999084472656,18.369089126586918,1620900
2021-01-21,NWSA,19.06999969482422,19.450000762939453,19.020000457763672,19.209999084472656,18.369089126586918,1620900
2021-01-22,NWSA,19.1200008392334,19.190000534057617,18.559999465942383,18.56999969482422,17.75710678100586,2832800
2021-01-22,NWSA,19.1200008392334,19.190000534057617,18.559999465942383,18.56999969482422,17.75710678100586,2832800
2021-01-25,NWSA,18.420000076293945,18.86000061035156,18.290000915527344,18.75,17.92922592163086,2912000
2021-01-25,NWSA,18.420000076293945,18.86000061035156,18.290000915527344,18.75,17.92922592163086,2912000
2021-01-26,NWSA,18.940000534057617,19.18000030517578,18.559999465942383,19.13999938964844,18.302154541015625,1743100
2021-01-26,NWSA,18.940000534057617,19.18000030517578,18.559999465942383,19.13999938964844,18.302154541015625,1743100
2021-01-27,NWSA,19.420000076293945,20.049999237060547,19.170000076293945,19.57999992370605,18.72289085388184,5110200
2021-01-27,NWSA,19.420000076293945,20.049999237060547,19.170000076293945,19.57999992370605,18.72289085388184,5110200
2021-01-28,NWSA,19.71999931335449,19.809999465942383,19.229999542236328,19.51000022888184,18.65596008300781,3810300
2021-01-28,NWSA,19.71999931335449,19.809999465942383,19.229999542236328,19.51000022888184,18.65596008300781,3810300
2021-01-29,NWSA,19.489999771118164,19.93000030517578,19.38999938964844,19.399999618530277,18.5507755279541,3120700
2021-01-29,NWSA,19.489999771118164,19.93000030517578,19.38999938964844,19.399999618530277,18.5507755279541,3120700
2021-02-01,NWSA,19.32999992370605,19.5,18.71999931335449,19.3700008392334,18.52208709716797,2304600
2021-02-01,NWSA,19.32999992370605,19.5,18.71999931335449,19.3700008392334,18.52208709716797,2304600
2021-02-02,NWSA,19.520000457763672,20.0,19.40999984741211,19.790000915527344,18.9237003326416,2720900
2021-02-02,NWSA,19.520000457763672,20.0,19.40999984741211,19.790000915527344,18.9237003326416,2720900
2021-02-03,NWSA,19.6200008392334,19.940000534057617,19.59000015258789,19.84000015258789,18.971515655517575,1751300
2021-02-03,NWSA,19.6200008392334,19.940000534057617,19.59000015258789,19.84000015258789,18.971515655517575,1751300
2021-02-04,NWSA,19.93000030517578,20.88999938964844,19.84000015258789,20.299999237060547,19.411376953125,3696900
2021-02-04,NWSA,19.93000030517578,20.88999938964844,19.84000015258789,20.299999237060547,19.411376953125,3696900
2021-02-05,NWSA,21.989999771118164,22.25,21.07999992370605,21.21999931335449,20.29110336303711,7117900
2021-02-05,NWSA,21.989999771118164,22.25,21.07999992370605,21.21999931335449,20.29110336303711,7117900
2021-02-08,NWSA,21.270000457763672,21.81999969482422,21.270000457763672,21.700000762939453,20.750093460083008,3931200
2021-02-08,NWSA,21.270000457763672,21.81999969482422,21.270000457763672,21.700000762939453,20.750093460083008,3931200
2021-02-09,NWSA,21.88999938964844,22.3799991607666,21.75,22.18000030517578,21.20907974243164,3659800
2021-02-09,NWSA,21.88999938964844,22.3799991607666,21.75,22.18000030517578,21.20907974243164,3659800
2021-02-10,NWSA,22.299999237060547,22.88999938964844,22.200000762939453,22.6200008392334,21.62981986999512,3886200
2021-02-10,NWSA,22.299999237060547,22.88999938964844,22.200000762939453,22.6200008392334,21.62981986999512,3886200
2021-02-11,NWSA,22.600000381469727,23.07999992370605,22.5,23.040000915527344,22.031435012817383,2715800
2021-02-11,NWSA,22.600000381469727,23.07999992370605,22.5,23.040000915527344,22.031435012817383,2715800
2021-02-12,NWSA,23.86000061035156,24.059999465942383,23.3799991607666,23.71999931335449,22.681665420532227,4494000
2021-02-12,NWSA,23.86000061035156,24.059999465942383,23.3799991607666,23.71999931335449,22.681665420532227,4494000
2021-02-16,NWSA,23.61000061035156,23.86000061035156,23.440000534057617,23.790000915527344,22.748607635498047,4886000
2021-02-16,NWSA,23.61000061035156,23.86000061035156,23.440000534057617,23.790000915527344,22.748607635498047,4886000
2021-02-17,NWSA,24.040000915527344,24.21999931335449,23.07999992370605,23.18000030517578,22.16530418395996,3998800
2021-02-17,NWSA,24.040000915527344,24.21999931335449,23.07999992370605,23.18000030517578,22.16530418395996,3998800
2021-02-18,NWSA,23.15999984741211,23.25,22.6200008392334,22.649999618530277,21.658506393432617,4511900
2021-02-18,NWSA,23.15999984741211,23.25,22.6200008392334,22.649999618530277,21.658506393432617,4511900
2021-02-19,NWSA,22.670000076293945,22.81999969482422,22.43000030517578,22.5,21.51507377624512,5040500
2021-02-19,NWSA,22.670000076293945,22.81999969482422,22.43000030517578,22.5,21.51507377624512,5040500
2021-02-22,NWSA,22.479999542236328,23.61000061035156,22.290000915527344,23.36000061035156,22.337425231933597,7168500
2021-02-22,NWSA,22.479999542236328,23.61000061035156,22.290000915527344,23.36000061035156,22.337425231933597,7168500
2021-02-23,NWSA,23.200000762939453,23.61000061035156,23.0,23.43000030517578,22.40436553955078,4076200
2021-02-23,NWSA,23.200000762939453,23.61000061035156,23.0,23.43000030517578,22.40436553955078,4076200
2021-02-24,NWSA,23.3799991607666,24.149999618530277,23.06999969482422,23.809999465942383,22.76772689819336,5901000
2021-02-24,NWSA,23.3799991607666,24.149999618530277,23.06999969482422,23.809999465942383,22.76772689819336,5901000
2021-02-25,NWSA,23.780000686645508,24.09000015258789,23.200000762939453,23.209999084472656,22.193994522094727,2645600
2021-02-25,NWSA,23.780000686645508,24.09000015258789,23.200000762939453,23.209999084472656,22.193994522094727,2645600
2021-02-26,NWSA,23.239999771118164,23.76000022888184,23.100000381469727,23.450000762939453,22.423484802246094,4359100
2021-02-26,NWSA,23.239999771118164,23.76000022888184,23.100000381469727,23.450000762939453,22.423484802246094,4359100
2021-03-01,NWSA,23.799999237060547,24.5,23.6299991607666,24.36000061035156,23.29365348815918,3774800
2021-03-01,NWSA,23.799999237060547,24.5,23.6299991607666,24.36000061035156,23.29365348815918,3774800
2021-03-02,NWSA,24.34000015258789,24.3799991607666,23.61000061035156,23.63999938964844,22.60517120361328,3991000
2021-03-02,NWSA,24.34000015258789,24.3799991607666,23.61000061035156,23.63999938964844,22.60517120361328,3991000
2021-03-03,NWSA,23.63999938964844,24.18000030517578,23.559999465942383,23.790000915527344,22.748607635498047,3145600
2021-03-03,NWSA,23.63999938964844,24.18000030517578,23.559999465942383,23.790000915527344,22.748607635498047,3145600
2021-03-04,NWSA,23.739999771118164,24.020000457763672,23.13999938964844,23.530000686645508,22.499984741210938,4400000
2021-03-04,NWSA,23.739999771118164,24.020000457763672,23.13999938964844,23.530000686645508,22.499984741210938,4400000
2021-03-05,NWSA,25.059999465942383,25.059999465942383,23.309999465942383,24.3700008392334,23.3032169342041,5979100
2021-03-05,NWSA,25.059999465942383,25.059999465942383,23.309999465942383,24.3700008392334,23.3032169342041,5979100
2021-03-08,NWSA,25.020000457763672,25.020000457763672,23.950000762939453,24.239999771118164,23.178903579711918,5290100
2021-03-08,NWSA,25.020000457763672,25.020000457763672,23.950000762939453,24.239999771118164,23.178903579711918,5290100
2021-03-09,NWSA,24.399999618530277,25.57999992370605,24.280000686645508,24.850000381469727,23.76220321655273,7223000
2021-03-09,NWSA,24.399999618530277,25.57999992370605,24.280000686645508,24.850000381469727,23.76220321655273,7223000
2021-03-10,NWSA,25.059999465942383,25.65999984741211,24.59000015258789,25.520000457763672,24.402875900268555,4632100
2021-03-10,NWSA,25.059999465942383,25.65999984741211,24.59000015258789,25.520000457763672,24.402875900268555,4632100
2021-03-11,NWSA,25.479999542236328,25.850000381469727,25.290000915527344,25.729999542236328,24.603679656982425,2775400
2021-03-11,NWSA,25.479999542236328,25.850000381469727,25.290000915527344,25.729999542236328,24.603679656982425,2775400
2021-03-12,NWSA,25.86000061035156,26.229999542236328,25.5,26.209999084472656,25.06266975402832,3789900
2021-03-12,NWSA,25.86000061035156,26.229999542236328,25.5,26.209999084472656,25.06266975402832,3789900
2021-03-15,NWSA,26.239999771118164,26.239999771118164,25.700000762939453,26.11000061035156,24.9670467376709,3511000
2021-03-15,NWSA,26.239999771118164,26.239999771118164,25.700000762939453,26.11000061035156,24.9670467376709,3511000
2021-03-16,NWSA,26.25,26.84000015258789,26.15999984741211,26.479999542236328,25.418201446533203,4250200
2021-03-16,NWSA,26.25,26.84000015258789,26.15999984741211,26.479999542236328,25.418201446533203,4250200
2021-03-17,NWSA,26.440000534057617,26.46999931335449,25.82999992370605,26.350000381469727,25.293413162231445,4596300
2021-03-17,NWSA,26.440000534057617,26.46999931335449,25.82999992370605,26.350000381469727,25.293413162231445,4596300
2021-03-18,NWSA,26.489999771118164,27.450000762939453,26.350000381469727,27.149999618530277,26.06133460998535,6585100
2021-03-18,NWSA,26.489999771118164,27.450000762939453,26.350000381469727,27.149999618530277,26.06133460998535,6585100
2021-03-19,NWSA,27.059999465942383,27.68000030517578,26.75,27.299999237060547,26.205320358276367,8400800
2021-03-19,NWSA,27.059999465942383,27.68000030517578,26.75,27.299999237060547,26.205320358276367,8400800
2021-03-22,NWSA,27.399999618530277,27.530000686645508,26.5,26.709999084472656,25.63897705078125,3919100
2021-03-22,NWSA,27.399999618530277,27.530000686645508,26.5,26.709999084472656,25.63897705078125,3919100
2021-03-23,NWSA,26.63999938964844,26.71999931335449,25.979999542236328,26.11000061035156,25.063037872314453,4071900
2021-03-23,NWSA,26.63999938964844,26.71999931335449,25.979999542236328,26.11000061035156,25.063037872314453,4071900
2021-03-24,NWSA,26.21999931335449,26.43000030517578,25.40999984741211,25.450000762939453,24.429500579833984,3561400
2021-03-24,NWSA,26.21999931335449,26.43000030517578,25.40999984741211,25.450000762939453,24.429500579833984,3561400
2021-03-25,NWSA,25.32999992370605,26.31999969482422,25.01000022888184,26.209999084472656,25.159025192260746,3598900
2021-03-25,NWSA,25.32999992370605,26.31999969482422,25.01000022888184,26.209999084472656,25.159025192260746,3598900
2021-03-26,NWSA,26.309999465942383,26.420000076293945,25.399999618530277,25.729999542236328,24.698272705078125,5184000
2021-03-26,NWSA,26.309999465942383,26.420000076293945,25.399999618530277,25.729999542236328,24.698272705078125,5184000
2021-03-29,NWSA,26.020000457763672,26.030000686645508,24.82999992370605,25.030000686645508,24.026342391967773,4268700
2021-03-29,NWSA,26.020000457763672,26.030000686645508,24.82999992370605,25.030000686645508,24.026342391967773,4268700
2021-03-30,NWSA,25.11000061035156,25.82999992370605,24.93000030517578,25.690000534057617,24.659875869750977,3147000
2021-03-30,NWSA,25.11000061035156,25.82999992370605,24.93000030517578,25.690000534057617,24.659875869750977,3147000
2021-03-31,NWSA,25.59000015258789,26.100000381469727,25.40999984741211,25.43000030517578,24.410303115844727,4264200
2021-03-31,NWSA,25.59000015258789,26.100000381469727,25.40999984741211,25.43000030517578,24.410303115844727,4264200
2021-04-01,NWSA,25.51000022888184,26.06999969482422,25.25,26.059999465942383,25.01504135131836,2708700
2021-04-01,NWSA,25.51000022888184,26.06999969482422,25.25,26.059999465942383,25.01504135131836,2708700
2021-04-05,NWSA,26.13999938964844,26.549999237060547,25.86000061035156,26.420000076293945,25.360605239868164,2947700
2021-04-05,NWSA,26.13999938964844,26.549999237060547,25.86000061035156,26.420000076293945,25.360605239868164,2947700
2021-04-06,NWSA,26.21999931335449,26.799999237060547,26.21999931335449,26.559999465942383,25.49498748779297,3106900
2021-04-06,NWSA,26.21999931335449,26.799999237060547,26.21999931335449,26.559999465942383,25.49498748779297,3106900
2021-04-07,NWSA,26.520000457763672,26.81999969482422,26.309999465942383,26.420000076293945,25.360605239868164,2262200
2021-04-07,NWSA,26.520000457763672,26.81999969482422,26.309999465942383,26.420000076293945,25.360605239868164,2262200
2021-04-08,NWSA,26.170000076293945,26.790000915527344,26.1200008392334,26.71999931335449,25.64857482910156,2209100
2021-04-08,NWSA,26.170000076293945,26.790000915527344,26.1200008392334,26.71999931335449,25.64857482910156,2209100
2021-04-09,NWSA,26.82999992370605,26.950000762939453,26.450000762939453,26.68000030517578,25.61018180847168,2209000
2021-04-09,NWSA,26.82999992370605,26.950000762939453,26.450000762939453,26.68000030517578,25.61018180847168,2209000
2021-04-12,NWSA,26.96999931335449,26.96999931335449,26.5,26.76000022888184,25.686975479125977,3618500
2021-04-12,NWSA,26.96999931335449,26.96999931335449,26.5,26.76000022888184,25.686975479125977,3618500
2021-04-13,NWSA,26.84000015258789,26.920000076293945,26.06999969482422,26.13999938964844,25.09183120727539,4230000
2021-04-13,NWSA,26.84000015258789,26.920000076293945,26.06999969482422,26.13999938964844,25.09183120727539,4230000
2021-04-14,NWSA,26.190000534057617,26.65999984741211,26.18000030517578,26.40999984741211,25.35100746154785,5053500
2021-04-14,NWSA,26.190000534057617,26.65999984741211,26.18000030517578,26.40999984741211,25.35100746154785,5053500
2021-04-15,NWSA,26.6200008392334,26.86000061035156,26.350000381469727,26.61000061035156,25.54298973083496,3425100
2021-04-15,NWSA,26.6200008392334,26.86000061035156,26.350000381469727,26.61000061035156,25.54298973083496,3425100
2021-04-16,NWSA,26.790000915527344,26.90999984741211,26.559999465942383,26.700000762939453,25.62938117980957,3560400
2021-04-16,NWSA,26.790000915527344,26.90999984741211,26.559999465942383,26.700000762939453,25.62938117980957,3560400
2021-04-19,NWSA,26.649999618530277,26.84000015258789,26.38999938964844,26.739999771118164,25.66777610778809,3317800
2021-04-19,NWSA,26.649999618530277,26.84000015258789,26.38999938964844,26.739999771118164,25.66777610778809,3317800
2021-04-20,NWSA,26.780000686645508,27.059999465942383,26.149999618530277,26.489999771118164,25.42779922485352,2232700
2021-04-20,NWSA,26.780000686645508,27.059999465942383,26.149999618530277,26.489999771118164,25.42779922485352,2232700
2021-04-21,NWSA,26.26000022888184,27.34000015258789,26.01000022888184,27.31999969482422,26.224517822265625,2979900
2021-04-21,NWSA,26.26000022888184,27.34000015258789,26.01000022888184,27.31999969482422,26.224517822265625,2979900
2021-04-22,NWSA,27.399999618530277,27.46999931335449,26.850000381469727,26.88999938964844,25.81175994873047,3650800
2021-04-22,NWSA,27.399999618530277,27.46999931335449,26.850000381469727,26.88999938964844,25.81175994873047,3650800
2021-04-23,NWSA,27.1299991607666,27.229999542236328,26.68000030517578,26.729999542236328,25.658178329467773,3193800
2021-04-23,NWSA,27.1299991607666,27.229999542236328,26.68000030517578,26.729999542236328,25.658178329467773,3193800
2021-04-26,NWSA,26.88999938964844,26.959999084472656,26.56999969482422,26.65999984741211,25.59098243713379,3269600
2021-04-26,NWSA,26.88999938964844,26.959999084472656,26.56999969482422,26.65999984741211,25.59098243713379,3269600
2021-04-27,NWSA,26.51000022888184,26.82999992370605,26.450000762939453,26.549999237060547,25.48539161682129,2407400
2021-04-27,NWSA,26.51000022888184,26.82999992370605,26.450000762939453,26.549999237060547,25.48539161682129,2407400
2021-04-28,NWSA,26.530000686645508,26.6299991607666,26.020000457763672,26.170000076293945,25.120630264282227,3050300
2021-04-28,NWSA,26.530000686645508,26.6299991607666,26.020000457763672,26.170000076293945,25.120630264282227,3050300
2021-04-29,NWSA,26.40999984741211,26.6299991607666,26.15999984741211,26.520000457763672,25.45659637451172,2750300
2021-04-29,NWSA,26.40999984741211,26.6299991607666,26.15999984741211,26.520000457763672,25.45659637451172,2750300
2021-04-30,NWSA,26.309999465942383,26.40999984741211,25.959999084472656,26.200000762939453,25.1494255065918,4022400
2021-04-30,NWSA,26.309999465942383,26.40999984741211,25.959999084472656,26.200000762939453,25.1494255065918,4022400
2021-05-03,NWSA,26.309999465942383,26.540000915527344,26.1299991607666,26.36000061035156,25.30301094055176,3988300
2021-05-03,NWSA,26.309999465942383,26.540000915527344,26.1299991607666,26.36000061035156,25.30301094055176,3988300
2021-05-04,NWSA,26.1200008392334,26.15999984741211,25.21999931335449,25.51000022888184,24.48709487915039,2748200
2021-05-04,NWSA,26.1200008392334,26.15999984741211,25.21999931335449,25.51000022888184,24.48709487915039,2748200
2021-05-05,NWSA,25.770000457763672,26.350000381469727,25.51000022888184,26.1200008392334,25.0726375579834,3213200
2021-05-05,NWSA,25.770000457763672,26.350000381469727,25.51000022888184,26.1200008392334,25.0726375579834,3213200
2021-05-06,NWSA,26.26000022888184,26.399999618530277,25.670000076293945,26.0,24.95744514465332,2672300
2021-05-06,NWSA,26.26000022888184,26.399999618530277,25.670000076293945,26.0,24.95744514465332,2672300
2021-05-07,NWSA,26.61000061035156,27.700000762939453,26.51000022888184,27.440000534057617,26.339704513549805,4643600
2021-05-07,NWSA,26.61000061035156,27.700000762939453,26.51000022888184,27.440000534057617,26.339704513549805,4643600
2021-05-10,NWSA,27.299999237060547,27.96999931335449,27.01000022888184,27.440000534057617,26.339704513549805,4742600
2021-05-10,NWSA,27.299999237060547,27.96999931335449,27.01000022888184,27.440000534057617,26.339704513549805,4742600
2021-05-11,NWSA,27.399999618530277,27.65999984741211,26.770000457763672,27.63999938964844,26.53168487548828,3681700
2021-05-11,NWSA,27.399999618530277,27.65999984741211,26.770000457763672,27.63999938964844,26.53168487548828,3681700
2021-05-12,NWSA,27.40999984741211,27.559999465942383,26.049999237060547,26.13999938964844,25.09183120727539,3808600
2021-05-12,NWSA,27.40999984741211,27.559999465942383,26.049999237060547,26.13999938964844,25.09183120727539,3808600
2021-05-13,NWSA,26.170000076293945,26.790000915527344,25.920000076293945,26.25,25.197423934936523,2498100
2021-05-13,NWSA,26.170000076293945,26.790000915527344,25.920000076293945,26.25,25.197423934936523,2498100
2021-05-14,NWSA,26.43000030517578,26.780000686645508,25.76000022888184,26.700000762939453,25.62938117980957,1778000
2021-05-14,NWSA,26.43000030517578,26.780000686645508,25.76000022888184,26.700000762939453,25.62938117980957,1778000
2021-05-17,NWSA,26.96999931335449,27.46999931335449,26.59000015258789,26.90999984741211,25.830957412719727,2734500
2021-05-17,NWSA,26.96999931335449,27.46999931335449,26.59000015258789,26.90999984741211,25.830957412719727,2734500
2021-05-18,NWSA,26.88999938964844,27.239999771118164,26.479999542236328,26.479999542236328,25.418201446533203,2916100
2021-05-18,NWSA,26.88999938964844,27.239999771118164,26.479999542236328,26.479999542236328,25.418201446533203,2916100
2021-05-19,NWSA,26.06999969482422,26.299999237060547,25.81999969482422,26.01000022888184,24.967044830322266,4021500
2021-05-19,NWSA,26.06999969482422,26.299999237060547,25.81999969482422,26.01000022888184,24.967044830322266,4021500
2021-05-20,NWSA,26.15999984741211,27.15999984741211,26.06999969482422,27.049999237060547,25.965341567993164,4844000
2021-05-20,NWSA,26.15999984741211,27.15999984741211,26.06999969482422,27.049999237060547,25.965341567993164,4844000
2021-05-21,NWSA,26.65999984741211,27.170000076293945,26.46999931335449,26.489999771118164,25.42779922485352,3284500
2021-05-21,NWSA,26.65999984741211,27.170000076293945,26.46999931335449,26.489999771118164,25.42779922485352,3284500
2021-05-24,NWSA,26.68000030517578,26.920000076293945,26.46999931335449,26.84000015258789,25.763765335083008,3107700
2021-05-24,NWSA,26.68000030517578,26.920000076293945,26.46999931335449,26.84000015258789,25.763765335083008,3107700
2021-05-25,NWSA,27.030000686645508,27.13999938964844,26.6200008392334,26.63999938964844,25.57178497314453,3586300
2021-05-25,NWSA,27.030000686645508,27.13999938964844,26.6200008392334,26.63999938964844,25.57178497314453,3586300
2021-05-26,NWSA,26.790000915527344,27.09000015258789,26.76000022888184,26.780000686645508,25.7061710357666,3887800
2021-05-26,NWSA,26.790000915527344,27.09000015258789,26.76000022888184,26.780000686645508,25.7061710357666,3887800
2021-05-27,NWSA,26.82999992370605,27.51000022888184,26.82999992370605,27.100000381469727,26.01333999633789,18351500
2021-05-27,NWSA,26.82999992370605,27.51000022888184,26.82999992370605,27.100000381469727,26.01333999633789,18351500
2021-05-28,NWSA,27.209999084472656,27.280000686645508,26.559999465942383,26.989999771118164,25.90774917602539,4046400
2021-05-28,NWSA,27.209999084472656,27.280000686645508,26.559999465942383,26.989999771118164,25.90774917602539,4046400
2021-06-01,NWSA,26.59000015258789,26.90999984741211,26.040000915527344,26.51000022888184,25.446998596191406,3740600
2021-06-01,NWSA,26.59000015258789,26.90999984741211,26.040000915527344,26.51000022888184,25.446998596191406,3740600
2021-06-02,NWSA,26.559999465942383,26.559999465942383,25.6200008392334,25.90999984741211,24.871055603027344,3354800
2021-06-02,NWSA,26.559999465942383,26.559999465942383,25.6200008392334,25.90999984741211,24.871055603027344,3354800
2021-06-03,NWSA,25.420000076293945,25.93000030517578,25.36000061035156,25.88999938964844,24.85186004638672,2884300
2021-06-03,NWSA,25.420000076293945,25.93000030517578,25.36000061035156,25.88999938964844,24.85186004638672,2884300
2021-06-04,NWSA,25.920000076293945,26.25,25.8799991607666,26.21999931335449,25.168624877929688,1733400
2021-06-04,NWSA,25.920000076293945,26.25,25.8799991607666,26.21999931335449,25.168624877929688,1733400
2021-06-07,NWSA,26.21999931335449,26.270000457763672,25.6299991607666,25.850000381469727,24.81346321105957,2574400
2021-06-07,NWSA,26.21999931335449,26.270000457763672,25.6299991607666,25.850000381469727,24.81346321105957,2574400
2021-06-08,NWSA,25.82999992370605,26.549999237060547,25.729999542236328,26.46999931335449,25.408601760864254,3996100
2021-06-08,NWSA,25.82999992370605,26.549999237060547,25.729999542236328,26.46999931335449,25.408601760864254,3996100
2021-06-09,NWSA,26.36000061035156,26.709999084472656,26.270000457763672,26.530000686645508,25.46619415283203,1764700
2021-06-09,NWSA,26.36000061035156,26.709999084472656,26.270000457763672,26.530000686645508,25.46619415283203,1764700
2021-06-10,NWSA,26.600000381469727,26.71999931335449,26.420000076293945,26.459999084472656,25.399002075195312,1524300
2021-06-10,NWSA,26.600000381469727,26.71999931335449,26.420000076293945,26.459999084472656,25.399002075195312,1524300
2021-06-11,NWSA,26.59000015258789,26.86000061035156,26.020000457763672,26.84000015258789,25.763765335083008,1332700
2021-06-11,NWSA,26.59000015258789,26.86000061035156,26.020000457763672,26.84000015258789,25.763765335083008,1332700
2021-06-14,NWSA,26.82999992370605,26.8700008392334,26.190000534057617,26.309999465942383,25.255016326904297,2269200
2021-06-14,NWSA,26.82999992370605,26.8700008392334,26.190000534057617,26.309999465942383,25.255016326904297,2269200
2021-06-15,NWSA,26.399999618530277,26.51000022888184,25.950000762939453,26.0,24.95744514465332,1420000
2021-06-15,NWSA,26.399999618530277,26.51000022888184,25.950000762939453,26.0,24.95744514465332,1420000
2021-06-16,NWSA,25.899999618530277,26.030000686645508,25.530000686645508,25.93000030517578,24.8902530670166,1986300
2021-06-16,NWSA,25.899999618530277,26.030000686645508,25.530000686645508,25.93000030517578,24.8902530670166,1986300
2021-06-17,NWSA,25.920000076293945,26.01000022888184,25.1299991607666,25.5,24.47749710083008,2287900
2021-06-17,NWSA,25.920000076293945,26.01000022888184,25.1299991607666,25.5,24.47749710083008,2287900
2021-06-18,NWSA,25.25,25.43000030517578,24.940000534057617,25.1299991607666,24.122329711914062,3721300
2021-06-18,NWSA,25.25,25.43000030517578,24.940000534057617,25.1299991607666,24.122329711914062,3721300
2021-06-21,NWSA,25.1299991607666,25.84000015258789,25.040000915527344,25.729999542236328,24.698272705078125,1648400
2021-06-21,NWSA,25.1299991607666,25.84000015258789,25.040000915527344,25.729999542236328,24.698272705078125,1648400
2021-06-22,NWSA,25.709999084472656,25.799999237060547,25.190000534057617,25.520000457763672,24.49669647216797,1722000
2021-06-22,NWSA,25.709999084472656,25.799999237060547,25.190000534057617,25.520000457763672,24.49669647216797,1722000
2021-06-23,NWSA,25.520000457763672,25.709999084472656,25.229999542236328,25.450000762939453,24.429500579833984,1659000
2021-06-23,NWSA,25.520000457763672,25.709999084472656,25.229999542236328,25.450000762939453,24.429500579833984,1659000
2021-06-24,NWSA,25.489999771118164,25.709999084472656,25.38999938964844,25.56999969482422,24.5446891784668,1290600
2021-06-24,NWSA,25.489999771118164,25.709999084472656,25.38999938964844,25.56999969482422,24.5446891784668,1290600
2021-06-25,NWSA,25.649999618530277,25.96999931335449,25.61000061035156,25.729999542236328,24.698272705078125,2749500
2021-06-25,NWSA,25.649999618530277,25.96999931335449,25.61000061035156,25.729999542236328,24.698272705078125,2749500
2021-06-28,NWSA,25.729999542236328,26.06999969482422,25.420000076293945,25.6200008392334,24.592683792114254,1882100
2021-06-28,NWSA,25.729999542236328,26.06999969482422,25.420000076293945,25.6200008392334,24.592683792114254,1882100
2021-06-29,NWSA,25.670000076293945,26.06999969482422,25.549999237060547,25.559999465942383,24.535091400146484,1361900
2021-06-29,NWSA,25.670000076293945,26.06999969482422,25.549999237060547,25.559999465942383,24.535091400146484,1361900
2021-06-30,NWSA,25.549999237060547,25.899999618530277,25.450000762939453,25.770000457763672,24.736669540405277,1778100
2021-06-30,NWSA,25.549999237060547,25.899999618530277,25.450000762939453,25.770000457763672,24.736669540405277,1778100
2021-07-01,NWSA,25.899999618530277,26.25,25.729999542236328,26.13999938964844,25.09183120727539,1795600
2021-07-01,NWSA,25.899999618530277,26.25,25.729999542236328,26.13999938964844,25.09183120727539,1795600
2021-07-02,NWSA,26.229999542236328,26.229999542236328,25.530000686645508,25.75,24.717472076416016,1602300
2021-07-02,NWSA,26.229999542236328,26.229999542236328,25.530000686645508,25.75,24.717472076416016,1602300
2021-07-06,NWSA,25.82999992370605,25.82999992370605,25.3799991607666,25.540000915527344,24.51589012145996,2393900
2021-07-06,NWSA,25.82999992370605,25.82999992370605,25.3799991607666,25.540000915527344,24.51589012145996,2393900
2021-07-07,NWSA,25.530000686645508,25.709999084472656,24.920000076293945,25.350000381469727,24.33350944519043,2653100
2021-07-07,NWSA,25.530000686645508,25.709999084472656,24.920000076293945,25.350000381469727,24.33350944519043,2653100
2021-07-08,NWSA,25.100000381469727,25.25,24.690000534057617,24.799999237060547,23.80556297302246,2225000
2021-07-08,NWSA,25.100000381469727,25.25,24.690000534057617,24.799999237060547,23.80556297302246,2225000
2021-07-09,NWSA,25.030000686645508,25.670000076293945,25.020000457763672,25.520000457763672,24.49669647216797,1919400
2021-07-09,NWSA,25.030000686645508,25.670000076293945,25.020000457763672,25.520000457763672,24.49669647216797,1919400
2021-07-12,NWSA,25.40999984741211,25.920000076293945,24.899999618530277,25.82999992370605,24.794265747070312,1567900
2021-07-12,NWSA,25.40999984741211,25.920000076293945,24.899999618530277,25.82999992370605,24.794265747070312,1567900
2021-07-13,NWSA,25.770000457763672,25.770000457763672,25.209999084472656,25.229999542236328,24.218324661254883,1478100
2021-07-13,NWSA,25.770000457763672,25.770000457763672,25.209999084472656,25.229999542236328,24.218324661254883,1478100
2021-07-14,NWSA,25.350000381469727,25.559999465942383,24.950000762939453,25.0,23.99754524230957,1456200
2021-07-14,NWSA,25.350000381469727,25.559999465942383,24.950000762939453,25.0,23.99754524230957,1456200
2021-07-15,NWSA,24.920000076293945,25.25,24.809999465942383,24.90999984741211,23.911155700683597,1483500
2021-07-15,NWSA,24.920000076293945,25.25,24.809999465942383,24.90999984741211,23.911155700683597,1483500
2021-07-16,NWSA,25.040000915527344,25.149999618530277,24.18000030517578,24.21999931335449,23.24882125854492,1474100
2021-07-16,NWSA,25.040000915527344,25.149999618530277,24.18000030517578,24.21999931335449,23.24882125854492,1474100
2021-07-19,NWSA,23.88999938964844,24.21999931335449,23.700000762939453,23.8799991607666,22.922452926635746,3828700
2021-07-19,NWSA,23.88999938964844,24.21999931335449,23.700000762939453,23.8799991607666,22.922452926635746,3828700
2021-07-20,NWSA,23.899999618530277,24.38999938964844,23.540000915527344,24.31999969482422,23.34481239318848,3475300
2021-07-20,NWSA,23.899999618530277,24.38999938964844,23.540000915527344,24.31999969482422,23.34481239318848,3475300
2021-07-21,NWSA,24.450000762939453,24.86000061035156,24.32999992370605,24.61000061035156,23.623186111450195,1637000
2021-07-21,NWSA,24.450000762939453,24.86000061035156,24.32999992370605,24.61000061035156,23.623186111450195,1637000
2021-07-22,NWSA,24.57999992370605,24.61000061035156,24.25,24.40999984741211,23.431201934814453,991700
2021-07-22,NWSA,24.57999992370605,24.61000061035156,24.25,24.40999984741211,23.431201934814453,991700
2021-07-23,NWSA,24.40999984741211,24.780000686645508,24.290000915527344,24.75,23.757570266723636,1737600
2021-07-23,NWSA,24.40999984741211,24.780000686645508,24.290000915527344,24.75,23.757570266723636,1737600
2021-07-26,NWSA,25.459999084472656,25.459999084472656,24.649999618530277,24.799999237060547,23.80556297302246,2276900
2021-07-26,NWSA,25.459999084472656,25.459999084472656,24.649999618530277,24.799999237060547,23.80556297302246,2276900
2021-07-27,NWSA,24.65999984741211,24.8700008392334,24.420000076293945,24.71999931335449,23.72877311706543,1223000
2021-07-27,NWSA,24.65999984741211,24.8700008392334,24.420000076293945,24.71999931335449,23.72877311706543,1223000
2021-07-28,NWSA,24.899999618530277,25.0,24.489999771118164,24.75,23.757570266723636,1094300
2021-07-28,NWSA,24.899999618530277,25.0,24.489999771118164,24.75,23.757570266723636,1094300
2021-07-29,NWSA,24.86000061035156,24.950000762939453,24.559999465942383,24.57999992370605,23.594388961791992,1089700
2021-07-29,NWSA,24.86000061035156,24.950000762939453,24.559999465942383,24.57999992370605,23.594388961791992,1089700
2021-07-30,NWSA,24.51000022888184,24.790000915527344,24.46999931335449,24.6299991607666,23.642379760742188,1990500
2021-07-30,NWSA,24.51000022888184,24.790000915527344,24.46999931335449,24.6299991607666,23.642379760742188,1990500
2021-08-02,NWSA,24.709999084472656,25.020000457763672,24.6299991607666,24.739999771118164,23.747970581054688,2426500
2021-08-02,NWSA,24.709999084472656,25.020000457763672,24.6299991607666,24.739999771118164,23.747970581054688,2426500
2021-08-03,NWSA,24.780000686645508,24.809999465942383,23.850000381469727,24.06999969482422,23.10483932495117,1885300
2021-08-03,NWSA,24.780000686645508,24.809999465942383,23.850000381469727,24.06999969482422,23.10483932495117,1885300
2021-08-04,NWSA,24.43000030517578,24.65999984741211,24.190000534057617,24.32999992370605,23.354412078857425,2778000
2021-08-04,NWSA,24.43000030517578,24.65999984741211,24.190000534057617,24.32999992370605,23.354412078857425,2778000
2021-08-05,NWSA,24.559999465942383,24.940000534057617,24.479999542236328,24.850000381469727,23.85356330871582,2619900
2021-08-05,NWSA,24.559999465942383,24.940000534057617,24.479999542236328,24.850000381469727,23.85356330871582,2619900
2021-08-06,NWSA,26.049999237060547,26.420000076293945,24.6200008392334,24.71999931335449,23.72877311706543,5298500
2021-08-06,NWSA,26.049999237060547,26.420000076293945,24.6200008392334,24.71999931335449,23.72877311706543,5298500
2021-08-09,NWSA,24.229999542236328,24.57999992370605,23.71999931335449,24.40999984741211,23.431201934814453,2908400
2021-08-09,NWSA,24.229999542236328,24.57999992370605,23.71999931335449,24.40999984741211,23.431201934814453,2908400
2021-08-10,NWSA,24.299999237060547,24.450000762939453,24.049999237060547,24.280000686645508,23.306419372558597,1665800
2021-08-10,NWSA,24.299999237060547,24.450000762939453,24.049999237060547,24.280000686645508,23.306419372558597,1665800
2021-08-11,NWSA,24.229999542236328,24.31999969482422,23.82999992370605,24.18000030517578,23.210424423217773,2697400
2021-08-11,NWSA,24.229999542236328,24.31999969482422,23.82999992370605,24.18000030517578,23.210424423217773,2697400
2021-08-12,NWSA,24.06999969482422,24.1299991607666,23.82999992370605,23.96999931335449,23.008846282958984,1963000
2021-08-12,NWSA,24.06999969482422,24.1299991607666,23.82999992370605,23.96999931335449,23.008846282958984,1963000
2021-08-13,NWSA,23.959999084472656,24.059999465942383,23.46999931335449,23.520000457763672,22.57689476013184,1645800
2021-08-13,NWSA,23.959999084472656,24.059999465942383,23.46999931335449,23.520000457763672,22.57689476013184,1645800
2021-08-16,NWSA,23.32999992370605,23.670000076293945,23.100000381469727,23.600000381469727,22.653682708740234,2176100
2021-08-16,NWSA,23.32999992370605,23.670000076293945,23.100000381469727,23.600000381469727,22.653682708740234,2176100
2021-08-17,NWSA,23.07999992370605,23.489999771118164,22.229999542236328,22.989999771118164,22.068145751953125,3045000
2021-08-17,NWSA,23.07999992370605,23.489999771118164,22.229999542236328,22.989999771118164,22.068145751953125,3045000
2021-08-18,NWSA,22.88999938964844,23.020000457763672,22.149999618530277,22.18000030517578,21.290624618530277,3091800
2021-08-18,NWSA,22.88999938964844,23.020000457763672,22.149999618530277,22.18000030517578,21.290624618530277,3091800
2021-08-19,NWSA,22.01000022888184,22.25,21.799999237060547,21.8700008392334,20.993051528930664,3018400
2021-08-19,NWSA,22.01000022888184,22.25,21.799999237060547,21.8700008392334,20.993051528930664,3018400
2021-08-20,NWSA,21.81999969482422,22.18000030517578,21.709999084472656,22.100000381469727,21.21382713317871,2563700
2021-08-20,NWSA,21.81999969482422,22.18000030517578,21.709999084472656,22.100000381469727,21.21382713317871,2563700
2021-08-23,NWSA,22.190000534057617,22.440000534057617,22.190000534057617,22.3799991607666,21.482601165771484,1346200
2021-08-23,NWSA,22.190000534057617,22.440000534057617,22.190000534057617,22.3799991607666,21.482601165771484,1346200
2021-08-24,NWSA,22.36000061035156,22.549999237060547,22.270000457763672,22.31999969482422,21.42500877380371,1556600
2021-08-24,NWSA,22.36000061035156,22.549999237060547,22.270000457763672,22.31999969482422,21.42500877380371,1556600
2021-08-25,NWSA,22.520000457763672,22.690000534057617,22.09000015258789,22.57999992370605,21.674585342407227,1568700
2021-08-25,NWSA,22.520000457763672,22.690000534057617,22.09000015258789,22.57999992370605,21.674585342407227,1568700
2021-08-26,NWSA,22.51000022888184,22.700000762939453,22.34000015258789,22.36000061035156,21.463403701782227,1559800
2021-08-26,NWSA,22.51000022888184,22.700000762939453,22.34000015258789,22.36000061035156,21.463403701782227,1559800
2021-08-27,NWSA,22.450000762939453,22.75,22.3799991607666,22.739999771118164,21.82816505432129,1764100
2021-08-27,NWSA,22.450000762939453,22.75,22.3799991607666,22.739999771118164,21.82816505432129,1764100
2021-08-30,NWSA,22.68000030517578,22.71999931335449,22.34000015258789,22.3700008392334,21.47300148010254,1482700
2021-08-30,NWSA,22.68000030517578,22.71999931335449,22.34000015258789,22.3700008392334,21.47300148010254,1482700
2021-08-31,NWSA,22.530000686645508,22.670000076293945,22.309999465942383,22.46999931335449,21.56899642944336,3563900
2021-08-31,NWSA,22.530000686645508,22.670000076293945,22.309999465942383,22.46999931335449,21.56899642944336,3563900
2021-09-01,NWSA,22.63999938964844,23.040000915527344,22.5,22.81999969482422,21.904956817626957,2513500
2021-09-01,NWSA,22.63999938964844,23.040000915527344,22.5,22.81999969482422,21.904956817626957,2513500
2021-09-02,NWSA,22.81999969482422,23.09000015258789,22.57999992370605,22.649999618530277,21.74177360534668,1374200
2021-09-02,NWSA,22.81999969482422,23.09000015258789,22.57999992370605,22.649999618530277,21.74177360534668,1374200
2021-09-03,NWSA,22.670000076293945,22.739999771118164,22.399999618530277,22.559999465942383,21.655385971069336,1832800
2021-09-03,NWSA,22.670000076293945,22.739999771118164,22.399999618530277,22.559999465942383,21.655385971069336,1832800
2021-09-07,NWSA,22.600000381469727,22.670000076293945,22.170000076293945,22.200000762939453,21.30982208251953,1934100
2021-09-07,NWSA,22.600000381469727,22.670000076293945,22.170000076293945,22.200000762939453,21.30982208251953,1934100
2021-09-08,NWSA,22.18000030517578,22.290000915527344,21.690000534057617,22.07999992370605,21.194629669189453,2906600
2021-09-08,NWSA,22.18000030517578,22.290000915527344,21.690000534057617,22.07999992370605,21.194629669189453,2906600
2021-09-09,NWSA,22.190000534057617,22.40999984741211,22.020000457763672,22.049999237060547,21.16583633422852,2910200
2021-09-09,NWSA,22.190000534057617,22.40999984741211,22.020000457763672,22.049999237060547,21.16583633422852,2910200
2021-09-10,NWSA,22.18000030517578,22.290000915527344,21.8700008392334,21.88999938964844,21.012250900268555,1847700
2021-09-10,NWSA,22.18000030517578,22.290000915527344,21.8700008392334,21.88999938964844,21.012250900268555,1847700
2021-09-13,NWSA,22.06999969482422,22.1299991607666,21.690000534057617,21.8799991607666,21.002649307250977,2541900
2021-09-13,NWSA,22.06999969482422,22.1299991607666,21.690000534057617,21.8799991607666,21.002649307250977,2541900
2021-09-14,NWSA,21.88999938964844,22.239999771118164,21.729999542236328,22.01000022888184,21.224443435668945,3517500
2021-09-14,NWSA,21.88999938964844,22.239999771118164,21.729999542236328,22.01000022888184,21.224443435668945,3517500
2021-09-15,NWSA,21.920000076293945,22.049999237060547,21.700000762939453,21.950000762939453,21.166584014892575,2424800
2021-09-15,NWSA,21.920000076293945,22.049999237060547,21.700000762939453,21.950000762939453,21.166584014892575,2424800
2021-09-16,NWSA,21.93000030517578,22.649999618530277,21.850000381469727,22.46999931335449,21.668025970458984,2679600
2021-09-16,NWSA,21.93000030517578,22.649999618530277,21.850000381469727,22.46999931335449,21.668025970458984,2679600
2021-09-17,NWSA,22.440000534057617,22.59000015258789,22.15999984741211,22.350000381469727,21.552305221557617,4683500
2021-09-17,NWSA,22.440000534057617,22.59000015258789,22.15999984741211,22.350000381469727,21.552305221557617,4683500
2021-09-20,NWSA,22.0,22.06999969482422,21.61000061035156,21.86000061035156,21.079797744750977,2476300
2021-09-20,NWSA,22.0,22.06999969482422,21.61000061035156,21.86000061035156,21.079797744750977,2476300
2021-09-21,NWSA,22.07999992370605,22.670000076293945,21.979999542236328,22.209999084472656,21.41730308532715,4714000
2021-09-21,NWSA,22.07999992370605,22.670000076293945,21.979999542236328,22.209999084472656,21.41730308532715,4714000
2021-09-22,NWSA,22.59000015258789,23.25,22.549999237060547,23.1200008392334,22.294828414916992,3498600
2021-09-22,NWSA,22.59000015258789,23.25,22.549999237060547,23.1200008392334,22.294828414916992,3498600
2021-09-23,NWSA,23.6299991607666,24.149999618530277,23.520000457763672,24.01000022888184,23.15306282043457,4536100
2021-09-23,NWSA,23.6299991607666,24.149999618530277,23.520000457763672,24.01000022888184,23.15306282043457,4536100
2021-09-24,NWSA,23.75,24.5,23.75,24.3700008392334,23.500213623046875,2744000
2021-09-24,NWSA,23.75,24.5,23.75,24.3700008392334,23.500213623046875,2744000
2021-09-27,NWSA,24.229999542236328,24.40999984741211,24.049999237060547,24.190000534057617,23.32663917541504,2607300
2021-09-27,NWSA,24.229999542236328,24.40999984741211,24.049999237060547,24.190000534057617,23.32663917541504,2607300
2021-09-28,NWSA,24.100000381469727,24.34000015258789,23.86000061035156,23.920000076293945,23.066272735595703,2632900
2021-09-28,NWSA,24.100000381469727,24.34000015258789,23.86000061035156,23.920000076293945,23.066272735595703,2632900
2021-09-29,NWSA,23.950000762939453,24.209999084472656,23.770000457763672,23.809999465942383,22.96019744873047,2582400
2021-09-29,NWSA,23.950000762939453,24.209999084472656,23.770000457763672,23.809999465942383,22.96019744873047,2582400
2021-09-30,NWSA,23.90999984741211,23.950000762939453,23.3700008392334,23.530000686645508,22.690195083618164,3195000
2021-09-30,NWSA,23.90999984741211,23.950000762939453,23.3700008392334,23.530000686645508,22.690195083618164,3195000
2021-10-01,NWSA,23.6299991607666,23.8799991607666,23.43000030517578,23.709999084472656,22.86376953125,2799400
2021-10-01,NWSA,23.6299991607666,23.8799991607666,23.43000030517578,23.709999084472656,22.86376953125,2799400
2021-10-04,NWSA,23.65999984741211,23.850000381469727,23.280000686645508,23.450000762939453,22.613046646118164,2087300
2021-10-04,NWSA,23.65999984741211,23.850000381469727,23.280000686645508,23.450000762939453,22.613046646118164,2087300
2021-10-05,NWSA,23.739999771118164,24.020000457763672,23.5,23.780000686645508,22.931272506713867,2039100
2021-10-05,NWSA,23.739999771118164,24.020000457763672,23.5,23.780000686645508,22.931272506713867,2039100
2021-10-06,NWSA,23.459999084472656,23.809999465942383,23.149999618530277,23.6299991607666,22.78662109375,2667600
2021-10-06,NWSA,23.459999084472656,23.809999465942383,23.149999618530277,23.6299991607666,22.78662109375,2667600
2021-10-07,NWSA,23.84000015258789,24.200000762939453,23.76000022888184,24.059999465942383,23.201276779174805,1652700
2021-10-07,NWSA,23.84000015258789,24.200000762939453,23.76000022888184,24.059999465942383,23.201276779174805,1652700
2021-10-08,NWSA,24.149999618530277,24.51000022888184,24.020000457763672,24.07999992370605,23.22056198120117,1555000
2021-10-08,NWSA,24.149999618530277,24.51000022888184,24.020000457763672,24.07999992370605,23.22056198120117,1555000
2021-10-11,NWSA,24.100000381469727,24.280000686645508,23.950000762939453,23.96999931335449,23.11448860168457,921100
2021-10-11,NWSA,24.100000381469727,24.280000686645508,23.950000762939453,23.96999931335449,23.11448860168457,921100
2021-10-12,NWSA,23.90999984741211,24.43000030517578,23.68000030517578,23.8799991607666,23.02770233154297,1992000
2021-10-12,NWSA,23.90999984741211,24.43000030517578,23.68000030517578,23.8799991607666,23.02770233154297,1992000
2021-10-13,NWSA,23.88999938964844,24.15999984741211,23.5,23.690000534057617,22.844482421875,3297500
2021-10-13,NWSA,23.88999938964844,24.15999984741211,23.5,23.690000534057617,22.844482421875,3297500
2021-10-14,NWSA,23.88999938964844,24.11000061035156,23.739999771118164,24.059999465942383,23.201276779174805,2121100
2021-10-14,NWSA,23.88999938964844,24.11000061035156,23.739999771118164,24.059999465942383,23.201276779174805,2121100
2021-10-15,NWSA,24.1299991607666,24.229999542236328,23.8799991607666,23.899999618530277,23.046985626220703,1960500
2021-10-15,NWSA,24.1299991607666,24.229999542236328,23.8799991607666,23.899999618530277,23.046985626220703,1960500
2021-10-18,NWSA,23.739999771118164,23.8700008392334,23.540000915527344,23.549999237060547,22.70948028564453,1809800
2021-10-18,NWSA,23.739999771118164,23.8700008392334,23.540000915527344,23.549999237060547,22.70948028564453,1809800
2021-10-19,NWSA,23.600000381469727,23.82999992370605,23.57999992370605,23.700000762939453,22.8541259765625,1492400
2021-10-19,NWSA,23.600000381469727,23.82999992370605,23.57999992370605,23.700000762939453,22.8541259765625,1492400
2021-10-20,NWSA,23.6200008392334,23.81999969482422,23.540000915527344,23.799999237060547,22.95055389404297,1897200
2021-10-20,NWSA,23.6200008392334,23.81999969482422,23.540000915527344,23.799999237060547,22.95055389404297,1897200
2021-10-21,NWSA,23.90999984741211,23.989999771118164,23.65999984741211,23.81999969482422,22.9698429107666,1551300
2021-10-21,NWSA,23.90999984741211,23.989999771118164,23.65999984741211,23.81999969482422,22.9698429107666,1551300
2021-10-22,NWSA,23.790000915527344,24.200000762939453,23.790000915527344,24.06999969482422,23.210918426513672,1802500
2021-10-22,NWSA,23.790000915527344,24.200000762939453,23.790000915527344,24.06999969482422,23.210918426513672,1802500
2021-10-25,NWSA,24.170000076293945,24.40999984741211,24.049999237060547,24.15999984741211,23.29770851135254,1670000
2021-10-25,NWSA,24.170000076293945,24.40999984741211,24.049999237060547,24.15999984741211,23.29770851135254,1670000
2021-10-26,NWSA,24.18000030517578,24.21999931335449,23.84000015258789,23.850000381469727,22.99876976013184,2159600
2021-10-26,NWSA,24.18000030517578,24.21999931335449,23.84000015258789,23.850000381469727,22.99876976013184,2159600
2021-10-27,NWSA,23.780000686645508,23.780000686645508,22.71999931335449,22.959999084472656,22.140535354614254,4891400
2021-10-27,NWSA,23.780000686645508,23.780000686645508,22.71999931335449,22.959999084472656,22.140535354614254,4891400
2021-10-28,NWSA,23.06999969482422,23.3700008392334,22.81999969482422,23.149999618530277,22.323755264282227,2066600
2021-10-28,NWSA,23.06999969482422,23.3700008392334,22.81999969482422,23.149999618530277,22.323755264282227,2066600
2021-10-29,NWSA,22.959999084472656,23.18000030517578,22.75,22.899999618530277,22.08267974853516,3278400
2021-10-29,NWSA,22.959999084472656,23.18000030517578,22.75,22.899999618530277,22.08267974853516,3278400
2021-11-01,NWSA,22.989999771118164,23.530000686645508,22.93000030517578,23.520000457763672,22.680551528930664,5300800
2021-11-01,NWSA,22.989999771118164,23.530000686645508,22.93000030517578,23.520000457763672,22.680551528930664,5300800
2021-11-02,NWSA,23.51000022888184,23.6299991607666,23.239999771118164,23.520000457763672,22.680551528930664,2123900
2021-11-02,NWSA,23.51000022888184,23.6299991607666,23.239999771118164,23.520000457763672,22.680551528930664,2123900
2021-11-03,NWSA,23.420000076293945,23.540000915527344,23.09000015258789,23.34000015258789,22.50697326660156,3140600
2021-11-03,NWSA,23.420000076293945,23.540000915527344,23.09000015258789,23.34000015258789,22.50697326660156,3140600
2021-11-04,NWSA,23.31999969482422,23.5,23.030000686645508,23.46999931335449,22.632333755493164,2385800
2021-11-04,NWSA,23.31999969482422,23.5,23.030000686645508,23.46999931335449,22.632333755493164,2385800
2021-11-05,NWSA,25.8700008392334,25.8700008392334,23.739999771118164,24.3700008392334,23.500213623046875,5487000
2021-11-05,NWSA,25.8700008392334,25.8700008392334,23.739999771118164,24.3700008392334,23.500213623046875,5487000
2021-11-08,NWSA,24.450000762939453,24.780000686645508,23.959999084472656,24.049999237060547,23.191631317138672,4247000
2021-11-08,NWSA,24.450000762939453,24.780000686645508,23.959999084472656,24.049999237060547,23.191631317138672,4247000
2021-11-09,NWSA,24.030000686645508,24.299999237060547,23.420000076293945,23.729999542236328,22.883056640625,3485100
2021-11-09,NWSA,24.030000686645508,24.299999237060547,23.420000076293945,23.729999542236328,22.883056640625,3485100
2021-11-10,NWSA,23.700000762939453,23.8799991607666,23.36000061035156,23.5,22.6612606048584,2940600
2021-11-10,NWSA,23.700000762939453,23.8799991607666,23.36000061035156,23.5,22.6612606048584,2940600
2021-11-11,NWSA,23.6200008392334,23.8700008392334,23.46999931335449,23.600000381469727,22.7576961517334,2740900
2021-11-11,NWSA,23.6200008392334,23.8700008392334,23.46999931335449,23.600000381469727,22.7576961517334,2740900
2021-11-12,NWSA,23.799999237060547,23.899999618530277,23.6299991607666,23.809999465942383,22.96019744873047,2423100
2021-11-12,NWSA,23.799999237060547,23.899999618530277,23.6299991607666,23.809999465942383,22.96019744873047,2423100
2021-11-15,NWSA,23.729999542236328,24.0,23.40999984741211,23.459999084472656,22.622690200805664,2208000
2021-11-15,NWSA,23.729999542236328,24.0,23.40999984741211,23.459999084472656,22.622690200805664,2208000
2021-11-16,NWSA,23.489999771118164,23.709999084472656,23.34000015258789,23.6299991607666,22.78662109375,2413700
2021-11-16,NWSA,23.489999771118164,23.709999084472656,23.34000015258789,23.6299991607666,22.78662109375,2413700
2021-11-17,NWSA,23.51000022888184,23.600000381469727,23.07999992370605,23.399999618530277,22.56483459472656,3199500
2021-11-17,NWSA,23.51000022888184,23.600000381469727,23.07999992370605,23.399999618530277,22.56483459472656,3199500
2021-11-18,NWSA,23.459999084472656,23.59000015258789,23.0,23.21999931335449,22.391254425048828,3191000
2021-11-18,NWSA,23.459999084472656,23.59000015258789,23.0,23.21999931335449,22.391254425048828,3191000
2021-11-19,NWSA,23.0,23.11000061035156,22.100000381469727,22.1299991607666,21.34015846252441,4543100
2021-11-19,NWSA,23.0,23.11000061035156,22.100000381469727,22.1299991607666,21.34015846252441,4543100
2021-11-22,NWSA,22.32999992370605,22.71999931335449,21.90999984741211,22.440000534057617,21.63909721374512,5063300
2021-11-22,NWSA,22.32999992370605,22.71999931335449,21.90999984741211,22.440000534057617,21.63909721374512,5063300
2021-11-23,NWSA,22.479999542236328,22.59000015258789,22.030000686645508,22.149999618530277,21.35944557189941,3216500
2021-11-23,NWSA,22.479999542236328,22.59000015258789,22.030000686645508,22.149999618530277,21.35944557189941,3216500
2021-11-24,NWSA,22.020000457763672,22.06999969482422,21.700000762939453,21.979999542236328,21.19551467895508,3733800
2021-11-24,NWSA,22.020000457763672,22.06999969482422,21.700000762939453,21.979999542236328,21.19551467895508,3733800
2021-11-26,NWSA,21.450000762939453,21.649999618530277,21.190000534057617,21.450000762939453,20.684431076049805,2945500
2021-11-26,NWSA,21.450000762939453,21.649999618530277,21.190000534057617,21.450000762939453,20.684431076049805,2945500
2021-11-29,NWSA,21.700000762939453,21.979999542236328,21.350000381469727,21.81999969482422,21.041223526000977,5203600
2021-11-29,NWSA,21.700000762939453,21.979999542236328,21.350000381469727,21.81999969482422,21.041223526000977,5203600
2021-11-30,NWSA,21.61000061035156,21.93000030517578,21.38999938964844,21.6200008392334,20.848363876342773,20078900
2021-11-30,NWSA,21.61000061035156,21.93000030517578,21.38999938964844,21.6200008392334,20.848363876342773,20078900
2021-12-01,NWSA,22.059999465942383,22.149999618530277,21.09000015258789,21.09000015258789,20.337276458740234,4515500
2021-12-01,NWSA,22.059999465942383,22.149999618530277,21.09000015258789,21.09000015258789,20.337276458740234,4515500
2021-12-02,NWSA,21.200000762939453,21.790000915527344,21.149999618530277,21.700000762939453,20.925506591796875,3421500
2021-12-02,NWSA,21.200000762939453,21.790000915527344,21.149999618530277,21.700000762939453,20.925506591796875,3421500
2021-12-03,NWSA,21.68000030517578,21.780000686645508,21.450000762939453,21.76000022888184,20.983367919921875,2888600
2021-12-03,NWSA,21.68000030517578,21.780000686645508,21.450000762939453,21.76000022888184,20.983367919921875,2888600
2021-12-06,NWSA,21.709999084472656,22.040000915527344,21.649999618530277,21.88999938964844,21.10872840881348,2811000
2021-12-06,NWSA,21.709999084472656,22.040000915527344,21.649999618530277,21.88999938964844,21.10872840881348,2811000
2021-12-07,NWSA,22.100000381469727,22.309999465942383,21.790000915527344,21.989999771118164,21.205156326293945,4505600
2021-12-07,NWSA,22.100000381469727,22.309999465942383,21.790000915527344,21.989999771118164,21.205156326293945,4505600
2021-12-08,NWSA,22.0,22.420000076293945,21.93000030517578,22.170000076293945,21.37873077392578,3543000
2021-12-08,NWSA,22.0,22.420000076293945,21.93000030517578,22.170000076293945,21.37873077392578,3543000
2021-12-09,NWSA,21.940000534057617,22.209999084472656,21.709999084472656,21.770000457763672,20.99300765991211,2532400
2021-12-09,NWSA,21.940000534057617,22.209999084472656,21.709999084472656,21.770000457763672,20.99300765991211,2532400
2021-12-10,NWSA,21.90999984741211,22.530000686645508,21.56999969482422,21.86000061035156,21.079797744750977,3297200
2021-12-10,NWSA,21.90999984741211,22.530000686645508,21.56999969482422,21.86000061035156,21.079797744750977,3297200
2021-12-13,NWSA,21.8700008392334,21.920000076293945,21.34000015258789,21.450000762939453,20.684431076049805,2755500
2021-12-13,NWSA,21.8700008392334,21.920000076293945,21.34000015258789,21.450000762939453,20.684431076049805,2755500
2021-12-14,NWSA,21.399999618530277,21.479999542236328,20.959999084472656,21.01000022888184,20.2601318359375,2866500
2021-12-14,NWSA,21.399999618530277,21.479999542236328,20.959999084472656,21.01000022888184,20.2601318359375,2866500
2021-12-15,NWSA,21.059999465942383,21.32999992370605,20.8700008392334,21.25,20.491567611694336,3584600
2021-12-15,NWSA,21.059999465942383,21.32999992370605,20.8700008392334,21.25,20.491567611694336,3584600
2021-12-16,NWSA,21.399999618530277,21.729999542236328,21.350000381469727,21.36000061035156,20.597644805908203,2978400
2021-12-16,NWSA,21.399999618530277,21.729999542236328,21.350000381469727,21.36000061035156,20.597644805908203,2978400
2021-12-17,NWSA,21.3700008392334,21.43000030517578,21.0,21.280000686645508,20.52050018310547,4780500
2021-12-17,NWSA,21.3700008392334,21.43000030517578,21.0,21.280000686645508,20.52050018310547,4780500
2021-12-20,NWSA,20.96999931335449,21.059999465942383,20.57999992370605,20.8799991607666,20.1347770690918,1797400
2021-12-20,NWSA,20.96999931335449,21.059999465942383,20.57999992370605,20.8799991607666,20.1347770690918,1797400
2021-12-21,NWSA,20.979999542236328,21.71999931335449,20.959999084472656,21.700000762939453,20.925506591796875,2169200
2021-12-21,NWSA,20.979999542236328,21.71999931335449,20.959999084472656,21.700000762939453,20.925506591796875,2169200
2021-12-22,NWSA,21.670000076293945,21.959999084472656,21.649999618530277,21.790000915527344,21.012296676635746,2004200
2021-12-22,NWSA,21.670000076293945,21.959999084472656,21.649999618530277,21.790000915527344,21.012296676635746,2004200
2021-12-23,NWSA,21.84000015258789,22.440000534057617,21.84000015258789,22.32999992370605,21.53302001953125,2272800
2021-12-23,NWSA,21.84000015258789,22.440000534057617,21.84000015258789,22.32999992370605,21.53302001953125,2272800
2021-12-27,NWSA,22.149999618530277,22.709999084472656,22.13999938964844,22.57999992370605,21.774097442626957,3021900
2021-12-27,NWSA,22.149999618530277,22.709999084472656,22.13999938964844,22.57999992370605,21.774097442626957,3021900
2021-12-28,NWSA,22.549999237060547,22.82999992370605,22.479999542236328,22.65999984741211,21.85124015808105,1646000
2021-12-28,NWSA,22.549999237060547,22.82999992370605,22.479999542236328,22.65999984741211,21.85124015808105,1646000
2021-12-29,NWSA,22.65999984741211,22.809999465942383,22.530000686645508,22.56999969482422,21.76445579528809,2627500
2021-12-29,NWSA,22.65999984741211,22.809999465942383,22.530000686645508,22.56999969482422,21.76445579528809,2627500
2021-12-30,NWSA,22.59000015258789,22.790000915527344,22.459999084472656,22.5,21.696956634521484,2369000
2021-12-30,NWSA,22.59000015258789,22.790000915527344,22.459999084472656,22.5,21.696956634521484,2369000
2021-12-31,NWSA,22.420000076293945,22.61000061035156,22.280000686645508,22.309999465942383,21.51373291015625,2593600
2021-12-31,NWSA,22.420000076293945,22.61000061035156,22.280000686645508,22.309999465942383,21.51373291015625,2593600
2022-01-03,NWSA,22.3799991607666,22.959999084472656,22.350000381469727,22.770000457763672,21.957321166992188,3115000
2022-01-03,NWSA,22.3799991607666,22.959999084472656,22.350000381469727,22.770000457763672,21.957321166992188,3115000
2022-01-04,NWSA,22.959999084472656,23.100000381469727,22.520000457763672,22.59000015258789,21.78374290466309,2880700
2022-01-04,NWSA,22.959999084472656,23.100000381469727,22.520000457763672,22.59000015258789,21.78374290466309,2880700
2022-01-05,NWSA,22.700000762939453,22.959999084472656,21.799999237060547,21.82999992370605,21.050865173339844,3754300
2022-01-05,NWSA,22.700000762939453,22.959999084472656,21.799999237060547,21.82999992370605,21.050865173339844,3754300
2022-01-06,NWSA,21.989999771118164,22.670000076293945,21.940000534057617,22.530000686645508,21.72588157653809,3241300
2022-01-06,NWSA,21.989999771118164,22.670000076293945,21.940000534057617,22.530000686645508,21.72588157653809,3241300
2022-01-07,NWSA,22.520000457763672,22.780000686645508,22.459999084472656,22.5,21.696956634521484,3066300
2022-01-07,NWSA,22.520000457763672,22.780000686645508,22.459999084472656,22.5,21.696956634521484,3066300
2022-01-10,NWSA,22.440000534057617,22.799999237060547,21.8799991607666,22.229999542236328,21.43659019470215,3082900
2022-01-10,NWSA,22.440000534057617,22.799999237060547,21.8799991607666,22.229999542236328,21.43659019470215,3082900
2022-01-11,NWSA,22.31999969482422,22.459999084472656,22.100000381469727,22.450000762939453,21.64873695373535,2077500
2022-01-11,NWSA,22.31999969482422,22.459999084472656,22.100000381469727,22.450000762939453,21.64873695373535,2077500
2022-01-12,NWSA,22.520000457763672,22.739999771118164,22.3700008392334,22.61000061035156,21.803028106689453,1509300
2022-01-12,NWSA,22.520000457763672,22.739999771118164,22.3700008392334,22.61000061035156,21.803028106689453,1509300
2022-01-13,NWSA,22.65999984741211,23.200000762939453,22.57999992370605,22.959999084472656,22.140535354614254,2332000
2022-01-13,NWSA,22.65999984741211,23.200000762939453,22.57999992370605,22.959999084472656,22.140535354614254,2332000
2022-01-14,NWSA,22.790000915527344,22.93000030517578,22.3700008392334,22.71999931335449,21.90910530090332,2564100
2022-01-14,NWSA,22.790000915527344,22.93000030517578,22.3700008392334,22.71999931335449,21.90910530090332,2564100
2022-01-18,NWSA,22.59000015258789,22.63999938964844,21.96999931335449,22.190000534057617,21.39801979064941,2557200
2022-01-18,NWSA,22.59000015258789,22.63999938964844,21.96999931335449,22.190000534057617,21.39801979064941,2557200
2022-01-19,NWSA,22.309999465942383,22.3700008392334,22.020000457763672,22.030000686645508,21.243730545043945,1796600
2022-01-19,NWSA,22.309999465942383,22.3700008392334,22.020000457763672,22.030000686645508,21.243730545043945,1796600
2022-01-20,NWSA,21.729999542236328,22.450000762939453,21.690000534057617,21.75,20.97372055053711,2261100
2022-01-20,NWSA,21.729999542236328,22.450000762939453,21.690000534057617,21.75,20.97372055053711,2261100
2022-01-21,NWSA,21.56999969482422,21.86000061035156,21.299999237060547,21.440000534057617,20.67478370666504,3013300
2022-01-21,NWSA,21.56999969482422,21.86000061035156,21.299999237060547,21.440000534057617,20.67478370666504,3013300
2022-01-24,NWSA,21.25,22.030000686645508,20.86000061035156,22.0,21.21479797363281,4331500
2022-01-24,NWSA,21.25,22.030000686645508,20.86000061035156,22.0,21.21479797363281,4331500
2022-01-25,NWSA,21.71999931335449,21.82999992370605,21.170000076293945,21.68000030517578,20.90622329711914,3314200
2022-01-25,NWSA,21.71999931335449,21.82999992370605,21.170000076293945,21.68000030517578,20.90622329711914,3314200
2022-01-26,NWSA,21.82999992370605,22.149999618530277,21.15999984741211,21.36000061035156,20.597644805908203,2762100
2022-01-26,NWSA,21.82999992370605,22.149999618530277,21.15999984741211,21.36000061035156,20.597644805908203,2762100
2022-01-27,NWSA,21.46999931335449,21.690000534057617,21.020000457763672,21.07999992370605,20.327634811401367,2885300
2022-01-27,NWSA,21.46999931335449,21.690000534057617,21.020000457763672,21.07999992370605,20.327634811401367,2885300
2022-01-28,NWSA,20.979999542236328,21.780000686645508,20.90999984741211,21.76000022888184,20.983367919921875,2912500
2022-01-28,NWSA,20.979999542236328,21.780000686645508,20.90999984741211,21.76000022888184,20.983367919921875,2912500
2022-01-31,NWSA,21.729999542236328,22.270000457763672,21.6200008392334,22.239999771118164,21.44623374938965,3730100
2022-01-31,NWSA,21.729999542236328,22.270000457763672,21.6200008392334,22.239999771118164,21.44623374938965,3730100
2022-02-01,NWSA,22.21999931335449,22.46999931335449,22.01000022888184,22.26000022888184,21.465518951416016,3434700
2022-02-01,NWSA,22.21999931335449,22.46999931335449,22.01000022888184,22.26000022888184,21.465518951416016,3434700
2022-02-02,NWSA,21.809999465942383,22.459999084472656,21.809999465942383,22.3700008392334,21.57159805297852,3302300
2022-02-02,NWSA,21.809999465942383,22.459999084472656,21.809999465942383,22.3700008392334,21.57159805297852,3302300
2022-02-03,NWSA,22.229999542236328,22.729999542236328,22.229999542236328,22.450000762939453,21.64873695373535,4287900
2022-02-03,NWSA,22.229999542236328,22.729999542236328,22.229999542236328,22.450000762939453,21.64873695373535,4287900
2022-02-04,NWSA,23.100000381469727,23.729999542236328,21.850000381469727,22.5,21.696956634521484,5636400
2022-02-04,NWSA,23.100000381469727,23.729999542236328,21.850000381469727,22.5,21.696956634521484,5636400
2022-02-07,NWSA,22.57999992370605,22.950000762939453,22.3700008392334,22.450000762939453,21.64873695373535,3986200
2022-02-07,NWSA,22.57999992370605,22.950000762939453,22.3700008392334,22.450000762939453,21.64873695373535,3986200
2022-02-08,NWSA,22.540000915527344,23.1200008392334,22.450000762939453,22.850000381469727,22.03446578979492,3923000
2022-02-08,NWSA,22.540000915527344,23.1200008392334,22.450000762939453,22.850000381469727,22.03446578979492,3923000
2022-02-09,NWSA,23.190000534057617,23.530000686645508,23.13999938964844,23.459999084472656,22.622690200805664,3481400
2022-02-09,NWSA,23.190000534057617,23.530000686645508,23.13999938964844,23.459999084472656,22.622690200805664,3481400
2022-02-10,NWSA,23.290000915527344,23.670000076293945,23.07999992370605,23.190000534057617,22.36232566833496,3192000
2022-02-10,NWSA,23.290000915527344,23.670000076293945,23.07999992370605,23.190000534057617,22.36232566833496,3192000
2022-02-11,NWSA,23.1299991607666,23.34000015258789,22.57999992370605,22.649999618530277,21.841602325439453,3792800
2022-02-11,NWSA,23.1299991607666,23.34000015258789,22.57999992370605,22.649999618530277,21.841602325439453,3792800
2022-02-14,NWSA,22.690000534057617,22.790000915527344,22.149999618530277,22.280000686645508,21.484806060791016,3279500
2022-02-14,NWSA,22.690000534057617,22.790000915527344,22.149999618530277,22.280000686645508,21.484806060791016,3279500
2022-02-15,NWSA,22.68000030517578,23.200000762939453,22.57999992370605,23.13999938964844,22.31410789489746,3364100
2022-02-15,NWSA,22.68000030517578,23.200000762939453,22.57999992370605,23.13999938964844,22.31410789489746,3364100
2022-02-16,NWSA,22.940000534057617,23.700000762939453,22.68000030517578,23.68000030517578,22.8348388671875,3532500
2022-02-16,NWSA,22.940000534057617,23.700000762939453,22.68000030517578,23.68000030517578,22.8348388671875,3532500
2022-02-17,NWSA,23.46999931335449,23.56999969482422,22.690000534057617,22.76000022888184,21.947673797607425,2518800
2022-02-17,NWSA,23.46999931335449,23.56999969482422,22.690000534057617,22.76000022888184,21.947673797607425,2518800
2022-02-18,NWSA,22.559999465942383,22.75,22.040000915527344,22.149999618530277,21.35944557189941,2985000
2022-02-18,NWSA,22.559999465942383,22.75,22.040000915527344,22.149999618530277,21.35944557189941,2985000
2022-02-22,NWSA,22.059999465942383,22.190000534057617,21.770000457763672,21.8799991607666,21.09908103942871,2629600
2022-02-22,NWSA,22.059999465942383,22.190000534057617,21.770000457763672,21.8799991607666,21.09908103942871,2629600
2022-02-23,NWSA,22.059999465942383,22.170000076293945,21.309999465942383,21.3700008392334,20.60728645324707,2026300
2022-02-23,NWSA,22.059999465942383,22.170000076293945,21.309999465942383,21.3700008392334,20.60728645324707,2026300
2022-02-24,NWSA,20.82999992370605,21.6200008392334,20.530000686645508,21.56999969482422,20.80014419555664,2990700
2022-02-24,NWSA,20.82999992370605,21.6200008392334,20.530000686645508,21.56999969482422,20.80014419555664,2990700
2022-02-25,NWSA,21.729999542236328,22.299999237060547,21.420000076293945,22.280000686645508,21.484806060791016,4092800
2022-02-25,NWSA,21.729999542236328,22.299999237060547,21.420000076293945,22.280000686645508,21.484806060791016,4092800
2022-02-28,NWSA,22.1299991607666,22.459999084472656,21.8700008392334,22.31999969482422,21.523380279541016,3259100
2022-02-28,NWSA,22.1299991607666,22.459999084472656,21.8700008392334,22.31999969482422,21.523380279541016,3259100
2022-03-01,NWSA,22.200000762939453,22.3799991607666,21.280000686645508,21.549999237060547,20.780858993530277,5102700
2022-03-01,NWSA,22.200000762939453,22.3799991607666,21.280000686645508,21.549999237060547,20.780858993530277,5102700
2022-03-02,NWSA,21.71999931335449,22.6200008392334,21.59000015258789,22.530000686645508,21.72588157653809,3082900
2022-03-02,NWSA,21.71999931335449,22.6200008392334,21.59000015258789,22.530000686645508,21.72588157653809,3082900
2022-03-03,NWSA,22.559999465942383,22.6200008392334,21.690000534057617,21.770000457763672,20.99300765991211,1807200
2022-03-03,NWSA,22.559999465942383,22.6200008392334,21.690000534057617,21.770000457763672,20.99300765991211,1807200
2022-03-04,NWSA,21.559999465942383,21.559999465942383,21.049999237060547,21.21999931335449,20.46263885498047,3652500
2022-03-04,NWSA,21.559999465942383,21.559999465942383,21.049999237060547,21.21999931335449,20.46263885498047,3652500
2022-03-07,NWSA,21.149999618530277,21.200000762939453,20.25,20.280000686645508,19.55618667602539,3009500
2022-03-07,NWSA,21.149999618530277,21.200000762939453,20.25,20.280000686645508,19.55618667602539,3009500
2022-03-08,NWSA,20.209999084472656,20.950000762939453,20.049999237060547,20.32999992370605,19.604402542114254,3163500
2022-03-08,NWSA,20.209999084472656,20.950000762939453,20.049999237060547,20.32999992370605,19.604402542114254,3163500
2022-03-09,NWSA,20.850000381469727,21.40999984741211,20.799999237060547,21.1299991607666,20.3758487701416,2999700
2022-03-09,NWSA,20.850000381469727,21.40999984741211,20.799999237060547,21.1299991607666,20.3758487701416,2999700
2022-03-10,NWSA,20.86000061035156,21.09000015258789,20.68000030517578,20.979999542236328,20.231204986572266,2772900
2022-03-10,NWSA,20.86000061035156,21.09000015258789,20.68000030517578,20.979999542236328,20.231204986572266,2772900
2022-03-11,NWSA,21.549999237060547,21.75,20.950000762939453,20.959999084472656,20.2119140625,3937500
2022-03-11,NWSA,21.549999237060547,21.75,20.950000762939453,20.959999084472656,20.2119140625,3937500
2022-03-14,NWSA,21.049999237060547,21.280000686645508,20.88999938964844,21.11000061035156,20.356563568115234,4820300
2022-03-14,NWSA,21.049999237060547,21.280000686645508,20.88999938964844,21.11000061035156,20.356563568115234,4820300
2022-03-15,NWSA,21.18000030517578,21.450000762939453,20.86000061035156,21.100000381469727,20.44376564025879,2326100
2022-03-15,NWSA,21.18000030517578,21.450000762939453,20.86000061035156,21.100000381469727,20.44376564025879,2326100
2022-03-16,NWSA,21.40999984741211,21.82999992370605,21.11000061035156,21.6299991607666,20.9572811126709,4323200
2022-03-16,NWSA,21.40999984741211,21.82999992370605,21.11000061035156,21.6299991607666,20.9572811126709,4323200
2022-03-17,NWSA,21.61000061035156,22.46999931335449,21.43000030517578,22.420000076293945,21.722713470458984,3131800
2022-03-17,NWSA,21.61000061035156,22.46999931335449,21.43000030517578,22.420000076293945,21.722713470458984,3131800
2022-03-18,NWSA,22.31999969482422,22.40999984741211,22.06999969482422,22.13999938964844,21.451416015625,5266700
2022-03-18,NWSA,22.31999969482422,22.40999984741211,22.06999969482422,22.13999938964844,21.451416015625,5266700
2022-03-21,NWSA,22.270000457763672,22.51000022888184,21.799999237060547,22.0,21.315773010253903,1727000
2022-03-21,NWSA,22.270000457763672,22.51000022888184,21.799999237060547,22.0,21.315773010253903,1727000
2022-03-22,NWSA,22.030000686645508,22.43000030517578,21.989999771118164,22.239999771118164,21.548311233520508,2608700
2022-03-22,NWSA,22.030000686645508,22.43000030517578,21.989999771118164,22.239999771118164,21.548311233520508,2608700
2022-03-23,NWSA,22.040000915527344,22.1200008392334,21.8700008392334,21.920000076293945,21.23826026916504,1836700
2022-03-23,NWSA,22.040000915527344,22.1200008392334,21.8700008392334,21.920000076293945,21.23826026916504,1836700
2022-03-24,NWSA,22.020000457763672,22.559999465942383,21.61000061035156,22.549999237060547,21.84866714477539,2305400
2022-03-24,NWSA,22.020000457763672,22.559999465942383,21.61000061035156,22.549999237060547,21.84866714477539,2305400
2022-03-25,NWSA,22.6200008392334,22.81999969482422,22.440000534057617,22.57999992370605,21.877735137939453,1630400
2022-03-25,NWSA,22.6200008392334,22.81999969482422,22.440000534057617,22.57999992370605,21.877735137939453,1630400
2022-03-28,NWSA,22.56999969482422,22.63999938964844,22.350000381469727,22.51000022888184,21.809913635253903,1184900
2022-03-28,NWSA,22.56999969482422,22.63999938964844,22.350000381469727,22.51000022888184,21.809913635253903,1184900
2022-03-29,NWSA,22.809999465942383,23.040000915527344,22.770000457763672,22.959999084472656,22.24591636657715,1505300
2022-03-29,NWSA,22.809999465942383,23.040000915527344,22.770000457763672,22.959999084472656,22.24591636657715,1505300
2022-03-30,NWSA,22.84000015258789,23.06999969482422,22.68000030517578,22.770000457763672,22.06182861328125,1446100
2022-03-30,NWSA,22.84000015258789,23.06999969482422,22.68000030517578,22.770000457763672,22.06182861328125,1446100
2022-03-31,NWSA,22.649999618530277,22.729999542236328,22.1299991607666,22.149999618530277,21.461111068725582,2707900
2022-03-31,NWSA,22.649999618530277,22.729999542236328,22.1299991607666,22.149999618530277,21.461111068725582,2707900
2022-04-01,NWSA,22.290000915527344,22.420000076293945,21.81999969482422,21.93000030517578,21.247955322265625,1609800
2022-04-01,NWSA,22.290000915527344,22.420000076293945,21.81999969482422,21.93000030517578,21.247955322265625,1609800
2022-04-04,NWSA,21.770000457763672,22.13999938964844,21.729999542236328,22.11000061035156,21.42235374450684,1592300
2022-04-04,NWSA,21.770000457763672,22.13999938964844,21.729999542236328,22.11000061035156,21.42235374450684,1592300
2022-04-05,NWSA,21.989999771118164,22.1299991607666,21.770000457763672,22.0,21.315773010253903,1931800
2022-04-05,NWSA,21.989999771118164,22.1299991607666,21.770000457763672,22.0,21.315773010253903,1931800
2022-04-06,NWSA,21.790000915527344,21.8799991607666,21.420000076293945,21.670000076293945,20.99603843688965,2584200
2022-04-06,NWSA,21.790000915527344,21.8799991607666,21.420000076293945,21.670000076293945,20.99603843688965,2584200
2022-04-07,NWSA,21.559999465942383,21.670000076293945,20.920000076293945,21.299999237060547,20.637540817260746,2221700
2022-04-07,NWSA,21.559999465942383,21.670000076293945,20.920000076293945,21.299999237060547,20.637540817260746,2221700
2022-04-08,NWSA,21.25,21.520000457763672,21.0,21.34000015258789,20.676300048828125,1568600
2022-04-08,NWSA,21.25,21.520000457763672,21.0,21.34000015258789,20.676300048828125,1568600
2022-04-11,NWSA,21.13999938964844,21.489999771118164,21.049999237060547,21.100000381469727,20.44376564025879,2195100
2022-04-11,NWSA,21.13999938964844,21.489999771118164,21.049999237060547,21.100000381469727,20.44376564025879,2195100
2022-04-12,NWSA,21.21999931335449,21.479999542236328,20.809999465942383,20.959999084472656,20.3081169128418,2562800
2022-04-12,NWSA,21.21999931335449,21.479999542236328,20.809999465942383,20.959999084472656,20.3081169128418,2562800
2022-04-13,NWSA,20.959999084472656,21.65999984741211,20.76000022888184,21.6299991607666,20.9572811126709,2358800
2022-04-13,NWSA,20.959999084472656,21.65999984741211,20.76000022888184,21.6299991607666,20.9572811126709,2358800
2022-04-14,NWSA,21.68000030517578,21.82999992370605,21.059999465942383,21.170000076293945,20.5115909576416,2699500
2022-04-14,NWSA,21.68000030517578,21.82999992370605,21.059999465942383,21.170000076293945,20.5115909576416,2699500
2022-04-18,NWSA,21.149999618530277,21.34000015258789,20.959999084472656,21.18000030517578,20.521276473999023,1769700
2022-04-18,NWSA,21.149999618530277,21.34000015258789,20.959999084472656,21.18000030517578,20.521276473999023,1769700
2022-04-19,NWSA,21.229999542236328,21.790000915527344,21.11000061035156,21.729999542236328,21.054168701171875,2199700
2022-04-19,NWSA,21.229999542236328,21.790000915527344,21.11000061035156,21.729999542236328,21.054168701171875,2199700
2022-04-20,NWSA,21.81999969482422,22.0,21.479999542236328,21.8700008392334,21.189815521240234,3122600
2022-04-20,NWSA,21.81999969482422,22.0,21.479999542236328,21.8700008392334,21.189815521240234,3122600
2022-04-21,NWSA,22.059999465942383,22.200000762939453,21.31999969482422,21.350000381469727,20.68598937988281,1997100
2022-04-21,NWSA,22.059999465942383,22.200000762939453,21.31999969482422,21.350000381469727,20.68598937988281,1997100
2022-04-22,NWSA,21.229999542236328,21.31999969482422,20.739999771118164,20.86000061035156,20.211231231689453,2423400
2022-04-22,NWSA,21.229999542236328,21.31999969482422,20.739999771118164,20.86000061035156,20.211231231689453,2423400
2022-04-25,NWSA,20.76000022888184,20.90999984741211,20.309999465942383,20.8799991607666,20.230607986450195,2756400
2022-04-25,NWSA,20.76000022888184,20.90999984741211,20.309999465942383,20.8799991607666,20.230607986450195,2756400
2022-04-26,NWSA,20.6299991607666,20.700000762939453,20.049999237060547,20.049999237060547,19.42641830444336,1906100
2022-04-26,NWSA,20.6299991607666,20.700000762939453,20.049999237060547,20.049999237060547,19.42641830444336,1906100
2022-04-27,NWSA,19.959999084472656,20.350000381469727,19.90999984741211,20.26000022888184,19.629892349243164,2536700
2022-04-27,NWSA,19.959999084472656,20.350000381469727,19.90999984741211,20.26000022888184,19.629892349243164,2536700
2022-04-28,NWSA,20.32999992370605,20.530000686645508,20.030000686645508,20.420000076293945,19.784912109375,1872900
2022-04-28,NWSA,20.32999992370605,20.530000686645508,20.030000686645508,20.420000076293945,19.784912109375,1872900
2022-04-29,NWSA,20.309999465942383,20.549999237060547,19.84000015258789,19.86000061035156,19.242332458496094,2537700
2022-04-29,NWSA,20.309999465942383,20.549999237060547,19.84000015258789,19.86000061035156,19.242332458496094,2537700
2022-05-02,NWSA,19.93000030517578,20.309999465942383,19.76000022888184,20.21999931335449,19.59113311767578,2881800
2022-05-02,NWSA,19.93000030517578,20.309999465942383,19.76000022888184,20.21999931335449,19.59113311767578,2881800
2022-05-03,NWSA,20.290000915527344,20.420000076293945,19.90999984741211,20.209999084472656,19.581443786621094,3285400
2022-05-03,NWSA,20.290000915527344,20.420000076293945,19.90999984741211,20.209999084472656,19.581443786621094,3285400
2022-05-04,NWSA,20.209999084472656,20.899999618530277,20.13999938964844,20.850000381469727,20.201539993286133,2381600
2022-05-04,NWSA,20.209999084472656,20.899999618530277,20.13999938964844,20.850000381469727,20.201539993286133,2381600
2022-05-05,NWSA,20.75,20.799999237060547,19.399999618530277,19.729999542236328,19.11637306213379,3161000
2022-05-05,NWSA,20.75,20.799999237060547,19.399999618530277,19.729999542236328,19.11637306213379,3161000
2022-05-06,NWSA,19.1299991607666,19.21999931335449,16.540000915527344,17.110000610351562,16.57785987854004,7510500
2022-05-06,NWSA,19.1299991607666,19.21999931335449,16.540000915527344,17.110000610351562,16.57785987854004,7510500
2022-05-09,NWSA,16.90999984741211,17.639999389648438,16.90999984741211,17.5,16.955730438232422,6307700
2022-05-09,NWSA,16.90999984741211,17.639999389648438,16.90999984741211,17.5,16.955730438232422,6307700
2022-05-10,NWSA,17.600000381469727,18.0,17.200000762939453,17.56999969482422,17.02355194091797,5591500
2022-05-10,NWSA,17.600000381469727,18.0,17.200000762939453,17.56999969482422,17.02355194091797,5591500
2022-05-11,NWSA,17.43000030517578,17.959999084472656,16.8700008392334,16.899999618530273,16.3743896484375,5200600
2022-05-11,NWSA,17.43000030517578,17.959999084472656,16.8700008392334,16.899999618530273,16.3743896484375,5200600
2022-05-12,NWSA,16.690000534057617,17.389999389648438,16.670000076293945,17.3799991607666,16.839462280273438,6613300
2022-05-12,NWSA,16.690000534057617,17.389999389648438,16.670000076293945,17.3799991607666,16.839462280273438,6613300
2022-05-13,NWSA,17.5,17.959999084472656,17.329999923706055,17.84000015258789,17.28515625,3456400
2022-05-13,NWSA,17.5,17.959999084472656,17.329999923706055,17.84000015258789,17.28515625,3456400
2022-05-16,NWSA,17.829999923706055,17.899999618530273,17.479999542236328,17.6299991607666,17.081684112548828,2717100
2022-05-16,NWSA,17.829999923706055,17.899999618530273,17.479999542236328,17.6299991607666,17.081684112548828,2717100
2022-05-17,NWSA,18.010000228881836,18.3799991607666,18.010000228881836,18.26000022888184,17.692092895507812,3726200
2022-05-17,NWSA,18.010000228881836,18.3799991607666,18.010000228881836,18.26000022888184,17.692092895507812,3726200
2022-05-18,NWSA,18.020000457763672,18.399999618530277,17.420000076293945,17.479999542236328,16.936351776123047,3229900
2022-05-18,NWSA,18.020000457763672,18.399999618530277,17.420000076293945,17.479999542236328,16.936351776123047,3229900
2022-05-19,NWSA,17.350000381469727,17.709999084472656,17.260000228881836,17.5,16.955730438232422,4818400
2022-05-19,NWSA,17.350000381469727,17.709999084472656,17.260000228881836,17.5,16.955730438232422,4818400
2022-05-20,NWSA,17.670000076293945,17.889999389648438,17.209999084472656,17.610000610351562,17.062307357788086,4727300
2022-05-20,NWSA,17.670000076293945,17.889999389648438,17.209999084472656,17.610000610351562,17.062307357788086,4727300
2022-05-23,NWSA,17.860000610351562,17.899999618530273,17.299999237060547,17.420000076293945,16.878219604492188,3395500
2022-05-23,NWSA,17.860000610351562,17.899999618530273,17.299999237060547,17.420000076293945,16.878219604492188,3395500
2022-05-24,NWSA,17.209999084472656,17.209999084472656,16.3799991607666,16.549999237060547,16.0352725982666,4137800
2022-05-24,NWSA,17.209999084472656,17.209999084472656,16.3799991607666,16.549999237060547,16.0352725982666,4137800
2022-05-25,NWSA,16.5,17.0,16.3799991607666,16.850000381469727,16.325946807861328,2626100
2022-05-25,NWSA,16.5,17.0,16.3799991607666,16.850000381469727,16.325946807861328,2626100
2022-05-26,NWSA,16.950000762939453,17.280000686645508,16.8799991607666,17.229999542236328,16.69412612915039,3346800
2022-05-26,NWSA,16.950000762939453,17.280000686645508,16.8799991607666,17.229999542236328,16.69412612915039,3346800
2022-05-27,NWSA,17.34000015258789,17.68000030517578,17.260000228881836,17.68000030517578,17.130130767822266,1947300
2022-05-27,NWSA,17.34000015258789,17.68000030517578,17.260000228881836,17.68000030517578,17.130130767822266,1947300
2022-05-31,NWSA,17.40999984741211,17.540000915527344,17.149999618530273,17.399999618530273,16.858840942382812,4435800
2022-05-31,NWSA,17.40999984741211,17.540000915527344,17.149999618530273,17.399999618530273,16.858840942382812,4435800
2022-06-01,NWSA,17.479999542236328,17.6299991607666,16.90999984741211,17.209999084472656,16.674747467041016,4350500
2022-06-01,NWSA,17.479999542236328,17.6299991607666,16.90999984741211,17.209999084472656,16.674747467041016,4350500
2022-06-02,NWSA,17.260000228881836,17.790000915527344,17.260000228881836,17.709999084472656,17.159198760986328,2112200
2022-06-02,NWSA,17.260000228881836,17.790000915527344,17.260000228881836,17.709999084472656,17.159198760986328,2112200
2022-06-03,NWSA,17.450000762939453,17.510000228881836,17.010000228881836,17.200000762939453,16.665058135986328,1895200
2022-06-03,NWSA,17.450000762939453,17.510000228881836,17.010000228881836,17.200000762939453,16.665058135986328,1895200
2022-06-06,NWSA,17.389999389648438,17.440000534057617,17.15999984741211,17.3799991607666,16.839462280273438,2115300
2022-06-06,NWSA,17.389999389648438,17.440000534057617,17.15999984741211,17.3799991607666,16.839462280273438,2115300
2022-06-07,NWSA,17.049999237060547,17.610000610351562,16.989999771118164,17.56999969482422,17.02355194091797,2780900
2022-06-07,NWSA,17.049999237060547,17.610000610351562,16.989999771118164,17.56999969482422,17.02355194091797,2780900
2022-06-08,NWSA,17.3799991607666,17.610000610351562,17.15999984741211,17.209999084472656,16.674747467041016,2401100
2022-06-08,NWSA,17.3799991607666,17.610000610351562,17.15999984741211,17.209999084472656,16.674747467041016,2401100
2022-06-09,NWSA,17.219999313354492,17.260000228881836,16.850000381469727,16.860000610351562,16.335634231567383,2703800
2022-06-09,NWSA,17.219999313354492,17.260000228881836,16.850000381469727,16.860000610351562,16.335634231567383,2703800
2022-06-10,NWSA,16.520000457763672,16.65999984741211,16.360000610351562,16.56999969482422,16.054651260375977,4140000
2022-06-10,NWSA,16.520000457763672,16.65999984741211,16.360000610351562,16.56999969482422,16.054651260375977,4140000
2022-06-13,NWSA,16.09000015258789,16.200000762939453,15.600000381469728,15.670000076293944,15.18264389038086,3738100
2022-06-13,NWSA,16.09000015258789,16.200000762939453,15.600000381469728,15.670000076293944,15.18264389038086,3738100
2022-06-14,NWSA,15.699999809265137,15.789999961853027,15.329999923706056,15.550000190734863,15.066375732421877,3712400
2022-06-14,NWSA,15.699999809265137,15.789999961853027,15.329999923706056,15.550000190734863,15.066375732421877,3712400
2022-06-15,NWSA,15.770000457763672,15.84000015258789,15.34000015258789,15.539999961853027,15.056687355041504,4649200
2022-06-15,NWSA,15.770000457763672,15.84000015258789,15.34000015258789,15.539999961853027,15.056687355041504,4649200
2022-06-16,NWSA,15.1899995803833,15.460000038146973,15.0,15.420000076293944,14.940421104431152,3580200
2022-06-16,NWSA,15.1899995803833,15.460000038146973,15.0,15.420000076293944,14.940421104431152,3580200
2022-06-17,NWSA,15.5,15.800000190734863,15.43000030517578,15.5,15.01793098449707,6601700
2022-06-17,NWSA,15.5,15.800000190734863,15.43000030517578,15.5,15.01793098449707,6601700
2022-06-21,NWSA,15.729999542236328,15.859999656677246,15.199999809265137,15.220000267028809,14.746639251708984,4288500
2022-06-21,NWSA,15.729999542236328,15.859999656677246,15.199999809265137,15.220000267028809,14.746639251708984,4288500
2022-06-22,NWSA,15.09000015258789,15.260000228881836,14.960000038146973,15.100000381469728,14.630373001098633,4453000
2022-06-22,NWSA,15.09000015258789,15.260000228881836,14.960000038146973,15.100000381469728,14.630373001098633,4453000
2022-06-23,NWSA,15.130000114440918,15.270000457763672,14.949999809265137,15.239999771118164,14.766016006469728,3601400
2022-06-23,NWSA,15.130000114440918,15.270000457763672,14.949999809265137,15.239999771118164,14.766016006469728,3601400
2022-06-24,NWSA,15.380000114440918,15.899999618530272,15.359999656677246,15.779999732971191,15.289222717285156,5878700
2022-06-24,NWSA,15.380000114440918,15.899999618530272,15.359999656677246,15.779999732971191,15.289222717285156,5878700
2022-06-27,NWSA,15.869999885559082,15.949999809265137,15.609999656677246,15.739999771118164,15.25046730041504,3349100
2022-06-27,NWSA,15.869999885559082,15.949999809265137,15.609999656677246,15.739999771118164,15.25046730041504,3349100
2022-06-28,NWSA,15.829999923706056,16.1200008392334,15.479999542236328,15.489999771118164,15.0082426071167,3582900
2022-06-28,NWSA,15.829999923706056,16.1200008392334,15.479999542236328,15.489999771118164,15.0082426071167,3582900
2022-06-29,NWSA,15.329999923706056,15.5,15.170000076293944,15.31999969482422,14.843528747558594,2784900
2022-06-29,NWSA,15.329999923706056,15.5,15.170000076293944,15.31999969482422,14.843528747558594,2784900
2022-06-30,NWSA,15.15999984741211,15.739999771118164,15.100000381469728,15.579999923706056,15.095444679260254,4100400
2022-06-30,NWSA,15.15999984741211,15.739999771118164,15.100000381469728,15.579999923706056,15.095444679260254,4100400
2022-07-01,NWSA,15.550000190734863,15.8100004196167,15.420000076293944,15.75,15.260157585144045,2006900
2022-07-01,NWSA,15.550000190734863,15.8100004196167,15.420000076293944,15.75,15.260157585144045,2006900
2022-07-05,NWSA,15.43000030517578,15.649999618530272,15.170000076293944,15.630000114440918,15.143888473510742,2130200
2022-07-05,NWSA,15.43000030517578,15.649999618530272,15.170000076293944,15.630000114440918,15.143888473510742,2130200
2022-07-06,NWSA,15.739999771118164,15.869999885559082,15.43000030517578,15.579999923706056,15.095444679260254,1883200
2022-07-06,NWSA,15.739999771118164,15.869999885559082,15.43000030517578,15.579999923706056,15.095444679260254,1883200
2022-07-07,NWSA,15.710000038146973,15.890000343322754,15.65999984741211,15.84000015258789,15.347357749938965,2568600
2022-07-07,NWSA,15.710000038146973,15.890000343322754,15.65999984741211,15.84000015258789,15.347357749938965,2568600
2022-07-08,NWSA,15.789999961853027,15.9399995803833,15.68000030517578,15.75,15.260157585144045,1459500
2022-07-08,NWSA,15.789999961853027,15.9399995803833,15.68000030517578,15.75,15.260157585144045,1459500
2022-07-11,NWSA,15.510000228881836,15.600000381469728,15.34000015258789,15.399999618530272,14.921042442321776,1318100
2022-07-11,NWSA,15.510000228881836,15.600000381469728,15.34000015258789,15.399999618530272,14.921042442321776,1318100
2022-07-12,NWSA,15.390000343322754,15.84000015258789,15.390000343322754,15.649999618530272,15.163265228271484,1476000
2022-07-12,NWSA,15.390000343322754,15.84000015258789,15.390000343322754,15.649999618530272,15.163265228271484,1476000
2022-07-13,NWSA,15.380000114440918,15.59000015258789,15.109999656677246,15.489999771118164,15.0082426071167,1631300
2022-07-13,NWSA,15.380000114440918,15.59000015258789,15.109999656677246,15.489999771118164,15.0082426071167,1631300
2022-07-14,NWSA,15.18000030517578,15.350000381469728,15.140000343322754,15.239999771118164,14.766016006469728,1452300
2022-07-14,NWSA,15.18000030517578,15.350000381469728,15.140000343322754,15.239999771118164,14.766016006469728,1452300
2022-07-15,NWSA,15.5,15.739999771118164,15.31999969482422,15.729999542236328,15.240777015686035,2103300
2022-07-15,NWSA,15.5,15.739999771118164,15.31999969482422,15.729999542236328,15.240777015686035,2103300
2022-07-18,NWSA,15.789999961853027,15.960000038146973,15.649999618530272,15.710000038146973,15.221400260925291,2435500
2022-07-18,NWSA,15.789999961853027,15.960000038146973,15.649999618530272,15.710000038146973,15.221400260925291,2435500
2022-07-19,NWSA,15.970000267028809,16.3700008392334,15.84000015258789,16.309999465942383,15.802739143371582,1750100
2022-07-19,NWSA,15.970000267028809,16.3700008392334,15.84000015258789,16.309999465942383,15.802739143371582,1750100
2022-07-20,NWSA,16.290000915527344,16.81999969482422,16.280000686645508,16.6200008392334,16.103097915649414,2328000
2022-07-20,NWSA,16.290000915527344,16.81999969482422,16.280000686645508,16.6200008392334,16.103097915649414,2328000
2022-07-21,NWSA,16.59000015258789,16.84000015258789,16.450000762939453,16.829999923706055,16.30656623840332,2575300
2022-07-21,NWSA,16.59000015258789,16.84000015258789,16.450000762939453,16.829999923706055,16.30656623840332,2575300
2022-07-22,NWSA,16.780000686645508,16.950000762939453,16.649999618530273,16.8799991607666,16.355012893676758,2297000
2022-07-22,NWSA,16.780000686645508,16.950000762939453,16.649999618530273,16.8799991607666,16.355012893676758,2297000
2022-07-25,NWSA,16.899999618530273,17.15999984741211,16.770000457763672,16.899999618530273,16.3743896484375,2852600
2022-07-25,NWSA,16.899999618530273,17.15999984741211,16.770000457763672,16.899999618530273,16.3743896484375,2852600
2022-07-26,NWSA,16.729999542236328,16.90999984741211,16.56999969482422,16.700000762939453,16.18060874938965,2340900
2022-07-26,NWSA,16.729999542236328,16.90999984741211,16.56999969482422,16.700000762939453,16.18060874938965,2340900
2022-07-27,NWSA,16.739999771118164,17.110000610351562,16.68000030517578,17.049999237060547,16.519723892211914,3088000
2022-07-27,NWSA,16.739999771118164,17.110000610351562,16.68000030517578,17.049999237060547,16.519723892211914,3088000
2022-07-28,NWSA,16.8799991607666,17.15999984741211,16.6299991607666,17.100000381469727,16.56816864013672,2401400
2022-07-28,NWSA,16.8799991607666,17.15999984741211,16.6299991607666,17.100000381469727,16.56816864013672,2401400
2022-07-29,NWSA,17.030000686645508,17.299999237060547,16.899999618530273,17.139999389648438,16.606922149658203,2205900
2022-07-29,NWSA,17.030000686645508,17.299999237060547,16.899999618530273,17.139999389648438,16.606922149658203,2205900
2022-08-01,NWSA,17.020000457763672,17.299999237060547,16.799999237060547,17.1299991607666,16.59723663330078,1428600
2022-08-01,NWSA,17.020000457763672,17.299999237060547,16.799999237060547,17.1299991607666,16.59723663330078,1428600
2022-08-02,NWSA,17.049999237060547,17.170000076293945,16.90999984741211,17.0,16.471281051635742,1528900
2022-08-02,NWSA,17.049999237060547,17.170000076293945,16.90999984741211,17.0,16.471281051635742,1528900
2022-08-03,NWSA,17.059999465942383,17.549999237060547,16.989999771118164,17.510000228881836,16.965415954589844,2222200
2022-08-03,NWSA,17.059999465942383,17.549999237060547,16.989999771118164,17.510000228881836,16.965415954589844,2222200
2022-08-04,NWSA,17.40999984741211,17.559999465942383,17.260000228881836,17.3799991607666,16.839462280273438,1698200
2022-08-04,NWSA,17.40999984741211,17.559999465942383,17.260000228881836,17.3799991607666,16.839462280273438,1698200
2022-08-05,NWSA,17.06999969482422,17.1299991607666,16.84000015258789,17.010000228881836,16.480968475341797,4076000
2022-08-05,NWSA,17.06999969482422,17.1299991607666,16.84000015258789,17.010000228881836,16.480968475341797,4076000
2022-08-08,NWSA,17.079999923706055,17.639999389648438,17.010000228881836,17.3700008392334,16.82977294921875,4028400
2022-08-08,NWSA,17.079999923706055,17.639999389648438,17.010000228881836,17.3700008392334,16.82977294921875,4028400
2022-08-09,NWSA,18.86000061035156,20.57999992370605,18.15999984741211,18.270000457763672,17.7017822265625,5158900
2022-08-09,NWSA,18.86000061035156,20.57999992370605,18.15999984741211,18.270000457763672,17.7017822265625,5158900
2022-08-10,NWSA,18.40999984741211,18.540000915527344,18.18000030517578,18.450000762939453,17.876182556152344,3708700
2022-08-10,NWSA,18.40999984741211,18.540000915527344,18.18000030517578,18.450000762939453,17.876182556152344,3708700
2022-08-11,NWSA,18.450000762939453,18.780000686645508,18.43000030517578,18.670000076293945,18.08934211730957,2768500
2022-08-11,NWSA,18.450000762939453,18.780000686645508,18.43000030517578,18.670000076293945,18.08934211730957,2768500
2022-08-12,NWSA,18.71999931335449,18.88999938964844,18.6299991607666,18.82999992370605,18.24436378479004,2190000
2022-08-12,NWSA,18.71999931335449,18.88999938964844,18.6299991607666,18.82999992370605,18.24436378479004,2190000
2022-08-15,NWSA,18.82999992370605,18.90999984741211,18.450000762939453,18.489999771118164,17.91493797302246,3705800
2022-08-15,NWSA,18.82999992370605,18.90999984741211,18.450000762939453,18.489999771118164,17.91493797302246,3705800
2022-08-16,NWSA,18.34000015258789,18.809999465942383,18.34000015258789,18.59000015258789,18.011831283569336,2371000
2022-08-16,NWSA,18.34000015258789,18.809999465942383,18.34000015258789,18.59000015258789,18.011831283569336,2371000
2022-08-17,NWSA,18.450000762939453,18.479999542236328,18.190000534057617,18.32999992370605,17.75991439819336,1877600
2022-08-17,NWSA,18.450000762939453,18.479999542236328,18.190000534057617,18.32999992370605,17.75991439819336,1877600
2022-08-18,NWSA,18.25,18.350000381469727,17.989999771118164,18.280000686645508,17.711471557617188,1660100
2022-08-18,NWSA,18.25,18.350000381469727,17.989999771118164,18.280000686645508,17.711471557617188,1660100
2022-08-19,NWSA,18.149999618530277,18.200000762939453,17.84000015258789,17.899999618530273,17.343286514282227,1677900
2022-08-19,NWSA,18.149999618530277,18.200000762939453,17.84000015258789,17.899999618530273,17.343286514282227,1677900
2022-08-22,NWSA,17.6200008392334,17.790000915527344,17.43000030517578,17.450000762939453,16.907283782958984,1629500
2022-08-22,NWSA,17.6200008392334,17.790000915527344,17.43000030517578,17.450000762939453,16.907283782958984,1629500
2022-08-23,NWSA,17.450000762939453,17.639999389648438,17.270000457763672,17.309999465942383,16.771638870239258,1400900
2022-08-23,NWSA,17.450000762939453,17.639999389648438,17.270000457763672,17.309999465942383,16.771638870239258,1400900
2022-08-24,NWSA,17.399999618530273,17.559999465942383,17.25,17.479999542236328,16.936351776123047,1629300
2022-08-24,NWSA,17.399999618530273,17.559999465942383,17.25,17.479999542236328,16.936351776123047,1629300
2022-08-25,NWSA,17.5,17.760000228881836,17.5,17.729999542236328,17.178577423095703,1360300
2022-08-25,NWSA,17.5,17.760000228881836,17.5,17.729999542236328,17.178577423095703,1360300
2022-08-26,NWSA,17.770000457763672,17.940000534057617,17.350000381469727,17.350000381469727,16.810396194458008,2770100
2022-08-26,NWSA,17.770000457763672,17.940000534057617,17.350000381469727,17.350000381469727,16.810396194458008,2770100
2022-08-29,NWSA,17.299999237060547,17.40999984741211,17.18000030517578,17.290000915527344,16.752262115478516,1374100
2022-08-29,NWSA,17.299999237060547,17.40999984741211,17.18000030517578,17.290000915527344,16.752262115478516,1374100
2022-08-30,NWSA,17.31999969482422,17.34000015258789,17.010000228881836,17.100000381469727,16.56816864013672,2532800
2022-08-30,NWSA,17.31999969482422,17.34000015258789,17.010000228881836,17.100000381469727,16.56816864013672,2532800
2022-08-31,NWSA,17.170000076293945,17.329999923706055,16.90999984741211,16.920000076293945,16.393766403198242,2932600
2022-08-31,NWSA,17.170000076293945,17.329999923706055,16.90999984741211,16.920000076293945,16.393766403198242,2932600
2022-09-01,NWSA,16.780000686645508,16.920000076293945,16.700000762939453,16.920000076293945,16.393766403198242,2243000
2022-09-01,NWSA,16.780000686645508,16.920000076293945,16.700000762939453,16.920000076293945,16.393766403198242,2243000
2022-09-02,NWSA,17.030000686645508,17.31999969482422,16.8799991607666,16.959999084472656,16.43252182006836,2127000
2022-09-02,NWSA,17.030000686645508,17.31999969482422,16.8799991607666,16.959999084472656,16.43252182006836,2127000
2022-09-06,NWSA,17.040000915527344,17.06999969482422,16.420000076293945,16.450000762939453,15.938386917114258,2760700
2022-09-06,NWSA,17.040000915527344,17.06999969482422,16.420000076293945,16.450000762939453,15.938386917114258,2760700
2022-09-07,NWSA,16.450000762939453,16.8700008392334,16.350000381469727,16.81999969482422,16.296876907348633,1994100
2022-09-07,NWSA,16.450000762939453,16.8700008392334,16.350000381469727,16.81999969482422,16.296876907348633,1994100
2022-09-08,NWSA,16.6299991607666,16.93000030517578,16.5,16.799999237060547,16.27750015258789,2062300
2022-09-08,NWSA,16.6299991607666,16.93000030517578,16.5,16.799999237060547,16.27750015258789,2062300
2022-09-09,NWSA,16.8700008392334,17.5,16.8700008392334,17.469999313354492,16.926660537719727,2124100
2022-09-09,NWSA,16.8700008392334,17.5,16.8700008392334,17.469999313354492,16.926660537719727,2124100
2022-09-12,NWSA,17.579999923706055,17.84000015258789,17.579999923706055,17.610000610351562,17.062307357788086,1835500
2022-09-12,NWSA,17.579999923706055,17.84000015258789,17.579999923706055,17.610000610351562,17.062307357788086,1835500
2022-09-13,NWSA,17.110000610351562,17.40999984741211,16.770000457763672,16.829999923706055,16.399694442749023,2417900
2022-09-13,NWSA,17.110000610351562,17.40999984741211,16.770000457763672,16.829999923706055,16.399694442749023,2417900
2022-09-14,NWSA,16.8799991607666,16.920000076293945,16.559999465942383,16.860000610351562,16.42892837524414,1756300
2022-09-14,NWSA,16.8799991607666,16.920000076293945,16.559999465942383,16.860000610351562,16.42892837524414,1756300
2022-09-15,NWSA,16.860000610351562,17.40999984741211,16.860000610351562,17.139999389648438,16.701770782470703,2793800
2022-09-15,NWSA,16.860000610351562,17.40999984741211,16.860000610351562,17.139999389648438,16.701770782470703,2793800
2022-09-16,NWSA,17.06999969482422,17.06999969482422,16.329999923706055,16.530000686645508,16.10736656188965,4057000
2022-09-16,NWSA,17.06999969482422,17.06999969482422,16.329999923706055,16.530000686645508,16.10736656188965,4057000
2022-09-19,NWSA,16.350000381469727,16.68000030517578,16.31999969482422,16.540000915527344,16.117109298706055,1531700
2022-09-19,NWSA,16.350000381469727,16.68000030517578,16.31999969482422,16.540000915527344,16.117109298706055,1531700
2022-09-20,NWSA,16.399999618530273,16.68000030517578,16.360000610351562,16.459999084472656,16.039152145385742,1900100
2022-09-20,NWSA,16.399999618530273,16.68000030517578,16.360000610351562,16.459999084472656,16.039152145385742,1900100
2022-09-21,NWSA,16.600000381469727,16.65999984741211,15.989999771118164,16.010000228881836,15.600661277770996,2455300
2022-09-21,NWSA,16.600000381469727,16.65999984741211,15.989999771118164,16.010000228881836,15.600661277770996,2455300
2022-09-22,NWSA,15.9399995803833,16.040000915527344,15.670000076293944,15.6899995803833,15.288841247558594,2242300
2022-09-22,NWSA,15.9399995803833,16.040000915527344,15.670000076293944,15.6899995803833,15.288841247558594,2242300
2022-09-23,NWSA,15.600000381469728,15.6899995803833,15.18000030517578,15.329999923706056,14.938044548034668,2288700
2022-09-23,NWSA,15.600000381469728,15.6899995803833,15.18000030517578,15.329999923706056,14.938044548034668,2288700
2022-09-26,NWSA,15.210000038146973,15.449999809265137,15.020000457763672,15.039999961853027,14.655461311340332,3913900
2022-09-26,NWSA,15.210000038146973,15.449999809265137,15.020000457763672,15.039999961853027,14.655461311340332,3913900
2022-09-27,NWSA,15.09000015258789,15.359999656677246,14.899999618530272,14.949999809265137,14.56776237487793,2064800
2022-09-27,NWSA,15.09000015258789,15.359999656677246,14.899999618530272,14.949999809265137,14.56776237487793,2064800
2022-09-28,NWSA,15.0,15.479999542236328,14.979999542236328,15.380000114440918,14.986766815185549,1897600
2022-09-28,NWSA,15.0,15.479999542236328,14.979999542236328,15.380000114440918,14.986766815185549,1897600
2022-09-29,NWSA,15.079999923706056,15.239999771118164,14.869999885559082,15.050000190734863,14.665205955505373,2148600
2022-09-29,NWSA,15.079999923706056,15.239999771118164,14.869999885559082,15.050000190734863,14.665205955505373,2148600
2022-09-30,NWSA,15.130000114440918,15.420000076293944,15.0,15.109999656677246,14.723670959472656,3899800
2022-09-30,NWSA,15.130000114440918,15.420000076293944,15.0,15.109999656677246,14.723670959472656,3899800
2022-10-03,NWSA,15.350000381469728,15.68000030517578,15.220000267028809,15.630000114440918,15.230375289916992,2271400
2022-10-03,NWSA,15.350000381469728,15.68000030517578,15.220000267028809,15.630000114440918,15.230375289916992,2271400
2022-10-04,NWSA,15.81999969482422,16.399999618530273,15.81999969482422,16.3799991607666,15.96119785308838,3629000
2022-10-04,NWSA,15.81999969482422,16.399999618530273,15.81999969482422,16.3799991607666,15.96119785308838,3629000
2022-10-05,NWSA,16.049999237060547,16.260000228881836,15.960000038146973,16.139999389648438,15.727334976196287,1897800
2022-10-05,NWSA,16.049999237060547,16.260000228881836,15.960000038146973,16.139999389648438,15.727334976196287,1897800
2022-10-06,NWSA,16.350000381469727,16.350000381469727,15.850000381469728,15.880000114440918,15.47398281097412,1460100
2022-10-06,NWSA,16.350000381469727,16.350000381469727,15.850000381469728,15.880000114440918,15.47398281097412,1460100
2022-10-07,NWSA,15.75,15.81999969482422,15.460000038146973,15.550000190734863,15.152420997619627,1527800
2022-10-07,NWSA,15.75,15.81999969482422,15.460000038146973,15.550000190734863,15.152420997619627,1527800
2022-10-10,NWSA,15.65999984741211,15.739999771118164,15.390000343322754,15.510000228881836,15.113445281982422,1222700
2022-10-10,NWSA,15.65999984741211,15.739999771118164,15.390000343322754,15.510000228881836,15.113445281982422,1222700
2022-10-11,NWSA,15.350000381469728,15.75,15.220000267028809,15.460000038146973,15.06472396850586,2927800
2022-10-11,NWSA,15.350000381469728,15.75,15.220000267028809,15.460000038146973,15.06472396850586,2927800
2022-10-12,NWSA,15.460000038146973,15.600000381469728,15.300000190734863,15.520000457763672,15.123188972473145,2001000
2022-10-12,NWSA,15.460000038146973,15.600000381469728,15.300000190734863,15.520000457763672,15.123188972473145,2001000
2022-10-13,NWSA,15.239999771118164,15.989999771118164,15.050000190734863,15.9399995803833,15.532447814941406,2654900
2022-10-13,NWSA,15.239999771118164,15.989999771118164,15.050000190734863,15.9399995803833,15.532447814941406,2654900
2022-10-14,NWSA,16.030000686645508,16.190000534057617,15.5600004196167,15.600000381469728,15.201144218444824,3080200
2022-10-14,NWSA,16.030000686645508,16.190000534057617,15.5600004196167,15.600000381469728,15.201144218444824,3080200
2022-10-17,NWSA,16.25,16.829999923706055,16.1200008392334,16.1299991607666,15.717589378356934,8113400
2022-10-17,NWSA,16.25,16.829999923706055,16.1200008392334,16.1299991607666,15.717589378356934,8113400
2022-10-18,NWSA,16.450000762939453,16.739999771118164,16.059999465942383,16.25,15.834524154663086,4179300
2022-10-18,NWSA,16.450000762939453,16.739999771118164,16.059999465942383,16.25,15.834524154663086,4179300
2022-10-19,NWSA,16.40999984741211,16.760000228881836,16.360000610351562,16.59000015258789,16.16583251953125,4304700
2022-10-19,NWSA,16.40999984741211,16.760000228881836,16.360000610351562,16.59000015258789,16.16583251953125,4304700
2022-10-20,NWSA,16.549999237060547,16.899999618530273,16.389999389648438,16.690000534057617,16.263275146484375,3862600
2022-10-20,NWSA,16.549999237060547,16.899999618530273,16.389999389648438,16.690000534057617,16.263275146484375,3862600
2022-10-21,NWSA,16.65999984741211,17.219999313354492,16.510000228881836,17.200000762939453,16.760234832763672,4028400
2022-10-21,NWSA,16.65999984741211,17.219999313354492,16.510000228881836,17.200000762939453,16.760234832763672,4028400
2022-10-24,NWSA,17.360000610351562,17.360000610351562,16.700000762939453,16.920000076293945,16.487394332885742,4399600
2022-10-24,NWSA,17.360000610351562,17.360000610351562,16.700000762939453,16.920000076293945,16.487394332885742,4399600
2022-10-25,NWSA,16.989999771118164,17.239999771118164,16.920000076293945,17.170000076293945,16.731000900268555,3563700
2022-10-25,NWSA,16.989999771118164,17.239999771118164,16.920000076293945,17.170000076293945,16.731000900268555,3563700
2022-10-26,NWSA,17.170000076293945,17.360000610351562,16.979999542236328,17.0,16.56534767150879,2937400
2022-10-26,NWSA,17.170000076293945,17.360000610351562,16.979999542236328,17.0,16.56534767150879,2937400
2022-10-27,NWSA,17.1200008392334,17.219999313354492,16.690000534057617,16.739999771118164,16.311996459960938,2415300
2022-10-27,NWSA,17.1200008392334,17.219999313354492,16.690000534057617,16.739999771118164,16.311996459960938,2415300
2022-10-28,NWSA,16.780000686645508,16.979999542236328,16.549999237060547,16.90999984741211,16.47764778137207,2929600
2022-10-28,NWSA,16.780000686645508,16.979999542236328,16.549999237060547,16.90999984741211,16.47764778137207,2929600
2022-10-31,NWSA,16.90999984741211,16.959999084472656,16.770000457763672,16.8700008392334,16.438671112060547,3698400
2022-10-31,NWSA,16.90999984741211,16.959999084472656,16.770000457763672,16.8700008392334,16.438671112060547,3698400
2022-11-01,NWSA,17.059999465942383,17.43000030517578,16.899999618530273,16.989999771118164,16.55560302734375,2430000
2022-11-01,NWSA,17.059999465942383,17.43000030517578,16.899999618530273,16.989999771118164,16.55560302734375,2430000
2022-11-02,NWSA,16.84000015258789,16.979999542236328,16.40999984741211,16.469999313354492,16.048898696899414,3178600
2022-11-02,NWSA,16.84000015258789,16.979999542236328,16.40999984741211,16.469999313354492,16.048898696899414,3178600
2022-11-03,NWSA,16.219999313354492,16.6299991607666,15.979999542236328,16.459999084472656,16.039152145385742,4055100
2022-11-03,NWSA,16.219999313354492,16.6299991607666,15.979999542236328,16.459999084472656,16.039152145385742,4055100
2022-11-04,NWSA,16.690000534057617,16.700000762939453,16.139999389648438,16.68000030517578,16.253530502319336,2858100
2022-11-04,NWSA,16.690000534057617,16.700000762939453,16.139999389648438,16.68000030517578,16.253530502319336,2858100
2022-11-07,NWSA,16.780000686645508,16.899999618530273,16.399999618530273,16.719999313354492,16.292505264282227,3790700
2022-11-07,NWSA,16.780000686645508,16.899999618530273,16.399999618530273,16.719999313354492,16.292505264282227,3790700
2022-11-08,NWSA,16.790000915527344,17.299999237060547,16.65999984741211,17.09000015258789,16.65304946899414,3886900
2022-11-08,NWSA,16.790000915527344,17.299999237060547,16.65999984741211,17.09000015258789,16.65304946899414,3886900
2022-11-09,NWSA,15.050000190734863,16.450000762939453,15.0,16.15999984741211,15.746824264526367,6692100
2022-11-09,NWSA,15.050000190734863,16.450000762939453,15.0,16.15999984741211,15.746824264526367,6692100
2022-11-10,NWSA,16.75,17.399999618530273,16.5,17.299999237060547,16.857677459716797,5283000
2022-11-10,NWSA,16.75,17.399999618530273,16.5,17.299999237060547,16.857677459716797,5283000
2022-11-11,NWSA,17.530000686645508,18.06999969482422,17.450000762939453,18.059999465942383,17.59824562072754,3456300
2022-11-11,NWSA,17.530000686645508,18.06999969482422,17.450000762939453,18.059999465942383,17.59824562072754,3456300
2022-11-14,NWSA,17.959999084472656,18.450000762939453,17.84000015258789,18.18000030517578,17.71517562866211,3532100
2022-11-14,NWSA,17.959999084472656,18.450000762939453,17.84000015258789,18.18000030517578,17.71517562866211,3532100
2022-11-15,NWSA,18.229999542236328,18.479999542236328,17.93000030517578,18.149999618530277,17.685941696166992,2191400
2022-11-15,NWSA,18.229999542236328,18.479999542236328,17.93000030517578,18.149999618530277,17.685941696166992,2191400
2022-11-16,NWSA,18.07999992370605,18.1200008392334,17.81999969482422,17.90999984741211,17.45208168029785,2023900
2022-11-16,NWSA,18.07999992370605,18.1200008392334,17.81999969482422,17.90999984741211,17.45208168029785,2023900
2022-11-17,NWSA,17.610000610351562,18.049999237060547,17.530000686645508,17.940000534057617,17.48131561279297,2002000
2022-11-17,NWSA,17.610000610351562,18.049999237060547,17.530000686645508,17.940000534057617,17.48131561279297,2002000
2022-11-18,NWSA,18.200000762939453,18.209999084472656,17.719999313354492,17.829999923706055,17.374126434326172,2625000
2022-11-18,NWSA,18.200000762939453,18.209999084472656,17.719999313354492,17.829999923706055,17.374126434326172,2625000
2022-11-21,NWSA,17.610000610351562,17.780000686645508,17.360000610351562,17.479999542236328,17.03307342529297,2455400
2022-11-21,NWSA,17.610000610351562,17.780000686645508,17.360000610351562,17.479999542236328,17.03307342529297,2455400
2022-11-22,NWSA,17.530000686645508,17.850000381469727,17.40999984741211,17.829999923706055,17.374126434326172,1761200
2022-11-22,NWSA,17.530000686645508,17.850000381469727,17.40999984741211,17.829999923706055,17.374126434326172,1761200
2022-11-23,NWSA,17.889999389648438,18.38999938964844,17.770000457763672,18.229999542236328,17.763896942138672,2091900
2022-11-23,NWSA,17.889999389648438,18.38999938964844,17.770000457763672,18.229999542236328,17.763896942138672,2091900
2022-11-25,NWSA,18.170000076293945,18.479999542236328,18.09000015258789,18.299999237060547,17.832107543945312,1234300
2022-11-25,NWSA,18.170000076293945,18.479999542236328,18.09000015258789,18.299999237060547,17.832107543945312,1234300
2022-11-28,NWSA,18.11000061035156,18.61000061035156,18.11000061035156,18.190000534057617,17.724924087524414,3510100
2022-11-28,NWSA,18.11000061035156,18.61000061035156,18.11000061035156,18.190000534057617,17.724924087524414,3510100
2022-11-29,NWSA,18.209999084472656,18.6200008392334,18.100000381469727,18.559999465942383,18.0854606628418,2921100
2022-11-29,NWSA,18.209999084472656,18.6200008392334,18.100000381469727,18.559999465942383,18.0854606628418,2921100
2022-11-30,NWSA,18.5,19.25,18.46999931335449,19.149999618530277,18.660377502441406,4878800
2022-11-30,NWSA,18.5,19.25,18.46999931335449,19.149999618530277,18.660377502441406,4878800
2022-12-01,NWSA,19.09000015258789,19.36000061035156,19.020000457763672,19.15999984741211,18.67012023925781,2798600
2022-12-01,NWSA,19.09000015258789,19.36000061035156,19.020000457763672,19.15999984741211,18.67012023925781,2798600
2022-12-02,NWSA,18.979999542236328,19.170000076293945,18.8799991607666,19.1200008392334,18.63114547729492,1671200
2022-12-02,NWSA,18.979999542236328,19.170000076293945,18.8799991607666,19.1200008392334,18.63114547729492,1671200
2022-12-05,NWSA,19.020000457763672,19.06999969482422,18.700000762939453,18.71999931335449,18.24137306213379,1516700
2022-12-05,NWSA,19.020000457763672,19.06999969482422,18.700000762939453,18.71999931335449,18.24137306213379,1516700
2022-12-06,NWSA,18.739999771118164,18.809999465942383,18.36000061035156,18.479999542236328,18.007505416870117,1880500
2022-12-06,NWSA,18.739999771118164,18.809999465942383,18.36000061035156,18.479999542236328,18.007505416870117,1880500
2022-12-07,NWSA,18.450000762939453,18.479999542236328,18.059999465942383,18.200000762939453,17.73466682434082,2030900
2022-12-07,NWSA,18.450000762939453,18.479999542236328,18.059999465942383,18.200000762939453,17.73466682434082,2030900
2022-12-08,NWSA,18.290000915527344,18.43000030517578,18.11000061035156,18.149999618530277,17.685941696166992,2257900
2022-12-08,NWSA,18.290000915527344,18.43000030517578,18.11000061035156,18.149999618530277,17.685941696166992,2257900
2022-12-09,NWSA,18.149999618530277,18.209999084472656,17.989999771118164,18.049999237060547,17.5885009765625,1586000
2022-12-09,NWSA,18.149999618530277,18.209999084472656,17.989999771118164,18.049999237060547,17.5885009765625,1586000
2022-12-12,NWSA,18.010000228881836,18.200000762939453,17.850000381469727,18.190000534057617,17.724924087524414,2185300
2022-12-12,NWSA,18.010000228881836,18.200000762939453,17.850000381469727,18.190000534057617,17.724924087524414,2185300
2022-12-13,NWSA,18.739999771118164,18.950000762939453,18.450000762939453,18.700000762939453,18.22188377380371,2826500
2022-12-13,NWSA,18.739999771118164,18.950000762939453,18.450000762939453,18.700000762939453,18.22188377380371,2826500
2022-12-14,NWSA,18.56999969482422,18.8799991607666,18.3700008392334,18.68000030517578,18.202392578125,2329700
2022-12-14,NWSA,18.56999969482422,18.8799991607666,18.3700008392334,18.68000030517578,18.202392578125,2329700
2022-12-15,NWSA,18.3700008392334,18.56999969482422,17.739999771118164,17.780000686645508,17.32540512084961,2159400
2022-12-15,NWSA,18.3700008392334,18.56999969482422,17.739999771118164,17.780000686645508,17.32540512084961,2159400
2022-12-16,NWSA,17.700000762939453,17.90999984741211,17.56999969482422,17.829999923706055,17.374126434326172,3888100
2022-12-16,NWSA,17.700000762939453,17.90999984741211,17.56999969482422,17.829999923706055,17.374126434326172,3888100
2022-12-19,NWSA,17.780000686645508,17.829999923706055,17.31999969482422,17.43000030517578,16.984352111816406,2023700
2022-12-19,NWSA,17.780000686645508,17.829999923706055,17.31999969482422,17.43000030517578,16.984352111816406,2023700
2022-12-20,NWSA,17.450000762939453,17.559999465942383,17.25,17.510000228881836,17.062307357788086,2486800
2022-12-20,NWSA,17.450000762939453,17.559999465942383,17.25,17.510000228881836,17.062307357788086,2486800
2022-12-21,NWSA,17.649999618530273,17.860000610351562,17.510000228881836,17.729999542236328,17.276681900024414,1862500
2022-12-21,NWSA,17.649999618530273,17.860000610351562,17.510000228881836,17.729999542236328,17.276681900024414,1862500
2022-12-22,NWSA,17.549999237060547,17.84000015258789,17.43000030517578,17.809999465942383,17.354639053344727,1585800
2022-12-22,NWSA,17.549999237060547,17.84000015258789,17.43000030517578,17.809999465942383,17.354639053344727,1585800
2022-12-23,NWSA,18.18000030517578,18.540000915527344,17.90999984741211,18.309999465942383,17.841854095458984,3703900
2022-12-23,NWSA,18.18000030517578,18.540000915527344,17.90999984741211,18.309999465942383,17.841854095458984,3703900
2022-12-27,NWSA,18.309999465942383,18.459999084472656,18.100000381469727,18.280000686645508,17.812620162963867,1506600
2022-12-27,NWSA,18.309999465942383,18.459999084472656,18.100000381469727,18.280000686645508,17.812620162963867,1506600
2022-12-28,NWSA,18.25,18.38999938964844,17.940000534057617,17.950000762939453,17.491058349609375,1646100
2022-12-28,NWSA,18.25,18.38999938964844,17.940000534057617,17.950000762939453,17.491058349609375,1646100
2022-12-29,NWSA,18.030000686645508,18.36000061035156,17.989999771118164,18.21999931335449,17.7541561126709,1461000
2022-12-29,NWSA,18.030000686645508,18.36000061035156,17.989999771118164,18.21999931335449,17.7541561126709,1461000
2022-12-30,NWSA,18.030000686645508,18.209999084472656,17.950000762939453,18.200000762939453,17.73466682434082,1859900
2022-12-30,NWSA,18.030000686645508,18.209999084472656,17.950000762939453,18.200000762939453,17.73466682434082,1859900
2023-01-03,NWSA,18.3700008392334,18.549999237060547,18.07999992370605,18.299999237060547,17.832107543945312,1859200
2023-01-03,NWSA,18.3700008392334,18.549999237060547,18.07999992370605,18.299999237060547,17.832107543945312,1859200
2023-01-04,NWSA,18.530000686645508,19.01000022888184,18.350000381469727,18.979999542236328,18.49472045898437,2519200
2023-01-04,NWSA,18.530000686645508,19.01000022888184,18.350000381469727,18.979999542236328,18.49472045898437,2519200
2023-01-05,NWSA,18.88999938964844,18.920000076293945,18.549999237060547,18.68000030517578,18.202392578125,1439000
2023-01-05,NWSA,18.88999938964844,18.920000076293945,18.549999237060547,18.68000030517578,18.202392578125,1439000
2023-01-06,NWSA,18.90999984741211,19.06999969482422,18.6299991607666,19.0,18.51421356201172,1699300
2023-01-06,NWSA,18.90999984741211,19.06999969482422,18.6299991607666,19.0,18.51421356201172,1699300
2023-01-09,NWSA,19.100000381469727,19.350000381469727,18.979999542236328,19.06999969482422,18.582422256469727,1504300
2023-01-09,NWSA,19.100000381469727,19.350000381469727,18.979999542236328,19.06999969482422,18.582422256469727,1504300
2023-01-10,NWSA,19.040000915527344,19.399999618530277,18.88999938964844,19.38999938964844,18.89424133300781,1419100
2023-01-10,NWSA,19.040000915527344,19.399999618530277,18.88999938964844,19.38999938964844,18.89424133300781,1419100
2023-01-11,NWSA,19.38999938964844,19.450000762939453,19.020000457763672,19.309999465942383,18.816286087036133,2293500
2023-01-11,NWSA,19.38999938964844,19.450000762939453,19.020000457763672,19.309999465942383,18.816286087036133,2293500
2023-01-12,NWSA,19.34000015258789,19.450000762939453,19.190000534057617,19.350000381469727,18.85526466369629,1658200
2023-01-12,NWSA,19.34000015258789,19.450000762939453,19.190000534057617,19.350000381469727,18.85526466369629,1658200
2023-01-13,NWSA,19.13999938964844,19.46999931335449,19.1299991607666,19.459999084472656,18.962451934814453,1605600
2023-01-13,NWSA,19.13999938964844,19.46999931335449,19.1299991607666,19.459999084472656,18.962451934814453,1605600
2023-01-17,NWSA,19.43000030517578,19.51000022888184,19.170000076293945,19.270000457763672,18.77731132507324,1824600
2023-01-17,NWSA,19.43000030517578,19.51000022888184,19.170000076293945,19.270000457763672,18.77731132507324,1824600
2023-01-18,NWSA,19.34000015258789,19.399999618530277,18.799999237060547,18.8700008392334,18.38753700256348,2078400
2023-01-18,NWSA,19.34000015258789,19.399999618530277,18.799999237060547,18.8700008392334,18.38753700256348,2078400
2023-01-19,NWSA,18.729999542236328,18.799999237060547,18.51000022888184,18.709999084472656,18.231624603271484,1806700
2023-01-19,NWSA,18.729999542236328,18.799999237060547,18.51000022888184,18.709999084472656,18.231624603271484,1806700
2023-01-20,NWSA,18.770000457763672,19.299999237060547,18.63999938964844,19.26000022888184,18.76756477355957,1807700
2023-01-20,NWSA,18.770000457763672,19.299999237060547,18.63999938964844,19.26000022888184,18.76756477355957,1807700
2023-01-23,NWSA,19.299999237060547,19.56999969482422,19.170000076293945,19.549999237060547,19.050148010253903,1272900
2023-01-23,NWSA,19.299999237060547,19.56999969482422,19.170000076293945,19.549999237060547,19.050148010253903,1272900
2023-01-24,NWSA,19.479999542236328,19.559999465942383,19.270000457763672,19.530000686645508,19.03066062927246,1489900
2023-01-24,NWSA,19.479999542236328,19.559999465942383,19.270000457763672,19.530000686645508,19.03066062927246,1489900
2023-01-25,NWSA,20.51000022888184,21.280000686645508,20.420000076293945,20.63999938964844,20.112279891967773,9544600
2023-01-25,NWSA,20.51000022888184,21.280000686645508,20.420000076293945,20.63999938964844,20.112279891967773,9544600
2023-01-26,NWSA,20.6299991607666,20.81999969482422,20.36000061035156,20.71999931335449,20.190235137939453,3052500
2023-01-26,NWSA,20.6299991607666,20.81999969482422,20.36000061035156,20.71999931335449,20.190235137939453,3052500
2023-01-27,NWSA,20.700000762939453,20.780000686645508,20.450000762939453,20.520000457763672,19.995349884033203,2873400
2023-01-27,NWSA,20.700000762939453,20.780000686645508,20.450000762939453,20.520000457763672,19.995349884033203,2873400
2023-01-30,NWSA,20.290000915527344,20.420000076293945,20.049999237060547,20.170000076293945,19.654296875,3404000
2023-01-30,NWSA,20.290000915527344,20.420000076293945,20.049999237060547,20.170000076293945,19.654296875,3404000
2023-01-31,NWSA,20.15999984741211,20.290000915527344,20.100000381469727,20.26000022888184,19.74199676513672,2798000
2023-01-31,NWSA,20.15999984741211,20.290000915527344,20.100000381469727,20.26000022888184,19.74199676513672,2798000
2023-02-01,NWSA,20.26000022888184,20.75,19.899999618530277,20.71999931335449,20.190235137939453,3252800
2023-02-01,NWSA,20.26000022888184,20.75,19.899999618530277,20.71999931335449,20.190235137939453,3252800
2023-02-02,NWSA,20.940000534057617,21.690000534057617,20.8799991607666,21.46999931335449,20.92105865478516,3026000
2023-02-02,NWSA,20.940000534057617,21.690000534057617,20.8799991607666,21.46999931335449,20.92105865478516,3026000
2023-02-03,NWSA,21.209999084472656,21.40999984741211,21.01000022888184,21.170000076293945,20.62873077392578,2510600
2023-02-03,NWSA,21.209999084472656,21.40999984741211,21.01000022888184,21.170000076293945,20.62873077392578,2510600
2023-02-06,NWSA,20.959999084472656,21.040000915527344,20.59000015258789,20.770000457763672,20.238956451416016,2127800
2023-02-06,NWSA,20.959999084472656,21.040000915527344,20.59000015258789,20.770000457763672,20.238956451416016,2127800
2023-02-07,NWSA,20.690000534057617,21.01000022888184,20.51000022888184,20.90999984741211,20.375377655029297,1771900
2023-02-07,NWSA,20.690000534057617,21.01000022888184,20.51000022888184,20.90999984741211,20.375377655029297,1771900
2023-02-08,NWSA,20.790000915527344,21.18000030517578,20.739999771118164,20.8799991607666,20.34614372253418,2228800
2023-02-08,NWSA,20.790000915527344,21.18000030517578,20.739999771118164,20.8799991607666,20.34614372253418,2228800
2023-02-09,NWSA,21.09000015258789,21.09000015258789,20.540000915527344,20.59000015258789,20.063560485839844,2655300
2023-02-09,NWSA,21.09000015258789,21.09000015258789,20.540000915527344,20.59000015258789,20.063560485839844,2655300
2023-02-10,NWSA,19.649999618530277,19.739999771118164,18.61000061035156,18.65999984741211,18.182905197143555,8312600
2023-02-10,NWSA,19.649999618530277,19.739999771118164,18.61000061035156,18.65999984741211,18.182905197143555,8312600
2023-02-13,NWSA,18.6299991607666,18.979999542236328,18.489999771118164,18.8700008392334,18.38753700256348,3645300
2023-02-13,NWSA,18.6299991607666,18.979999542236328,18.489999771118164,18.8700008392334,18.38753700256348,3645300
2023-02-14,NWSA,18.780000686645508,18.90999984741211,18.5,18.81999969482422,18.338815689086918,2986600
2023-02-14,NWSA,18.780000686645508,18.90999984741211,18.5,18.81999969482422,18.338815689086918,2986600
2023-02-15,NWSA,18.739999771118164,19.15999984741211,18.649999618530277,19.13999938964844,18.650632858276367,2801800
2023-02-15,NWSA,18.739999771118164,19.15999984741211,18.649999618530277,19.13999938964844,18.650632858276367,2801800
2023-02-16,NWSA,18.8700008392334,19.059999465942383,18.68000030517578,18.700000762939453,18.22188377380371,2459100
2023-02-16,NWSA,18.8700008392334,19.059999465942383,18.68000030517578,18.700000762939453,18.22188377380371,2459100
2023-02-17,NWSA,18.68000030517578,19.01000022888184,18.540000915527344,19.0,18.51421356201172,2682700
2023-02-17,NWSA,18.68000030517578,19.01000022888184,18.540000915527344,19.0,18.51421356201172,2682700
2023-02-21,NWSA,18.75,18.8799991607666,18.239999771118164,18.26000022888184,17.793134689331055,2353700
2023-02-21,NWSA,18.75,18.8799991607666,18.239999771118164,18.26000022888184,17.793134689331055,2353700
2023-02-22,NWSA,17.799999237060547,17.8799991607666,17.329999923706055,17.68000030517578,17.22796058654785,4609700
2023-02-22,NWSA,17.799999237060547,17.8799991607666,17.329999923706055,17.68000030517578,17.22796058654785,4609700
2023-02-23,NWSA,17.6299991607666,17.719999313354492,17.329999923706055,17.5,17.052562713623047,2130100
2023-02-23,NWSA,17.6299991607666,17.719999313354492,17.329999923706055,17.5,17.052562713623047,2130100
2023-02-24,NWSA,17.149999618530273,17.450000762939453,17.0,17.440000534057617,16.99410057067871,2722000
2023-02-24,NWSA,17.149999618530273,17.450000762939453,17.0,17.440000534057617,16.99410057067871,2722000
2023-02-27,NWSA,17.549999237060547,17.549999237060547,17.25,17.270000457763672,16.828445434570312,2146000
2023-02-27,NWSA,17.549999237060547,17.549999237060547,17.25,17.270000457763672,16.828445434570312,2146000
2023-02-28,NWSA,17.239999771118164,17.329999923706055,17.059999465942383,17.149999618530273,16.711511611938477,3739400
2023-02-28,NWSA,17.239999771118164,17.329999923706055,17.059999465942383,17.149999618530273,16.711511611938477,3739400
2023-03-01,NWSA,17.010000228881836,17.09000015258789,16.84000015258789,16.920000076293945,16.487394332885742,2607100
2023-03-01,NWSA,17.010000228881836,17.09000015258789,16.84000015258789,16.920000076293945,16.487394332885742,2607100
2023-03-02,NWSA,16.81999969482422,17.280000686645508,16.790000915527344,17.260000228881836,16.81869888305664,2123500
2023-03-02,NWSA,16.81999969482422,17.280000686645508,16.790000915527344,17.260000228881836,16.81869888305664,2123500
2023-03-03,NWSA,17.329999923706055,17.360000610351562,17.1299991607666,17.260000228881836,16.81869888305664,2256700
2023-03-03,NWSA,17.329999923706055,17.360000610351562,17.1299991607666,17.260000228881836,16.81869888305664,2256700
2023-03-06,NWSA,17.309999465942383,17.43000030517578,16.969999313354492,17.030000686645508,16.594579696655273,3163900
2023-03-06,NWSA,17.309999465942383,17.43000030517578,16.969999313354492,17.030000686645508,16.594579696655273,3163900
2023-03-07,NWSA,17.020000457763672,17.1299991607666,16.829999923706055,16.860000610351562,16.42892837524414,2696200
2023-03-07,NWSA,17.020000457763672,17.1299991607666,16.829999923706055,16.860000610351562,16.42892837524414,2696200
2023-03-08,NWSA,16.899999618530273,16.989999771118164,16.68000030517578,16.770000457763672,16.341230392456055,2907900
2023-03-08,NWSA,16.899999618530273,16.989999771118164,16.68000030517578,16.770000457763672,16.341230392456055,2907900
2023-03-09,NWSA,16.770000457763672,16.84000015258789,16.270000457763672,16.290000915527344,15.87350368499756,3382300
2023-03-09,NWSA,16.770000457763672,16.84000015258789,16.270000457763672,16.290000915527344,15.87350368499756,3382300
2023-03-10,NWSA,16.219999313354492,16.229999542236328,15.739999771118164,16.010000228881836,15.600661277770996,3741400
2023-03-10,NWSA,16.219999313354492,16.229999542236328,15.739999771118164,16.010000228881836,15.600661277770996,3741400
2023-03-13,NWSA,15.920000076293944,15.920000076293944,15.579999923706056,15.600000381469728,15.201144218444824,3972700
2023-03-13,NWSA,15.920000076293944,15.920000076293944,15.579999923706056,15.600000381469728,15.201144218444824,3972700
2023-03-14,NWSA,15.880000114440918,15.960000038146973,15.640000343322754,15.90999984741211,15.603236198425291,5555000
2023-03-14,NWSA,15.880000114440918,15.960000038146973,15.640000343322754,15.90999984741211,15.603236198425291,5555000
2023-03-15,NWSA,15.640000343322754,15.93000030517578,15.59000015258789,15.920000076293944,15.613044738769531,3860000
2023-03-15,NWSA,15.640000343322754,15.93000030517578,15.59000015258789,15.920000076293944,15.613044738769531,3860000
2023-03-16,NWSA,15.800000190734863,16.290000915527344,15.710000038146973,16.239999771118164,15.926873207092283,3160300
2023-03-16,NWSA,15.800000190734863,16.290000915527344,15.710000038146973,16.239999771118164,15.926873207092283,3160300
2023-03-17,NWSA,16.170000076293945,16.200000762939453,15.90999984741211,15.90999984741211,15.603236198425291,4593400
2023-03-17,NWSA,16.170000076293945,16.200000762939453,15.90999984741211,15.90999984741211,15.603236198425291,4593400
2023-03-20,NWSA,15.920000076293944,16.110000610351562,15.84000015258789,16.06999969482422,15.760151863098145,2186400
2023-03-20,NWSA,15.920000076293944,16.110000610351562,15.84000015258789,16.06999969482422,15.760151863098145,2186400
2023-03-21,NWSA,16.280000686645508,16.3700008392334,16.170000076293945,16.209999084472656,15.89745044708252,3371400
2023-03-21,NWSA,16.280000686645508,16.3700008392334,16.170000076293945,16.209999084472656,15.89745044708252,3371400
2023-03-22,NWSA,16.170000076293945,16.260000228881836,15.8100004196167,15.829999923706056,15.5247802734375,2495000
2023-03-22,NWSA,16.170000076293945,16.260000228881836,15.8100004196167,15.829999923706056,15.5247802734375,2495000
2023-03-23,NWSA,15.899999618530272,16.290000915527344,15.899999618530272,16.18000030517578,15.868032455444336,6234800
2023-03-23,NWSA,15.899999618530272,16.290000915527344,15.899999618530272,16.18000030517578,15.868032455444336,6234800
2023-03-24,NWSA,16.09000015258789,16.25,15.880000114440918,16.219999313354492,15.90726089477539,2939100
2023-03-24,NWSA,16.09000015258789,16.25,15.880000114440918,16.219999313354492,15.90726089477539,2939100
2023-03-27,NWSA,16.399999618530273,16.56999969482422,16.350000381469727,16.489999771118164,16.17205238342285,3261100
2023-03-27,NWSA,16.399999618530273,16.56999969482422,16.350000381469727,16.489999771118164,16.17205238342285,3261100
2023-03-28,NWSA,16.450000762939453,16.6200008392334,16.360000610351562,16.600000381469727,16.27993392944336,2194500
2023-03-28,NWSA,16.450000762939453,16.6200008392334,16.360000610351562,16.600000381469727,16.27993392944336,2194500
2023-03-29,NWSA,16.780000686645508,16.969999313354492,16.700000762939453,16.93000030517578,16.60356903076172,1986600
2023-03-29,NWSA,16.780000686645508,16.969999313354492,16.700000762939453,16.93000030517578,16.60356903076172,1986600
2023-03-30,NWSA,16.969999313354492,17.170000076293945,16.90999984741211,16.969999313354492,16.642797470092773,2254200
2023-03-30,NWSA,16.969999313354492,17.170000076293945,16.90999984741211,16.969999313354492,16.642797470092773,2254200
2023-03-31,NWSA,17.040000915527344,17.290000915527344,16.979999542236328,17.270000457763672,16.937013626098633,2158700
2023-03-31,NWSA,17.040000915527344,17.290000915527344,16.979999542236328,17.270000457763672,16.937013626098633,2158700
2023-04-03,NWSA,17.170000076293945,17.479999542236328,17.170000076293945,17.420000076293945,17.084125518798828,2854200
2023-04-03,NWSA,17.170000076293945,17.479999542236328,17.170000076293945,17.420000076293945,17.084125518798828,2854200
2023-04-04,NWSA,17.5,17.65999984741211,17.219999313354492,17.31999969482422,16.986051559448242,3256100
2023-04-04,NWSA,17.5,17.65999984741211,17.219999313354492,17.31999969482422,16.986051559448242,3256100
2023-04-05,NWSA,17.260000228881836,17.350000381469727,17.040000915527344,17.31999969482422,16.986051559448242,3128400
2023-04-05,NWSA,17.260000228881836,17.350000381469727,17.040000915527344,17.31999969482422,16.986051559448242,3128400
2023-04-06,NWSA,17.270000457763672,17.3700008392334,17.1299991607666,17.270000457763672,16.937013626098633,1987100
2023-04-06,NWSA,17.270000457763672,17.3700008392334,17.1299991607666,17.270000457763672,16.937013626098633,1987100
2023-04-10,NWSA,17.1299991607666,17.420000076293945,17.1299991607666,17.399999618530273,17.06450653076172,1380800
2023-04-10,NWSA,17.1299991607666,17.420000076293945,17.1299991607666,17.399999618530273,17.06450653076172,1380800
2023-04-11,NWSA,17.40999984741211,17.65999984741211,17.399999618530273,17.600000381469727,17.260652542114258,1596800
2023-04-11,NWSA,17.40999984741211,17.65999984741211,17.399999618530273,17.600000381469727,17.260652542114258,1596800
2023-04-12,NWSA,17.780000686645508,17.829999923706055,17.270000457763672,17.299999237060547,16.966434478759766,2766600
2023-04-12,NWSA,17.780000686645508,17.829999923706055,17.270000457763672,17.299999237060547,16.966434478759766,2766600
2023-04-13,NWSA,17.280000686645508,17.670000076293945,17.280000686645508,17.6200008392334,17.28026580810547,2119800
2023-04-13,NWSA,17.280000686645508,17.670000076293945,17.280000686645508,17.6200008392334,17.28026580810547,2119800
2023-04-14,NWSA,17.559999465942383,17.719999313354492,17.290000915527344,17.399999618530273,17.06450653076172,1367000
2023-04-14,NWSA,17.559999465942383,17.719999313354492,17.290000915527344,17.399999618530273,17.06450653076172,1367000
2023-04-17,NWSA,17.360000610351562,17.450000762939453,17.170000076293945,17.31999969482422,16.986051559448242,2379600
2023-04-17,NWSA,17.360000610351562,17.450000762939453,17.170000076293945,17.31999969482422,16.986051559448242,2379600
2023-04-18,NWSA,17.399999618530273,17.469999313354492,17.219999313354492,17.270000457763672,16.937013626098633,2857000
2023-04-18,NWSA,17.399999618530273,17.469999313354492,17.219999313354492,17.270000457763672,16.937013626098633,2857000
2023-04-19,NWSA,17.15999984741211,17.5,17.059999465942383,17.399999618530273,17.06450653076172,2053200
2023-04-19,NWSA,17.15999984741211,17.5,17.059999465942383,17.399999618530273,17.06450653076172,2053200
2023-04-20,NWSA,17.329999923706055,17.489999771118164,17.260000228881836,17.270000457763672,16.937013626098633,2164600
2023-04-20,NWSA,17.329999923706055,17.489999771118164,17.260000228881836,17.270000457763672,16.937013626098633,2164600
2023-04-21,NWSA,17.31999969482422,17.389999389648438,17.200000762939453,17.280000686645508,16.946823120117188,1889200
2023-04-21,NWSA,17.31999969482422,17.389999389648438,17.200000762939453,17.280000686645508,16.946823120117188,1889200
2023-04-24,NWSA,17.290000915527344,17.3799991607666,17.09000015258789,17.25,16.917400360107422,1288200
2023-04-24,NWSA,17.290000915527344,17.3799991607666,17.09000015258789,17.25,16.917400360107422,1288200
2023-04-25,NWSA,17.06999969482422,17.110000610351562,16.790000915527344,16.899999618530273,16.574146270751953,2749400
2023-04-25,NWSA,17.06999969482422,17.110000610351562,16.790000915527344,16.899999618530273,16.574146270751953,2749400
2023-04-26,NWSA,16.899999618530273,17.040000915527344,16.600000381469727,16.649999618530273,16.328969955444336,1739900
2023-04-26,NWSA,16.899999618530273,17.040000915527344,16.600000381469727,16.649999618530273,16.328969955444336,1739900
2023-04-27,NWSA,16.760000228881836,17.170000076293945,16.59000015258789,17.149999618530273,16.81932830810547,1773800
2023-04-27,NWSA,16.760000228881836,17.170000076293945,16.59000015258789,17.149999618530273,16.81932830810547,1773800
2023-04-28,NWSA,17.15999984741211,17.610000610351562,17.100000381469727,17.610000610351562,17.270462036132812,2754000
2023-04-28,NWSA,17.15999984741211,17.610000610351562,17.100000381469727,17.610000610351562,17.270462036132812,2754000
2023-05-01,NWSA,17.520000457763672,17.65999984741211,17.329999923706055,17.3700008392334,17.03508758544922,1824000
2023-05-01,NWSA,17.520000457763672,17.65999984741211,17.329999923706055,17.3700008392334,17.03508758544922,1824000
2023-05-02,NWSA,17.309999465942383,17.309999465942383,16.729999542236328,16.979999542236328,16.652606964111328,2267700
2023-05-02,NWSA,17.309999465942383,17.309999465942383,16.729999542236328,16.979999542236328,16.652606964111328,2267700
2023-05-03,NWSA,17.049999237060547,17.270000457763672,17.020000457763672,17.030000686645508,16.701642990112305,1847000
2023-05-03,NWSA,17.049999237060547,17.270000457763672,17.020000457763672,17.030000686645508,16.701642990112305,1847000
2023-05-04,NWSA,16.799999237060547,17.0,16.639999389648438,16.719999313354492,16.39761734008789,5698800
2023-05-04,NWSA,16.799999237060547,17.0,16.639999389648438,16.719999313354492,16.39761734008789,5698800
2023-05-05,NWSA,16.93000030517578,17.18000030517578,16.81999969482422,17.1200008392334,16.789905548095703,1684000
2023-05-05,NWSA,16.93000030517578,17.18000030517578,16.81999969482422,17.1200008392334,16.789905548095703,1684000
2023-05-08,NWSA,17.149999618530273,17.229999542236328,17.0,17.139999389648438,16.809520721435547,1127700
2023-05-08,NWSA,17.149999618530273,17.229999542236328,17.0,17.139999389648438,16.809520721435547,1127700
2023-05-09,NWSA,17.100000381469727,17.100000381469727,16.850000381469727,16.93000030517578,16.60356903076172,2008500
2023-05-09,NWSA,17.100000381469727,17.100000381469727,16.850000381469727,16.93000030517578,16.60356903076172,2008500
2023-05-10,NWSA,17.149999618530273,17.25,16.350000381469727,16.65999984741211,16.338777542114258,3342200
2023-05-10,NWSA,17.149999618530273,17.25,16.350000381469727,16.65999984741211,16.338777542114258,3342200
2023-05-11,NWSA,16.610000610351562,16.790000915527344,16.399999618530273,16.739999771118164,16.417234420776367,3907300
2023-05-11,NWSA,16.610000610351562,16.790000915527344,16.399999618530273,16.739999771118164,16.417234420776367,3907300
2023-05-12,NWSA,18.239999771118164,18.6299991607666,17.59000015258789,18.15999984741211,17.80985450744629,5659800
2023-05-12,NWSA,18.239999771118164,18.6299991607666,17.59000015258789,18.15999984741211,17.80985450744629,5659800
2023-05-15,NWSA,18.309999465942383,18.82999992370605,18.25,18.770000457763672,18.40809440612793,4224400
2023-05-15,NWSA,18.309999465942383,18.82999992370605,18.25,18.770000457763672,18.40809440612793,4224400
2023-05-16,NWSA,18.670000076293945,18.670000076293945,18.200000762939453,18.3700008392334,18.01580810546875,2721200
2023-05-16,NWSA,18.670000076293945,18.670000076293945,18.200000762939453,18.3700008392334,18.01580810546875,2721200
2023-05-17,NWSA,18.520000457763672,18.739999771118164,18.239999771118164,18.71999931335449,18.35905647277832,2276900
2023-05-17,NWSA,18.520000457763672,18.739999771118164,18.239999771118164,18.71999931335449,18.35905647277832,2276900
2023-05-18,NWSA,18.71999931335449,18.809999465942383,18.520000457763672,18.770000457763672,18.40809440612793,1714600
2023-05-18,NWSA,18.71999931335449,18.809999465942383,18.520000457763672,18.770000457763672,18.40809440612793,1714600
2023-05-19,NWSA,18.84000015258789,18.84000015258789,18.51000022888184,18.57999992370605,18.221755981445312,1420100
2023-05-19,NWSA,18.84000015258789,18.84000015258789,18.51000022888184,18.57999992370605,18.221755981445312,1420100
2023-05-22,NWSA,18.63999938964844,18.75,18.420000076293945,18.530000686645508,18.17272186279297,1772000
2023-05-22,NWSA,18.63999938964844,18.75,18.420000076293945,18.530000686645508,18.17272186279297,1772000
2023-05-23,NWSA,18.420000076293945,18.61000061035156,18.36000061035156,18.3700008392334,18.01580810546875,1633800
2023-05-23,NWSA,18.420000076293945,18.61000061035156,18.36000061035156,18.3700008392334,18.01580810546875,1633800
2023-05-24,NWSA,18.239999771118164,18.34000015258789,18.100000381469727,18.21999931335449,17.868698120117188,1625700
2023-05-24,NWSA,18.239999771118164,18.34000015258789,18.100000381469727,18.21999931335449,17.868698120117188,1625700
2023-05-25,NWSA,18.21999931335449,18.43000030517578,18.13999938964844,18.229999542236328,17.878503799438477,2051900
2023-05-25,NWSA,18.21999931335449,18.43000030517578,18.13999938964844,18.229999542236328,17.878503799438477,2051900
2023-05-26,NWSA,18.31999969482422,18.56999969482422,18.200000762939453,18.540000915527344,18.182527542114254,1754700
2023-05-26,NWSA,18.31999969482422,18.56999969482422,18.200000762939453,18.540000915527344,18.182527542114254,1754700
2023-05-30,NWSA,18.690000534057617,18.81999969482422,18.61000061035156,18.780000686645508,18.41790199279785,1818800
2023-05-30,NWSA,18.690000534057617,18.81999969482422,18.61000061035156,18.780000686645508,18.41790199279785,1818800
2023-05-31,NWSA,18.700000762939453,18.709999084472656,18.170000076293945,18.309999465942383,17.95696258544922,3598100
2023-05-31,NWSA,18.700000762939453,18.709999084472656,18.170000076293945,18.309999465942383,17.95696258544922,3598100
2023-06-01,NWSA,18.420000076293945,18.700000762939453,18.239999771118164,18.690000534057617,18.329635620117188,2285300
2023-06-01,NWSA,18.420000076293945,18.700000762939453,18.239999771118164,18.690000534057617,18.329635620117188,2285300
2023-06-02,NWSA,18.81999969482422,18.96999931335449,18.57999992370605,18.799999237060547,18.43751335144043,1902100
2023-06-02,NWSA,18.81999969482422,18.96999931335449,18.57999992370605,18.799999237060547,18.43751335144043,1902100
2023-06-05,NWSA,18.76000022888184,18.8700008392334,18.59000015258789,18.6299991607666,18.27079391479492,2224400
2023-06-05,NWSA,18.76000022888184,18.8700008392334,18.59000015258789,18.6299991607666,18.27079391479492,2224400
2023-06-06,NWSA,18.649999618530277,18.979999542236328,18.59000015258789,18.950000762939453,18.584623336791992,2168700
2023-06-06,NWSA,18.649999618530277,18.979999542236328,18.59000015258789,18.950000762939453,18.584623336791992,2168700
2023-06-07,NWSA,18.989999771118164,19.459999084472656,18.920000076293945,19.43000030517578,19.055370330810547,4897000
2023-06-07,NWSA,18.989999771118164,19.459999084472656,18.920000076293945,19.43000030517578,19.055370330810547,4897000
2023-06-08,NWSA,19.3799991607666,19.420000076293945,18.979999542236328,19.200000762939453,18.82979965209961,2363500
2023-06-08,NWSA,19.3799991607666,19.420000076293945,18.979999542236328,19.200000762939453,18.82979965209961,2363500
2023-06-09,NWSA,19.229999542236328,19.26000022888184,19.020000457763672,19.209999084472656,18.8396110534668,1783400
2023-06-09,NWSA,19.229999542236328,19.26000022888184,19.020000457763672,19.209999084472656,18.8396110534668,1783400
2023-06-12,NWSA,19.200000762939453,19.280000686645508,18.950000762939453,19.0,18.6336612701416,4302600
2023-06-12,NWSA,19.200000762939453,19.280000686645508,18.950000762939453,19.0,18.6336612701416,4302600
2023-06-13,NWSA,19.049999237060547,19.520000457763672,19.049999237060547,19.40999984741211,19.03575325012207,2540700
2023-06-13,NWSA,19.049999237060547,19.520000457763672,19.049999237060547,19.40999984741211,19.03575325012207,2540700
2023-06-14,NWSA,19.459999084472656,19.700000762939453,19.18000030517578,19.26000022888184,18.888647079467773,2181200
2023-06-14,NWSA,19.459999084472656,19.700000762939453,19.18000030517578,19.26000022888184,18.888647079467773,2181200
2023-06-15,NWSA,19.25,19.57999992370605,19.18000030517578,19.51000022888184,19.133825302124023,2395400
2023-06-15,NWSA,19.25,19.57999992370605,19.18000030517578,19.51000022888184,19.133825302124023,2395400
2023-06-16,NWSA,19.65999984741211,19.690000534057617,19.43000030517578,19.56999969482422,19.19266700744629,3909900
2023-06-16,NWSA,19.65999984741211,19.690000534057617,19.43000030517578,19.56999969482422,19.19266700744629,3909900
2023-06-20,NWSA,19.399999618530277,19.51000022888184,19.07999992370605,19.09000015258789,18.721921920776367,1672000
2023-06-20,NWSA,19.399999618530277,19.51000022888184,19.07999992370605,19.09000015258789,18.721921920776367,1672000
2023-06-21,NWSA,19.06999969482422,19.299999237060547,18.93000030517578,19.270000457763672,18.898452758789062,1668600
2023-06-21,NWSA,19.06999969482422,19.299999237060547,18.93000030517578,19.270000457763672,18.898452758789062,1668600
2023-06-22,NWSA,19.229999542236328,19.270000457763672,18.809999465942383,18.84000015258789,18.47674369812012,1163600
2023-06-22,NWSA,19.229999542236328,19.270000457763672,18.809999465942383,18.84000015258789,18.47674369812012,1163600
2023-06-23,NWSA,18.63999938964844,18.899999618530277,18.59000015258789,18.76000022888184,18.398286819458008,2228600
2023-06-23,NWSA,18.63999938964844,18.899999618530277,18.59000015258789,18.76000022888184,18.398286819458008,2228600
2023-06-26,NWSA,18.81999969482422,19.0,18.75,18.940000534057617,18.57481384277344,1178000
2023-06-26,NWSA,18.81999969482422,19.0,18.75,18.940000534057617,18.57481384277344,1178000
2023-06-27,NWSA,18.950000762939453,19.3799991607666,18.899999618530277,19.229999542236328,18.85922241210937,1286800
2023-06-27,NWSA,18.950000762939453,19.3799991607666,18.899999618530277,19.229999542236328,18.85922241210937,1286800
2023-06-28,NWSA,19.200000762939453,19.56999969482422,19.190000534057617,19.530000686645508,19.153438568115234,1905500
2023-06-28,NWSA,19.200000762939453,19.56999969482422,19.190000534057617,19.530000686645508,19.153438568115234,1905500
2023-06-29,NWSA,19.530000686645508,19.68000030517578,19.450000762939453,19.530000686645508,19.153438568115234,1172000
2023-06-29,NWSA,19.530000686645508,19.68000030517578,19.450000762939453,19.530000686645508,19.153438568115234,1172000
2023-06-30,NWSA,19.71999931335449,19.729999542236328,19.46999931335449,19.5,19.124021530151367,1497500
2023-06-30,NWSA,19.71999931335449,19.729999542236328,19.46999931335449,19.5,19.124021530151367,1497500
2023-07-03,NWSA,19.420000076293945,19.61000061035156,19.32999992370605,19.549999237060547,19.17305374145508,1123000
2023-07-03,NWSA,19.420000076293945,19.61000061035156,19.32999992370605,19.549999237060547,19.17305374145508,1123000
2023-07-05,NWSA,19.399999618530277,19.530000686645508,19.200000762939453,19.5,19.124021530151367,2286700
2023-07-05,NWSA,19.399999618530277,19.530000686645508,19.200000762939453,19.5,19.124021530151367,2286700
2023-07-06,NWSA,19.299999237060547,19.520000457763672,18.979999542236328,19.489999771118164,19.114208221435547,2412900
2023-07-06,NWSA,19.299999237060547,19.520000457763672,18.979999542236328,19.489999771118164,19.114208221435547,2412900
2023-07-07,NWSA,19.440000534057617,19.8700008392334,19.40999984741211,19.709999084472656,19.329967498779297,2559100
2023-07-07,NWSA,19.440000534057617,19.8700008392334,19.40999984741211,19.709999084472656,19.329967498779297,2559100
2023-07-10,NWSA,19.600000381469727,19.809999465942383,19.489999771118164,19.56999969482422,19.19266700744629,1791000
2023-07-10,NWSA,19.600000381469727,19.809999465942383,19.489999771118164,19.56999969482422,19.19266700744629,1791000
2023-07-11,NWSA,19.68000030517578,19.93000030517578,19.479999542236328,19.920000076293945,19.535919189453125,1780100
2023-07-11,NWSA,19.68000030517578,19.93000030517578,19.479999542236328,19.920000076293945,19.535919189453125,1780100
2023-07-12,NWSA,20.15999984741211,20.40999984741211,20.100000381469727,20.15999984741211,19.77129364013672,2168400
2023-07-12,NWSA,20.15999984741211,20.40999984741211,20.100000381469727,20.15999984741211,19.77129364013672,2168400
2023-07-13,NWSA,20.280000686645508,20.36000061035156,20.190000534057617,20.32999992370605,19.938013076782227,1356700
2023-07-13,NWSA,20.280000686645508,20.36000061035156,20.190000534057617,20.32999992370605,19.938013076782227,1356700
2023-07-14,NWSA,20.34000015258789,20.3799991607666,20.030000686645508,20.209999084472656,19.820327758789062,1308100
2023-07-14,NWSA,20.34000015258789,20.3799991607666,20.030000686645508,20.209999084472656,19.820327758789062,1308100
2023-07-17,NWSA,20.18000030517578,20.46999931335449,20.040000915527344,20.399999618530277,20.006664276123047,1699300
2023-07-17,NWSA,20.18000030517578,20.46999931335449,20.040000915527344,20.399999618530277,20.006664276123047,1699300
2023-07-18,NWSA,20.36000061035156,20.700000762939453,20.36000061035156,20.59000015258789,20.19300079345703,1893600
2023-07-18,NWSA,20.36000061035156,20.700000762939453,20.36000061035156,20.59000015258789,20.19300079345703,1893600
2023-07-19,NWSA,20.549999237060547,20.56999969482422,20.11000061035156,20.149999618530277,19.761484146118164,2026400
2023-07-19,NWSA,20.549999237060547,20.56999969482422,20.11000061035156,20.149999618530277,19.761484146118164,2026400
2023-07-20,NWSA,20.1200008392334,20.200000762939453,19.739999771118164,19.8799991607666,19.49669075012207,2424500
2023-07-20,NWSA,20.1200008392334,20.200000762939453,19.739999771118164,19.8799991607666,19.49669075012207,2424500
2023-07-21,NWSA,19.959999084472656,19.96999931335449,19.61000061035156,19.649999618530277,19.27112579345703,2572300
2023-07-21,NWSA,19.959999084472656,19.96999931335449,19.61000061035156,19.649999618530277,19.27112579345703,2572300
2023-07-24,NWSA,19.649999618530277,19.790000915527344,19.280000686645508,19.34000015258789,18.967103958129883,2365500
2023-07-24,NWSA,19.649999618530277,19.790000915527344,19.280000686645508,19.34000015258789,18.967103958129883,2365500
2023-07-25,NWSA,19.299999237060547,19.40999984741211,19.18000030517578,19.290000915527344,18.918067932128903,2261800
2023-07-25,NWSA,19.299999237060547,19.40999984741211,19.18000030517578,19.290000915527344,18.918067932128903,2261800
2023-07-26,NWSA,19.270000457763672,19.46999931335449,19.09000015258789,19.200000762939453,18.82979965209961,1495300
2023-07-26,NWSA,19.270000457763672,19.46999931335449,19.09000015258789,19.200000762939453,18.82979965209961,1495300
2023-07-27,NWSA,19.450000762939453,19.549999237060547,19.200000762939453,19.270000457763672,18.898452758789062,2283400
2023-07-27,NWSA,19.450000762939453,19.549999237060547,19.200000762939453,19.270000457763672,18.898452758789062,2283400
2023-07-28,NWSA,19.559999465942383,19.559999465942383,19.200000762939453,19.3799991607666,19.006328582763672,1772200
2023-07-28,NWSA,19.559999465942383,19.559999465942383,19.200000762939453,19.3799991607666,19.006328582763672,1772200
2023-07-31,NWSA,19.3799991607666,19.8799991607666,19.3700008392334,19.81999969482422,19.43784713745117,3161700
2023-07-31,NWSA,19.3799991607666,19.8799991607666,19.3700008392334,19.81999969482422,19.43784713745117,3161700
2023-08-01,NWSA,19.68000030517578,19.950000762939453,19.520000457763672,19.809999465942383,19.42803955078125,2204300
2023-08-01,NWSA,19.68000030517578,19.950000762939453,19.520000457763672,19.809999465942383,19.42803955078125,2204300
2023-08-02,NWSA,19.700000762939453,19.729999542236328,19.38999938964844,19.65999984741211,19.280933380126957,1711000
2023-08-02,NWSA,19.700000762939453,19.729999542236328,19.38999938964844,19.65999984741211,19.280933380126957,1711000
2023-08-03,NWSA,19.489999771118164,19.81999969482422,19.420000076293945,19.709999084472656,19.329967498779297,2695900
2023-08-03,NWSA,19.489999771118164,19.81999969482422,19.420000076293945,19.709999084472656,19.329967498779297,2695900
2023-08-04,NWSA,19.700000762939453,20.270000457763672,19.68000030517578,19.8799991607666,19.49669075012207,2677600
2023-08-04,NWSA,19.700000762939453,20.270000457763672,19.68000030517578,19.8799991607666,19.49669075012207,2677600
2023-08-07,NWSA,20.030000686645508,20.36000061035156,19.979999542236328,20.209999084472656,19.820327758789062,2840300
2023-08-07,NWSA,20.030000686645508,20.36000061035156,19.979999542236328,20.209999084472656,19.820327758789062,2840300
2023-08-08,NWSA,20.07999992370605,20.38999938964844,20.0,20.3799991607666,19.98705101013184,3094400
2023-08-08,NWSA,20.07999992370605,20.38999938964844,20.0,20.3799991607666,19.98705101013184,3094400
2023-08-09,NWSA,20.440000534057617,20.59000015258789,20.21999931335449,20.34000015258789,19.94782447814941,2709200
2023-08-09,NWSA,20.440000534057617,20.59000015258789,20.21999931335449,20.34000015258789,19.94782447814941,2709200
2023-08-10,NWSA,20.46999931335449,20.61000061035156,20.1200008392334,20.309999465942383,19.918399810791016,4137600
2023-08-10,NWSA,20.46999931335449,20.61000061035156,20.1200008392334,20.309999465942383,19.918399810791016,4137600
2023-08-11,NWSA,20.63999938964844,21.290000915527344,20.40999984741211,21.239999771118164,20.830467224121094,4758200
2023-08-11,NWSA,20.63999938964844,21.290000915527344,20.40999984741211,21.239999771118164,20.830467224121094,4758200
2023-08-14,NWSA,21.229999542236328,21.649999618530277,21.059999465942383,21.6200008392334,21.203144073486328,3981100
2023-08-14,NWSA,21.229999542236328,21.649999618530277,21.059999465942383,21.6200008392334,21.203144073486328,3981100
2023-08-15,NWSA,21.34000015258789,21.38999938964844,20.86000061035156,20.90999984741211,20.50683212280273,2861500
2023-08-15,NWSA,21.34000015258789,21.38999938964844,20.86000061035156,20.90999984741211,20.50683212280273,2861500
2023-08-16,NWSA,20.96999931335449,21.530000686645508,20.940000534057617,21.11000061035156,20.70297622680664,3403000
2023-08-16,NWSA,20.96999931335449,21.530000686645508,20.940000534057617,21.11000061035156,20.70297622680664,3403000
2023-08-17,NWSA,21.149999618530277,21.21999931335449,20.76000022888184,20.780000686645508,20.37934112548828,3340100
2023-08-17,NWSA,21.149999618530277,21.21999931335449,20.76000022888184,20.780000686645508,20.37934112548828,3340100
2023-08-18,NWSA,20.68000030517578,20.850000381469727,20.61000061035156,20.76000022888184,20.35972213745117,1689100
2023-08-18,NWSA,20.68000030517578,20.850000381469727,20.61000061035156,20.76000022888184,20.35972213745117,1689100
2023-08-21,NWSA,20.780000686645508,20.8799991607666,20.36000061035156,20.59000015258789,20.19300079345703,2032100
2023-08-21,NWSA,20.780000686645508,20.8799991607666,20.36000061035156,20.59000015258789,20.19300079345703,2032100
2023-08-22,NWSA,20.56999969482422,20.8700008392334,20.549999237060547,20.65999984741211,20.26165008544922,2247200
2023-08-22,NWSA,20.56999969482422,20.8700008392334,20.549999237060547,20.65999984741211,20.26165008544922,2247200
2023-08-23,NWSA,20.690000534057617,20.959999084472656,20.670000076293945,20.8700008392334,20.46760368347168,1977600
2023-08-23,NWSA,20.690000534057617,20.959999084472656,20.670000076293945,20.8700008392334,20.46760368347168,1977600
2023-08-24,NWSA,20.790000915527344,21.059999465942383,20.63999938964844,20.63999938964844,20.242036819458008,1544600
2023-08-24,NWSA,20.790000915527344,21.059999465942383,20.63999938964844,20.63999938964844,20.242036819458008,1544600
2023-08-25,NWSA,20.600000381469727,20.88999938964844,20.59000015258789,20.739999771118164,20.340110778808597,1886000
2023-08-25,NWSA,20.600000381469727,20.88999938964844,20.59000015258789,20.739999771118164,20.340110778808597,1886000
2023-08-28,NWSA,20.790000915527344,21.06999969482422,20.790000915527344,20.88999938964844,20.48721694946289,1840500
2023-08-28,NWSA,20.790000915527344,21.06999969482422,20.790000915527344,20.88999938964844,20.48721694946289,1840500
2023-08-29,NWSA,20.899999618530277,21.270000457763672,20.84000015258789,21.21999931335449,20.810853958129883,1871100
2023-08-29,NWSA,20.899999618530277,21.270000457763672,20.84000015258789,21.21999931335449,20.810853958129883,1871100
2023-08-30,NWSA,21.200000762939453,21.399999618530277,21.15999984741211,21.32999992370605,20.91873359680176,2071000
2023-08-30,NWSA,21.200000762939453,21.399999618530277,21.15999984741211,21.32999992370605,20.91873359680176,2071000
2023-08-31,NWSA,21.309999465942383,21.63999938964844,21.299999237060547,21.489999771118164,21.075647354125977,3099900
2023-08-31,NWSA,21.309999465942383,21.63999938964844,21.299999237060547,21.489999771118164,21.075647354125977,3099900
2023-09-01,NWSA,21.489999771118164,21.540000915527344,21.15999984741211,21.280000686645508,20.86969566345215,1779100
2023-09-01,NWSA,21.489999771118164,21.540000915527344,21.15999984741211,21.280000686645508,20.86969566345215,1779100
2023-09-05,NWSA,21.049999237060547,21.229999542236328,20.93000030517578,21.190000534057617,20.781435012817383,2051900
2023-09-05,NWSA,21.049999237060547,21.229999542236328,20.93000030517578,21.190000534057617,20.781435012817383,2051900
2023-09-06,NWSA,21.170000076293945,21.31999969482422,21.01000022888184,21.209999084472656,20.801048278808597,2029000
2023-09-06,NWSA,21.170000076293945,21.31999969482422,21.01000022888184,21.209999084472656,20.801048278808597,2029000
2023-09-07,NWSA,21.21999931335449,21.280000686645508,20.96999931335449,21.0,20.5950984954834,1962400
2023-09-07,NWSA,21.21999931335449,21.280000686645508,20.96999931335449,21.0,20.5950984954834,1962400
2023-09-08,NWSA,21.09000015258789,21.25,21.030000686645508,21.059999465942383,20.65393829345703,2960200
2023-09-08,NWSA,21.09000015258789,21.25,21.030000686645508,21.059999465942383,20.65393829345703,2960200
2023-09-11,NWSA,21.11000061035156,21.290000915527344,21.01000022888184,21.040000915527344,20.634326934814453,1769600
2023-09-11,NWSA,21.11000061035156,21.290000915527344,21.01000022888184,21.040000915527344,20.634326934814453,1769600
2023-09-12,NWSA,20.84000015258789,21.059999465942383,20.700000762939453,20.81999969482422,20.51607894897461,2035900
2023-09-12,NWSA,20.84000015258789,21.059999465942383,20.700000762939453,20.81999969482422,20.51607894897461,2035900
2023-09-13,NWSA,20.93000030517578,20.940000534057617,20.21999931335449,20.290000915527344,19.99381446838379,2106000
2023-09-13,NWSA,20.93000030517578,20.940000534057617,20.21999931335449,20.290000915527344,19.99381446838379,2106000
2023-09-14,NWSA,20.450000762939453,20.559999465942383,20.309999465942383,20.51000022888184,20.210601806640625,2425600
2023-09-14,NWSA,20.450000762939453,20.559999465942383,20.309999465942383,20.51000022888184,20.210601806640625,2425600
2023-09-15,NWSA,20.43000030517578,20.57999992370605,20.200000762939453,20.280000686645508,19.98396110534668,3698800
2023-09-15,NWSA,20.43000030517578,20.57999992370605,20.200000762939453,20.280000686645508,19.98396110534668,3698800
2023-09-18,NWSA,20.299999237060547,20.350000381469727,19.8799991607666,19.920000076293945,19.62921524047852,2662100
2023-09-18,NWSA,20.299999237060547,20.350000381469727,19.8799991607666,19.920000076293945,19.62921524047852,2662100
2023-09-19,NWSA,19.90999984741211,20.020000457763672,19.86000061035156,19.950000762939453,19.65877914428711,2421900
2023-09-19,NWSA,19.90999984741211,20.020000457763672,19.86000061035156,19.950000762939453,19.65877914428711,2421900
2023-09-20,NWSA,20.0,20.059999465942383,19.649999618530277,19.670000076293945,19.38286399841309,1924400
2023-09-20,NWSA,20.0,20.059999465942383,19.649999618530277,19.670000076293945,19.38286399841309,1924400
2023-09-21,NWSA,19.6299991607666,20.299999237060547,19.450000762939453,19.920000076293945,19.62921524047852,5569500
2023-09-21,NWSA,19.6299991607666,20.299999237060547,19.450000762939453,19.920000076293945,19.62921524047852,5569500
2023-09-22,NWSA,19.950000762939453,20.040000915527344,19.57999992370605,19.68000030517578,19.392717361450195,2893900
2023-09-22,NWSA,19.950000762939453,20.040000915527344,19.57999992370605,19.68000030517578,19.392717361450195,2893900
2023-09-25,NWSA,19.59000015258789,19.81999969482422,19.56999969482422,19.790000915527344,19.50111389160156,2867500
2023-09-25,NWSA,19.59000015258789,19.81999969482422,19.56999969482422,19.790000915527344,19.50111389160156,2867500
2023-09-26,NWSA,19.600000381469727,19.790000915527344,19.57999992370605,19.59000015258789,19.304031372070312,2293900
2023-09-26,NWSA,19.600000381469727,19.790000915527344,19.57999992370605,19.59000015258789,19.304031372070312,2293900
2023-09-27,NWSA,19.75,19.809999465942383,19.540000915527344,19.649999618530277,19.363157272338867,2329600
2023-09-27,NWSA,19.75,19.809999465942383,19.540000915527344,19.649999618530277,19.363157272338867,2329600
2023-09-28,NWSA,19.6200008392334,20.06999969482422,19.6200008392334,19.979999542236328,19.68833923339844,2418600
2023-09-28,NWSA,19.6200008392334,20.06999969482422,19.6200008392334,19.979999542236328,19.68833923339844,2418600
2023-09-29,NWSA,20.059999465942383,20.229999542236328,19.96999931335449,20.059999465942383,19.76717185974121,2545400
2023-09-29,NWSA,20.059999465942383,20.229999542236328,19.96999931335449,20.059999465942383,19.76717185974121,2545400
2023-10-02,NWSA,20.040000915527344,20.170000076293945,19.920000076293945,20.0,19.70804786682129,2579900
2023-10-02,NWSA,20.040000915527344,20.170000076293945,19.920000076293945,20.0,19.70804786682129,2579900
2023-10-03,NWSA,19.88999938964844,20.100000381469727,19.3799991607666,19.43000030517578,19.14636993408203,2795400
2023-10-03,NWSA,19.88999938964844,20.100000381469727,19.3799991607666,19.43000030517578,19.14636993408203,2795400
2023-10-04,NWSA,19.459999084472656,19.84000015258789,19.25,19.81999969482422,19.53067398071289,2681300
2023-10-04,NWSA,19.459999084472656,19.84000015258789,19.25,19.81999969482422,19.53067398071289,2681300
2023-10-05,NWSA,19.770000457763672,19.90999984741211,19.59000015258789,19.700000762939453,19.412425994873047,2270800
2023-10-05,NWSA,19.770000457763672,19.90999984741211,19.59000015258789,19.700000762939453,19.412425994873047,2270800
2023-10-06,NWSA,19.68000030517578,20.36000061035156,19.63999938964844,20.15999984741211,19.86571311950684,2871400
2023-10-06,NWSA,19.68000030517578,20.36000061035156,19.63999938964844,20.15999984741211,19.86571311950684,2871400
2023-10-09,NWSA,20.1299991607666,20.309999465942383,19.88999938964844,20.229999542236328,19.934690475463867,2309500
2023-10-09,NWSA,20.1299991607666,20.309999465942383,19.88999938964844,20.229999542236328,19.934690475463867,2309500
2023-10-10,NWSA,20.239999771118164,20.65999984741211,20.100000381469727,20.63999938964844,20.33870506286621,2957500
2023-10-10,NWSA,20.239999771118164,20.65999984741211,20.100000381469727,20.63999938964844,20.33870506286621,2957500
2023-10-11,NWSA,20.709999084472656,21.07999992370605,20.690000534057617,20.899999618530277,20.59490966796875,3939700
2023-10-11,NWSA,20.709999084472656,21.07999992370605,20.690000534057617,20.899999618530277,20.59490966796875,3939700
2023-10-12,NWSA,20.93000030517578,21.06999969482422,20.61000061035156,20.809999465942383,20.506221771240234,2871800
2023-10-12,NWSA,20.93000030517578,21.06999969482422,20.61000061035156,20.809999465942383,20.506221771240234,2871800
2023-10-13,NWSA,20.86000061035156,21.5,20.5,20.90999984741211,20.60476303100586,8201500
2023-10-13,NWSA,20.86000061035156,21.5,20.5,20.90999984741211,20.60476303100586,8201500
2023-10-16,NWSA,21.190000534057617,21.940000534057617,21.1200008392334,21.88999938964844,21.57045555114746,7209900
2023-10-16,NWSA,21.190000534057617,21.940000534057617,21.1200008392334,21.88999938964844,21.57045555114746,7209900
2023-10-17,NWSA,21.93000030517578,22.26000022888184,21.65999984741211,22.229999542236328,21.905492782592773,6778300
2023-10-17,NWSA,21.93000030517578,22.26000022888184,21.65999984741211,22.229999542236328,21.905492782592773,6778300
2023-10-18,NWSA,22.149999618530277,22.31999969482422,21.8799991607666,21.88999938964844,21.57045555114746,4009000
2023-10-18,NWSA,22.149999618530277,22.31999969482422,21.8799991607666,21.88999938964844,21.57045555114746,4009000
2023-10-19,NWSA,21.920000076293945,21.959999084472656,21.540000915527344,21.6200008392334,21.30440139770508,3956300
2023-10-19,NWSA,21.920000076293945,21.959999084472656,21.540000915527344,21.6200008392334,21.30440139770508,3956300
2023-10-20,NWSA,21.670000076293945,21.709999084472656,21.01000022888184,21.209999084472656,20.9003849029541,3798000
2023-10-20,NWSA,21.670000076293945,21.709999084472656,21.01000022888184,21.209999084472656,20.9003849029541,3798000
2023-10-23,NWSA,21.15999984741211,21.43000030517578,21.030000686645508,21.100000381469727,20.791990280151367,2743600
2023-10-23,NWSA,21.15999984741211,21.43000030517578,21.030000686645508,21.100000381469727,20.791990280151367,2743600
2023-10-24,NWSA,21.200000762939453,21.61000061035156,21.18000030517578,21.459999084472656,21.146732330322266,2614600
2023-10-24,NWSA,21.200000762939453,21.61000061035156,21.18000030517578,21.459999084472656,21.146732330322266,2614600
2023-10-25,NWSA,21.350000381469727,21.399999618530277,20.540000915527344,20.549999237060547,20.250015258789062,3149100
2023-10-25,NWSA,21.350000381469727,21.399999618530277,20.540000915527344,20.549999237060547,20.250015258789062,3149100
2023-10-26,NWSA,20.540000915527344,20.700000762939453,20.420000076293945,20.5,20.20074844360352,3032200
2023-10-26,NWSA,20.540000915527344,20.700000762939453,20.420000076293945,20.5,20.20074844360352,3032200
2023-10-27,NWSA,20.5,21.190000534057617,20.11000061035156,20.21999931335449,19.92483329772949,1917500
2023-10-27,NWSA,20.5,21.190000534057617,20.11000061035156,20.21999931335449,19.92483329772949,1917500
2023-10-30,NWSA,20.57999992370605,20.63999938964844,20.32999992370605,20.6200008392334,20.31899642944336,2317300
2023-10-30,NWSA,20.57999992370605,20.63999938964844,20.32999992370605,20.6200008392334,20.31899642944336,2317300
2023-10-31,NWSA,20.6200008392334,20.8700008392334,20.549999237060547,20.68000030517578,20.37812042236328,3041300
2023-10-31,NWSA,20.6200008392334,20.8700008392334,20.549999237060547,20.68000030517578,20.37812042236328,3041300
2023-11-01,NWSA,20.729999542236328,20.799999237060547,20.5,20.780000686645508,20.47666358947754,2377600
2023-11-01,NWSA,20.729999542236328,20.799999237060547,20.5,20.780000686645508,20.47666358947754,2377600
2023-11-02,NWSA,20.920000076293945,21.479999542236328,20.899999618530277,21.25,20.939802169799805,4933500
2023-11-02,NWSA,20.920000076293945,21.479999542236328,20.899999618530277,21.25,20.939802169799805,4933500
2023-11-03,NWSA,21.46999931335449,21.940000534057617,21.46999931335449,21.93000030517578,21.609872817993164,5145200
2023-11-03,NWSA,21.46999931335449,21.940000534057617,21.46999931335449,21.93000030517578,21.609872817993164,5145200
2023-11-06,NWSA,21.81999969482422,21.989999771118164,21.6200008392334,21.65999984741211,21.34381675720215,2915900
2023-11-06,NWSA,21.81999969482422,21.989999771118164,21.6200008392334,21.65999984741211,21.34381675720215,2915900
2023-11-07,NWSA,21.6299991607666,21.709999084472656,21.38999938964844,21.43000030517578,21.11717414855957,3052600
2023-11-07,NWSA,21.6299991607666,21.709999084472656,21.38999938964844,21.43000030517578,21.11717414855957,3052600
2023-11-08,NWSA,21.38999938964844,21.709999084472656,21.36000061035156,21.40999984741211,21.09746360778809,3273700
2023-11-08,NWSA,21.38999938964844,21.709999084472656,21.36000061035156,21.40999984741211,21.09746360778809,3273700
2023-11-09,NWSA,21.46999931335449,21.59000015258789,21.11000061035156,21.290000915527344,20.979219436645508,4273300
2023-11-09,NWSA,21.46999931335449,21.59000015258789,21.11000061035156,21.290000915527344,20.979219436645508,4273300
2023-11-10,NWSA,20.790000915527344,21.450000762939453,20.520000457763672,20.920000076293945,20.6146183013916,5597600
2023-11-10,NWSA,20.790000915527344,21.450000762939453,20.520000457763672,20.920000076293945,20.6146183013916,5597600
2023-11-13,NWSA,20.799999237060547,20.81999969482422,20.350000381469727,20.450000762939453,20.15148162841797,3128000
2023-11-13,NWSA,20.799999237060547,20.81999969482422,20.350000381469727,20.450000762939453,20.15148162841797,3128000
2023-11-14,NWSA,20.84000015258789,21.11000061035156,20.809999465942383,20.959999084472656,20.654033660888672,2819300
2023-11-14,NWSA,20.84000015258789,21.11000061035156,20.809999465942383,20.959999084472656,20.654033660888672,2819300
2023-11-15,NWSA,20.96999931335449,21.299999237060547,20.850000381469727,20.8799991607666,20.575199127197266,2643500
2023-11-15,NWSA,20.96999931335449,21.299999237060547,20.850000381469727,20.8799991607666,20.575199127197266,2643500
2023-11-16,NWSA,20.950000762939453,21.15999984741211,20.82999992370605,21.06999969482422,20.762428283691406,2710100
2023-11-16,NWSA,20.950000762939453,21.15999984741211,20.82999992370605,21.06999969482422,20.762428283691406,2710100
2023-11-17,NWSA,21.18000030517578,21.209999084472656,20.90999984741211,21.030000686645508,20.723012924194336,2206400
2023-11-17,NWSA,21.18000030517578,21.209999084472656,20.90999984741211,21.030000686645508,20.723012924194336,2206400
2023-11-20,NWSA,21.040000915527344,21.36000061035156,20.950000762939453,21.280000686645508,20.9693603515625,1625100
2023-11-20,NWSA,21.040000915527344,21.36000061035156,20.950000762939453,21.280000686645508,20.9693603515625,1625100
2023-11-21,NWSA,21.25,21.459999084472656,21.11000061035156,21.450000762939453,21.136882781982425,2379400
2023-11-21,NWSA,21.25,21.459999084472656,21.11000061035156,21.450000762939453,21.136882781982425,2379400
2023-11-22,NWSA,21.600000381469727,21.96999931335449,21.559999465942383,21.950000762939453,21.62958526611328,2391800
2023-11-22,NWSA,21.600000381469727,21.96999931335449,21.559999465942383,21.950000762939453,21.62958526611328,2391800
2023-11-24,NWSA,22.01000022888184,22.07999992370605,21.850000381469727,22.01000022888184,21.688705444335938,1165100
2023-11-24,NWSA,22.01000022888184,22.07999992370605,21.850000381469727,22.01000022888184,21.688705444335938,1165100
2023-11-27,NWSA,21.96999931335449,22.43000030517578,21.82999992370605,22.38999938964844,22.06315803527832,2943400
2023-11-27,NWSA,21.96999931335449,22.43000030517578,21.82999992370605,22.38999938964844,22.06315803527832,2943400
2023-11-28,NWSA,22.38999938964844,22.549999237060547,22.26000022888184,22.32999992370605,22.0040340423584,3006700
2023-11-28,NWSA,22.38999938964844,22.549999237060547,22.26000022888184,22.32999992370605,22.0040340423584,3006700
2023-11-29,NWSA,22.32999992370605,22.46999931335449,22.020000457763672,22.34000015258789,22.01388931274414,2686500
2023-11-29,NWSA,22.32999992370605,22.46999931335449,22.020000457763672,22.34000015258789,22.01388931274414,2686500
2023-11-30,NWSA,22.290000915527344,22.32999992370605,21.88999938964844,22.040000915527344,21.7182674407959,4690400
2023-11-30,NWSA,22.290000915527344,22.32999992370605,21.88999938964844,22.040000915527344,21.7182674407959,4690400
2023-12-01,NWSA,22.100000381469727,22.280000686645508,22.0,22.149999618530277,21.82666015625,2173700
2023-12-01,NWSA,22.100000381469727,22.280000686645508,22.0,22.149999618530277,21.82666015625,2173700
2023-12-04,NWSA,22.059999465942383,22.5,22.0,22.059999465942383,21.73797607421875,2369500
2023-12-04,NWSA,22.059999465942383,22.5,22.0,22.059999465942383,21.73797607421875,2369500
2023-12-05,NWSA,21.93000030517578,21.93000030517578,21.520000457763672,21.770000457763672,21.452211380004883,2831000
2023-12-05,NWSA,21.93000030517578,21.93000030517578,21.520000457763672,21.770000457763672,21.452211380004883,2831000
2023-12-06,NWSA,21.8799991607666,22.0,21.729999542236328,21.790000915527344,21.4719181060791,2002200
2023-12-06,NWSA,21.8799991607666,22.0,21.729999542236328,21.790000915527344,21.4719181060791,2002200
2023-12-07,NWSA,21.920000076293945,21.989999771118164,21.649999618530277,21.950000762939453,21.62958526611328,1691700
2023-12-07,NWSA,21.920000076293945,21.989999771118164,21.649999618530277,21.950000762939453,21.62958526611328,1691700
2023-12-08,NWSA,21.920000076293945,22.09000015258789,21.709999084472656,21.940000534057617,21.619728088378903,1801500
2023-12-08,NWSA,21.920000076293945,22.09000015258789,21.709999084472656,21.940000534057617,21.619728088378903,1801500
2023-12-11,NWSA,22.020000457763672,22.18000030517578,21.88999938964844,22.06999969482422,21.74782943725586,1467100
2023-12-11,NWSA,22.020000457763672,22.18000030517578,21.88999938964844,22.06999969482422,21.74782943725586,1467100
2023-12-12,NWSA,22.13999938964844,22.200000762939453,21.850000381469727,22.0,21.678850173950195,2398100
2023-12-12,NWSA,22.13999938964844,22.200000762939453,21.850000381469727,22.0,21.678850173950195,2398100
2023-12-13,NWSA,21.979999542236328,22.709999084472656,21.8799991607666,22.68000030517578,22.348926544189453,3430500
2023-12-13,NWSA,21.979999542236328,22.709999084472656,21.8799991607666,22.68000030517578,22.348926544189453,3430500
2023-12-14,NWSA,22.96999931335449,23.459999084472656,22.920000076293945,23.299999237060547,22.959875106811523,3639400
2023-12-14,NWSA,22.96999931335449,23.459999084472656,22.920000076293945,23.299999237060547,22.959875106811523,3639400
2023-12-15,NWSA,23.309999465942383,23.479999542236328,23.100000381469727,23.399999618530277,23.05841636657715,5849300
2023-12-15,NWSA,23.309999465942383,23.479999542236328,23.100000381469727,23.399999618530277,23.05841636657715,5849300
2023-12-18,NWSA,23.399999618530277,23.46999931335449,23.200000762939453,23.350000381469727,23.009145736694336,2269800
2023-12-18,NWSA,23.399999618530277,23.46999931335449,23.200000762939453,23.350000381469727,23.009145736694336,2269800
2023-12-19,NWSA,23.489999771118164,23.799999237060547,23.43000030517578,23.739999771118164,23.393451690673828,1787900
2023-12-19,NWSA,23.489999771118164,23.799999237060547,23.43000030517578,23.739999771118164,23.393451690673828,1787900
2023-12-20,NWSA,23.75,23.90999984741211,23.3799991607666,23.420000076293945,23.078123092651367,2133300
2023-12-20,NWSA,23.75,23.90999984741211,23.3799991607666,23.420000076293945,23.078123092651367,2133300
2023-12-21,NWSA,23.57999992370605,23.739999771118164,23.43000030517578,23.700000762939453,23.35403823852539,1542300
2023-12-21,NWSA,23.57999992370605,23.739999771118164,23.43000030517578,23.700000762939453,23.35403823852539,1542300
2023-12-22,NWSA,23.81999969482422,23.899999618530277,23.65999984741211,23.799999237060547,23.45257568359375,1202000
2023-12-22,NWSA,23.81999969482422,23.899999618530277,23.65999984741211,23.799999237060547,23.45257568359375,1202000
2023-12-26,NWSA,23.790000915527344,24.170000076293945,23.68000030517578,24.1299991607666,23.77775764465332,1126500
2023-12-26,NWSA,23.790000915527344,24.170000076293945,23.68000030517578,24.1299991607666,23.77775764465332,1126500
2023-12-27,NWSA,24.13999938964844,24.59000015258789,23.96999931335449,24.420000076293945,24.063526153564453,1822400
2023-12-27,NWSA,24.13999938964844,24.59000015258789,23.96999931335449,24.420000076293945,24.063526153564453,1822400
2023-12-28,NWSA,24.540000915527344,24.770000457763672,24.43000030517578,24.6299991607666,24.270458221435547,1750100
2023-12-28,NWSA,24.540000915527344,24.770000457763672,24.43000030517578,24.6299991607666,24.270458221435547,1750100
2023-12-29,NWSA,24.51000022888184,24.809999465942383,24.489999771118164,24.549999237060547,24.191627502441406,2162500
2023-12-29,NWSA,24.51000022888184,24.809999465942383,24.489999771118164,24.549999237060547,24.191627502441406,2162500
2024-01-02,NWSA,24.3700008392334,24.450000762939453,24.149999618530277,24.420000076293945,24.063526153564453,2018400
2024-01-02,NWSA,24.3700008392334,24.450000762939453,24.149999618530277,24.420000076293945,24.063526153564453,2018400
2024-01-03,NWSA,24.239999771118164,24.520000457763672,24.030000686645508,24.299999237060547,23.945276260375977,2362000
2024-01-03,NWSA,24.239999771118164,24.520000457763672,24.030000686645508,24.299999237060547,23.945276260375977,2362000
2024-01-04,NWSA,24.36000061035156,24.43000030517578,24.06999969482422,24.239999771118164,23.88615226745605,2735800
2024-01-04,NWSA,24.36000061035156,24.43000030517578,24.06999969482422,24.239999771118164,23.88615226745605,2735800
2024-01-05,NWSA,24.26000022888184,24.65999984741211,24.26000022888184,24.43000030517578,24.073381423950195,3243900
2024-01-05,NWSA,24.26000022888184,24.65999984741211,24.26000022888184,24.43000030517578,24.073381423950195,3243900
2024-01-08,NWSA,24.3700008392334,24.670000076293945,24.209999084472656,24.63999938964844,24.28031349182129,2095500
2024-01-08,NWSA,24.3700008392334,24.670000076293945,24.209999084472656,24.63999938964844,24.28031349182129,2095500
2024-01-09,NWSA,24.38999938964844,24.56999969482422,24.239999771118164,24.25,23.8960075378418,1874100
2024-01-09,NWSA,24.38999938964844,24.56999969482422,24.239999771118164,24.25,23.8960075378418,1874100
2024-01-10,NWSA,24.170000076293945,24.399999618530277,24.11000061035156,24.190000534057617,23.836883544921875,1604700
2024-01-10,NWSA,24.170000076293945,24.399999618530277,24.11000061035156,24.190000534057617,23.836883544921875,1604700
2024-01-11,NWSA,24.200000762939453,24.270000457763672,23.899999618530277,24.21999931335449,23.86644554138184,2035800
2024-01-11,NWSA,24.200000762939453,24.270000457763672,23.899999618530277,24.21999931335449,23.86644554138184,2035800
2024-01-12,NWSA,24.399999618530277,24.549999237060547,24.09000015258789,24.239999771118164,23.88615226745605,2882000
2024-01-12,NWSA,24.399999618530277,24.549999237060547,24.09000015258789,24.239999771118164,23.88615226745605,2882000
2024-01-16,NWSA,24.1200008392334,24.229999542236328,23.559999465942383,23.75,23.40330696105957,2774100
2024-01-16,NWSA,24.1200008392334,24.229999542236328,23.559999465942383,23.75,23.40330696105957,2774100
2024-01-17,NWSA,23.450000762939453,23.729999542236328,23.399999618530277,23.479999542236328,23.13724899291992,2460600
2024-01-17,NWSA,23.450000762939453,23.729999542236328,23.399999618530277,23.479999542236328,23.13724899291992,2460600
2024-01-18,NWSA,23.479999542236328,23.670000076293945,23.290000915527344,23.57999992370605,23.23578643798828,2381800
2024-01-18,NWSA,23.479999542236328,23.670000076293945,23.290000915527344,23.57999992370605,23.23578643798828,2381800
2024-01-19,NWSA,23.65999984741211,24.059999465942383,23.5,24.030000686645508,23.67922019958496,2277300
2024-01-19,NWSA,23.65999984741211,24.059999465942383,23.5,24.030000686645508,23.67922019958496,2277300
2024-01-22,NWSA,24.1299991607666,24.31999969482422,24.040000915527344,24.25,23.8960075378418,2174200
2024-01-22,NWSA,24.1299991607666,24.31999969482422,24.040000915527344,24.25,23.8960075378418,2174200
2024-01-23,NWSA,24.450000762939453,24.559999465942383,24.100000381469727,24.309999465942383,23.95513153076172,2439900
2024-01-23,NWSA,24.450000762939453,24.559999465942383,24.100000381469727,24.309999465942383,23.95513153076172,2439900
2024-01-24,NWSA,24.56999969482422,24.76000022888184,24.489999771118164,24.6299991607666,24.270458221435547,2040600
2024-01-24,NWSA,24.56999969482422,24.76000022888184,24.489999771118164,24.6299991607666,24.270458221435547,2040600
2024-01-25,NWSA,24.90999984741211,25.049999237060547,24.63999938964844,24.700000762939453,24.339439392089844,2664900
2024-01-25,NWSA,24.90999984741211,25.049999237060547,24.63999938964844,24.700000762939453,24.339439392089844,2664900
2024-01-26,NWSA,24.71999931335449,24.959999084472656,24.71999931335449,24.739999771118164,24.37885284423828,1975500
2024-01-26,NWSA,24.71999931335449,24.959999084472656,24.71999931335449,24.739999771118164,24.37885284423828,1975500
2024-01-29,NWSA,24.739999771118164,25.11000061035156,24.6299991607666,25.09000015258789,24.72374725341797,1860500
2024-01-29,NWSA,24.739999771118164,25.11000061035156,24.6299991607666,25.09000015258789,24.72374725341797,1860500
2024-01-30,NWSA,25.0,25.06999969482422,24.649999618530277,24.799999237060547,24.43797874450684,3094200
2024-01-30,NWSA,25.0,25.06999969482422,24.649999618530277,24.799999237060547,24.43797874450684,3094200
2024-01-31,NWSA,24.84000015258789,25.020000457763672,24.559999465942383,24.63999938964844,24.28031349182129,3373200
2024-01-31,NWSA,24.84000015258789,25.020000457763672,24.559999465942383,24.63999938964844,24.28031349182129,3373200
2024-02-01,NWSA,24.690000534057617,24.780000686645508,24.309999465942383,24.770000457763672,24.408416748046875,2134300
2024-02-01,NWSA,24.690000534057617,24.780000686645508,24.309999465942383,24.770000457763672,24.408416748046875,2134300
2024-02-02,NWSA,24.68000030517578,24.799999237060547,24.459999084472656,24.700000762939453,24.339439392089844,2296000
2024-02-02,NWSA,24.68000030517578,24.799999237060547,24.459999084472656,24.700000762939453,24.339439392089844,2296000
2024-02-05,NWSA,24.46999931335449,24.6200008392334,24.100000381469727,24.149999618530277,23.79746627807617,5426700
2024-02-05,NWSA,24.46999931335449,24.6200008392334,24.100000381469727,24.149999618530277,23.79746627807617,5426700
2024-02-06,NWSA,24.350000381469727,24.700000762939453,24.239999771118164,24.68000030517578,24.319732666015625,2339400
2024-02-06,NWSA,24.350000381469727,24.700000762939453,24.239999771118164,24.68000030517578,24.319732666015625,2339400
2024-02-07,NWSA,24.68000030517578,24.75,23.71999931335449,24.270000457763672,23.91571617126465,5263700
2024-02-07,NWSA,24.68000030517578,24.75,23.71999931335449,24.270000457763672,23.91571617126465,5263700
2024-02-08,NWSA,26.8799991607666,28.0,25.43000030517578,25.84000015258789,25.46279525756836,9683700
2024-02-08,NWSA,26.8799991607666,28.0,25.43000030517578,25.84000015258789,25.46279525756836,9683700
2024-02-09,NWSA,25.940000534057617,26.190000534057617,25.700000762939453,26.040000915527344,25.65987968444824,4480000
2024-02-09,NWSA,25.940000534057617,26.190000534057617,25.700000762939453,26.040000915527344,25.65987968444824,4480000
2024-02-12,NWSA,26.200000762939453,26.31999969482422,25.979999542236328,26.06999969482422,25.689441680908203,3202100
2024-02-12,NWSA,26.200000762939453,26.31999969482422,25.979999542236328,26.06999969482422,25.689441680908203,3202100
2024-02-13,NWSA,25.8700008392334,25.8700008392334,25.420000076293945,25.76000022888184,25.38396453857422,3933800
2024-02-13,NWSA,25.8700008392334,25.8700008392334,25.420000076293945,25.76000022888184,25.38396453857422,3933800
2024-02-14,NWSA,25.959999084472656,26.1200008392334,25.770000457763672,26.01000022888184,25.63031578063965,2709000
2024-02-14,NWSA,25.959999084472656,26.1200008392334,25.770000457763672,26.01000022888184,25.63031578063965,2709000
2024-02-15,NWSA,26.049999237060547,26.690000534057617,25.989999771118164,26.5,26.11316299438477,2898500
2024-02-15,NWSA,26.049999237060547,26.690000534057617,25.989999771118164,26.5,26.11316299438477,2898500
2024-02-16,NWSA,26.5,26.59000015258789,26.21999931335449,26.239999771118164,25.856956481933597,1712800
2024-02-16,NWSA,26.5,26.59000015258789,26.21999931335449,26.239999771118164,25.856956481933597,1712800
2024-02-20,NWSA,26.170000076293945,26.38999938964844,26.149999618530277,26.25,25.86681365966797,3965000
2024-02-20,NWSA,26.170000076293945,26.38999938964844,26.149999618530277,26.25,25.86681365966797,3965000
2024-02-21,NWSA,26.11000061035156,26.5,25.84000015258789,26.07999992370605,25.69929313659668,2653900
2024-02-21,NWSA,26.11000061035156,26.5,25.84000015258789,26.07999992370605,25.69929313659668,2653900
2024-02-22,NWSA,26.290000915527344,26.540000915527344,26.100000381469727,26.51000022888184,26.123018264770508,2018900
2024-02-22,NWSA,26.290000915527344,26.540000915527344,26.100000381469727,26.51000022888184,26.123018264770508,2018900
2024-02-23,NWSA,26.51000022888184,26.57999992370605,26.38999938964844,26.43000030517578,26.04418563842773,2088400
2024-02-23,NWSA,26.51000022888184,26.57999992370605,26.38999938964844,26.43000030517578,26.04418563842773,2088400
2024-02-26,NWSA,26.43000030517578,26.459999084472656,26.190000534057617,26.36000061035156,25.975208282470703,2356600
2024-02-26,NWSA,26.43000030517578,26.459999084472656,26.190000534057617,26.36000061035156,25.975208282470703,2356600
2024-02-27,NWSA,26.38999938964844,26.459999084472656,26.229999542236328,26.43000030517578,26.04418563842773,1678300
2024-02-27,NWSA,26.38999938964844,26.459999084472656,26.229999542236328,26.43000030517578,26.04418563842773,1678300
2024-02-28,NWSA,26.3700008392334,26.489999771118164,26.229999542236328,26.32999992370605,25.945646286010746,1823400
2024-02-28,NWSA,26.3700008392334,26.489999771118164,26.229999542236328,26.32999992370605,25.945646286010746,1823400
2024-02-29,NWSA,26.600000381469727,26.950000762939453,26.43000030517578,26.8799991607666,26.48761558532715,6586500
2024-02-29,NWSA,26.600000381469727,26.950000762939453,26.43000030517578,26.8799991607666,26.48761558532715,6586500
2024-03-01,NWSA,26.8799991607666,26.8799991607666,26.229999542236328,26.32999992370605,25.945646286010746,3534800
2024-03-01,NWSA,26.8799991607666,26.8799991607666,26.229999542236328,26.32999992370605,25.945646286010746,3534800
2024-03-04,NWSA,26.38999938964844,26.459999084472656,25.76000022888184,25.93000030517578,25.551485061645508,3327600
2024-03-04,NWSA,26.38999938964844,26.459999084472656,25.76000022888184,25.93000030517578,25.551485061645508,3327600
2024-03-05,NWSA,25.739999771118164,25.950000762939453,25.5,25.8700008392334,25.492359161376957,2788900
2024-03-05,NWSA,25.739999771118164,25.950000762939453,25.5,25.8700008392334,25.492359161376957,2788900
2024-03-06,NWSA,26.11000061035156,26.13999938964844,25.86000061035156,26.030000686645508,25.6500244140625,3096300
2024-03-06,NWSA,26.11000061035156,26.13999938964844,25.86000061035156,26.030000686645508,25.6500244140625,3096300
2024-03-07,NWSA,26.06999969482422,26.36000061035156,26.0,26.13999938964844,25.758419036865234,2535200
2024-03-07,NWSA,26.06999969482422,26.36000061035156,26.0,26.13999938964844,25.758419036865234,2535200
2024-03-08,NWSA,26.209999084472656,26.59000015258789,26.209999084472656,26.34000015258789,25.95549774169922,2395300
2024-03-08,NWSA,26.209999084472656,26.59000015258789,26.209999084472656,26.34000015258789,25.95549774169922,2395300
2024-03-11,NWSA,26.40999984741211,27.200000762939453,26.1200008392334,26.479999542236328,26.093454360961918,4101100
2024-03-11,NWSA,26.40999984741211,27.200000762939453,26.1200008392334,26.479999542236328,26.093454360961918,4101100
2024-03-12,NWSA,26.520000457763672,26.700000762939453,26.309999465942383,26.32999992370605,26.04399871826172,2561400
2024-03-12,NWSA,26.520000457763672,26.700000762939453,26.309999465942383,26.32999992370605,26.04399871826172,2561400
2024-03-13,NWSA,26.36000061035156,26.46999931335449,26.190000534057617,26.350000381469727,26.063779830932617,2974600
2024-03-13,NWSA,26.36000061035156,26.46999931335449,26.190000534057617,26.350000381469727,26.063779830932617,2974600
2024-03-14,NWSA,26.26000022888184,26.280000686645508,25.93000030517578,26.09000015258789,25.806604385375977,2612300
2024-03-14,NWSA,26.26000022888184,26.280000686645508,25.93000030517578,26.09000015258789,25.806604385375977,2612300
2024-03-15,NWSA,25.959999084472656,26.309999465942383,25.46999931335449,25.51000022888184,25.2329044342041,6474600
2024-03-15,NWSA,25.959999084472656,26.309999465942383,25.46999931335449,25.51000022888184,25.2329044342041,6474600
2024-03-18,NWSA,25.649999618530277,25.770000457763672,25.31999969482422,25.450000762939453,25.173555374145508,3165700
2024-03-18,NWSA,25.649999618530277,25.770000457763672,25.31999969482422,25.450000762939453,25.173555374145508,3165700
2024-03-19,NWSA,25.479999542236328,25.809999465942383,25.34000015258789,25.739999771118164,25.460405349731445,2231000
2024-03-19,NWSA,25.479999542236328,25.809999465942383,25.34000015258789,25.739999771118164,25.460405349731445,2231000
2024-03-20,NWSA,25.63999938964844,25.959999084472656,25.6200008392334,25.90999984741211,25.62856101989746,2442700
2024-03-20,NWSA,25.63999938964844,25.959999084472656,25.6200008392334,25.90999984741211,25.62856101989746,2442700
2024-03-21,NWSA,25.959999084472656,26.25,25.959999084472656,26.209999084472656,25.92530059814453,2519500
2024-03-21,NWSA,25.959999084472656,26.25,25.959999084472656,26.209999084472656,25.92530059814453,2519500
2024-03-22,NWSA,26.190000534057617,26.239999771118164,25.88999938964844,25.899999618530277,25.61866569519043,1741200
2024-03-22,NWSA,26.190000534057617,26.239999771118164,25.88999938964844,25.899999618530277,25.61866569519043,1741200
2024-03-25,NWSA,25.979999542236328,26.1200008392334,25.850000381469727,26.030000686645508,25.747255325317383,2075700
2024-03-25,NWSA,25.979999542236328,26.1200008392334,25.850000381469727,26.030000686645508,25.747255325317383,2075700
2024-03-26,NWSA,26.149999618530277,26.350000381469727,26.020000457763672,26.06999969482422,25.78682327270508,1926100
2024-03-26,NWSA,26.149999618530277,26.350000381469727,26.020000457763672,26.06999969482422,25.78682327270508,1926100
2024-03-27,NWSA,26.239999771118164,26.479999542236328,26.049999237060547,26.290000915527344,26.004432678222656,2041100
2024-03-27,NWSA,26.239999771118164,26.479999542236328,26.049999237060547,26.290000915527344,26.004432678222656,2041100
2024-03-28,NWSA,26.3700008392334,26.530000686645508,26.170000076293945,26.18000030517578,25.895626068115234,3432600
2024-03-28,NWSA,26.3700008392334,26.530000686645508,26.170000076293945,26.18000030517578,25.895626068115234,3432600
2024-04-01,NWSA,26.190000534057617,26.209999084472656,25.649999618530277,25.809999465942383,25.52964782714844,2248700
2024-04-01,NWSA,26.190000534057617,26.209999084472656,25.649999618530277,25.809999465942383,25.52964782714844,2248700
2024-04-02,NWSA,25.670000076293945,25.799999237060547,25.450000762939453,25.51000022888184,25.2329044342041,1875100
2024-04-02,NWSA,25.670000076293945,25.799999237060547,25.450000762939453,25.51000022888184,25.2329044342041,1875100
2024-04-03,NWSA,25.51000022888184,25.770000457763672,25.31999969482422,25.75,25.47029685974121,2111300
2024-04-03,NWSA,25.51000022888184,25.770000457763672,25.31999969482422,25.75,25.47029685974121,2111300
2024-04-04,NWSA,25.86000061035156,26.13999938964844,25.479999542236328,25.549999237060547,25.27246856689453,3311100
2024-04-04,NWSA,25.86000061035156,26.13999938964844,25.479999542236328,25.549999237060547,25.27246856689453,3311100
2024-04-05,NWSA,25.540000915527344,25.809999465942383,25.5,25.65999984741211,25.381275177001957,2048700
2024-04-05,NWSA,25.540000915527344,25.809999465942383,25.5,25.65999984741211,25.381275177001957,2048700
2024-04-08,NWSA,25.799999237060547,25.920000076293945,25.670000076293945,25.739999771118164,25.460405349731445,2429600
2024-04-08,NWSA,25.799999237060547,25.920000076293945,25.670000076293945,25.739999771118164,25.460405349731445,2429600
2024-04-09,NWSA,25.86000061035156,25.959999084472656,25.399999618530277,25.51000022888184,25.2329044342041,2921400
2024-04-09,NWSA,25.86000061035156,25.959999084472656,25.399999618530277,25.51000022888184,25.2329044342041,2921400
2024-04-10,NWSA,25.1299991607666,25.399999618530277,24.790000915527344,24.82999992370605,24.560291290283203,3853600
2024-04-10,NWSA,25.1299991607666,25.399999618530277,24.790000915527344,24.82999992370605,24.560291290283203,3853600
2024-04-11,NWSA,24.8700008392334,25.030000686645508,24.770000457763672,24.920000076293945,24.649314880371094,2431200
2024-04-11,NWSA,24.8700008392334,25.030000686645508,24.770000457763672,24.920000076293945,24.649314880371094,2431200
2024-04-12,NWSA,24.700000762939453,24.790000915527344,24.299999237060547,24.36000061035156,24.09539604187012,2335500
2024-04-12,NWSA,24.700000762939453,24.790000915527344,24.299999237060547,24.36000061035156,24.09539604187012,2335500
2024-04-15,NWSA,24.57999992370605,24.75,24.190000534057617,24.280000686645508,24.016265869140625,2219500
2024-04-15,NWSA,24.57999992370605,24.75,24.190000534057617,24.280000686645508,24.016265869140625,2219500
2024-04-16,NWSA,24.1299991607666,24.26000022888184,23.940000534057617,24.100000381469727,23.83822059631348,1540200
2024-04-16,NWSA,24.1299991607666,24.26000022888184,23.940000534057617,24.100000381469727,23.83822059631348,1540200
2024-04-17,NWSA,24.309999465942383,24.36000061035156,24.13999938964844,24.149999618530277,23.887678146362305,1565400
2024-04-17,NWSA,24.309999465942383,24.36000061035156,24.13999938964844,24.149999618530277,23.887678146362305,1565400
2024-04-18,NWSA,24.309999465942383,24.350000381469727,23.979999542236328,24.030000686645508,23.76898193359375,1358200
2024-04-18,NWSA,24.309999465942383,24.350000381469727,23.979999542236328,24.030000686645508,23.76898193359375,1358200
2024-04-19,NWSA,24.030000686645508,24.11000061035156,23.950000762939453,24.020000457763672,23.759090423583984,1433500
2024-04-19,NWSA,24.030000686645508,24.11000061035156,23.950000762939453,24.020000457763672,23.759090423583984,1433500
2024-04-22,NWSA,24.209999084472656,24.540000915527344,24.100000381469727,24.43000030517578,24.164634704589844,2059700
2024-04-22,NWSA,24.209999084472656,24.540000915527344,24.100000381469727,24.43000030517578,24.164634704589844,2059700
2024-04-23,NWSA,24.479999542236328,24.729999542236328,24.479999542236328,24.61000061035156,24.342681884765625,1174700
2024-04-23,NWSA,24.479999542236328,24.729999542236328,24.479999542236328,24.61000061035156,24.342681884765625,1174700
2024-04-24,NWSA,24.56999969482422,24.71999931335449,24.479999542236328,24.559999465942383,24.2932243347168,1804800
2024-04-24,NWSA,24.56999969482422,24.71999931335449,24.479999542236328,24.559999465942383,24.2932243347168,1804800
2024-04-25,NWSA,24.38999938964844,24.520000457763672,23.989999771118164,24.209999084472656,23.947025299072266,2004100
2024-04-25,NWSA,24.38999938964844,24.520000457763672,23.989999771118164,24.209999084472656,23.947025299072266,2004100
2024-04-26,NWSA,24.170000076293945,24.31999969482422,23.989999771118164,24.21999931335449,23.95691680908203,1725000
2024-04-26,NWSA,24.170000076293945,24.31999969482422,23.989999771118164,24.21999931335449,23.95691680908203,1725000
2024-04-29,NWSA,24.34000015258789,24.520000457763672,24.15999984741211,24.18000030517578,23.9173526763916,1966600
2024-04-29,NWSA,24.34000015258789,24.520000457763672,24.15999984741211,24.18000030517578,23.9173526763916,1966600
2024-04-30,NWSA,24.11000061035156,24.229999542236328,23.6299991607666,23.799999237060547,23.541479110717773,4483700
2024-04-30,NWSA,24.11000061035156,24.229999542236328,23.6299991607666,23.799999237060547,23.541479110717773,4483700
2024-05-01,NWSA,23.709999084472656,24.100000381469727,23.690000534057617,23.84000015258789,23.581043243408203,2930600
2024-05-01,NWSA,23.709999084472656,24.100000381469727,23.690000534057617,23.84000015258789,23.581043243408203,2930600
2024-05-02,NWSA,23.93000030517578,24.06999969482422,23.739999771118164,24.0,23.739307403564453,2906200
2024-05-02,NWSA,23.93000030517578,24.06999969482422,23.739999771118164,24.0,23.739307403564453,2906200
2024-05-03,NWSA,24.170000076293945,24.530000686645508,24.170000076293945,24.46999931335449,24.204200744628903,2640700
2024-05-03,NWSA,24.170000076293945,24.530000686645508,24.170000076293945,24.46999931335449,24.204200744628903,2640700
2024-05-06,NWSA,24.530000686645508,24.6299991607666,24.21999931335449,24.559999465942383,24.2932243347168,3297900
2024-05-06,NWSA,24.530000686645508,24.6299991607666,24.21999931335449,24.559999465942383,24.2932243347168,3297900
2024-05-07,NWSA,24.790000915527344,24.82999992370605,24.299999237060547,24.420000076293945,24.15474510192871,4734300
2024-05-07,NWSA,24.790000915527344,24.82999992370605,24.299999237060547,24.420000076293945,24.15474510192871,4734300
2024-05-08,NWSA,24.1200008392334,24.309999465942383,23.979999542236328,24.13999938964844,23.877784729003903,5445100
2024-05-08,NWSA,24.1200008392334,24.309999465942383,23.979999542236328,24.13999938964844,23.877784729003903,5445100
2024-05-09,NWSA,23.149999618530277,24.920000076293945,22.649999618530277,24.780000686645508,24.51083374023437,8134400
2024-05-09,NWSA,23.149999618530277,24.920000076293945,22.649999618530277,24.780000686645508,24.51083374023437,8134400
2024-05-10,NWSA,24.799999237060547,25.06999969482422,24.59000015258789,25.030000686645508,24.75811767578125,4267500
2024-05-10,NWSA,24.799999237060547,25.06999969482422,24.59000015258789,25.030000686645508,24.75811767578125,4267500
2024-05-13,NWSA,25.190000534057617,25.559999465942383,25.09000015258789,25.459999084472656,25.183448791503903,3344600
2024-05-13,NWSA,25.190000534057617,25.559999465942383,25.09000015258789,25.459999084472656,25.183448791503903,3344600
2024-05-14,NWSA,25.530000686645508,25.65999984741211,25.36000061035156,25.56999969482422,25.29225349426269,2860900
2024-05-14,NWSA,25.530000686645508,25.65999984741211,25.36000061035156,25.56999969482422,25.29225349426269,2860900
2024-05-15,NWSA,25.76000022888184,26.059999465942383,25.670000076293945,25.989999771118164,25.70768928527832,2383700
2024-05-15,NWSA,25.76000022888184,26.059999465942383,25.670000076293945,25.989999771118164,25.70768928527832,2383700
2024-05-16,NWSA,26.030000686645508,26.540000915527344,26.030000686645508,26.299999237060547,26.01432228088379,2772700
2024-05-16,NWSA,26.030000686645508,26.540000915527344,26.030000686645508,26.299999237060547,26.01432228088379,2772700
2024-05-17,NWSA,26.40999984741211,26.40999984741211,26.1200008392334,26.290000915527344,26.004432678222656,1866500
2024-05-17,NWSA,26.40999984741211,26.40999984741211,26.1200008392334,26.290000915527344,26.004432678222656,1866500
2024-05-20,NWSA,26.32999992370605,26.440000534057617,26.21999931335449,26.420000076293945,26.133020401000977,1707600
2024-05-20,NWSA,26.32999992370605,26.440000534057617,26.21999931335449,26.420000076293945,26.133020401000977,1707600
2024-05-21,NWSA,26.3700008392334,26.459999084472656,26.170000076293945,26.290000915527344,26.004432678222656,1589800
2024-05-21,NWSA,26.3700008392334,26.459999084472656,26.170000076293945,26.290000915527344,26.004432678222656,1589800
2024-05-22,NWSA,26.26000022888184,26.32999992370605,25.940000534057617,25.950000762939453,25.66812515258789,2728500
2024-05-22,NWSA,26.26000022888184,26.32999992370605,25.940000534057617,25.950000762939453,25.66812515258789,2728500
2024-05-23,NWSA,26.51000022888184,26.65999984741211,25.82999992370605,25.8799991607666,25.59888458251953,2675200
2024-05-23,NWSA,26.51000022888184,26.65999984741211,25.82999992370605,25.8799991607666,25.59888458251953,2675200
2024-05-24,NWSA,25.979999542236328,26.799999237060547,25.8799991607666,26.739999771118164,26.44954490661621,2080300
2024-05-24,NWSA,25.979999542236328,26.799999237060547,25.8799991607666,26.739999771118164,26.44954490661621,2080300
2024-05-28,NWSA,26.770000457763672,26.940000534057617,26.549999237060547,26.6299991607666,26.34073829650879,3117200
2024-05-28,NWSA,26.770000457763672,26.940000534057617,26.549999237060547,26.6299991607666,26.34073829650879,3117200
2024-05-29,NWSA,26.38999938964844,26.739999771118164,26.38999938964844,26.6299991607666,26.34073829650879,1887100
2024-05-29,NWSA,26.38999938964844,26.739999771118164,26.38999938964844,26.6299991607666,26.34073829650879,1887100
2024-05-30,NWSA,26.700000762939453,26.959999084472656,26.520000457763672,26.920000076293945,26.627588272094727,1969300
2024-05-30,NWSA,26.700000762939453,26.959999084472656,26.520000457763672,26.920000076293945,26.627588272094727,1969300
2024-05-31,NWSA,26.809999465942383,27.209999084472656,26.739999771118164,27.190000534057617,26.89465713500977,3787200
2024-05-31,NWSA,26.809999465942383,27.209999084472656,26.739999771118164,27.190000534057617,26.89465713500977,3787200
2024-06-03,NWSA,27.38999938964844,27.46999931335449,27.09000015258789,27.290000915527344,26.99357032775879,1957600
2024-06-03,NWSA,27.38999938964844,27.46999931335449,27.09000015258789,27.290000915527344,26.99357032775879,1957600
2024-06-04,NWSA,27.18000030517578,27.450000762939453,27.049999237060547,27.229999542236328,26.934221267700195,2512000
2024-06-04,NWSA,27.18000030517578,27.450000762939453,27.049999237060547,27.229999542236328,26.934221267700195,2512000
2024-06-05,NWSA,27.26000022888184,27.920000076293945,27.15999984741211,27.88999938964844,27.587053298950195,2168800
2024-06-05,NWSA,27.26000022888184,27.920000076293945,27.15999984741211,27.88999938964844,27.587053298950195,2168800
2024-06-06,NWSA,27.86000061035156,27.920000076293945,27.670000076293945,27.709999084472656,27.409008026123047,2340800
2024-06-06,NWSA,27.86000061035156,27.920000076293945,27.670000076293945,27.709999084472656,27.409008026123047,2340800
2024-06-07,NWSA,27.61000061035156,27.61000061035156,27.1200008392334,27.190000534057617,26.89465713500977,3109300
2024-06-07,NWSA,27.61000061035156,27.61000061035156,27.1200008392334,27.190000534057617,26.89465713500977,3109300
2024-06-10,NWSA,27.06999969482422,27.25,26.979999542236328,27.209999084472656,26.914438247680664,1412100
2024-06-10,NWSA,27.06999969482422,27.25,26.979999542236328,27.209999084472656,26.914438247680664,1412100
2024-06-11,NWSA,27.09000015258789,27.450000762939453,27.09000015258789,27.350000381469727,27.05291748046875,1618000
2024-06-11,NWSA,27.09000015258789,27.450000762939453,27.09000015258789,27.350000381469727,27.05291748046875,1618000
2024-06-12,NWSA,27.670000076293945,27.739999771118164,27.420000076293945,27.549999237060547,27.2507438659668,1338600
2024-06-12,NWSA,27.670000076293945,27.739999771118164,27.420000076293945,27.549999237060547,27.2507438659668,1338600
2024-06-13,NWSA,27.450000762939453,27.450000762939453,27.0,27.190000534057617,26.89465713500977,1235400
2024-06-13,NWSA,27.450000762939453,27.450000762939453,27.0,27.190000534057617,26.89465713500977,1235400
2024-06-14,NWSA,27.020000457763672,27.15999984741211,26.780000686645508,27.07999992370605,26.785850524902344,2442700
2024-06-14,NWSA,27.020000457763672,27.15999984741211,26.780000686645508,27.07999992370605,26.785850524902344,2442700
2024-06-17,NWSA,27.07999992370605,27.07999992370605,26.739999771118164,26.86000061035156,26.56824111938477,1780500
2024-06-17,NWSA,27.07999992370605,27.07999992370605,26.739999771118164,26.86000061035156,26.56824111938477,1780500
2024-06-18,NWSA,26.799999237060547,27.1200008392334,26.600000381469727,27.01000022888184,26.716611862182617,1988900
2024-06-18,NWSA,26.799999237060547,27.1200008392334,26.600000381469727,27.01000022888184,26.716611862182617,1988900
2024-06-20,NWSA,26.920000076293945,27.21999931335449,26.84000015258789,26.899999618530277,26.607805252075195,1901300
2024-06-20,NWSA,26.920000076293945,27.21999931335449,26.84000015258789,26.899999618530277,26.607805252075195,1901300
2024-06-21,NWSA,26.959999084472656,27.1299991607666,26.600000381469727,26.850000381469727,26.558349609375,8347600
2024-06-21,NWSA,26.959999084472656,27.1299991607666,26.600000381469727,26.850000381469727,26.558349609375,8347600
2024-06-24,NWSA,26.959999084472656,27.530000686645508,26.920000076293945,27.51000022888184,27.211181640625,2594000
2024-06-24,NWSA,26.959999084472656,27.530000686645508,26.920000076293945,27.51000022888184,27.211181640625,2594000
2024-06-25,NWSA,27.520000457763672,27.88999938964844,27.36000061035156,27.8700008392334,27.567270278930664,2369400
2024-06-25,NWSA,27.520000457763672,27.88999938964844,27.36000061035156,27.8700008392334,27.567270278930664,2369400
2024-06-26,NWSA,27.8700008392334,27.989999771118164,27.68000030517578,27.8700008392334,27.567270278930664,1780800
2024-06-26,NWSA,27.8700008392334,27.989999771118164,27.68000030517578,27.8700008392334,27.567270278930664,1780800
2024-06-27,NWSA,27.8799991607666,27.920000076293945,27.6299991607666,27.690000534057617,27.38922500610352,2004100
2024-06-27,NWSA,27.8799991607666,27.920000076293945,27.6299991607666,27.690000534057617,27.38922500610352,2004100
2024-06-28,NWSA,27.65999984741211,27.940000534057617,27.40999984741211,27.56999969482422,27.27052879333496,4829000
2024-06-28,NWSA,27.65999984741211,27.940000534057617,27.40999984741211,27.56999969482422,27.27052879333496,4829000
2024-07-01,NWSA,27.559999465942383,27.86000061035156,27.280000686645508,27.290000915527344,26.99357032775879,2042900
2024-07-01,NWSA,27.559999465942383,27.86000061035156,27.280000686645508,27.290000915527344,26.99357032775879,2042900
2024-07-02,NWSA,27.15999984741211,27.649999618530277,27.09000015258789,27.6299991607666,27.32987594604492,2368200
2024-07-02,NWSA,27.15999984741211,27.649999618530277,27.09000015258789,27.6299991607666,27.32987594604492,2368200
2024-07-03,NWSA,27.65999984741211,27.82999992370605,27.61000061035156,27.65999984741211,27.35955047607422,1063300
2024-07-03,NWSA,27.65999984741211,27.82999992370605,27.61000061035156,27.65999984741211,27.35955047607422,1063300
2024-07-05,NWSA,27.61000061035156,27.649999618530277,27.38999938964844,27.479999542236328,27.18150520324707,1772500
2024-07-05,NWSA,27.61000061035156,27.649999618530277,27.38999938964844,27.479999542236328,27.18150520324707,1772500
2024-07-08,NWSA,27.649999618530277,27.770000457763672,27.170000076293945,27.25,26.954004287719727,2556100
2024-07-08,NWSA,27.649999618530277,27.770000457763672,27.170000076293945,27.25,26.954004287719727,2556100
2024-07-09,NWSA,27.209999084472656,27.8799991607666,27.06999969482422,27.71999931335449,27.41889762878418,3186700
2024-07-09,NWSA,27.209999084472656,27.8799991607666,27.06999969482422,27.71999931335449,27.41889762878418,3186700
2024-07-10,NWSA,27.82999992370605,27.899999618530277,27.6299991607666,27.790000915527344,27.48813819885254,1674300
2024-07-10,NWSA,27.82999992370605,27.899999618530277,27.6299991607666,27.790000915527344,27.48813819885254,1674300
2024-07-11,NWSA,27.950000762939453,28.030000686645508,27.809999465942383,27.84000015258789,27.537595748901367,2112500
2024-07-11,NWSA,27.950000762939453,28.030000686645508,27.809999465942383,27.84000015258789,27.537595748901367,2112500
2024-07-12,NWSA,27.920000076293945,28.09000015258789,27.700000762939453,27.739999771118164,27.43868064880371,3380400
2024-07-12,NWSA,27.920000076293945,28.09000015258789,27.700000762939453,27.739999771118164,27.43868064880371,3380400
2024-07-15,NWSA,27.739999771118164,27.93000030517578,27.530000686645508,27.700000762939453,27.39911651611328,2502100
2024-07-15,NWSA,27.739999771118164,27.93000030517578,27.530000686645508,27.700000762939453,27.39911651611328,2502100
2024-07-16,NWSA,27.799999237060547,28.6200008392334,27.75,28.440000534057617,28.131078720092773,4387900
2024-07-16,NWSA,27.799999237060547,28.6200008392334,27.75,28.440000534057617,28.131078720092773,4387900
2024-07-17,NWSA,28.3799991607666,28.489999771118164,27.8700008392334,27.989999771118164,27.68596649169922,3877800
2024-07-17,NWSA,28.3799991607666,28.489999771118164,27.8700008392334,27.989999771118164,27.68596649169922,3877800
2024-07-18,NWSA,28.020000457763672,28.1299991607666,27.68000030517578,27.780000686645508,27.478248596191406,2286800
2024-07-18,NWSA,28.020000457763672,28.1299991607666,27.68000030517578,27.780000686645508,27.478248596191406,2286800
2024-07-19,NWSA,27.770000457763672,27.850000381469727,27.25,27.3700008392334,27.072702407836918,3194900
2024-07-19,NWSA,27.770000457763672,27.850000381469727,27.25,27.3700008392334,27.072702407836918,3194900
2024-07-22,NWSA,27.5,27.8700008392334,27.209999084472656,27.729999542236328,27.428791046142575,2333600
2024-07-22,NWSA,27.5,27.8700008392334,27.209999084472656,27.729999542236328,27.428791046142575,2333600
2024-07-23,NWSA,27.690000534057617,28.200000762939453,27.57999992370605,28.100000381469727,27.794771194458008,2269500
2024-07-23,NWSA,27.690000534057617,28.200000762939453,27.57999992370605,28.100000381469727,27.794771194458008,2269500
2024-07-24,NWSA,28.030000686645508,28.030000686645508,27.290000915527344,27.309999465942383,27.013351440429688,1793800
2024-07-24,NWSA,28.030000686645508,28.030000686645508,27.290000915527344,27.309999465942383,27.013351440429688,1793800
2024-07-25,NWSA,27.440000534057617,27.649999618530277,27.149999618530277,27.149999618530277,26.85508918762207,2145500
2024-07-25,NWSA,27.440000534057617,27.649999618530277,27.149999618530277,27.149999618530277,26.85508918762207,2145500
2024-07-26,NWSA,27.34000015258789,27.63999938964844,27.049999237060547,27.489999771118164,27.19139671325684,2205500
2024-07-26,NWSA,27.34000015258789,27.63999938964844,27.049999237060547,27.489999771118164,27.19139671325684,2205500
2024-07-29,NWSA,27.700000762939453,27.799999237060547,27.549999237060547,27.690000534057617,27.38922500610352,1628200
2024-07-29,NWSA,27.700000762939453,27.799999237060547,27.549999237060547,27.690000534057617,27.38922500610352,1628200
2024-07-30,NWSA,27.799999237060547,27.82999992370605,27.26000022888184,27.420000076293945,27.12215805053711,2345000
2024-07-30,NWSA,27.799999237060547,27.82999992370605,27.26000022888184,27.420000076293945,27.12215805053711,2345000
2024-07-31,NWSA,27.65999984741211,27.75,27.46999931335449,27.57999992370605,27.280420303344727,3497400
2024-07-31,NWSA,27.65999984741211,27.75,27.46999931335449,27.57999992370605,27.280420303344727,3497400
2024-08-01,NWSA,27.729999542236328,27.809999465942383,26.950000762939453,27.170000076293945,26.874874114990234,2663700
2024-08-01,NWSA,27.729999542236328,27.809999465942383,26.950000762939453,27.170000076293945,26.874874114990234,2663700
2024-08-02,NWSA,26.76000022888184,26.96999931335449,25.989999771118164,26.299999237060547,26.01432228088379,3073700
2024-08-02,NWSA,26.76000022888184,26.96999931335449,25.989999771118164,26.299999237060547,26.01432228088379,3073700
2024-08-05,NWSA,25.950000762939453,25.950000762939453,25.13999938964844,25.40999984741211,25.13399124145508,3575700
2024-08-05,NWSA,25.950000762939453,25.950000762939453,25.13999938964844,25.40999984741211,25.13399124145508,3575700
2024-08-06,NWSA,25.530000686645508,26.15999984741211,25.40999984741211,26.059999465942383,25.77692985534668,5465500
2024-08-06,NWSA,25.530000686645508,26.15999984741211,25.40999984741211,26.059999465942383,25.77692985534668,5465500
2024-08-07,NWSA,26.420000076293945,26.479999542236328,25.920000076293945,26.040000915527344,25.75714874267578,4195300
2024-08-07,NWSA,26.420000076293945,26.479999542236328,25.920000076293945,26.040000915527344,25.75714874267578,4195300
2024-08-08,NWSA,26.1299991607666,26.940000534057617,26.0,26.780000686645508,26.489110946655277,4232500
2024-08-08,NWSA,26.1299991607666,26.940000534057617,26.0,26.780000686645508,26.489110946655277,4232500
2024-08-09,NWSA,27.100000381469727,27.959999084472656,26.899999618530277,27.739999771118164,27.43868064880371,5104500
2024-08-09,NWSA,27.100000381469727,27.959999084472656,26.899999618530277,27.739999771118164,27.43868064880371,5104500
2024-08-12,NWSA,27.6299991607666,27.82999992370605,27.059999465942383,27.11000061035156,26.815526962280277,2997000
2024-08-12,NWSA,27.6299991607666,27.82999992370605,27.059999465942383,27.11000061035156,26.815526962280277,2997000
2024-08-13,NWSA,27.170000076293945,27.670000076293945,27.07999992370605,27.540000915527344,27.240856170654297,2644100
2024-08-13,NWSA,27.170000076293945,27.670000076293945,27.07999992370605,27.540000915527344,27.240856170654297,2644100
2024-08-14,NWSA,27.489999771118164,27.600000381469727,27.290000915527344,27.31999969482422,27.02324485778809,1640900
2024-08-14,NWSA,27.489999771118164,27.600000381469727,27.290000915527344,27.31999969482422,27.02324485778809,1640900
2024-08-15,NWSA,27.34000015258789,27.68000030517578,27.290000915527344,27.57999992370605,27.280420303344727,3741800
2024-08-15,NWSA,27.34000015258789,27.68000030517578,27.290000915527344,27.57999992370605,27.280420303344727,3741800
2024-08-16,NWSA,27.450000762939453,27.6299991607666,27.350000381469727,27.399999618530277,27.102373123168945,2712300
2024-08-16,NWSA,27.450000762939453,27.6299991607666,27.350000381469727,27.399999618530277,27.102373123168945,2712300
2024-08-19,NWSA,27.450000762939453,27.81999969482422,27.3799991607666,27.81999969482422,27.51781272888184,1597100
2024-08-19,NWSA,27.450000762939453,27.81999969482422,27.3799991607666,27.81999969482422,27.51781272888184,1597100
2024-08-20,NWSA,27.81999969482422,27.93000030517578,27.25,27.38999938964844,27.09248352050781,1964800
2024-08-20,NWSA,27.81999969482422,27.93000030517578,27.25,27.38999938964844,27.09248352050781,1964800
2024-08-21,NWSA,27.56999969482422,27.790000915527344,27.38999938964844,27.770000457763672,27.46835708618164,1443400
2024-08-21,NWSA,27.56999969482422,27.790000915527344,27.38999938964844,27.770000457763672,27.46835708618164,1443400
2024-08-22,NWSA,27.920000076293945,27.93000030517578,27.690000534057617,27.84000015258789,27.537595748901367,1735800
2024-08-22,NWSA,27.920000076293945,27.93000030517578,27.690000534057617,27.84000015258789,27.537595748901367,1735800
2024-08-23,NWSA,28.07999992370605,28.270000457763672,27.93000030517578,28.13999938964844,27.83433532714844,1350200
2024-08-23,NWSA,28.07999992370605,28.270000457763672,27.93000030517578,28.13999938964844,27.83433532714844,1350200
2024-08-26,NWSA,28.209999084472656,28.459999084472656,27.989999771118164,28.020000457763672,27.71564292907715,1193100
2024-08-26,NWSA,28.209999084472656,28.459999084472656,27.989999771118164,28.020000457763672,27.71564292907715,1193100
2024-08-27,NWSA,28.020000457763672,28.13999938964844,27.780000686645508,27.979999542236328,27.67607307434082,1304500
2024-08-27,NWSA,28.020000457763672,28.13999938964844,27.780000686645508,27.979999542236328,27.67607307434082,1304500
2024-08-28,NWSA,27.979999542236328,28.479999542236328,27.96999931335449,28.07999992370605,27.77499008178711,1355700
2024-08-28,NWSA,27.979999542236328,28.479999542236328,27.96999931335449,28.07999992370605,27.77499008178711,1355700
2024-08-29,NWSA,28.11000061035156,28.290000915527344,27.71999931335449,27.850000381469727,27.5474853515625,2895100
2024-08-29,NWSA,28.11000061035156,28.290000915527344,27.71999931335449,27.850000381469727,27.5474853515625,2895100
2024-08-30,NWSA,27.96999931335449,28.36000061035156,27.950000762939453,28.32999992370605,28.02227210998535,2306300
2024-08-30,NWSA,27.96999931335449,28.36000061035156,27.950000762939453,28.32999992370605,28.02227210998535,2306300
2024-09-03,NWSA,28.07999992370605,28.190000534057617,26.81999969482422,26.96999931335449,26.677045822143555,4278900
2024-09-03,NWSA,28.07999992370605,28.190000534057617,26.81999969482422,26.96999931335449,26.677045822143555,4278900
2024-09-04,NWSA,26.93000030517578,27.600000381469727,26.88999938964844,27.13999938964844,26.845197677612305,2653800
2024-09-04,NWSA,26.93000030517578,27.600000381469727,26.88999938964844,27.13999938964844,26.845197677612305,2653800
2024-09-05,NWSA,27.170000076293945,27.229999542236328,26.65999984741211,26.93000030517578,26.637481689453125,2248500
2024-09-05,NWSA,27.170000076293945,27.229999542236328,26.65999984741211,26.93000030517578,26.637481689453125,2248500
2024-09-06,NWSA,27.0,27.18000030517578,26.459999084472656,26.56999969482422,26.281389236450195,2962300
2024-09-06,NWSA,27.0,27.18000030517578,26.459999084472656,26.56999969482422,26.281389236450195,2962300
2024-09-09,NWSA,26.6299991607666,26.81999969482422,26.549999237060547,26.600000381469727,26.31106376647949,2069300
2024-09-09,NWSA,26.6299991607666,26.81999969482422,26.549999237060547,26.600000381469727,26.31106376647949,2069300
2024-09-10,NWSA,26.71999931335449,26.780000686645508,26.100000381469727,26.3799991607666,26.09345245361328,3489400
2024-09-10,NWSA,26.71999931335449,26.780000686645508,26.100000381469727,26.3799991607666,26.09345245361328,3489400
2024-09-11,NWSA,26.239999771118164,26.290000915527344,25.71999931335449,25.950000762939453,25.765796661376957,2311800
2024-09-11,NWSA,26.239999771118164,26.290000915527344,25.71999931335449,25.950000762939453,25.765796661376957,2311800
2024-09-12,NWSA,25.90999984741211,26.049999237060547,25.739999771118164,25.959999084472656,25.77572631835937,2373100
2024-09-12,NWSA,25.90999984741211,26.049999237060547,25.739999771118164,25.959999084472656,25.77572631835937,2373100
2024-09-13,NWSA,26.100000381469727,26.26000022888184,26.049999237060547,26.13999938964844,25.95444679260254,2025000
2024-09-13,NWSA,26.100000381469727,26.26000022888184,26.049999237060547,26.13999938964844,25.95444679260254,2025000
2024-09-16,NWSA,26.13999938964844,26.18000030517578,25.8799991607666,26.09000015258789,25.904804229736328,2393000
2024-09-16,NWSA,26.13999938964844,26.18000030517578,25.8799991607666,26.09000015258789,25.904804229736328,2393000
2024-09-17,NWSA,26.200000762939453,26.600000381469727,26.100000381469727,26.34000015258789,26.15302848815918,2374400
2024-09-17,NWSA,26.200000762939453,26.600000381469727,26.100000381469727,26.34000015258789,26.15302848815918,2374400
2024-09-18,NWSA,26.3799991607666,26.8700008392334,26.34000015258789,26.450000762939453,26.26224899291992,2442600
2024-09-18,NWSA,26.3799991607666,26.8700008392334,26.34000015258789,26.450000762939453,26.26224899291992,2442600
2024-09-19,NWSA,26.8700008392334,26.959999084472656,26.520000457763672,26.540000915527344,26.35161018371582,1803700
2024-09-19,NWSA,26.8700008392334,26.959999084472656,26.520000457763672,26.540000915527344,26.35161018371582,1803700
2024-09-20,NWSA,26.530000686645508,26.600000381469727,26.040000915527344,26.34000015258789,26.15302848815918,7065700
2024-09-20,NWSA,26.530000686645508,26.600000381469727,26.040000915527344,26.34000015258789,26.15302848815918,7065700
2024-09-23,NWSA,26.31999969482422,26.56999969482422,26.229999542236328,26.489999771118164,26.301963806152344,2016900
2024-09-23,NWSA,26.31999969482422,26.56999969482422,26.229999542236328,26.489999771118164,26.301963806152344,2016900
2024-09-24,NWSA,26.489999771118164,26.709999084472656,26.440000534057617,26.709999084472656,26.52040100097656,1425100
2024-09-24,NWSA,26.489999771118164,26.709999084472656,26.440000534057617,26.709999084472656,26.52040100097656,1425100
2024-09-25,NWSA,26.690000534057617,26.76000022888184,26.209999084472656,26.25,26.06366729736328,1623700
2024-09-25,NWSA,26.690000534057617,26.76000022888184,26.209999084472656,26.25,26.06366729736328,1623700
2024-09-26,NWSA,26.440000534057617,26.540000915527344,26.290000915527344,26.3799991607666,26.1927433013916,1650100
2024-09-26,NWSA,26.440000534057617,26.540000915527344,26.290000915527344,26.3799991607666,26.1927433013916,1650100
2024-09-27,NWSA,26.56999969482422,26.770000457763672,26.420000076293945,26.5,26.31189346313477,1488700
2024-09-27,NWSA,26.56999969482422,26.770000457763672,26.420000076293945,26.5,26.31189346313477,1488700
2024-09-30,NWSA,26.51000022888184,26.71999931335449,26.290000915527344,26.6299991607666,26.44096946716309,3560900
2024-09-30,NWSA,26.51000022888184,26.71999931335449,26.290000915527344,26.6299991607666,26.44096946716309,3560900
2024-10-01,NWSA,26.61000061035156,26.729999542236328,26.15999984741211,26.40999984741211,26.222532272338867,2631600
2024-10-01,NWSA,26.61000061035156,26.729999542236328,26.15999984741211,26.40999984741211,26.222532272338867,2631600
2024-10-02,NWSA,26.06999969482422,26.489999771118164,26.06999969482422,26.190000534057617,26.004093170166016,1285400
2024-10-02,NWSA,26.06999969482422,26.489999771118164,26.06999969482422,26.190000534057617,26.004093170166016,1285400
2024-10-03,NWSA,26.06999969482422,26.18000030517578,25.88999938964844,26.020000457763672,25.83530044555664,1571900
2024-10-03,NWSA,26.06999969482422,26.18000030517578,25.88999938964844,26.020000457763672,25.83530044555664,1571900
2024-10-04,NWSA,26.229999542236328,26.450000762939453,26.0,26.13999938964844,25.95444679260254,1128000
2024-10-04,NWSA,26.229999542236328,26.450000762939453,26.0,26.13999938964844,25.95444679260254,1128000
2024-10-07,NWSA,26.0,26.170000076293945,25.940000534057617,25.989999771118164,25.80551147460937,1648400
2024-10-07,NWSA,26.0,26.170000076293945,25.940000534057617,25.989999771118164,25.80551147460937,1648400
2024-10-08,NWSA,26.049999237060547,26.07999992370605,25.549999237060547,25.90999984741211,25.7260799407959,2675800
2024-10-08,NWSA,26.049999237060547,26.07999992370605,25.549999237060547,25.90999984741211,25.7260799407959,2675800
2024-10-09,NWSA,25.940000534057617,26.440000534057617,25.93000030517578,26.280000686645508,26.093454360961918,2105500
2024-10-09,NWSA,25.940000534057617,26.440000534057617,25.93000030517578,26.280000686645508,26.093454360961918,2105500
2024-10-10,NWSA,26.239999771118164,26.31999969482422,25.65999984741211,25.68000030517578,25.49771499633789,2039100
2024-10-10,NWSA,26.239999771118164,26.31999969482422,25.65999984741211,25.68000030517578,25.49771499633789,2039100
2024-10-11,NWSA,25.65999984741211,26.1200008392334,25.65999984741211,25.93000030517578,25.745939254760746,1859500
2024-10-11,NWSA,25.65999984741211,26.1200008392334,25.65999984741211,25.93000030517578,25.745939254760746,1859500
2024-10-14,NWSA,25.989999771118164,26.11000061035156,25.780000686645508,26.040000915527344,25.855159759521484,1494400
2024-10-14,NWSA,25.989999771118164,26.11000061035156,25.780000686645508,26.040000915527344,25.855159759521484,1494400
2024-10-15,NWSA,26.18000030517578,26.739999771118164,26.049999237060547,26.46999931335449,26.2821044921875,2688100
2024-10-15,NWSA,26.18000030517578,26.739999771118164,26.049999237060547,26.46999931335449,26.2821044921875,2688100
2024-10-16,NWSA,26.549999237060547,26.6200008392334,26.36000061035156,26.3700008392334,26.182817459106445,1692800
2024-10-16,NWSA,26.549999237060547,26.6200008392334,26.36000061035156,26.3700008392334,26.182817459106445,1692800
2024-10-17,NWSA,26.420000076293945,26.57999992370605,26.26000022888184,26.440000534057617,26.252317428588867,1364200
2024-10-17,NWSA,26.420000076293945,26.57999992370605,26.26000022888184,26.440000534057617,26.252317428588867,1364200
2024-10-18,NWSA,26.489999771118164,26.51000022888184,26.290000915527344,26.32999992370605,26.14310073852539,2255000
2024-10-18,NWSA,26.489999771118164,26.51000022888184,26.290000915527344,26.32999992370605,26.14310073852539,2255000
2024-10-21,NWSA,26.270000457763672,26.59000015258789,26.270000457763672,26.32999992370605,26.14310073852539,1261400
2024-10-21,NWSA,26.270000457763672,26.59000015258789,26.270000457763672,26.32999992370605,26.14310073852539,1261400
2024-10-22,NWSA,26.280000686645508,26.43000030517578,25.989999771118164,26.11000061035156,25.92466163635254,1901900
2024-10-22,NWSA,26.280000686645508,26.43000030517578,25.989999771118164,26.11000061035156,25.92466163635254,1901900
2024-10-23,NWSA,26.11000061035156,26.200000762939453,25.790000915527344,25.8799991607666,25.696292877197266,1733300
2024-10-23,NWSA,26.11000061035156,26.200000762939453,25.790000915527344,25.8799991607666,25.696292877197266,1733300
2024-10-24,NWSA,25.899999618530277,26.059999465942383,25.799999237060547,25.950000762939453,25.765796661376957,1577000
2024-10-24,NWSA,25.899999618530277,26.059999465942383,25.799999237060547,25.950000762939453,25.765796661376957,1577000
2024-10-25,NWSA,25.989999771118164,26.200000762939453,25.940000534057617,25.989999771118164,25.80551147460937,1479300
2024-10-25,NWSA,25.989999771118164,26.200000762939453,25.940000534057617,25.989999771118164,25.80551147460937,1479300
2024-10-28,NWSA,26.21999931335449,26.6299991607666,26.030000686645508,26.51000022888184,26.321821212768555,3403100
2024-10-28,NWSA,26.21999931335449,26.6299991607666,26.030000686645508,26.51000022888184,26.321821212768555,3403100
2024-10-29,NWSA,26.51000022888184,27.3799991607666,26.43000030517578,27.32999992370605,27.13599967956543,2787200
2024-10-29,NWSA,26.51000022888184,27.3799991607666,26.43000030517578,27.32999992370605,27.13599967956543,2787200
2024-10-30,NWSA,27.299999237060547,27.739999771118164,27.26000022888184,27.280000686645508,27.08635711669922,1967900
2024-10-30,NWSA,27.299999237060547,27.739999771118164,27.26000022888184,27.280000686645508,27.08635711669922,1967900
2024-10-31,NWSA,27.25,27.3799991607666,27.100000381469727,27.25,27.056568145751957,3615000
2024-10-31,NWSA,27.25,27.3799991607666,27.100000381469727,27.25,27.056568145751957,3615000
2024-11-01,NWSA,27.209999084472656,27.43000030517578,27.049999237060547,27.31999969482422,27.12607192993164,2326700
2024-11-01,NWSA,27.209999084472656,27.43000030517578,27.049999237060547,27.31999969482422,27.12607192993164,2326700
2024-11-04,NWSA,27.549999237060547,27.71999931335449,27.31999969482422,27.420000076293945,27.225360870361328,2279900
2024-11-04,NWSA,27.549999237060547,27.71999931335449,27.31999969482422,27.420000076293945,27.225360870361328,2279900
2024-11-05,NWSA,27.309999465942383,27.950000762939453,27.309999465942383,27.850000381469727,27.65230941772461,2099100
2024-11-05,NWSA,27.309999465942383,27.950000762939453,27.309999465942383,27.850000381469727,27.65230941772461,2099100
2024-11-06,NWSA,28.75,29.1299991607666,28.670000076293945,28.950000762939453,28.744503021240234,2234500
2024-11-06,NWSA,28.75,29.1299991607666,28.670000076293945,28.950000762939453,28.744503021240234,2234500
2024-11-07,NWSA,29.0,29.34000015258789,28.93000030517578,29.15999984741211,28.95301055908203,3088200
2024-11-07,NWSA,29.0,29.34000015258789,28.93000030517578,29.15999984741211,28.95301055908203,3088200
2024-11-08,NWSA,28.86000061035156,30.040000915527344,28.520000457763672,29.520000457763672,29.310455322265625,4388300
2024-11-08,NWSA,28.86000061035156,30.040000915527344,28.520000457763672,29.520000457763672,29.310455322265625,4388300
2024-11-11,NWSA,29.520000457763672,29.989999771118164,29.18000030517578,29.229999542236328,29.02251434326172,3637900
2024-11-11,NWSA,29.520000457763672,29.989999771118164,29.18000030517578,29.229999542236328,29.02251434326172,3637900
2024-11-12,NWSA,29.25,29.51000022888184,29.100000381469727,29.32999992370605,29.121803283691406,3800700
2024-11-12,NWSA,29.25,29.51000022888184,29.100000381469727,29.32999992370605,29.121803283691406,3800700
2024-11-13,NWSA,29.5,29.57999992370605,28.84000015258789,28.850000381469727,28.64521026611328,2241700
2024-11-13,NWSA,29.5,29.57999992370605,28.84000015258789,28.850000381469727,28.64521026611328,2241700
2024-11-14,NWSA,28.65999984741211,29.15999984741211,28.540000915527344,29.11000061035156,28.903366088867188,3439900
2024-11-14,NWSA,28.65999984741211,29.15999984741211,28.540000915527344,29.11000061035156,28.903366088867188,3439900
2024-11-15,NWSA,29.040000915527344,29.350000381469727,28.61000061035156,28.6200008392334,28.416845321655277,3945500
2024-11-15,NWSA,29.040000915527344,29.350000381469727,28.61000061035156,28.6200008392334,28.416845321655277,3945500
2024-11-18,NWSA,28.649999618530277,28.8799991607666,28.51000022888184,28.61000061035156,28.40691566467285,3044100
2024-11-18,NWSA,28.649999618530277,28.8799991607666,28.51000022888184,28.61000061035156,28.40691566467285,3044100
2024-11-19,NWSA,28.21999931335449,28.84000015258789,28.21999931335449,28.799999237060547,28.59556579589844,3528200
2024-11-19,NWSA,28.21999931335449,28.84000015258789,28.21999931335449,28.799999237060547,28.59556579589844,3528200
2024-11-20,NWSA,28.81999969482422,29.209999084472656,28.729999542236328,29.149999618530277,28.94308090209961,3981400
2024-11-20,NWSA,28.81999969482422,29.209999084472656,28.729999542236328,29.149999618530277,28.94308090209961,3981400
2024-11-21,NWSA,29.25,29.6200008392334,28.71999931335449,29.540000915527344,29.33031272888184,3105400
2024-11-21,NWSA,29.25,29.6200008392334,28.71999931335449,29.540000915527344,29.33031272888184,3105400
2024-11-22,NWSA,29.530000686645508,29.899999618530277,29.450000762939453,29.489999771118164,29.280668258666992,3412000
2024-11-22,NWSA,29.530000686645508,29.899999618530277,29.450000762939453,29.489999771118164,29.280668258666992,3412000
2024-11-25,NWSA,29.549999237060547,29.670000076293945,29.38999938964844,29.459999084472656,29.250879287719727,4575400
2024-11-25,NWSA,29.549999237060547,29.670000076293945,29.38999938964844,29.459999084472656,29.250879287719727,4575400
2024-11-26,NWSA,29.3700008392334,29.520000457763672,29.190000534057617,29.280000686645508,29.07215881347656,1616800
2024-11-26,NWSA,29.3700008392334,29.520000457763672,29.190000534057617,29.280000686645508,29.07215881347656,1616800
2024-11-27,NWSA,29.299999237060547,29.40999984741211,29.01000022888184,29.049999237060547,28.84379005432129,1808600
2024-11-27,NWSA,29.299999237060547,29.40999984741211,29.01000022888184,29.049999237060547,28.84379005432129,1808600
2024-11-29,NWSA,28.989999771118164,29.46999931335449,28.989999771118164,29.350000381469727,29.14166259765625,1509000
2024-11-29,NWSA,28.989999771118164,29.46999931335449,28.989999771118164,29.350000381469727,29.14166259765625,1509000
2024-12-02,NWSA,29.239999771118164,29.549999237060547,29.149999618530277,29.450000762939453,29.24095344543457,3694200
2024-12-02,NWSA,29.239999771118164,29.549999237060547,29.149999618530277,29.450000762939453,29.24095344543457,3694200
2024-12-03,NWSA,29.56999969482422,29.950000762939453,29.3799991607666,29.86000061035156,29.648042678833008,2582000
2024-12-03,NWSA,29.56999969482422,29.950000762939453,29.3799991607666,29.86000061035156,29.648042678833008,2582000
2024-12-04,NWSA,29.86000061035156,29.950000762939453,29.559999465942383,29.649999618530277,29.439531326293945,2267400
2024-12-04,NWSA,29.86000061035156,29.950000762939453,29.559999465942383,29.649999618530277,29.439531326293945,2267400
2024-12-05,NWSA,29.5,29.850000381469727,29.479999542236328,29.520000457763672,29.310455322265625,2404300
2024-12-05,NWSA,29.5,29.850000381469727,29.479999542236328,29.520000457763672,29.310455322265625,2404300
2024-12-06,NWSA,29.3799991607666,29.489999771118164,29.209999084472656,29.350000381469727,29.14166259765625,1389400
2024-12-06,NWSA,29.3799991607666,29.489999771118164,29.209999084472656,29.350000381469727,29.14166259765625,1389400
2024-12-09,NWSA,29.34000015258789,29.559999465942383,29.26000022888184,29.3799991607666,29.17144775390625,1714100
2024-12-09,NWSA,29.34000015258789,29.559999465942383,29.26000022888184,29.3799991607666,29.17144775390625,1714100
2024-12-10,NWSA,29.40999984741211,29.450000762939453,29.01000022888184,29.059999465942383,28.853721618652344,2233100
2024-12-10,NWSA,29.40999984741211,29.450000762939453,29.01000022888184,29.059999465942383,28.853721618652344,2233100
2024-12-11,NWSA,29.21999931335449,29.3799991607666,28.93000030517578,29.06999969482422,28.863649368286133,2939900
2024-12-11,NWSA,29.21999931335449,29.3799991607666,28.93000030517578,29.06999969482422,28.863649368286133,2939900
2024-12-12,NWSA,29.0,29.26000022888184,28.940000534057617,28.979999542236328,28.774288177490234,1661900
2024-12-12,NWSA,29.0,29.26000022888184,28.940000534057617,28.979999542236328,28.774288177490234,1661900
2024-12-13,NWSA,28.8799991607666,28.940000534057617,28.559999465942383,28.61000061035156,28.40691566467285,1288200
2024-12-13,NWSA,28.8799991607666,28.940000534057617,28.559999465942383,28.61000061035156,28.40691566467285,1288200
2024-12-16,NWSA,28.61000061035156,28.920000076293945,28.43000030517578,28.649999618530277,28.446632385253903,1641100
2024-12-16,NWSA,28.61000061035156,28.920000076293945,28.43000030517578,28.649999618530277,28.446632385253903,1641100
2024-12-17,NWSA,28.5,28.71999931335449,28.239999771118164,28.25,28.049470901489254,2155900
2024-12-17,NWSA,28.5,28.71999931335449,28.239999771118164,28.25,28.049470901489254,2155900
2024-12-18,NWSA,28.38999938964844,28.61000061035156,27.649999618530277,27.68000030517578,27.483516693115234,2053400
2024-12-18,NWSA,28.38999938964844,28.61000061035156,27.649999618530277,27.68000030517578,27.483516693115234,2053400
2024-12-19,NWSA,27.71999931335449,28.229999542236328,27.600000381469727,27.61000061035156,27.414012908935547,1817000
2024-12-19,NWSA,27.71999931335449,28.229999542236328,27.600000381469727,27.61000061035156,27.414012908935547,1817000
2024-12-20,NWSA,27.489999771118164,27.96999931335449,27.459999084472656,27.86000061035156,27.66223907470703,5791400
2024-12-20,NWSA,27.489999771118164,27.96999931335449,27.459999084472656,27.86000061035156,27.66223907470703,5791400
2024-12-23,NWSA,27.96999931335449,28.270000457763672,27.88999938964844,28.049999237060547,27.850889205932617,2025600
2024-12-23,NWSA,27.96999931335449,28.270000457763672,27.88999938964844,28.049999237060547,27.850889205932617,2025600
2024-12-24,NWSA,28.13999938964844,28.26000022888184,27.950000762939453,28.25,28.049470901489254,877600
2024-12-24,NWSA,28.13999938964844,28.26000022888184,27.950000762939453,28.25,28.049470901489254,877600
2024-12-26,NWSA,28.07999992370605,28.15999984741211,27.959999084472656,28.149999618530277,27.950180053710938,1351100
2024-12-26,NWSA,28.07999992370605,28.15999984741211,27.959999084472656,28.149999618530277,27.950180053710938,1351100
2024-12-27,NWSA,27.989999771118164,28.11000061035156,27.690000534057617,27.790000915527344,27.592735290527344,1570300
2024-12-27,NWSA,27.989999771118164,28.11000061035156,27.690000534057617,27.790000915527344,27.592735290527344,1570300
2024-12-30,NWSA,27.57999992370605,27.61000061035156,27.1200008392334,27.479999542236328,27.284934997558597,1821500
2024-12-30,NWSA,27.57999992370605,27.61000061035156,27.1200008392334,27.479999542236328,27.284934997558597,1821500
2024-12-31,NWSA,27.6299991607666,27.780000686645508,27.479999542236328,27.540000915527344,27.34451103210449,1623000
2024-12-31,NWSA,27.6299991607666,27.780000686645508,27.479999542236328,27.540000915527344,27.34451103210449,1623000
2025-01-02,NWSA,27.600000381469727,27.799999237060547,27.40999984741211,27.459999084472656,27.26507568359375,2101800
2025-01-02,NWSA,27.600000381469727,27.799999237060547,27.40999984741211,27.459999084472656,27.26507568359375,2101800
2025-01-03,NWSA,27.61000061035156,27.61000061035156,27.1299991607666,27.549999237060547,27.35443878173828,1683700
2025-01-03,NWSA,27.61000061035156,27.61000061035156,27.1299991607666,27.549999237060547,27.35443878173828,1683700
2025-01-06,NWSA,27.540000915527344,27.88999938964844,27.34000015258789,27.440000534057617,27.24522018432617,2189500
2025-01-06,NWSA,27.540000915527344,27.88999938964844,27.34000015258789,27.440000534057617,27.24522018432617,2189500
2025-01-07,NWSA,27.600000381469727,27.82999992370605,27.440000534057617,27.600000381469727,27.40408515930176,2369900
2025-01-07,NWSA,27.600000381469727,27.82999992370605,27.440000534057617,27.600000381469727,27.40408515930176,2369900
2025-01-08,NWSA,27.600000381469727,28.049999237060547,27.170000076293945,27.46999931335449,27.275007247924805,2669100
2025-01-08,NWSA,27.600000381469727,28.049999237060547,27.170000076293945,27.46999931335449,27.275007247924805,2669100
2025-01-10,NWSA,27.36000061035156,27.559999465942383,26.96999931335449,26.979999542236328,26.78848648071289,2397000
2025-01-10,NWSA,27.36000061035156,27.559999465942383,26.96999931335449,26.979999542236328,26.78848648071289,2397000
2025-01-13,NWSA,26.950000762939453,27.459999084472656,26.780000686645508,27.440000534057617,27.24522018432617,2910800
2025-01-13,NWSA,26.950000762939453,27.459999084472656,26.780000686645508,27.440000534057617,27.24522018432617,2910800
2025-01-14,NWSA,27.59000015258789,27.75,27.3799991607666,27.549999237060547,27.35443878173828,2381400
2025-01-14,NWSA,27.59000015258789,27.75,27.3799991607666,27.549999237060547,27.35443878173828,2381400
2025-01-15,NWSA,27.920000076293945,28.01000022888184,27.5,27.559999465942383,27.364368438720703,3935200
2025-01-15,NWSA,27.920000076293945,28.01000022888184,27.5,27.559999465942383,27.364368438720703,3935200
2025-01-16,NWSA,27.520000457763672,27.799999237060547,27.459999084472656,27.5,27.30479431152344,1595000
2025-01-16,NWSA,27.520000457763672,27.799999237060547,27.459999084472656,27.5,27.30479431152344,1595000
2025-01-17,NWSA,27.770000457763672,27.809999465942383,27.40999984741211,27.43000030517578,27.235292434692383,2506000
2025-01-17,NWSA,27.770000457763672,27.809999465942383,27.40999984741211,27.43000030517578,27.235292434692383,2506000
2025-01-21,NWSA,27.51000022888184,27.979999542236328,27.43000030517578,27.86000061035156,27.66223907470703,2166100
2025-01-21,NWSA,27.51000022888184,27.979999542236328,27.43000030517578,27.86000061035156,27.66223907470703,2166100
2025-01-22,NWSA,27.850000381469727,28.09000015258789,27.729999542236328,27.81999969482422,27.622522354125977,2209300
2025-01-22,NWSA,27.850000381469727,28.09000015258789,27.729999542236328,27.81999969482422,27.622522354125977,2209300
2025-01-23,NWSA,27.86000061035156,27.90999984741211,27.68000030517578,27.8700008392334,27.67216682434082,2167600
2025-01-23,NWSA,27.86000061035156,27.90999984741211,27.68000030517578,27.8700008392334,27.67216682434082,2167600
2025-01-24,NWSA,27.8700008392334,28.290000915527344,27.84000015258789,28.07999992370605,27.880678176879883,1678800
2025-01-24,NWSA,27.8700008392334,28.290000915527344,27.84000015258789,28.07999992370605,27.880678176879883,1678800
2025-01-27,NWSA,28.030000686645508,28.459999084472656,27.809999465942383,28.440000534057617,28.238121032714844,2675000
2025-01-27,NWSA,28.030000686645508,28.459999084472656,27.809999465942383,28.440000534057617,28.238121032714844,2675000
2025-01-28,NWSA,28.440000534057617,28.440000534057617,28.09000015258789,28.149999618530277,27.950180053710938,2563000
2025-01-28,NWSA,28.440000534057617,28.440000534057617,28.09000015258789,28.149999618530277,27.950180053710938,2563000
2025-01-29,NWSA,28.18000030517578,28.489999771118164,27.899999618530277,28.200000762939453,27.99982452392578,2212700
2025-01-29,NWSA,28.18000030517578,28.489999771118164,27.899999618530277,28.200000762939453,27.99982452392578,2212700
2025-01-30,NWSA,28.43000030517578,28.65999984741211,27.959999084472656,28.07999992370605,27.880678176879883,2832500
2025-01-30,NWSA,28.43000030517578,28.65999984741211,27.959999084472656,28.07999992370605,27.880678176879883,2832500
2025-01-31,NWSA,28.170000076293945,28.26000022888184,28.030000686645508,28.1200008392334,27.920394897460938,3373000
2025-01-31,NWSA,28.170000076293945,28.26000022888184,28.030000686645508,28.1200008392334,27.920394897460938,3373000
2025-02-03,NWSA,27.86000061035156,28.239999771118164,27.700000762939453,28.07999992370605,27.880678176879883,3030400
2025-02-03,NWSA,27.86000061035156,28.239999771118164,27.700000762939453,28.07999992370605,27.880678176879883,3030400
2025-02-04,NWSA,28.549999237060547,28.65999984741211,28.350000381469727,28.520000457763672,28.317554473876957,3315300
2025-02-04,NWSA,28.549999237060547,28.65999984741211,28.350000381469727,28.520000457763672,28.317554473876957,3315300
2025-02-05,NWSA,28.549999237060547,28.88999938964844,28.309999465942383,28.780000686645508,28.57571029663086,4033400
2025-02-05,NWSA,28.549999237060547,28.88999938964844,28.309999465942383,28.780000686645508,28.57571029663086,4033400
2025-02-06,NWSA,29.350000381469727,29.459999084472656,27.950000762939453,28.5,28.29769515991211,6970800
2025-02-06,NWSA,29.350000381469727,29.459999084472656,27.950000762939453,28.5,28.29769515991211,6970800
2025-02-07,NWSA,28.729999542236328,29.11000061035156,28.479999542236328,29.040000915527344,28.833864212036133,4432400
2025-02-07,NWSA,28.729999542236328,29.11000061035156,28.479999542236328,29.040000915527344,28.833864212036133,4432400
2025-02-10,NWSA,29.1299991607666,29.489999771118164,29.059999465942383,29.18000030517578,28.972869873046875,3033400
2025-02-10,NWSA,29.1299991607666,29.489999771118164,29.059999465942383,29.18000030517578,28.972869873046875,3033400
2025-02-11,NWSA,28.65999984741211,29.6299991607666,28.65999984741211,29.450000762939453,29.24095344543457,2279000
2025-02-11,NWSA,28.65999984741211,29.6299991607666,28.65999984741211,29.450000762939453,29.24095344543457,2279000
2025-02-12,NWSA,29.209999084472656,29.399999618530277,28.899999618530277,29.36000061035156,29.151592254638672,2136900
2025-02-12,NWSA,29.209999084472656,29.399999618530277,28.899999618530277,29.36000061035156,29.151592254638672,2136900
2025-02-13,NWSA,29.3799991607666,29.57999992370605,29.25,29.51000022888184,29.30052757263184,1933700
2025-02-13,NWSA,29.3799991607666,29.57999992370605,29.25,29.51000022888184,29.30052757263184,1933700
2025-02-14,NWSA,29.65999984741211,30.25,29.6299991607666,30.209999084472656,29.99555778503418,2641000
2025-02-14,NWSA,29.65999984741211,30.25,29.6299991607666,30.209999084472656,29.99555778503418,2641000
2025-02-18,NWSA,30.309999465942383,30.309999465942383,29.8799991607666,30.209999084472656,29.99555778503418,1927700
2025-02-18,NWSA,30.309999465942383,30.309999465942383,29.8799991607666,30.209999084472656,29.99555778503418,1927700
2025-02-19,NWSA,30.32999992370605,30.690000534057617,30.11000061035156,30.489999771118164,30.273571014404297,2737700
2025-02-19,NWSA,30.32999992370605,30.690000534057617,30.11000061035156,30.489999771118164,30.273571014404297,2737700
2025-02-20,NWSA,30.3799991607666,30.43000030517578,28.40999984741211,28.850000381469727,28.64521026611328,5966300
2025-02-20,NWSA,30.3799991607666,30.43000030517578,28.40999984741211,28.850000381469727,28.64521026611328,5966300
2025-02-21,NWSA,28.940000534057617,28.96999931335449,28.38999938964844,28.530000686645508,28.32748413085937,3541100
2025-02-21,NWSA,28.940000534057617,28.96999931335449,28.38999938964844,28.530000686645508,28.32748413085937,3541100
2025-02-24,NWSA,28.790000915527344,28.790000915527344,28.3700008392334,28.459999084472656,28.25797843933105,3174600
2025-02-24,NWSA,28.790000915527344,28.790000915527344,28.3700008392334,28.459999084472656,28.25797843933105,3174600
2025-02-25,NWSA,28.57999992370605,28.770000457763672,28.190000534057617,28.36000061035156,28.158689498901367,2434300
2025-02-25,NWSA,28.57999992370605,28.770000457763672,28.190000534057617,28.36000061035156,28.158689498901367,2434300
2025-02-26,NWSA,28.34000015258789,28.420000076293945,27.979999542236328,28.07999992370605,27.880678176879883,2801900
2025-02-26,NWSA,28.34000015258789,28.420000076293945,27.979999542236328,28.07999992370605,27.880678176879883,2801900
2025-02-27,NWSA,28.170000076293945,28.420000076293945,27.979999542236328,28.059999465942383,27.86081886291504,2618600
2025-02-27,NWSA,28.170000076293945,28.420000076293945,27.979999542236328,28.059999465942383,27.86081886291504,2618600
2025-02-28,NWSA,28.270000457763672,28.68000030517578,28.0,28.6200008392334,28.416845321655277,5396700
2025-02-28,NWSA,28.270000457763672,28.68000030517578,28.0,28.6200008392334,28.416845321655277,5396700
2025-03-03,NWSA,28.670000076293945,29.049999237060547,28.299999237060547,28.46999931335449,28.26790809631348,4506900
2025-03-03,NWSA,28.670000076293945,29.049999237060547,28.299999237060547,28.46999931335449,28.26790809631348,4506900
2025-03-04,NWSA,28.450000762939453,28.479999542236328,27.690000534057617,28.059999465942383,27.86081886291504,4434900
2025-03-04,NWSA,28.450000762939453,28.479999542236328,27.690000534057617,28.059999465942383,27.86081886291504,4434900
2025-03-05,NWSA,27.90999984741211,28.299999237060547,27.56999969482422,28.13999938964844,27.94025039672852,2976100
2025-03-05,NWSA,27.90999984741211,28.299999237060547,27.56999969482422,28.13999938964844,27.94025039672852,2976100
2025-03-06,NWSA,27.940000534057617,29.06999969482422,27.8700008392334,28.26000022888184,28.05940055847168,3609700
2025-03-06,NWSA,27.940000534057617,29.06999969482422,27.8700008392334,28.26000022888184,28.05940055847168,3609700
2025-03-07,NWSA,28.030000686645508,28.26000022888184,27.5,27.959999084472656,27.76152801513672,2403500
2025-03-07,NWSA,28.030000686645508,28.26000022888184,27.5,27.959999084472656,27.76152801513672,2403500
2025-03-10,NWSA,27.670000076293945,27.950000762939453,27.18000030517578,27.350000381469727,27.155858993530277,3170200
2025-03-10,NWSA,27.670000076293945,27.950000762939453,27.18000030517578,27.350000381469727,27.155858993530277,3170200
2025-03-11,NWSA,27.149999618530277,27.32999992370605,26.809999465942383,26.940000534057617,26.74876976013184,3264500
2025-03-11,NWSA,27.149999618530277,27.32999992370605,26.809999465942383,26.940000534057617,26.74876976013184,3264500
2025-03-12,NWSA,27.049999237060547,27.209999084472656,26.670000076293945,26.770000457763672,26.67900657653809,3188500
2025-03-12,NWSA,27.049999237060547,27.209999084472656,26.670000076293945,26.770000457763672,26.67900657653809,3188500
2025-03-13,NWSA,26.780000686645508,26.93000030517578,26.25,26.290000915527344,26.200639724731445,3049900
2025-03-13,NWSA,26.780000686645508,26.93000030517578,26.25,26.290000915527344,26.200639724731445,3049900
2025-03-14,NWSA,26.6200008392334,27.07999992370605,26.440000534057617,26.979999542236328,26.88829231262207,2755300
2025-03-14,NWSA,26.6200008392334,27.07999992370605,26.440000534057617,26.979999542236328,26.88829231262207,2755300
2025-03-17,NWSA,26.8799991607666,27.31999969482422,26.8799991607666,27.149999618530277,27.057714462280277,2930700
2025-03-17,NWSA,26.8799991607666,27.31999969482422,26.8799991607666,27.149999618530277,27.057714462280277,2930700
2025-03-18,NWSA,27.15999984741211,27.15999984741211,26.649999618530277,26.799999237060547,26.708904266357425,3229900
2025-03-18,NWSA,27.15999984741211,27.15999984741211,26.649999618530277,26.799999237060547,26.708904266357425,3229900
2025-03-19,NWSA,26.81999969482422,27.420000076293945,26.799999237060547,27.15999984741211,27.06768035888672,3281200
2025-03-19,NWSA,26.81999969482422,27.420000076293945,26.799999237060547,27.15999984741211,27.06768035888672,3281200
2025-03-20,NWSA,27.020000457763672,27.26000022888184,26.950000762939453,27.15999984741211,27.06768035888672,3537900
2025-03-20,NWSA,27.020000457763672,27.26000022888184,26.950000762939453,27.15999984741211,27.06768035888672,3537900
2025-03-21,NWSA,27.0,27.25,26.780000686645508,27.040000915527344,26.94808959960937,6211800
2025-03-21,NWSA,27.0,27.25,26.780000686645508,27.040000915527344,26.94808959960937,6211800
2025-03-24,NWSA,27.34000015258789,27.3700008392334,27.07999992370605,27.299999237060547,27.207204818725582,3198700
2025-03-24,NWSA,27.34000015258789,27.3700008392334,27.07999992370605,27.299999237060547,27.207204818725582,3198700
2025-03-25,NWSA,27.270000457763672,27.65999984741211,27.190000534057617,27.459999084472656,27.366661071777344,2667900
2025-03-25,NWSA,27.270000457763672,27.65999984741211,27.190000534057617,27.459999084472656,27.366661071777344,2667900
2025-03-26,NWSA,27.51000022888184,27.75,27.399999618530277,27.46999931335449,27.37662696838379,2879900
2025-03-26,NWSA,27.51000022888184,27.75,27.399999618530277,27.46999931335449,27.37662696838379,2879900
2025-03-27,NWSA,27.32999992370605,27.450000762939453,26.920000076293945,26.940000534057617,26.84842872619629,3727000
2025-03-27,NWSA,27.32999992370605,27.450000762939453,26.920000076293945,26.940000534057617,26.84842872619629,3727000
2025-03-28,NWSA,26.96999931335449,27.520000457763672,26.450000762939453,26.59000015258789,26.49961853027344,3267400
2025-03-28,NWSA,26.96999931335449,27.520000457763672,26.450000762939453,26.59000015258789,26.49961853027344,3267400
2025-03-31,NWSA,26.88999938964844,27.3799991607666,26.440000534057617,27.21999931335449,27.12747573852539,14343800
2025-03-31,NWSA,26.88999938964844,27.3799991607666,26.440000534057617,27.21999931335449,27.12747573852539,14343800
2025-04-01,NWSA,27.020000457763672,27.440000534057617,26.799999237060547,27.0,26.90822410583496,4326400
2025-04-01,NWSA,27.020000457763672,27.440000534057617,26.799999237060547,27.0,26.90822410583496,4326400
2025-04-02,NWSA,26.780000686645508,27.1200008392334,26.040000915527344,27.059999465942383,26.968021392822266,2972400
2025-04-02,NWSA,26.780000686645508,27.1200008392334,26.040000915527344,27.059999465942383,26.968021392822266,2972400
2025-04-03,NWSA,26.26000022888184,26.770000457763672,25.93000030517578,26.06999969482422,25.981386184692383,6479000
2025-04-03,NWSA,26.26000022888184,26.770000457763672,25.93000030517578,26.06999969482422,25.981386184692383,6479000
2025-04-04,NWSA,25.36000061035156,25.8799991607666,24.489999771118164,24.57999992370605,24.496450424194336,5835800
2025-04-04,NWSA,25.36000061035156,25.8799991607666,24.489999771118164,24.57999992370605,24.496450424194336,5835800
2025-04-07,NWSA,24.15999984741211,25.13999938964844,23.3799991607666,24.07999992370605,23.99814987182617,6816000
2025-04-07,NWSA,24.15999984741211,25.13999938964844,23.3799991607666,24.07999992370605,23.99814987182617,6816000
2025-04-08,NWSA,24.84000015258789,24.959999084472656,23.690000534057617,23.96999931335449,23.88852310180664,4801500
2025-04-08,NWSA,24.84000015258789,24.959999084472656,23.690000534057617,23.96999931335449,23.88852310180664,4801500
2025-04-09,NWSA,23.780000686645508,26.34000015258789,23.6299991607666,26.18000030517578,26.091012954711918,5012200
2025-04-09,NWSA,23.780000686645508,26.34000015258789,23.6299991607666,26.18000030517578,26.091012954711918,5012200
2025-04-10,NWSA,25.950000762939453,26.020000457763672,24.709999084472656,25.59000015258789,25.50301742553711,3701900
2025-04-10,NWSA,25.950000762939453,26.020000457763672,24.709999084472656,25.59000015258789,25.50301742553711,3701900
2025-04-11,NWSA,25.520000457763672,26.26000022888184,25.40999984741211,26.190000534057617,26.10097885131836,3424700
2025-04-11,NWSA,25.520000457763672,26.26000022888184,25.40999984741211,26.190000534057617,26.10097885131836,3424700
2025-04-14,NWSA,26.32999992370605,26.5,26.049999237060547,26.280000686645508,26.190673828125,2692700
2025-04-14,NWSA,26.32999992370605,26.5,26.049999237060547,26.280000686645508,26.190673828125,2692700
2025-04-15,NWSA,26.399999618530277,26.56999969482422,26.270000457763672,26.3799991607666,26.29033088684082,2044100
2025-04-15,NWSA,26.399999618530277,26.56999969482422,26.270000457763672,26.3799991607666,26.29033088684082,2044100
2025-04-16,NWSA,26.190000534057617,26.649999618530277,25.440000534057617,25.670000076293945,25.582746505737305,3058900
2025-04-16,NWSA,26.190000534057617,26.649999618530277,25.440000534057617,25.670000076293945,25.582746505737305,3058900
2025-04-17,NWSA,25.8700008392334,25.96999931335449,25.649999618530277,25.86000061035156,25.7721004486084,2981000
2025-04-17,NWSA,25.8700008392334,25.96999931335449,25.649999618530277,25.86000061035156,25.7721004486084,2981000
2025-04-21,NWSA,25.63999938964844,25.71999931335449,25.07999992370605,25.350000381469727,25.26383399963379,1999100
2025-04-21,NWSA,25.63999938964844,25.71999931335449,25.07999992370605,25.350000381469727,25.26383399963379,1999100
2025-04-22,NWSA,25.63999938964844,26.190000534057617,25.530000686645508,26.18000030517578,26.091012954711918,2818900
2025-04-22,NWSA,25.63999938964844,26.190000534057617,25.530000686645508,26.18000030517578,26.091012954711918,2818900
2025-04-23,NWSA,26.729999542236328,27.239999771118164,26.36000061035156,26.530000686645508,26.43982315063477,2667500
2025-04-23,NWSA,26.729999542236328,27.239999771118164,26.36000061035156,26.530000686645508,26.43982315063477,2667500
2025-04-24,NWSA,26.51000022888184,26.950000762939453,26.40999984741211,26.84000015258789,26.74876976013184,3168100
2025-04-24,NWSA,26.51000022888184,26.950000762939453,26.40999984741211,26.84000015258789,26.74876976013184,3168100
2025-04-25,NWSA,26.75,27.149999618530277,26.530000686645508,27.1299991607666,27.037782669067383,1889100
2025-04-25,NWSA,26.75,27.149999618530277,26.530000686645508,27.1299991607666,27.037782669067383,1889100
2025-04-28,NWSA,27.149999618530277,27.21999931335449,26.739999771118164,26.920000076293945,26.8284969329834,3740900
2025-04-28,NWSA,27.149999618530277,27.21999931335449,26.739999771118164,26.920000076293945,26.8284969329834,3740900
2025-04-29,NWSA,26.96999931335449,27.18000030517578,26.799999237060547,27.1200008392334,27.02781867980957,2080200
2025-04-29,NWSA,26.96999931335449,27.18000030517578,26.799999237060547,27.1200008392334,27.02781867980957,2080200
2025-04-30,NWSA,26.989999771118164,27.209999084472656,26.479999542236328,27.1200008392334,27.02781867980957,2755100
2025-04-30,NWSA,26.989999771118164,27.209999084472656,26.479999542236328,27.1200008392334,27.02781867980957,2755100
2025-05-01,NWSA,26.11000061035156,27.309999465942383,26.11000061035156,27.059999465942383,26.968021392822266,3020800
2025-05-01,NWSA,26.11000061035156,27.309999465942383,26.11000061035156,27.059999465942383,26.968021392822266,3020800
2025-05-02,NWSA,27.3700008392334,27.63999938964844,27.100000381469727,27.57999992370605,27.48625373840332,1938600
2025-05-02,NWSA,27.3700008392334,27.63999938964844,27.100000381469727,27.57999992370605,27.48625373840332,1938600
2025-05-05,NWSA,27.32999992370605,27.84000015258789,27.06999969482422,27.71999931335449,27.625776290893555,3549200
2025-05-05,NWSA,27.32999992370605,27.84000015258789,27.06999969482422,27.71999931335449,27.625776290893555,3549200
2025-05-06,NWSA,27.549999237060547,27.86000061035156,27.5,27.729999542236328,27.635744094848636,2329000
2025-05-06,NWSA,27.549999237060547,27.86000061035156,27.5,27.729999542236328,27.635744094848636,2329000
2025-05-07,NWSA,27.959999084472656,28.270000457763672,27.76000022888184,28.18000030517578,28.08421516418457,4874700
2025-05-07,NWSA,27.959999084472656,28.270000457763672,27.76000022888184,28.18000030517578,28.08421516418457,4874700
2025-05-08,NWSA,28.270000457763672,28.81999969482422,28.190000534057617,28.479999542236328,28.38319396972656,3920900
2025-05-08,NWSA,28.270000457763672,28.81999969482422,28.190000534057617,28.479999542236328,28.38319396972656,3920900
2025-05-09,NWSA,28.799999237060547,28.93000030517578,27.88999938964844,28.059999465942383,27.96462059020996,4454900
2025-05-09,NWSA,28.799999237060547,28.93000030517578,27.88999938964844,28.059999465942383,27.96462059020996,4454900
2025-05-12,NWSA,28.780000686645508,28.780000686645508,28.049999237060547,28.280000686645508,28.183874130249023,3934700
2025-05-12,NWSA,28.780000686645508,28.780000686645508,28.049999237060547,28.280000686645508,28.183874130249023,3934700
2025-05-13,NWSA,28.0,28.670000076293945,27.989999771118164,28.21999931335449,28.12407684326172,3289400
2025-05-13,NWSA,28.0,28.670000076293945,27.989999771118164,28.21999931335449,28.12407684326172,3289400
2025-05-14,NWSA,28.170000076293945,28.3799991607666,28.049999237060547,28.270000457763672,28.173908233642575,3374600
2025-05-14,NWSA,28.170000076293945,28.3799991607666,28.049999237060547,28.270000457763672,28.173908233642575,3374600
2025-05-15,NWSA,28.239999771118164,28.46999931335449,28.07999992370605,28.149999618530277,28.0543155670166,2999600
2025-05-15,NWSA,28.239999771118164,28.46999931335449,28.07999992370605,28.149999618530277,28.0543155670166,2999600
2025-05-16,NWSA,28.149999618530277,28.3799991607666,27.920000076293945,28.31999969482422,28.223737716674805,3315400
2025-05-16,NWSA,28.149999618530277,28.3799991607666,27.920000076293945,28.31999969482422,28.223737716674805,3315400
2025-05-19,NWSA,28.149999618530277,28.350000381469727,28.059999465942383,28.32999992370605,28.23370361328125,2529300
2025-05-19,NWSA,28.149999618530277,28.350000381469727,28.059999465942383,28.32999992370605,28.23370361328125,2529300
2025-05-20,NWSA,28.25,28.38999938964844,28.170000076293945,28.32999992370605,28.23370361328125,2120100
2025-05-20,NWSA,28.25,28.38999938964844,28.170000076293945,28.32999992370605,28.23370361328125,2120100
2025-05-21,NWSA,28.13999938964844,28.36000061035156,27.93000030517578,27.940000534057617,27.845029830932617,2658400
2025-05-21,NWSA,28.13999938964844,28.36000061035156,27.93000030517578,27.940000534057617,27.845029830932617,2658400
2025-05-22,NWSA,27.940000534057617,28.3700008392334,27.61000061035156,27.649999618530277,27.55601501464844,2432900
2025-05-22,NWSA,27.940000534057617,28.3700008392334,27.61000061035156,27.649999618530277,27.55601501464844,2432900
2025-05-23,NWSA,27.34000015258789,27.989999771118164,27.239999771118164,27.899999618530277,27.80516624450684,3307400
2025-05-23,NWSA,27.34000015258789,27.989999771118164,27.239999771118164,27.899999618530277,27.80516624450684,3307400
2025-05-27,NWSA,28.209999084472656,28.299999237060547,27.959999084472656,28.25,28.153976440429688,4883700
2025-05-27,NWSA,28.209999084472656,28.299999237060547,27.959999084472656,28.25,28.153976440429688,4883700
2025-05-28,NWSA,28.15999984741211,28.520000457763672,28.1200008392334,28.34000015258789,28.24366950988769,2631800
2025-05-28,NWSA,28.15999984741211,28.520000457763672,28.1200008392334,28.34000015258789,28.24366950988769,2631800
2025-05-29,NWSA,28.34000015258789,28.43000030517578,27.989999771118164,28.399999618530277,28.303466796875,2495400
2025-05-29,NWSA,28.34000015258789,28.43000030517578,27.989999771118164,28.399999618530277,28.303466796875,2495400
2025-05-30,NWSA,28.26000022888184,28.350000381469727,27.979999542236328,28.239999771118164,28.14401054382324,6253600
2025-05-30,NWSA,28.26000022888184,28.350000381469727,27.979999542236328,28.239999771118164,28.14401054382324,6253600
2025-06-02,NWSA,28.059999465942383,28.149999618530277,27.709999084472656,28.07999992370605,27.984554290771484,3192500
2025-06-02,NWSA,28.059999465942383,28.149999618530277,27.709999084472656,28.07999992370605,27.984554290771484,3192500
2025-06-03,NWSA,27.8799991607666,28.07999992370605,27.82999992370605,27.940000534057617,27.845029830932617,4169500
2025-06-03,NWSA,27.8799991607666,28.07999992370605,27.82999992370605,27.940000534057617,27.845029830932617,4169500
2025-06-04,NWSA,27.8700008392334,28.040000915527344,27.700000762939453,27.850000381469727,27.75533676147461,2586300
2025-06-04,NWSA,27.8700008392334,28.040000915527344,27.700000762939453,27.850000381469727,27.75533676147461,2586300
2025-06-05,NWSA,27.93000030517578,28.040000915527344,27.76000022888184,27.86000061035156,27.76530265808105,2479400
2025-06-05,NWSA,27.93000030517578,28.040000915527344,27.76000022888184,27.86000061035156,27.76530265808105,2479400
2025-06-06,NWSA,28.06999969482422,28.1299991607666,27.6200008392334,27.809999465942383,27.715471267700195,3456600
2025-06-06,NWSA,28.06999969482422,28.1299991607666,27.6200008392334,27.809999465942383,27.715471267700195,3456600
2025-06-09,NWSA,27.780000686645508,27.8700008392334,27.540000915527344,27.76000022888184,27.66564178466797,3211100
2025-06-09,NWSA,27.780000686645508,27.8700008392334,27.540000915527344,27.76000022888184,27.66564178466797,3211100
2025-06-10,NWSA,27.76000022888184,28.020000457763672,27.68000030517578,27.959999084472656,27.864961624145508,2549100
2025-06-10,NWSA,27.76000022888184,28.020000457763672,27.68000030517578,27.959999084472656,27.864961624145508,2549100
2025-06-11,NWSA,28.01000022888184,28.09000015258789,27.75,27.8799991607666,27.785232543945312,2582600
2025-06-11,NWSA,28.01000022888184,28.09000015258789,27.75,27.8799991607666,27.785232543945312,2582600
2025-06-12,NWSA,27.739999771118164,27.8799991607666,27.559999465942383,27.670000076293945,27.575946807861328,2063800
2025-06-12,NWSA,27.739999771118164,27.8799991607666,27.559999465942383,27.670000076293945,27.575946807861328,2063800
2025-06-13,NWSA,27.46999931335449,27.530000686645508,27.25,27.420000076293945,27.32679748535156,2606200
2025-06-13,NWSA,27.46999931335449,27.530000686645508,27.25,27.420000076293945,27.32679748535156,2606200
2025-06-16,NWSA,27.57999992370605,28.280000686645508,27.56999969482422,28.239999771118164,28.14401054382324,2993200
2025-06-16,NWSA,27.57999992370605,28.280000686645508,27.56999969482422,28.239999771118164,28.14401054382324,2993200
2025-06-17,NWSA,28.190000534057617,28.280000686645508,27.61000061035156,27.76000022888184,27.66564178466797,3432400
2025-06-17,NWSA,28.190000534057617,28.280000686645508,27.61000061035156,27.76000022888184,27.66564178466797,3432400
2025-06-18,NWSA,27.729999542236328,28.26000022888184,27.61000061035156,28.059999465942383,27.96462059020996,3067600
2025-06-18,NWSA,27.729999542236328,28.26000022888184,27.61000061035156,28.059999465942383,27.96462059020996,3067600
2025-06-20,NWSA,28.43000030517578,28.6200008392334,28.15999984741211,28.350000381469727,28.253637313842773,15258000
2025-06-20,NWSA,28.43000030517578,28.6200008392334,28.15999984741211,28.350000381469727,28.253637313842773,15258000
2025-06-23,NWSA,28.43000030517578,28.8700008392334,28.280000686645508,28.86000061035156,28.761903762817383,2705300
2025-06-23,NWSA,28.43000030517578,28.8700008392334,28.280000686645508,28.86000061035156,28.761903762817383,2705300
2025-06-24,NWSA,29.040000915527344,29.32999992370605,28.84000015258789,29.25,29.150577545166016,3627700
2025-06-24,NWSA,29.040000915527344,29.32999992370605,28.84000015258789,29.25,29.150577545166016,3627700
2025-06-25,NWSA,29.200000762939453,29.51000022888184,29.1299991607666,29.399999618530277,29.30006599426269,3177000
2025-06-25,NWSA,29.200000762939453,29.51000022888184,29.1299991607666,29.399999618530277,29.30006599426269,3177000
2025-06-26,NWSA,29.420000076293945,29.690000534057617,29.209999084472656,29.540000915527344,29.439592361450195,3552600
2025-06-26,NWSA,29.420000076293945,29.690000534057617,29.209999084472656,29.540000915527344,29.439592361450195,3552600
2025-06-27,NWSA,29.6200008392334,29.6299991607666,29.309999465942383,29.43000030517578,29.329965591430664,5142500
2025-06-27,NWSA,29.6200008392334,29.6299991607666,29.309999465942383,29.43000030517578,29.329965591430664,5142500
2025-06-30,NWSA,29.63999938964844,29.81999969482422,29.5,29.71999931335449,29.61897850036621,3166000
2025-06-30,NWSA,29.63999938964844,29.81999969482422,29.5,29.71999931335449,29.61897850036621,3166000
2025-07-01,NWSA,29.690000534057617,29.920000076293945,29.440000534057617,29.729999542236328,29.628944396972656,2376400
2025-07-01,NWSA,29.690000534057617,29.920000076293945,29.440000534057617,29.729999542236328,29.628944396972656,2376400
2025-07-02,NWSA,29.690000534057617,29.809999465942383,29.399999618530277,29.61000061035156,29.509353637695312,2498800
2025-07-02,NWSA,29.690000534057617,29.809999465942383,29.399999618530277,29.61000061035156,29.509353637695312,2498800
2025-07-03,NWSA,29.63999938964844,29.920000076293945,29.56999969482422,29.739999771118164,29.63891220092773,1405200
2025-07-03,NWSA,29.63999938964844,29.920000076293945,29.56999969482422,29.739999771118164,29.63891220092773,1405200
2025-07-07,NWSA,29.71999931335449,29.790000915527344,29.280000686645508,29.3700008392334,29.270170211791992,2699200
2025-07-07,NWSA,29.71999931335449,29.790000915527344,29.280000686645508,29.3700008392334,29.270170211791992,2699200
2025-07-08,NWSA,29.3700008392334,29.59000015258789,29.34000015258789,29.46999931335449,29.369829177856445,2643900
2025-07-08,NWSA,29.3700008392334,29.59000015258789,29.34000015258789,29.46999931335449,29.369829177856445,2643900
2025-07-09,NWSA,29.520000457763672,29.56999969482422,29.290000915527344,29.38999938964844,29.29010009765625,1722200
2025-07-09,NWSA,29.520000457763672,29.56999969482422,29.290000915527344,29.38999938964844,29.29010009765625,1722200
2025-07-10,NWSA,29.399999618530277,29.75,29.239999771118164,29.65999984741211,29.55918312072754,2510200
2025-07-10,NWSA,29.399999618530277,29.75,29.239999771118164,29.65999984741211,29.55918312072754,2510200
2025-07-11,NWSA,29.57999992370605,29.700000762939453,29.459999084472656,29.540000915527344,29.439592361450195,1793900
2025-07-11,NWSA,29.57999992370605,29.700000762939453,29.459999084472656,29.540000915527344,29.439592361450195,1793900
2025-07-14,NWSA,29.540000915527344,29.790000915527344,29.459999084472656,29.729999542236328,29.628944396972656,1755900
2025-07-14,NWSA,29.540000915527344,29.790000915527344,29.459999084472656,29.729999542236328,29.628944396972656,1755900
2025-07-15,NWSA,30.34000015258789,30.75,29.649999618530277,29.670000076293945,29.569149017333984,4258900
2025-07-15,NWSA,30.34000015258789,30.75,29.649999618530277,29.670000076293945,29.569149017333984,4258900
2025-07-16,NWSA,29.799999237060547,29.93000030517578,29.420000076293945,29.8799991607666,29.77843475341797,2627800
2025-07-16,NWSA,29.799999237060547,29.93000030517578,29.420000076293945,29.8799991607666,29.77843475341797,2627800
2025-07-17,NWSA,29.790000915527344,30.190000534057617,29.700000762939453,30.170000076293945,30.06744956970215,3242500
2025-07-17,NWSA,29.790000915527344,30.190000534057617,29.700000762939453,30.170000076293945,30.06744956970215,3242500
2025-07-18,NWSA,30.31999969482422,30.3700008392334,29.799999237060547,29.86000061035156,29.75850486755371,2741000
2025-07-18,NWSA,30.31999969482422,30.3700008392334,29.799999237060547,29.86000061035156,29.75850486755371,2741000
2025-07-21,NWSA,29.81999969482422,29.96999931335449,29.1299991607666,29.15999984741211,29.06088256835937,3004700
2025-07-21,NWSA,29.81999969482422,29.96999931335449,29.1299991607666,29.15999984741211,29.06088256835937,3004700
2025-07-22,NWSA,29.239999771118164,29.600000381469727,29.209999084472656,29.43000030517578,29.329965591430664,2456300
2025-07-22,NWSA,29.239999771118164,29.600000381469727,29.209999084472656,29.43000030517578,29.329965591430664,2456300
2025-07-23,NWSA,29.43000030517578,29.520000457763672,29.309999465942383,29.420000076293945,29.31999969482422,2371600
2025-07-23,NWSA,29.43000030517578,29.520000457763672,29.309999465942383,29.420000076293945,29.31999969482422,2371600
2025-07-24,NWSA,29.31999969482422,29.61000061035156,29.18000030517578,29.350000381469727,29.2502384185791,2143600
2025-07-24,NWSA,29.31999969482422,29.61000061035156,29.18000030517578,29.350000381469727,29.2502384185791,2143600
2025-07-25,NWSA,29.350000381469727,29.600000381469727,29.26000022888184,29.530000686645508,29.42962646484375,2332400
2025-07-25,NWSA,29.350000381469727,29.600000381469727,29.26000022888184,29.530000686645508,29.42962646484375,2332400
2025-07-28,NWSA,29.479999542236328,29.540000915527344,29.32999992370605,29.3700008392334,29.270170211791992,2330200
2025-07-28,NWSA,29.479999542236328,29.540000915527344,29.32999992370605,29.3700008392334,29.270170211791992,2330200
2025-07-29,NWSA,29.479999542236328,29.479999542236328,29.15999984741211,29.21999931335449,29.120677947998047,2366500
2025-07-29,NWSA,29.479999542236328,29.479999542236328,29.15999984741211,29.21999931335449,29.120677947998047,2366500
2025-07-30,NWSA,29.270000457763672,29.51000022888184,29.149999618530277,29.299999237060547,29.20040702819824,2664900
2025-07-30,NWSA,29.270000457763672,29.51000022888184,29.149999618530277,29.299999237060547,29.20040702819824,2664900
2025-07-31,NWSA,29.239999771118164,29.46999931335449,29.18000030517578,29.31999969482422,29.220338821411133,2557600
2025-07-31,NWSA,29.239999771118164,29.46999931335449,29.18000030517578,29.31999969482422,29.220338821411133,2557600
2025-08-01,NWSA,29.209999084472656,29.25,28.65999984741211,29.09000015258789,28.991121292114254,2872100
2025-08-01,NWSA,29.209999084472656,29.25,28.65999984741211,29.09000015258789,28.991121292114254,2872100
2025-08-04,NWSA,29.1299991607666,29.530000686645508,29.01000022888184,29.51000022888184,29.409692764282227,3014400
2025-08-04,NWSA,29.1299991607666,29.530000686645508,29.01000022888184,29.51000022888184,29.409692764282227,3014400
2025-08-05,NWSA,29.440000534057617,29.520000457763672,29.149999618530277,29.290000915527344,29.1904411315918,4537500
2025-08-05,NWSA,29.440000534057617,29.520000457763672,29.149999618530277,29.290000915527344,29.1904411315918,4537500
2025-08-06,NWSA,29.799999237060547,30.07999992370605,28.700000762939453,29.43000030517578,29.329965591430664,6538800
2025-08-06,NWSA,29.799999237060547,30.07999992370605,28.700000762939453,29.43000030517578,29.329965591430664,6538800
2025-08-07,NWSA,29.6299991607666,30.1200008392334,28.899999618530277,28.96999931335449,28.87152862548828,4479800
2025-08-07,NWSA,29.6299991607666,30.1200008392334,28.899999618530277,28.96999931335449,28.87152862548828,4479800
2025-08-08,NWSA,28.96999931335449,29.09000015258789,28.489999771118164,28.520000457763672,28.423059463500977,3740100
2025-08-08,NWSA,28.96999931335449,29.09000015258789,28.489999771118164,28.520000457763672,28.423059463500977,3740100
2025-08-11,NWSA,28.59000015258789,28.86000061035156,28.209999084472656,28.3799991607666,28.28353309631348,4021600
2025-08-11,NWSA,28.59000015258789,28.86000061035156,28.209999084472656,28.3799991607666,28.28353309631348,4021600
2025-08-12,NWSA,28.3799991607666,28.88999938964844,28.3799991607666,28.81999969482422,28.72203826904297,3853900
2025-08-12,NWSA,28.3799991607666,28.88999938964844,28.3799991607666,28.81999969482422,28.72203826904297,3853900
2025-08-13,NWSA,28.920000076293945,29.63999938964844,28.81999969482422,29.6200008392334,29.51931953430176,3931100
2025-08-13,NWSA,28.920000076293945,29.63999938964844,28.81999969482422,29.6200008392334,29.51931953430176,3931100
2025-08-14,NWSA,29.520000457763672,29.979999542236328,29.36000061035156,29.799999237060547,29.698707580566406,2855100
2025-08-14,NWSA,29.520000457763672,29.979999542236328,29.36000061035156,29.799999237060547,29.698707580566406,2855100
2025-08-15,NWSA,29.940000534057617,29.940000534057617,29.399999618530277,29.46999931335449,29.369829177856445,7741800
2025-08-15,NWSA,29.940000534057617,29.940000534057617,29.399999618530277,29.46999931335449,29.369829177856445,7741800
2025-08-18,NWSA,29.43000030517578,29.6200008392334,29.299999237060547,29.530000686645508,29.42962646484375,2718400
2025-08-18,NWSA,29.43000030517578,29.6200008392334,29.299999237060547,29.530000686645508,29.42962646484375,2718400
2025-08-19,NWSA,29.68000030517578,29.850000381469727,29.46999931335449,29.850000381469727,29.748538970947266,2484000
2025-08-19,NWSA,29.68000030517578,29.850000381469727,29.46999931335449,29.850000381469727,29.748538970947266,2484000
2025-08-20,NWSA,29.8799991607666,30.06999969482422,29.5,29.61000061035156,29.509353637695312,2421900
2025-08-20,NWSA,29.8799991607666,30.06999969482422,29.5,29.61000061035156,29.509353637695312,2421900
2025-08-21,NWSA,29.479999542236328,29.84000015258789,29.440000534057617,29.739999771118164,29.63891220092773,2337000
2025-08-21,NWSA,29.479999542236328,29.84000015258789,29.440000534057617,29.739999771118164,29.63891220092773,2337000
2025-08-22,NWSA,29.93000030517578,30.649999618530277,29.520000457763672,30.5,30.39632797241211,2448400
2025-08-22,NWSA,29.93000030517578,30.649999618530277,29.520000457763672,30.5,30.39632797241211,2448400
2025-08-25,NWSA,30.3799991607666,30.559999465942383,30.1299991607666,30.13999938964844,30.03755187988281,1959300
2025-08-25,NWSA,30.3799991607666,30.559999465942383,30.1299991607666,30.13999938964844,30.03755187988281,1959300
2025-08-26,NWSA,30.200000762939453,30.200000762939453,29.309999465942383,29.729999542236328,29.628944396972656,3022100
2025-08-26,NWSA,30.200000762939453,30.200000762939453,29.309999465942383,29.729999542236328,29.628944396972656,3022100
2025-08-27,NWSA,29.63999938964844,29.88999938964844,29.57999992370605,29.65999984741211,29.55918312072754,1739100
2025-08-27,NWSA,29.63999938964844,29.88999938964844,29.57999992370605,29.65999984741211,29.55918312072754,1739100
2025-08-28,NWSA,29.690000534057617,30.020000457763672,29.3799991607666,29.479999542236328,29.37979507446289,1708500
2025-08-28,NWSA,29.690000534057617,30.020000457763672,29.3799991607666,29.479999542236328,29.37979507446289,1708500
2025-08-29,NWSA,29.459999084472656,29.540000915527344,29.239999771118164,29.40999984741211,29.310033798217773,2068700
2025-08-29,NWSA,29.459999084472656,29.540000915527344,29.239999771118164,29.40999984741211,29.310033798217773,2068700
2025-09-02,NWSA,29.09000015258789,29.290000915527344,28.76000022888184,28.850000381469727,28.751937866210938,4671100
2025-09-02,NWSA,29.09000015258789,29.290000915527344,28.76000022888184,28.850000381469727,28.751937866210938,4671100
2025-09-03,NWSA,28.71999931335449,28.979999542236328,28.01000022888184,28.940000534057617,28.841630935668945,4479800
2025-09-03,NWSA,28.71999931335449,28.979999542236328,28.01000022888184,28.940000534057617,28.841630935668945,4479800
2025-09-04,NWSA,29.020000457763672,29.31999969482422,28.700000762939453,29.299999237060547,29.20040702819824,3666100
2025-09-04,NWSA,29.020000457763672,29.31999969482422,28.700000762939453,29.299999237060547,29.20040702819824,3666100
2025-09-05,NWSA,29.32999992370605,29.76000022888184,29.190000534057617,29.440000534057617,29.33993148803711,3321300
2025-09-05,NWSA,29.32999992370605,29.76000022888184,29.190000534057617,29.440000534057617,29.33993148803711,3321300
2025-09-08,NWSA,29.43000030517578,30.040000915527344,29.149999618530277,29.940000534057617,29.838232040405277,3796400
2025-09-08,NWSA,29.43000030517578,30.040000915527344,29.149999618530277,29.940000534057617,29.838232040405277,3796400
2025-09-09,NWSA,29.350000381469727,29.63999938964844,28.82999992370605,29.420000076293945,29.31999969482422,11041600
2025-09-09,NWSA,29.350000381469727,29.63999938964844,28.82999992370605,29.420000076293945,29.31999969482422,11041600
2025-09-10,NWSA,29.209999084472656,29.38999938964844,28.71999931335449,28.770000457763672,28.770000457763672,4806200
2025-09-10,NWSA,29.209999084472656,29.38999938964844,28.71999931335449,28.770000457763672,28.770000457763672,4806200
2025-09-11,NWSA,28.799999237060547,29.559999465942383,28.65999984741211,29.520000457763672,29.520000457763672,5649300
2025-09-11,NWSA,28.799999237060547,29.559999465942383,28.65999984741211,29.520000457763672,29.520000457763672,5649300
2025-09-12,NWSA,29.61000061035156,29.61000061035156,29.18000030517578,29.229999542236328,29.229999542236328,4752400
2025-09-12,NWSA,29.61000061035156,29.61000061035156,29.18000030517578,29.229999542236328,29.229999542236328,4752400
2025-09-15,NWSA,29.5,29.920000076293945,29.280000686645508,29.88999938964844,29.88999938964844,4263300
2025-09-15,NWSA,29.5,29.920000076293945,29.280000686645508,29.88999938964844,29.88999938964844,4263300
2025-09-16,NWSA,29.8700008392334,29.899999618530277,29.459999084472656,29.729999542236328,29.729999542236328,5085200
2025-09-16,NWSA,29.8700008392334,29.899999618530277,29.459999084472656,29.729999542236328,29.729999542236328,5085200
2025-09-17,NWSA,29.809999465942383,30.51000022888184,29.770000457763672,30.229999542236328,30.229999542236328,5312000
2025-09-17,NWSA,29.809999465942383,30.51000022888184,29.770000457763672,30.229999542236328,30.229999542236328,5312000
2025-09-18,NWSA,30.31999969482422,30.739999771118164,30.100000381469727,30.450000762939453,30.450000762939453,2591300
2025-09-18,NWSA,30.31999969482422,30.739999771118164,30.100000381469727,30.450000762939453,30.450000762939453,2591300
2025-09-19,NWSA,30.520000457763672,30.86000061035156,30.38999938964844,30.6200008392334,30.6200008392334,6983400
2025-09-19,NWSA,30.520000457763672,30.86000061035156,30.38999938964844,30.6200008392334,30.6200008392334,6983400
2025-09-22,NWSA,30.670000076293945,30.8799991607666,30.51000022888184,30.809999465942383,30.809999465942383,3333600
2025-09-22,NWSA,30.670000076293945,30.8799991607666,30.51000022888184,30.809999465942383,30.809999465942383,3333600
2025-09-23,NWSA,30.84000015258789,30.950000762939453,30.51000022888184,30.57999992370605,30.57999992370605,2708300
2025-09-23,NWSA,30.84000015258789,30.950000762939453,30.51000022888184,30.57999992370605,30.57999992370605,2708300
2025-09-24,NWSA,30.57999992370605,30.75,30.21999931335449,30.229999542236328,30.229999542236328,3791500
2025-09-24,NWSA,30.57999992370605,30.75,30.21999931335449,30.229999542236328,30.229999542236328,3791500
2025-09-25,NWSA,30.299999237060547,30.440000534057617,30.06999969482422,30.18000030517578,30.18000030517578,2755900
2025-09-25,NWSA,30.299999237060547,30.440000534057617,30.06999969482422,30.18000030517578,30.18000030517578,2755900
2025-09-26,NWSA,30.25,30.549999237060547,30.13999938964844,30.450000762939453,30.450000762939453,2594700
2025-09-26,NWSA,30.25,30.549999237060547,30.13999938964844,30.450000762939453,30.450000762939453,2594700
2025-09-29,NWSA,30.540000915527344,31.11000061035156,30.280000686645508,31.030000686645508,31.030000686645508,4021000
2025-09-29,NWSA,30.540000915527344,31.11000061035156,30.280000686645508,31.030000686645508,31.030000686645508,4021000
2025-09-30,NWSA,31.049999237060547,31.61000061035156,30.649999618530277,30.709999084472656,30.709999084472656,15257700
2025-09-30,NWSA,31.049999237060547,31.61000061035156,30.649999618530277,30.709999084472656,30.709999084472656,15257700
2025-10-01,NWSA,30.559999465942383,30.559999465942383,28.940000534057617,28.950000762939453,28.950000762939453,6912800
2025-10-01,NWSA,30.559999465942383,30.559999465942383,28.940000534057617,28.950000762939453,28.950000762939453,6912800
2025-10-02,NWSA,28.86000061035156,29.1200008392334,28.540000915527344,28.549999237060547,28.549999237060547,3911300
2025-10-02,NWSA,28.86000061035156,29.1200008392334,28.540000915527344,28.549999237060547,28.549999237060547,3911300
2025-10-03,NWSA,28.600000381469727,28.86000061035156,28.239999771118164,28.3799991607666,28.3799991607666,4145900
2025-10-03,NWSA,28.600000381469727,28.86000061035156,28.239999771118164,28.3799991607666,28.3799991607666,4145900
2025-10-06,NWSA,28.549999237060547,28.549999237060547,27.799999237060547,28.059999465942383,28.059999465942383,3880100
2025-10-06,NWSA,28.549999237060547,28.549999237060547,27.799999237060547,28.059999465942383,28.059999465942383,3880100
2025-10-07,NWSA,28.049999237060547,28.1200008392334,27.350000381469727,27.3799991607666,27.3799991607666,3651800
2025-10-07,NWSA,28.049999237060547,28.1200008392334,27.350000381469727,27.3799991607666,27.3799991607666,3651800
2025-10-08,NWSA,27.3700008392334,27.38999938964844,26.81999969482422,27.020000457763672,27.020000457763672,3489200
2025-10-08,NWSA,27.3700008392334,27.38999938964844,26.81999969482422,27.020000457763672,27.020000457763672,3489200
2025-10-09,NWSA,26.989999771118164,26.989999771118164,26.43000030517578,26.459999084472656,26.459999084472656,3383100
2025-10-09,NWSA,26.989999771118164,26.989999771118164,26.43000030517578,26.459999084472656,26.459999084472656,3383100
2025-10-10,NWSA,26.5,26.729999542236328,25.75,25.780000686645508,25.780000686645508,3196000
2025-10-10,NWSA,26.5,26.729999542236328,25.75,25.780000686645508,25.780000686645508,3196000
2025-10-13,NWSA,25.8799991607666,26.149999618530277,25.739999771118164,26.09000015258789,26.09000015258789,3407000
2025-10-13,NWSA,25.8799991607666,26.149999618530277,25.739999771118164,26.09000015258789,26.09000015258789,3407000
2025-10-14,NWSA,25.920000076293945,26.65999984741211,25.90999984741211,26.63999938964844,26.63999938964844,4928500
2025-10-14,NWSA,25.920000076293945,26.65999984741211,25.90999984741211,26.63999938964844,26.63999938964844,4928500
2025-10-15,NWSA,26.76000022888184,27.1200008392334,26.479999542236328,26.56999969482422,26.56999969482422,3572200
2025-10-15,NWSA,26.76000022888184,27.1200008392334,26.479999542236328,26.56999969482422,26.56999969482422,3572200
2025-10-16,NWSA,26.600000381469727,26.700000762939453,25.8799991607666,25.90999984741211,25.90999984741211,2564800
2025-10-16,NWSA,26.600000381469727,26.700000762939453,25.8799991607666,25.90999984741211,25.90999984741211,2564800
2025-10-17,NWSA,25.959999084472656,26.170000076293945,25.700000762939453,26.020000457763672,26.020000457763672,2205700
2025-10-17,NWSA,25.959999084472656,26.170000076293945,25.700000762939453,26.020000457763672,26.020000457763672,2205700
2025-10-20,NWSA,26.149999618530277,26.6299991607666,26.049999237060547,26.440000534057617,26.440000534057617,2997500
2025-10-20,NWSA,26.149999618530277,26.6299991607666,26.049999237060547,26.440000534057617,26.440000534057617,2997500
2025-10-21,NWSA,26.38999938964844,26.6299991607666,26.299999237060547,26.3799991607666,26.3799991607666,2226700
2025-10-21,NWSA,26.38999938964844,26.6299991607666,26.299999237060547,26.3799991607666,26.3799991607666,2226700
2025-10-22,NWSA,26.420000076293945,26.61000061035156,26.190000534057617,26.25,26.25,2356600
2025-10-22,NWSA,26.420000076293945,26.61000061035156,26.190000534057617,26.25,26.25,2356600
2025-10-23,NWSA,26.25,26.51000022888184,26.13999938964844,26.399999618530277,26.399999618530277,2716100
2025-10-23,NWSA,26.25,26.51000022888184,26.13999938964844,26.399999618530277,26.399999618530277,2716100
2025-10-24,NWSA,26.5,26.600000381469727,26.309999465942383,26.31999969482422,26.31999969482422,2101600
2025-10-24,NWSA,26.5,26.600000381469727,26.309999465942383,26.31999969482422,26.31999969482422,2101600
2025-10-27,NWSA,26.5,26.850000381469727,26.479999542236328,26.75,26.75,3951300
2025-10-27,NWSA,26.5,26.850000381469727,26.479999542236328,26.75,26.75,3951300
2025-10-28,NWSA,26.809999465942383,27.01000022888184,26.6200008392334,26.68000030517578,26.68000030517578,2679300
2025-10-28,NWSA,26.809999465942383,27.01000022888184,26.6200008392334,26.68000030517578,26.68000030517578,2679300
2025-10-29,NWSA,26.6200008392334,26.6200008392334,25.989999771118164,26.049999237060547,26.049999237060547,3189100
2025-10-29,NWSA,26.6200008392334,26.6200008392334,25.989999771118164,26.049999237060547,26.049999237060547,3189100
2025-10-30,NWSA,26.06999969482422,26.530000686645508,25.770000457763672,26.479999542236328,26.479999542236328,2738900
2025-10-30,NWSA,26.06999969482422,26.530000686645508,25.770000457763672,26.479999542236328,26.479999542236328,2738900
2025-10-31,NWSA,26.399999618530277,26.56999969482422,26.229999542236328,26.5,26.5,3706800
2025-10-31,NWSA,26.399999618530277,26.56999969482422,26.229999542236328,26.5,26.5,3706800
2025-11-03,NWSA,26.420000076293945,26.420000076293945,25.780000686645508,25.989999771118164,25.989999771118164,4605500
2025-11-03,NWSA,26.420000076293945,26.420000076293945,25.780000686645508,25.989999771118164,25.989999771118164,4605500
2025-11-04,NWSA,26.040000915527344,26.26000022888184,25.770000457763672,25.799999237060547,25.799999237060547,4190900
2025-11-04,NWSA,26.040000915527344,26.26000022888184,25.770000457763672,25.799999237060547,25.799999237060547,4190900
2025-11-05,NWSA,25.770000457763672,25.93000030517578,25.61000061035156,25.63999938964844,25.63999938964844,4583500
2025-11-05,NWSA,25.770000457763672,25.93000030517578,25.61000061035156,25.63999938964844,25.63999938964844,4583500
2025-11-06,NWSA,25.56999969482422,25.88999938964844,25.01000022888184,25.07999992370605,25.07999992370605,6104100
2025-11-06,NWSA,25.56999969482422,25.88999938964844,25.01000022888184,25.07999992370605,25.07999992370605,6104100
2025-11-07,NWSA,25.36000061035156,26.739999771118164,24.790000915527344,26.71999931335449,26.71999931335449,6327500
2025-11-07,NWSA,25.36000061035156,26.739999771118164,24.790000915527344,26.71999931335449,26.71999931335449,6327500
2025-11-10,NWSA,26.850000381469727,27.01000022888184,26.5,26.799999237060547,26.799999237060547,5059000
2025-11-10,NWSA,26.850000381469727,27.01000022888184,26.5,26.799999237060547,26.799999237060547,5059000
2025-11-11,NWSA,26.75,27.049999237060547,26.63999938964844,26.82999992370605,26.82999992370605,4201100
2025-11-11,NWSA,26.75,27.049999237060547,26.63999938964844,26.82999992370605,26.82999992370605,4201100
2025-11-12,NWSA,26.709999084472656,26.8700008392334,26.57999992370605,26.81999969482422,26.81999969482422,3557100
2025-11-12,NWSA,26.709999084472656,26.8700008392334,26.57999992370605,26.81999969482422,26.81999969482422,3557100
2025-11-13,NWSA,26.56999969482422,26.850000381469727,26.149999618530277,26.270000457763672,26.270000457763672,4795500
2025-11-13,NWSA,26.56999969482422,26.850000381469727,26.149999618530277,26.270000457763672,26.270000457763672,4795500
2025-11-14,NWSA,26.229999542236328,26.34000015258789,25.71999931335449,26.149999618530277,26.149999618530277,4199000
2025-11-14,NWSA,26.229999542236328,26.34000015258789,25.71999931335449,26.149999618530277,26.149999618530277,4199000
2025-11-17,NWSA,26.09000015258789,26.15999984741211,25.34000015258789,25.479999542236328,25.479999542236328,3711600
2025-11-17,NWSA,26.09000015258789,26.15999984741211,25.34000015258789,25.479999542236328,25.479999542236328,3711600
2025-11-18,NWSA,25.3700008392334,25.59000015258789,25.13999938964844,25.309999465942383,25.309999465942383,4772200
2025-11-18,NWSA,25.3700008392334,25.59000015258789,25.13999938964844,25.309999465942383,25.309999465942383,4772200
2025-11-19,NWSA,25.26000022888184,25.32999992370605,24.940000534057617,24.96999931335449,24.96999931335449,4419900
2025-11-19,NWSA,25.26000022888184,25.32999992370605,24.940000534057617,24.96999931335449,24.96999931335449,4419900
2025-11-20,NWSA,25.200000762939453,25.459999084472656,24.780000686645508,24.799999237060547,24.799999237060547,4204400
2025-11-20,NWSA,25.200000762939453,25.459999084472656,24.780000686645508,24.799999237060547,24.799999237060547,4204400
2025-11-21,NWSA,24.96999931335449,25.81999969482422,24.940000534057617,25.690000534057617,25.690000534057617,4076300
2025-11-21,NWSA,24.96999931335449,25.81999969482422,24.940000534057617,25.690000534057617,25.690000534057617,4076300
2025-11-24,NWSA,25.3799991607666,25.670000076293945,25.149999618530277,25.229999542236328,25.229999542236328,6971800
2025-11-24,NWSA,25.3799991607666,25.670000076293945,25.149999618530277,25.229999542236328,25.229999542236328,6971800
2025-11-25,NWSA,25.479999542236328,25.6299991607666,25.1299991607666,25.40999984741211,25.40999984741211,3336200
2025-11-25,NWSA,25.479999542236328,25.6299991607666,25.1299991607666,25.40999984741211,25.40999984741211,3336200
2025-11-26,NWSA,25.3700008392334,25.61000061035156,25.290000915527344,25.57999992370605,25.57999992370605,3115100
2025-11-26,NWSA,25.3700008392334,25.61000061035156,25.290000915527344,25.57999992370605,25.57999992370605,3115100
2025-11-28,NWSA,25.63999938964844,25.8799991607666,25.59000015258789,25.68000030517578,25.68000030517578,1748100
2025-11-28,NWSA,25.63999938964844,25.8799991607666,25.59000015258789,25.68000030517578,25.68000030517578,1748100
2025-12-01,NWSA,25.600000381469727,25.86000061035156,25.38999938964844,25.520000457763672,25.520000457763672,2699300
2025-12-01,NWSA,25.600000381469727,25.86000061035156,25.38999938964844,25.520000457763672,25.520000457763672,2699300
2025-12-02,NWSA,25.540000915527344,25.549999237060547,25.149999618530277,25.399999618530277,25.399999618530277,3032900
2025-12-02,NWSA,25.540000915527344,25.549999237060547,25.149999618530277,25.399999618530277,25.399999618530277,3032900
2025-12-03,NWSA,25.51000022888184,25.649999618530277,25.40999984741211,25.559999465942383,25.559999465942383,2185200
2025-12-03,NWSA,25.51000022888184,25.649999618530277,25.40999984741211,25.559999465942383,25.559999465942383,2185200
2025-12-04,NWSA,25.61000061035156,25.75,25.38999938964844,25.6299991607666,25.6299991607666,2467000
2025-12-04,NWSA,25.61000061035156,25.75,25.38999938964844,25.6299991607666,25.6299991607666,2467000
2025-12-05,NWSA,25.6200008392334,26.13999938964844,25.43000030517578,26.040000915527344,26.040000915527344,3754800
2025-12-05,NWSA,25.6200008392334,26.13999938964844,25.43000030517578,26.040000915527344,26.040000915527344,3754800
2025-12-08,NWSA,26.1200008392334,26.229999542236328,25.549999237060547,25.729999542236328,25.729999542236328,3639300
2025-12-08,NWSA,26.1200008392334,26.229999542236328,25.549999237060547,25.729999542236328,25.729999542236328,3639300
2025-12-09,NWSA,25.770000457763672,26.0,25.57999992370605,25.950000762939453,25.950000762939453,2712900
2025-12-09,NWSA,25.770000457763672,26.0,25.57999992370605,25.950000762939453,25.950000762939453,2712900
2025-12-10,NWSA,25.90999984741211,26.209999084472656,25.81999969482422,26.1200008392334,26.1200008392334,2834600
2025-12-10,NWSA,25.90999984741211,26.209999084472656,25.81999969482422,26.1200008392334,26.1200008392334,2834600
2025-12-11,NWSA,26.18000030517578,26.450000762939453,26.030000686645508,26.100000381469727,26.100000381469727,2104100
2025-12-11,NWSA,26.18000030517578,26.450000762939453,26.030000686645508,26.100000381469727,26.100000381469727,2104100
2025-12-12,NWSA,26.32999992370605,26.459999084472656,26.170000076293945,26.21999931335449,26.21999931335449,2535600
2025-12-12,NWSA,26.32999992370605,26.459999084472656,26.170000076293945,26.21999931335449,26.21999931335449,2535600
2025-12-15,NWSA,26.290000915527344,26.32999992370605,26.0,26.049999237060547,26.049999237060547,3627500
2025-12-15,NWSA,26.290000915527344,26.32999992370605,26.0,26.049999237060547,26.049999237060547,3627500
2025-12-16,NWSA,26.059999465942383,26.229999542236328,25.739999771118164,25.88999938964844,25.88999938964844,5639100
2025-12-16,NWSA,26.059999465942383,26.229999542236328,25.739999771118164,25.88999938964844,25.88999938964844,5639100
2025-12-17,NWSA,25.899999618530277,26.239999771118164,25.75,26.030000686645508,26.030000686645508,5781700
2025-12-17,NWSA,25.899999618530277,26.239999771118164,25.75,26.030000686645508,26.030000686645508,5781700
2025-12-18,NWSA,26.1200008392334,26.549999237060547,26.059999465942383,26.229999542236328,26.229999542236328,4114400
2025-12-18,NWSA,26.1200008392334,26.549999237060547,26.059999465942383,26.229999542236328,26.229999542236328,4114400
2025-12-19,NWSA,25.8700008392334,26.36000061035156,25.799999237060547,26.07999992370605,26.07999992370605,14248300
2025-12-19,NWSA,25.8700008392334,26.36000061035156,25.799999237060547,26.07999992370605,26.07999992370605,14248300
2025-12-22,NWSA,26.15999984741211,26.450000762939453,26.11000061035156,26.270000457763672,26.270000457763672,3350600
2025-12-22,NWSA,26.15999984741211,26.450000762939453,26.11000061035156,26.270000457763672,26.270000457763672,3350600
2025-12-23,NWSA,26.299999237060547,26.420000076293945,26.21999931335449,26.399999618530277,26.399999618530277,2810900
2025-12-23,NWSA,26.299999237060547,26.420000076293945,26.21999931335449,26.399999618530277,26.399999618530277,2810900
2025-12-24,NWSA,26.36000061035156,26.549999237060547,26.290000915527344,26.440000534057617,26.440000534057617,1606000
2025-12-24,NWSA,26.36000061035156,26.549999237060547,26.290000915527344,26.440000534057617,26.440000534057617,1606000
2025-12-26,NWSA,26.3700008392334,26.530000686645508,26.170000076293945,26.21999931335449,26.21999931335449,2055900
2025-12-26,NWSA,26.3700008392334,26.530000686645508,26.170000076293945,26.21999931335449,26.21999931335449,2055900
2025-12-29,NWSA,26.21999931335449,26.489999771118164,26.1299991607666,26.25,26.25,2953600
2025-12-29,NWSA,26.21999931335449,26.489999771118164,26.1299991607666,26.25,26.25,2953600
2025-12-30,NWSA,26.149999618530277,26.5,26.149999618530277,26.38999938964844,26.38999938964844,2377800
2025-12-30,NWSA,26.149999618530277,26.5,26.149999618530277,26.38999938964844,26.38999938964844,2377800
2025-12-31,NWSA,26.31999969482422,26.40999984741211,26.049999237060547,26.1200008392334,26.1200008392334,2164500
2025-12-31,NWSA,26.31999969482422,26.40999984741211,26.049999237060547,26.1200008392334,26.1200008392334,2164500
2026-01-02,NWSA,26.13999938964844,26.350000381469727,25.88999938964844,26.190000534057617,26.190000534057617,4017200
2026-01-02,NWSA,26.13999938964844,26.350000381469727,25.88999938964844,26.190000534057617,26.190000534057617,4017200
2026-01-05,NWSA,26.07999992370605,26.6200008392334,26.030000686645508,26.190000534057617,26.190000534057617,3563000
2026-01-05,NWSA,26.07999992370605,26.6200008392334,26.030000686645508,26.190000534057617,26.190000534057617,3563000
2026-01-06,NWSA,26.11000061035156,26.51000022888184,26.030000686645508,26.459999084472656,26.459999084472656,3755100
2026-01-06,NWSA,26.11000061035156,26.51000022888184,26.030000686645508,26.459999084472656,26.459999084472656,3755100
2026-01-07,NWSA,26.46999931335449,26.68000030517578,26.26000022888184,26.40999984741211,26.40999984741211,3193100
2026-01-07,NWSA,26.46999931335449,26.68000030517578,26.26000022888184,26.40999984741211,26.40999984741211,3193100
2026-01-08,NWSA,26.299999237060547,26.700000762939453,26.209999084472656,26.450000762939453,26.450000762939453,3099600
2026-01-08,NWSA,26.299999237060547,26.700000762939453,26.209999084472656,26.450000762939453,26.450000762939453,3099600
2026-01-09,NWSA,26.459999084472656,26.600000381469727,26.32999992370605,26.46999931335449,26.46999931335449,2226800
2026-01-09,NWSA,26.459999084472656,26.600000381469727,26.32999992370605,26.46999931335449,26.46999931335449,2226800
2026-01-12,NWSA,26.3799991607666,26.65999984741211,26.3700008392334,26.540000915527344,26.540000915527344,2369800
2026-01-12,NWSA,26.3799991607666,26.65999984741211,26.3700008392334,26.540000915527344,26.540000915527344,2369800
2026-01-13,NWSA,26.46999931335449,26.65999984741211,26.239999771118164,26.6299991607666,26.6299991607666,2319600
2026-01-13,NWSA,26.46999931335449,26.65999984741211,26.239999771118164,26.6299991607666,26.6299991607666,2319600
2026-01-14,NWSA,26.549999237060547,26.790000915527344,26.549999237060547,26.790000915527344,26.790000915527344,2424300
2026-01-14,NWSA,26.549999237060547,26.790000915527344,26.549999237060547,26.790000915527344,26.790000915527344,2424300
2026-01-15,NWSA,26.850000381469727,26.920000076293945,26.61000061035156,26.700000762939453,26.700000762939453,2435000
2026-01-15,NWSA,26.850000381469727,26.920000076293945,26.61000061035156,26.700000762939453,26.700000762939453,2435000
2026-01-16,NWSA,26.739999771118164,26.82999992370605,26.13999938964844,26.25,26.25,3452600
2026-01-16,NWSA,26.739999771118164,26.82999992370605,26.13999938964844,26.25,26.25,3452600
2026-01-20,NWSA,26.1200008392334,26.399999618530277,25.809999465942383,25.8700008392334,25.8700008392334,2973000
2026-01-20,NWSA,26.1200008392334,26.399999618530277,25.809999465942383,25.8700008392334,25.8700008392334,2973000
2026-01-21,NWSA,26.020000457763672,26.31999969482422,26.01000022888184,26.1299991607666,26.1299991607666,2521100
2026-01-21,NWSA,26.020000457763672,26.31999969482422,26.01000022888184,26.1299991607666,26.1299991607666,2521100
2026-01-22,NWSA,26.209999084472656,26.850000381469727,26.170000076293945,26.729999542236328,26.729999542236328,3806200
2026-01-22,NWSA,26.209999084472656,26.850000381469727,26.170000076293945,26.729999542236328,26.729999542236328,3806200
2026-01-23,NWSA,26.6299991607666,26.8799991607666,26.56999969482422,26.82999992370605,26.82999992370605,2873700
2026-01-23,NWSA,26.6299991607666,26.8799991607666,26.56999969482422,26.82999992370605,26.82999992370605,2873700
2026-01-26,NWSA,26.920000076293945,26.96999931335449,26.690000534057617,26.899999618530277,26.899999618530277,2424100
2026-01-26,NWSA,26.920000076293945,26.96999931335449,26.690000534057617,26.899999618530277,26.899999618530277,2424100
2026-01-27,NWSA,26.81999969482422,26.90999984741211,26.559999465942383,26.649999618530277,26.649999618530277,2787200
2026-01-27,NWSA,26.81999969482422,26.90999984741211,26.559999465942383,26.649999618530277,26.649999618530277,2787200
2026-01-28,NWSA,26.65999984741211,26.989999771118164,26.520000457763672,26.59000015258789,26.59000015258789,3943900
2026-01-28,NWSA,26.65999984741211,26.989999771118164,26.520000457763672,26.59000015258789,26.59000015258789,3943900
2026-01-29,NWSA,26.670000076293945,26.809999465942383,26.299999237060547,26.770000457763672,26.770000457763672,3061800
2026-01-29,NWSA,26.670000076293945,26.809999465942383,26.299999237060547,26.770000457763672,26.770000457763672,3061800
2026-01-30,NWSA,26.770000457763672,27.09000015258789,26.57999992370605,27.030000686645508,27.030000686645508,3436300
2026-01-30,NWSA,26.770000457763672,27.09000015258789,26.57999992370605,27.030000686645508,27.030000686645508,3436300
2026-02-02,NWSA,27.1200008392334,27.209999084472656,26.56999969482422,26.770000457763672,26.770000457763672,3254000
2026-02-02,NWSA,27.1200008392334,27.209999084472656,26.56999969482422,26.770000457763672,26.770000457763672,3254000
2026-02-03,NWSA,26.489999771118164,26.61000061035156,24.850000381469727,25.01000022888184,25.01000022888184,5450700
2026-02-03,NWSA,26.489999771118164,26.61000061035156,24.850000381469727,25.01000022888184,25.01000022888184,5450700
2026-02-04,NWSA,24.75,24.989999771118164,24.420000076293945,24.690000534057617,24.690000534057617,7794600
2026-02-04,NWSA,24.75,24.989999771118164,24.420000076293945,24.690000534057617,24.690000534057617,7794600
2026-02-05,NWSA,24.770000457763672,24.899999618530277,23.6200008392334,24.209999084472656,24.209999084472656,8195600
2026-02-05,NWSA,24.770000457763672,24.899999618530277,23.6200008392334,24.209999084472656,24.209999084472656,8195600
2026-02-06,NWSA,24.01000022888184,24.15999984741211,22.40999984741211,22.5,22.5,9160400
2026-02-06,NWSA,24.01000022888184,24.15999984741211,22.40999984741211,22.5,22.5,9160400
2026-02-09,NWSA,22.450000762939453,22.90999984741211,22.200000762939453,22.739999771118164,22.739999771118164,7581200
2026-02-09,NWSA,22.450000762939453,22.90999984741211,22.200000762939453,22.739999771118164,22.739999771118164,7581200
2026-02-10,NWSA,22.8700008392334,23.770000457763672,22.82999992370605,23.57999992370605,23.57999992370605,5487100
2026-02-10,NWSA,22.8700008392334,23.770000457763672,22.82999992370605,23.57999992370605,23.57999992370605,5487100
2026-02-11,NWSA,23.489999771118164,23.649999618530277,22.989999771118164,23.21999931335449,23.21999931335449,4458800
2026-02-11,NWSA,23.489999771118164,23.649999618530277,22.989999771118164,23.21999931335449,23.21999931335449,4458800
2026-02-12,NWSA,23.31999969482422,23.450000762939453,22.239999771118164,22.399999618530277,22.399999618530277,5443500
2026-02-12,NWSA,23.31999969482422,23.450000762939453,22.239999771118164,22.399999618530277,22.399999618530277,5443500
2026-02-13,NWSA,22.43000030517578,22.770000457763672,22.309999465942383,22.71999931335449,22.71999931335449,3415400
2026-02-13,NWSA,22.43000030517578,22.770000457763672,22.309999465942383,22.71999931335449,22.71999931335449,3415400
2026-02-17,NWSA,22.76000022888184,23.290000915527344,22.75,23.190000534057617,23.190000534057617,4235100
2026-02-17,NWSA,22.76000022888184,23.290000915527344,22.75,23.190000534057617,23.190000534057617,4235100
2026-02-18,NWSA,23.21999931335449,23.459999084472656,22.950000762939453,23.350000381469727,23.350000381469727,3299000
2026-02-18,NWSA,23.21999931335449,23.459999084472656,22.950000762939453,23.350000381469727,23.350000381469727,3299000
2026-02-19,NWSA,23.3799991607666,23.459999084472656,23.18000030517578,23.36000061035156,23.36000061035156,2943600
2026-02-19,NWSA,23.3799991607666,23.459999084472656,23.18000030517578,23.36000061035156,23.36000061035156,2943600
2026-02-20,NWSA,23.270000457763672,23.799999237060547,23.200000762939453,23.649999618530277,23.649999618530277,6508900
2026-02-20,NWSA,23.270000457763672,23.799999237060547,23.200000762939453,23.649999618530277,23.649999618530277,6508900
2026-02-23,NWSA,23.479999542236328,23.61000061035156,22.920000076293945,23.0,23.0,4045900
2026-02-23,NWSA,23.479999542236328,23.61000061035156,22.920000076293945,23.0,23.0,4045900
2026-02-24,NWSA,22.90999984741211,23.399999618530277,22.82999992370605,23.18000030517578,23.18000030517578,4071700
2026-02-24,NWSA,22.90999984741211,23.399999618530277,22.82999992370605,23.18000030517578,23.18000030517578,4071700
2026-02-25,NWSA,23.25,23.59000015258789,23.049999237060547,23.57999992370605,23.57999992370605,2905600
2026-02-25,NWSA,23.25,23.59000015258789,23.049999237060547,23.57999992370605,23.57999992370605,2905600
2026-02-26,NWSA,23.59000015258789,24.40999984741211,23.59000015258789,24.31999969482422,24.31999969482422,3435200
2026-02-26,NWSA,23.59000015258789,24.40999984741211,23.59000015258789,24.31999969482422,24.31999969482422,3435200
2026-02-19,NWSA,23.3799991607666,23.459999084472656,23.18000030517578,23.360000610351562,23.360000610351562,2943600
2026-02-20,NWSA,23.270000457763672,23.799999237060547,23.200000762939453,23.649999618530273,23.649999618530273,6508900
2026-02-23,NWSA,23.479999542236328,23.610000610351562,22.920000076293945,23.0,23.0,4045900
2026-02-24,NWSA,22.90999984741211,23.399999618530273,22.829999923706055,23.18000030517578,23.18000030517578,4071700
2026-02-25,NWSA,23.25,23.59000015258789,23.049999237060547,23.579999923706055,23.579999923706055,2905600
2026-02-26,NWSA,23.59000015258789,24.40999984741211,23.59000015258789,24.31999969482422,24.31999969482422,3435200
2026-02-19,NWSA,23.3799991607666,23.459999084472656,23.18000030517578,23.360000610351562,23.360000610351562,2943600
2026-02-20,NWSA,23.270000457763672,23.799999237060547,23.200000762939453,23.649999618530273,23.649999618530273,6508900
2026-02-23,NWSA,23.479999542236328,23.610000610351562,22.920000076293945,23.0,23.0,4045900
2026-02-24,NWSA,22.90999984741211,23.399999618530273,22.829999923706055,23.18000030517578,23.18000030517578,4071700
2026-02-25,NWSA,23.25,23.59000015258789,23.049999237060547,23.579999923706055,23.579999923706055,2905600
2026-02-26,NWSA,23.59000015258789,24.40999984741211,23.59000015258789,24.31999969482422,24.31999969482422,3435200
