Date,Ticker,Open,High,Low,Close,Adj Close,Volume
2012-04-12,PSX,33.25,34.209999084472656,32.0,34.0,21.310680389404297,654700
2012-04-12,PSX,33.25,34.209999084472656,32.0,34.0,21.310680389404297,654700
2012-04-13,PSX,34.0,37.45000076293945,33.90999984741211,37.0,23.191038131713867,1685000
2012-04-13,PSX,34.0,37.45000076293945,33.90999984741211,37.0,23.191038131713867,1685000
2012-04-16,PSX,37.0,37.0,35.9900016784668,36.54999923706055,22.90896987915039,550200
2012-04-16,PSX,37.0,37.0,35.9900016784668,36.54999923706055,22.90896987915039,550200
2012-04-17,PSX,36.400001525878906,36.75,36.0,36.0,22.564252853393555,179600
2012-04-17,PSX,36.400001525878906,36.75,36.0,36.0,22.564252853393555,179600
2012-04-18,PSX,36.0,36.43999862670898,34.5,36.0,22.564252853393555,207100
2012-04-18,PSX,36.0,36.43999862670898,34.5,36.0,22.564252853393555,207100
2012-04-19,PSX,36.0,37.220001220703125,35.79999923706055,36.0,22.564252853393555,598100
2012-04-19,PSX,36.0,37.220001220703125,35.79999923706055,36.0,22.564252853393555,598100
2012-04-20,PSX,36.09999847412109,37.0,36.09999847412109,36.31999969482422,22.764820098876957,149700
2012-04-20,PSX,36.09999847412109,37.0,36.09999847412109,36.31999969482422,22.764820098876957,149700
2012-04-23,PSX,36.2400016784668,36.2400016784668,35.41999816894531,35.68000030517578,22.363683700561523,95700
2012-04-23,PSX,36.2400016784668,36.2400016784668,35.41999816894531,35.68000030517578,22.363683700561523,95700
2012-04-24,PSX,36.0,36.0,34.68000030517578,34.75,21.78077507019043,124500
2012-04-24,PSX,36.0,36.0,34.68000030517578,34.75,21.78077507019043,124500
2012-04-25,PSX,34.79999923706055,35.5,34.5,34.75,21.78077507019043,266200
2012-04-25,PSX,34.79999923706055,35.5,34.5,34.75,21.78077507019043,266200
2012-04-26,PSX,34.61000061035156,34.9900016784668,34.439998626708984,34.95000076293945,21.906129837036133,183900
2012-04-26,PSX,34.61000061035156,34.9900016784668,34.439998626708984,34.95000076293945,21.906129837036133,183900
2012-04-27,PSX,35.25,35.25,33.970001220703125,34.11000061035156,21.37962913513184,536000
2012-04-27,PSX,35.25,35.25,33.970001220703125,34.11000061035156,21.37962913513184,536000
2012-04-30,PSX,34.34000015258789,34.900001525878906,34.0,34.04999923706055,21.342021942138672,4105700
2012-04-30,PSX,34.34000015258789,34.900001525878906,34.0,34.04999923706055,21.342021942138672,4105700
2012-05-01,PSX,33.7400016784668,34.099998474121094,32.58000183105469,32.7599983215332,20.53346824645996,6878600
2012-05-01,PSX,33.7400016784668,34.099998474121094,32.58000183105469,32.7599983215332,20.53346824645996,6878600
2012-05-02,PSX,32.599998474121094,32.66999816894531,31.6299991607666,32.0,20.05711936950684,11287600
2012-05-02,PSX,32.599998474121094,32.66999816894531,31.6299991607666,32.0,20.05711936950684,11287600
2012-05-03,PSX,31.93000030517578,31.979999542236328,31.049999237060547,31.38999938964844,19.674776077270508,11800000
2012-05-03,PSX,31.93000030517578,31.979999542236328,31.049999237060547,31.38999938964844,19.674776077270508,11800000
2012-05-04,PSX,30.850000381469727,31.09000015258789,30.1200008392334,30.15999984741211,18.903823852539062,10881000
2012-05-04,PSX,30.850000381469727,31.09000015258789,30.1200008392334,30.15999984741211,18.903823852539062,10881000
2012-05-07,PSX,30.100000381469727,30.549999237060547,29.25,29.350000381469727,18.39613914489746,12257200
2012-05-07,PSX,30.100000381469727,30.549999237060547,29.25,29.350000381469727,18.39613914489746,12257200
2012-05-08,PSX,29.09000015258789,30.40999984741211,28.75,30.100000381469727,18.86621856689453,14601300
2012-05-08,PSX,29.09000015258789,30.40999984741211,28.75,30.100000381469727,18.86621856689453,14601300
2012-05-09,PSX,29.809999465942383,32.88999938964844,29.729999542236328,32.4900016784668,20.364240646362305,13990000
2012-05-09,PSX,29.809999465942383,32.88999938964844,29.729999542236328,32.4900016784668,20.364240646362305,13990000
2012-05-10,PSX,33.04999923706055,33.349998474121094,31.520000457763672,32.47999954223633,20.35797119140625,8862000
2012-05-10,PSX,33.04999923706055,33.349998474121094,31.520000457763672,32.47999954223633,20.35797119140625,8862000
2012-05-11,PSX,31.729999542236328,32.150001525878906,31.399999618530277,31.82999992370605,19.9505558013916,4460100
2012-05-11,PSX,31.729999542236328,32.150001525878906,31.399999618530277,31.82999992370605,19.9505558013916,4460100
2012-05-14,PSX,31.190000534057617,31.57999992370605,30.770000457763672,31.31999969482422,19.63089942932129,6398200
2012-05-14,PSX,31.190000534057617,31.57999992370605,30.770000457763672,31.31999969482422,19.63089942932129,6398200
2012-05-15,PSX,31.350000381469727,32.31999969482422,31.059999465942383,31.670000076293945,19.850271224975582,6362800
2012-05-15,PSX,31.350000381469727,32.31999969482422,31.059999465942383,31.670000076293945,19.850271224975582,6362800
2012-05-16,PSX,31.459999084472656,32.38999938964844,31.25,32.099998474121094,20.11978912353516,6118600
2012-05-16,PSX,31.459999084472656,32.38999938964844,31.25,32.099998474121094,20.11978912353516,6118600
2012-05-17,PSX,31.88999938964844,32.0,31.200000762939453,31.26000022888184,19.59329032897949,5850500
2012-05-17,PSX,31.88999938964844,32.0,31.200000762939453,31.26000022888184,19.59329032897949,5850500
2012-05-18,PSX,31.43000030517578,31.690000534057617,30.989999771118164,31.3799991607666,19.66850852966309,7940800
2012-05-18,PSX,31.43000030517578,31.690000534057617,30.989999771118164,31.3799991607666,19.66850852966309,7940800
2012-05-21,PSX,31.229999542236328,32.34000015258789,30.950000762939453,32.189998626708984,20.176204681396484,5480100
2012-05-21,PSX,31.229999542236328,32.34000015258789,30.950000762939453,32.189998626708984,20.176204681396484,5480100
2012-05-22,PSX,31.8799991607666,32.27000045776367,31.32999992370605,31.6299991607666,19.8252010345459,5415000
2012-05-22,PSX,31.8799991607666,32.27000045776367,31.32999992370605,31.6299991607666,19.8252010345459,5415000
2012-05-23,PSX,31.350000381469727,31.489999771118164,30.8799991607666,31.40999984741211,19.68730926513672,5268900
2012-05-23,PSX,31.350000381469727,31.489999771118164,30.8799991607666,31.40999984741211,19.68730926513672,5268900
2012-05-24,PSX,31.420000076293945,31.440000534057617,30.75,31.1299991607666,19.51181030273437,4210400
2012-05-24,PSX,31.420000076293945,31.440000534057617,30.75,31.1299991607666,19.51181030273437,4210400
2012-05-25,PSX,31.01000022888184,31.40999984741211,30.82999992370605,31.299999237060547,19.618364334106445,3217900
2012-05-25,PSX,31.01000022888184,31.40999984741211,30.82999992370605,31.299999237060547,19.618364334106445,3217900
2012-05-29,PSX,31.280000686645508,31.71999931335449,30.86000061035156,31.01000022888184,19.436595916748047,3979600
2012-05-29,PSX,31.280000686645508,31.71999931335449,30.86000061035156,31.01000022888184,19.436595916748047,3979600
2012-05-30,PSX,30.790000915527344,30.82999992370605,30.18000030517578,30.440000534057617,19.079328536987305,6000600
2012-05-30,PSX,30.790000915527344,30.82999992370605,30.18000030517578,30.440000534057617,19.079328536987305,6000600
2012-05-31,PSX,30.26000022888184,30.350000381469727,29.71999931335449,30.030000686645508,18.822345733642575,8098000
2012-05-31,PSX,30.26000022888184,30.350000381469727,29.71999931335449,30.030000686645508,18.822345733642575,8098000
2012-06-01,PSX,29.5,30.170000076293945,29.3799991607666,29.920000076293945,18.75341033935547,5701700
2012-06-01,PSX,29.5,30.170000076293945,29.3799991607666,29.920000076293945,18.75341033935547,5701700
2012-06-04,PSX,29.299999237060547,30.190000534057617,29.25,29.530000686645508,18.508956909179688,4844900
2012-06-04,PSX,29.299999237060547,30.190000534057617,29.25,29.530000686645508,18.508956909179688,4844900
2012-06-05,PSX,29.3700008392334,30.100000381469727,29.31999969482422,29.899999618530277,18.740863800048828,4046500
2012-06-05,PSX,29.3700008392334,30.100000381469727,29.31999969482422,29.899999618530277,18.740863800048828,4046500
2012-06-06,PSX,30.030000686645508,32.0,29.81999969482422,31.530000686645508,19.762527465820312,8609400
2012-06-06,PSX,30.030000686645508,32.0,29.81999969482422,31.530000686645508,19.762527465820312,8609400
2012-06-07,PSX,32.06999969482422,32.75,31.739999771118164,31.82999992370605,19.9505558013916,7694300
2012-06-07,PSX,32.06999969482422,32.75,31.739999771118164,31.82999992370605,19.9505558013916,7694300
2012-06-08,PSX,31.65999984741211,32.349998474121094,31.51000022888184,32.119998931884766,20.13232040405273,4302100
2012-06-08,PSX,31.65999984741211,32.349998474121094,31.51000022888184,32.119998931884766,20.13232040405273,4302100
2012-06-11,PSX,32.45000076293945,33.04999923706055,32.22999954223633,32.599998474121094,20.433183670043945,5999000
2012-06-11,PSX,32.45000076293945,33.04999923706055,32.22999954223633,32.599998474121094,20.433183670043945,5999000
2012-06-12,PSX,32.560001373291016,33.7400016784668,32.4900016784668,33.4900016784668,20.991024017333984,6809900
2012-06-12,PSX,32.560001373291016,33.7400016784668,32.4900016784668,33.4900016784668,20.991024017333984,6809900
2012-06-13,PSX,33.27000045776367,33.4900016784668,32.540000915527344,32.77000045776367,20.53973197937012,2876200
2012-06-13,PSX,33.27000045776367,33.4900016784668,32.540000915527344,32.77000045776367,20.53973197937012,2876200
2012-06-14,PSX,32.77000045776367,33.63999938964844,32.310001373291016,33.529998779296875,21.016096115112305,4460000
2012-06-14,PSX,32.77000045776367,33.63999938964844,32.310001373291016,33.529998779296875,21.016096115112305,4460000
2012-06-15,PSX,33.599998474121094,34.90999984741211,33.380001068115234,34.900001525878906,21.87479019165039,9892400
2012-06-15,PSX,33.599998474121094,34.90999984741211,33.380001068115234,34.900001525878906,21.87479019165039,9892400
2012-06-18,PSX,34.380001068115234,34.5,33.83000183105469,33.86000061035156,21.22293281555176,4254400
2012-06-18,PSX,34.380001068115234,34.5,33.83000183105469,33.86000061035156,21.22293281555176,4254400
2012-06-19,PSX,34.060001373291016,34.529998779296875,33.72999954223633,33.86000061035156,21.22293281555176,4873500
2012-06-19,PSX,34.060001373291016,34.529998779296875,33.72999954223633,33.86000061035156,21.22293281555176,4873500
2012-06-20,PSX,33.790000915527344,34.849998474121094,33.47999954223633,34.65999984741211,21.72436141967773,4628400
2012-06-20,PSX,33.790000915527344,34.849998474121094,33.47999954223633,34.65999984741211,21.72436141967773,4628400
2012-06-21,PSX,34.70000076293945,34.7599983215332,33.060001373291016,33.47999954223633,20.984752655029297,3489900
2012-06-21,PSX,34.70000076293945,34.7599983215332,33.060001373291016,33.47999954223633,20.984752655029297,3489900
2012-06-22,PSX,33.650001525878906,34.709999084472656,33.029998779296875,34.15999984741211,21.410972595214844,4359500
2012-06-22,PSX,33.650001525878906,34.709999084472656,33.029998779296875,34.15999984741211,21.410972595214844,4359500
2012-06-25,PSX,33.689998626708984,33.689998626708984,32.7599983215332,32.869998931884766,20.602413177490234,3518600
2012-06-25,PSX,33.689998626708984,33.689998626708984,32.7599983215332,32.869998931884766,20.602413177490234,3518600
2012-06-26,PSX,32.810001373291016,33.97999954223633,32.400001525878906,32.58000183105469,20.420654296875,3274700
2012-06-26,PSX,32.810001373291016,33.97999954223633,32.400001525878906,32.58000183105469,20.420654296875,3274700
2012-06-27,PSX,32.61000061035156,33.400001525878906,31.420000076293945,31.88999938964844,19.98816680908203,3615600
2012-06-27,PSX,32.61000061035156,33.400001525878906,31.420000076293945,31.88999938964844,19.98816680908203,3615600
2012-06-28,PSX,31.540000915527344,32.400001525878906,31.290000915527344,32.310001373291016,20.251420974731445,3115900
2012-06-28,PSX,31.540000915527344,32.400001525878906,31.290000915527344,32.310001373291016,20.251420974731445,3115900
2012-06-29,PSX,32.779998779296875,33.380001068115234,32.650001525878906,33.2400016784668,20.83432960510254,4599500
2012-06-29,PSX,32.779998779296875,33.380001068115234,32.650001525878906,33.2400016784668,20.83432960510254,4599500
2012-07-02,PSX,33.59000015258789,34.31999969482422,33.369998931884766,34.0,21.310680389404297,3868500
2012-07-02,PSX,33.59000015258789,34.31999969482422,33.369998931884766,34.0,21.310680389404297,3868500
2012-07-03,PSX,34.02000045776367,34.630001068115234,33.83000183105469,34.2400016784668,21.46111297607422,3647400
2012-07-03,PSX,34.02000045776367,34.630001068115234,33.83000183105469,34.2400016784668,21.46111297607422,3647400
2012-07-05,PSX,33.83000183105469,34.2400016784668,33.540000915527344,33.79999923706055,21.185333251953125,2711300
2012-07-05,PSX,33.83000183105469,34.2400016784668,33.540000915527344,33.79999923706055,21.185333251953125,2711300
2012-07-06,PSX,33.400001525878906,33.68000030517578,32.91999816894531,33.369998931884766,20.915802001953125,1907800
2012-07-06,PSX,33.400001525878906,33.68000030517578,32.91999816894531,33.369998931884766,20.915802001953125,1907800
2012-07-09,PSX,33.08000183105469,33.7599983215332,32.650001525878906,33.25,20.84059333801269,2264600
2012-07-09,PSX,33.08000183105469,33.7599983215332,32.650001525878906,33.25,20.84059333801269,2264600
2012-07-10,PSX,33.470001220703125,33.470001220703125,32.5,32.68000030517578,20.483327865600582,2972900
2012-07-10,PSX,33.470001220703125,33.470001220703125,32.5,32.68000030517578,20.483327865600582,2972900
2012-07-11,PSX,32.65999984741211,33.63999938964844,32.349998474121094,33.47999954223633,20.984752655029297,2583000
2012-07-11,PSX,32.65999984741211,33.63999938964844,32.349998474121094,33.47999954223633,20.984752655029297,2583000
2012-07-12,PSX,33.150001525878906,33.189998626708984,32.54999923706055,33.0099983215332,20.69016456604004,3505600
2012-07-12,PSX,33.150001525878906,33.189998626708984,32.54999923706055,33.0099983215332,20.69016456604004,3505600
2012-07-13,PSX,33.61000061035156,35.08000183105469,33.5099983215332,34.939998626708984,21.89985656738281,4801300
2012-07-13,PSX,33.61000061035156,35.08000183105469,33.5099983215332,34.939998626708984,21.89985656738281,4801300
2012-07-16,PSX,34.689998626708984,36.119998931884766,34.560001373291016,36.09999847412109,22.62693977355957,4895700
2012-07-16,PSX,34.689998626708984,36.119998931884766,34.560001373291016,36.09999847412109,22.62693977355957,4895700
2012-07-17,PSX,36.15999984741211,36.79999923706055,35.86000061035156,36.68999862670898,22.996732711791992,3604100
2012-07-17,PSX,36.15999984741211,36.79999923706055,35.86000061035156,36.68999862670898,22.996732711791992,3604100
2012-07-18,PSX,36.650001525878906,37.66999816894531,36.59000015258789,37.09999847412109,23.25371360778809,2839200
2012-07-18,PSX,36.650001525878906,37.66999816894531,36.59000015258789,37.09999847412109,23.25371360778809,2839200
2012-07-19,PSX,36.91999816894531,37.0,35.5,35.599998474121094,22.434476852416992,3758600
2012-07-19,PSX,36.91999816894531,37.0,35.5,35.599998474121094,22.434476852416992,3758600
2012-07-20,PSX,35.18000030517578,35.439998626708984,34.90999984741211,35.31999969482422,22.258031845092773,3290000
2012-07-20,PSX,35.18000030517578,35.439998626708984,34.90999984741211,35.31999969482422,22.258031845092773,3290000
2012-07-23,PSX,34.790000915527344,35.279998779296875,34.5,35.02000045776367,22.06897354125977,3245900
2012-07-23,PSX,34.790000915527344,35.279998779296875,34.5,35.02000045776367,22.06897354125977,3245900
2012-07-24,PSX,35.25,35.41999816894531,34.61000061035156,35.22999954223633,22.201313018798828,2351600
2012-07-24,PSX,35.25,35.41999816894531,34.61000061035156,35.22999954223633,22.201313018798828,2351600
2012-07-25,PSX,35.599998474121094,35.88999938964844,34.869998931884766,35.400001525878906,22.308446884155277,3551300
2012-07-25,PSX,35.599998474121094,35.88999938964844,34.869998931884766,35.400001525878906,22.308446884155277,3551300
2012-07-26,PSX,35.7599983215332,36.060001373291016,35.59000015258789,35.959999084472656,22.661340713500977,2951300
2012-07-26,PSX,35.7599983215332,36.060001373291016,35.59000015258789,35.959999084472656,22.661340713500977,2951300
2012-07-27,PSX,36.22999954223633,36.90999984741211,35.900001525878906,36.52000045776367,23.014249801635746,6158600
2012-07-27,PSX,36.22999954223633,36.90999984741211,35.900001525878906,36.52000045776367,23.014249801635746,6158600
2012-07-30,PSX,36.86000061035156,37.650001525878906,36.83000183105469,37.650001525878906,23.72635078430176,2830300
2012-07-30,PSX,36.86000061035156,37.650001525878906,36.83000183105469,37.650001525878906,23.72635078430176,2830300
2012-07-31,PSX,37.7400016784668,38.36000061035156,37.5099983215332,37.59999847412109,23.694839477539062,6958400
2012-07-31,PSX,37.7400016784668,38.36000061035156,37.5099983215332,37.59999847412109,23.694839477539062,6958400
2012-08-01,PSX,39.08000183105469,40.18000030517578,37.77999877929688,38.27000045776367,24.117063522338867,6639700
2012-08-01,PSX,39.08000183105469,40.18000030517578,37.77999877929688,38.27000045776367,24.117063522338867,6639700
2012-08-02,PSX,37.93999862670898,39.06999969482422,37.84000015258789,38.29999923706055,24.135967254638672,4434800
2012-08-02,PSX,37.93999862670898,39.06999969482422,37.84000015258789,38.29999923706055,24.135967254638672,4434800
2012-08-03,PSX,38.59999847412109,39.84999847412109,38.59999847412109,39.66999816894531,24.99932289123535,4516000
2012-08-03,PSX,38.59999847412109,39.84999847412109,38.59999847412109,39.66999816894531,24.99932289123535,4516000
2012-08-06,PSX,39.93999862670898,40.34999847412109,39.77000045776367,40.06999969482422,25.25139808654785,3405100
2012-08-06,PSX,39.93999862670898,40.34999847412109,39.77000045776367,40.06999969482422,25.25139808654785,3405100
2012-08-07,PSX,40.38999938964844,40.83000183105469,39.59000015258789,39.77000045776367,25.06234169006348,4636800
2012-08-07,PSX,40.38999938964844,40.83000183105469,39.59000015258789,39.77000045776367,25.06234169006348,4636800
2012-08-08,PSX,39.59999847412109,40.20000076293945,39.459999084472656,40.150001525878906,25.30181312561035,4002600
2012-08-08,PSX,39.59999847412109,40.20000076293945,39.459999084472656,40.150001525878906,25.30181312561035,4002600
2012-08-09,PSX,39.900001525878906,40.59999847412109,39.880001068115234,40.31999969482422,25.40893173217773,2888200
2012-08-09,PSX,39.900001525878906,40.59999847412109,39.880001068115234,40.31999969482422,25.40893173217773,2888200
2012-08-10,PSX,40.2599983215332,40.43000030517578,39.75,40.0,25.20727157592773,2107700
2012-08-10,PSX,40.2599983215332,40.43000030517578,39.75,40.0,25.20727157592773,2107700
2012-08-13,PSX,39.86000061035156,40.34999847412109,39.77000045776367,40.150001525878906,25.30181312561035,2213500
2012-08-13,PSX,39.86000061035156,40.34999847412109,39.77000045776367,40.150001525878906,25.30181312561035,2213500
2012-08-14,PSX,40.18999862670898,40.45000076293945,39.79999923706055,39.93000030517578,25.163164138793945,2533900
2012-08-14,PSX,40.18999862670898,40.45000076293945,39.79999923706055,39.93000030517578,25.163164138793945,2533900
2012-08-15,PSX,40.540000915527344,40.65999984741211,39.93000030517578,40.36000061035156,25.43413734436035,4009400
2012-08-15,PSX,40.540000915527344,40.65999984741211,39.93000030517578,40.36000061035156,25.43413734436035,4009400
2012-08-16,PSX,40.52999877929688,41.2599983215332,40.369998931884766,41.18000030517578,25.950889587402344,3862100
2012-08-16,PSX,40.52999877929688,41.2599983215332,40.369998931884766,41.18000030517578,25.950889587402344,3862100
2012-08-17,PSX,41.619998931884766,42.93000030517578,41.470001220703125,42.77000045776367,26.952878952026367,5536300
2012-08-17,PSX,41.619998931884766,42.93000030517578,41.470001220703125,42.77000045776367,26.952878952026367,5536300
2012-08-20,PSX,42.869998931884766,43.45000076293945,42.75,43.06999969482422,27.14194679260254,3809500
2012-08-20,PSX,42.869998931884766,43.45000076293945,42.75,43.06999969482422,27.14194679260254,3809500
2012-08-21,PSX,43.380001068115234,43.380001068115234,41.4900016784668,41.54999923706055,26.184057235717773,4469400
2012-08-21,PSX,43.380001068115234,43.380001068115234,41.4900016784668,41.54999923706055,26.184057235717773,4469400
2012-08-22,PSX,41.36000061035156,41.52999877929688,40.41999816894531,41.47999954223633,26.13995742797852,4384500
2012-08-22,PSX,41.36000061035156,41.52999877929688,40.41999816894531,41.47999954223633,26.13995742797852,4384500
2012-08-23,PSX,41.47999954223633,41.630001068115234,41.04999923706055,41.33000183105469,26.04542350769043,1996300
2012-08-23,PSX,41.47999954223633,41.630001068115234,41.04999923706055,41.33000183105469,26.04542350769043,1996300
2012-08-24,PSX,41.150001525878906,41.540000915527344,40.7400016784668,41.36000061035156,26.06433486938477,2562300
2012-08-24,PSX,41.150001525878906,41.540000915527344,40.7400016784668,41.36000061035156,26.06433486938477,2562300
2012-08-27,PSX,41.43000030517578,42.38999938964844,40.970001220703125,41.06999969482422,25.881576538085938,3779200
2012-08-27,PSX,41.43000030517578,42.38999938964844,40.970001220703125,41.06999969482422,25.881576538085938,3779200
2012-08-28,PSX,40.900001525878906,42.470001220703125,40.900001525878906,41.959999084472656,26.44243812561035,3770300
2012-08-28,PSX,40.900001525878906,42.470001220703125,40.900001525878906,41.959999084472656,26.44243812561035,3770300
2012-08-29,PSX,41.900001525878906,42.38999938964844,41.650001525878906,41.97999954223633,26.455047607421875,2674300
2012-08-29,PSX,41.900001525878906,42.38999938964844,41.650001525878906,41.97999954223633,26.455047607421875,2674300
2012-08-30,PSX,41.790000915527344,42.70000076293945,41.619998931884766,42.47999954223633,26.770137786865234,2523800
2012-08-30,PSX,41.790000915527344,42.70000076293945,41.619998931884766,42.47999954223633,26.770137786865234,2523800
2012-08-31,PSX,42.70000076293945,43.0,41.09999847412109,42.0,26.46763801574707,5791200
2012-08-31,PSX,42.70000076293945,43.0,41.09999847412109,42.0,26.46763801574707,5791200
2012-09-04,PSX,42.06999969482422,42.45000076293945,41.47999954223633,42.40999984741211,26.72601890563965,2620700
2012-09-04,PSX,42.06999969482422,42.45000076293945,41.47999954223633,42.40999984741211,26.72601890563965,2620700
2012-09-05,PSX,42.4900016784668,42.58000183105469,41.43000030517578,41.7400016784668,26.303800582885746,2881800
2012-09-05,PSX,42.4900016784668,42.58000183105469,41.43000030517578,41.7400016784668,26.303800582885746,2881800
2012-09-06,PSX,42.15999984741211,43.7400016784668,42.15999984741211,43.41999816894531,27.36250114440918,4222200
2012-09-06,PSX,42.15999984741211,43.7400016784668,42.15999984741211,43.41999816894531,27.36250114440918,4222200
2012-09-07,PSX,43.47999954223633,44.310001373291016,43.36000061035156,44.2599983215332,27.891843795776367,3458100
2012-09-07,PSX,43.47999954223633,44.310001373291016,43.36000061035156,44.2599983215332,27.891843795776367,3458100
2012-09-10,PSX,43.93000030517578,44.84999847412109,43.93000030517578,44.540000915527344,28.068300247192383,4417300
2012-09-10,PSX,43.93000030517578,44.84999847412109,43.93000030517578,44.540000915527344,28.068300247192383,4417300
2012-09-11,PSX,44.63999938964844,46.09999847412109,44.459999084472656,45.59000015258789,28.729995727539062,6304700
2012-09-11,PSX,44.63999938964844,46.09999847412109,44.459999084472656,45.59000015258789,28.729995727539062,6304700
2012-09-12,PSX,46.13999938964844,47.40999984741211,46.040000915527344,46.27999877929688,29.16482353210449,5269800
2012-09-12,PSX,46.13999938964844,47.40999984741211,46.040000915527344,46.27999877929688,29.16482353210449,5269800
2012-09-13,PSX,46.29999923706055,46.84999847412109,45.369998931884766,46.63999938964844,29.39168930053711,5292000
2012-09-13,PSX,46.29999923706055,46.84999847412109,45.369998931884766,46.63999938964844,29.39168930053711,5292000
2012-09-14,PSX,47.15999984741211,48.220001220703125,46.0099983215332,46.72999954223633,29.448410034179688,6718600
2012-09-14,PSX,47.15999984741211,48.220001220703125,46.0099983215332,46.72999954223633,29.448410034179688,6718600
2012-09-17,PSX,46.16999816894531,46.970001220703125,46.0,46.13999938964844,29.07659721374512,4833400
2012-09-17,PSX,46.16999816894531,46.970001220703125,46.0,46.13999938964844,29.07659721374512,4833400
2012-09-18,PSX,45.52999877929688,45.77999877929688,44.43999862670898,45.52000045776367,28.68587875366211,6108200
2012-09-18,PSX,45.52999877929688,45.77999877929688,44.43999862670898,45.52000045776367,28.68587875366211,6108200
2012-09-19,PSX,45.52999877929688,46.59999847412109,45.5099983215332,45.56999969482422,28.71739196777344,3505400
2012-09-19,PSX,45.52999877929688,46.59999847412109,45.5099983215332,45.56999969482422,28.71739196777344,3505400
2012-09-20,PSX,45.38999938964844,46.310001373291016,45.16999816894531,45.77999877929688,28.8497371673584,3233500
2012-09-20,PSX,45.38999938964844,46.310001373291016,45.16999816894531,45.77999877929688,28.8497371673584,3233500
2012-09-21,PSX,46.040000915527344,47.09000015258789,46.040000915527344,46.81999969482422,29.50512313842773,5960500
2012-09-21,PSX,46.040000915527344,47.09000015258789,46.040000915527344,46.81999969482422,29.50512313842773,5960500
2012-09-24,PSX,46.68999862670898,46.91999816894531,46.2599983215332,46.7400016784668,29.4547176361084,2453800
2012-09-24,PSX,46.68999862670898,46.91999816894531,46.2599983215332,46.7400016784668,29.4547176361084,2453800
2012-09-25,PSX,47.0,47.29999923706055,45.959999084472656,45.97999954223633,28.97576141357422,2912200
2012-09-25,PSX,47.0,47.29999923706055,45.959999084472656,45.97999954223633,28.97576141357422,2912200
2012-09-26,PSX,45.68999862670898,46.33000183105469,45.22999954223633,45.52999877929688,28.692184448242188,3626000
2012-09-26,PSX,45.68999862670898,46.33000183105469,45.22999954223633,45.52999877929688,28.692184448242188,3626000
2012-09-27,PSX,45.79999923706055,46.7400016784668,45.68000030517578,46.52999877929688,29.32237434387207,3180100
2012-09-27,PSX,45.79999923706055,46.7400016784668,45.68000030517578,46.52999877929688,29.32237434387207,3180100
2012-09-28,PSX,46.43000030517578,46.52999877929688,46.02000045776367,46.369998931884766,29.22153663635254,3253700
2012-09-28,PSX,46.43000030517578,46.52999877929688,46.02000045776367,46.369998931884766,29.22153663635254,3253700
2012-10-01,PSX,46.59999847412109,47.02000045776367,46.2599983215332,46.560001373291016,29.34126663208008,2785500
2012-10-01,PSX,46.59999847412109,47.02000045776367,46.2599983215332,46.560001373291016,29.34126663208008,2785500
2012-10-02,PSX,46.68000030517578,46.959999084472656,46.27000045776367,46.41999816894531,29.25304412841797,2911900
2012-10-02,PSX,46.68000030517578,46.959999084472656,46.27000045776367,46.41999816894531,29.25304412841797,2911900
2012-10-03,PSX,46.27000045776367,46.40999984741211,45.0,45.15999984741211,28.459030151367188,5392000
2012-10-03,PSX,46.27000045776367,46.40999984741211,45.0,45.15999984741211,28.459030151367188,5392000
2012-10-04,PSX,45.59000015258789,45.65999984741211,45.08000183105469,45.38999938964844,28.60395622253418,6196000
2012-10-04,PSX,45.59000015258789,45.65999984741211,45.08000183105469,45.38999938964844,28.60395622253418,6196000
2012-10-05,PSX,45.869998931884766,47.68000030517578,45.7599983215332,46.02000045776367,29.00097274780273,7658200
2012-10-05,PSX,45.869998931884766,47.68000030517578,45.7599983215332,46.02000045776367,29.00097274780273,7658200
2012-10-08,PSX,45.959999084472656,46.56999969482422,45.560001373291016,45.93000030517578,28.94425201416016,3414600
2012-10-08,PSX,45.959999084472656,46.56999969482422,45.560001373291016,45.93000030517578,28.94425201416016,3414600
2012-10-09,PSX,46.15999984741211,46.75,46.060001373291016,46.09000015258789,29.045095443725582,3667800
2012-10-09,PSX,46.15999984741211,46.75,46.060001373291016,46.09000015258789,29.045095443725582,3667800
2012-10-10,PSX,46.02000045776367,46.33000183105469,44.68999862670898,45.150001525878906,28.45271873474121,5564600
2012-10-10,PSX,46.02000045776367,46.33000183105469,44.68999862670898,45.150001525878906,28.45271873474121,5564600
2012-10-11,PSX,45.380001068115234,45.650001525878906,44.56999969482422,44.59999847412109,28.262615203857425,4600600
2012-10-11,PSX,45.380001068115234,45.650001525878906,44.56999969482422,44.59999847412109,28.262615203857425,4600600
2012-10-12,PSX,44.33000183105469,44.619998931884766,42.45000076293945,43.91999816894531,27.831693649291992,6634300
2012-10-12,PSX,44.33000183105469,44.619998931884766,42.45000076293945,43.91999816894531,27.831693649291992,6634300
2012-10-15,PSX,43.84999847412109,44.43000030517578,43.40999984741211,44.380001068115234,28.12320709228516,2722000
2012-10-15,PSX,43.84999847412109,44.43000030517578,43.40999984741211,44.380001068115234,28.12320709228516,2722000
2012-10-16,PSX,44.77000045776367,46.790000915527344,44.59999847412109,46.4900016784668,29.46028709411621,5742000
2012-10-16,PSX,44.77000045776367,46.790000915527344,44.59999847412109,46.4900016784668,29.46028709411621,5742000
2012-10-17,PSX,46.54999923706055,47.220001220703125,46.310001373291016,46.650001525878906,29.561670303344727,2842000
2012-10-17,PSX,46.54999923706055,47.220001220703125,46.310001373291016,46.650001525878906,29.561670303344727,2842000
2012-10-18,PSX,46.619998931884766,46.630001068115234,45.38999938964844,45.560001373291016,28.87095642089844,3402300
2012-10-18,PSX,46.619998931884766,46.630001068115234,45.38999938964844,45.560001373291016,28.87095642089844,3402300
2012-10-19,PSX,45.52999877929688,46.09000015258789,44.54999923706055,44.63999938964844,28.287952423095703,3002400
2012-10-19,PSX,45.52999877929688,46.09000015258789,44.54999923706055,44.63999938964844,28.287952423095703,3002400
2012-10-22,PSX,44.72999954223633,45.72999954223633,44.72999954223633,45.58000183105469,28.883621215820312,3421700
2012-10-22,PSX,44.72999954223633,45.72999954223633,44.72999954223633,45.58000183105469,28.883621215820312,3421700
2012-10-23,PSX,44.90999984741211,45.08000183105469,43.93000030517578,44.91999816894531,28.465381622314453,4079100
2012-10-23,PSX,44.90999984741211,45.08000183105469,43.93000030517578,44.91999816894531,28.465381622314453,4079100
2012-10-24,PSX,45.0,45.650001525878906,44.65999984741211,44.77999877929688,28.376672744750977,3478700
2012-10-24,PSX,45.0,45.650001525878906,44.65999984741211,44.77999877929688,28.376672744750977,3478700
2012-10-25,PSX,45.13999938964844,45.45000076293945,44.54999923706055,45.02999877929688,28.535076141357425,2903900
2012-10-25,PSX,45.13999938964844,45.45000076293945,44.54999923706055,45.02999877929688,28.535076141357425,2903900
2012-10-26,PSX,45.56999969482422,47.619998931884766,44.81999969482422,47.5,30.100313186645508,6123800
2012-10-26,PSX,45.56999969482422,47.619998931884766,44.81999969482422,47.5,30.100313186645508,6123800
2012-10-31,PSX,47.81999969482422,48.400001525878906,46.63999938964844,47.15999984741211,29.88485336303711,4791200
2012-10-31,PSX,47.81999969482422,48.400001525878906,46.63999938964844,47.15999984741211,29.88485336303711,4791200
2012-11-01,PSX,47.0,47.650001525878906,46.38999938964844,47.380001068115234,30.024267196655277,4291500
2012-11-01,PSX,47.0,47.650001525878906,46.38999938964844,47.380001068115234,30.024267196655277,4291500
2012-11-02,PSX,48.0099983215332,48.150001525878906,46.06999969482422,46.209999084472656,29.282848358154297,2826000
2012-11-02,PSX,48.0099983215332,48.150001525878906,46.06999969482422,46.209999084472656,29.282848358154297,2826000
2012-11-05,PSX,46.22999954223633,47.900001525878906,46.22999954223633,47.7599983215332,30.26506996154785,3024100
2012-11-05,PSX,46.22999954223633,47.900001525878906,46.22999954223633,47.7599983215332,30.26506996154785,3024100
2012-11-06,PSX,48.0,51.0,47.86000061035156,50.040000915527344,31.70988273620605,8220800
2012-11-06,PSX,48.0,51.0,47.86000061035156,50.040000915527344,31.70988273620605,8220800
2012-11-07,PSX,49.22999954223633,50.08000183105469,48.75,49.459999084472656,31.342344284057617,6708500
2012-11-07,PSX,49.22999954223633,50.08000183105469,48.75,49.459999084472656,31.342344284057617,6708500
2012-11-08,PSX,49.34000015258789,49.970001220703125,48.93999862670898,49.0,31.05084991455078,3699100
2012-11-08,PSX,49.34000015258789,49.970001220703125,48.93999862670898,49.0,31.05084991455078,3699100
2012-11-09,PSX,48.11000061035156,48.560001373291016,47.16999816894531,47.40999984741211,30.04329490661621,5424200
2012-11-09,PSX,48.11000061035156,48.560001373291016,47.16999816894531,47.40999984741211,30.04329490661621,5424200
2012-11-12,PSX,47.43000030517578,48.11000061035156,47.27999877929688,47.34999847412109,30.00525665283203,2699200
2012-11-12,PSX,47.43000030517578,48.11000061035156,47.27999877929688,47.34999847412109,30.00525665283203,2699200
2012-11-13,PSX,47.0,47.7599983215332,46.560001373291016,46.86000061035156,29.69474983215332,3129100
2012-11-13,PSX,47.0,47.7599983215332,46.560001373291016,46.86000061035156,29.69474983215332,3129100
2012-11-14,PSX,47.16999816894531,47.459999084472656,45.709999084472656,45.7599983215332,28.99768829345703,3542400
2012-11-14,PSX,47.16999816894531,47.459999084472656,45.709999084472656,45.7599983215332,28.99768829345703,3542400
2012-11-15,PSX,45.52999877929688,46.18999862670898,44.93999862670898,45.34000015258789,28.73153686523437,3805000
2012-11-15,PSX,45.52999877929688,46.18999862670898,44.93999862670898,45.34000015258789,28.73153686523437,3805000
2012-11-16,PSX,45.560001373291016,45.91999816894531,44.95000076293945,45.77000045776367,29.0040283203125,4591900
2012-11-16,PSX,45.560001373291016,45.91999816894531,44.95000076293945,45.77000045776367,29.0040283203125,4591900
2012-11-19,PSX,46.400001525878906,48.25,46.380001068115234,48.119998931884766,30.493188858032227,4339700
2012-11-19,PSX,46.400001525878906,48.25,46.380001068115234,48.119998931884766,30.493188858032227,4339700
2012-11-20,PSX,48.18999862670898,49.06999969482422,47.869998931884766,49.060001373291016,31.088871002197266,3492900
2012-11-20,PSX,48.18999862670898,49.06999969482422,47.869998931884766,49.060001373291016,31.088871002197266,3492900
2012-11-21,PSX,49.31999969482422,49.650001525878906,48.84000015258789,49.38999938964844,31.29799461364746,3805700
2012-11-21,PSX,49.31999969482422,49.650001525878906,48.84000015258789,49.38999938964844,31.29799461364746,3805700
2012-11-23,PSX,49.58000183105469,50.0,49.40999984741211,49.81999969482422,31.570480346679688,1698700
2012-11-23,PSX,49.58000183105469,50.0,49.40999984741211,49.81999969482422,31.570480346679688,1698700
2012-11-26,PSX,49.54999923706055,49.97999954223633,49.06999969482422,49.560001373291016,31.40571594238281,2943300
2012-11-26,PSX,49.54999923706055,49.97999954223633,49.06999969482422,49.560001373291016,31.40571594238281,2943300
2012-11-27,PSX,49.5099983215332,50.41999816894531,49.0099983215332,50.060001373291016,31.722566604614254,4638900
2012-11-27,PSX,49.5099983215332,50.41999816894531,49.0099983215332,50.060001373291016,31.722566604614254,4638900
2012-11-28,PSX,49.65999984741211,51.27000045776367,49.25,51.0,32.318233489990234,5404800
2012-11-28,PSX,49.65999984741211,51.27000045776367,49.25,51.0,32.318233489990234,5404800
2012-11-29,PSX,51.20000076293945,51.65999984741211,50.83000183105469,51.560001373291016,32.673099517822266,3951100
2012-11-29,PSX,51.20000076293945,51.65999984741211,50.83000183105469,51.560001373291016,32.673099517822266,3951100
2012-11-30,PSX,51.68000030517578,52.52999877929688,51.45000076293945,52.369998931884766,33.186378479003906,5323100
2012-11-30,PSX,51.68000030517578,52.52999877929688,51.45000076293945,52.369998931884766,33.186378479003906,5323100
2012-12-03,PSX,52.650001525878906,52.7599983215332,51.02000045776367,51.560001373291016,32.673099517822266,5670000
2012-12-03,PSX,52.650001525878906,52.7599983215332,51.02000045776367,51.560001373291016,32.673099517822266,5670000
2012-12-04,PSX,51.47999954223633,52.2400016784668,51.47999954223633,51.560001373291016,32.673099517822266,3726600
2012-12-04,PSX,51.47999954223633,52.2400016784668,51.47999954223633,51.560001373291016,32.673099517822266,3726600
2012-12-05,PSX,51.45000076293945,51.95000076293945,50.27000045776367,50.68999862670898,32.121795654296875,3332400
2012-12-05,PSX,51.45000076293945,51.95000076293945,50.27000045776367,50.68999862670898,32.121795654296875,3332400
2012-12-06,PSX,50.68999862670898,51.209999084472656,50.29999923706055,50.970001220703125,32.29922103881836,3405700
2012-12-06,PSX,50.68999862670898,51.209999084472656,50.29999923706055,50.970001220703125,32.29922103881836,3405700
2012-12-07,PSX,51.18999862670898,52.75,51.060001373291016,52.34000015258789,33.16737747192383,4854900
2012-12-07,PSX,51.18999862670898,52.75,51.060001373291016,52.34000015258789,33.16737747192383,4854900
2012-12-10,PSX,52.209999084472656,54.31999969482422,52.20000076293945,53.58000183105469,33.95315170288086,7741300
2012-12-10,PSX,52.209999084472656,54.31999969482422,52.20000076293945,53.58000183105469,33.95315170288086,7741300
2012-12-11,PSX,53.720001220703125,53.91999816894531,52.72999954223633,53.040000915527344,33.610965728759766,5205500
2012-12-11,PSX,53.720001220703125,53.91999816894531,52.72999954223633,53.040000915527344,33.610965728759766,5205500
2012-12-12,PSX,53.33000183105469,53.5,52.93999862670898,53.04999923706055,33.61729431152344,8427100
2012-12-12,PSX,53.33000183105469,53.5,52.93999862670898,53.04999923706055,33.61729431152344,8427100
2012-12-13,PSX,52.59999847412109,52.59999847412109,51.2400016784668,52.209999084472656,33.08499526977539,7136600
2012-12-13,PSX,52.59999847412109,52.59999847412109,51.2400016784668,52.209999084472656,33.08499526977539,7136600
2012-12-14,PSX,52.0,53.540000915527344,51.79999923706055,53.470001220703125,33.883453369140625,5120800
2012-12-14,PSX,52.0,53.540000915527344,51.79999923706055,53.470001220703125,33.883453369140625,5120800
2012-12-17,PSX,53.560001373291016,53.86000061035156,53.18000030517578,53.52000045776367,33.915130615234375,4292300
2012-12-17,PSX,53.560001373291016,53.86000061035156,53.18000030517578,53.52000045776367,33.915130615234375,4292300
2012-12-18,PSX,53.43999862670898,53.70000076293945,53.0,53.16999816894531,33.693328857421875,3922800
2012-12-18,PSX,53.43999862670898,53.70000076293945,53.0,53.16999816894531,33.693328857421875,3922800
2012-12-19,PSX,53.27999877929688,53.380001068115234,51.84000015258789,52.5,33.268768310546875,6409900
2012-12-19,PSX,53.27999877929688,53.380001068115234,51.84000015258789,52.5,33.268768310546875,6409900
2012-12-20,PSX,52.58000183105469,52.720001220703125,51.70000076293945,52.41999816894531,33.21805953979492,4391700
2012-12-20,PSX,52.58000183105469,52.720001220703125,51.70000076293945,52.41999816894531,33.21805953979492,4391700
2012-12-21,PSX,51.709999084472656,52.380001068115234,51.33000183105469,52.15999984741211,33.053321838378906,5053600
2012-12-21,PSX,51.709999084472656,52.380001068115234,51.33000183105469,52.15999984741211,33.053321838378906,5053600
2012-12-24,PSX,52.220001220703125,52.400001525878906,51.900001525878906,51.970001220703125,32.93292236328125,975200
2012-12-24,PSX,52.220001220703125,52.400001525878906,51.900001525878906,51.970001220703125,32.93292236328125,975200
2012-12-26,PSX,52.15999984741211,52.619998931884766,51.31999969482422,51.36000061035156,32.546363830566406,2322700
2012-12-26,PSX,52.15999984741211,52.619998931884766,51.31999969482422,51.36000061035156,32.546363830566406,2322700
2012-12-27,PSX,51.5,51.709999084472656,50.400001525878906,51.560001373291016,32.673099517822266,2885400
2012-12-27,PSX,51.5,51.709999084472656,50.400001525878906,51.560001373291016,32.673099517822266,2885400
2012-12-28,PSX,51.060001373291016,51.5,50.52000045776367,50.56999969482422,32.04574203491211,2999100
2012-12-28,PSX,51.060001373291016,51.5,50.52000045776367,50.56999969482422,32.04574203491211,2999100
2012-12-31,PSX,50.400001525878906,53.220001220703125,50.400001525878906,53.09999847412109,33.64898681640625,4233600
2012-12-31,PSX,50.400001525878906,53.220001220703125,50.400001525878906,53.09999847412109,33.64898681640625,4233600
2013-01-02,PSX,54.25,55.310001373291016,53.22999954223633,55.2599983215332,35.01774978637695,5229900
2013-01-02,PSX,54.25,55.310001373291016,53.22999954223633,55.2599983215332,35.01774978637695,5229900
2013-01-03,PSX,55.02999877929688,55.16999816894531,52.869998931884766,53.18999862670898,33.70600891113281,5291900
2013-01-03,PSX,55.02999877929688,55.16999816894531,52.869998931884766,53.18999862670898,33.70600891113281,5291900
2013-01-04,PSX,53.119998931884766,53.68000030517578,52.290000915527344,53.13999938964844,33.67432403564453,4161100
2013-01-04,PSX,53.119998931884766,53.68000030517578,52.290000915527344,53.13999938964844,33.67432403564453,4161100
2013-01-07,PSX,52.47999954223633,52.47999954223633,50.77000045776367,51.36000061035156,32.546363830566406,6884000
2013-01-07,PSX,52.47999954223633,52.47999954223633,50.77000045776367,51.36000061035156,32.546363830566406,6884000
2013-01-08,PSX,51.20000076293945,51.77999877929688,51.08000183105469,51.59000015258789,32.692108154296875,3575600
2013-01-08,PSX,51.20000076293945,51.77999877929688,51.08000183105469,51.59000015258789,32.692108154296875,3575600
2013-01-09,PSX,51.560001373291016,52.150001525878906,51.02000045776367,51.31999969482422,32.52101516723633,4429800
2013-01-09,PSX,51.560001373291016,52.150001525878906,51.02000045776367,51.31999969482422,32.52101516723633,4429800
2013-01-10,PSX,51.63999938964844,51.84000015258789,51.220001220703125,51.5099983215332,32.64140319824219,3403400
2013-01-10,PSX,51.63999938964844,51.84000015258789,51.220001220703125,51.5099983215332,32.64140319824219,3403400
2013-01-11,PSX,51.27999877929688,51.70000076293945,50.36000061035156,50.58000183105469,32.05207443237305,4615800
2013-01-11,PSX,51.27999877929688,51.70000076293945,50.36000061035156,50.58000183105469,32.05207443237305,4615800
2013-01-14,PSX,50.66999816894531,51.41999816894531,50.119998931884766,51.34999847412109,32.54002380371094,5000100
2013-01-14,PSX,50.66999816894531,51.41999816894531,50.119998931884766,51.34999847412109,32.54002380371094,5000100
2013-01-15,PSX,51.34999847412109,52.33000183105469,51.20000076293945,52.2400016784668,33.10402297973633,4499600
2013-01-15,PSX,51.34999847412109,52.33000183105469,51.20000076293945,52.2400016784668,33.10402297973633,4499600
2013-01-16,PSX,52.130001068115234,54.54999923706055,52.06999969482422,54.52000045776367,34.548828125,8024800
2013-01-16,PSX,52.130001068115234,54.54999923706055,52.06999969482422,54.52000045776367,34.548828125,8024800
2013-01-17,PSX,54.97999954223633,55.83000183105469,54.18999862670898,55.150001525878906,34.94805145263672,5976600
2013-01-17,PSX,54.97999954223633,55.83000183105469,54.18999862670898,55.150001525878906,34.94805145263672,5976600
2013-01-18,PSX,55.209999084472656,55.7400016784668,54.58000183105469,55.06999969482422,34.89735794067383,5998800
2013-01-18,PSX,55.209999084472656,55.7400016784668,54.58000183105469,55.06999969482422,34.89735794067383,5998800
2013-01-22,PSX,55.2400016784668,55.2400016784668,53.91999816894531,54.61000061035156,34.60585021972656,4462000
2013-01-22,PSX,55.2400016784668,55.2400016784668,53.91999816894531,54.61000061035156,34.60585021972656,4462000
2013-01-23,PSX,54.720001220703125,56.18999862670898,54.20000076293945,55.52000045776367,35.1825065612793,4293900
2013-01-23,PSX,54.720001220703125,56.18999862670898,54.20000076293945,55.52000045776367,35.1825065612793,4293900
2013-01-24,PSX,55.5,56.95000076293945,55.369998931884766,56.119998931884766,35.56272506713867,4702100
2013-01-24,PSX,55.5,56.95000076293945,55.369998931884766,56.119998931884766,35.56272506713867,4702100
2013-01-25,PSX,56.5,56.88999938964844,56.11000061035156,56.810001373291016,35.999977111816406,3612300
2013-01-25,PSX,56.5,56.88999938964844,56.11000061035156,56.810001373291016,35.999977111816406,3612300
2013-01-28,PSX,57.09000015258789,57.68000030517578,56.5,57.09000015258789,36.17740631103516,4055400
2013-01-28,PSX,57.09000015258789,57.68000030517578,56.5,57.09000015258789,36.17740631103516,4055400
2013-01-29,PSX,58.0,60.45000076293945,57.959999084472656,59.880001068115234,37.94541549682617,8446300
2013-01-29,PSX,58.0,60.45000076293945,57.959999084472656,59.880001068115234,37.94541549682617,8446300
2013-01-30,PSX,62.380001068115234,62.90999984741211,60.650001525878906,60.7599983215332,38.503055572509766,7922300
2013-01-30,PSX,62.380001068115234,62.90999984741211,60.650001525878906,60.7599983215332,38.503055572509766,7922300
2013-01-31,PSX,60.369998931884766,61.04999923706055,59.90999984741211,60.56999969482422,38.38264083862305,5450400
2013-01-31,PSX,60.369998931884766,61.04999923706055,59.90999984741211,60.56999969482422,38.38264083862305,5450400
2013-02-01,PSX,62.0,63.25,61.220001220703125,62.75,39.764102935791016,4709200
2013-02-01,PSX,62.0,63.25,61.220001220703125,62.75,39.764102935791016,4709200
2013-02-04,PSX,62.130001068115234,62.25,61.15999984741211,61.220001220703125,38.7945556640625,3796500
2013-02-04,PSX,62.130001068115234,62.25,61.15999984741211,61.220001220703125,38.7945556640625,3796500
2013-02-05,PSX,61.720001220703125,61.97999954223633,60.97999954223633,61.0099983215332,38.66146469116211,4578900
2013-02-05,PSX,61.720001220703125,61.97999954223633,60.97999954223633,61.0099983215332,38.66146469116211,4578900
2013-02-06,PSX,60.790000915527344,62.5,60.709999084472656,61.720001220703125,39.11139678955078,5068700
2013-02-06,PSX,60.790000915527344,62.5,60.709999084472656,61.720001220703125,39.11139678955078,5068700
2013-02-07,PSX,61.880001068115234,63.34000015258789,61.0,63.2599983215332,40.08727645874024,4392600
2013-02-07,PSX,61.880001068115234,63.34000015258789,61.0,63.2599983215332,40.08727645874024,4392600
2013-02-08,PSX,63.40999984741211,65.23999786376953,63.220001220703125,64.0199966430664,40.56888198852539,4745800
2013-02-08,PSX,63.40999984741211,65.23999786376953,63.220001220703125,64.0199966430664,40.56888198852539,4745800
2013-02-11,PSX,64.0,64.66000366210938,63.720001220703125,64.18000030517578,40.6702880859375,3097900
2013-02-11,PSX,64.0,64.66000366210938,63.720001220703125,64.18000030517578,40.6702880859375,3097900
2013-02-12,PSX,64.62000274658203,64.77999877929688,63.77999877929688,64.43000030517578,40.82870101928711,3702400
2013-02-12,PSX,64.62000274658203,64.77999877929688,63.77999877929688,64.43000030517578,40.82870101928711,3702400
2013-02-13,PSX,64.5,64.5,63.84999847412109,64.11000061035156,40.62591171264648,2777100
2013-02-13,PSX,64.5,64.5,63.84999847412109,64.11000061035156,40.62591171264648,2777100
2013-02-14,PSX,63.77000045776367,64.91999816894531,63.75,64.83000183105469,41.08217239379883,3560000
2013-02-14,PSX,63.77000045776367,64.91999816894531,63.75,64.83000183105469,41.08217239379883,3560000
2013-02-15,PSX,64.55000305175781,65.37999725341797,63.52999877929688,64.16999816894531,40.66393661499024,3787800
2013-02-15,PSX,64.55000305175781,65.37999725341797,63.52999877929688,64.16999816894531,40.66393661499024,3787800
2013-02-19,PSX,63.66999816894531,64.87999725341797,63.65999984741211,64.76000213623047,41.23896789550781,3091700
2013-02-19,PSX,63.66999816894531,64.87999725341797,63.65999984741211,64.76000213623047,41.23896789550781,3091700
2013-02-20,PSX,64.75,64.94999694824219,62.540000915527344,62.63999938964844,39.88896942138672,4847000
2013-02-20,PSX,64.75,64.94999694824219,62.540000915527344,62.63999938964844,39.88896942138672,4847000
2013-02-21,PSX,62.31999969482422,62.91999816894531,61.220001220703125,62.290000915527344,39.66608047485352,5032600
2013-02-21,PSX,62.31999969482422,62.91999816894531,61.220001220703125,62.290000915527344,39.66608047485352,5032600
2013-02-22,PSX,62.77999877929688,64.12000274658203,62.5099983215332,64.11000061035156,40.825042724609375,3049300
2013-02-22,PSX,62.77999877929688,64.12000274658203,62.5099983215332,64.11000061035156,40.825042724609375,3049300
2013-02-25,PSX,64.48999786376953,64.73999786376953,61.310001373291016,61.34000015258789,39.06111145019531,4294800
2013-02-25,PSX,64.48999786376953,64.73999786376953,61.310001373291016,61.34000015258789,39.06111145019531,4294800
2013-02-26,PSX,61.47999954223633,61.68999862670898,59.93999862670898,61.22999954223633,38.9910774230957,4346900
2013-02-26,PSX,61.47999954223633,61.68999862670898,59.93999862670898,61.22999954223633,38.9910774230957,4346900
2013-02-27,PSX,61.29999923706055,63.119998931884766,61.0,62.9900016784668,40.1118392944336,2581500
2013-02-27,PSX,61.29999923706055,63.119998931884766,61.0,62.9900016784668,40.1118392944336,2581500
2013-02-28,PSX,62.86000061035156,64.2699966430664,62.0,62.959999084472656,40.09272766113281,4226400
2013-02-28,PSX,62.86000061035156,64.2699966430664,62.0,62.959999084472656,40.09272766113281,4226400
2013-03-01,PSX,62.709999084472656,63.93000030517578,62.18999862670898,63.900001525878906,40.69132995605469,3150000
2013-03-01,PSX,62.709999084472656,63.93000030517578,62.18999862670898,63.900001525878906,40.69132995605469,3150000
2013-03-04,PSX,63.84000015258789,65.73999786376953,63.540000915527344,65.68000030517578,41.824832916259766,3758500
2013-03-04,PSX,63.84000015258789,65.73999786376953,63.540000915527344,65.68000030517578,41.824832916259766,3758500
2013-03-05,PSX,66.04000091552734,66.05000305175781,64.5199966430664,65.7699966430664,41.882118225097656,3920300
2013-03-05,PSX,66.04000091552734,66.05000305175781,64.5199966430664,65.7699966430664,41.882118225097656,3920300
2013-03-06,PSX,66.0,66.97000122070312,65.4000015258789,66.05000305175781,42.06044769287109,2929700
2013-03-06,PSX,66.0,66.97000122070312,65.4000015258789,66.05000305175781,42.06044769287109,2929700
2013-03-07,PSX,65.88999938964844,66.12000274658203,64.79000091552734,65.87000274658203,41.94581985473633,3429800
2013-03-07,PSX,65.88999938964844,66.12000274658203,64.79000091552734,65.87000274658203,41.94581985473633,3429800
2013-03-08,PSX,66.08000183105469,66.27999877929688,65.5999984741211,66.02999877929688,42.04770278930664,4045300
2013-03-08,PSX,66.08000183105469,66.27999877929688,65.5999984741211,66.02999877929688,42.04770278930664,4045300
2013-03-11,PSX,65.9000015258789,66.08000183105469,63.93999862670898,65.69000244140625,41.8311882019043,4966800
2013-03-11,PSX,65.9000015258789,66.08000183105469,63.93999862670898,65.69000244140625,41.8311882019043,4966800
2013-03-12,PSX,65.66000366210938,66.4000015258789,65.20999908447266,66.22000122070312,42.16869354248047,4134600
2013-03-12,PSX,65.66000366210938,66.4000015258789,65.20999908447266,66.22000122070312,42.16869354248047,4134600
2013-03-13,PSX,65.87999725341797,66.04000091552734,64.19999694824219,64.55000305175781,41.105247497558594,4784800
2013-03-13,PSX,65.87999725341797,66.04000091552734,64.19999694824219,64.55000305175781,41.105247497558594,4784800
2013-03-14,PSX,64.95999908447266,65.44999694824219,64.29000091552734,64.94999694824219,41.35995101928711,3832700
2013-03-14,PSX,64.95999908447266,65.44999694824219,64.29000091552734,64.94999694824219,41.35995101928711,3832700
2013-03-15,PSX,64.48999786376953,65.23999786376953,64.11000061035156,64.1500015258789,40.85051727294922,5979000
2013-03-15,PSX,64.48999786376953,65.23999786376953,64.11000061035156,64.1500015258789,40.85051727294922,5979000
2013-03-18,PSX,63.31999969482422,65.29000091552734,63.0099983215332,65.02999877929688,41.41090393066406,3643900
2013-03-18,PSX,63.31999969482422,65.29000091552734,63.0099983215332,65.02999877929688,41.41090393066406,3643900
2013-03-19,PSX,64.87999725341797,66.3499984741211,64.66000366210938,65.41000366210938,41.65287399291992,4124400
2013-03-19,PSX,64.87999725341797,66.3499984741211,64.66000366210938,65.41000366210938,41.65287399291992,4124400
2013-03-20,PSX,66.0,68.44000244140625,65.94999694824219,67.54000091552734,43.0092658996582,5087500
2013-03-20,PSX,66.0,68.44000244140625,65.94999694824219,67.54000091552734,43.0092658996582,5087500
2013-03-21,PSX,67.0,67.83999633789062,66.11000061035156,66.81999969482422,42.55077362060547,3394800
2013-03-21,PSX,67.0,67.83999633789062,66.11000061035156,66.81999969482422,42.55077362060547,3394800
2013-03-22,PSX,66.97000122070312,67.79000091552734,66.83999633789062,67.55000305175781,43.0156364440918,2650400
2013-03-22,PSX,66.97000122070312,67.79000091552734,66.83999633789062,67.55000305175781,43.0156364440918,2650400
2013-03-25,PSX,67.94000244140625,68.69999694824219,66.6500015258789,66.86000061035156,42.57624435424805,3905300
2013-03-25,PSX,67.94000244140625,68.69999694824219,66.6500015258789,66.86000061035156,42.57624435424805,3905300
2013-03-26,PSX,66.9800033569336,67.41000366210938,66.37000274658203,67.23999786376953,42.81822204589844,3243600
2013-03-26,PSX,66.9800033569336,67.41000366210938,66.37000274658203,67.23999786376953,42.81822204589844,3243600
2013-03-27,PSX,67.12999725341797,68.29000091552734,66.45999908447266,68.2699966430664,43.47412109375,3920600
2013-03-27,PSX,67.12999725341797,68.29000091552734,66.45999908447266,68.2699966430664,43.47412109375,3920600
2013-03-28,PSX,68.37999725341797,70.5199966430664,67.95999908447266,69.97000122070312,44.55667495727539,6211100
2013-03-28,PSX,68.37999725341797,70.5199966430664,67.95999908447266,69.97000122070312,44.55667495727539,6211100
2013-04-01,PSX,70.0,70.19000244140625,68.7300033569336,69.36000061035156,44.16823196411133,3015200
2013-04-01,PSX,70.0,70.19000244140625,68.7300033569336,69.36000061035156,44.16823196411133,3015200
2013-04-02,PSX,70.16999816894531,70.19999694824219,66.70999908447266,66.83999633789062,42.56349563598633,5679900
2013-04-02,PSX,70.16999816894531,70.19999694824219,66.70999908447266,66.83999633789062,42.56349563598633,5679900
2013-04-03,PSX,66.83999633789062,66.87999725341797,61.470001220703125,62.459999084472656,39.77433013916016,14028500
2013-04-03,PSX,66.83999633789062,66.87999725341797,61.470001220703125,62.459999084472656,39.77433013916016,14028500
2013-04-04,PSX,62.56999969482422,63.95000076293945,61.93999862670898,62.38999938964844,39.729759216308594,6139100
2013-04-04,PSX,62.56999969482422,63.95000076293945,61.93999862670898,62.38999938964844,39.729759216308594,6139100
2013-04-05,PSX,61.2599983215332,62.970001220703125,60.20000076293945,62.310001373291016,39.6788215637207,5289600
2013-04-05,PSX,61.2599983215332,62.970001220703125,60.20000076293945,62.310001373291016,39.6788215637207,5289600
2013-04-08,PSX,62.290000915527344,63.79999923706055,61.900001525878906,63.619998931884766,40.51301956176758,3969300
2013-04-08,PSX,62.290000915527344,63.79999923706055,61.900001525878906,63.619998931884766,40.51301956176758,3969300
2013-04-09,PSX,63.95000076293945,65.2300033569336,62.86000061035156,64.66000366210938,41.17528533935547,4291500
2013-04-09,PSX,63.95000076293945,65.2300033569336,62.86000061035156,64.66000366210938,41.17528533935547,4291500
2013-04-10,PSX,64.77999877929688,65.20999908447266,63.04999923706055,63.86000061035156,40.66584396362305,6005500
2013-04-10,PSX,64.77999877929688,65.20999908447266,63.04999923706055,63.86000061035156,40.66584396362305,6005500
2013-04-11,PSX,63.810001373291016,63.86000061035156,61.810001373291016,62.0099983215332,39.4877815246582,6204800
2013-04-11,PSX,63.810001373291016,63.86000061035156,61.810001373291016,62.0099983215332,39.4877815246582,6204800
2013-04-12,PSX,61.369998931884766,61.7400016784668,59.06999969482422,60.66999816894531,38.63447189331055,8305100
2013-04-12,PSX,61.369998931884766,61.7400016784668,59.06999969482422,60.66999816894531,38.63447189331055,8305100
2013-04-15,PSX,59.18000030517578,59.9900016784668,57.08000183105469,57.52000045776367,36.62856674194336,7897200
2013-04-15,PSX,59.18000030517578,59.9900016784668,57.08000183105469,57.52000045776367,36.62856674194336,7897200
2013-04-16,PSX,58.150001525878906,59.31999969482422,57.77000045776367,59.27999877929688,37.74931716918945,5644000
2013-04-16,PSX,58.150001525878906,59.31999969482422,57.77000045776367,59.27999877929688,37.74931716918945,5644000
2013-04-17,PSX,58.54999923706055,58.790000915527344,57.15999984741211,57.9900016784668,36.927852630615234,4602100
2013-04-17,PSX,58.54999923706055,58.790000915527344,57.15999984741211,57.9900016784668,36.927852630615234,4602100
2013-04-18,PSX,57.91999816894531,58.540000915527344,56.130001068115234,57.22999954223633,36.44388198852539,4270200
2013-04-18,PSX,57.91999816894531,58.540000915527344,56.130001068115234,57.22999954223633,36.44388198852539,4270200
2013-04-19,PSX,58.13999938964844,58.13999938964844,56.459999084472656,57.84000015258789,36.83233642578125,5045100
2013-04-19,PSX,58.13999938964844,58.13999938964844,56.459999084472656,57.84000015258789,36.83233642578125,5045100
2013-04-22,PSX,58.119998931884766,60.34000015258789,58.06999969482422,59.43000030517578,37.84484100341797,3659300
2013-04-22,PSX,58.119998931884766,60.34000015258789,58.06999969482422,59.43000030517578,37.84484100341797,3659300
2013-04-23,PSX,59.59000015258789,61.41999816894531,59.36000061035156,61.150001525878906,38.94012451171875,5318500
2013-04-23,PSX,59.59000015258789,61.41999816894531,59.36000061035156,61.150001525878906,38.94012451171875,5318500
2013-04-24,PSX,61.40999984741211,63.04999923706055,61.310001373291016,61.81999969482422,39.36677932739258,4771700
2013-04-24,PSX,61.40999984741211,63.04999923706055,61.310001373291016,61.81999969482422,39.36677932739258,4771700
2013-04-25,PSX,62.040000915527344,63.09000015258789,61.77999877929688,61.900001525878906,39.4177360534668,4384100
2013-04-25,PSX,62.040000915527344,63.09000015258789,61.77999877929688,61.900001525878906,39.4177360534668,4384100
2013-04-26,PSX,61.84999847412109,62.08000183105469,61.13999938964844,61.59999847412109,39.22667694091797,3034700
2013-04-26,PSX,61.84999847412109,62.08000183105469,61.13999938964844,61.59999847412109,39.22667694091797,3034700
2013-04-29,PSX,61.970001220703125,62.29999923706055,61.47999954223633,61.79999923706055,39.35404586791992,3444900
2013-04-29,PSX,61.970001220703125,62.29999923706055,61.47999954223633,61.79999923706055,39.35404586791992,3444900
2013-04-30,PSX,61.93000030517578,62.20000076293945,60.02000045776367,60.95000076293945,38.812774658203125,5457000
2013-04-30,PSX,61.93000030517578,62.20000076293945,60.02000045776367,60.95000076293945,38.812774658203125,5457000
2013-05-01,PSX,61.11000061035156,61.93999862670898,59.54999923706055,59.66999816894531,37.997676849365234,5678600
2013-05-01,PSX,61.11000061035156,61.93999862670898,59.54999923706055,59.66999816894531,37.997676849365234,5678600
2013-05-02,PSX,60.06999969482422,60.68000030517578,59.15999984741211,60.29999923706055,38.39885330200195,4212400
2013-05-02,PSX,60.06999969482422,60.68000030517578,59.15999984741211,60.29999923706055,38.39885330200195,4212400
2013-05-03,PSX,60.79999923706055,62.65999984741211,60.4900016784668,62.18000030517578,39.59603500366211,4548900
2013-05-03,PSX,60.79999923706055,62.65999984741211,60.4900016784668,62.18000030517578,39.59603500366211,4548900
2013-05-06,PSX,62.4900016784668,64.23999786376953,62.31999969482422,63.869998931884766,40.67221450805664,3682400
2013-05-06,PSX,62.4900016784668,64.23999786376953,62.31999969482422,63.869998931884766,40.67221450805664,3682400
2013-05-07,PSX,64.25,65.33999633789062,64.0199966430664,64.4800033569336,41.060665130615234,4676600
2013-05-07,PSX,64.25,65.33999633789062,64.0199966430664,64.4800033569336,41.060665130615234,4676600
2013-05-08,PSX,64.2300033569336,64.47000122070312,62.84999847412109,63.40999984741211,40.37929916381836,3664300
2013-05-08,PSX,64.2300033569336,64.47000122070312,62.84999847412109,63.40999984741211,40.37929916381836,3664300
2013-05-09,PSX,63.22999954223633,63.27000045776367,61.880001068115234,62.130001068115234,39.5641975402832,3436900
2013-05-09,PSX,63.22999954223633,63.27000045776367,61.880001068115234,62.130001068115234,39.5641975402832,3436900
2013-05-10,PSX,61.72999954223633,62.20000076293945,61.0,61.380001068115234,39.08659744262695,5059200
2013-05-10,PSX,61.72999954223633,62.20000076293945,61.0,61.380001068115234,39.08659744262695,5059200
2013-05-13,PSX,61.130001068115234,62.27999877929688,60.38999938964844,61.970001220703125,39.46230697631836,3829500
2013-05-13,PSX,61.130001068115234,62.27999877929688,60.38999938964844,61.970001220703125,39.46230697631836,3829500
2013-05-14,PSX,62.060001373291016,64.18000030517578,62.0,64.08000183105469,40.80594253540039,6212800
2013-05-14,PSX,62.060001373291016,64.18000030517578,62.0,64.08000183105469,40.80594253540039,6212800
2013-05-15,PSX,63.72999954223633,65.4800033569336,63.72999954223633,64.94999694824219,41.35995101928711,5621700
2013-05-15,PSX,63.72999954223633,65.4800033569336,63.72999954223633,64.94999694824219,41.35995101928711,5621700
2013-05-16,PSX,64.70999908447266,65.41000366210938,63.720001220703125,63.84000015258789,40.849979400634766,3994700
2013-05-16,PSX,64.70999908447266,65.41000366210938,63.720001220703125,63.84000015258789,40.849979400634766,3994700
2013-05-17,PSX,64.19999694824219,65.91999816894531,64.18000030517578,65.45999908447266,41.8865852355957,5521600
2013-05-17,PSX,64.19999694824219,65.91999816894531,64.18000030517578,65.45999908447266,41.8865852355957,5521600
2013-05-20,PSX,65.31999969482422,66.8499984741211,65.31999969482422,65.95999908447266,42.206520080566406,4531600
2013-05-20,PSX,65.31999969482422,66.8499984741211,65.31999969482422,65.95999908447266,42.206520080566406,4531600
2013-05-21,PSX,66.0999984741211,66.70999908447266,64.88999938964844,65.41999816894531,41.86097717285156,4505200
2013-05-21,PSX,66.0999984741211,66.70999908447266,64.88999938964844,65.41999816894531,41.86097717285156,4505200
2013-05-22,PSX,65.30000305175781,66.62000274658203,64.80000305175781,65.38999938964844,41.8417854309082,4482700
2013-05-22,PSX,65.30000305175781,66.62000274658203,64.80000305175781,65.38999938964844,41.8417854309082,4482700
2013-05-23,PSX,64.44000244140625,65.55999755859375,63.900001525878906,65.25,41.75221252441406,2380300
2013-05-23,PSX,64.44000244140625,65.55999755859375,63.900001525878906,65.25,41.75221252441406,2380300
2013-05-24,PSX,64.7699966430664,65.5,63.79999923706055,65.47000122070312,41.89299392700195,2518400
2013-05-24,PSX,64.7699966430664,65.5,63.79999923706055,65.47000122070312,41.89299392700195,2518400
2013-05-28,PSX,66.38999938964844,66.9800033569336,65.91999816894531,66.5199966430664,42.56486129760742,2792000
2013-05-28,PSX,66.38999938964844,66.9800033569336,65.91999816894531,66.5199966430664,42.56486129760742,2792000
2013-05-29,PSX,66.20999908447266,67.33999633789062,65.6500015258789,66.83999633789062,42.76960754394531,3135200
2013-05-29,PSX,66.20999908447266,67.33999633789062,65.6500015258789,66.83999633789062,42.76960754394531,3135200
2013-05-30,PSX,66.3499984741211,67.11000061035156,65.68000030517578,66.7699966430664,42.72482681274414,2896400
2013-05-30,PSX,66.3499984741211,67.11000061035156,65.68000030517578,66.7699966430664,42.72482681274414,2896400
2013-05-31,PSX,66.63999938964844,67.88999938964844,66.27999877929688,66.56999969482422,42.59684371948242,3506400
2013-05-31,PSX,66.63999938964844,67.88999938964844,66.27999877929688,66.56999969482422,42.59684371948242,3506400
2013-06-03,PSX,67.04000091552734,67.08999633789062,64.27999877929688,66.08000183105469,42.283294677734375,4022900
2013-06-03,PSX,67.04000091552734,67.08999633789062,64.27999877929688,66.08000183105469,42.283294677734375,4022900
2013-06-04,PSX,65.80000305175781,66.18000030517578,64.30000305175781,65.18000030517578,41.70741653442383,2890200
2013-06-04,PSX,65.80000305175781,66.18000030517578,64.30000305175781,65.18000030517578,41.70741653442383,2890200
2013-06-05,PSX,64.94000244140625,65.3499984741211,63.52999877929688,63.61000061035156,40.70279312133789,3064900
2013-06-05,PSX,64.94000244140625,65.3499984741211,63.52999877929688,63.61000061035156,40.70279312133789,3064900
2013-06-06,PSX,63.68000030517578,65.1500015258789,63.34999847412109,65.0,41.592227935791016,2637300
2013-06-06,PSX,63.68000030517578,65.1500015258789,63.34999847412109,65.0,41.592227935791016,2637300
2013-06-07,PSX,65.44000244140625,66.19999694824219,65.18000030517578,65.87000274658203,42.14893341064453,2774600
2013-06-07,PSX,65.44000244140625,66.19999694824219,65.18000030517578,65.87000274658203,42.14893341064453,2774600
2013-06-10,PSX,65.93000030517578,66.38999938964844,65.01000213623047,65.11000061035156,41.6626205444336,2372500
2013-06-10,PSX,65.93000030517578,66.38999938964844,65.01000213623047,65.11000061035156,41.6626205444336,2372500
2013-06-11,PSX,64.05000305175781,64.7300033569336,63.70000076293945,63.959999084472656,40.92676544189453,3202200
2013-06-11,PSX,64.05000305175781,64.7300033569336,63.70000076293945,63.959999084472656,40.92676544189453,3202200
2013-06-12,PSX,64.87999725341797,65.20999908447266,63.18000030517578,63.310001373291016,40.51083755493164,3967600
2013-06-12,PSX,64.87999725341797,65.20999908447266,63.18000030517578,63.310001373291016,40.51083755493164,3967600
2013-06-13,PSX,63.09000015258789,64.81999969482422,62.369998931884766,64.51000213623047,41.27870559692383,3336300
2013-06-13,PSX,63.09000015258789,64.81999969482422,62.369998931884766,64.51000213623047,41.27870559692383,3336300
2013-06-14,PSX,64.70999908447266,64.97000122070312,63.77000045776367,63.810001373291016,40.83078384399414,1833900
2013-06-14,PSX,64.70999908447266,64.97000122070312,63.77000045776367,63.810001373291016,40.83078384399414,1833900
2013-06-17,PSX,64.19999694824219,64.69000244140625,63.97999954223633,64.26000213623047,41.11872100830078,3341200
2013-06-17,PSX,64.19999694824219,64.69000244140625,63.97999954223633,64.26000213623047,41.11872100830078,3341200
2013-06-18,PSX,64.4800033569336,65.0,64.25,64.38999938964844,41.2019157409668,2336900
2013-06-18,PSX,64.4800033569336,65.0,64.25,64.38999938964844,41.2019157409668,2336900
2013-06-19,PSX,64.2699966430664,64.87000274658203,63.5099983215332,63.630001068115234,40.71560287475586,3341500
2013-06-19,PSX,64.2699966430664,64.87000274658203,63.5099983215332,63.630001068115234,40.71560287475586,3341500
2013-06-20,PSX,62.58000183105469,62.68999862670898,60.060001373291016,60.38999938964844,38.642391204833984,5087000
2013-06-20,PSX,62.58000183105469,62.68999862670898,60.060001373291016,60.38999938964844,38.642391204833984,5087000
2013-06-21,PSX,61.02000045776367,61.22999954223633,58.060001373291016,59.25,37.91291427612305,6354700
2013-06-21,PSX,61.02000045776367,61.22999954223633,58.060001373291016,59.25,37.91291427612305,6354700
2013-06-24,PSX,58.459999084472656,58.77000045776367,56.84000015258789,57.18999862670898,36.594764709472656,4938400
2013-06-24,PSX,58.459999084472656,58.77000045776367,56.84000015258789,57.18999862670898,36.594764709472656,4938400
2013-06-25,PSX,58.290000915527344,59.709999084472656,58.290000915527344,59.40999984741211,38.01530075073242,3453600
2013-06-25,PSX,58.290000915527344,59.709999084472656,58.290000915527344,59.40999984741211,38.01530075073242,3453600
2013-06-26,PSX,60.09999847412109,60.959999084472656,59.560001373291016,59.720001220703125,38.21365737915039,2706600
2013-06-26,PSX,60.09999847412109,60.959999084472656,59.560001373291016,59.720001220703125,38.21365737915039,2706600
2013-06-27,PSX,60.31999969482422,60.40999984741211,58.45000076293945,59.220001220703125,37.89371490478516,3883300
2013-06-27,PSX,60.31999969482422,60.40999984741211,58.45000076293945,59.220001220703125,37.89371490478516,3883300
2013-06-28,PSX,59.13999938964844,59.75,58.77000045776367,58.90999984741211,37.69536590576172,3573800
2013-06-28,PSX,59.13999938964844,59.75,58.77000045776367,58.90999984741211,37.69536590576172,3573800
2013-07-01,PSX,59.2400016784668,60.2400016784668,58.66999816894531,58.900001525878906,37.68896865844727,3486700
2013-07-01,PSX,59.2400016784668,60.2400016784668,58.66999816894531,58.900001525878906,37.68896865844727,3486700
2013-07-02,PSX,58.84999847412109,59.209999084472656,56.61000061035156,57.08000183105469,36.52437973022461,4998500
2013-07-02,PSX,58.84999847412109,59.209999084472656,56.61000061035156,57.08000183105469,36.52437973022461,4998500
2013-07-03,PSX,56.75,57.709999084472656,54.79999923706055,57.68000030517578,36.90830993652344,6190900
2013-07-03,PSX,56.75,57.709999084472656,54.79999923706055,57.68000030517578,36.90830993652344,6190900
2013-07-05,PSX,57.84000015258789,57.88999938964844,55.40999984741211,57.2400016784668,36.62676239013672,3653200
2013-07-05,PSX,57.84000015258789,57.88999938964844,55.40999984741211,57.2400016784668,36.62676239013672,3653200
2013-07-08,PSX,57.709999084472656,59.16999816894531,57.63999938964844,58.75,37.59298324584961,3067800
2013-07-08,PSX,57.709999084472656,59.16999816894531,57.63999938964844,58.75,37.59298324584961,3067800
2013-07-09,PSX,59.02000045776367,59.369998931884766,58.40999984741211,58.5099983215332,37.43939971923828,3271200
2013-07-09,PSX,59.02000045776367,59.369998931884766,58.40999984741211,58.5099983215332,37.43939971923828,3271200
2013-07-10,PSX,58.40999984741211,58.630001068115234,55.93999862670898,56.09000015258789,35.890899658203125,5874000
2013-07-10,PSX,58.40999984741211,58.630001068115234,55.93999862670898,56.09000015258789,35.890899658203125,5874000
2013-07-11,PSX,57.04999923706055,57.900001525878906,56.02000045776367,57.7599983215332,36.95949172973633,5355200
2013-07-11,PSX,57.04999923706055,57.900001525878906,56.02000045776367,57.7599983215332,36.95949172973633,5355200
2013-07-12,PSX,56.900001525878906,59.63999938964844,56.900001525878906,59.09000015258789,37.81052780151367,6108800
2013-07-12,PSX,56.900001525878906,59.63999938964844,56.900001525878906,59.09000015258789,37.81052780151367,6108800
2013-07-15,PSX,59.45000076293945,59.84999847412109,58.77999877929688,59.22999954223633,37.900123596191406,4202400
2013-07-15,PSX,59.45000076293945,59.84999847412109,58.77999877929688,59.22999954223633,37.900123596191406,4202400
2013-07-16,PSX,59.209999084472656,59.41999816894531,57.150001525878906,57.63999938964844,36.88273239135742,6289800
2013-07-16,PSX,59.209999084472656,59.41999816894531,57.150001525878906,57.63999938964844,36.88273239135742,6289800
2013-07-17,PSX,57.81999969482422,58.41999816894531,57.09999847412109,58.040000915527344,37.1386604309082,3527400
2013-07-17,PSX,57.81999969482422,58.41999816894531,57.09999847412109,58.040000915527344,37.1386604309082,3527400
2013-07-18,PSX,58.18999862670898,58.27999877929688,56.709999084472656,56.91999816894531,36.422000885009766,4328100
2013-07-18,PSX,58.18999862670898,58.27999877929688,56.709999084472656,56.91999816894531,36.422000885009766,4328100
2013-07-19,PSX,57.43999862670898,57.83000183105469,56.720001220703125,57.4900016784668,36.78672790527344,3960500
2013-07-19,PSX,57.43999862670898,57.83000183105469,56.720001220703125,57.4900016784668,36.78672790527344,3960500
2013-07-22,PSX,57.880001068115234,58.45000076293945,57.18000030517578,57.959999084472656,37.08747482299805,4093500
2013-07-22,PSX,57.880001068115234,58.45000076293945,57.18000030517578,57.959999084472656,37.08747482299805,4093500
2013-07-23,PSX,58.470001220703125,59.709999084472656,58.34999847412109,59.4900016784668,38.06649398803711,3938200
2013-07-23,PSX,58.470001220703125,59.709999084472656,58.34999847412109,59.4900016784668,38.06649398803711,3938200
2013-07-24,PSX,59.650001525878906,59.650001525878906,57.70000076293945,58.84000015258789,37.65056610107422,4041900
2013-07-24,PSX,59.650001525878906,59.650001525878906,57.70000076293945,58.84000015258789,37.65056610107422,4041900
2013-07-25,PSX,58.68000030517578,59.70000076293945,58.2400016784668,59.41999816894531,38.02170181274414,4551000
2013-07-25,PSX,58.68000030517578,59.70000076293945,58.2400016784668,59.41999816894531,38.02170181274414,4551000
2013-07-26,PSX,59.25,59.84000015258789,58.709999084472656,59.0,37.7529411315918,2603600
2013-07-26,PSX,59.25,59.84000015258789,58.709999084472656,59.0,37.7529411315918,2603600
2013-07-29,PSX,59.0,59.290000915527344,58.56999969482422,58.959999084472656,37.72736358642578,852400
2013-07-29,PSX,59.0,59.290000915527344,58.56999969482422,58.959999084472656,37.72736358642578,852400
2013-07-30,PSX,59.04999923706055,59.25,57.90999984741211,58.470001220703125,37.41381072998047,4076700
2013-07-30,PSX,59.04999923706055,59.25,57.90999984741211,58.470001220703125,37.41381072998047,4076700
2013-07-31,PSX,57.31999969482422,61.970001220703125,57.130001068115234,61.5,39.3526496887207,8186700
2013-07-31,PSX,57.31999969482422,61.970001220703125,57.130001068115234,61.5,39.3526496887207,8186700
2013-08-01,PSX,61.869998931884766,61.90999984741211,60.31999969482422,60.52000045776367,38.72557067871094,3918500
2013-08-01,PSX,61.869998931884766,61.90999984741211,60.31999969482422,60.52000045776367,38.72557067871094,3918500
2013-08-02,PSX,60.130001068115234,60.130001068115234,58.06999969482422,58.40999984741211,37.37542724609375,5612800
2013-08-02,PSX,60.130001068115234,60.130001068115234,58.06999969482422,58.40999984741211,37.37542724609375,5612800
2013-08-05,PSX,58.27999877929688,58.29999923706055,57.29999923706055,57.79999923706055,36.98509216308594,4125100
2013-08-05,PSX,58.27999877929688,58.29999923706055,57.29999923706055,57.79999923706055,36.98509216308594,4125100
2013-08-06,PSX,57.63999938964844,59.150001525878906,57.63999938964844,58.310001373291016,37.31143569946289,4863300
2013-08-06,PSX,57.63999938964844,59.150001525878906,57.63999938964844,58.310001373291016,37.31143569946289,4863300
2013-08-07,PSX,58.2400016784668,58.68999862670898,57.560001373291016,57.959999084472656,37.08747482299805,3824100
2013-08-07,PSX,58.2400016784668,58.68999862670898,57.560001373291016,57.959999084472656,37.08747482299805,3824100
2013-08-08,PSX,58.02000045776367,59.36000061035156,57.900001525878906,59.0,37.7529411315918,3254800
2013-08-08,PSX,58.02000045776367,59.36000061035156,57.900001525878906,59.0,37.7529411315918,3254800
2013-08-09,PSX,59.0,59.310001373291016,58.56999969482422,58.91999816894531,37.701759338378906,3178500
2013-08-09,PSX,59.0,59.310001373291016,58.56999969482422,58.91999816894531,37.701759338378906,3178500
2013-08-12,PSX,58.43999862670898,58.97999954223633,57.720001220703125,58.16999816894531,37.22183990478516,3295100
2013-08-12,PSX,58.43999862670898,58.97999954223633,57.720001220703125,58.16999816894531,37.22183990478516,3295100
2013-08-13,PSX,58.38999938964844,59.18999862670898,58.0,59.09000015258789,37.81052780151367,3180300
2013-08-13,PSX,58.38999938964844,59.18999862670898,58.0,59.09000015258789,37.81052780151367,3180300
2013-08-14,PSX,59.0,59.18000030517578,58.380001068115234,58.790000915527344,37.81891632080078,2358500
2013-08-14,PSX,59.0,59.18000030517578,58.380001068115234,58.790000915527344,37.81891632080078,2358500
2013-08-15,PSX,58.27000045776367,58.43000030517578,57.040000915527344,57.150001525878906,36.763916015625,3495300
2013-08-15,PSX,58.27000045776367,58.43000030517578,57.040000915527344,57.150001525878906,36.763916015625,3495300
2013-08-16,PSX,56.88999938964844,56.9900016784668,56.06999969482422,56.29999923706055,36.21711349487305,3478700
2013-08-16,PSX,56.88999938964844,56.9900016784668,56.06999969482422,56.29999923706055,36.21711349487305,3478700
2013-08-19,PSX,56.27999877929688,56.84999847412109,55.25,55.34000015258789,35.59955596923828,3212100
2013-08-19,PSX,56.27999877929688,56.84999847412109,55.25,55.34000015258789,35.59955596923828,3212100
2013-08-20,PSX,55.22999954223633,57.68999862670898,54.900001525878906,57.0099983215332,36.67386245727539,3870800
2013-08-20,PSX,55.22999954223633,57.68999862670898,54.900001525878906,57.0099983215332,36.67386245727539,3870800
2013-08-21,PSX,56.72999954223633,58.4900016784668,56.29999923706055,57.95000076293945,37.27854919433594,3784200
2013-08-21,PSX,56.72999954223633,58.4900016784668,56.29999923706055,57.95000076293945,37.27854919433594,3784200
2013-08-22,PSX,57.97999954223633,58.869998931884766,57.52000045776367,58.11000061035156,37.38146209716797,3009300
2013-08-22,PSX,57.97999954223633,58.869998931884766,57.52000045776367,58.11000061035156,37.38146209716797,3009300
2013-08-23,PSX,58.45000076293945,59.2400016784668,57.93999862670898,58.11000061035156,37.38146209716797,2951800
2013-08-23,PSX,58.45000076293945,59.2400016784668,57.93999862670898,58.11000061035156,37.38146209716797,2951800
2013-08-26,PSX,58.16999816894531,59.09000015258789,57.880001068115234,58.130001068115234,37.39432144165039,2843800
2013-08-26,PSX,58.16999816894531,59.09000015258789,57.880001068115234,58.130001068115234,37.39432144165039,2843800
2013-08-27,PSX,57.709999084472656,58.0,57.09000015258789,57.09999847412109,36.73175048828125,2979300
2013-08-27,PSX,57.709999084472656,58.0,57.09000015258789,57.09999847412109,36.73175048828125,2979300
2013-08-28,PSX,57.20000076293945,58.29999923706055,57.20000076293945,58.02999877929688,37.32999038696289,2220300
2013-08-28,PSX,57.20000076293945,58.29999923706055,57.20000076293945,58.02999877929688,37.32999038696289,2220300
2013-08-29,PSX,57.869998931884766,58.470001220703125,57.380001068115234,57.720001220703125,37.13059616088867,2119000
2013-08-29,PSX,57.869998931884766,58.470001220703125,57.380001068115234,57.720001220703125,37.13059616088867,2119000
2013-08-30,PSX,57.95000076293945,58.5,56.95000076293945,57.09999847412109,36.73175048828125,2661100
2013-08-30,PSX,57.95000076293945,58.5,56.95000076293945,57.09999847412109,36.73175048828125,2661100
2013-09-03,PSX,57.7599983215332,58.43999862670898,57.33000183105469,58.11000061035156,37.38146209716797,3045700
2013-09-03,PSX,57.7599983215332,58.43999862670898,57.33000183105469,58.11000061035156,37.38146209716797,3045700
2013-09-04,PSX,57.91999816894531,59.31999969482422,57.58000183105469,59.02999877929688,37.97329711914063,4079400
2013-09-04,PSX,57.91999816894531,59.31999969482422,57.58000183105469,59.02999877929688,37.97329711914063,4079400
2013-09-05,PSX,58.68000030517578,59.09999847412109,57.790000915527344,57.79999923706055,37.18204116821289,3849800
2013-09-05,PSX,58.68000030517578,59.09999847412109,57.790000915527344,57.79999923706055,37.18204116821289,3849800
2013-09-06,PSX,57.90999984741211,58.11000061035156,56.900001525878906,57.41999816894531,36.937591552734375,2800400
2013-09-06,PSX,57.90999984741211,58.11000061035156,56.900001525878906,57.41999816894531,36.937591552734375,2800400
2013-09-09,PSX,57.06999969482422,57.91999816894531,57.02000045776367,57.470001220703125,36.96977996826172,3102600
2013-09-09,PSX,57.06999969482422,57.91999816894531,57.02000045776367,57.470001220703125,36.96977996826172,3102600
2013-09-10,PSX,57.43999862670898,57.43999862670898,56.68000030517578,56.790000915527344,36.53232955932617,3476500
2013-09-10,PSX,57.43999862670898,57.43999862670898,56.68000030517578,56.790000915527344,36.53232955932617,3476500
2013-09-11,PSX,56.83000183105469,57.02999877929688,56.060001373291016,56.93000030517578,36.62238311767578,2597300
2013-09-11,PSX,56.83000183105469,57.02999877929688,56.060001373291016,56.93000030517578,36.62238311767578,2597300
2013-09-12,PSX,56.9900016784668,57.34000015258789,56.33000183105469,56.45000076293945,36.3136100769043,2662700
2013-09-12,PSX,56.9900016784668,57.34000015258789,56.33000183105469,56.45000076293945,36.3136100769043,2662700
2013-09-13,PSX,56.63999938964844,57.72999954223633,56.56999969482422,57.130001068115234,36.75105285644531,2420800
2013-09-13,PSX,56.63999938964844,57.72999954223633,56.56999969482422,57.130001068115234,36.75105285644531,2420800
2013-09-16,PSX,57.619998931884766,57.70000076293945,56.709999084472656,56.83000183105469,36.55805969238281,2521900
2013-09-16,PSX,57.619998931884766,57.70000076293945,56.709999084472656,56.83000183105469,36.55805969238281,2521900
2013-09-17,PSX,56.709999084472656,56.79999923706055,55.810001373291016,56.04999923706055,36.05629348754883,3885000
2013-09-17,PSX,56.709999084472656,56.79999923706055,55.810001373291016,56.04999923706055,36.05629348754883,3885000
2013-09-18,PSX,56.04999923706055,57.5,56.02000045776367,57.25,36.8282356262207,3873300
2013-09-18,PSX,56.04999923706055,57.5,56.02000045776367,57.25,36.8282356262207,3873300
2013-09-19,PSX,58.34000015258789,59.209999084472656,57.900001525878906,58.150001525878906,37.40719223022461,4667700
2013-09-19,PSX,58.34000015258789,59.209999084472656,57.900001525878906,58.150001525878906,37.40719223022461,4667700
2013-09-20,PSX,58.209999084472656,59.29999923706055,57.68999862670898,57.93000030517578,37.26568222045898,4944400
2013-09-20,PSX,58.209999084472656,59.29999923706055,57.68999862670898,57.93000030517578,37.26568222045898,4944400
2013-09-23,PSX,57.72999954223633,57.72999954223633,56.900001525878906,57.40999984741211,36.93115615844727,3067700
2013-09-23,PSX,57.72999954223633,57.72999954223633,56.900001525878906,57.40999984741211,36.93115615844727,3067700
2013-09-24,PSX,57.2400016784668,58.54999923706055,57.02999877929688,57.77000045776367,37.16275024414063,3430500
2013-09-24,PSX,57.2400016784668,58.54999923706055,57.02999877929688,57.77000045776367,37.16275024414063,3430500
2013-09-25,PSX,57.81999969482422,58.54999923706055,57.52999877929688,58.04999923706055,37.34286117553711,3049500
2013-09-25,PSX,57.81999969482422,58.54999923706055,57.52999877929688,58.04999923706055,37.34286117553711,3049500
2013-09-26,PSX,58.0099983215332,59.0,58.0099983215332,58.47999954223633,37.61949157714844,2709400
2013-09-26,PSX,58.0099983215332,59.0,58.0099983215332,58.47999954223633,37.61949157714844,2709400
2013-09-27,PSX,58.09999847412109,58.869998931884766,58.09999847412109,58.52999877929688,37.651641845703125,3027700
2013-09-27,PSX,58.09999847412109,58.869998931884766,58.09999847412109,58.52999877929688,37.651641845703125,3027700
2013-09-30,PSX,58.0099983215332,58.09000015258789,56.880001068115234,57.81999969482422,37.194915771484375,4407300
2013-09-30,PSX,58.0099983215332,58.09000015258789,56.880001068115234,57.81999969482422,37.194915771484375,4407300
2013-10-01,PSX,57.650001525878906,58.220001220703125,57.18999862670898,57.900001525878906,37.24637222290039,2600600
2013-10-01,PSX,57.650001525878906,58.220001220703125,57.18999862670898,57.900001525878906,37.24637222290039,2600600
2013-10-02,PSX,57.59000015258789,59.310001373291016,57.33000183105469,59.18000030517578,38.069786071777344,4150400
2013-10-02,PSX,57.59000015258789,59.310001373291016,57.33000183105469,59.18000030517578,38.069786071777344,4150400
2013-10-03,PSX,58.86000061035156,59.83000183105469,58.59999847412109,59.560001373291016,38.31422805786133,4244400
2013-10-03,PSX,58.86000061035156,59.83000183105469,58.59999847412109,59.560001373291016,38.31422805786133,4244400
2013-10-04,PSX,59.0,59.34999847412109,58.38999938964844,59.16999816894531,38.06335067749024,3550700
2013-10-04,PSX,59.0,59.34999847412109,58.38999938964844,59.16999816894531,38.06335067749024,3550700
2013-10-07,PSX,58.7599983215332,58.900001525878906,57.900001525878906,57.900001525878906,37.24637222290039,3345300
2013-10-07,PSX,58.7599983215332,58.900001525878906,57.900001525878906,57.900001525878906,37.24637222290039,3345300
2013-10-08,PSX,57.91999816894531,58.09000015258789,56.5,56.88999938964844,36.59665298461914,4211400
2013-10-08,PSX,57.91999816894531,58.09000015258789,56.5,56.88999938964844,36.59665298461914,4211400
2013-10-09,PSX,56.81999969482422,57.27999877929688,56.5099983215332,56.900001525878906,36.60309982299805,3466300
2013-10-09,PSX,56.81999969482422,57.27999877929688,56.5099983215332,56.900001525878906,36.60309982299805,3466300
2013-10-10,PSX,57.66999816894531,58.790000915527344,57.619998931884766,58.56999969482422,37.67738342285156,4396700
2013-10-10,PSX,57.66999816894531,58.790000915527344,57.619998931884766,58.56999969482422,37.67738342285156,4396700
2013-10-11,PSX,58.54999923706055,60.810001373291016,58.470001220703125,59.93000030517578,38.55226135253906,5680300
2013-10-11,PSX,58.54999923706055,60.810001373291016,58.470001220703125,59.93000030517578,38.55226135253906,5680300
2013-10-14,PSX,59.56999969482422,60.720001220703125,59.25,60.47999954223633,38.90604782104492,2891900
2013-10-14,PSX,59.56999969482422,60.720001220703125,59.25,60.47999954223633,38.90604782104492,2891900
2013-10-15,PSX,60.38999938964844,60.84999847412109,59.34000015258789,59.5,38.275638580322266,3602600
2013-10-15,PSX,60.38999938964844,60.84999847412109,59.34000015258789,59.5,38.275638580322266,3602600
2013-10-16,PSX,60.02000045776367,60.75,59.86000061035156,60.72999954223633,39.066890716552734,2993300
2013-10-16,PSX,60.02000045776367,60.75,59.86000061035156,60.72999954223633,39.066890716552734,2993300
2013-10-17,PSX,60.56999969482422,62.38999938964844,60.5,62.220001220703125,40.02538299560547,3405000
2013-10-17,PSX,60.56999969482422,62.38999938964844,60.5,62.220001220703125,40.02538299560547,3405000
2013-10-18,PSX,62.5099983215332,63.5,62.25,63.47999954223633,40.83592224121094,3813800
2013-10-18,PSX,62.5099983215332,63.5,62.25,63.47999954223633,40.83592224121094,3813800
2013-10-21,PSX,63.77000045776367,64.19000244140625,63.4900016784668,63.90999984741211,41.1125373840332,2985500
2013-10-21,PSX,63.77000045776367,64.19000244140625,63.4900016784668,63.90999984741211,41.1125373840332,2985500
2013-10-22,PSX,64.33999633789062,65.23999786376953,64.16000366210938,64.87999725341797,41.73653411865234,4264700
2013-10-22,PSX,64.33999633789062,65.23999786376953,64.16000366210938,64.87999725341797,41.73653411865234,4264700
2013-10-23,PSX,64.37000274658203,65.4000015258789,64.33000183105469,64.66000366210938,41.59500503540039,4215000
2013-10-23,PSX,64.37000274658203,65.4000015258789,64.33000183105469,64.66000366210938,41.59500503540039,4215000
2013-10-24,PSX,64.54000091552734,64.5999984741211,62.70000076293945,63.22999954223633,40.67509460449219,4248900
2013-10-24,PSX,64.54000091552734,64.5999984741211,62.70000076293945,63.22999954223633,40.67509460449219,4248900
2013-10-25,PSX,63.31999969482422,63.720001220703125,62.75,63.400001525878906,40.78446578979492,2206800
2013-10-25,PSX,63.31999969482422,63.720001220703125,62.75,63.400001525878906,40.78446578979492,2206800
2013-10-28,PSX,63.77000045776367,64.41999816894531,63.13999938964844,63.27999877929688,40.707275390625,3067700
2013-10-28,PSX,63.77000045776367,64.41999816894531,63.13999938964844,63.27999877929688,40.707275390625,3067700
2013-10-29,PSX,63.38999938964844,64.31999969482422,63.22999954223633,64.13999938964844,41.26050567626953,3213300
2013-10-29,PSX,63.38999938964844,64.31999969482422,63.22999954223633,64.13999938964844,41.26050567626953,3213300
2013-10-30,PSX,64.0999984741211,65.63999938964844,63.04999923706055,65.2300033569336,41.9616813659668,4687500
2013-10-30,PSX,64.0999984741211,65.63999938964844,63.04999923706055,65.2300033569336,41.9616813659668,4687500
2013-10-31,PSX,64.9800033569336,65.52999877929688,64.41000366210938,64.43000030517578,41.44704818725586,3786300
2013-10-31,PSX,64.9800033569336,65.52999877929688,64.41000366210938,64.43000030517578,41.44704818725586,3786300
2013-11-01,PSX,64.47000122070312,64.83000183105469,63.290000915527344,64.12999725341797,41.25406646728516,2746900
2013-11-01,PSX,64.47000122070312,64.83000183105469,63.290000915527344,64.12999725341797,41.25406646728516,2746900
2013-11-04,PSX,64.27999877929688,64.54000091552734,63.38999938964844,64.44000244140625,41.4534912109375,2728600
2013-11-04,PSX,64.27999877929688,64.54000091552734,63.38999938964844,64.44000244140625,41.4534912109375,2728600
2013-11-05,PSX,64.25,64.80999755859375,63.619998931884766,64.2699966430664,41.34413146972656,3184100
2013-11-05,PSX,64.25,64.80999755859375,63.619998931884766,64.2699966430664,41.34413146972656,3184100
2013-11-06,PSX,64.75,65.55999755859375,64.1500015258789,64.36000061035156,41.40202331542969,2979500
2013-11-06,PSX,64.75,65.55999755859375,64.1500015258789,64.36000061035156,41.40202331542969,2979500
2013-11-07,PSX,64.27999877929688,64.86000061035156,63.619998931884766,63.84000015258789,41.06752014160156,3084200
2013-11-07,PSX,64.27999877929688,64.86000061035156,63.619998931884766,63.84000015258789,41.06752014160156,3084200
2013-11-08,PSX,63.91999816894531,65.38999938964844,63.65999984741211,65.36000061035156,42.04530715942383,3252600
2013-11-08,PSX,63.91999816894531,65.38999938964844,63.65999984741211,65.36000061035156,42.04530715942383,3252600
2013-11-11,PSX,65.1500015258789,65.58000183105469,64.79000091552734,65.48999786376953,42.12894058227539,2437700
2013-11-11,PSX,65.1500015258789,65.58000183105469,64.79000091552734,65.48999786376953,42.12894058227539,2437700
2013-11-12,PSX,64.93000030517578,66.2300033569336,64.83000183105469,65.41000366210938,42.32954406738281,3229900
2013-11-12,PSX,64.93000030517578,66.2300033569336,64.83000183105469,65.41000366210938,42.32954406738281,3229900
2013-11-13,PSX,65.27999877929688,66.05999755859375,64.52999877929688,66.05000305175781,42.74371719360352,3427000
2013-11-13,PSX,65.27999877929688,66.05999755859375,64.52999877929688,66.05000305175781,42.74371719360352,3427000
2013-11-14,PSX,66.23999786376953,68.36000061035156,66.2300033569336,67.55999755859375,43.72089385986328,4088500
2013-11-14,PSX,66.23999786376953,68.36000061035156,66.2300033569336,67.55999755859375,43.72089385986328,4088500
2013-11-15,PSX,67.30000305175781,67.62000274658203,66.5199966430664,67.0999984741211,43.4232177734375,4106300
2013-11-15,PSX,67.30000305175781,67.62000274658203,66.5199966430664,67.0999984741211,43.4232177734375,4106300
2013-11-18,PSX,67.62000274658203,68.05000305175781,67.05000305175781,67.20999908447266,43.494415283203125,2723300
2013-11-18,PSX,67.62000274658203,68.05000305175781,67.05000305175781,67.20999908447266,43.494415283203125,2723300
2013-11-19,PSX,67.13999938964844,68.54000091552734,66.91999816894531,67.7699966430664,43.85680389404297,3246100
2013-11-19,PSX,67.13999938964844,68.54000091552734,66.91999816894531,67.7699966430664,43.85680389404297,3246100
2013-11-20,PSX,68.22000122070312,68.38999938964844,66.80000305175781,67.02999877929688,43.37791442871094,2923500
2013-11-20,PSX,68.22000122070312,68.38999938964844,66.80000305175781,67.02999877929688,43.37791442871094,2923500
2013-11-21,PSX,67.05999755859375,67.63999938964844,65.83999633789062,67.5,43.682071685791016,2933400
2013-11-21,PSX,67.05999755859375,67.63999938964844,65.83999633789062,67.5,43.682071685791016,2933400
2013-11-22,PSX,67.8499984741211,68.80000305175781,67.54000091552734,68.4800033569336,44.3162727355957,3108000
2013-11-22,PSX,67.8499984741211,68.80000305175781,67.54000091552734,68.4800033569336,44.3162727355957,3108000
2013-11-25,PSX,68.4800033569336,69.3499984741211,68.12999725341797,68.63999938964844,44.41981506347656,2808300
2013-11-25,PSX,68.4800033569336,69.3499984741211,68.12999725341797,68.63999938964844,44.41981506347656,2808300
2013-11-26,PSX,68.79000091552734,69.2300033569336,68.12999725341797,68.75,44.491004943847656,3094400
2013-11-26,PSX,68.79000091552734,69.2300033569336,68.12999725341797,68.75,44.491004943847656,3094400
2013-11-27,PSX,68.5999984741211,71.0,68.4000015258789,70.12000274658203,45.37757110595703,4526400
2013-11-27,PSX,68.5999984741211,71.0,68.4000015258789,70.12000274658203,45.37757110595703,4526400
2013-11-29,PSX,70.02999877929688,70.72000122070312,69.41000366210938,69.61000061035156,45.047550201416016,1688100
2013-11-29,PSX,70.02999877929688,70.72000122070312,69.41000366210938,69.61000061035156,45.047550201416016,1688100
2013-12-02,PSX,70.0,71.75,69.66999816894531,71.36000061035156,46.18004989624024,3900900
2013-12-02,PSX,70.0,71.75,69.66999816894531,71.36000061035156,46.18004989624024,3900900
2013-12-03,PSX,71.05999755859375,71.2699966430664,69.54000091552734,70.5999984741211,45.68821716308594,4299300
2013-12-03,PSX,71.05999755859375,71.2699966430664,69.54000091552734,70.5999984741211,45.68821716308594,4299300
2013-12-04,PSX,69.69999694824219,70.4800033569336,68.33000183105469,69.58999633789062,45.03459167480469,5377100
2013-12-04,PSX,69.69999694824219,70.4800033569336,68.33000183105469,69.58999633789062,45.03459167480469,5377100
2013-12-05,PSX,69.81999969482422,70.5,69.16999816894531,69.7300033569336,45.12520217895508,3978800
2013-12-05,PSX,69.81999969482422,70.5,69.16999816894531,69.7300033569336,45.12520217895508,3978800
2013-12-06,PSX,70.33000183105469,72.5,70.0,71.23999786376953,46.10237884521485,5174200
2013-12-06,PSX,70.33000183105469,72.5,70.0,71.23999786376953,46.10237884521485,5174200
2013-12-09,PSX,72.30000305175781,73.16999816894531,71.69999694824219,71.83000183105469,46.48420333862305,4297300
2013-12-09,PSX,72.30000305175781,73.16999816894531,71.69999694824219,71.83000183105469,46.48420333862305,4297300
2013-12-10,PSX,71.25,72.44000244140625,69.54000091552734,71.61000061035156,46.34183883666992,4233700
2013-12-10,PSX,71.25,72.44000244140625,69.54000091552734,71.61000061035156,46.34183883666992,4233700
2013-12-11,PSX,71.63999938964844,71.69000244140625,70.29000091552734,70.8499984741211,45.84999465942383,3890300
2013-12-11,PSX,71.63999938964844,71.69000244140625,70.29000091552734,70.8499984741211,45.84999465942383,3890300
2013-12-12,PSX,70.80000305175781,71.69000244140625,70.44000244140625,71.22000122070312,46.08946990966797,2773000
2013-12-12,PSX,70.80000305175781,71.69000244140625,70.44000244140625,71.22000122070312,46.08946990966797,2773000
2013-12-13,PSX,71.25,72.0199966430664,70.56999969482422,71.5999984741211,46.33537292480469,2711400
2013-12-13,PSX,71.25,72.0199966430664,70.56999969482422,71.5999984741211,46.33537292480469,2711400
2013-12-16,PSX,71.68000030517578,73.26000213623047,71.52999877929688,72.61000061035156,46.98897552490234,2741600
2013-12-16,PSX,71.68000030517578,73.26000213623047,71.52999877929688,72.61000061035156,46.98897552490234,2741600
2013-12-17,PSX,72.61000061035156,73.2699966430664,72.25,72.5999984741211,46.98250579833984,2438200
2013-12-17,PSX,72.61000061035156,73.2699966430664,72.25,72.5999984741211,46.98250579833984,2438200
2013-12-18,PSX,72.55999755859375,74.12000274658203,72.20999908447266,73.9800033569336,47.87556076049805,3960900
2013-12-18,PSX,72.55999755859375,74.12000274658203,72.20999908447266,73.9800033569336,47.87556076049805,3960900
2013-12-19,PSX,73.55000305175781,74.38999938964844,72.69999694824219,72.91999816894531,47.18956756591797,3505000
2013-12-19,PSX,73.55000305175781,74.38999938964844,72.69999694824219,72.91999816894531,47.18956756591797,3505000
2013-12-20,PSX,73.19999694824219,74.52999877929688,73.05000305175781,74.02999877929688,47.90790557861328,4906800
2013-12-20,PSX,73.19999694824219,74.52999877929688,73.05000305175781,74.02999877929688,47.90790557861328,4906800
2013-12-23,PSX,74.5,75.38999938964844,74.27999877929688,74.41000366210938,48.1538200378418,2556800
2013-12-23,PSX,74.5,75.38999938964844,74.27999877929688,74.41000366210938,48.1538200378418,2556800
2013-12-24,PSX,74.73999786376953,74.97000122070312,74.29000091552734,74.73999786376953,48.36737823486328,1065000
2013-12-24,PSX,74.73999786376953,74.97000122070312,74.29000091552734,74.73999786376953,48.36737823486328,1065000
2013-12-26,PSX,75.0,75.29000091552734,74.68000030517578,75.12000274658203,48.61328887939453,1187000
2013-12-26,PSX,75.0,75.29000091552734,74.68000030517578,75.12000274658203,48.61328887939453,1187000
2013-12-27,PSX,75.13999938964844,75.18000030517578,74.19000244140625,74.75,48.37385177612305,1688800
2013-12-27,PSX,75.13999938964844,75.18000030517578,74.19000244140625,74.75,48.37385177612305,1688800
2013-12-30,PSX,75.01000213623047,75.5999984741211,74.69000244140625,74.72000122070312,48.354434967041016,2252200
2013-12-30,PSX,75.01000213623047,75.5999984741211,74.69000244140625,74.72000122070312,48.354434967041016,2252200
2013-12-31,PSX,75.2699966430664,77.29000091552734,75.18000030517578,77.12999725341797,49.91406631469727,2993900
2013-12-31,PSX,75.2699966430664,77.29000091552734,75.18000030517578,77.12999725341797,49.91406631469727,2993900
2014-01-02,PSX,77.16999816894531,77.31999969482422,76.36000061035156,76.44999694824219,49.4739990234375,2846700
2014-01-02,PSX,77.16999816894531,77.31999969482422,76.36000061035156,76.44999694824219,49.4739990234375,2846700
2014-01-03,PSX,76.36000061035156,76.98999786376953,76.1500015258789,76.29000091552734,49.37044143676758,1958200
2014-01-03,PSX,76.36000061035156,76.98999786376953,76.1500015258789,76.29000091552734,49.37044143676758,1958200
2014-01-06,PSX,76.51000213623047,77.48999786376953,76.4000015258789,77.01000213623047,49.8364143371582,2815600
2014-01-06,PSX,76.51000213623047,77.48999786376953,76.4000015258789,77.01000213623047,49.8364143371582,2815600
2014-01-07,PSX,77.06999969482422,77.83000183105469,76.66999816894531,77.0199966430664,49.84285736083984,4005700
2014-01-07,PSX,77.06999969482422,77.83000183105469,76.66999816894531,77.0199966430664,49.84285736083984,4005700
2014-01-08,PSX,77.25,77.41000366210938,76.1500015258789,76.87000274658203,49.74577713012695,4492200
2014-01-08,PSX,77.25,77.41000366210938,76.1500015258789,76.87000274658203,49.74577713012695,4492200
2014-01-09,PSX,77.01000213623047,78.25,76.87999725341797,78.12999725341797,50.56119918823242,4187400
2014-01-09,PSX,77.01000213623047,78.25,76.87999725341797,78.12999725341797,50.56119918823242,4187400
2014-01-10,PSX,78.38999938964844,79.0,77.23999786376953,78.0,50.47705841064453,3019900
2014-01-10,PSX,78.38999938964844,79.0,77.23999786376953,78.0,50.47705841064453,3019900
2014-01-13,PSX,78.19999694824219,78.19999694824219,75.48999786376953,75.80999755859375,49.0598258972168,3046300
2014-01-13,PSX,78.19999694824219,78.19999694824219,75.48999786376953,75.80999755859375,49.0598258972168,3046300
2014-01-14,PSX,76.1500015258789,76.70999908447266,75.80000305175781,76.48999786376953,49.49987411499024,3359100
2014-01-14,PSX,76.1500015258789,76.70999908447266,75.80000305175781,76.48999786376953,49.49987411499024,3359100
2014-01-15,PSX,76.5,76.52999877929688,74.75,75.54000091552734,48.88509750366211,3697800
2014-01-15,PSX,76.5,76.52999877929688,74.75,75.54000091552734,48.88509750366211,3697800
2014-01-16,PSX,75.30999755859375,75.7300033569336,74.66999816894531,75.38999938964844,48.78800582885742,3231900
2014-01-16,PSX,75.30999755859375,75.7300033569336,74.66999816894531,75.38999938964844,48.78800582885742,3231900
2014-01-17,PSX,74.87000274658203,76.62000274658203,74.8499984741211,76.0199966430664,49.19571304321289,3901600
2014-01-17,PSX,74.87000274658203,76.62000274658203,74.8499984741211,76.0199966430664,49.19571304321289,3901600
2014-01-21,PSX,76.02999877929688,77.4000015258789,76.02999877929688,76.9000015258789,49.76519775390625,2792000
2014-01-21,PSX,76.02999877929688,77.4000015258789,76.02999877929688,76.9000015258789,49.76519775390625,2792000
2014-01-22,PSX,77.30000305175781,77.5999984741211,76.08999633789062,77.0999984741211,49.89464569091797,2748300
2014-01-22,PSX,77.30000305175781,77.5999984741211,76.08999633789062,77.0999984741211,49.89464569091797,2748300
2014-01-23,PSX,77.5199966430664,78.0999984741211,76.04000091552734,77.19999694824219,49.95933532714844,4105600
2014-01-23,PSX,77.5199966430664,78.0999984741211,76.04000091552734,77.19999694824219,49.95933532714844,4105600
2014-01-24,PSX,76.22000122070312,76.3499984741211,73.5999984741211,74.44000244140625,48.17324066162109,4712700
2014-01-24,PSX,76.22000122070312,76.3499984741211,73.5999984741211,74.44000244140625,48.17324066162109,4712700
2014-01-27,PSX,74.56999969482422,75.69999694824219,73.77999877929688,74.9000015258789,48.4709358215332,3408300
2014-01-27,PSX,74.56999969482422,75.69999694824219,73.77999877929688,74.9000015258789,48.4709358215332,3408300
2014-01-28,PSX,73.91999816894531,75.45999908447266,73.91999816894531,75.08000183105469,48.58741760253906,2792000
2014-01-28,PSX,73.91999816894531,75.45999908447266,73.91999816894531,75.08000183105469,48.58741760253906,2792000
2014-01-29,PSX,74.02999877929688,76.9000015258789,70.80999755859375,74.18000030517578,48.00498580932617,5942000
2014-01-29,PSX,74.02999877929688,76.9000015258789,70.80999755859375,74.18000030517578,48.00498580932617,5942000
2014-01-30,PSX,74.44000244140625,74.97000122070312,73.37000274658203,73.55999755859375,47.6037483215332,4595300
2014-01-30,PSX,74.44000244140625,74.97000122070312,73.37000274658203,73.55999755859375,47.6037483215332,4595300
2014-01-31,PSX,73.0999984741211,74.58000183105469,72.75,73.08999633789062,47.29961013793945,5799800
2014-01-31,PSX,73.0999984741211,74.58000183105469,72.75,73.08999633789062,47.29961013793945,5799800
2014-02-03,PSX,73.12000274658203,73.58000183105469,71.13999938964844,71.36000061035156,46.18004989624024,5620300
2014-02-03,PSX,73.12000274658203,73.58000183105469,71.13999938964844,71.36000061035156,46.18004989624024,5620300
2014-02-04,PSX,71.51000213623047,71.75,68.77999877929688,71.13999938964844,46.03767776489258,4647500
2014-02-04,PSX,71.51000213623047,71.75,68.77999877929688,71.13999938964844,46.03767776489258,4647500
2014-02-05,PSX,70.75,71.55000305175781,69.11000061035156,70.66999816894531,45.733524322509766,6071000
2014-02-05,PSX,70.75,71.55000305175781,69.11000061035156,70.66999816894531,45.733524322509766,6071000
2014-02-06,PSX,71.30000305175781,73.62000274658203,70.88999938964844,73.30000305175781,47.435508728027344,5388900
2014-02-06,PSX,71.30000305175781,73.62000274658203,70.88999938964844,73.30000305175781,47.435508728027344,5388900
2014-02-07,PSX,73.69999694824219,74.43000030517578,72.91000366210938,74.27999877929688,48.06967926025391,3310400
2014-02-07,PSX,73.69999694824219,74.43000030517578,72.91000366210938,74.27999877929688,48.06967926025391,3310400
2014-02-10,PSX,74.3499984741211,74.69000244140625,72.02999877929688,72.2699966430664,46.76894378662109,3743600
2014-02-10,PSX,74.3499984741211,74.69000244140625,72.02999877929688,72.2699966430664,46.76894378662109,3743600
2014-02-11,PSX,72.30000305175781,74.26000213623047,72.23999786376953,74.08999633789062,47.94673156738281,3711500
2014-02-11,PSX,72.30000305175781,74.26000213623047,72.23999786376953,74.08999633789062,47.94673156738281,3711500
2014-02-12,PSX,74.16999816894531,74.5999984741211,73.36000061035156,73.63999938964844,47.65552520751953,3045200
2014-02-12,PSX,74.16999816894531,74.5999984741211,73.36000061035156,73.63999938964844,47.65552520751953,3045200
2014-02-13,PSX,72.75,74.91999816894531,72.62999725341797,74.6500015258789,48.56635284423828,3234400
2014-02-13,PSX,72.75,74.91999816894531,72.62999725341797,74.6500015258789,48.56635284423828,3234400
2014-02-14,PSX,74.47000122070312,75.9800033569336,74.26000213623047,75.93000030517578,49.39909362792969,2408700
2014-02-14,PSX,74.47000122070312,75.9800033569336,74.26000213623047,75.93000030517578,49.39909362792969,2408700
2014-02-18,PSX,76.20999908447266,76.98999786376953,75.2699966430664,75.37999725341797,49.04128646850586,2813700
2014-02-18,PSX,76.20999908447266,76.98999786376953,75.2699966430664,75.37999725341797,49.04128646850586,2813700
2014-02-19,PSX,75.22000122070312,76.94999694824219,75.0199966430664,75.2699966430664,48.9697151184082,3700300
2014-02-19,PSX,75.22000122070312,76.94999694824219,75.0199966430664,75.2699966430664,48.9697151184082,3700300
2014-02-20,PSX,75.0199966430664,75.76000213623047,74.75,75.29000091552734,48.98273468017578,3164800
2014-02-20,PSX,75.0199966430664,75.76000213623047,74.75,75.29000091552734,48.98273468017578,3164800
2014-02-21,PSX,75.08000183105469,75.69000244140625,74.80999755859375,74.94999694824219,48.76152420043945,3210500
2014-02-21,PSX,75.08000183105469,75.69000244140625,74.80999755859375,74.94999694824219,48.76152420043945,3210500
2014-02-24,PSX,75.01000213623047,77.7699966430664,75.01000213623047,76.25,49.60728454589844,3631400
2014-02-24,PSX,75.01000213623047,77.7699966430664,75.01000213623047,76.25,49.60728454589844,3631400
2014-02-25,PSX,76.2300033569336,78.30999755859375,75.9000015258789,77.52999877929688,50.440040588378906,4201700
2014-02-25,PSX,76.2300033569336,78.30999755859375,75.9000015258789,77.52999877929688,50.440040588378906,4201700
2014-02-26,PSX,77.44000244140625,77.93000030517578,76.44999694824219,76.76000213623047,49.9390869140625,3384100
2014-02-26,PSX,77.44000244140625,77.93000030517578,76.44999694824219,76.76000213623047,49.9390869140625,3384100
2014-02-27,PSX,76.4800033569336,76.80000305175781,74.33000183105469,74.73999786376953,48.62489318847656,5635900
2014-02-27,PSX,76.4800033569336,76.80000305175781,74.33000183105469,74.73999786376953,48.62489318847656,5635900
2014-02-28,PSX,74.77999877929688,78.88999938964844,74.37999725341797,74.86000061035156,48.70296096801758,4209000
2014-02-28,PSX,74.77999877929688,78.88999938964844,74.37999725341797,74.86000061035156,48.70296096801758,4209000
2014-03-03,PSX,74.6500015258789,75.7699966430664,74.37000274658203,74.86000061035156,48.70296096801758,2672200
2014-03-03,PSX,74.6500015258789,75.7699966430664,74.37000274658203,74.86000061035156,48.70296096801758,2672200
2014-03-04,PSX,75.55000305175781,76.19999694824219,74.9000015258789,76.08000183105469,49.49668884277344,2380300
2014-03-04,PSX,75.55000305175781,76.19999694824219,74.9000015258789,76.08000183105469,49.49668884277344,2380300
2014-03-05,PSX,75.80000305175781,76.93000030517578,75.44999694824219,76.80999755859375,49.97160339355469,2815300
2014-03-05,PSX,75.80000305175781,76.93000030517578,75.44999694824219,76.80999755859375,49.97160339355469,2815300
2014-03-06,PSX,76.9800033569336,78.79000091552734,76.94999694824219,78.13999938964844,50.8369026184082,3699300
2014-03-06,PSX,76.9800033569336,78.79000091552734,76.94999694824219,78.13999938964844,50.8369026184082,3699300
2014-03-07,PSX,78.5,78.77999877929688,77.3499984741211,78.08000183105469,50.79785919189453,2243500
2014-03-07,PSX,78.5,78.77999877929688,77.3499984741211,78.08000183105469,50.79785919189453,2243500
2014-03-10,PSX,78.0,79.19999694824219,77.81999969482422,78.66000366210938,51.17519378662109,2371900
2014-03-10,PSX,78.0,79.19999694824219,77.81999969482422,78.66000366210938,51.17519378662109,2371900
2014-03-11,PSX,78.62999725341797,79.37999725341797,78.01000213623047,79.08000183105469,51.44845199584961,3068100
2014-03-11,PSX,78.62999725341797,79.37999725341797,78.01000213623047,79.08000183105469,51.44845199584961,3068100
2014-03-12,PSX,79.08999633789062,80.29000091552734,79.05999755859375,80.0,52.046993255615234,3437700
2014-03-12,PSX,79.08999633789062,80.29000091552734,79.05999755859375,80.0,52.046993255615234,3437700
2014-03-13,PSX,80.06999969482422,80.38999938964844,77.72000122070312,78.13999938964844,50.8369026184082,3439100
2014-03-13,PSX,80.06999969482422,80.38999938964844,77.72000122070312,78.13999938964844,50.8369026184082,3439100
2014-03-14,PSX,78.02999877929688,79.41000366210938,78.0,78.69000244140625,51.19472503662109,2751000
2014-03-14,PSX,78.02999877929688,79.41000366210938,78.0,78.69000244140625,51.19472503662109,2751000
2014-03-17,PSX,78.86000061035156,79.72000122070312,78.73999786376953,79.3499984741211,51.62411880493164,2640700
2014-03-17,PSX,78.86000061035156,79.72000122070312,78.73999786376953,79.3499984741211,51.62411880493164,2640700
2014-03-18,PSX,79.31999969482422,80.36000061035156,78.91000366210938,80.3499984741211,52.274696350097656,3002000
2014-03-18,PSX,79.31999969482422,80.36000061035156,78.91000366210938,80.3499984741211,52.274696350097656,3002000
2014-03-19,PSX,80.23999786376953,80.25,77.91999816894531,78.43000030517578,51.02555465698242,2894800
2014-03-19,PSX,80.23999786376953,80.25,77.91999816894531,78.43000030517578,51.02555465698242,2894800
2014-03-20,PSX,78.06999969482422,78.95999908447266,77.52999877929688,78.5,51.07111358642578,3108200
2014-03-20,PSX,78.06999969482422,78.95999908447266,77.52999877929688,78.5,51.07111358642578,3108200
2014-03-21,PSX,80.12000274658203,80.12000274658203,77.81999969482422,77.94999694824219,50.71327590942383,4624400
2014-03-21,PSX,80.12000274658203,80.12000274658203,77.81999969482422,77.94999694824219,50.71327590942383,4624400
2014-03-24,PSX,78.37000274658203,78.69999694824219,77.0199966430664,77.41999816894531,50.36847305297852,3287000
2014-03-24,PSX,78.37000274658203,78.69999694824219,77.0199966430664,77.41999816894531,50.36847305297852,3287000
2014-03-25,PSX,77.23999786376953,78.73999786376953,77.23999786376953,78.19999694824219,50.87593078613281,3040600
2014-03-25,PSX,77.23999786376953,78.73999786376953,77.23999786376953,78.19999694824219,50.87593078613281,3040600
2014-03-26,PSX,78.47000122070312,78.80000305175781,76.91999816894531,77.20999908447266,50.23186492919922,2657000
2014-03-26,PSX,78.47000122070312,78.80000305175781,76.91999816894531,77.20999908447266,50.23186492919922,2657000
2014-03-27,PSX,77.29000091552734,77.66999816894531,76.7300033569336,76.86000061035156,50.00416946411133,3430600
2014-03-27,PSX,77.29000091552734,77.66999816894531,76.7300033569336,76.86000061035156,50.00416946411133,3430600
2014-03-28,PSX,77.0,77.4000015258789,76.51000213623047,76.6500015258789,49.86751556396485,3014100
2014-03-28,PSX,77.0,77.4000015258789,76.51000213623047,76.6500015258789,49.86751556396485,3014100
2014-03-31,PSX,77.30000305175781,77.55999755859375,76.87000274658203,77.05999755859375,50.13426971435547,3071500
2014-03-31,PSX,77.30000305175781,77.55999755859375,76.87000274658203,77.05999755859375,50.13426971435547,3071500
2014-04-01,PSX,77.22000122070312,79.63999938964844,76.93000030517578,79.58000183105469,51.773738861083984,4031200
2014-04-01,PSX,77.22000122070312,79.63999938964844,76.93000030517578,79.58000183105469,51.773738861083984,4031200
2014-04-02,PSX,79.16999816894531,79.5,77.88999938964844,79.23999786376953,51.55253982543945,3083000
2014-04-02,PSX,79.16999816894531,79.5,77.88999938964844,79.23999786376953,51.55253982543945,3083000
2014-04-03,PSX,79.66999816894531,80.91000366210938,79.66999816894531,80.5999984741211,52.43732070922852,3319400
2014-04-03,PSX,79.66999816894531,80.91000366210938,79.66999816894531,80.5999984741211,52.43732070922852,3319400
2014-04-04,PSX,81.01000213623047,81.43000030517578,79.1500015258789,79.56999969482422,51.767234802246094,3315400
2014-04-04,PSX,81.01000213623047,81.43000030517578,79.1500015258789,79.56999969482422,51.767234802246094,3315400
2014-04-07,PSX,79.0999984741211,79.94999694824219,77.87999725341797,77.94999694824219,50.71327590942383,3224400
2014-04-07,PSX,79.0999984741211,79.94999694824219,77.87999725341797,77.94999694824219,50.71327590942383,3224400
2014-04-08,PSX,78.05999755859375,78.66999816894531,77.01000213623047,77.55999755859375,50.45954132080078,3338900
2014-04-08,PSX,78.05999755859375,78.66999816894531,77.01000213623047,77.55999755859375,50.45954132080078,3338900
2014-04-09,PSX,78.02999877929688,78.70999908447266,77.2300033569336,78.33000183105469,50.96051788330078,2515700
2014-04-09,PSX,78.02999877929688,78.70999908447266,77.2300033569336,78.33000183105469,50.96051788330078,2515700
2014-04-10,PSX,78.2699966430664,79.37999725341797,76.66999816894531,76.69000244140625,49.893550872802734,3875400
2014-04-10,PSX,78.2699966430664,79.37999725341797,76.66999816894531,76.69000244140625,49.893550872802734,3875400
2014-04-11,PSX,76.62999725341797,78.05999755859375,76.18000030517578,76.75,49.93258666992188,5550200
2014-04-11,PSX,76.62999725341797,78.05999755859375,76.18000030517578,76.75,49.93258666992188,5550200
2014-04-14,PSX,77.11000061035156,78.02999877929688,76.63999938964844,78.01000213623047,50.75233459472656,2673900
2014-04-14,PSX,77.11000061035156,78.02999877929688,76.63999938964844,78.01000213623047,50.75233459472656,2673900
2014-04-15,PSX,77.76000213623047,78.70999908447266,76.73999786376953,78.68000030517578,51.188209533691406,3647700
2014-04-15,PSX,77.76000213623047,78.70999908447266,76.73999786376953,78.68000030517578,51.188209533691406,3647700
2014-04-16,PSX,79.41999816894531,81.1500015258789,78.62999725341797,81.11000061035156,52.76913833618164,3800900
2014-04-16,PSX,79.41999816894531,81.1500015258789,78.62999725341797,81.11000061035156,52.76913833618164,3800900
2014-04-17,PSX,80.66999816894531,81.3499984741211,80.0,80.27999877929688,52.22915267944336,4512100
2014-04-17,PSX,80.66999816894531,81.3499984741211,80.0,80.27999877929688,52.22915267944336,4512100
2014-04-21,PSX,80.36000061035156,82.1500015258789,80.19000244140625,81.81999969482422,53.23104095458984,2938800
2014-04-21,PSX,80.36000061035156,82.1500015258789,80.19000244140625,81.81999969482422,53.23104095458984,2938800
2014-04-22,PSX,81.33000183105469,82.47000122070312,80.7300033569336,81.9800033569336,53.33516311645508,2987200
2014-04-22,PSX,81.33000183105469,82.47000122070312,80.7300033569336,81.9800033569336,53.33516311645508,2987200
2014-04-23,PSX,81.8499984741211,82.94999694824219,81.5,82.30000305175781,53.54335403442383,2077200
2014-04-23,PSX,81.8499984741211,82.94999694824219,81.5,82.30000305175781,53.54335403442383,2077200
2014-04-24,PSX,82.5999984741211,83.05000305175781,81.76000213623047,82.56999969482422,53.71900177001953,2592200
2014-04-24,PSX,82.5999984741211,83.05000305175781,81.76000213623047,82.56999969482422,53.71900177001953,2592200
2014-04-25,PSX,82.52999877929688,83.0999984741211,82.02999877929688,82.58999633789062,53.73200988769531,2544900
2014-04-25,PSX,82.52999877929688,83.0999984741211,82.02999877929688,82.58999633789062,53.73200988769531,2544900
2014-04-28,PSX,82.88999938964844,84.4000015258789,81.87000274658203,84.05000305175781,54.68188095092773,3864300
2014-04-28,PSX,82.88999938964844,84.4000015258789,81.87000274658203,84.05000305175781,54.68188095092773,3864300
2014-04-29,PSX,84.52999877929688,84.8499984741211,83.33999633789062,83.75,54.48670196533203,2732500
2014-04-29,PSX,84.52999877929688,84.8499984741211,83.33999633789062,83.75,54.48670196533203,2732500
2014-04-30,PSX,83.91000366210938,84.5,83.11000061035156,83.22000122070312,54.14189147949219,2860200
2014-04-30,PSX,83.91000366210938,84.5,83.11000061035156,83.22000122070312,54.14189147949219,2860200
2014-05-01,PSX,83.2699966430664,84.66999816894531,83.08999633789062,84.05000305175781,54.68188095092773,2602300
2014-05-01,PSX,83.2699966430664,84.66999816894531,83.08999633789062,84.05000305175781,54.68188095092773,2602300
2014-05-02,PSX,83.98999786376953,84.55000305175781,83.43000030517578,83.52999877929688,54.34357070922852,2095700
2014-05-02,PSX,83.98999786376953,84.55000305175781,83.43000030517578,83.52999877929688,54.34357070922852,2095700
2014-05-05,PSX,83.13999938964844,83.98999786376953,82.6500015258789,83.93000030517578,54.603790283203125,2101300
2014-05-05,PSX,83.13999938964844,83.98999786376953,82.6500015258789,83.93000030517578,54.603790283203125,2101300
2014-05-06,PSX,84.12999725341797,85.41999816894531,83.66000366210938,84.26000213623047,54.8184814453125,2669000
2014-05-06,PSX,84.12999725341797,85.41999816894531,83.66000366210938,84.26000213623047,54.8184814453125,2669000
2014-05-07,PSX,84.66999816894531,85.25,83.47000122070312,85.02999877929688,55.31943130493164,2584100
2014-05-07,PSX,84.66999816894531,85.25,83.47000122070312,85.02999877929688,55.31943130493164,2584100
2014-05-08,PSX,84.20999908447266,84.75,82.48999786376953,82.91999816894531,53.94670486450195,3057500
2014-05-08,PSX,84.20999908447266,84.75,82.48999786376953,82.91999816894531,53.94670486450195,3057500
2014-05-09,PSX,82.72000122070312,83.19000244140625,80.81999969482422,81.91000366210938,53.28961563110352,3687700
2014-05-09,PSX,82.72000122070312,83.19000244140625,80.81999969482422,81.91000366210938,53.28961563110352,3687700
2014-05-12,PSX,82.63999938964844,84.08000183105469,82.55999755859375,83.54000091552734,54.35007095336914,3181100
2014-05-12,PSX,82.63999938964844,84.08000183105469,82.55999755859375,83.54000091552734,54.35007095336914,3181100
2014-05-13,PSX,83.77999877929688,84.73999786376953,83.47000122070312,84.26000213623047,54.8184814453125,2566700
2014-05-13,PSX,83.77999877929688,84.73999786376953,83.47000122070312,84.26000213623047,54.8184814453125,2566700
2014-05-14,PSX,84.05999755859375,84.68000030517578,82.95999908447266,83.55999755859375,54.36307907104492,3143600
2014-05-14,PSX,84.05999755859375,84.68000030517578,82.95999908447266,83.55999755859375,54.36307907104492,3143600
2014-05-15,PSX,83.01000213623047,83.01000213623047,81.29000091552734,82.01000213623047,53.67583084106445,11581500
2014-05-15,PSX,83.01000213623047,83.01000213623047,81.29000091552734,82.01000213623047,53.67583084106445,11581500
2014-05-16,PSX,81.8499984741211,82.37000274658203,81.2300033569336,81.86000061035156,53.57766342163086,2305200
2014-05-16,PSX,81.8499984741211,82.37000274658203,81.2300033569336,81.86000061035156,53.57766342163086,2305200
2014-05-19,PSX,81.98999786376953,83.0999984741211,81.86000061035156,82.7300033569336,54.147117614746094,2907900
2014-05-19,PSX,81.98999786376953,83.0999984741211,81.86000061035156,82.7300033569336,54.147117614746094,2907900
2014-05-20,PSX,82.44999694824219,83.23999786376953,81.86000061035156,81.97000122070312,53.6496696472168,2316600
2014-05-20,PSX,82.44999694824219,83.23999786376953,81.86000061035156,81.97000122070312,53.6496696472168,2316600
2014-05-21,PSX,82.23999786376953,82.62000274658203,80.9000015258789,81.58999633789062,53.40095520019531,6323700
2014-05-21,PSX,82.23999786376953,82.62000274658203,80.9000015258789,81.58999633789062,53.40095520019531,6323700
2014-05-22,PSX,81.69000244140625,82.86000061035156,81.58999633789062,82.37999725341797,53.918006896972656,2433300
2014-05-22,PSX,81.69000244140625,82.86000061035156,81.58999633789062,82.37999725341797,53.918006896972656,2433300
2014-05-23,PSX,82.3499984741211,82.70999908447266,82.02999877929688,82.02999877929688,53.6889533996582,2540600
2014-05-23,PSX,82.3499984741211,82.70999908447266,82.02999877929688,82.02999877929688,53.6889533996582,2540600
2014-05-27,PSX,82.26000213623047,82.41000366210938,81.45999908447266,82.18000030517578,53.7871322631836,3004300
2014-05-27,PSX,82.26000213623047,82.41000366210938,81.45999908447266,82.18000030517578,53.7871322631836,3004300
2014-05-28,PSX,82.05000305175781,83.44999694824219,82.04000091552734,82.98999786376953,54.3172607421875,3488700
2014-05-28,PSX,82.05000305175781,83.44999694824219,82.04000091552734,82.98999786376953,54.3172607421875,3488700
2014-05-29,PSX,83.23999786376953,84.41000366210938,82.81999969482422,84.31999969482422,55.187744140625,2451600
2014-05-29,PSX,83.23999786376953,84.41000366210938,82.81999969482422,84.31999969482422,55.187744140625,2451600
2014-05-30,PSX,84.36000061035156,85.12000274658203,84.16999816894531,84.79000091552734,55.49536895751953,4139400
2014-05-30,PSX,84.36000061035156,85.12000274658203,84.16999816894531,84.79000091552734,55.49536895751953,4139400
2014-06-02,PSX,84.98999786376953,85.44999694824219,84.41000366210938,85.23999786376953,55.78989791870117,2520000
2014-06-02,PSX,84.98999786376953,85.44999694824219,84.41000366210938,85.23999786376953,55.78989791870117,2520000
2014-06-03,PSX,84.88999938964844,85.18000030517578,84.37999725341797,84.54000091552734,55.331764221191406,2335700
2014-06-03,PSX,84.88999938964844,85.18000030517578,84.37999725341797,84.54000091552734,55.331764221191406,2335700
2014-06-04,PSX,84.05999755859375,84.66000366210938,83.55000305175781,83.69999694824219,54.78197860717773,2449600
2014-06-04,PSX,84.05999755859375,84.66000366210938,83.55000305175781,83.69999694824219,54.78197860717773,2449600
2014-06-05,PSX,84.06999969482422,84.63999938964844,83.41999816894531,83.5199966430664,54.66414260864258,3736300
2014-06-05,PSX,84.06999969482422,84.63999938964844,83.41999816894531,83.5199966430664,54.66414260864258,3736300
2014-06-06,PSX,83.94999694824219,84.5999984741211,83.55000305175781,84.36000061035156,55.21393585205078,2492800
2014-06-06,PSX,83.94999694824219,84.5999984741211,83.55000305175781,84.36000061035156,55.21393585205078,2492800
2014-06-09,PSX,84.18000030517578,84.51000213623047,83.33999633789062,83.7300033569336,54.80158996582031,2308600
2014-06-09,PSX,84.18000030517578,84.51000213623047,83.33999633789062,83.7300033569336,54.80158996582031,2308600
2014-06-10,PSX,83.5999984741211,83.9000015258789,82.44000244140625,82.83000183105469,54.212547302246094,2394900
2014-06-10,PSX,83.5999984741211,83.9000015258789,82.44000244140625,82.83000183105469,54.212547302246094,2394900
2014-06-11,PSX,82.36000061035156,83.16000366210938,82.19000244140625,82.88999938964844,54.25181579589844,2355300
2014-06-11,PSX,82.36000061035156,83.16000366210938,82.19000244140625,82.88999938964844,54.25181579589844,2355300
2014-06-12,PSX,83.37000274658203,83.70999908447266,82.43000030517578,82.80000305175781,54.192909240722656,2879000
2014-06-12,PSX,83.37000274658203,83.70999908447266,82.43000030517578,82.80000305175781,54.192909240722656,2879000
2014-06-13,PSX,82.80000305175781,83.56999969482422,82.4000015258789,83.48999786376953,54.64451599121094,4330000
2014-06-13,PSX,82.80000305175781,83.56999969482422,82.4000015258789,83.48999786376953,54.64451599121094,4330000
2014-06-16,PSX,83.5199966430664,83.6500015258789,82.94000244140625,83.44000244140625,54.61179733276367,2279700
2014-06-16,PSX,83.5199966430664,83.6500015258789,82.94000244140625,83.44000244140625,54.61179733276367,2279700
2014-06-17,PSX,83.01000213623047,84.0999984741211,82.5,84.06999969482422,55.02413558959961,2965900
2014-06-17,PSX,83.01000213623047,84.0999984741211,82.5,84.06999969482422,55.02413558959961,2965900
2014-06-18,PSX,83.87999725341797,84.55000305175781,82.93000030517578,84.5,55.305572509765625,2617000
2014-06-18,PSX,83.87999725341797,84.55000305175781,82.93000030517578,84.5,55.305572509765625,2617000
2014-06-19,PSX,84.70999908447266,85.54000091552734,84.62000274658203,85.26000213623047,55.802982330322266,2950200
2014-06-19,PSX,84.70999908447266,85.54000091552734,84.62000274658203,85.26000213623047,55.802982330322266,2950200
2014-06-20,PSX,85.58999633789062,86.27999877929688,85.25,85.94000244140625,56.2480583190918,7281900
2014-06-20,PSX,85.58999633789062,86.27999877929688,85.25,85.94000244140625,56.2480583190918,7281900
2014-06-23,PSX,86.25,86.81999969482422,85.91999816894531,86.33000183105469,56.50333023071289,2316700
2014-06-23,PSX,86.25,86.81999969482422,85.91999816894531,86.33000183105469,56.50333023071289,2316700
2014-06-24,PSX,86.0199966430664,87.05000305175781,84.66999816894531,84.94000244140625,55.59354782104492,2801900
2014-06-24,PSX,86.0199966430664,87.05000305175781,84.66999816894531,84.94000244140625,55.59354782104492,2801900
2014-06-25,PSX,80.94999694824219,82.66000366210938,79.16000366210938,81.36000061035156,53.25041961669922,10144700
2014-06-25,PSX,80.94999694824219,82.66000366210938,79.16000366210938,81.36000061035156,53.25041961669922,10144700
2014-06-26,PSX,81.91999816894531,82.45999908447266,81.08999633789062,82.0999984741211,53.7347412109375,5304200
2014-06-26,PSX,81.91999816894531,82.45999908447266,81.08999633789062,82.0999984741211,53.7347412109375,5304200
2014-06-27,PSX,81.68000030517578,82.06999969482422,81.0199966430664,81.48999786376953,53.33551025390625,5490200
2014-06-27,PSX,81.68000030517578,82.06999969482422,81.0199966430664,81.48999786376953,53.33551025390625,5490200
2014-06-30,PSX,81.05999755859375,81.19000244140625,80.05000305175781,80.43000030517578,52.64173889160156,3392600
2014-06-30,PSX,81.05999755859375,81.19000244140625,80.05000305175781,80.43000030517578,52.64173889160156,3392600
2014-07-01,PSX,80.5999984741211,80.83000183105469,79.94000244140625,80.5999984741211,52.75297927856445,3127100
2014-07-01,PSX,80.5999984741211,80.83000183105469,79.94000244140625,80.5999984741211,52.75297927856445,3127100
2014-07-02,PSX,80.63999938964844,81.51000213623047,80.5999984741211,81.0,53.01480102539063,2437000
2014-07-02,PSX,80.63999938964844,81.51000213623047,80.5999984741211,81.0,53.01480102539063,2437000
2014-07-03,PSX,81.19999694824219,81.94999694824219,81.0,81.5,53.34204864501953,1712300
2014-07-03,PSX,81.19999694824219,81.94999694824219,81.0,81.5,53.34204864501953,1712300
2014-07-07,PSX,81.33000183105469,81.44000244140625,79.94000244140625,80.5,52.68755722045898,2226500
2014-07-07,PSX,81.33000183105469,81.44000244140625,79.94000244140625,80.5,52.68755722045898,2226500
2014-07-08,PSX,80.30999755859375,80.52999877929688,79.02999877929688,79.27999877929688,51.88905334472656,3010600
2014-07-08,PSX,80.30999755859375,80.52999877929688,79.02999877929688,79.27999877929688,51.88905334472656,3010600
2014-07-09,PSX,79.66000366210938,80.19000244140625,78.52999877929688,79.80999755859375,52.235958099365234,3278400
2014-07-09,PSX,79.66000366210938,80.19000244140625,78.52999877929688,79.80999755859375,52.235958099365234,3278400
2014-07-10,PSX,78.72000122070312,80.08999633789062,78.69000244140625,79.7300033569336,52.18357467651367,2722600
2014-07-10,PSX,78.72000122070312,80.08999633789062,78.69000244140625,79.7300033569336,52.18357467651367,2722600
2014-07-11,PSX,79.55000305175781,80.55000305175781,79.51000213623047,80.29000091552734,52.55011749267578,2235200
2014-07-11,PSX,79.55000305175781,80.55000305175781,79.51000213623047,80.29000091552734,52.55011749267578,2235200
2014-07-14,PSX,80.87999725341797,80.9000015258789,79.62999725341797,79.94999694824219,52.32755661010742,8384700
2014-07-14,PSX,80.87999725341797,80.9000015258789,79.62999725341797,79.94999694824219,52.32755661010742,8384700
2014-07-15,PSX,79.73999786376953,81.5,79.41999816894531,81.12000274658203,53.09334564208984,8653600
2014-07-15,PSX,79.73999786376953,81.5,79.41999816894531,81.12000274658203,53.09334564208984,8653600
2014-07-16,PSX,81.20999908447266,81.87000274658203,80.41000366210938,80.83999633789062,52.91006851196289,2888000
2014-07-16,PSX,81.20999908447266,81.87000274658203,80.41000366210938,80.83999633789062,52.91006851196289,2888000
2014-07-17,PSX,80.4000015258789,80.9800033569336,79.4000015258789,79.54000091552734,52.05923843383789,2370200
2014-07-17,PSX,80.4000015258789,80.9800033569336,79.4000015258789,79.54000091552734,52.05923843383789,2370200
2014-07-18,PSX,79.91000366210938,81.04000091552734,79.44999694824219,80.86000061035156,52.92317962646485,3127200
2014-07-18,PSX,79.91000366210938,81.04000091552734,79.44999694824219,80.86000061035156,52.92317962646485,3127200
2014-07-21,PSX,80.4000015258789,80.80000305175781,80.0,80.16000366210938,52.46501922607422,2102800
2014-07-21,PSX,80.4000015258789,80.80000305175781,80.0,80.16000366210938,52.46501922607422,2102800
2014-07-22,PSX,80.73999786376953,81.1500015258789,80.23999786376953,80.5,52.68755722045898,2733900
2014-07-22,PSX,80.73999786376953,81.1500015258789,80.23999786376953,80.5,52.68755722045898,2733900
2014-07-23,PSX,80.55000305175781,81.7300033569336,80.44999694824219,81.2699966430664,53.191505432128906,2118400
2014-07-23,PSX,80.55000305175781,81.7300033569336,80.44999694824219,81.2699966430664,53.191505432128906,2118400
2014-07-24,PSX,81.7300033569336,82.83000183105469,81.30000305175781,82.0999984741211,53.7347412109375,3517400
2014-07-24,PSX,81.7300033569336,82.83000183105469,81.30000305175781,82.0999984741211,53.7347412109375,3517400
2014-07-25,PSX,82.13999938964844,82.87000274658203,81.83000183105469,82.6500015258789,54.09474182128906,2064000
2014-07-25,PSX,82.13999938964844,82.87000274658203,81.83000183105469,82.6500015258789,54.09474182128906,2064000
2014-07-28,PSX,83.0,83.0,81.66000366210938,82.61000061035156,54.06855392456055,2359500
2014-07-28,PSX,83.0,83.0,81.66000366210938,82.61000061035156,54.06855392456055,2359500
2014-07-29,PSX,82.91999816894531,83.25,82.47000122070312,82.47000122070312,53.97691345214844,3163300
2014-07-29,PSX,82.91999816894531,83.25,82.47000122070312,82.47000122070312,53.97691345214844,3163300
2014-07-30,PSX,82.19000244140625,83.41000366210938,81.30999755859375,81.72000122070312,53.48604583740234,2664700
2014-07-30,PSX,82.19000244140625,83.41000366210938,81.30999755859375,81.72000122070312,53.48604583740234,2664700
2014-07-31,PSX,81.13999938964844,82.51000213623047,80.55999755859375,81.11000061035156,53.0867919921875,3120000
2014-07-31,PSX,81.13999938964844,82.51000213623047,80.55999755859375,81.11000061035156,53.0867919921875,3120000
2014-08-01,PSX,80.62000274658203,81.01000213623047,79.25,80.54000091552734,52.7137451171875,4488000
2014-08-01,PSX,80.62000274658203,81.01000213623047,79.25,80.54000091552734,52.7137451171875,4488000
2014-08-04,PSX,80.80999755859375,82.04000091552734,80.23999786376953,81.87999725341797,53.59075164794922,2934400
2014-08-04,PSX,80.80999755859375,82.04000091552734,80.23999786376953,81.87999725341797,53.59075164794922,2934400
2014-08-05,PSX,81.44000244140625,81.6500015258789,80.58000183105469,81.01000213623047,53.02135467529297,2735500
2014-08-05,PSX,81.44000244140625,81.6500015258789,80.58000183105469,81.01000213623047,53.02135467529297,2735500
2014-08-06,PSX,80.75,82.9000015258789,80.75,82.27999877929688,53.852569580078125,2730200
2014-08-06,PSX,80.75,82.9000015258789,80.75,82.27999877929688,53.852569580078125,2730200
2014-08-07,PSX,82.5,83.02999877929688,81.16999816894531,81.5199966430664,53.35512924194336,2532100
2014-08-07,PSX,82.5,83.02999877929688,81.16999816894531,81.5199966430664,53.35512924194336,2532100
2014-08-08,PSX,82.0,83.16999816894531,81.30999755859375,83.05000305175781,54.35654067993164,2290400
2014-08-08,PSX,82.0,83.16999816894531,81.30999755859375,83.05000305175781,54.35654067993164,2290400
2014-08-11,PSX,83.51000213623047,83.8499984741211,82.30000305175781,82.38999938964844,53.924564361572266,2293700
2014-08-11,PSX,83.51000213623047,83.8499984741211,82.30000305175781,82.38999938964844,53.924564361572266,2293700
2014-08-12,PSX,82.58000183105469,82.93000030517578,82.13999938964844,82.55999755859375,54.03584671020508,2113300
2014-08-12,PSX,82.58000183105469,82.93000030517578,82.13999938964844,82.55999755859375,54.03584671020508,2113300
2014-08-13,PSX,82.55999755859375,82.87999725341797,81.97000122070312,82.77999877929688,54.509952545166016,2411200
2014-08-13,PSX,82.55999755859375,82.87999725341797,81.97000122070312,82.77999877929688,54.509952545166016,2411200
2014-08-14,PSX,82.94999694824219,83.91000366210938,82.55000305175781,83.69000244140625,55.10917663574219,2849900
2014-08-14,PSX,82.94999694824219,83.91000366210938,82.55000305175781,83.69000244140625,55.10917663574219,2849900
2014-08-15,PSX,83.8499984741211,84.37000274658203,83.5,83.79000091552734,55.17502975463867,4763500
2014-08-15,PSX,83.8499984741211,84.37000274658203,83.5,83.79000091552734,55.17502975463867,4763500
2014-08-18,PSX,84.2699966430664,86.08000183105469,84.2699966430664,85.61000061035156,56.373477935791016,3347700
2014-08-18,PSX,84.2699966430664,86.08000183105469,84.2699966430664,85.61000061035156,56.373477935791016,3347700
2014-08-19,PSX,85.61000061035156,86.4000015258789,85.33999633789062,86.08999633789062,56.68955612182617,2676900
2014-08-19,PSX,85.61000061035156,86.4000015258789,85.33999633789062,86.08999633789062,56.68955612182617,2676900
2014-08-20,PSX,85.98999786376953,86.79000091552734,85.6500015258789,86.5999984741211,57.025386810302734,2128300
2014-08-20,PSX,85.98999786376953,86.79000091552734,85.6500015258789,86.5999984741211,57.025386810302734,2128300
2014-08-21,PSX,86.69999694824219,86.72000122070312,86.01000213623047,86.23999786376953,56.78831481933594,1767600
2014-08-21,PSX,86.69999694824219,86.72000122070312,86.01000213623047,86.23999786376953,56.78831481933594,1767600
2014-08-22,PSX,86.05000305175781,86.27999877929688,85.47000122070312,86.08999633789062,56.68955612182617,1633900
2014-08-22,PSX,86.05000305175781,86.27999877929688,85.47000122070312,86.08999633789062,56.68955612182617,1633900
2014-08-25,PSX,86.37999725341797,87.0999984741211,86.12000274658203,86.9000015258789,57.222930908203125,1903500
2014-08-25,PSX,86.37999725341797,87.0999984741211,86.12000274658203,86.9000015258789,57.222930908203125,1903500
2014-08-26,PSX,86.87000274658203,87.0999984741211,86.26000213623047,86.66999816894531,57.071475982666016,1869300
2014-08-26,PSX,86.87000274658203,87.0999984741211,86.26000213623047,86.66999816894531,57.071475982666016,1869300
2014-08-27,PSX,86.69999694824219,87.0,86.02999877929688,86.44000244140625,56.91999816894531,1824500
2014-08-27,PSX,86.69999694824219,87.0,86.02999877929688,86.44000244140625,56.91999816894531,1824500
2014-08-28,PSX,86.02999877929688,86.91999816894531,85.81999969482422,86.61000061035156,57.031959533691406,1188200
2014-08-28,PSX,86.02999877929688,86.91999816894531,85.81999969482422,86.61000061035156,57.031959533691406,1188200
2014-08-29,PSX,86.58000183105469,87.1500015258789,86.44999694824219,87.0199966430664,57.301944732666016,2150300
2014-08-29,PSX,86.58000183105469,87.1500015258789,86.44999694824219,87.0199966430664,57.301944732666016,2150300
2014-09-02,PSX,86.91000366210938,87.19999694824219,86.0199966430664,86.94999694824219,57.25586318969727,2376000
2014-09-02,PSX,86.91000366210938,87.19999694824219,86.0199966430664,86.94999694824219,57.25586318969727,2376000
2014-09-03,PSX,87.19999694824219,87.9800033569336,86.80000305175781,87.23999786376953,57.446807861328125,2881000
2014-09-03,PSX,87.19999694824219,87.9800033569336,86.80000305175781,87.23999786376953,57.446807861328125,2881000
2014-09-04,PSX,87.22000122070312,87.87000274658203,86.54000091552734,86.87999725341797,57.20975112915039,3332000
2014-09-04,PSX,87.22000122070312,87.87000274658203,86.54000091552734,86.87999725341797,57.20975112915039,3332000
2014-09-05,PSX,86.94000244140625,87.66000366210938,86.05999755859375,87.51000213623047,57.624629974365234,2236800
2014-09-05,PSX,86.94000244140625,87.66000366210938,86.05999755859375,87.51000213623047,57.624629974365234,2236800
2014-09-08,PSX,87.44999694824219,87.5999984741211,87.0199966430664,87.05999755859375,57.32830810546875,2060200
2014-09-08,PSX,87.44999694824219,87.5999984741211,87.0199966430664,87.05999755859375,57.32830810546875,2060200
2014-09-09,PSX,87.0,87.54000091552734,85.94999694824219,86.47000122070312,56.93976593017578,2486700
2014-09-09,PSX,87.0,87.54000091552734,85.94999694824219,86.47000122070312,56.93976593017578,2486700
2014-09-10,PSX,86.12999725341797,86.41000366210938,83.9000015258789,85.13999938964844,56.06398010253906,4590100
2014-09-10,PSX,86.12999725341797,86.41000366210938,83.9000015258789,85.13999938964844,56.06398010253906,4590100
2014-09-11,PSX,84.58000183105469,85.11000061035156,83.56999969482422,84.01000213623047,55.31989288330078,3313500
2014-09-11,PSX,84.58000183105469,85.11000061035156,83.56999969482422,84.01000213623047,55.31989288330078,3313500
2014-09-12,PSX,83.87999725341797,84.23999786376953,82.55000305175781,83.0199966430664,54.66798782348633,2782700
2014-09-12,PSX,83.87999725341797,84.23999786376953,82.55000305175781,83.0199966430664,54.66798782348633,2782700
2014-09-15,PSX,83.04000091552734,84.0199966430664,82.69000244140625,83.9000015258789,55.24745559692383,2412600
2014-09-15,PSX,83.04000091552734,84.0199966430664,82.69000244140625,83.9000015258789,55.24745559692383,2412600
2014-09-16,PSX,83.77999877929688,86.68000030517578,83.5,85.77999877929688,56.48542785644531,5220300
2014-09-16,PSX,83.77999877929688,86.68000030517578,83.5,85.77999877929688,56.48542785644531,5220300
2014-09-17,PSX,85.94000244140625,86.37999725341797,85.29000091552734,85.69000244140625,56.42614364624024,4135200
2014-09-17,PSX,85.94000244140625,86.37999725341797,85.29000091552734,85.69000244140625,56.42614364624024,4135200
2014-09-18,PSX,85.70999908447266,86.38999938964844,85.37000274658203,85.88999938964844,56.5578498840332,3497400
2014-09-18,PSX,85.70999908447266,86.38999938964844,85.37000274658203,85.88999938964844,56.5578498840332,3497400
2014-09-19,PSX,86.04000091552734,86.37999725341797,85.58000183105469,85.75,56.46566390991211,3614200
2014-09-19,PSX,86.04000091552734,86.37999725341797,85.58000183105469,85.75,56.46566390991211,3614200
2014-09-22,PSX,85.5,85.52999877929688,83.69000244140625,83.83999633789062,55.20793151855469,2576400
2014-09-22,PSX,85.5,85.52999877929688,83.69000244140625,83.83999633789062,55.20793151855469,2576400
2014-09-23,PSX,83.8499984741211,84.8499984741211,83.13999938964844,83.26000213623047,54.82601547241211,2168700
2014-09-23,PSX,83.8499984741211,84.8499984741211,83.13999938964844,83.26000213623047,54.82601547241211,2168700
2014-09-24,PSX,82.94999694824219,83.33999633789062,81.61000061035156,82.69000244140625,54.45068359375,2514100
2014-09-24,PSX,82.94999694824219,83.33999633789062,81.61000061035156,82.69000244140625,54.45068359375,2514100
2014-09-25,PSX,82.83000183105469,82.83000183105469,81.73999786376953,81.73999786376953,53.82509994506836,2420500
2014-09-25,PSX,82.83000183105469,82.83000183105469,81.73999786376953,81.73999786376953,53.82509994506836,2420500
2014-09-26,PSX,81.5999984741211,82.5199966430664,81.5999984741211,82.2300033569336,54.14775848388672,3274500
2014-09-26,PSX,81.5999984741211,82.5199966430664,81.5999984741211,82.2300033569336,54.14775848388672,3274500
2014-09-29,PSX,81.37000274658203,82.30000305175781,81.08000183105469,81.7699966430664,53.844852447509766,2073500
2014-09-29,PSX,81.37000274658203,82.30000305175781,81.08000183105469,81.7699966430664,53.844852447509766,2073500
2014-09-30,PSX,81.5,81.87999725341797,80.68000030517578,81.30999755859375,53.54195785522461,5197200
2014-09-30,PSX,81.5,81.87999725341797,80.68000030517578,81.30999755859375,53.54195785522461,5197200
2014-10-01,PSX,81.30999755859375,82.0,79.55999755859375,79.62999725341797,52.435691833496094,4192300
2014-10-01,PSX,81.30999755859375,82.0,79.55999755859375,79.62999725341797,52.435691833496094,4192300
2014-10-02,PSX,79.18000030517578,79.38999938964844,75.94000244140625,77.76000213623047,51.20432662963867,8948800
2014-10-02,PSX,79.18000030517578,79.38999938964844,75.94000244140625,77.76000213623047,51.20432662963867,8948800
2014-10-03,PSX,78.2300033569336,78.27999877929688,77.04000091552734,77.63999938964844,51.12529373168945,4846200
2014-10-03,PSX,78.2300033569336,78.27999877929688,77.04000091552734,77.63999938964844,51.12529373168945,4846200
2014-10-06,PSX,77.69999694824219,78.12000274658203,76.69999694824219,77.3499984741211,50.9343147277832,2580100
2014-10-06,PSX,77.69999694824219,78.12000274658203,76.69999694824219,77.3499984741211,50.9343147277832,2580100
2014-10-07,PSX,77.58999633789062,78.80000305175781,77.1500015258789,77.3499984741211,50.9343147277832,3654200
2014-10-07,PSX,77.58999633789062,78.80000305175781,77.1500015258789,77.3499984741211,50.9343147277832,3654200
2014-10-08,PSX,77.83000183105469,79.20999908447266,76.5199966430664,79.16000366210938,52.12619400024414,4384500
2014-10-08,PSX,77.83000183105469,79.20999908447266,76.5199966430664,79.16000366210938,52.12619400024414,4384500
2014-10-09,PSX,78.97000122070312,79.37000274658203,76.55999755859375,76.61000061035156,50.44704055786133,3570400
2014-10-09,PSX,78.97000122070312,79.37000274658203,76.55999755859375,76.61000061035156,50.44704055786133,3570400
2014-10-10,PSX,76.75,77.7300033569336,74.80999755859375,76.31999969482422,50.256103515625,4702000
2014-10-10,PSX,76.75,77.7300033569336,74.80999755859375,76.31999969482422,50.256103515625,4702000
2014-10-13,PSX,75.9800033569336,77.13999938964844,72.8499984741211,73.05000305175781,48.10283660888672,5176000
2014-10-13,PSX,75.9800033569336,77.13999938964844,72.8499984741211,73.05000305175781,48.10283660888672,5176000
2014-10-14,PSX,73.5199966430664,74.16000366210938,70.11000061035156,70.58999633789062,46.48291778564453,9368900
2014-10-14,PSX,73.5199966430664,74.16000366210938,70.11000061035156,70.58999633789062,46.48291778564453,9368900
2014-10-15,PSX,69.81999969482422,70.86000061035156,66.23999786376953,67.88999938964844,44.70500564575195,11400000
2014-10-15,PSX,69.81999969482422,70.86000061035156,66.23999786376953,67.88999938964844,44.70500564575195,11400000
2014-10-16,PSX,67.45999908447266,70.5199966430664,66.12000274658203,69.70999908447266,45.90346145629883,8930400
2014-10-16,PSX,67.45999908447266,70.5199966430664,66.12000274658203,69.70999908447266,45.90346145629883,8930400
2014-10-17,PSX,70.69000244140625,73.1500015258789,70.19000244140625,72.20999908447266,47.54967880249024,8218500
2014-10-17,PSX,70.69000244140625,73.1500015258789,70.19000244140625,72.20999908447266,47.54967880249024,8218500
2014-10-20,PSX,71.76000213623047,72.9000015258789,71.66000366210938,72.3499984741211,47.641876220703125,3495500
2014-10-20,PSX,71.76000213623047,72.9000015258789,71.66000366210938,72.3499984741211,47.641876220703125,3495500
2014-10-21,PSX,74.3499984741211,77.08000183105469,72.93000030517578,76.80999755859375,50.5787239074707,6745200
2014-10-21,PSX,74.3499984741211,77.08000183105469,72.93000030517578,76.80999755859375,50.5787239074707,6745200
2014-10-22,PSX,76.75,77.55000305175781,75.3499984741211,75.38999938964844,49.64366912841797,5186800
2014-10-22,PSX,76.75,77.55000305175781,75.3499984741211,75.38999938964844,49.64366912841797,5186800
2014-10-23,PSX,76.41999816894531,77.06999969482422,75.95999908447266,76.12000274658203,50.1243896484375,3218500
2014-10-23,PSX,76.41999816894531,77.06999969482422,75.95999908447266,76.12000274658203,50.1243896484375,3218500
2014-10-24,PSX,76.1500015258789,76.56999969482422,74.8499984741211,76.48999786376953,50.36802673339844,2924800
2014-10-24,PSX,76.1500015258789,76.56999969482422,74.8499984741211,76.48999786376953,50.36802673339844,2924800
2014-10-27,PSX,75.6500015258789,76.11000061035156,74.52999877929688,75.4800033569336,49.702938079833984,4295500
2014-10-27,PSX,75.6500015258789,76.11000061035156,74.52999877929688,75.4800033569336,49.702938079833984,4295500
2014-10-28,PSX,75.8499984741211,77.72000122070312,75.16999816894531,77.52999877929688,51.05286407470703,7580200
2014-10-28,PSX,75.8499984741211,77.72000122070312,75.16999816894531,77.52999877929688,51.05286407470703,7580200
2014-10-29,PSX,78.55999755859375,78.97000122070312,75.61000061035156,76.38999938964844,50.30218124389648,4319500
2014-10-29,PSX,78.55999755859375,78.97000122070312,75.61000061035156,76.38999938964844,50.30218124389648,4319500
2014-10-30,PSX,76.3499984741211,77.56999969482422,75.62999725341797,77.4000015258789,50.967281341552734,3747000
2014-10-30,PSX,76.3499984741211,77.56999969482422,75.62999725341797,77.4000015258789,50.967281341552734,3747000
2014-10-31,PSX,77.69999694824219,78.76000213623047,76.6500015258789,78.5,51.69160079956055,3848500
2014-10-31,PSX,77.69999694824219,78.76000213623047,76.6500015258789,78.5,51.69160079956055,3848500
2014-11-03,PSX,78.45999908447266,78.8499984741211,76.37999725341797,76.68000030517578,50.49313354492188,5523700
2014-11-03,PSX,78.45999908447266,78.8499984741211,76.37999725341797,76.68000030517578,50.49313354492188,5523700
2014-11-04,PSX,76.0199966430664,76.44000244140625,73.4800033569336,74.48999786376953,49.05104064941406,6013000
2014-11-04,PSX,76.0199966430664,76.44000244140625,73.4800033569336,74.48999786376953,49.05104064941406,6013000
2014-11-05,PSX,74.9000015258789,76.37000274658203,73.68000030517578,74.73999786376953,49.215667724609375,5429500
2014-11-05,PSX,74.9000015258789,76.37000274658203,73.68000030517578,74.73999786376953,49.215667724609375,5429500
2014-11-06,PSX,75.18000030517578,75.63999938964844,74.31999969482422,75.41999816894531,49.66343307495117,4054400
2014-11-06,PSX,75.18000030517578,75.63999938964844,74.31999969482422,75.41999816894531,49.66343307495117,4054400
2014-11-07,PSX,75.30000305175781,75.58999633789062,74.27999877929688,74.69999694824219,49.1893196105957,5464000
2014-11-07,PSX,75.30000305175781,75.58999633789062,74.27999877929688,74.69999694824219,49.1893196105957,5464000
2014-11-10,PSX,75.0,75.5999984741211,74.37999725341797,74.5,49.05764389038086,3332200
2014-11-10,PSX,75.0,75.5999984741211,74.37999725341797,74.5,49.05764389038086,3332200
2014-11-11,PSX,74.88999938964844,75.1500015258789,73.2300033569336,73.63999938964844,48.491329193115234,3976000
2014-11-11,PSX,74.88999938964844,75.1500015258789,73.2300033569336,73.63999938964844,48.491329193115234,3976000
2014-11-12,PSX,72.97000122070312,74.20999908447266,72.8499984741211,73.04000091552734,48.42503356933594,3703800
2014-11-12,PSX,72.97000122070312,74.20999908447266,72.8499984741211,73.04000091552734,48.42503356933594,3703800
2014-11-13,PSX,72.62999725341797,72.72000122070312,70.22000122070312,70.83000183105469,46.95982360839844,5418400
2014-11-13,PSX,72.62999725341797,72.72000122070312,70.22000122070312,70.83000183105469,46.95982360839844,5418400
2014-11-14,PSX,70.94000244140625,71.83999633789062,70.80000305175781,71.77999877929688,47.58966064453125,7638900
2014-11-14,PSX,70.94000244140625,71.83999633789062,70.80000305175781,71.77999877929688,47.58966064453125,7638900
2014-11-17,PSX,71.79000091552734,73.12000274658203,71.79000091552734,72.77999877929688,48.25265121459961,4327600
2014-11-17,PSX,71.79000091552734,73.12000274658203,71.79000091552734,72.77999877929688,48.25265121459961,4327600
2014-11-18,PSX,73.1500015258789,74.54000091552734,72.81999969482422,73.95999908447266,49.03498840332031,4730000
2014-11-18,PSX,73.1500015258789,74.54000091552734,72.81999969482422,73.95999908447266,49.03498840332031,4730000
2014-11-19,PSX,74.13999938964844,76.08000183105469,73.79000091552734,75.7699966430664,50.23501586914063,4721100
2014-11-19,PSX,74.13999938964844,76.08000183105469,73.79000091552734,75.7699966430664,50.23501586914063,4721100
2014-11-20,PSX,75.5199966430664,77.98999786376953,75.5,77.83000183105469,51.60074615478516,4789900
2014-11-20,PSX,75.5199966430664,77.98999786376953,75.5,77.83000183105469,51.60074615478516,4789900
2014-11-21,PSX,79.01000213623047,80.31999969482422,78.22000122070312,79.41999816894531,52.65495681762695,5331200
2014-11-21,PSX,79.01000213623047,80.31999969482422,78.22000122070312,79.41999816894531,52.65495681762695,5331200
2014-11-24,PSX,79.12999725341797,79.9000015258789,79.05999755859375,79.41999816894531,52.65495681762695,2976700
2014-11-24,PSX,79.12999725341797,79.9000015258789,79.05999755859375,79.41999816894531,52.65495681762695,2976700
2014-11-25,PSX,79.76000213623047,80.16999816894531,79.0199966430664,79.54000091552734,52.7344970703125,3458700
2014-11-25,PSX,79.76000213623047,80.16999816894531,79.0199966430664,79.54000091552734,52.7344970703125,3458700
2014-11-26,PSX,79.56999969482422,79.6500015258789,78.69999694824219,79.27999877929688,52.56209182739258,4383900
2014-11-26,PSX,79.56999969482422,79.6500015258789,78.69999694824219,79.27999877929688,52.56209182739258,4383900
2014-11-28,PSX,78.41000366210938,78.5999984741211,72.76000213623047,73.0199966430664,48.411766052246094,5301900
2014-11-28,PSX,78.41000366210938,78.5999984741211,72.76000213623047,73.0199966430664,48.411766052246094,5301900
2014-12-01,PSX,73.0,73.7300033569336,71.06999969482422,71.86000061035156,47.6427116394043,7524300
2014-12-01,PSX,73.0,73.7300033569336,71.06999969482422,71.86000061035156,47.6427116394043,7524300
2014-12-02,PSX,71.75,74.29000091552734,71.75,73.76000213623047,48.90237808227539,5166700
2014-12-02,PSX,71.75,74.29000091552734,71.75,73.76000213623047,48.90237808227539,5166700
2014-12-03,PSX,73.80999755859375,75.26000213623047,73.79000091552734,74.83000183105469,49.61179733276367,3270600
2014-12-03,PSX,73.80999755859375,75.26000213623047,73.79000091552734,74.83000183105469,49.61179733276367,3270600
2014-12-04,PSX,74.33000183105469,75.23999786376953,73.62000274658203,74.97000122070312,49.7046012878418,3904000
2014-12-04,PSX,74.33000183105469,75.23999786376953,73.62000274658203,74.97000122070312,49.7046012878418,3904000
2014-12-05,PSX,74.81999969482422,75.19000244140625,72.91999816894531,73.0199966430664,48.411766052246094,4252400
2014-12-05,PSX,74.81999969482422,75.19000244140625,72.91999816894531,73.0199966430664,48.411766052246094,4252400
2014-12-08,PSX,72.2300033569336,72.62999725341797,68.70999908447266,68.93000030517578,45.70012664794922,6709000
2014-12-08,PSX,72.2300033569336,72.62999725341797,68.70999908447266,68.93000030517578,45.70012664794922,6709000
2014-12-09,PSX,68.55999755859375,69.12999725341797,67.55999755859375,68.80999755859375,45.62056350708008,5270200
2014-12-09,PSX,68.55999755859375,69.12999725341797,67.55999755859375,68.80999755859375,45.62056350708008,5270200
2014-12-10,PSX,67.62999725341797,68.3499984741211,66.41999816894531,67.11000061035156,44.49348068237305,5589700
2014-12-10,PSX,67.62999725341797,68.3499984741211,66.41999816894531,67.11000061035156,44.49348068237305,5589700
2014-12-11,PSX,67.11000061035156,68.12000274658203,66.62000274658203,66.81999969482422,44.301212310791016,4743700
2014-12-11,PSX,67.11000061035156,68.12000274658203,66.62000274658203,66.81999969482422,44.301212310791016,4743700
2014-12-12,PSX,66.30000305175781,67.12000274658203,65.30999755859375,65.68000030517578,43.54540252685547,4427800
2014-12-12,PSX,66.30000305175781,67.12000274658203,65.30999755859375,65.68000030517578,43.54540252685547,4427800
2014-12-15,PSX,66.6500015258789,67.41999816894531,64.87000274658203,65.08999633789062,43.154239654541016,9156000
2014-12-15,PSX,66.6500015258789,67.41999816894531,64.87000274658203,65.08999633789062,43.154239654541016,9156000
2014-12-16,PSX,64.5999984741211,68.62999725341797,64.0199966430664,67.04000091552734,44.44707107543945,6209400
2014-12-16,PSX,64.5999984741211,68.62999725341797,64.0199966430664,67.04000091552734,44.44707107543945,6209400
2014-12-17,PSX,66.77999877929688,69.1500015258789,66.62000274658203,68.36000061035156,45.32223129272461,4530100
2014-12-17,PSX,66.77999877929688,69.1500015258789,66.62000274658203,68.36000061035156,45.32223129272461,4530100
2014-12-18,PSX,69.9000015258789,70.30000305175781,66.83000183105469,69.02999877929688,45.76642227172852,5258500
2014-12-18,PSX,69.9000015258789,70.30000305175781,66.83000183105469,69.02999877929688,45.76642227172852,5258500
2014-12-19,PSX,69.5999984741211,71.88999938964844,69.08000183105469,71.80999755859375,47.60954284667969,6677000
2014-12-19,PSX,69.5999984741211,71.88999938964844,69.08000183105469,71.80999755859375,47.60954284667969,6677000
2014-12-22,PSX,71.05999755859375,71.6500015258789,70.30000305175781,71.2300033569336,47.22499465942383,3540100
2014-12-22,PSX,71.05999755859375,71.6500015258789,70.30000305175781,71.2300033569336,47.22499465942383,3540100
2014-12-23,PSX,71.48999786376953,72.7300033569336,71.30000305175781,72.55999755859375,48.10678863525391,3717500
2014-12-23,PSX,71.48999786376953,72.7300033569336,71.30000305175781,72.55999755859375,48.10678863525391,3717500
2014-12-24,PSX,72.0999984741211,72.58999633789062,71.30999755859375,72.0999984741211,47.80181121826172,2090100
2014-12-24,PSX,72.0999984741211,72.58999633789062,71.30999755859375,72.0999984741211,47.80181121826172,2090100
2014-12-26,PSX,72.33999633789062,73.33999633789062,72.0999984741211,72.6500015258789,48.16645812988281,1842900
2014-12-26,PSX,72.33999633789062,73.33999633789062,72.0999984741211,72.6500015258789,48.16645812988281,1842900
2014-12-29,PSX,73.01000213623047,73.37000274658203,72.0999984741211,72.81999969482422,48.279178619384766,2980000
2014-12-29,PSX,73.01000213623047,73.37000274658203,72.0999984741211,72.81999969482422,48.279178619384766,2980000
2014-12-30,PSX,72.80000305175781,73.61000061035156,72.19000244140625,72.91999816894531,48.34545516967773,3144000
2014-12-30,PSX,72.80000305175781,73.61000061035156,72.19000244140625,72.91999816894531,48.34545516967773,3144000
2014-12-31,PSX,72.69999694824219,73.02999877929688,71.66000366210938,71.69999694824219,47.53662109375,2565400
2014-12-31,PSX,72.69999694824219,73.02999877929688,71.66000366210938,71.69999694824219,47.53662109375,2565400
2015-01-02,PSX,71.61000061035156,72.44999694824219,70.94999694824219,72.29000091552734,47.92778778076172,2545200
2015-01-02,PSX,71.61000061035156,72.44999694824219,70.94999694824219,72.29000091552734,47.92778778076172,2545200
2015-01-05,PSX,71.23999786376953,71.58999633789062,67.13999938964844,67.91999816894531,45.03050994873047,5886000
2015-01-05,PSX,71.23999786376953,71.58999633789062,67.13999938964844,67.91999816894531,45.03050994873047,5886000
2015-01-06,PSX,67.66000366210938,68.76000213623047,66.0199966430664,66.0199966430664,43.77081298828125,5793500
2015-01-06,PSX,67.66000366210938,68.76000213623047,66.0199966430664,66.0199966430664,43.77081298828125,5793500
2015-01-07,PSX,66.7699966430664,67.88999938964844,65.9000015258789,66.30999755859375,43.96308517456055,5556700
2015-01-07,PSX,66.7699966430664,67.88999938964844,65.9000015258789,66.30999755859375,43.96308517456055,5556700
2015-01-08,PSX,67.0999984741211,68.9000015258789,66.5999984741211,68.88999938964844,45.67361068725586,5432700
2015-01-08,PSX,67.0999984741211,68.9000015258789,66.5999984741211,68.88999938964844,45.67361068725586,5432700
2015-01-09,PSX,68.30999755859375,68.5,66.69999694824219,67.30999755859375,44.62607955932617,4438000
2015-01-09,PSX,68.30999755859375,68.5,66.69999694824219,67.30999755859375,44.62607955932617,4438000
2015-01-12,PSX,66.4800033569336,66.5199966430664,63.83000183105469,64.23999786376953,42.59069442749024,5232300
2015-01-12,PSX,66.4800033569336,66.5199966430664,63.83000183105469,64.23999786376953,42.59069442749024,5232300
2015-01-13,PSX,64.30999755859375,64.79000091552734,61.369998931884766,61.5,40.77408981323242,8886400
2015-01-13,PSX,64.30999755859375,64.79000091552734,61.369998931884766,61.5,40.77408981323242,8886400
2015-01-14,PSX,60.63999938964844,60.97999954223633,57.33000183105469,59.41999816894531,39.395050048828125,11611100
2015-01-14,PSX,60.63999938964844,60.97999954223633,57.33000183105469,59.41999816894531,39.395050048828125,11611100
2015-01-15,PSX,60.2400016784668,60.5,58.68000030517578,59.09000015258789,39.17627716064453,5531100
2015-01-15,PSX,60.2400016784668,60.5,58.68000030517578,59.09000015258789,39.17627716064453,5531100
2015-01-16,PSX,59.0,61.08000183105469,59.0,60.83000183105469,40.32988739013672,4978600
2015-01-16,PSX,59.0,61.08000183105469,59.0,60.83000183105469,40.32988739013672,4978600
2015-01-20,PSX,61.790000915527344,63.709999084472656,61.09000015258789,63.619998931884766,42.17963409423828,7995200
2015-01-20,PSX,61.790000915527344,63.709999084472656,61.09000015258789,63.619998931884766,42.17963409423828,7995200
2015-01-21,PSX,64.2699966430664,66.62000274658203,63.70000076293945,66.25,43.92329788208008,7109000
2015-01-21,PSX,64.2699966430664,66.62000274658203,63.70000076293945,66.25,43.92329788208008,7109000
2015-01-22,PSX,66.83999633789062,67.58999633789062,65.97000122070312,67.30999755859375,44.62607955932617,5501500
2015-01-22,PSX,66.83999633789062,67.58999633789062,65.97000122070312,67.30999755859375,44.62607955932617,5501500
2015-01-23,PSX,67.47000122070312,69.19000244140625,66.97000122070312,68.5199966430664,45.42830276489258,4667600
2015-01-23,PSX,67.47000122070312,69.19000244140625,66.97000122070312,68.5199966430664,45.42830276489258,4667600
2015-01-26,PSX,68.63999938964844,69.04000091552734,67.61000061035156,68.4000015258789,45.3487434387207,4149700
2015-01-26,PSX,68.63999938964844,69.04000091552734,67.61000061035156,68.4000015258789,45.3487434387207,4149700
2015-01-27,PSX,67.69999694824219,69.77999877929688,67.5199966430664,69.5999984741211,46.14433288574219,4407900
2015-01-27,PSX,67.69999694824219,69.77999877929688,67.5199966430664,69.5999984741211,46.14433288574219,4407900
2015-01-28,PSX,69.80000305175781,70.05999755859375,68.31999969482422,68.37000274658203,45.328861236572266,6039300
2015-01-28,PSX,69.80000305175781,70.05999755859375,68.31999969482422,68.37000274658203,45.328861236572266,6039300
2015-01-29,PSX,69.94999694824219,70.69000244140625,68.6500015258789,70.4800033569336,46.72777938842773,5810100
2015-01-29,PSX,69.94999694824219,70.69000244140625,68.6500015258789,70.4800033569336,46.72777938842773,5810100
2015-01-30,PSX,69.7300033569336,71.2699966430664,68.83999633789062,70.31999969482422,46.62169647216797,5793200
2015-01-30,PSX,69.7300033569336,71.2699966430664,68.83999633789062,70.31999969482422,46.62169647216797,5793200
2015-02-02,PSX,71.30999755859375,72.80000305175781,70.06999969482422,72.80000305175781,48.26590347290039,4818900
2015-02-02,PSX,71.30999755859375,72.80000305175781,70.06999969482422,72.80000305175781,48.26590347290039,4818900
2015-02-03,PSX,73.72000122070312,74.94000244140625,73.33000183105469,74.87999725341797,49.644927978515625,6683000
2015-02-03,PSX,73.72000122070312,74.94000244140625,73.33000183105469,74.87999725341797,49.644927978515625,6683000
2015-02-04,PSX,73.83000183105469,75.12999725341797,72.7699966430664,74.41999816894531,49.339962005615234,5353000
2015-02-04,PSX,73.83000183105469,75.12999725341797,72.7699966430664,74.41999816894531,49.339962005615234,5353000
2015-02-05,PSX,75.30000305175781,75.88999938964844,74.33000183105469,75.20999908447266,49.86371612548828,3014400
2015-02-05,PSX,75.30000305175781,75.88999938964844,74.33000183105469,75.20999908447266,49.86371612548828,3014400
2015-02-06,PSX,75.31999969482422,76.62000274658203,75.0999984741211,76.0999984741211,50.45380401611328,3592200
2015-02-06,PSX,75.31999969482422,76.62000274658203,75.0999984741211,76.0999984741211,50.45380401611328,3592200
2015-02-09,PSX,76.2699966430664,76.62000274658203,75.69000244140625,75.93000030517578,50.34109115600586,2783100
2015-02-09,PSX,76.2699966430664,76.62000274658203,75.69000244140625,75.93000030517578,50.34109115600586,2783100
2015-02-10,PSX,75.19999694824219,75.86000061035156,73.83999633789062,75.66999816894531,50.1686897277832,3340600
2015-02-10,PSX,75.19999694824219,75.86000061035156,73.83999633789062,75.66999816894531,50.1686897277832,3340600
2015-02-11,PSX,74.93000030517578,75.01000213623047,73.33999633789062,74.19000244140625,49.18748092651367,4125600
2015-02-11,PSX,74.93000030517578,75.01000213623047,73.33999633789062,74.19000244140625,49.18748092651367,4125600
2015-02-12,PSX,74.7300033569336,75.31999969482422,74.08000183105469,75.11000061035156,50.13531494140625,2812700
2015-02-12,PSX,74.7300033569336,75.31999969482422,74.08000183105469,75.11000061035156,50.13531494140625,2812700
2015-02-13,PSX,75.76000213623047,76.6500015258789,75.31999969482422,76.62000274658203,51.14322662353516,3479200
2015-02-13,PSX,75.76000213623047,76.6500015258789,75.31999969482422,76.62000274658203,51.14322662353516,3479200
2015-02-17,PSX,76.37999725341797,77.27999877929688,75.87000274658203,76.9000015258789,51.33011245727539,3523800
2015-02-17,PSX,76.37999725341797,77.27999877929688,75.87000274658203,76.9000015258789,51.33011245727539,3523800
2015-02-18,PSX,76.01000213623047,76.61000061035156,75.4800033569336,75.94999694824219,50.69599914550781,3997800
2015-02-18,PSX,76.01000213623047,76.61000061035156,75.4800033569336,75.94999694824219,50.69599914550781,3997800
2015-02-19,PSX,75.47000122070312,77.87999725341797,74.94000244140625,77.43000030517578,51.68388748168945,4599000
2015-02-19,PSX,75.47000122070312,77.87999725341797,74.94000244140625,77.43000030517578,51.68388748168945,4599000
2015-02-20,PSX,77.5199966430664,78.16999816894531,76.2699966430664,77.33999633789062,51.62383270263672,4566600
2015-02-20,PSX,77.5199966430664,78.16999816894531,76.2699966430664,77.33999633789062,51.62383270263672,4566600
2015-02-23,PSX,76.75,79.45999908447266,76.75,79.33000183105469,52.95213317871094,3785500
2015-02-23,PSX,76.75,79.45999908447266,76.75,79.33000183105469,52.95213317871094,3785500
2015-02-24,PSX,79.70999908447266,80.06999969482422,78.33000183105469,80.0,53.39934921264648,4442900
2015-02-24,PSX,79.70999908447266,80.06999969482422,78.33000183105469,80.0,53.39934921264648,4442900
2015-02-25,PSX,79.87999725341797,80.58999633789062,78.91000366210938,79.08999633789062,52.79192733764648,2959700
2015-02-25,PSX,79.87999725341797,80.58999633789062,78.91000366210938,79.08999633789062,52.79192733764648,2959700
2015-02-26,PSX,78.98999786376953,80.18000030517578,78.37999725341797,80.05999755859375,53.43938827514648,4279900
2015-02-26,PSX,78.98999786376953,80.18000030517578,78.37999725341797,80.05999755859375,53.43938827514648,4279900
2015-02-27,PSX,80.0999984741211,80.44000244140625,78.44000244140625,78.45999908447266,52.37141418457031,4296600
2015-02-27,PSX,80.0999984741211,80.44000244140625,78.44000244140625,78.45999908447266,52.37141418457031,4296600
2015-03-02,PSX,78.45999908447266,78.45999908447266,76.16999816894531,77.0,51.39686965942383,5976200
2015-03-02,PSX,78.45999908447266,78.45999908447266,76.16999816894531,77.0,51.39686965942383,5976200
2015-03-03,PSX,77.52999877929688,78.37999725341797,77.4800033569336,78.08999633789062,52.12444305419922,3361500
2015-03-03,PSX,77.52999877929688,78.37999725341797,77.4800033569336,78.08999633789062,52.12444305419922,3361500
2015-03-04,PSX,77.69999694824219,78.08000183105469,77.08000183105469,77.95999908447266,52.03764724731445,2199900
2015-03-04,PSX,77.69999694824219,78.08000183105469,77.08000183105469,77.95999908447266,52.03764724731445,2199900
2015-03-05,PSX,78.19999694824219,78.3499984741211,76.86000061035156,76.87999725341797,51.316776275634766,2721700
2015-03-05,PSX,78.19999694824219,78.3499984741211,76.86000061035156,76.87999725341797,51.316776275634766,2721700
2015-03-06,PSX,76.16000366210938,77.30000305175781,75.13999938964844,75.36000061035156,50.30216217041016,3681700
2015-03-06,PSX,76.16000366210938,77.30000305175781,75.13999938964844,75.36000061035156,50.30216217041016,3681700
2015-03-09,PSX,75.44000244140625,77.47000122070312,75.44000244140625,76.29000091552734,50.922943115234375,3630500
2015-03-09,PSX,75.44000244140625,77.47000122070312,75.44000244140625,76.29000091552734,50.922943115234375,3630500
2015-03-10,PSX,75.83999633789062,75.83999633789062,74.0199966430664,74.02999877929688,49.41441345214844,3496400
2015-03-10,PSX,75.83999633789062,75.83999633789062,74.0199966430664,74.02999877929688,49.41441345214844,3496400
2015-03-11,PSX,74.27999877929688,75.0,74.16000366210938,74.55000305175781,49.761512756347656,2422400
2015-03-11,PSX,74.27999877929688,75.0,74.16000366210938,74.55000305175781,49.761512756347656,2422400
2015-03-12,PSX,75.0999984741211,75.91000366210938,74.01000213623047,74.16000366210938,49.50118637084961,2960800
2015-03-12,PSX,75.0999984741211,75.91000366210938,74.01000213623047,74.16000366210938,49.50118637084961,2960800
2015-03-13,PSX,74.13999938964844,74.76000213623047,73.54000091552734,74.63999938964844,49.82158660888672,2848900
2015-03-13,PSX,74.13999938964844,74.76000213623047,73.54000091552734,74.63999938964844,49.82158660888672,2848900
2015-03-16,PSX,74.31999969482422,76.31999969482422,74.05999755859375,76.29000091552734,50.922943115234375,2471600
2015-03-16,PSX,74.31999969482422,76.31999969482422,74.05999755859375,76.29000091552734,50.922943115234375,2471600
2015-03-17,PSX,75.58999633789062,76.29000091552734,74.73999786376953,75.94999694824219,50.69599914550781,2634300
2015-03-17,PSX,75.58999633789062,76.29000091552734,74.73999786376953,75.94999694824219,50.69599914550781,2634300
2015-03-18,PSX,75.63999938964844,78.58999633789062,75.3499984741211,78.12000274658203,52.14446258544922,4731200
2015-03-18,PSX,75.63999938964844,78.58999633789062,75.3499984741211,78.12000274658203,52.14446258544922,4731200
2015-03-19,PSX,77.22000122070312,77.87000274658203,76.69000244140625,77.51000213623047,51.73730850219727,2647400
2015-03-19,PSX,77.22000122070312,77.87000274658203,76.69000244140625,77.51000213623047,51.73730850219727,2647400
2015-03-20,PSX,77.69999694824219,78.87999725341797,77.0,78.86000061035156,52.6384162902832,5172300
2015-03-20,PSX,77.69999694824219,78.87999725341797,77.0,78.86000061035156,52.6384162902832,5172300
2015-03-23,PSX,79.0,79.48999786376953,78.5199966430664,78.52999877929688,52.41812896728516,2747400
2015-03-23,PSX,79.0,79.48999786376953,78.5199966430664,78.52999877929688,52.41812896728516,2747400
2015-03-24,PSX,78.37999725341797,78.52999877929688,77.37999725341797,77.62999725341797,51.8173942565918,2198400
2015-03-24,PSX,78.37999725341797,78.52999877929688,77.37999725341797,77.62999725341797,51.8173942565918,2198400
2015-03-25,PSX,78.58999633789062,80.08000183105469,78.33000183105469,79.0,52.73186111450195,4135100
2015-03-25,PSX,78.58999633789062,80.08000183105469,78.33000183105469,79.0,52.73186111450195,4135100
2015-03-26,PSX,79.69999694824219,79.93000030517578,78.4000015258789,78.44000244140625,52.358028411865234,2035800
2015-03-26,PSX,79.69999694824219,79.93000030517578,78.4000015258789,78.44000244140625,52.358028411865234,2035800
2015-03-27,PSX,78.61000061035156,78.83999633789062,77.31999969482422,77.61000061035156,51.80403518676758,1979000
2015-03-27,PSX,78.61000061035156,78.83999633789062,77.31999969482422,77.61000061035156,51.80403518676758,1979000
2015-03-30,PSX,78.26000213623047,80.04000091552734,78.1500015258789,79.55999755859375,53.10562896728516,3035700
2015-03-30,PSX,78.26000213623047,80.04000091552734,78.1500015258789,79.55999755859375,53.10562896728516,3035700
2015-03-31,PSX,78.44999694824219,79.38999938964844,78.4000015258789,78.5999984741211,52.46484756469727,2715700
2015-03-31,PSX,78.44999694824219,79.38999938964844,78.4000015258789,78.5999984741211,52.46484756469727,2715700
2015-04-01,PSX,79.06999969482422,80.30000305175781,78.94000244140625,79.94000244140625,53.35929107666016,3257500
2015-04-01,PSX,79.06999969482422,80.30000305175781,78.94000244140625,79.94000244140625,53.35929107666016,3257500
2015-04-02,PSX,79.27999877929688,80.06999969482422,77.94000244140625,78.16999816894531,52.17782974243164,4424700
2015-04-02,PSX,79.27999877929688,80.06999969482422,77.94000244140625,78.16999816894531,52.17782974243164,4424700
2015-04-06,PSX,78.48999786376953,79.33000183105469,77.81999969482422,78.55000305175781,52.43147277832031,3260600
2015-04-06,PSX,78.48999786376953,79.33000183105469,77.81999969482422,78.55000305175781,52.43147277832031,3260600
2015-04-07,PSX,78.63999938964844,78.8499984741211,77.69999694824219,77.7699966430664,51.91082763671875,2776100
2015-04-07,PSX,78.63999938964844,78.8499984741211,77.69999694824219,77.7699966430664,51.91082763671875,2776100
2015-04-08,PSX,78.05999755859375,78.80000305175781,77.16999816894531,77.41000366210938,51.6705436706543,2352500
2015-04-08,PSX,78.05999755859375,78.80000305175781,77.16999816894531,77.41000366210938,51.6705436706543,2352500
2015-04-09,PSX,77.27999877929688,77.91000366210938,76.80000305175781,77.80999755859375,51.93754577636719,3572700
2015-04-09,PSX,77.27999877929688,77.91000366210938,76.80000305175781,77.80999755859375,51.93754577636719,3572700
2015-04-10,PSX,78.0,78.54000091552734,77.55999755859375,78.33999633789062,52.291282653808594,2306300
2015-04-10,PSX,78.0,78.54000091552734,77.55999755859375,78.33999633789062,52.291282653808594,2306300
2015-04-13,PSX,78.44999694824219,78.4800033569336,76.43000030517578,76.93000030517578,51.35015869140625,3996800
2015-04-13,PSX,78.44999694824219,78.4800033569336,76.43000030517578,76.93000030517578,51.35015869140625,3996800
2015-04-14,PSX,77.58000183105469,78.23999786376953,77.27999877929688,77.83000183105469,51.950870513916016,3443900
2015-04-14,PSX,77.58000183105469,78.23999786376953,77.27999877929688,77.83000183105469,51.950870513916016,3443900
2015-04-15,PSX,77.94999694824219,79.18000030517578,77.9000015258789,78.94000244140625,52.69180679321289,2989800
2015-04-15,PSX,77.94999694824219,79.18000030517578,77.9000015258789,78.94000244140625,52.69180679321289,2989800
2015-04-16,PSX,78.81999969482422,79.47000122070312,78.12999725341797,79.23999786376953,52.89205551147461,2545700
2015-04-16,PSX,78.81999969482422,79.47000122070312,78.12999725341797,79.23999786376953,52.89205551147461,2545700
2015-04-17,PSX,78.66999816894531,78.77999877929688,77.75,78.01000213623047,52.0710334777832,2411000
2015-04-17,PSX,78.66999816894531,78.77999877929688,77.75,78.01000213623047,52.0710334777832,2411000
2015-04-20,PSX,78.26000213623047,79.66000366210938,78.12000274658203,79.30000305175781,52.932106018066406,2620100
2015-04-20,PSX,78.26000213623047,79.66000366210938,78.12000274658203,79.30000305175781,52.932106018066406,2620100
2015-04-21,PSX,79.30000305175781,79.63999938964844,78.69999694824219,79.5,53.06560897827149,2458100
2015-04-21,PSX,79.30000305175781,79.63999938964844,78.69999694824219,79.5,53.06560897827149,2458100
2015-04-22,PSX,79.91999816894531,81.06999969482422,79.33999633789062,80.91999816894531,54.013427734375,2822400
2015-04-22,PSX,79.91999816894531,81.06999969482422,79.33999633789062,80.91999816894531,54.013427734375,2822400
2015-04-23,PSX,81.13999938964844,81.72000122070312,80.83999633789062,81.2300033569336,54.2203483581543,2919000
2015-04-23,PSX,81.13999938964844,81.72000122070312,80.83999633789062,81.2300033569336,54.2203483581543,2919000
2015-04-24,PSX,81.37999725341797,81.83999633789062,80.9000015258789,81.58999633789062,54.46064758300781,2067000
2015-04-24,PSX,81.37999725341797,81.83999633789062,80.9000015258789,81.58999633789062,54.46064758300781,2067000
2015-04-27,PSX,81.87000274658203,81.93000030517578,81.01000213623047,81.06999969482422,54.11356735229492,2040000
2015-04-27,PSX,81.87000274658203,81.93000030517578,81.01000213623047,81.06999969482422,54.11356735229492,2040000
2015-04-28,PSX,81.2300033569336,81.98999786376953,81.05000305175781,81.61000061035156,54.47401428222656,2265000
2015-04-28,PSX,81.2300033569336,81.98999786376953,81.05000305175781,81.61000061035156,54.47401428222656,2265000
2015-04-29,PSX,81.43000030517578,81.94000244140625,80.88999938964844,81.0,54.06682968139648,2855600
2015-04-29,PSX,81.43000030517578,81.94000244140625,80.88999938964844,81.0,54.06682968139648,2855600
2015-04-30,PSX,80.9000015258789,81.16999816894531,78.9000015258789,79.30999755859375,52.93874740600586,4829400
2015-04-30,PSX,80.9000015258789,81.16999816894531,78.9000015258789,79.30999755859375,52.93874740600586,4829400
2015-05-01,PSX,79.41000366210938,81.66000366210938,79.13999938964844,81.61000061035156,54.47401428222656,3061900
2015-05-01,PSX,79.41000366210938,81.66000366210938,79.13999938964844,81.61000061035156,54.47401428222656,3061900
2015-05-04,PSX,82.0,82.19000244140625,80.73999786376953,80.83999633789062,53.96002960205078,2833700
2015-05-04,PSX,82.0,82.19000244140625,80.73999786376953,80.83999633789062,53.96002960205078,2833700
2015-05-05,PSX,81.0999984741211,81.4000015258789,80.3499984741211,80.44000244140625,53.69304656982422,2279300
2015-05-05,PSX,81.0999984741211,81.4000015258789,80.3499984741211,80.44000244140625,53.69304656982422,2279300
2015-05-06,PSX,80.55000305175781,80.69999694824219,79.61000061035156,79.81999969482422,53.27919006347656,3398700
2015-05-06,PSX,80.55000305175781,80.69999694824219,79.61000061035156,79.81999969482422,53.27919006347656,3398700
2015-05-07,PSX,79.80000305175781,80.12000274658203,78.91000366210938,79.94000244140625,53.35929107666016,4047600
2015-05-07,PSX,79.80000305175781,80.12000274658203,78.91000366210938,79.94000244140625,53.35929107666016,4047600
2015-05-08,PSX,80.4000015258789,81.81999969482422,79.44000244140625,81.62999725341797,54.487342834472656,3008900
2015-05-08,PSX,80.4000015258789,81.81999969482422,79.44000244140625,81.62999725341797,54.487342834472656,3008900
2015-05-11,PSX,81.9800033569336,81.9800033569336,80.26000213623047,80.54000091552734,53.75979232788086,2406400
2015-05-11,PSX,81.9800033569336,81.9800033569336,80.26000213623047,80.54000091552734,53.75979232788086,2406400
2015-05-12,PSX,80.27999877929688,80.80000305175781,79.6500015258789,80.5,53.73309326171875,2245800
2015-05-12,PSX,80.27999877929688,80.80000305175781,79.6500015258789,80.5,53.73309326171875,2245800
2015-05-13,PSX,80.94999694824219,81.18000030517578,80.11000061035156,80.7699966430664,53.91332244873047,2343100
2015-05-13,PSX,80.94999694824219,81.18000030517578,80.11000061035156,80.7699966430664,53.91332244873047,2343100
2015-05-14,PSX,80.41000366210938,81.68000030517578,80.4000015258789,81.62999725341797,54.86777877807617,2658400
2015-05-14,PSX,80.41000366210938,81.68000030517578,80.4000015258789,81.62999725341797,54.86777877807617,2658400
2015-05-15,PSX,81.54000091552734,81.54000091552734,80.86000061035156,81.05000305175781,54.4779167175293,2046500
2015-05-15,PSX,81.54000091552734,81.54000091552734,80.86000061035156,81.05000305175781,54.4779167175293,2046500
2015-05-18,PSX,81.11000061035156,81.55999755859375,80.5199966430664,81.33000183105469,54.666133880615234,2015000
2015-05-18,PSX,81.11000061035156,81.55999755859375,80.5199966430664,81.33000183105469,54.666133880615234,2015000
2015-05-19,PSX,80.9000015258789,81.0999984741211,80.2300033569336,80.69999694824219,54.2426643371582,2549200
2015-05-19,PSX,80.9000015258789,81.0999984741211,80.2300033569336,80.69999694824219,54.2426643371582,2549200
2015-05-20,PSX,80.73999786376953,81.22000122070312,80.13999938964844,80.5199966430664,54.121673583984375,2551000
2015-05-20,PSX,80.73999786376953,81.22000122070312,80.13999938964844,80.5199966430664,54.121673583984375,2551000
2015-05-21,PSX,80.69000244140625,81.37999725341797,80.2699966430664,81.0,54.444313049316406,2289400
2015-05-21,PSX,80.69000244140625,81.37999725341797,80.2699966430664,81.0,54.444313049316406,2289400
2015-05-22,PSX,80.62000274658203,81.08000183105469,80.51000213623047,80.97000122070312,54.42414093017578,1735000
2015-05-22,PSX,80.62000274658203,81.08000183105469,80.51000213623047,80.97000122070312,54.42414093017578,1735000
2015-05-26,PSX,80.16999816894531,80.37999725341797,78.87000274658203,79.36000061035156,53.34199142456055,3202900
2015-05-26,PSX,80.16999816894531,80.37999725341797,78.87000274658203,79.36000061035156,53.34199142456055,3202900
2015-05-27,PSX,79.81999969482422,80.37999725341797,78.87000274658203,79.19000244140625,53.22771835327149,3368500
2015-05-27,PSX,79.81999969482422,80.37999725341797,78.87000274658203,79.19000244140625,53.22771835327149,3368500
2015-05-28,PSX,78.94000244140625,79.66999816894531,77.9800033569336,79.55999755859375,53.47639846801758,3302200
2015-05-28,PSX,78.94000244140625,79.66999816894531,77.9800033569336,79.55999755859375,53.47639846801758,3302200
2015-05-29,PSX,79.55999755859375,80.54000091552734,78.9000015258789,79.12000274658203,53.1806640625,3734300
2015-05-29,PSX,79.55999755859375,80.54000091552734,78.9000015258789,79.12000274658203,53.1806640625,3734300
2015-06-01,PSX,79.55000305175781,80.25,79.19999694824219,79.3499984741211,53.33527755737305,3007400
2015-06-01,PSX,79.55000305175781,80.25,79.19999694824219,79.3499984741211,53.33527755737305,3007400
2015-06-02,PSX,79.37999725341797,79.5,78.47000122070312,79.0999984741211,53.16722869873047,3281600
2015-06-02,PSX,79.37999725341797,79.5,78.47000122070312,79.0999984741211,53.16722869873047,3281600
2015-06-03,PSX,78.79000091552734,78.86000061035156,77.72000122070312,78.30000305175781,52.6295166015625,3198400
2015-06-03,PSX,78.79000091552734,78.86000061035156,77.72000122070312,78.30000305175781,52.6295166015625,3198400
2015-06-04,PSX,77.70999908447266,78.06999969482422,77.18000030517578,77.37999725341797,52.01113128662109,2623000
2015-06-04,PSX,77.70999908447266,78.06999969482422,77.18000030517578,77.37999725341797,52.01113128662109,2623000
2015-06-05,PSX,77.23999786376953,78.61000061035156,77.16999816894531,78.05000305175781,52.46147537231445,1934400
2015-06-05,PSX,77.23999786376953,78.61000061035156,77.16999816894531,78.05000305175781,52.46147537231445,1934400
2015-06-08,PSX,77.11000061035156,77.76000213623047,76.83999633789062,77.18000030517578,51.87669372558594,3344500
2015-06-08,PSX,77.11000061035156,77.76000213623047,76.83999633789062,77.18000030517578,51.87669372558594,3344500
2015-06-09,PSX,77.33999633789062,77.80999755859375,76.7300033569336,76.79000091552734,51.61457443237305,3383300
2015-06-09,PSX,77.33999633789062,77.80999755859375,76.7300033569336,76.79000091552734,51.61457443237305,3383300
2015-06-10,PSX,77.41000366210938,78.3499984741211,77.18000030517578,77.80000305175781,52.293418884277344,3600200
2015-06-10,PSX,77.41000366210938,78.3499984741211,77.18000030517578,77.80000305175781,52.293418884277344,3600200
2015-06-11,PSX,77.9800033569336,79.29000091552734,77.4800033569336,78.66999816894531,52.87818145751953,3126400
2015-06-11,PSX,77.9800033569336,79.29000091552734,77.4800033569336,78.66999816894531,52.87818145751953,3126400
2015-06-12,PSX,78.16000366210938,78.33999633789062,76.94000244140625,77.6500015258789,52.19260025024414,2574600
2015-06-12,PSX,78.16000366210938,78.33999633789062,76.94000244140625,77.6500015258789,52.19260025024414,2574600
2015-06-15,PSX,77.69999694824219,78.08999633789062,77.16000366210938,78.08000183105469,52.481632232666016,2546600
2015-06-15,PSX,77.69999694824219,78.08999633789062,77.16000366210938,78.08000183105469,52.481632232666016,2546600
2015-06-16,PSX,78.0,78.44000244140625,77.2699966430664,78.38999938964844,52.69000244140625,2511000
2015-06-16,PSX,78.0,78.44000244140625,77.2699966430664,78.38999938964844,52.69000244140625,2511000
2015-06-17,PSX,79.1500015258789,79.66000366210938,77.91999816894531,78.83999633789062,52.99244689941406,2799100
2015-06-17,PSX,79.1500015258789,79.66000366210938,77.91999816894531,78.83999633789062,52.99244689941406,2799100
2015-06-18,PSX,78.91000366210938,80.4800033569336,78.80000305175781,80.02999877929688,53.79233551025391,2508100
2015-06-18,PSX,78.91000366210938,80.4800033569336,78.80000305175781,80.02999877929688,53.79233551025391,2508100
2015-06-19,PSX,79.58000183105469,80.62000274658203,79.58000183105469,79.66999816894531,53.55035781860352,3030700
2015-06-19,PSX,79.58000183105469,80.62000274658203,79.58000183105469,79.66999816894531,53.55035781860352,3030700
2015-06-22,PSX,80.0199966430664,80.0199966430664,78.94000244140625,79.5999984741211,53.50329208374024,3153000
2015-06-22,PSX,80.0199966430664,80.0199966430664,78.94000244140625,79.5999984741211,53.50329208374024,3153000
2015-06-23,PSX,79.80000305175781,80.5999984741211,79.55999755859375,80.30999755859375,53.98052978515625,2453100
2015-06-23,PSX,79.80000305175781,80.5999984741211,79.55999755859375,80.30999755859375,53.98052978515625,2453100
2015-06-24,PSX,79.69999694824219,80.12000274658203,78.95999908447266,79.19000244140625,53.22771835327149,3106400
2015-06-24,PSX,79.69999694824219,80.12000274658203,78.95999908447266,79.19000244140625,53.22771835327149,3106400
2015-06-25,PSX,79.19000244140625,79.5199966430664,78.80000305175781,78.88999938964844,53.02607727050781,2347100
2015-06-25,PSX,79.19000244140625,79.5199966430664,78.80000305175781,78.88999938964844,53.02607727050781,2347100
2015-06-26,PSX,78.80000305175781,79.66999816894531,78.55999755859375,79.62000274658203,53.51675415039063,8753600
2015-06-26,PSX,78.80000305175781,79.66999816894531,78.55999755859375,79.62000274658203,53.51675415039063,8753600
2015-06-29,PSX,78.75,79.41000366210938,78.45999908447266,78.48999786376953,52.75722122192383,4888300
2015-06-29,PSX,78.75,79.41000366210938,78.45999908447266,78.48999786376953,52.75722122192383,4888300
2015-06-30,PSX,79.23999786376953,81.36000061035156,79.18000030517578,80.55999755859375,54.148582458496094,4628100
2015-06-30,PSX,79.23999786376953,81.36000061035156,79.18000030517578,80.55999755859375,54.148582458496094,4628100
2015-07-01,PSX,80.63999938964844,81.86000061035156,80.5199966430664,81.30000305175781,54.645957946777344,3779600
2015-07-01,PSX,80.63999938964844,81.86000061035156,80.5199966430664,81.30000305175781,54.645957946777344,3779600
2015-07-02,PSX,81.47000122070312,82.18000030517578,81.0,81.44999694824219,54.74678421020508,3388900
2015-07-02,PSX,81.47000122070312,82.18000030517578,81.0,81.44999694824219,54.74678421020508,3388900
2015-07-06,PSX,80.38999938964844,81.79000091552734,79.75,81.54000091552734,54.807273864746094,3978700
2015-07-06,PSX,80.38999938964844,81.79000091552734,79.75,81.54000091552734,54.807273864746094,3978700
2015-07-07,PSX,81.9800033569336,82.62999725341797,79.91999816894531,82.3499984741211,55.35171127319336,4170700
2015-07-07,PSX,81.9800033569336,82.62999725341797,79.91999816894531,82.3499984741211,55.35171127319336,4170700
2015-07-08,PSX,81.8499984741211,81.86000061035156,78.05999755859375,78.5,52.76392364501953,4513100
2015-07-08,PSX,81.8499984741211,81.86000061035156,78.05999755859375,78.5,52.76392364501953,4513100
2015-07-09,PSX,79.5999984741211,80.0,79.19000244140625,79.44999694824219,53.40248107910156,3839200
2015-07-09,PSX,79.5999984741211,80.0,79.19000244140625,79.44999694824219,53.40248107910156,3839200
2015-07-10,PSX,79.86000061035156,81.83999633789062,79.66000366210938,81.48999786376953,54.773658752441406,3236100
2015-07-10,PSX,79.86000061035156,81.83999633789062,79.66000366210938,81.48999786376953,54.773658752441406,3236100
2015-07-13,PSX,82.05000305175781,84.23999786376953,82.05000305175781,83.41999816894531,56.07090759277344,4148900
2015-07-13,PSX,82.05000305175781,84.23999786376953,82.05000305175781,83.41999816894531,56.07090759277344,4148900
2015-07-14,PSX,82.88999938964844,84.38999938964844,82.88999938964844,83.5199966430664,56.138145446777344,4884500
2015-07-14,PSX,82.88999938964844,84.38999938964844,82.88999938964844,83.5199966430664,56.138145446777344,4884500
2015-07-15,PSX,82.79000091552734,83.3499984741211,81.41999816894531,81.7699966430664,54.96186828613281,3737700
2015-07-15,PSX,82.79000091552734,83.3499984741211,81.41999816894531,81.7699966430664,54.96186828613281,3737700
2015-07-16,PSX,82.41999816894531,83.44000244140625,82.0199966430664,83.20999908447266,55.92976379394531,3017300
2015-07-16,PSX,82.41999816894531,83.44000244140625,82.0199966430664,83.20999908447266,55.92976379394531,3017300
2015-07-17,PSX,83.20999908447266,83.30000305175781,82.0999984741211,83.23999786376953,55.94993209838867,2502100
2015-07-17,PSX,83.20999908447266,83.30000305175781,82.0999984741211,83.23999786376953,55.94993209838867,2502100
2015-07-20,PSX,83.12999725341797,83.25,82.23999786376953,82.33000183105469,55.33827590942383,3095200
2015-07-20,PSX,83.12999725341797,83.25,82.23999786376953,82.33000183105469,55.33827590942383,3095200
2015-07-21,PSX,82.30000305175781,83.0,81.4800033569336,81.9800033569336,55.10301971435547,2215000
2015-07-21,PSX,82.30000305175781,83.0,81.4800033569336,81.9800033569336,55.10301971435547,2215000
2015-07-22,PSX,81.83999633789062,82.86000061035156,81.19999694824219,81.83000183105469,55.00221252441406,3725600
2015-07-22,PSX,81.83999633789062,82.86000061035156,81.19999694824219,81.83000183105469,55.00221252441406,3725600
2015-07-23,PSX,82.11000061035156,82.4800033569336,81.22000122070312,81.38999938964844,54.70644760131836,2110100
2015-07-23,PSX,82.11000061035156,82.4800033569336,81.22000122070312,81.38999938964844,54.70644760131836,2110100
2015-07-24,PSX,81.33999633789062,81.55999755859375,78.30000305175781,79.02999877929688,53.12018203735352,5377100
2015-07-24,PSX,81.33999633789062,81.55999755859375,78.30000305175781,79.02999877929688,53.12018203735352,5377100
2015-07-27,PSX,78.0,78.04000091552734,75.44000244140625,76.72000122070312,51.5674934387207,7687900
2015-07-27,PSX,78.0,78.04000091552734,75.44000244140625,76.72000122070312,51.5674934387207,7687900
2015-07-28,PSX,76.80000305175781,79.06999969482422,76.41999816894531,78.6500015258789,52.86476516723633,4784200
2015-07-28,PSX,76.80000305175781,79.06999969482422,76.41999816894531,78.6500015258789,52.86476516723633,4784200
2015-07-29,PSX,78.55000305175781,80.18000030517578,78.44000244140625,80.02999877929688,53.79233551025391,4380000
2015-07-29,PSX,78.55000305175781,80.18000030517578,78.44000244140625,80.02999877929688,53.79233551025391,4380000
2015-07-30,PSX,79.48999786376953,79.9800033569336,78.37999725341797,79.12000274658203,53.1806640625,4040100
2015-07-30,PSX,79.48999786376953,79.9800033569336,78.37999725341797,79.12000274658203,53.1806640625,4040100
2015-07-31,PSX,78.47000122070312,80.62999725341797,77.91000366210938,79.5,53.43608474731445,3615800
2015-07-31,PSX,78.47000122070312,80.62999725341797,77.91000366210938,79.5,53.43608474731445,3615800
2015-08-03,PSX,78.66999816894531,80.22000122070312,78.25,78.68000030517578,52.88491439819336,4085500
2015-08-03,PSX,78.66999816894531,80.22000122070312,78.25,78.68000030517578,52.88491439819336,4085500
2015-08-04,PSX,79.11000061035156,79.44000244140625,78.08999633789062,78.26000213623047,52.60262680053711,3601300
2015-08-04,PSX,79.11000061035156,79.44000244140625,78.08999633789062,78.26000213623047,52.60262680053711,3601300
2015-08-05,PSX,79.56999969482422,80.44999694824219,78.19000244140625,78.27999877929688,52.61604309082031,3102700
2015-08-05,PSX,79.56999969482422,80.44999694824219,78.19000244140625,78.27999877929688,52.61604309082031,3102700
2015-08-06,PSX,78.44999694824219,79.86000061035156,77.94000244140625,79.63999938964844,53.53016662597656,4605300
2015-08-06,PSX,78.44999694824219,79.86000061035156,77.94000244140625,79.63999938964844,53.53016662597656,4605300
2015-08-07,PSX,79.2699966430664,80.61000061035156,78.97000122070312,79.62000274658203,53.51675415039063,2969400
2015-08-07,PSX,79.2699966430664,80.61000061035156,78.97000122070312,79.62000274658203,53.51675415039063,2969400
2015-08-10,PSX,80.06999969482422,82.52999877929688,80.0,82.5199966430664,55.46599197387695,3876700
2015-08-10,PSX,80.06999969482422,82.52999877929688,80.0,82.5199966430664,55.46599197387695,3876700
2015-08-11,PSX,81.06999969482422,83.80999755859375,80.9000015258789,83.69999694824219,56.25913238525391,3584100
2015-08-11,PSX,81.06999969482422,83.80999755859375,80.9000015258789,83.69999694824219,56.25913238525391,3584100
2015-08-12,PSX,83.37000274658203,84.8499984741211,82.12999725341797,84.31999969482422,56.67584609985352,5037900
2015-08-12,PSX,83.37000274658203,84.8499984741211,82.12999725341797,84.31999969482422,56.67584609985352,5037900
2015-08-13,PSX,83.19999694824219,84.4000015258789,82.48999786376953,83.08000183105469,56.21574783325195,4177400
2015-08-13,PSX,83.19999694824219,84.4000015258789,82.48999786376953,83.08000183105469,56.21574783325195,4177400
2015-08-14,PSX,82.69999694824219,83.5199966430664,81.81999969482422,82.30000305175781,55.687965393066406,3277000
2015-08-14,PSX,82.69999694824219,83.5199966430664,81.81999969482422,82.30000305175781,55.687965393066406,3277000
2015-08-17,PSX,81.91999816894531,83.12999725341797,81.66000366210938,83.05999755859375,56.20220565795898,2586100
2015-08-17,PSX,81.91999816894531,83.12999725341797,81.66000366210938,83.05999755859375,56.20220565795898,2586100
2015-08-18,PSX,82.68000030517578,83.56999969482422,82.37999725341797,83.25,56.33077239990234,2516800
2015-08-18,PSX,82.68000030517578,83.56999969482422,82.37999725341797,83.25,56.33077239990234,2516800
2015-08-19,PSX,82.69999694824219,82.93000030517578,80.37000274658203,80.80000305175781,54.67298126220703,4913600
2015-08-19,PSX,82.69999694824219,82.93000030517578,80.37000274658203,80.80000305175781,54.67298126220703,4913600
2015-08-20,PSX,80.23999786376953,81.77999877929688,79.41999816894531,79.52999877929688,53.81366729736328,3737800
2015-08-20,PSX,80.23999786376953,81.77999877929688,79.41999816894531,79.52999877929688,53.81366729736328,3737800
2015-08-21,PSX,78.69000244140625,79.08000183105469,75.66999816894531,75.73999786376953,51.249141693115234,7353200
2015-08-21,PSX,78.69000244140625,79.08000183105469,75.66999816894531,75.73999786376953,51.249141693115234,7353200
2015-08-24,PSX,71.93000030517578,73.81999969482422,69.79000091552734,71.66000366210938,48.48843765258789,7050100
2015-08-24,PSX,71.93000030517578,73.81999969482422,69.79000091552734,71.66000366210938,48.48843765258789,7050100
2015-08-25,PSX,73.62000274658203,74.12000274658203,70.4000015258789,70.55000305175781,47.73736953735352,4731500
2015-08-25,PSX,73.62000274658203,74.12000274658203,70.4000015258789,70.55000305175781,47.73736953735352,4731500
2015-08-26,PSX,72.5,73.37000274658203,70.55999755859375,73.30000305175781,49.59813690185547,4573100
2015-08-26,PSX,72.5,73.37000274658203,70.55999755859375,73.30000305175781,49.59813690185547,4573100
2015-08-27,PSX,75.02999877929688,76.54000091552734,73.16999816894531,75.0199966430664,50.76197052001953,5814300
2015-08-27,PSX,75.02999877929688,76.54000091552734,73.16999816894531,75.0199966430664,50.76197052001953,5814300
2015-08-28,PSX,75.13999938964844,77.26000213623047,75.0999984741211,77.2300033569336,52.25736618041992,4889900
2015-08-28,PSX,75.13999938964844,77.26000213623047,75.0999984741211,77.2300033569336,52.25736618041992,4889900
2015-08-31,PSX,79.5,80.13999938964844,77.27999877929688,79.06999969482422,53.50237655639648,8614300
2015-08-31,PSX,79.5,80.13999938964844,77.27999877929688,79.06999969482422,53.50237655639648,8614300
2015-09-01,PSX,78.12999725341797,78.41999816894531,76.80999755859375,77.58999633789062,52.50094223022461,5302200
2015-09-01,PSX,78.12999725341797,78.41999816894531,76.80999755859375,77.58999633789062,52.50094223022461,5302200
2015-09-02,PSX,79.13999938964844,79.18000030517578,76.8499984741211,78.55999755859375,53.15729141235352,3621900
2015-09-02,PSX,79.13999938964844,79.18000030517578,76.8499984741211,78.55999755859375,53.15729141235352,3621900
2015-09-03,PSX,79.0999984741211,80.05999755859375,77.7699966430664,78.45999908447266,53.08965301513672,3358300
2015-09-03,PSX,79.0999984741211,80.05999755859375,77.7699966430664,78.45999908447266,53.08965301513672,3358300
2015-09-04,PSX,77.5,78.01000213623047,76.70999908447266,77.19999694824219,52.237060546875,4266100
2015-09-04,PSX,77.5,78.01000213623047,76.70999908447266,77.19999694824219,52.237060546875,4266100
2015-09-08,PSX,78.20999908447266,79.97000122070312,77.01000213623047,79.87999725341797,54.05047607421875,6212500
2015-09-08,PSX,78.20999908447266,79.97000122070312,77.01000213623047,79.87999725341797,54.05047607421875,6212500
2015-09-09,PSX,80.05999755859375,82.75,79.95999908447266,80.6500015258789,54.57150268554688,6346100
2015-09-09,PSX,80.05999755859375,82.75,79.95999908447266,80.6500015258789,54.57150268554688,6346100
2015-09-10,PSX,81.20999908447266,82.06999969482422,80.11000061035156,81.0199966430664,54.82184600830078,4424900
2015-09-10,PSX,81.20999908447266,82.06999969482422,80.11000061035156,81.0199966430664,54.82184600830078,4424900
2015-09-11,PSX,80.83000183105469,80.9800033569336,79.72000122070312,80.5999984741211,54.53764343261719,3950700
2015-09-11,PSX,80.83000183105469,80.9800033569336,79.72000122070312,80.5999984741211,54.53764343261719,3950700
2015-09-14,PSX,80.52999877929688,80.52999877929688,78.05000305175781,78.20999908447266,52.92047119140625,4261200
2015-09-14,PSX,80.52999877929688,80.52999877929688,78.05000305175781,78.20999908447266,52.92047119140625,4261200
2015-09-15,PSX,78.4000015258789,79.63999938964844,77.7300033569336,79.20999908447266,53.597129821777344,4053900
2015-09-15,PSX,78.4000015258789,79.63999938964844,77.7300033569336,79.20999908447266,53.597129821777344,4053900
2015-09-16,PSX,79.4000015258789,79.58999633789062,78.25,79.19000244140625,53.583587646484375,4018400
2015-09-16,PSX,79.4000015258789,79.58999633789062,78.25,79.19000244140625,53.583587646484375,4018400
2015-09-17,PSX,79.4800033569336,80.76000213623047,78.37999725341797,79.30999755859375,53.66477584838867,4060300
2015-09-17,PSX,79.4800033569336,80.76000213623047,78.37999725341797,79.30999755859375,53.66477584838867,4060300
2015-09-18,PSX,78.08999633789062,79.55999755859375,77.80000305175781,78.58999633789062,53.17760467529297,12950800
2015-09-18,PSX,78.08999633789062,79.55999755859375,77.80000305175781,78.58999633789062,53.17760467529297,12950800
2015-09-21,PSX,78.80999755859375,80.5,78.4800033569336,79.26000213623047,53.63096237182617,3399100
2015-09-21,PSX,78.80999755859375,80.5,78.4800033569336,79.26000213623047,53.63096237182617,3399100
2015-09-22,PSX,78.12000274658203,78.75,77.76000213623047,78.16999816894531,52.89339447021485,2957200
2015-09-22,PSX,78.12000274658203,78.75,77.76000213623047,78.16999816894531,52.89339447021485,2957200
2015-09-23,PSX,78.55000305175781,79.52999877929688,77.81999969482422,77.8499984741211,52.67687225341797,2485200
2015-09-23,PSX,78.55000305175781,79.52999877929688,77.81999969482422,77.8499984741211,52.67687225341797,2485200
2015-09-24,PSX,77.61000061035156,78.41999816894531,76.51000213623047,77.6500015258789,52.54155349731445,3727500
2015-09-24,PSX,77.61000061035156,78.41999816894531,76.51000213623047,77.6500015258789,52.54155349731445,3727500
2015-09-25,PSX,78.18000030517578,78.80000305175781,77.26000213623047,77.94000244140625,52.73777770996094,3193100
2015-09-25,PSX,78.18000030517578,78.80000305175781,77.26000213623047,77.94000244140625,52.73777770996094,3193100
2015-09-28,PSX,77.45999908447266,78.06999969482422,73.93000030517578,74.11000061035156,50.14623641967773,4161900
2015-09-28,PSX,77.45999908447266,78.06999969482422,73.93000030517578,74.11000061035156,50.14623641967773,4161900
2015-09-29,PSX,74.80999755859375,75.98999786376953,74.25,74.51000213623047,50.41689300537109,4335400
2015-09-29,PSX,74.80999755859375,75.98999786376953,74.25,74.51000213623047,50.41689300537109,4335400
2015-09-30,PSX,76.20999908447266,77.27999877929688,75.44999694824219,76.83999633789062,51.99348449707031,3901000
2015-09-30,PSX,76.20999908447266,77.27999877929688,75.44999694824219,76.83999633789062,51.99348449707031,3901000
2015-10-01,PSX,77.62999725341797,78.4800033569336,76.5199966430664,77.93000030517578,52.73101043701172,3044000
2015-10-01,PSX,77.62999725341797,78.4800033569336,76.5199966430664,77.93000030517578,52.73101043701172,3044000
2015-10-02,PSX,77.11000061035156,79.4800033569336,76.44999694824219,79.4800033569336,53.77982711791992,2467100
2015-10-02,PSX,77.11000061035156,79.4800033569336,76.44999694824219,79.4800033569336,53.77982711791992,2467100
2015-10-05,PSX,79.94000244140625,82.29000091552734,79.87999725341797,81.81999969482422,55.36315536499024,3449600
2015-10-05,PSX,79.94000244140625,82.29000091552734,79.87999725341797,81.81999969482422,55.36315536499024,3449600
2015-10-06,PSX,81.70999908447266,83.48999786376953,81.62000274658203,82.58000183105469,55.877418518066406,5355200
2015-10-06,PSX,81.70999908447266,83.48999786376953,81.62000274658203,82.58000183105469,55.877418518066406,5355200
2015-10-07,PSX,82.93000030517578,83.79000091552734,81.26000213623047,83.23999786376953,56.32401657104492,4013700
2015-10-07,PSX,82.93000030517578,83.79000091552734,81.26000213623047,83.23999786376953,56.32401657104492,4013700
2015-10-08,PSX,82.97000122070312,84.87000274658203,82.37000274658203,84.58000183105469,57.230716705322266,3179500
2015-10-08,PSX,82.97000122070312,84.87000274658203,82.37000274658203,84.58000183105469,57.230716705322266,3179500
2015-10-09,PSX,84.61000061035156,84.79000091552734,82.51000213623047,83.5199966430664,56.51347351074219,3104300
2015-10-09,PSX,84.61000061035156,84.79000091552734,82.51000213623047,83.5199966430664,56.51347351074219,3104300
2015-10-12,PSX,83.75,84.0,82.7300033569336,83.87000274658203,56.75029373168945,1791100
2015-10-12,PSX,83.75,84.0,82.7300033569336,83.87000274658203,56.75029373168945,1791100
2015-10-13,PSX,83.0,83.95999908447266,82.01000213623047,82.16000366210938,55.593223571777344,3322200
2015-10-13,PSX,83.0,83.95999908447266,82.01000213623047,82.16000366210938,55.593223571777344,3322200
2015-10-14,PSX,82.16000366210938,83.4000015258789,81.66999816894531,82.47000122070312,55.8029899597168,2172100
2015-10-14,PSX,82.16000366210938,83.4000015258789,81.66999816894531,82.47000122070312,55.8029899597168,2172100
2015-10-15,PSX,83.02999877929688,83.88999938964844,81.86000061035156,83.48999786376953,56.49315643310547,2289700
2015-10-15,PSX,83.02999877929688,83.88999938964844,81.86000061035156,83.48999786376953,56.49315643310547,2289700
2015-10-16,PSX,84.02999877929688,84.7699966430664,83.44000244140625,84.12000274658203,56.91944885253906,2679000
2015-10-16,PSX,84.02999877929688,84.7699966430664,83.44000244140625,84.12000274658203,56.91944885253906,2679000
2015-10-19,PSX,83.41999816894531,83.69999694824219,81.4800033569336,81.62000274658203,55.22784805297852,3054100
2015-10-19,PSX,83.41999816894531,83.69999694824219,81.4800033569336,81.62000274658203,55.22784805297852,3054100
2015-10-20,PSX,81.31999969482422,81.83000183105469,80.08000183105469,81.5999984741211,55.21429061889648,2896000
2015-10-20,PSX,81.31999969482422,81.83000183105469,80.08000183105469,81.5999984741211,55.21429061889648,2896000
2015-10-21,PSX,81.87999725341797,81.9000015258789,80.2300033569336,80.5,54.46997833251953,2347500
2015-10-21,PSX,81.87999725341797,81.9000015258789,80.2300033569336,80.5,54.46997833251953,2347500
2015-10-22,PSX,81.33000183105469,82.8499984741211,80.7300033569336,82.61000061035156,55.897708892822266,3323800
2015-10-22,PSX,81.33000183105469,82.8499984741211,80.7300033569336,82.61000061035156,55.897708892822266,3323800
2015-10-23,PSX,82.61000061035156,84.44999694824219,82.41000366210938,83.3499984741211,56.3984375,2522900
2015-10-23,PSX,82.61000061035156,84.44999694824219,82.41000366210938,83.3499984741211,56.3984375,2522900
2015-10-26,PSX,83.30999755859375,83.68000030517578,82.41000366210938,83.0,56.16160202026367,3124300
2015-10-26,PSX,83.30999755859375,83.68000030517578,82.41000366210938,83.0,56.16160202026367,3124300
2015-10-27,PSX,82.33999633789062,83.55999755859375,82.05999755859375,83.55999755859375,56.54051971435547,2595800
2015-10-27,PSX,82.33999633789062,83.55999755859375,82.05999755859375,83.55999755859375,56.54051971435547,2595800
2015-10-28,PSX,83.69000244140625,85.33000183105469,83.33999633789062,84.88999938964844,57.44049072265625,2672500
2015-10-28,PSX,83.69000244140625,85.33000183105469,83.33999633789062,84.88999938964844,57.44049072265625,2672500
2015-10-29,PSX,84.5199966430664,86.91999816894531,84.5199966430664,86.43000030517578,58.48250198364258,3568900
2015-10-29,PSX,84.5199966430664,86.91999816894531,84.5199966430664,86.43000030517578,58.48250198364258,3568900
2015-10-30,PSX,88.31999969482422,90.81999969482422,87.30000305175781,89.05000305175781,60.25531005859375,7125400
2015-10-30,PSX,88.31999969482422,90.81999969482422,87.30000305175781,89.05000305175781,60.25531005859375,7125400
2015-11-02,PSX,88.38999938964844,91.5,88.30000305175781,90.5999984741211,61.30411911010742,4939700
2015-11-02,PSX,88.38999938964844,91.5,88.30000305175781,90.5999984741211,61.30411911010742,4939700
2015-11-03,PSX,90.72000122070312,93.29000091552734,90.18000030517578,92.66999816894533,62.70475769042969,3636600
2015-11-03,PSX,90.72000122070312,93.29000091552734,90.18000030517578,92.66999816894533,62.70475769042969,3636600
2015-11-04,PSX,93.0,94.12000274658205,92.5,93.33000183105467,63.15134811401367,3933900
2015-11-04,PSX,93.0,94.12000274658205,92.5,93.33000183105467,63.15134811401367,3933900
2015-11-05,PSX,93.33999633789062,93.9499969482422,92.61000061035156,93.68000030517578,63.3881950378418,3115200
2015-11-05,PSX,93.33999633789062,93.9499969482422,92.61000061035156,93.68000030517578,63.3881950378418,3115200
2015-11-06,PSX,93.20999908447266,93.72000122070312,92.04000091552734,92.75,62.75889205932617,2447100
2015-11-06,PSX,93.20999908447266,93.72000122070312,92.04000091552734,92.75,62.75889205932617,2447100
2015-11-09,PSX,92.75,94.0,91.38999938964844,92.01000213623048,62.25819778442383,2730500
2015-11-09,PSX,92.75,94.0,91.38999938964844,92.01000213623048,62.25819778442383,2730500
2015-11-10,PSX,91.38999938964844,92.94000244140624,90.91000366210938,92.0999984741211,62.7006950378418,2299200
2015-11-10,PSX,91.38999938964844,92.94000244140624,90.91000366210938,92.0999984741211,62.7006950378418,2299200
2015-11-11,PSX,91.80999755859376,92.72000122070312,90.41000366210938,90.58999633789062,61.67269134521485,2590000
2015-11-11,PSX,91.80999755859376,92.72000122070312,90.41000366210938,90.58999633789062,61.67269134521485,2590000
2015-11-12,PSX,89.95999908447266,89.95999908447266,88.41000366210938,89.23999786376953,60.75362777709961,2692300
2015-11-12,PSX,89.95999908447266,89.95999908447266,88.41000366210938,89.23999786376953,60.75362777709961,2692300
2015-11-13,PSX,89.26000213623047,89.95999908447266,87.91999816894531,89.08000183105469,60.64473342895508,3080000
2015-11-13,PSX,89.26000213623047,89.95999908447266,87.91999816894531,89.08000183105469,60.64473342895508,3080000
2015-11-16,PSX,88.9800033569336,91.0999984741211,88.33000183105469,91.06999969482422,61.999488830566406,2743500
2015-11-16,PSX,88.9800033569336,91.0999984741211,88.33000183105469,91.06999969482422,61.999488830566406,2743500
2015-11-17,PSX,90.7699966430664,91.9800033569336,90.48999786376952,91.12000274658205,62.03353118896485,2306700
2015-11-17,PSX,90.7699966430664,91.9800033569336,90.48999786376952,91.12000274658205,62.03353118896485,2306700
2015-11-18,PSX,91.27999877929688,92.72000122070312,91.26000213623048,92.54000091552734,63.000244140625,1857500
2015-11-18,PSX,91.27999877929688,92.72000122070312,91.26000213623048,92.54000091552734,63.000244140625,1857500
2015-11-19,PSX,92.36000061035156,92.9800033569336,91.62999725341795,92.37999725341795,62.89131164550781,2367400
2015-11-19,PSX,92.36000061035156,92.9800033569336,91.62999725341795,92.37999725341795,62.89131164550781,2367400
2015-11-20,PSX,92.5500030517578,92.98999786376952,91.5199966430664,91.66999816894533,62.40795135498047,2758700
2015-11-20,PSX,92.5500030517578,92.98999786376952,91.5199966430664,91.66999816894533,62.40795135498047,2758700
2015-11-23,PSX,90.48999786376952,92.5,90.4800033569336,92.16999816894533,62.748348236083984,2725700
2015-11-23,PSX,90.48999786376952,92.5,90.4800033569336,92.16999816894533,62.748348236083984,2725700
2015-11-24,PSX,92.0999984741211,93.91000366210938,91.54000091552734,93.12999725341795,63.40193176269531,2807400
2015-11-24,PSX,92.0999984741211,93.91000366210938,91.54000091552734,93.12999725341795,63.40193176269531,2807400
2015-11-25,PSX,93.06999969482422,94.05999755859376,92.76000213623048,92.7699966430664,63.15681838989258,1949500
2015-11-25,PSX,93.06999969482422,94.05999755859376,92.76000213623048,92.7699966430664,63.15681838989258,1949500
2015-11-27,PSX,92.29000091552734,93.30999755859376,92.11000061035156,92.76000213623048,63.15001678466797,769900
2015-11-27,PSX,92.29000091552734,93.30999755859376,92.11000061035156,92.76000213623048,63.15001678466797,769900
2015-11-30,PSX,93.08999633789062,93.45999908447266,91.33999633789062,91.52999877929688,62.31267547607422,4113100
2015-11-30,PSX,93.08999633789062,93.45999908447266,91.33999633789062,91.52999877929688,62.31267547607422,4113100
2015-12-01,PSX,92.33000183105467,92.9499969482422,91.20999908447266,92.66999816894533,63.08873748779297,2580500
2015-12-01,PSX,92.33000183105467,92.9499969482422,91.20999908447266,92.66999816894533,63.08873748779297,2580500
2015-12-02,PSX,92.16000366210938,93.0,90.08000183105467,90.44000244140624,61.57060241699219,3024700
2015-12-02,PSX,92.16000366210938,93.0,90.08000183105467,90.44000244140624,61.57060241699219,3024700
2015-12-03,PSX,91.0,91.27999877929688,88.19999694824219,88.56999969482422,60.29751205444336,2834600
2015-12-03,PSX,91.0,91.27999877929688,88.19999694824219,88.56999969482422,60.29751205444336,2834600
2015-12-04,PSX,90.3499984741211,90.66999816894533,88.69999694824219,90.1999969482422,61.40721893310547,3025900
2015-12-04,PSX,90.3499984741211,90.66999816894533,88.69999694824219,90.1999969482422,61.40721893310547,3025900
2015-12-07,PSX,88.62000274658203,89.45999908447266,85.72000122070312,86.69000244140625,59.01765060424805,5261600
2015-12-07,PSX,88.62000274658203,89.45999908447266,85.72000122070312,86.69000244140625,59.01765060424805,5261600
2015-12-08,PSX,85.56999969482422,87.43000030517578,85.11000061035156,86.44999694824219,58.854248046875,3427300
2015-12-08,PSX,85.56999969482422,87.43000030517578,85.11000061035156,86.44999694824219,58.854248046875,3427300
2015-12-09,PSX,86.51000213623047,87.8499984741211,85.19999694824219,86.08999633789062,58.6091423034668,2916800
2015-12-09,PSX,86.51000213623047,87.8499984741211,85.19999694824219,86.08999633789062,58.6091423034668,2916800
2015-12-10,PSX,86.4800033569336,87.55000305175781,85.68000030517578,86.75,59.05847930908203,2694500
2015-12-10,PSX,86.4800033569336,87.55000305175781,85.68000030517578,86.75,59.05847930908203,2694500
2015-12-11,PSX,85.45999908447266,85.91000366210938,82.5199966430664,82.77999877929688,56.355735778808594,4232800
2015-12-11,PSX,85.45999908447266,85.91000366210938,82.5199966430664,82.77999877929688,56.355735778808594,4232800
2015-12-14,PSX,82.31999969482422,82.83000183105469,80.27999877929688,81.4000015258789,55.41624450683594,5113500
2015-12-14,PSX,82.31999969482422,82.83000183105469,80.27999877929688,81.4000015258789,55.41624450683594,5113500
2015-12-15,PSX,82.41999816894531,83.30000305175781,81.41999816894531,81.77999877929688,55.67495346069336,5233100
2015-12-15,PSX,82.41999816894531,83.30000305175781,81.41999816894531,81.77999877929688,55.67495346069336,5233100
2015-12-16,PSX,81.55000305175781,83.4000015258789,81.55000305175781,83.05999755859375,56.5463752746582,3981600
2015-12-16,PSX,81.55000305175781,83.4000015258789,81.55000305175781,83.05999755859375,56.5463752746582,3981600
2015-12-17,PSX,83.0,83.33999633789062,81.76000213623047,81.77999877929688,55.67495346069336,3147700
2015-12-17,PSX,83.0,83.33999633789062,81.76000213623047,81.77999877929688,55.67495346069336,3147700
2015-12-18,PSX,81.5,81.77999877929688,79.68000030517578,80.55999755859375,54.84439468383789,6246600
2015-12-18,PSX,81.5,81.77999877929688,79.68000030517578,80.55999755859375,54.84439468383789,6246600
2015-12-21,PSX,81.0199966430664,81.2699966430664,79.47000122070312,80.62000274658203,54.885231018066406,2809400
2015-12-21,PSX,81.0199966430664,81.2699966430664,79.47000122070312,80.62000274658203,54.885231018066406,2809400
2015-12-22,PSX,80.91999816894531,82.27999877929688,80.66999816894531,81.69999694824219,55.62049102783203,2623100
2015-12-22,PSX,80.91999816894531,82.27999877929688,80.66999816894531,81.69999694824219,55.62049102783203,2623100
2015-12-23,PSX,82.70999908447266,84.8499984741211,82.13999938964844,84.80000305175781,57.73092269897461,3113800
2015-12-23,PSX,82.70999908447266,84.8499984741211,82.13999938964844,84.80000305175781,57.73092269897461,3113800
2015-12-24,PSX,84.52999877929688,84.9800033569336,83.80999755859375,84.36000061035156,57.43140411376953,1054200
2015-12-24,PSX,84.52999877929688,84.9800033569336,83.80999755859375,84.36000061035156,57.43140411376953,1054200
2015-12-28,PSX,83.18000030517578,83.55999755859375,81.91000366210938,82.45999908447266,56.13787841796875,1690500
2015-12-28,PSX,83.18000030517578,83.55999755859375,81.91000366210938,82.45999908447266,56.13787841796875,1690500
2015-12-29,PSX,83.72000122070312,83.87000274658203,82.58000183105469,82.7699966430664,56.34891891479492,1906100
2015-12-29,PSX,83.72000122070312,83.87000274658203,82.58000183105469,82.7699966430664,56.34891891479492,1906100
2015-12-30,PSX,82.30999755859375,83.41000366210938,81.87000274658203,82.01000213623047,55.83153533935547,1527700
2015-12-30,PSX,82.30999755859375,83.41000366210938,81.87000274658203,82.01000213623047,55.83153533935547,1527700
2015-12-31,PSX,81.5,82.41000366210938,81.20999908447266,81.80000305175781,55.68856430053711,2095800
2015-12-31,PSX,81.5,82.41000366210938,81.20999908447266,81.80000305175781,55.68856430053711,2095800
2016-01-04,PSX,81.20999908447266,81.88999938964844,79.36000061035156,80.08000183105469,54.517608642578125,3251400
2016-01-04,PSX,81.20999908447266,81.88999938964844,79.36000061035156,80.08000183105469,54.517608642578125,3251400
2016-01-05,PSX,80.37000274658203,81.19000244140625,80.05000305175781,81.0,55.14393997192383,2849900
2016-01-05,PSX,80.37000274658203,81.19000244140625,80.05000305175781,81.0,55.14393997192383,2849900
2016-01-06,PSX,79.12000274658203,80.0,77.5999984741211,78.02999877929688,53.12200546264648,4273300
2016-01-06,PSX,79.12000274658203,80.0,77.5999984741211,78.02999877929688,53.12200546264648,4273300
2016-01-07,PSX,76.66999816894531,78.11000061035156,75.94999694824219,76.44999694824219,52.04635620117188,6358000
2016-01-07,PSX,76.66999816894531,78.11000061035156,75.94999694824219,76.44999694824219,52.04635620117188,6358000
2016-01-08,PSX,76.91999816894531,77.18000030517578,75.1500015258789,75.20999908447266,51.20217514038086,6010000
2016-01-08,PSX,76.91999816894531,77.18000030517578,75.1500015258789,75.20999908447266,51.20217514038086,6010000
2016-01-11,PSX,75.86000061035156,77.51000213623047,74.37000274658203,76.18000030517578,51.862525939941406,4356000
2016-01-11,PSX,75.86000061035156,77.51000213623047,74.37000274658203,76.18000030517578,51.862525939941406,4356000
2016-01-12,PSX,76.70999908447266,78.37999725341797,76.0,77.81999969482422,52.97903060913086,5370100
2016-01-12,PSX,76.70999908447266,78.37999725341797,76.0,77.81999969482422,52.97903060913086,5370100
2016-01-13,PSX,78.91000366210938,78.93000030517578,74.54000091552734,75.25,51.229400634765625,6500200
2016-01-13,PSX,78.91000366210938,78.93000030517578,74.54000091552734,75.25,51.229400634765625,6500200
2016-01-14,PSX,75.93000030517578,80.08000183105469,74.31999969482422,79.27999877929688,53.97296142578125,5363500
2016-01-14,PSX,75.93000030517578,80.08000183105469,74.31999969482422,79.27999877929688,53.97296142578125,5363500
2016-01-15,PSX,76.91999816894531,78.5999984741211,76.61000061035156,78.47000122070312,53.42155075073242,5343200
2016-01-15,PSX,76.91999816894531,78.5999984741211,76.61000061035156,78.47000122070312,53.42155075073242,5343200
2016-01-19,PSX,80.37999725341797,80.63999938964844,77.4800033569336,78.66999816894531,53.55768966674805,4574300
2016-01-19,PSX,80.37999725341797,80.63999938964844,77.4800033569336,78.66999816894531,53.55768966674805,4574300
2016-01-20,PSX,76.9000015258789,78.20999908447266,75.37000274658203,76.93000030517578,52.37311935424805,5169900
2016-01-20,PSX,76.9000015258789,78.20999908447266,75.37000274658203,76.93000030517578,52.37311935424805,5169900
2016-01-21,PSX,76.70999908447266,77.2300033569336,75.29000091552734,76.04000091552734,51.76723861694336,4360700
2016-01-21,PSX,76.70999908447266,77.2300033569336,75.29000091552734,76.04000091552734,51.76723861694336,4360700
2016-01-22,PSX,78.44999694824219,80.9000015258789,77.5999984741211,80.02999877929688,54.48357772827149,4035600
2016-01-22,PSX,78.44999694824219,80.9000015258789,77.5999984741211,80.02999877929688,54.48357772827149,4035600
2016-01-25,PSX,79.06999969482422,79.73999786376953,76.16999816894531,76.2300033569336,51.89659118652344,4273700
2016-01-25,PSX,79.06999969482422,79.73999786376953,76.16999816894531,76.2300033569336,51.89659118652344,4273700
2016-01-26,PSX,76.91000366210938,77.80000305175781,76.19000244140625,77.76000213623047,52.93819046020508,3177200
2016-01-26,PSX,76.91000366210938,77.80000305175781,76.19000244140625,77.76000213623047,52.93819046020508,3177200
2016-01-27,PSX,77.13999938964844,79.7699966430664,76.41999816894531,77.7300033569336,52.91775894165039,4782100
2016-01-27,PSX,77.13999938964844,79.7699966430664,76.41999816894531,77.7300033569336,52.91775894165039,4782100
2016-01-28,PSX,79.23999786376953,80.0,77.0,78.69999694824219,53.5781135559082,5161000
2016-01-28,PSX,79.23999786376953,80.0,77.0,78.69999694824219,53.5781135559082,5161000
2016-01-29,PSX,78.0999984741211,80.2300033569336,75.80000305175781,80.1500015258789,54.565277099609375,7448400
2016-01-29,PSX,78.0999984741211,80.2300033569336,75.80000305175781,80.1500015258789,54.565277099609375,7448400
2016-02-01,PSX,79.68000030517578,80.66000366210938,77.81999969482422,79.4800033569336,54.1091423034668,4487700
2016-02-01,PSX,79.68000030517578,80.66000366210938,77.81999969482422,79.4800033569336,54.1091423034668,4487700
2016-02-02,PSX,78.58000183105469,79.44000244140625,77.80000305175781,78.5,53.44195938110352,4295400
2016-02-02,PSX,78.58000183105469,79.44000244140625,77.80000305175781,78.5,53.44195938110352,4295400
2016-02-03,PSX,79.51000213623047,79.94000244140625,76.76000213623047,79.0999984741211,53.85043716430664,7337500
2016-02-03,PSX,79.51000213623047,79.94000244140625,76.76000213623047,79.0999984741211,53.85043716430664,7337500
2016-02-04,PSX,79.08999633789062,80.91999816894531,78.5999984741211,79.87999725341797,54.38145446777344,5657700
2016-02-04,PSX,79.08999633789062,80.91999816894531,78.5999984741211,79.87999725341797,54.38145446777344,5657700
2016-02-05,PSX,79.62999725341797,80.4800033569336,77.91999816894531,78.33000183105469,53.32622528076172,4650400
2016-02-05,PSX,79.62999725341797,80.4800033569336,77.91999816894531,78.33000183105469,53.32622528076172,4650400
2016-02-08,PSX,78.33000183105469,78.33000183105469,73.30000305175781,76.27999877929688,51.93061828613281,7979800
2016-02-08,PSX,78.33000183105469,78.33000183105469,73.30000305175781,76.27999877929688,51.93061828613281,7979800
2016-02-09,PSX,75.7699966430664,76.62000274658203,74.66999816894531,75.44000244140625,51.3587532043457,4348600
2016-02-09,PSX,75.7699966430664,76.62000274658203,74.66999816894531,75.44000244140625,51.3587532043457,4348600
2016-02-10,PSX,76.0199966430664,77.0999984741211,74.66999816894531,75.29000091552734,51.25664138793945,5693400
2016-02-10,PSX,76.0199966430664,77.0999984741211,74.66999816894531,75.29000091552734,51.25664138793945,5693400
2016-02-11,PSX,73.52999877929688,75.04000091552734,71.73999786376953,72.9000015258789,50.00144577026367,7720800
2016-02-11,PSX,73.52999877929688,75.04000091552734,71.73999786376953,72.9000015258789,50.00144577026367,7720800
2016-02-12,PSX,74.0,75.31999969482422,73.83999633789062,75.19999694824219,51.57900238037109,4217700
2016-02-12,PSX,74.0,75.31999969482422,73.83999633789062,75.19999694824219,51.57900238037109,4217700
2016-02-16,PSX,76.76000213623047,78.27999877929688,75.86000061035156,78.25,53.67096328735352,5690300
2016-02-16,PSX,76.76000213623047,78.27999877929688,75.86000061035156,78.25,53.67096328735352,5690300
2016-02-17,PSX,79.08999633789062,80.88999938964844,78.87999725341797,80.58999633789062,55.27593994140625,4464600
2016-02-17,PSX,79.08999633789062,80.88999938964844,78.87999725341797,80.58999633789062,55.27593994140625,4464600
2016-02-18,PSX,81.33999633789062,81.75,78.88999938964844,79.44000244140625,54.48715591430664,4609000
2016-02-18,PSX,81.33999633789062,81.75,78.88999938964844,79.44000244140625,54.48715591430664,4609000
2016-02-19,PSX,78.75,80.18000030517578,78.38999938964844,80.08999633789062,54.933013916015625,3173500
2016-02-19,PSX,78.75,80.18000030517578,78.38999938964844,80.08999633789062,54.933013916015625,3173500
2016-02-22,PSX,80.08999633789062,81.41999816894531,80.08999633789062,80.87000274658203,55.46799850463867,3278100
2016-02-22,PSX,80.08999633789062,81.41999816894531,80.08999633789062,80.87000274658203,55.46799850463867,3278100
2016-02-23,PSX,80.4000015258789,80.61000061035156,78.52999877929688,78.55999755859375,53.883583068847656,3323400
2016-02-23,PSX,80.4000015258789,80.61000061035156,78.52999877929688,78.55999755859375,53.883583068847656,3323400
2016-02-24,PSX,77.5199966430664,79.1500015258789,77.3499984741211,79.08999633789062,54.24711990356445,3667200
2016-02-24,PSX,77.5199966430664,79.1500015258789,77.3499984741211,79.08999633789062,54.24711990356445,3667200
2016-02-25,PSX,79.25,79.33000183105469,77.62000274658203,78.76000213623047,54.02076721191406,3297200
2016-02-25,PSX,79.25,79.33000183105469,77.62000274658203,78.76000213623047,54.02076721191406,3297200
2016-02-26,PSX,79.5199966430664,80.19000244140625,78.91999816894531,79.0999984741211,54.25397109985352,2490100
2016-02-26,PSX,79.5199966430664,80.19000244140625,78.91999816894531,79.0999984741211,54.25397109985352,2490100
2016-02-29,PSX,79.4000015258789,80.37999725341797,78.93000030517578,79.38999938964844,54.45287322998047,3106400
2016-02-29,PSX,79.4000015258789,80.37999725341797,78.93000030517578,79.38999938964844,54.45287322998047,3106400
2016-03-01,PSX,80.01000213623047,83.79000091552734,79.69999694824219,83.41000366210938,57.21015548706055,6029000
2016-03-01,PSX,80.01000213623047,83.79000091552734,79.69999694824219,83.41000366210938,57.21015548706055,6029000
2016-03-02,PSX,83.1500015258789,84.63999938964844,82.83999633789062,84.56999969482422,58.00579071044922,3585500
2016-03-02,PSX,83.1500015258789,84.63999938964844,82.83999633789062,84.56999969482422,58.00579071044922,3585500
2016-03-03,PSX,84.94000244140625,86.58000183105469,84.55000305175781,86.08999633789062,59.04833984375,3831300
2016-03-03,PSX,84.94000244140625,86.58000183105469,84.55000305175781,86.08999633789062,59.04833984375,3831300
2016-03-04,PSX,86.5,86.5999984741211,84.83999633789062,85.77999877929688,58.83573532104492,2891100
2016-03-04,PSX,86.5,86.5999984741211,84.83999633789062,85.77999877929688,58.83573532104492,2891100
2016-03-07,PSX,85.37999725341797,87.83000183105469,85.06999969482422,87.41000366210938,59.953731536865234,3741800
2016-03-07,PSX,85.37999725341797,87.83000183105469,85.06999969482422,87.41000366210938,59.953731536865234,3741800
2016-03-08,PSX,86.88999938964844,87.75,84.75,84.80000305175781,58.16353988647461,3514400
2016-03-08,PSX,86.88999938964844,87.75,84.75,84.80000305175781,58.16353988647461,3514400
2016-03-09,PSX,85.5199966430664,87.2300033569336,85.19999694824219,86.08999633789062,59.04833984375,3076700
2016-03-09,PSX,85.5199966430664,87.2300033569336,85.19999694824219,86.08999633789062,59.04833984375,3076700
2016-03-10,PSX,86.06999969482422,86.06999969482422,84.12000274658203,85.43000030517578,58.59565353393555,2464600
2016-03-10,PSX,86.06999969482422,86.06999969482422,84.12000274658203,85.43000030517578,58.59565353393555,2464600
2016-03-11,PSX,86.25,86.7300033569336,85.11000061035156,86.43000030517578,59.28156661987305,2914700
2016-03-11,PSX,86.25,86.7300033569336,85.11000061035156,86.43000030517578,59.28156661987305,2914700
2016-03-14,PSX,85.66999816894531,86.5,85.29000091552734,86.18000030517578,59.11008834838867,2028600
2016-03-14,PSX,85.66999816894531,86.5,85.29000091552734,86.18000030517578,59.11008834838867,2028600
2016-03-15,PSX,85.0,86.66999816894531,84.9000015258789,86.5999984741211,59.39815139770508,2208900
2016-03-15,PSX,85.0,86.66999816894531,84.9000015258789,86.5999984741211,59.39815139770508,2208900
2016-03-16,PSX,86.62999725341797,87.9000015258789,86.37000274658203,87.56999969482422,60.0634651184082,2351800
2016-03-16,PSX,86.62999725341797,87.9000015258789,86.37000274658203,87.56999969482422,60.0634651184082,2351800
2016-03-17,PSX,88.01000213623047,88.66000366210938,86.44000244140625,88.37999725341797,60.61904525756836,2463500
2016-03-17,PSX,88.01000213623047,88.66000366210938,86.44000244140625,88.37999725341797,60.61904525756836,2463500
2016-03-18,PSX,88.80000305175781,89.6500015258789,88.12999725341797,89.41000366210938,61.32550811767578,5398200
2016-03-18,PSX,88.80000305175781,89.6500015258789,88.12999725341797,89.41000366210938,61.32550811767578,5398200
2016-03-21,PSX,89.1500015258789,89.95999908447266,89.11000061035156,89.69000244140625,61.5175666809082,2170200
2016-03-21,PSX,89.1500015258789,89.95999908447266,89.11000061035156,89.69000244140625,61.5175666809082,2170200
2016-03-22,PSX,89.62000274658203,90.87000274658205,89.02999877929688,90.16000366210938,61.83992385864258,2171400
2016-03-22,PSX,89.62000274658203,90.87000274658205,89.02999877929688,90.16000366210938,61.83992385864258,2171400
2016-03-23,PSX,89.94000244140625,89.94000244140625,87.87999725341797,88.12000274658203,60.44070053100586,2012500
2016-03-23,PSX,89.94000244140625,89.94000244140625,87.87999725341797,88.12000274658203,60.44070053100586,2012500
2016-03-24,PSX,86.97000122070312,88.12000274658203,86.56999969482422,88.05999755859375,60.39954376220703,2547300
2016-03-24,PSX,86.97000122070312,88.12000274658203,86.56999969482422,88.05999755859375,60.39954376220703,2547300
2016-03-28,PSX,87.87000274658203,88.12999725341797,87.06999969482422,87.48999786376953,60.00859451293945,2083500
2016-03-28,PSX,87.87000274658203,88.12999725341797,87.06999969482422,87.48999786376953,60.00859451293945,2083500
2016-03-29,PSX,86.80000305175781,87.7300033569336,86.0199966430664,87.43000030517578,59.96744537353516,1974600
2016-03-29,PSX,86.80000305175781,87.7300033569336,86.0199966430664,87.43000030517578,59.96744537353516,1974600
2016-03-30,PSX,88.19000244140625,88.61000061035156,86.9800033569336,87.62000274658203,60.09775924682617,1850900
2016-03-30,PSX,88.19000244140625,88.61000061035156,86.9800033569336,87.62000274658203,60.09775924682617,1850900
2016-03-31,PSX,87.2699966430664,87.80999755859375,86.20999908447266,86.58999633789062,59.391300201416016,2810600
2016-03-31,PSX,87.2699966430664,87.80999755859375,86.20999908447266,86.58999633789062,59.391300201416016,2810600
2016-04-01,PSX,85.5999984741211,85.95999908447266,84.87999725341797,85.66999816894531,58.76028060913086,2639100
2016-04-01,PSX,85.5999984741211,85.95999908447266,84.87999725341797,85.66999816894531,58.76028060913086,2639100
2016-04-04,PSX,85.69999694824219,86.66000366210938,85.29000091552734,85.7300033569336,58.80144119262695,1817400
2016-04-04,PSX,85.69999694824219,86.66000366210938,85.29000091552734,85.7300033569336,58.80144119262695,1817400
2016-04-05,PSX,85.08000183105469,85.69000244140625,84.20999908447266,84.80999755859375,58.1704216003418,2126100
2016-04-05,PSX,85.08000183105469,85.69000244140625,84.20999908447266,84.80999755859375,58.1704216003418,2126100
2016-04-06,PSX,85.3499984741211,85.62000274658203,83.26000213623047,85.0199966430664,58.31443405151367,3172000
2016-04-06,PSX,85.3499984741211,85.62000274658203,83.26000213623047,85.0199966430664,58.31443405151367,3172000
2016-04-07,PSX,84.5999984741211,85.0199966430664,83.83000183105469,84.51000213623047,57.96464538574219,1751800
2016-04-07,PSX,84.5999984741211,85.0199966430664,83.83000183105469,84.51000213623047,57.96464538574219,1751800
2016-04-08,PSX,85.80000305175781,86.80999755859375,85.2699966430664,86.05999755859375,59.02777099609375,2741300
2016-04-08,PSX,85.80000305175781,86.80999755859375,85.2699966430664,86.05999755859375,59.02777099609375,2741300
2016-04-11,PSX,86.5,86.8499984741211,84.55999755859375,84.58000183105469,58.012672424316406,2158100
2016-04-11,PSX,86.5,86.8499984741211,84.55999755859375,84.58000183105469,58.012672424316406,2158100
2016-04-12,PSX,84.66999816894531,86.08999633789062,84.05999755859375,85.9800033569336,58.97288131713867,2587500
2016-04-12,PSX,84.66999816894531,86.08999633789062,84.05999755859375,85.9800033569336,58.97288131713867,2587500
2016-04-13,PSX,86.4800033569336,87.0999984741211,85.80000305175781,87.01000213623047,59.67937850952149,2089200
2016-04-13,PSX,86.4800033569336,87.0999984741211,85.80000305175781,87.01000213623047,59.67937850952149,2089200
2016-04-14,PSX,87.11000061035156,87.62999725341797,86.56999969482422,86.91999816894531,59.61764907836914,1735400
2016-04-14,PSX,87.11000061035156,87.62999725341797,86.56999969482422,86.91999816894531,59.61764907836914,1735400
2016-04-15,PSX,86.66000366210938,86.66000366210938,84.8499984741211,84.8499984741211,58.19783782958984,2723400
2016-04-15,PSX,86.66000366210938,86.66000366210938,84.8499984741211,84.8499984741211,58.19783782958984,2723400
2016-04-18,PSX,84.8499984741211,85.7300033569336,83.91000366210938,85.6500015258789,58.74656295776367,2454600
2016-04-18,PSX,84.8499984741211,85.7300033569336,83.91000366210938,85.6500015258789,58.74656295776367,2454600
2016-04-19,PSX,85.72000122070312,86.5,85.29000091552734,86.41999816894531,59.274696350097656,1935800
2016-04-19,PSX,85.72000122070312,86.5,85.29000091552734,86.41999816894531,59.274696350097656,1935800
2016-04-20,PSX,85.91000366210938,87.20999908447266,84.80999755859375,86.69000244140625,59.45989990234375,2344300
2016-04-20,PSX,85.91000366210938,87.20999908447266,84.80999755859375,86.69000244140625,59.45989990234375,2344300
2016-04-21,PSX,86.83999633789062,87.6500015258789,86.08000183105469,87.4000015258789,59.946876525878906,2270700
2016-04-21,PSX,86.83999633789062,87.6500015258789,86.08000183105469,87.4000015258789,59.946876525878906,2270700
2016-04-22,PSX,87.63999938964844,88.45999908447266,87.37999725341797,87.9800033569336,60.34469985961914,2038900
2016-04-22,PSX,87.63999938964844,88.45999908447266,87.37999725341797,87.9800033569336,60.34469985961914,2038900
2016-04-25,PSX,87.9000015258789,88.23999786376953,86.88999938964844,87.93000030517578,60.310394287109375,1730700
2016-04-25,PSX,87.9000015258789,88.23999786376953,86.88999938964844,87.93000030517578,60.310394287109375,1730700
2016-04-26,PSX,88.44999694824219,88.8499984741211,87.81999969482422,88.4000015258789,60.632755279541016,1654800
2016-04-26,PSX,88.44999694824219,88.8499984741211,87.81999969482422,88.4000015258789,60.632755279541016,1654800
2016-04-27,PSX,88.8499984741211,89.30999755859375,88.01000213623047,88.94999694824219,61.00999450683594,2451700
2016-04-27,PSX,88.8499984741211,89.30999755859375,88.01000213623047,88.94999694824219,61.00999450683594,2451700
2016-04-28,PSX,88.36000061035156,89.05999755859375,87.33999633789062,87.79000091552734,60.2143669128418,3039000
2016-04-28,PSX,88.36000061035156,89.05999755859375,87.33999633789062,87.79000091552734,60.2143669128418,3039000
2016-04-29,PSX,85.20999908447266,86.02999877929688,81.1500015258789,82.11000061035156,56.31851577758789,7296800
2016-04-29,PSX,85.20999908447266,86.02999877929688,81.1500015258789,82.11000061035156,56.31851577758789,7296800
2016-05-02,PSX,82.44000244140625,82.5,79.9800033569336,82.19999694824219,56.38024520874024,4486800
2016-05-02,PSX,82.44000244140625,82.5,79.9800033569336,82.19999694824219,56.38024520874024,4486800
2016-05-03,PSX,80.69999694824219,80.9800033569336,79.44999694824219,80.01000213623047,54.87813949584961,4397100
2016-05-03,PSX,80.69999694824219,80.9800033569336,79.44999694824219,80.01000213623047,54.87813949584961,4397100
2016-05-04,PSX,79.9000015258789,80.38999938964844,78.48999786376953,79.31999969482422,54.40488052368164,2996800
2016-05-04,PSX,79.9000015258789,80.38999938964844,78.48999786376953,79.31999969482422,54.40488052368164,2996800
2016-05-05,PSX,80.0199966430664,80.81999969482422,78.44000244140625,79.08000183105469,54.24025344848633,2830500
2016-05-05,PSX,80.0199966430664,80.81999969482422,78.44000244140625,79.08000183105469,54.24025344848633,2830500
2016-05-06,PSX,78.70999908447266,80.18000030517578,78.2699966430664,78.5199966430664,53.856143951416016,3802800
2016-05-06,PSX,78.70999908447266,80.18000030517578,78.2699966430664,78.5199966430664,53.856143951416016,3802800
2016-05-09,PSX,78.5,78.52999877929688,76.87999725341797,78.31999969482422,53.71900177001953,3064600
2016-05-09,PSX,78.5,78.52999877929688,76.87999725341797,78.31999969482422,53.71900177001953,3064600
2016-05-10,PSX,78.76000213623047,79.69000244140625,78.66000366210938,79.25,54.35686874389648,2236500
2016-05-10,PSX,78.76000213623047,79.69000244140625,78.66000366210938,79.25,54.35686874389648,2236500
2016-05-11,PSX,79.16000366210938,80.36000061035156,78.62000274658203,79.38999938964844,54.45287322998047,2652200
2016-05-11,PSX,79.16000366210938,80.36000061035156,78.62000274658203,79.38999938964844,54.45287322998047,2652200
2016-05-12,PSX,80.0,80.0999984741211,77.83999633789062,78.25,53.67096328735352,2603500
2016-05-12,PSX,80.0,80.0999984741211,77.83999633789062,78.25,53.67096328735352,2603500
2016-05-13,PSX,78.25,79.13999938964844,77.91000366210938,78.33999633789062,53.73268127441406,3029400
2016-05-13,PSX,78.25,79.13999938964844,77.91000366210938,78.33999633789062,53.73268127441406,3029400
2016-05-16,PSX,78.22000122070312,78.80000305175781,77.19999694824219,78.68000030517578,54.403411865234375,3107000
2016-05-16,PSX,78.22000122070312,78.80000305175781,77.19999694824219,78.68000030517578,54.403411865234375,3107000
2016-05-17,PSX,78.55999755859375,79.30000305175781,78.04000091552734,78.30999755859375,54.14756393432617,2235800
2016-05-17,PSX,78.55999755859375,79.30000305175781,78.04000091552734,78.30999755859375,54.14756393432617,2235800
2016-05-18,PSX,78.29000091552734,79.4800033569336,77.72000122070312,78.12999725341797,54.02310180664063,2508400
2016-05-18,PSX,78.29000091552734,79.4800033569336,77.72000122070312,78.12999725341797,54.02310180664063,2508400
2016-05-19,PSX,77.55000305175781,77.95999908447266,76.68000030517578,77.6500015258789,53.69120788574219,2240900
2016-05-19,PSX,77.55000305175781,77.95999908447266,76.68000030517578,77.6500015258789,53.69120788574219,2240900
2016-05-20,PSX,78.1500015258789,78.45999908447266,77.48999786376953,77.9000015258789,53.86408233642578,2352300
2016-05-20,PSX,78.1500015258789,78.45999908447266,77.48999786376953,77.9000015258789,53.86408233642578,2352300
2016-05-23,PSX,77.51000213623047,78.62999725341797,77.4000015258789,77.81999969482422,53.80877304077149,2498900
2016-05-23,PSX,77.51000213623047,78.62999725341797,77.4000015258789,77.81999969482422,53.80877304077149,2498900
2016-05-24,PSX,78.5999984741211,80.0,78.48999786376953,79.69999694824219,55.10867691040039,3454500
2016-05-24,PSX,78.5999984741211,80.0,78.48999786376953,79.69999694824219,55.10867691040039,3454500
2016-05-25,PSX,80.08999633789062,80.47000122070312,79.47000122070312,80.12999725341797,55.40599822998047,2917400
2016-05-25,PSX,80.08999633789062,80.47000122070312,79.47000122070312,80.12999725341797,55.40599822998047,2917400
2016-05-26,PSX,80.41999816894531,80.5999984741211,79.12000274658203,80.04000091552734,55.343788146972656,3572100
2016-05-26,PSX,80.41999816894531,80.5999984741211,79.12000274658203,80.04000091552734,55.343788146972656,3572100
2016-05-27,PSX,80.05000305175781,80.80000305175781,79.75,80.62999725341797,55.75173568725586,2319000
2016-05-27,PSX,80.05000305175781,80.80000305175781,79.75,80.62999725341797,55.75173568725586,2319000
2016-05-31,PSX,80.9000015258789,81.08000183105469,79.86000061035156,80.36000061035156,55.565040588378906,5908500
2016-05-31,PSX,80.9000015258789,81.08000183105469,79.86000061035156,80.36000061035156,55.565040588378906,5908500
2016-06-01,PSX,79.9000015258789,80.95999908447266,79.38999938964844,80.8499984741211,55.90385055541992,3022500
2016-06-01,PSX,79.9000015258789,80.95999908447266,79.38999938964844,80.8499984741211,55.90385055541992,3022500
2016-06-02,PSX,80.56999969482422,81.43000030517578,80.5199966430664,80.83000183105469,55.89002227783203,2303700
2016-06-02,PSX,80.56999969482422,81.43000030517578,80.5199966430664,80.83000183105469,55.89002227783203,2303700
2016-06-03,PSX,80.61000061035156,80.88999938964844,79.38999938964844,80.12999725341797,55.40599822998047,2985100
2016-06-03,PSX,80.61000061035156,80.88999938964844,79.38999938964844,80.12999725341797,55.40599822998047,2985100
2016-06-06,PSX,80.61000061035156,80.7699966430664,80.08000183105469,80.76000213623047,55.84165191650391,2185000
2016-06-06,PSX,80.61000061035156,80.7699966430664,80.08000183105469,80.76000213623047,55.84165191650391,2185000
2016-06-07,PSX,80.87000274658203,81.58000183105469,80.54000091552734,81.31999969482422,56.22882843017578,2708400
2016-06-07,PSX,80.87000274658203,81.58000183105469,80.54000091552734,81.31999969482422,56.22882843017578,2708400
2016-06-08,PSX,81.58000183105469,82.41999816894531,81.01000213623047,82.37000274658203,56.95486068725586,3595800
2016-06-08,PSX,81.58000183105469,82.41999816894531,81.01000213623047,82.37000274658203,56.95486068725586,3595800
2016-06-09,PSX,81.6500015258789,81.88999938964844,80.87999725341797,81.12999725341797,56.097450256347656,3298200
2016-06-09,PSX,81.6500015258789,81.88999938964844,80.87999725341797,81.12999725341797,56.097450256347656,3298200
2016-06-10,PSX,80.25,80.66000366210938,79.62999725341797,80.06999969482422,55.36451721191406,2341400
2016-06-10,PSX,80.25,80.66000366210938,79.62999725341797,80.06999969482422,55.36451721191406,2341400
2016-06-13,PSX,79.7300033569336,79.94000244140625,78.66999816894531,78.80000305175781,54.48637390136719,3347700
2016-06-13,PSX,79.7300033569336,79.94000244140625,78.66999816894531,78.80000305175781,54.48637390136719,3347700
2016-06-14,PSX,78.62999725341797,79.33999633789062,77.62999725341797,78.9000015258789,54.5555419921875,2638700
2016-06-14,PSX,78.62999725341797,79.33999633789062,77.62999725341797,78.9000015258789,54.5555419921875,2638700
2016-06-15,PSX,78.62999725341797,79.97000122070312,78.11000061035156,79.13999938964844,54.72146987915039,2321700
2016-06-15,PSX,78.62999725341797,79.97000122070312,78.11000061035156,79.13999938964844,54.72146987915039,2321700
2016-06-16,PSX,78.47000122070312,79.56999969482422,78.0999984741211,79.43000030517578,54.922000885009766,1867400
2016-06-16,PSX,78.47000122070312,79.56999969482422,78.0999984741211,79.43000030517578,54.922000885009766,1867400
2016-06-17,PSX,79.33999633789062,79.45999908447266,78.27999877929688,78.5,54.278953552246094,4086500
2016-06-17,PSX,79.33999633789062,79.45999908447266,78.27999877929688,78.5,54.278953552246094,4086500
2016-06-20,PSX,79.52999877929688,80.23999786376953,78.95999908447266,79.05999755859375,54.66615295410156,2748300
2016-06-20,PSX,79.52999877929688,80.23999786376953,78.95999908447266,79.05999755859375,54.66615295410156,2748300
2016-06-21,PSX,79.30000305175781,79.58000183105469,78.2300033569336,79.3499984741211,54.86666870117188,2331100
2016-06-21,PSX,79.30000305175781,79.58000183105469,78.2300033569336,79.3499984741211,54.86666870117188,2331100
2016-06-22,PSX,79.37000274658203,80.30000305175781,79.1500015258789,79.54000091552734,54.99803924560547,1842100
2016-06-22,PSX,79.37000274658203,80.30000305175781,79.1500015258789,79.54000091552734,54.99803924560547,1842100
2016-06-23,PSX,80.0199966430664,80.87000274658203,79.5999984741211,80.87000274658203,55.91767883300781,2097300
2016-06-23,PSX,80.0199966430664,80.87000274658203,79.5999984741211,80.87000274658203,55.91767883300781,2097300
2016-06-24,PSX,78.29000091552734,79.73999786376953,78.29000091552734,78.62000274658203,54.3619270324707,6031800
2016-06-24,PSX,78.29000091552734,79.73999786376953,78.29000091552734,78.62000274658203,54.3619270324707,6031800
2016-06-27,PSX,78.19000244140625,78.5199966430664,76.4000015258789,76.9000015258789,53.1726188659668,3474000
2016-06-27,PSX,78.19000244140625,78.5199966430664,76.4000015258789,76.9000015258789,53.1726188659668,3474000
2016-06-28,PSX,78.0,78.79000091552734,77.06999969482422,78.75,54.45181274414063,2479000
2016-06-28,PSX,78.0,78.79000091552734,77.06999969482422,78.75,54.45181274414063,2479000
2016-06-29,PSX,79.20999908447266,80.01000213623047,79.08000183105469,79.69999694824219,55.10867691040039,2348700
2016-06-29,PSX,79.20999908447266,80.01000213623047,79.08000183105469,79.69999694824219,55.10867691040039,2348700
2016-06-30,PSX,79.4000015258789,79.48999786376953,77.70999908447266,79.33999633789062,54.85975646972656,3505600
2016-06-30,PSX,79.4000015258789,79.48999786376953,77.70999908447266,79.33999633789062,54.85975646972656,3505600
2016-07-01,PSX,79.06999969482422,79.91000366210938,78.95999908447266,79.77999877929688,55.16399383544922,2661000
2016-07-01,PSX,79.06999969482422,79.91000366210938,78.95999908447266,79.77999877929688,55.16399383544922,2661000
2016-07-05,PSX,78.97000122070312,79.31999969482422,77.4000015258789,77.93000030517578,53.88481903076172,3063900
2016-07-05,PSX,78.97000122070312,79.31999969482422,77.4000015258789,77.93000030517578,53.88481903076172,3063900
2016-07-06,PSX,77.26000213623047,77.33000183105469,74.83999633789062,76.37000274658203,52.80615615844727,5344900
2016-07-06,PSX,77.26000213623047,77.33000183105469,74.83999633789062,76.37000274658203,52.80615615844727,5344900
2016-07-07,PSX,76.58999633789062,77.0999984741211,73.66999816894531,74.2699966430664,51.35409927368164,6056100
2016-07-07,PSX,76.58999633789062,77.0999984741211,73.66999816894531,74.2699966430664,51.35409927368164,6056100
2016-07-08,PSX,74.54000091552734,75.47000122070312,74.05999755859375,74.8499984741211,51.75514221191406,4058200
2016-07-08,PSX,74.54000091552734,75.47000122070312,74.05999755859375,74.8499984741211,51.75514221191406,4058200
2016-07-11,PSX,74.8499984741211,75.58000183105469,74.76000213623047,75.20999908447266,52.00407409667969,2704900
2016-07-11,PSX,74.8499984741211,75.58000183105469,74.76000213623047,75.20999908447266,52.00407409667969,2704900
2016-07-12,PSX,75.98999786376953,77.19000244140625,75.72000122070312,76.4000015258789,52.82689666748047,3309200
2016-07-12,PSX,75.98999786376953,77.19000244140625,75.72000122070312,76.4000015258789,52.82689666748047,3309200
2016-07-13,PSX,76.08000183105469,76.51000213623047,74.81999969482422,76.25,52.723175048828125,3586500
2016-07-13,PSX,76.08000183105469,76.51000213623047,74.81999969482422,76.25,52.723175048828125,3586500
2016-07-14,PSX,76.36000061035156,76.80999755859375,76.05999755859375,76.61000061035156,52.97209930419922,2901000
2016-07-14,PSX,76.36000061035156,76.80999755859375,76.05999755859375,76.61000061035156,52.97209930419922,2901000
2016-07-15,PSX,76.91000366210938,76.91000366210938,75.5,75.66000366210938,52.315216064453125,2977600
2016-07-15,PSX,76.91000366210938,76.91000366210938,75.5,75.66000366210938,52.315216064453125,2977600
2016-07-18,PSX,75.7699966430664,76.06999969482422,75.0,75.6500015258789,52.30830764770508,2418400
2016-07-18,PSX,75.7699966430664,76.06999969482422,75.0,75.6500015258789,52.30830764770508,2418400
2016-07-19,PSX,75.7300033569336,75.94000244140625,75.31999969482422,75.73999786376953,52.37053680419922,2018000
2016-07-19,PSX,75.7300033569336,75.94000244140625,75.31999969482422,75.73999786376953,52.37053680419922,2018000
2016-07-20,PSX,75.73999786376953,76.0199966430664,75.0,75.33999633789062,52.09396362304688,2144500
2016-07-20,PSX,75.73999786376953,76.0199966430664,75.0,75.33999633789062,52.09396362304688,2144500
2016-07-21,PSX,75.55000305175781,76.16999816894531,74.94999694824219,75.12000274658203,51.94184112548828,2631000
2016-07-21,PSX,75.55000305175781,76.16999816894531,74.94999694824219,75.12000274658203,51.94184112548828,2631000
2016-07-22,PSX,75.12000274658203,75.4000015258789,74.61000061035156,75.38999938964844,52.12853240966797,1688300
2016-07-22,PSX,75.12000274658203,75.4000015258789,74.61000061035156,75.38999938964844,52.12853240966797,1688300
2016-07-25,PSX,75.02999877929688,75.12000274658203,73.97000122070312,74.47000122070312,51.49238204956055,3318200
2016-07-25,PSX,75.02999877929688,75.12000274658203,73.97000122070312,74.47000122070312,51.49238204956055,3318200
2016-07-26,PSX,74.47000122070312,76.30000305175781,74.37000274658203,76.2300033569336,52.70933532714844,2901700
2016-07-26,PSX,74.47000122070312,76.30000305175781,74.37000274658203,76.2300033569336,52.70933532714844,2901700
2016-07-27,PSX,76.43000030517578,76.87000274658203,75.2699966430664,75.4000015258789,52.13544845581055,3108500
2016-07-27,PSX,76.43000030517578,76.87000274658203,75.2699966430664,75.4000015258789,52.13544845581055,3108500
2016-07-28,PSX,75.69000244140625,76.37999725341797,75.08999633789062,76.25,52.723175048828125,4051900
2016-07-28,PSX,75.69000244140625,76.37999725341797,75.08999633789062,76.25,52.723175048828125,4051900
2016-07-29,PSX,75.37999725341797,76.16000366210938,73.81999969482422,76.05999755859375,52.591796875,5548800
2016-07-29,PSX,75.37999725341797,76.16000366210938,73.81999969482422,76.05999755859375,52.591796875,5548800
2016-08-01,PSX,75.30000305175781,75.62999725341797,74.0199966430664,74.26000213623047,51.34718322753906,3399600
2016-08-01,PSX,75.30000305175781,75.62999725341797,74.0199966430664,74.26000213623047,51.34718322753906,3399600
2016-08-02,PSX,74.52999877929688,76.33000183105469,74.51000213623047,76.1500015258789,52.65404891967773,4528300
2016-08-02,PSX,74.52999877929688,76.33000183105469,74.51000213623047,76.1500015258789,52.65404891967773,4528300
2016-08-03,PSX,76.5999984741211,78.73999786376953,76.30000305175781,78.66000366210938,54.38957595825195,4582400
2016-08-03,PSX,76.5999984741211,78.73999786376953,76.30000305175781,78.66000366210938,54.38957595825195,4582400
2016-08-04,PSX,78.37000274658203,78.83000183105469,77.30999755859375,77.54000091552734,53.615142822265625,2692900
2016-08-04,PSX,78.37000274658203,78.83000183105469,77.30999755859375,77.54000091552734,53.615142822265625,2692900
2016-08-05,PSX,77.70999908447266,78.61000061035156,77.5,78.27999877929688,54.12685012817383,1619100
2016-08-05,PSX,77.70999908447266,78.61000061035156,77.5,78.27999877929688,54.12685012817383,1619100
2016-08-08,PSX,78.88999938964844,79.5199966430664,78.4800033569336,78.58000183105469,54.33429336547852,2327900
2016-08-08,PSX,78.88999938964844,79.5199966430664,78.4800033569336,78.58000183105469,54.33429336547852,2327900
2016-08-09,PSX,78.76000213623047,78.79000091552734,76.58000183105469,76.72000122070312,53.04815673828125,3052700
2016-08-09,PSX,78.76000213623047,78.79000091552734,76.58000183105469,76.72000122070312,53.04815673828125,3052700
2016-08-10,PSX,76.88999938964844,77.86000061035156,76.5,76.94999694824219,53.20718765258789,2228200
2016-08-10,PSX,76.88999938964844,77.86000061035156,76.5,76.94999694824219,53.20718765258789,2228200
2016-08-11,PSX,77.41999816894531,78.47000122070312,77.0,78.16000366210938,54.04384231567383,1962200
2016-08-11,PSX,77.41999816894531,78.47000122070312,77.0,78.16000366210938,54.04384231567383,1962200
2016-08-12,PSX,78.38999938964844,78.9000015258789,78.0,78.80999755859375,54.493282318115234,2454500
2016-08-12,PSX,78.38999938964844,78.9000015258789,78.0,78.80999755859375,54.493282318115234,2454500
2016-08-15,PSX,79.1500015258789,79.25,78.22000122070312,78.58999633789062,54.3411750793457,2808000
2016-08-15,PSX,79.1500015258789,79.25,78.22000122070312,78.58999633789062,54.3411750793457,2808000
2016-08-16,PSX,78.12000274658203,78.25,77.70999908447266,77.9800033569336,54.355125427246094,1624800
2016-08-16,PSX,78.12000274658203,78.25,77.70999908447266,77.9800033569336,54.355125427246094,1624800
2016-08-17,PSX,78.05999755859375,78.20999908447266,77.26000213623047,77.70999908447266,54.16691207885742,2642600
2016-08-17,PSX,78.05999755859375,78.20999908447266,77.26000213623047,77.70999908447266,54.16691207885742,2642600
2016-08-18,PSX,77.9800033569336,78.18000030517578,77.18000030517578,77.94999694824219,54.33420944213867,3632100
2016-08-18,PSX,77.9800033569336,78.18000030517578,77.18000030517578,77.94999694824219,54.33420944213867,3632100
2016-08-19,PSX,77.62999725341797,78.69000244140625,77.51000213623047,78.05000305175781,54.403907775878906,2400300
2016-08-19,PSX,77.62999725341797,78.69000244140625,77.51000213623047,78.05000305175781,54.403907775878906,2400300
2016-08-22,PSX,77.5199966430664,77.66000366210938,76.80000305175781,76.97000122070312,53.65109252929688,2252000
2016-08-22,PSX,77.5199966430664,77.66000366210938,76.80000305175781,76.97000122070312,53.65109252929688,2252000
2016-08-23,PSX,77.16999816894531,78.19000244140625,76.95999908447266,77.81999969482422,54.24360275268555,1724100
2016-08-23,PSX,77.16999816894531,78.19000244140625,76.95999908447266,77.81999969482422,54.24360275268555,1724100
2016-08-24,PSX,77.80000305175781,78.2300033569336,77.19999694824219,77.68000030517578,54.14601516723633,1655700
2016-08-24,PSX,77.80000305175781,78.2300033569336,77.19999694824219,77.68000030517578,54.14601516723633,1655700
2016-08-25,PSX,77.88999938964844,79.44999694824219,77.83000183105469,79.06999969482422,55.11488342285156,3666000
2016-08-25,PSX,77.88999938964844,79.44999694824219,77.83000183105469,79.06999969482422,55.11488342285156,3666000
2016-08-26,PSX,79.0999984741211,79.69999694824219,78.16999816894531,78.62000274658203,54.801231384277344,2061300
2016-08-26,PSX,79.0999984741211,79.69999694824219,78.16999816894531,78.62000274658203,54.801231384277344,2061300
2016-08-29,PSX,78.86000061035156,79.30000305175781,78.6500015258789,78.87999725341797,54.98244857788086,1782300
2016-08-29,PSX,78.86000061035156,79.30000305175781,78.6500015258789,78.87999725341797,54.98244857788086,1782300
2016-08-30,PSX,78.87999725341797,79.79000091552734,78.87999725341797,79.33000183105469,55.29612350463867,1980800
2016-08-30,PSX,78.87999725341797,79.79000091552734,78.87999725341797,79.33000183105469,55.29612350463867,1980800
2016-08-31,PSX,79.1500015258789,79.37000274658203,78.11000061035156,78.44999694824219,54.68273162841797,2648800
2016-08-31,PSX,79.1500015258789,79.37000274658203,78.11000061035156,78.44999694824219,54.68273162841797,2648800
2016-09-01,PSX,78.93000030517578,78.93000030517578,77.66000366210938,78.29000091552734,54.57118988037109,2165400
2016-09-01,PSX,78.93000030517578,78.93000030517578,77.66000366210938,78.29000091552734,54.57118988037109,2165400
2016-09-02,PSX,78.97000122070312,79.02999877929688,78.4800033569336,78.87000274658203,54.97546005249024,1561100
2016-09-02,PSX,78.97000122070312,79.02999877929688,78.4800033569336,78.87000274658203,54.97546005249024,1561100
2016-09-06,PSX,79.27999877929688,79.33999633789062,78.76000213623047,79.11000061035156,55.14276123046875,2729900
2016-09-06,PSX,79.27999877929688,79.33999633789062,78.76000213623047,79.11000061035156,55.14276123046875,2729900
2016-09-07,PSX,79.23999786376953,79.98999786376953,79.1500015258789,79.58999633789062,55.477333068847656,3312500
2016-09-07,PSX,79.23999786376953,79.98999786376953,79.1500015258789,79.58999633789062,55.477333068847656,3312500
2016-09-08,PSX,79.80000305175781,80.45999908447266,79.47000122070312,80.08000183105469,55.81891250610352,2001800
2016-09-08,PSX,79.80000305175781,80.45999908447266,79.47000122070312,80.08000183105469,55.81891250610352,2001800
2016-09-09,PSX,79.38999938964844,79.41000366210938,77.86000061035156,77.86000061035156,54.27146911621094,2834200
2016-09-09,PSX,79.38999938964844,79.41000366210938,77.86000061035156,77.86000061035156,54.27146911621094,2834200
2016-09-12,PSX,77.48999786376953,79.20999908447266,77.16999816894531,78.83999633789062,54.954566955566406,2224700
2016-09-12,PSX,77.48999786376953,79.20999908447266,77.16999816894531,78.83999633789062,54.954566955566406,2224700
2016-09-13,PSX,78.0,78.05000305175781,77.12000274658203,77.25,53.84626770019531,4007800
2016-09-13,PSX,78.0,78.05000305175781,77.12000274658203,77.25,53.84626770019531,4007800
2016-09-14,PSX,77.13999938964844,78.2300033569336,76.76000213623047,76.97000122070312,53.65109252929688,3115100
2016-09-14,PSX,77.13999938964844,78.2300033569336,76.76000213623047,76.97000122070312,53.65109252929688,3115100
2016-09-15,PSX,77.43000030517578,79.52999877929688,77.0999984741211,79.0999984741211,55.13579177856445,2875300
2016-09-15,PSX,77.43000030517578,79.52999877929688,77.0999984741211,79.0999984741211,55.13579177856445,2875300
2016-09-16,PSX,78.31999969482422,79.29000091552734,78.2300033569336,79.08999633789062,55.12882232666016,7599600
2016-09-16,PSX,78.31999969482422,79.29000091552734,78.2300033569336,79.08999633789062,55.12882232666016,7599600
2016-09-19,PSX,79.76000213623047,80.87999725341797,79.18000030517578,80.3499984741211,56.00708770751953,3205500
2016-09-19,PSX,79.76000213623047,80.87999725341797,79.18000030517578,80.3499984741211,56.00708770751953,3205500
2016-09-20,PSX,80.3499984741211,80.47000122070312,79.58000183105469,79.58000183105469,55.47037887573242,2218400
2016-09-20,PSX,80.3499984741211,80.47000122070312,79.58000183105469,79.58000183105469,55.47037887573242,2218400
2016-09-21,PSX,79.81999969482422,80.19000244140625,79.37000274658203,80.06999969482422,55.81192779541016,2133400
2016-09-21,PSX,79.81999969482422,80.19000244140625,79.37000274658203,80.06999969482422,55.81192779541016,2133400
2016-09-22,PSX,80.5,81.08000183105469,80.01000213623047,80.02999877929688,55.784061431884766,1728500
2016-09-22,PSX,80.5,81.08000183105469,80.01000213623047,80.02999877929688,55.784061431884766,1728500
2016-09-23,PSX,79.69000244140625,79.94999694824219,79.05999755859375,79.58000183105469,55.47037887573242,2065100
2016-09-23,PSX,79.69000244140625,79.94999694824219,79.05999755859375,79.58000183105469,55.47037887573242,2065100
2016-09-26,PSX,79.77999877929688,80.2699966430664,79.38999938964844,79.47000122070312,55.39371109008789,2351000
2016-09-26,PSX,79.77999877929688,80.2699966430664,79.38999938964844,79.47000122070312,55.39371109008789,2351000
2016-09-27,PSX,79.0199966430664,79.81999969482422,78.91999816894531,79.41000366210938,55.35187149047852,2274600
2016-09-27,PSX,79.0199966430664,79.81999969482422,78.91999816894531,79.41000366210938,55.35187149047852,2274600
2016-09-28,PSX,79.7300033569336,81.30999755859375,79.30000305175781,81.19000244140625,56.592620849609375,2954500
2016-09-28,PSX,79.7300033569336,81.30999755859375,79.30000305175781,81.19000244140625,56.592620849609375,2954500
2016-09-29,PSX,81.05000305175781,81.19000244140625,78.86000061035156,79.27999877929688,55.26126480102539,4121800
2016-09-29,PSX,81.05000305175781,81.19000244140625,78.86000061035156,79.27999877929688,55.26126480102539,4121800
2016-09-30,PSX,79.91999816894531,80.95999908447266,79.55000305175781,80.55000305175781,56.1465072631836,2819900
2016-09-30,PSX,79.91999816894531,80.95999908447266,79.55000305175781,80.55000305175781,56.1465072631836,2819900
2016-10-03,PSX,80.41999816894531,80.7699966430664,79.80999755859375,80.41000366210938,56.04893112182617,1702800
2016-10-03,PSX,80.41999816894531,80.7699966430664,79.80999755859375,80.41000366210938,56.04893112182617,1702800
2016-10-04,PSX,80.33999633789062,81.2699966430664,79.73999786376953,79.81999969482422,55.63767623901367,1985400
2016-10-04,PSX,80.33999633789062,81.2699966430664,79.73999786376953,79.81999969482422,55.63767623901367,1985400
2016-10-05,PSX,80.58999633789062,81.41000366210938,80.36000061035156,81.08999633789062,56.522911071777344,2358100
2016-10-05,PSX,80.58999633789062,81.41000366210938,80.36000061035156,81.08999633789062,56.522911071777344,2358100
2016-10-06,PSX,81.18000030517578,81.5,80.04000091552734,80.7699966430664,56.299842834472656,1828800
2016-10-06,PSX,81.18000030517578,81.5,80.04000091552734,80.7699966430664,56.299842834472656,1828800
2016-10-07,PSX,81.0,81.06999969482422,80.0,80.38999938964844,56.03498458862305,1614700
2016-10-07,PSX,81.0,81.06999969482422,80.0,80.38999938964844,56.03498458862305,1614700
2016-10-10,PSX,80.86000061035156,81.44000244140625,80.80000305175781,81.30000305175781,56.66928482055664,1338500
2016-10-10,PSX,80.86000061035156,81.44000244140625,80.80000305175781,81.30000305175781,56.66928482055664,1338500
2016-10-11,PSX,81.23999786376953,81.33999633789062,80.18000030517578,80.55999755859375,56.15348052978516,1581600
2016-10-11,PSX,81.23999786376953,81.33999633789062,80.18000030517578,80.55999755859375,56.15348052978516,1581600
2016-10-12,PSX,80.55999755859375,80.55999755859375,79.51000213623047,79.80999755859375,55.63069534301758,1664600
2016-10-12,PSX,80.55999755859375,80.55999755859375,79.51000213623047,79.80999755859375,55.63069534301758,1664600
2016-10-13,PSX,79.18000030517578,79.45999908447266,78.05999755859375,79.1500015258789,55.17066955566406,2185300
2016-10-13,PSX,79.18000030517578,79.45999908447266,78.05999755859375,79.1500015258789,55.17066955566406,2185300
2016-10-14,PSX,79.73999786376953,80.12000274658203,79.20999908447266,79.30999755859375,55.28216552734375,1420800
2016-10-14,PSX,79.73999786376953,80.12000274658203,79.20999908447266,79.30999755859375,55.28216552734375,1420800
2016-10-17,PSX,79.30999755859375,79.72000122070312,78.75,79.13999938964844,55.163665771484375,2397000
2016-10-17,PSX,79.30999755859375,79.72000122070312,78.75,79.13999938964844,55.163665771484375,2397000
2016-10-18,PSX,79.7300033569336,79.98999786376953,79.30000305175781,79.58999633789062,55.477333068847656,1339300
2016-10-18,PSX,79.7300033569336,79.98999786376953,79.30000305175781,79.58999633789062,55.477333068847656,1339300
2016-10-19,PSX,79.91000366210938,80.11000061035156,79.44999694824219,79.66999816894531,55.53312301635742,1737400
2016-10-19,PSX,79.91000366210938,80.11000061035156,79.44999694824219,79.66999816894531,55.53312301635742,1737400
2016-10-20,PSX,79.4000015258789,79.91999816894531,78.91000366210938,79.73999786376953,55.58190155029297,1407300
2016-10-20,PSX,79.4000015258789,79.91999816894531,78.91000366210938,79.73999786376953,55.58190155029297,1407300
2016-10-21,PSX,79.20999908447266,80.43000030517578,78.80000305175781,80.3499984741211,56.00708770751953,2070800
2016-10-21,PSX,79.20999908447266,80.43000030517578,78.80000305175781,80.3499984741211,56.00708770751953,2070800
2016-10-24,PSX,80.52999877929688,81.02999877929688,79.87000274658203,80.58999633789062,56.17439651489258,1490300
2016-10-24,PSX,80.52999877929688,81.02999877929688,79.87000274658203,80.58999633789062,56.17439651489258,1490300
2016-10-25,PSX,80.29000091552734,81.08000183105469,79.94000244140625,80.76000213623047,56.29289245605469,2263300
2016-10-25,PSX,80.29000091552734,81.08000183105469,79.94000244140625,80.76000213623047,56.29289245605469,2263300
2016-10-26,PSX,80.27999877929688,81.51000213623047,80.11000061035156,81.05999755859375,56.50201034545898,2064900
2016-10-26,PSX,80.27999877929688,81.51000213623047,80.11000061035156,81.05999755859375,56.50201034545898,2064900
2016-10-27,PSX,81.12000274658203,81.26000213623047,79.86000061035156,79.98999786376953,55.75617218017578,2434400
2016-10-27,PSX,81.12000274658203,81.26000213623047,79.86000061035156,79.98999786376953,55.75617218017578,2434400
2016-10-28,PSX,79.2300033569336,81.76000213623047,79.0,80.12999725341797,55.85373306274414,2977400
2016-10-28,PSX,79.2300033569336,81.76000213623047,79.0,80.12999725341797,55.85373306274414,2977400
2016-10-31,PSX,80.19999694824219,81.98999786376953,80.0199966430664,81.1500015258789,56.56471633911133,2819800
2016-10-31,PSX,80.19999694824219,81.98999786376953,80.0199966430664,81.1500015258789,56.56471633911133,2819800
2016-11-01,PSX,82.3499984741211,83.20999908447266,79.47000122070312,80.25,55.937381744384766,4350600
2016-11-01,PSX,82.3499984741211,83.20999908447266,79.47000122070312,80.25,55.937381744384766,4350600
2016-11-02,PSX,79.5,79.80999755859375,78.01000213623047,78.33999633789062,54.606048583984375,2958400
2016-11-02,PSX,79.5,79.80999755859375,78.01000213623047,78.33999633789062,54.606048583984375,2958400
2016-11-03,PSX,78.58999633789062,79.80000305175781,77.66000366210938,79.08000183105469,55.121849060058594,2530700
2016-11-03,PSX,78.58999633789062,79.80000305175781,77.66000366210938,79.08000183105469,55.121849060058594,2530700
2016-11-04,PSX,78.87999725341797,79.55000305175781,78.26000213623047,78.5999984741211,54.78727722167969,1568500
2016-11-04,PSX,78.87999725341797,79.55000305175781,78.26000213623047,78.5999984741211,54.78727722167969,1568500
2016-11-07,PSX,79.62000274658203,80.2300033569336,79.5199966430664,79.93000030517578,55.71434783935547,2051400
2016-11-07,PSX,79.62000274658203,80.2300033569336,79.5199966430664,79.93000030517578,55.71434783935547,2051400
2016-11-08,PSX,79.72000122070312,80.7300033569336,79.61000061035156,79.88999938964844,55.68646240234375,1617300
2016-11-08,PSX,79.72000122070312,80.7300033569336,79.61000061035156,79.88999938964844,55.68646240234375,1617300
2016-11-09,PSX,79.29000091552734,83.16000366210938,78.93000030517578,82.44999694824219,57.47087478637695,4490400
2016-11-09,PSX,79.29000091552734,83.16000366210938,78.93000030517578,82.44999694824219,57.47087478637695,4490400
2016-11-10,PSX,82.33999633789062,83.76000213623047,82.19000244140625,83.08999633789062,57.9169807434082,3188500
2016-11-10,PSX,82.33999633789062,83.76000213623047,82.19000244140625,83.08999633789062,57.9169807434082,3188500
2016-11-11,PSX,82.9000015258789,83.08999633789062,81.87000274658203,82.22000122070312,57.31056213378906,2185500
2016-11-11,PSX,82.9000015258789,83.08999633789062,81.87000274658203,82.22000122070312,57.31056213378906,2185500
2016-11-14,PSX,82.22000122070312,83.5,82.02999877929688,83.36000061035156,58.10518646240234,2602400
2016-11-14,PSX,82.22000122070312,83.5,82.02999877929688,83.36000061035156,58.10518646240234,2602400
2016-11-15,PSX,83.36000061035156,83.77999877929688,82.5,83.69999694824219,58.78646087646485,2991100
2016-11-15,PSX,83.36000061035156,83.77999877929688,82.5,83.69999694824219,58.78646087646485,2991100
2016-11-16,PSX,83.6500015258789,83.81999969482422,82.77999877929688,83.0,58.29482269287109,1601300
2016-11-16,PSX,83.6500015258789,83.81999969482422,82.77999877929688,83.0,58.29482269287109,1601300
2016-11-17,PSX,83.72000122070312,84.61000061035156,83.30000305175781,83.83000183105469,58.87776565551758,2294800
2016-11-17,PSX,83.72000122070312,84.61000061035156,83.30000305175781,83.83000183105469,58.87776565551758,2294800
2016-11-18,PSX,83.88999938964844,84.18000030517578,83.52999877929688,83.63999938964844,58.74430847167969,2220300
2016-11-18,PSX,83.88999938964844,84.18000030517578,83.52999877929688,83.63999938964844,58.74430847167969,2220300
2016-11-21,PSX,84.4800033569336,84.93000030517578,83.97000122070312,84.86000061035156,59.6011848449707,2118400
2016-11-21,PSX,84.4800033569336,84.93000030517578,83.97000122070312,84.86000061035156,59.6011848449707,2118400
2016-11-22,PSX,84.95999908447266,85.62999725341797,84.16999816894531,84.87999725341797,59.61521911621094,2853900
2016-11-22,PSX,84.95999908447266,85.62999725341797,84.16999816894531,84.87999725341797,59.61521911621094,2853900
2016-11-23,PSX,84.83999633789062,85.5999984741211,84.4800033569336,85.05999755859375,59.741641998291016,2681300
2016-11-23,PSX,84.83999633789062,85.5999984741211,84.4800033569336,85.05999755859375,59.741641998291016,2681300
2016-11-25,PSX,84.81999969482422,84.91999816894531,84.51000213623047,84.88999938964844,59.62224578857422,972200
2016-11-25,PSX,84.81999969482422,84.91999816894531,84.51000213623047,84.88999938964844,59.62224578857422,972200
2016-11-28,PSX,84.80000305175781,85.02999877929688,84.0199966430664,84.08999633789062,59.06037139892578,3389300
2016-11-28,PSX,84.80000305175781,85.02999877929688,84.0199966430664,84.08999633789062,59.06037139892578,3389300
2016-11-29,PSX,83.36000061035156,83.5,82.30000305175781,82.38999938964844,57.86637878417969,2150500
2016-11-29,PSX,83.36000061035156,83.5,82.30000305175781,82.38999938964844,57.86637878417969,2150500
2016-11-30,PSX,83.0999984741211,83.80999755859375,82.33000183105469,83.08000183105469,58.351016998291016,4999400
2016-11-30,PSX,83.0999984741211,83.80999755859375,82.33000183105469,83.08000183105469,58.351016998291016,4999400
2016-12-01,PSX,83.91999816894531,85.80000305175781,83.5999984741211,84.9800033569336,59.68547439575195,3535500
2016-12-01,PSX,83.91999816894531,85.80000305175781,83.5999984741211,84.9800033569336,59.68547439575195,3535500
2016-12-02,PSX,84.75,85.69999694824219,84.69999694824219,84.87999725341797,59.61521911621094,2104400
2016-12-02,PSX,84.75,85.69999694824219,84.69999694824219,84.87999725341797,59.61521911621094,2104400
2016-12-05,PSX,85.37999725341797,85.88999938964844,84.88999938964844,85.44000244140625,60.008567810058594,2811300
2016-12-05,PSX,85.37999725341797,85.88999938964844,84.88999938964844,85.44000244140625,60.008567810058594,2811300
2016-12-06,PSX,85.12999725341797,85.43000030517578,84.55999755859375,84.91000366210938,59.63629531860352,2564200
2016-12-06,PSX,85.12999725341797,85.43000030517578,84.55999755859375,84.91000366210938,59.63629531860352,2564200
2016-12-07,PSX,85.08000183105469,87.0999984741211,84.94000244140625,87.01000213623047,61.1112174987793,2687000
2016-12-07,PSX,85.08000183105469,87.0999984741211,84.94000244140625,87.01000213623047,61.1112174987793,2687000
2016-12-08,PSX,87.05999755859375,87.97000122070312,86.91999816894531,87.62999725341797,61.54668045043945,2240700
2016-12-08,PSX,87.05999755859375,87.97000122070312,86.91999816894531,87.62999725341797,61.54668045043945,2240700
2016-12-09,PSX,87.69000244140625,87.69000244140625,86.86000061035156,87.16000366210938,61.216583251953125,1513000
2016-12-09,PSX,87.69000244140625,87.69000244140625,86.86000061035156,87.16000366210938,61.216583251953125,1513000
2016-12-12,PSX,88.0,88.4800033569336,86.7300033569336,87.30000305175781,61.31491470336914,1844200
2016-12-12,PSX,88.0,88.4800033569336,86.7300033569336,87.30000305175781,61.31491470336914,1844200
2016-12-13,PSX,87.73999786376953,88.87000274658203,87.33000183105469,88.16999816894531,61.92595291137695,1976900
2016-12-13,PSX,87.73999786376953,88.87000274658203,87.33000183105469,88.16999816894531,61.92595291137695,1976900
2016-12-14,PSX,87.6500015258789,88.05999755859375,86.3499984741211,86.41999816894531,60.69686126708984,2667500
2016-12-14,PSX,87.6500015258789,88.05999755859375,86.3499984741211,86.41999816894531,60.69686126708984,2667500
2016-12-15,PSX,86.12000274658203,87.08999633789062,85.93000030517578,86.56999969482422,60.80219650268555,2133800
2016-12-15,PSX,86.12000274658203,87.08999633789062,85.93000030517578,86.56999969482422,60.80219650268555,2133800
2016-12-16,PSX,86.80000305175781,87.55999755859375,86.54000091552734,87.45999908447266,61.42728805541992,2295800
2016-12-16,PSX,86.80000305175781,87.55999755859375,86.54000091552734,87.45999908447266,61.42728805541992,2295800
2016-12-19,PSX,87.19000244140625,87.44000244140625,86.8499984741211,87.16999816894531,61.22360610961914,1516800
2016-12-19,PSX,87.19000244140625,87.44000244140625,86.8499984741211,87.16999816894531,61.22360610961914,1516800
2016-12-20,PSX,87.37999725341797,87.48999786376953,86.66999816894531,86.94000244140625,61.06208038330078,1483700
2016-12-20,PSX,87.37999725341797,87.48999786376953,86.66999816894531,86.94000244140625,61.06208038330078,1483700
2016-12-21,PSX,87.11000061035156,87.2300033569336,86.55999755859375,86.77999877929688,60.9496955871582,1512600
2016-12-21,PSX,87.11000061035156,87.2300033569336,86.55999755859375,86.77999877929688,60.9496955871582,1512600
2016-12-22,PSX,86.69999694824219,87.93000030517578,86.44000244140625,87.55999755859375,61.497520446777344,1456700
2016-12-22,PSX,86.69999694824219,87.93000030517578,86.44000244140625,87.55999755859375,61.497520446777344,1456700
2016-12-23,PSX,87.27999877929688,87.9000015258789,87.27999877929688,87.72000122070312,61.60990524291992,948800
2016-12-23,PSX,87.27999877929688,87.9000015258789,87.27999877929688,87.72000122070312,61.60990524291992,948800
2016-12-27,PSX,87.87000274658203,88.13999938964844,87.61000061035156,87.73999786376953,61.62395477294922,926600
2016-12-27,PSX,87.87000274658203,88.13999938964844,87.61000061035156,87.73999786376953,61.62395477294922,926600
2016-12-28,PSX,87.7300033569336,87.95999908447266,87.02999877929688,87.12000274658203,61.18849563598633,1359800
2016-12-28,PSX,87.7300033569336,87.95999908447266,87.02999877929688,87.12000274658203,61.18849563598633,1359800
2016-12-29,PSX,87.01000213623047,87.48999786376953,86.36000061035156,86.6500015258789,60.85840606689453,1035700
2016-12-29,PSX,87.01000213623047,87.48999786376953,86.36000061035156,86.6500015258789,60.85840606689453,1035700
2016-12-30,PSX,86.6500015258789,87.05000305175781,86.01000213623047,86.41000366210938,60.6898307800293,1374800
2016-12-30,PSX,86.6500015258789,87.05000305175781,86.01000213623047,86.41000366210938,60.6898307800293,1374800
2017-01-03,PSX,87.30999755859375,87.91999816894531,86.6500015258789,86.79000091552734,60.95671844482422,2257900
2017-01-03,PSX,87.30999755859375,87.91999816894531,86.6500015258789,86.79000091552734,60.95671844482422,2257900
2017-01-04,PSX,87.16999816894531,88.26000213623047,87.08000183105469,87.26000213623047,61.28682327270508,2306900
2017-01-04,PSX,87.16999816894531,88.26000213623047,87.08000183105469,87.26000213623047,61.28682327270508,2306900
2017-01-05,PSX,87.26000213623047,88.12000274658203,86.66000366210938,86.73999786376953,60.92159652709961,2056300
2017-01-05,PSX,87.26000213623047,88.12000274658203,86.66000366210938,86.73999786376953,60.92159652709961,2056300
2017-01-06,PSX,86.77999877929688,86.97000122070312,85.27999877929688,85.4000015258789,59.98046112060547,1989400
2017-01-06,PSX,86.77999877929688,86.97000122070312,85.27999877929688,85.4000015258789,59.98046112060547,1989400
2017-01-09,PSX,84.91000366210938,84.91000366210938,83.75,84.0199966430664,59.01121520996094,2581900
2017-01-09,PSX,84.91000366210938,84.91000366210938,83.75,84.0199966430664,59.01121520996094,2581900
2017-01-10,PSX,84.0,85.18000030517578,83.58999633789062,83.76000213623047,58.82859420776367,3697700
2017-01-10,PSX,84.0,85.18000030517578,83.58999633789062,83.76000213623047,58.82859420776367,3697700
2017-01-11,PSX,83.91000366210938,85.5999984741211,83.80000305175781,84.88999938964844,59.62224578857422,3543500
2017-01-11,PSX,83.91000366210938,85.5999984741211,83.80000305175781,84.88999938964844,59.62224578857422,3543500
2017-01-12,PSX,85.08999633789062,85.12000274658203,83.51000213623047,84.33999633789062,59.235965728759766,2169400
2017-01-12,PSX,85.08999633789062,85.12000274658203,83.51000213623047,84.33999633789062,59.235965728759766,2169400
2017-01-13,PSX,84.05999755859375,84.16000366210938,83.06999969482422,83.29000091552734,58.498512268066406,2242900
2017-01-13,PSX,84.05999755859375,84.16000366210938,83.06999969482422,83.29000091552734,58.498512268066406,2242900
2017-01-17,PSX,83.20999908447266,84.6500015258789,83.08000183105469,83.55999755859375,58.68815231323242,2379700
2017-01-17,PSX,83.20999908447266,84.6500015258789,83.08000183105469,83.55999755859375,58.68815231323242,2379700
2017-01-18,PSX,83.5199966430664,84.51000213623047,83.5,84.12999725341797,59.08845520019531,1967400
2017-01-18,PSX,83.5199966430664,84.51000213623047,83.5,84.12999725341797,59.08845520019531,1967400
2017-01-19,PSX,83.94999694824219,84.08000183105469,82.68000030517578,82.98999786376953,58.28780364990234,1929600
2017-01-19,PSX,83.94999694824219,84.08000183105469,82.68000030517578,82.98999786376953,58.28780364990234,1929600
2017-01-20,PSX,83.48999786376953,84.02999877929688,82.58000183105469,83.04000091552734,58.32291412353516,2068200
2017-01-20,PSX,83.48999786376953,84.02999877929688,82.58000183105469,83.04000091552734,58.32291412353516,2068200
2017-01-23,PSX,83.27999877929688,83.37000274658203,82.0199966430664,82.19999694824219,57.73292922973633,2033700
2017-01-23,PSX,83.27999877929688,83.37000274658203,82.0199966430664,82.19999694824219,57.73292922973633,2033700
2017-01-24,PSX,82.63999938964844,84.45999908447266,82.55000305175781,84.19000244140625,59.130619049072266,2398500
2017-01-24,PSX,82.63999938964844,84.45999908447266,82.55000305175781,84.19000244140625,59.130619049072266,2398500
2017-01-25,PSX,84.70999908447266,85.29000091552734,84.47000122070312,85.0,59.69951629638672,1707900
2017-01-25,PSX,84.70999908447266,85.29000091552734,84.47000122070312,85.0,59.69951629638672,1707900
2017-01-26,PSX,85.18000030517578,85.33999633789062,84.02999877929688,84.23999786376953,59.16571807861328,1618200
2017-01-26,PSX,85.18000030517578,85.33999633789062,84.02999877929688,84.23999786376953,59.16571807861328,1618200
2017-01-27,PSX,84.01000213623047,84.3499984741211,82.5,82.7699966430664,58.13327026367188,2099300
2017-01-27,PSX,84.01000213623047,84.3499984741211,82.5,82.7699966430664,58.13327026367188,2099300
2017-01-30,PSX,82.5,82.75,81.69000244140625,82.33000183105469,57.82426071166992,2375000
2017-01-30,PSX,82.5,82.75,81.69000244140625,82.33000183105469,57.82426071166992,2375000
2017-01-31,PSX,82.0,82.37000274658203,81.1500015258789,81.62000274658203,57.325565338134766,2740200
2017-01-31,PSX,82.0,82.37000274658203,81.1500015258789,81.62000274658203,57.325565338134766,2740200
2017-02-01,PSX,82.11000061035156,82.31999969482422,80.36000061035156,80.75,56.714542388916016,3030200
2017-02-01,PSX,82.11000061035156,82.31999969482422,80.36000061035156,80.75,56.714542388916016,3030200
2017-02-02,PSX,80.93000030517578,81.26000213623047,80.2300033569336,81.05000305175781,56.92525863647461,3386800
2017-02-02,PSX,80.93000030517578,81.26000213623047,80.2300033569336,81.05000305175781,56.92525863647461,3386800
2017-02-03,PSX,80.5,81.19999694824219,78.81999969482422,79.94999694824219,56.15265655517578,3672500
2017-02-03,PSX,80.5,81.19999694824219,78.81999969482422,79.94999694824219,56.15265655517578,3672500
2017-02-06,PSX,80.0,80.19000244140625,79.0,79.13999938964844,55.58374786376953,3016700
2017-02-06,PSX,80.0,80.19000244140625,79.0,79.13999938964844,55.58374786376953,3016700
2017-02-07,PSX,79.0999984741211,79.13999938964844,77.80999755859375,78.55000305175781,55.16936874389648,3255400
2017-02-07,PSX,79.0999984741211,79.13999938964844,77.80999755859375,78.55000305175781,55.16936874389648,3255400
2017-02-08,PSX,78.25,79.0199966430664,77.80999755859375,78.86000061035156,55.38710403442383,3042800
2017-02-08,PSX,78.25,79.0199966430664,77.80999755859375,78.86000061035156,55.38710403442383,3042800
2017-02-09,PSX,78.86000061035156,79.62999725341797,78.86000061035156,79.25,55.66104507446289,2596900
2017-02-09,PSX,78.86000061035156,79.62999725341797,78.86000061035156,79.25,55.66104507446289,2596900
2017-02-10,PSX,79.41999816894531,79.9800033569336,79.37999725341797,79.86000061035156,56.08944320678711,2030700
2017-02-10,PSX,79.41999816894531,79.9800033569336,79.37999725341797,79.86000061035156,56.08944320678711,2030700
2017-02-13,PSX,79.86000061035156,80.12000274658203,79.56999969482422,79.9000015258789,56.1175422668457,2111900
2017-02-13,PSX,79.86000061035156,80.12000274658203,79.56999969482422,79.9000015258789,56.1175422668457,2111900
2017-02-14,PSX,79.9800033569336,80.0999984741211,79.1500015258789,79.9800033569336,56.173736572265625,2543900
2017-02-14,PSX,79.9800033569336,80.0999984741211,79.1500015258789,79.9800033569336,56.173736572265625,2543900
2017-02-15,PSX,79.7300033569336,80.38999938964844,79.66000366210938,80.08000183105469,56.24398422241211,2272800
2017-02-15,PSX,79.7300033569336,80.38999938964844,79.66000366210938,80.08000183105469,56.24398422241211,2272800
2017-02-16,PSX,79.5999984741211,79.69000244140625,78.4000015258789,78.5,55.57144927978516,2939200
2017-02-16,PSX,79.5999984741211,79.69000244140625,78.4000015258789,78.5,55.57144927978516,2939200
2017-02-17,PSX,78.48999786376953,79.23999786376953,78.3499984741211,78.66000366210938,55.684715270996094,2219200
2017-02-17,PSX,78.48999786376953,79.23999786376953,78.3499984741211,78.66000366210938,55.684715270996094,2219200
2017-02-21,PSX,79.08000183105469,79.38999938964844,78.76000213623047,79.02999877929688,55.9466438293457,2833700
2017-02-21,PSX,79.08000183105469,79.38999938964844,78.76000213623047,79.02999877929688,55.9466438293457,2833700
2017-02-22,PSX,79.0,79.0,78.22000122070312,78.37999725341797,55.48648834228516,2017500
2017-02-22,PSX,79.0,79.0,78.22000122070312,78.37999725341797,55.48648834228516,2017500
2017-02-23,PSX,79.0,79.3499984741211,78.36000061035156,78.61000061035156,55.64930725097656,1864600
2017-02-23,PSX,79.0,79.3499984741211,78.36000061035156,78.61000061035156,55.64930725097656,1864600
2017-02-24,PSX,78.38999938964844,78.48999786376953,77.69000244140625,78.02999877929688,55.23872375488281,2225500
2017-02-24,PSX,78.38999938964844,78.48999786376953,77.69000244140625,78.02999877929688,55.23872375488281,2225500
2017-02-27,PSX,78.19999694824219,79.19000244140625,78.0,78.86000061035156,55.826297760009766,2648400
2017-02-27,PSX,78.19999694824219,79.19000244140625,78.0,78.86000061035156,55.826297760009766,2648400
2017-02-28,PSX,78.77999877929688,79.13999938964844,78.11000061035156,78.19000244140625,55.351993560791016,3243100
2017-02-28,PSX,78.77999877929688,79.13999938964844,78.11000061035156,78.19000244140625,55.351993560791016,3243100
2017-03-01,PSX,78.91000366210938,80.02999877929688,78.87999725341797,79.37000274658203,56.18732833862305,3204500
2017-03-01,PSX,78.91000366210938,80.02999877929688,78.87999725341797,79.37000274658203,56.18732833862305,3204500
2017-03-02,PSX,79.27999877929688,79.3499984741211,78.16000366210938,78.33000183105469,55.45111083984375,2550400
2017-03-02,PSX,79.27999877929688,79.3499984741211,78.16000366210938,78.33000183105469,55.45111083984375,2550400
2017-03-03,PSX,78.5,79.02999877929688,78.18000030517578,78.33999633789062,55.45817947387695,1737700
2017-03-03,PSX,78.5,79.02999877929688,78.18000030517578,78.33999633789062,55.45817947387695,1737700
2017-03-06,PSX,78.16000366210938,78.88999938964844,78.01000213623047,78.72000122070312,55.7271842956543,1848200
2017-03-06,PSX,78.16000366210938,78.88999938964844,78.01000213623047,78.72000122070312,55.7271842956543,1848200
2017-03-07,PSX,78.61000061035156,78.80999755859375,77.38999938964844,77.4800033569336,54.84939193725586,2679200
2017-03-07,PSX,78.61000061035156,78.80999755859375,77.38999938964844,77.4800033569336,54.84939193725586,2679200
2017-03-08,PSX,77.61000061035156,78.30999755859375,77.12999725341797,77.25,54.68654251098633,2817600
2017-03-08,PSX,77.61000061035156,78.30999755859375,77.12999725341797,77.25,54.68654251098633,2817600
2017-03-09,PSX,77.0199966430664,77.4000015258789,76.27999877929688,76.83999633789062,54.39632034301758,2684500
2017-03-09,PSX,77.0199966430664,77.4000015258789,76.27999877929688,76.83999633789062,54.39632034301758,2684500
2017-03-10,PSX,77.18000030517578,78.9800033569336,76.58999633789062,78.86000061035156,55.826297760009766,5038100
2017-03-10,PSX,77.18000030517578,78.9800033569336,76.58999633789062,78.86000061035156,55.826297760009766,5038100
2017-03-13,PSX,78.91000366210938,79.48999786376953,78.70999908447266,79.01000213623047,55.93247985839844,2178700
2017-03-13,PSX,78.91000366210938,79.48999786376953,78.70999908447266,79.01000213623047,55.93247985839844,2178700
2017-03-14,PSX,78.5,78.7699966430664,78.16000366210938,78.51000213623047,55.57851791381836,2343400
2017-03-14,PSX,78.5,78.7699966430664,78.16000366210938,78.51000213623047,55.57851791381836,2343400
2017-03-15,PSX,78.94000244140625,80.27999877929688,78.94000244140625,80.1500015258789,56.73951721191406,2411800
2017-03-15,PSX,78.94000244140625,80.27999877929688,78.94000244140625,80.1500015258789,56.73951721191406,2411800
2017-03-16,PSX,80.05999755859375,80.0999984741211,79.41999816894531,79.69000244140625,56.41386795043945,2474600
2017-03-16,PSX,80.05999755859375,80.0999984741211,79.41999816894531,79.69000244140625,56.41386795043945,2474600
2017-03-17,PSX,79.86000061035156,80.08999633789062,79.62999725341797,79.94000244140625,56.5908432006836,2799600
2017-03-17,PSX,79.86000061035156,80.08999633789062,79.62999725341797,79.94000244140625,56.5908432006836,2799600
2017-03-20,PSX,79.87999725341797,79.98999786376953,79.0999984741211,79.41000366210938,56.21564483642578,2285400
2017-03-20,PSX,79.87999725341797,79.98999786376953,79.0999984741211,79.41000366210938,56.21564483642578,2285400
2017-03-21,PSX,79.48999786376953,79.77999877929688,78.26000213623047,78.5999984741211,55.642234802246094,4631300
2017-03-21,PSX,79.48999786376953,79.77999877929688,78.26000213623047,78.5999984741211,55.642234802246094,4631300
2017-03-22,PSX,78.30000305175781,78.94000244140625,77.83999633789062,78.83000183105469,55.8050651550293,3026800
2017-03-22,PSX,78.30000305175781,78.94000244140625,77.83999633789062,78.83000183105469,55.8050651550293,3026800
2017-03-23,PSX,78.56999969482422,79.19000244140625,78.43000030517578,78.4800033569336,55.55730056762695,2211800
2017-03-23,PSX,78.56999969482422,79.19000244140625,78.43000030517578,78.4800033569336,55.55730056762695,2211800
2017-03-24,PSX,78.41999816894531,78.66999816894531,77.12000274658203,77.2699966430664,54.70070266723633,2359700
2017-03-24,PSX,78.41999816894531,78.66999816894531,77.12000274658203,77.2699966430664,54.70070266723633,2359700
2017-03-27,PSX,76.97000122070312,77.79000091552734,76.66000366210938,77.25,54.68654251098633,2089300
2017-03-27,PSX,76.97000122070312,77.79000091552734,76.66000366210938,77.25,54.68654251098633,2089300
2017-03-28,PSX,77.41000366210938,78.11000061035156,77.08000183105469,77.91999816894531,55.16085052490234,2388500
2017-03-28,PSX,77.41000366210938,78.11000061035156,77.08000183105469,77.91999816894531,55.16085052490234,2388500
2017-03-29,PSX,77.80999755859375,78.5,77.54000091552734,78.31999969482422,55.44402313232422,2282000
2017-03-29,PSX,77.80999755859375,78.5,77.54000091552734,78.31999969482422,55.44402313232422,2282000
2017-03-30,PSX,78.37999725341797,78.8499984741211,77.94000244140625,78.58999633789062,55.63515853881836,3241500
2017-03-30,PSX,78.37999725341797,78.8499984741211,77.94000244140625,78.58999633789062,55.63515853881836,3241500
2017-03-31,PSX,78.48999786376953,79.43000030517578,78.41000366210938,79.22000122070312,56.08115005493164,2744100
2017-03-31,PSX,78.48999786376953,79.43000030517578,78.41000366210938,79.22000122070312,56.08115005493164,2744100
2017-04-03,PSX,79.08999633789062,79.22000122070312,78.0,78.29000091552734,55.42277526855469,1711600
2017-04-03,PSX,79.08999633789062,79.22000122070312,78.0,78.29000091552734,55.42277526855469,1711600
2017-04-04,PSX,78.5,78.55000305175781,77.66999816894531,78.43000030517578,55.52188491821289,1368100
2017-04-04,PSX,78.5,78.55000305175781,77.66999816894531,78.43000030517578,55.52188491821289,1368100
2017-04-05,PSX,78.73999786376953,79.4800033569336,77.52999877929688,77.56999969482422,54.9130859375,2867200
2017-04-05,PSX,78.73999786376953,79.4800033569336,77.52999877929688,77.56999969482422,54.9130859375,2867200
2017-04-06,PSX,77.58999633789062,77.6500015258789,76.6500015258789,76.87999725341797,54.42460632324219,3322400
2017-04-06,PSX,77.58999633789062,77.6500015258789,76.6500015258789,76.87999725341797,54.42460632324219,3322400
2017-04-07,PSX,76.95999908447266,77.66000366210938,76.52999877929688,77.1500015258789,54.61577224731445,2484300
2017-04-07,PSX,76.95999908447266,77.66000366210938,76.52999877929688,77.1500015258789,54.61577224731445,2484300
2017-04-10,PSX,77.51000213623047,78.6500015258789,77.5,78.05000305175781,55.25288391113281,2503900
2017-04-10,PSX,77.51000213623047,78.6500015258789,77.5,78.05000305175781,55.25288391113281,2503900
2017-04-11,PSX,77.80999755859375,77.97000122070312,77.1500015258789,77.87999725341797,55.13253402709961,2042900
2017-04-11,PSX,77.80999755859375,77.97000122070312,77.1500015258789,77.87999725341797,55.13253402709961,2042900
2017-04-12,PSX,78.12999725341797,78.26000213623047,77.26000213623047,77.37999725341797,54.77857971191406,2006100
2017-04-12,PSX,78.12999725341797,78.26000213623047,77.26000213623047,77.37999725341797,54.77857971191406,2006100
2017-04-13,PSX,77.26000213623047,77.69000244140625,76.45999908447266,76.66999816894531,54.27594375610352,2606600
2017-04-13,PSX,77.26000213623047,77.69000244140625,76.45999908447266,76.66999816894531,54.27594375610352,2606600
2017-04-17,PSX,76.66000366210938,77.01000213623047,76.56999969482422,77.01000213623047,54.51664733886719,1548800
2017-04-17,PSX,76.66000366210938,77.01000213623047,76.56999969482422,77.01000213623047,54.51664733886719,1548800
2017-04-18,PSX,76.6500015258789,76.98999786376953,75.63999938964844,75.93000030517578,53.7520866394043,2326300
2017-04-18,PSX,76.6500015258789,76.98999786376953,75.63999938964844,75.93000030517578,53.7520866394043,2326300
2017-04-19,PSX,75.94000244140625,76.1500015258789,75.13999938964844,75.33000183105469,53.32735824584961,2511300
2017-04-19,PSX,75.94000244140625,76.1500015258789,75.13999938964844,75.33000183105469,53.32735824584961,2511300
2017-04-20,PSX,75.5,76.37000274658203,75.33000183105469,75.75,53.62466430664063,1682300
2017-04-20,PSX,75.5,76.37000274658203,75.33000183105469,75.75,53.62466430664063,1682300
2017-04-21,PSX,75.5999984741211,76.58999633789062,75.5999984741211,76.3499984741211,54.04941940307617,2561100
2017-04-21,PSX,75.5999984741211,76.58999633789062,75.5999984741211,76.3499984741211,54.04941940307617,2561100
2017-04-24,PSX,77.12000274658203,77.58999633789062,76.73999786376953,77.51000213623047,54.87061309814453,2483300
2017-04-24,PSX,77.12000274658203,77.58999633789062,76.73999786376953,77.51000213623047,54.87061309814453,2483300
2017-04-25,PSX,77.5999984741211,78.18000030517578,77.25,78.08000183105469,55.27413177490234,2632800
2017-04-25,PSX,77.5999984741211,78.18000030517578,77.25,78.08000183105469,55.27413177490234,2632800
2017-04-26,PSX,77.93000030517578,78.88999938964844,77.66000366210938,78.11000061035156,55.29536056518555,2977500
2017-04-26,PSX,77.93000030517578,78.88999938964844,77.66000366210938,78.11000061035156,55.29536056518555,2977500
2017-04-27,PSX,78.01000213623047,78.12999725341797,76.93000030517578,78.05000305175781,55.25288391113281,3001200
2017-04-27,PSX,78.01000213623047,78.12999725341797,76.93000030517578,78.05000305175781,55.25288391113281,3001200
2017-04-28,PSX,79.5999984741211,80.94000244140625,79.06999969482422,79.55999755859375,56.32183456420898,5260800
2017-04-28,PSX,79.5999984741211,80.94000244140625,79.06999969482422,79.55999755859375,56.32183456420898,5260800
2017-05-01,PSX,79.5199966430664,80.3499984741211,79.31999969482422,79.55999755859375,56.32183456420898,2632700
2017-05-01,PSX,79.5199966430664,80.3499984741211,79.31999969482422,79.55999755859375,56.32183456420898,2632700
2017-05-02,PSX,79.93000030517578,80.06999969482422,79.05999755859375,79.26000213623047,56.10947036743164,2202900
2017-05-02,PSX,79.93000030517578,80.06999969482422,79.05999755859375,79.26000213623047,56.10947036743164,2202900
2017-05-03,PSX,78.91000366210938,79.75,78.73999786376953,79.58999633789062,56.343055725097656,1946200
2017-05-03,PSX,78.91000366210938,79.75,78.73999786376953,79.58999633789062,56.343055725097656,1946200
2017-05-04,PSX,79.30000305175781,79.30000305175781,78.0,78.23999786376953,55.387393951416016,2163800
2017-05-04,PSX,79.30000305175781,79.30000305175781,78.0,78.23999786376953,55.387393951416016,2163800
2017-05-05,PSX,78.33000183105469,79.43000030517578,78.31999969482422,79.3499984741211,56.17316436767578,1764000
2017-05-05,PSX,78.33000183105469,79.43000030517578,78.31999969482422,79.3499984741211,56.17316436767578,1764000
2017-05-08,PSX,79.06999969482422,79.7300033569336,78.79000091552734,79.63999938964844,56.37846755981445,1867800
2017-05-08,PSX,79.06999969482422,79.7300033569336,78.79000091552734,79.63999938964844,56.37846755981445,1867800
2017-05-09,PSX,79.54000091552734,80.11000061035156,79.37999725341797,79.5999984741211,56.35016250610352,1455800
2017-05-09,PSX,79.54000091552734,80.11000061035156,79.37999725341797,79.5999984741211,56.35016250610352,1455800
2017-05-10,PSX,79.7699966430664,80.04000091552734,79.45999908447266,79.75,56.45634841918945,1690500
2017-05-10,PSX,79.7699966430664,80.04000091552734,79.45999908447266,79.75,56.45634841918945,1690500
2017-05-11,PSX,79.9000015258789,80.0199966430664,79.20999908447266,79.5199966430664,56.29353332519531,1440400
2017-05-11,PSX,79.9000015258789,80.0199966430664,79.20999908447266,79.5199966430664,56.29353332519531,1440400
2017-05-12,PSX,79.47000122070312,79.9800033569336,79.30000305175781,79.79000091552734,56.48464584350586,1439900
2017-05-12,PSX,79.47000122070312,79.9800033569336,79.30000305175781,79.79000091552734,56.48464584350586,1439900
2017-05-15,PSX,80.29000091552734,80.68000030517578,79.83000183105469,80.12000274658203,56.7182731628418,1725800
2017-05-15,PSX,80.29000091552734,80.68000030517578,79.83000183105469,80.12000274658203,56.7182731628418,1725800
2017-05-16,PSX,79.44000244140625,79.47000122070312,78.22000122070312,78.54000091552734,56.08982849121094,2011800
2017-05-16,PSX,79.44000244140625,79.47000122070312,78.22000122070312,78.54000091552734,56.08982849121094,2011800
2017-05-17,PSX,78.54000091552734,78.77999877929688,77.62999725341797,77.66999816894531,55.4684944152832,2208700
2017-05-17,PSX,78.54000091552734,78.77999877929688,77.62999725341797,77.66999816894531,55.4684944152832,2208700
2017-05-18,PSX,77.37999725341797,77.94000244140625,76.80999755859375,77.55000305175781,55.382808685302734,2534400
2017-05-18,PSX,77.37999725341797,77.94000244140625,76.80999755859375,77.55000305175781,55.382808685302734,2534400
2017-05-19,PSX,77.66000366210938,78.52999877929688,77.3499984741211,78.25,55.88272857666016,2293200
2017-05-19,PSX,77.66000366210938,78.52999877929688,77.3499984741211,78.25,55.88272857666016,2293200
2017-05-22,PSX,78.30999755859375,78.79000091552734,78.20999908447266,78.55000305175781,56.096961975097656,1386600
2017-05-22,PSX,78.30999755859375,78.79000091552734,78.20999908447266,78.55000305175781,56.096961975097656,1386600
2017-05-23,PSX,78.75,78.79000091552734,78.08999633789062,78.13999938964844,55.804141998291016,2977000
2017-05-23,PSX,78.75,78.79000091552734,78.08999633789062,78.13999938964844,55.804141998291016,2977000
2017-05-24,PSX,78.11000061035156,78.61000061035156,77.91000366210938,78.27999877929688,55.90414810180664,1424900
2017-05-24,PSX,78.11000061035156,78.61000061035156,77.91000366210938,78.27999877929688,55.90414810180664,1424900
2017-05-25,PSX,78.51000213623047,78.87999725341797,77.22000122070312,77.41999816894531,55.28995895385742,2765100
2017-05-25,PSX,78.51000213623047,78.87999725341797,77.22000122070312,77.41999816894531,55.28995895385742,2765100
2017-05-26,PSX,77.62999725341797,77.91000366210938,77.1500015258789,77.44000244140625,55.304229736328125,2300400
2017-05-26,PSX,77.62999725341797,77.91000366210938,77.1500015258789,77.44000244140625,55.304229736328125,2300400
2017-05-30,PSX,77.27999877929688,77.68000030517578,76.81999969482422,77.0,54.990020751953125,1920200
2017-05-30,PSX,77.27999877929688,77.68000030517578,76.81999969482422,77.0,54.990020751953125,1920200
2017-05-31,PSX,76.9000015258789,77.2300033569336,76.0,76.11000061035156,54.35440826416016,3842300
2017-05-31,PSX,76.9000015258789,77.2300033569336,76.0,76.11000061035156,54.35440826416016,3842300
2017-06-01,PSX,76.37999725341797,76.70999908447266,75.9000015258789,76.62000274658203,54.7186279296875,2503800
2017-06-01,PSX,76.37999725341797,76.70999908447266,75.9000015258789,76.62000274658203,54.7186279296875,2503800
2017-06-02,PSX,76.16999816894531,76.80999755859375,75.8499984741211,76.37000274658203,54.54008865356445,2150900
2017-06-02,PSX,76.16999816894531,76.80999755859375,75.8499984741211,76.37000274658203,54.54008865356445,2150900
2017-06-05,PSX,76.19000244140625,77.2300033569336,76.19000244140625,76.86000061035156,54.89002990722656,2251900
2017-06-05,PSX,76.19000244140625,77.2300033569336,76.19000244140625,76.86000061035156,54.89002990722656,2251900
2017-06-06,PSX,76.69000244140625,77.0999984741211,76.31999969482422,77.04000091552734,55.01858139038086,1707200
2017-06-06,PSX,76.69000244140625,77.0999984741211,76.31999969482422,77.04000091552734,55.01858139038086,1707200
2017-06-07,PSX,76.63999938964844,77.16000366210938,76.3499984741211,76.95999908447266,54.96145248413086,2556000
2017-06-07,PSX,76.63999938964844,77.16000366210938,76.3499984741211,76.95999908447266,54.96145248413086,2556000
2017-06-08,PSX,76.95999908447266,77.94000244140625,76.80000305175781,77.4000015258789,55.27568435668945,2434700
2017-06-08,PSX,76.95999908447266,77.94000244140625,76.80000305175781,77.4000015258789,55.27568435668945,2434700
2017-06-09,PSX,77.36000061035156,79.69999694824219,77.30000305175781,79.56999969482422,56.82539749145508,2832800
2017-06-09,PSX,77.36000061035156,79.69999694824219,77.30000305175781,79.56999969482422,56.82539749145508,2832800
2017-06-12,PSX,79.56999969482422,80.4800033569336,79.56999969482422,80.20999908447266,57.28245162963867,2971200
2017-06-12,PSX,79.56999969482422,80.4800033569336,79.56999969482422,80.20999908447266,57.28245162963867,2971200
2017-06-13,PSX,80.29000091552734,80.7300033569336,79.9000015258789,80.62999725341797,57.5823860168457,1843100
2017-06-13,PSX,80.29000091552734,80.7300033569336,79.9000015258789,80.62999725341797,57.5823860168457,1843100
2017-06-14,PSX,80.58999633789062,80.63999938964844,78.75,78.77999877929688,56.261207580566406,2810800
2017-06-14,PSX,80.58999633789062,80.63999938964844,78.75,78.77999877929688,56.261207580566406,2810800
2017-06-15,PSX,78.61000061035156,79.37999725341797,78.52999877929688,79.08000183105469,56.47544479370117,2157300
2017-06-15,PSX,78.61000061035156,79.37999725341797,78.52999877929688,79.08000183105469,56.47544479370117,2157300
2017-06-16,PSX,79.43000030517578,80.9800033569336,79.20999908447266,80.94000244140625,57.80377960205078,4870900
2017-06-16,PSX,79.43000030517578,80.9800033569336,79.20999908447266,80.94000244140625,57.80377960205078,4870900
2017-06-19,PSX,80.98999786376953,81.5199966430664,80.8499984741211,81.23999786376953,58.01802444458008,2757400
2017-06-19,PSX,80.98999786376953,81.5199966430664,80.8499984741211,81.23999786376953,58.01802444458008,2757400
2017-06-20,PSX,80.30000305175781,80.5999984741211,78.91000366210938,79.55000305175781,56.81109619140625,2299700
2017-06-20,PSX,80.30000305175781,80.5999984741211,78.91000366210938,79.55000305175781,56.81109619140625,2299700
2017-06-21,PSX,79.55000305175781,79.7699966430664,78.62999725341797,78.88999938964844,56.33977127075195,2073900
2017-06-21,PSX,79.55000305175781,79.7699966430664,78.62999725341797,78.88999938964844,56.33977127075195,2073900
2017-06-22,PSX,79.0199966430664,79.41000366210938,78.62999725341797,78.91000366210938,56.35404968261719,1016100
2017-06-22,PSX,79.0199966430664,79.41000366210938,78.62999725341797,78.91000366210938,56.35404968261719,1016100
2017-06-23,PSX,78.81999969482422,80.37000274658203,78.80000305175781,80.2699966430664,57.325294494628906,2696600
2017-06-23,PSX,78.81999969482422,80.37000274658203,78.80000305175781,80.2699966430664,57.325294494628906,2696600
2017-06-26,PSX,80.27999877929688,80.6500015258789,80.05999755859375,80.23999786376953,57.30387878417969,1512900
2017-06-26,PSX,80.27999877929688,80.6500015258789,80.05999755859375,80.23999786376953,57.30387878417969,1512900
2017-06-27,PSX,80.38999938964844,81.30000305175781,80.23999786376953,80.54000091552734,57.51811599731445,1653900
2017-06-27,PSX,80.38999938964844,81.30000305175781,80.23999786376953,80.54000091552734,57.51811599731445,1653900
2017-06-28,PSX,81.0,82.12999725341797,80.98999786376953,81.79000091552734,58.41081619262695,2317500
2017-06-28,PSX,81.0,82.12999725341797,80.98999786376953,81.79000091552734,58.41081619262695,2317500
2017-06-29,PSX,82.0999984741211,82.81999969482422,81.79000091552734,81.87000274658203,58.46793746948242,2514000
2017-06-29,PSX,82.0999984741211,82.81999969482422,81.79000091552734,81.87000274658203,58.46793746948242,2514000
2017-06-30,PSX,82.31999969482422,83.11000061035156,81.91999816894531,82.69000244140625,59.05355453491211,2458700
2017-06-30,PSX,82.31999969482422,83.11000061035156,81.91999816894531,82.69000244140625,59.05355453491211,2458700
2017-07-03,PSX,82.97000122070312,83.87000274658203,82.91999816894531,83.33999633789062,59.51774978637695,1076900
2017-07-03,PSX,82.97000122070312,83.87000274658203,82.91999816894531,83.33999633789062,59.51774978637695,1076900
2017-07-05,PSX,83.25,83.25,82.1500015258789,82.33000183105469,58.79648208618164,1974200
2017-07-05,PSX,83.25,83.25,82.1500015258789,82.33000183105469,58.79648208618164,1974200
2017-07-06,PSX,82.4000015258789,82.5999984741211,81.69000244140625,81.88999938964844,58.48223876953125,1590800
2017-07-06,PSX,82.4000015258789,82.5999984741211,81.69000244140625,81.88999938964844,58.48223876953125,1590800
2017-07-07,PSX,81.91999816894531,82.81999969482422,81.55000305175781,82.5999984741211,58.989288330078125,1710800
2017-07-07,PSX,81.91999816894531,82.81999969482422,81.55000305175781,82.5999984741211,58.989288330078125,1710800
2017-07-10,PSX,82.4800033569336,82.87000274658203,82.33000183105469,82.45999908447266,58.889305114746094,1498700
2017-07-10,PSX,82.4800033569336,82.87000274658203,82.33000183105469,82.45999908447266,58.889305114746094,1498700
2017-07-11,PSX,82.27999877929688,82.75,81.91000366210938,82.36000061035156,58.81789016723633,1365400
2017-07-11,PSX,82.27999877929688,82.75,81.91000366210938,82.36000061035156,58.81789016723633,1365400
2017-07-12,PSX,82.83000183105469,83.0999984741211,81.91000366210938,82.23999786376953,58.732181549072266,1606000
2017-07-12,PSX,82.83000183105469,83.0999984741211,81.91000366210938,82.23999786376953,58.732181549072266,1606000
2017-07-13,PSX,81.94000244140625,82.25,81.11000061035156,81.72000122070312,58.360836029052734,2318400
2017-07-13,PSX,81.94000244140625,82.25,81.11000061035156,81.72000122070312,58.360836029052734,2318400
2017-07-14,PSX,81.86000061035156,82.3499984741211,81.6500015258789,82.19999694824219,58.70362854003906,1435800
2017-07-14,PSX,81.86000061035156,82.3499984741211,81.6500015258789,82.19999694824219,58.70362854003906,1435800
2017-07-17,PSX,81.91999816894531,82.22000122070312,81.63999938964844,81.80999755859375,58.42512512207031,1843700
2017-07-17,PSX,81.91999816894531,82.22000122070312,81.63999938964844,81.80999755859375,58.42512512207031,1843700
2017-07-18,PSX,82.08999633789062,82.12999725341797,81.51000213623047,81.95999908447266,58.532222747802734,1339100
2017-07-18,PSX,82.08999633789062,82.12999725341797,81.51000213623047,81.95999908447266,58.532222747802734,1339100
2017-07-19,PSX,81.94999694824219,82.94000244140625,81.86000061035156,82.91999816894531,59.217811584472656,1666200
2017-07-19,PSX,81.94999694824219,82.94000244140625,81.86000061035156,82.91999816894531,59.217811584472656,1666200
2017-07-20,PSX,82.97000122070312,83.12000274658203,81.98999786376953,82.36000061035156,58.81789016723633,1167700
2017-07-20,PSX,82.97000122070312,83.12000274658203,81.98999786376953,82.36000061035156,58.81789016723633,1167700
2017-07-21,PSX,82.30999755859375,83.33000183105469,81.9800033569336,82.8499984741211,59.16781234741211,2190600
2017-07-21,PSX,82.30999755859375,83.33000183105469,81.9800033569336,82.8499984741211,59.16781234741211,2190600
2017-07-24,PSX,82.69000244140625,83.0199966430664,82.5199966430664,82.6500015258789,59.02498626708984,1417900
2017-07-24,PSX,82.69000244140625,83.0199966430664,82.5199966430664,82.6500015258789,59.02498626708984,1417900
2017-07-25,PSX,83.20999908447266,84.68000030517578,83.20999908447266,84.44999694824219,60.310489654541016,2335600
2017-07-25,PSX,83.20999908447266,84.68000030517578,83.20999908447266,84.44999694824219,60.310489654541016,2335600
2017-07-26,PSX,84.69000244140625,84.72000122070312,83.62000274658203,83.69999694824219,59.774864196777344,1753700
2017-07-26,PSX,84.69000244140625,84.72000122070312,83.62000274658203,83.69999694824219,59.774864196777344,1753700
2017-07-27,PSX,83.52999877929688,84.93000030517578,83.33999633789062,84.51000213623047,60.35332489013672,2188400
2017-07-27,PSX,83.52999877929688,84.93000030517578,83.33999633789062,84.51000213623047,60.35332489013672,2188400
2017-07-28,PSX,84.23999786376953,84.6500015258789,83.48999786376953,83.6500015258789,59.7391471862793,2169400
2017-07-28,PSX,84.23999786376953,84.6500015258789,83.48999786376953,83.6500015258789,59.7391471862793,2169400
2017-07-31,PSX,83.87999725341797,84.38999938964844,83.75,83.75,59.810585021972656,3641500
2017-07-31,PSX,83.87999725341797,84.38999938964844,83.75,83.75,59.810585021972656,3641500
2017-08-01,PSX,84.04000091552734,85.80999755859375,84.0,85.62999725341797,61.15319061279297,2696700
2017-08-01,PSX,84.04000091552734,85.80999755859375,84.0,85.62999725341797,61.15319061279297,2696700
2017-08-02,PSX,85.44999694824219,87.30000305175781,85.37999725341797,86.66999816894531,61.89590072631836,2952400
2017-08-02,PSX,85.44999694824219,87.30000305175781,85.37999725341797,86.66999816894531,61.89590072631836,2952400
2017-08-03,PSX,86.7699966430664,87.12000274658203,85.58999633789062,85.6500015258789,61.167457580566406,2430100
2017-08-03,PSX,86.7699966430664,87.12000274658203,85.58999633789062,85.6500015258789,61.167457580566406,2430100
2017-08-04,PSX,85.69000244140625,86.19000244140625,85.58000183105469,85.5999984741211,61.13175964355469,2087500
2017-08-04,PSX,85.69000244140625,86.19000244140625,85.58000183105469,85.5999984741211,61.13175964355469,2087500
2017-08-07,PSX,85.52999877929688,85.58999633789062,84.87999725341797,85.06999969482422,60.75325012207031,2187200
2017-08-07,PSX,85.52999877929688,85.58999633789062,84.87999725341797,85.06999969482422,60.75325012207031,2187200
2017-08-08,PSX,84.83999633789062,85.30999755859375,84.52999877929688,85.0199966430664,60.717529296875,1848000
2017-08-08,PSX,84.83999633789062,85.30999755859375,84.52999877929688,85.0199966430664,60.717529296875,1848000
2017-08-09,PSX,85.0,85.55999755859375,84.31999969482422,84.48999786376953,60.33905029296875,2297100
2017-08-09,PSX,85.0,85.55999755859375,84.31999969482422,84.48999786376953,60.33905029296875,2297100
2017-08-10,PSX,84.41999816894531,84.75,83.4800033569336,83.63999938964844,59.73201370239258,1850500
2017-08-10,PSX,84.41999816894531,84.75,83.4800033569336,83.63999938964844,59.73201370239258,1850500
2017-08-11,PSX,83.08999633789062,83.80000305175781,82.95999908447266,83.44000244140625,59.58919906616211,1858200
2017-08-11,PSX,83.08999633789062,83.80000305175781,82.95999908447266,83.44000244140625,59.58919906616211,1858200
2017-08-14,PSX,83.5999984741211,84.30000305175781,83.44000244140625,83.87999725341797,59.90340423583984,1758700
2017-08-14,PSX,83.5999984741211,84.30000305175781,83.44000244140625,83.87999725341797,59.90340423583984,1758700
2017-08-15,PSX,83.75,84.08000183105469,83.23999786376953,83.68000030517578,59.76055908203125,1907600
2017-08-15,PSX,83.75,84.08000183105469,83.23999786376953,83.68000030517578,59.76055908203125,1907600
2017-08-16,PSX,83.30999755859375,83.4800033569336,82.76000213623047,83.02999877929688,59.796573638916016,2138400
2017-08-16,PSX,83.30999755859375,83.4800033569336,82.76000213623047,83.02999877929688,59.796573638916016,2138400
2017-08-17,PSX,82.66999816894531,83.01000213623047,80.88999938964844,80.88999938964844,58.25539016723633,2359100
2017-08-17,PSX,82.66999816894531,83.01000213623047,80.88999938964844,80.88999938964844,58.25539016723633,2359100
2017-08-18,PSX,80.80000305175781,82.16999816894531,80.7300033569336,81.55999755859375,58.7379264831543,2288900
2017-08-18,PSX,80.80000305175781,82.16999816894531,80.7300033569336,81.55999755859375,58.7379264831543,2288900
2017-08-21,PSX,81.41000366210938,82.04000091552734,81.13999938964844,81.9000015258789,58.9827766418457,1686900
2017-08-21,PSX,81.41000366210938,82.04000091552734,81.13999938964844,81.9000015258789,58.9827766418457,1686900
2017-08-22,PSX,82.12000274658203,82.5999984741211,81.98999786376953,82.2300033569336,59.22044372558594,1709100
2017-08-22,PSX,82.12000274658203,82.5999984741211,81.98999786376953,82.2300033569336,59.22044372558594,1709100
2017-08-23,PSX,81.97000122070312,82.6500015258789,81.87999725341797,82.36000061035156,59.314064025878906,1159800
2017-08-23,PSX,81.97000122070312,82.6500015258789,81.87999725341797,82.36000061035156,59.314064025878906,1159800
2017-08-24,PSX,82.05999755859375,84.41000366210938,82.05999755859375,83.87000274658203,60.40153503417969,2463200
2017-08-24,PSX,82.05999755859375,84.41000366210938,82.05999755859375,83.87000274658203,60.40153503417969,2463200
2017-08-25,PSX,84.30000305175781,84.83999633789062,83.37000274658203,83.41999816894531,60.077449798583984,1778600
2017-08-25,PSX,84.30000305175781,84.83999633789062,83.37000274658203,83.41999816894531,60.077449798583984,1778600
2017-08-28,PSX,84.11000061035156,84.5999984741211,83.5199966430664,83.6500015258789,60.24309539794922,2285600
2017-08-28,PSX,84.11000061035156,84.5999984741211,83.5199966430664,83.6500015258789,60.24309539794922,2285600
2017-08-29,PSX,83.5,83.98999786376953,83.25,83.5,60.13508605957031,1696800
2017-08-29,PSX,83.5,83.98999786376953,83.25,83.5,60.13508605957031,1696800
2017-08-30,PSX,83.5,83.73999786376953,82.94999694824219,83.5999984741211,60.207069396972656,1853600
2017-08-30,PSX,83.5,83.73999786376953,82.94999694824219,83.5999984741211,60.207069396972656,1853600
2017-08-31,PSX,83.97000122070312,83.9800033569336,83.12000274658203,83.80999755859375,60.35831832885742,2446000
2017-08-31,PSX,83.97000122070312,83.9800033569336,83.12000274658203,83.80999755859375,60.35831832885742,2446000
2017-09-01,PSX,83.87000274658203,84.61000061035156,83.19000244140625,84.43000030517578,60.80482864379883,2048800
2017-09-01,PSX,83.87000274658203,84.61000061035156,83.19000244140625,84.43000030517578,60.80482864379883,2048800
2017-09-05,PSX,84.31999969482422,84.4000015258789,82.66000366210938,83.23999786376953,59.94783020019531,2491400
2017-09-05,PSX,84.31999969482422,84.4000015258789,82.66000366210938,83.23999786376953,59.94783020019531,2491400
2017-09-06,PSX,83.63999938964844,83.94999694824219,83.18000030517578,83.36000061035156,60.03423309326172,1885900
2017-09-06,PSX,83.63999938964844,83.94999694824219,83.18000030517578,83.36000061035156,60.03423309326172,1885900
2017-09-07,PSX,83.4800033569336,84.19999694824219,83.11000061035156,84.04000091552734,60.52396774291992,1853200
2017-09-07,PSX,83.4800033569336,84.19999694824219,83.11000061035156,84.04000091552734,60.52396774291992,1853200
2017-09-08,PSX,84.02999877929688,85.11000061035156,83.95999908447266,84.69999694824219,60.99930191040039,1936700
2017-09-08,PSX,84.02999877929688,85.11000061035156,83.95999908447266,84.69999694824219,60.99930191040039,1936700
2017-09-11,PSX,84.9000015258789,85.41999816894531,84.43000030517578,85.19000244140625,61.352169036865234,1508900
2017-09-11,PSX,84.9000015258789,85.41999816894531,84.43000030517578,85.19000244140625,61.352169036865234,1508900
2017-09-12,PSX,85.19999694824219,85.83999633789062,85.08000183105469,85.7300033569336,61.741058349609375,1567300
2017-09-12,PSX,85.19999694824219,85.83999633789062,85.08000183105469,85.7300033569336,61.741058349609375,1567300
2017-09-13,PSX,85.88999938964844,86.45999908447266,85.5199966430664,86.3499984741211,62.187591552734375,1748100
2017-09-13,PSX,85.88999938964844,86.45999908447266,85.5199966430664,86.3499984741211,62.187591552734375,1748100
2017-09-14,PSX,86.18000030517578,86.76000213623047,85.94999694824219,86.23999786376953,62.10836410522461,2002600
2017-09-14,PSX,86.18000030517578,86.76000213623047,85.94999694824219,86.23999786376953,62.10836410522461,2002600
2017-09-15,PSX,86.30000305175781,87.81999969482422,86.29000091552734,87.66999816894531,63.13821792602539,4363600
2017-09-15,PSX,86.30000305175781,87.81999969482422,86.29000091552734,87.66999816894531,63.13821792602539,4363600
2017-09-18,PSX,87.61000061035156,88.3499984741211,87.5,88.30999755859375,63.599151611328125,1815900
2017-09-18,PSX,87.61000061035156,88.3499984741211,87.5,88.30999755859375,63.599151611328125,1815900
2017-09-19,PSX,88.37000274658203,89.30999755859375,88.0199966430664,89.08999633789062,64.16088104248047,1928600
2017-09-19,PSX,88.37000274658203,89.30999755859375,88.0199966430664,89.08999633789062,64.16088104248047,1928600
2017-09-20,PSX,89.02999877929688,89.51000213623047,88.7699966430664,89.06999969482422,64.14644622802734,2279000
2017-09-20,PSX,89.02999877929688,89.51000213623047,88.7699966430664,89.06999969482422,64.14644622802734,2279000
2017-09-21,PSX,88.9000015258789,89.70999908447266,88.80000305175781,89.13999938964844,64.19689178466797,2035700
2017-09-21,PSX,88.9000015258789,89.70999908447266,88.80000305175781,89.13999938964844,64.19689178466797,2035700
2017-09-22,PSX,89.13999938964844,90.0999984741211,89.0199966430664,89.88999938964844,64.73703002929688,2036600
2017-09-22,PSX,89.13999938964844,90.0999984741211,89.0199966430664,89.88999938964844,64.73703002929688,2036600
2017-09-25,PSX,89.97000122070312,91.5,89.8499984741211,91.01000213623048,65.54361724853516,2039700
2017-09-25,PSX,89.97000122070312,91.5,89.8499984741211,91.01000213623048,65.54361724853516,2039700
2017-09-26,PSX,91.1500015258789,91.68000030517578,90.91000366210938,91.3499984741211,65.78849792480469,1986500
2017-09-26,PSX,91.1500015258789,91.68000030517578,90.91000366210938,91.3499984741211,65.78849792480469,1986500
2017-09-27,PSX,91.38999938964844,92.08000183105467,90.58000183105467,91.8000030517578,66.11255645751953,2468200
2017-09-27,PSX,91.38999938964844,92.08000183105467,90.58000183105467,91.8000030517578,66.11255645751953,2468200
2017-09-28,PSX,91.9800033569336,92.19000244140624,91.29000091552734,91.79000091552734,66.10536193847656,2197400
2017-09-28,PSX,91.9800033569336,92.19000244140624,91.29000091552734,91.79000091552734,66.10536193847656,2197400
2017-09-29,PSX,91.66000366210938,92.08000183105467,91.3499984741211,91.61000061035156,65.97576141357422,1947300
2017-09-29,PSX,91.66000366210938,92.08000183105467,91.3499984741211,91.61000061035156,65.97576141357422,1947300
2017-10-02,PSX,91.36000061035156,92.66999816894533,91.20999908447266,92.37999725341795,66.53026580810547,1929500
2017-10-02,PSX,91.36000061035156,92.66999816894533,91.20999908447266,92.37999725341795,66.53026580810547,1929500
2017-10-03,PSX,93.8000030517578,94.69000244140624,93.25,93.62999725341795,67.43049621582031,2606100
2017-10-03,PSX,93.8000030517578,94.69000244140624,93.25,93.62999725341795,67.43049621582031,2606100
2017-10-04,PSX,93.38999938964844,93.70999908447266,92.76000213623048,93.43000030517578,67.28645324707031,2214300
2017-10-04,PSX,93.38999938964844,93.70999908447266,92.76000213623048,93.43000030517578,67.28645324707031,2214300
2017-10-05,PSX,93.52999877929688,94.12000274658205,93.0999984741211,93.33000183105467,67.21444702148438,2046000
2017-10-05,PSX,93.52999877929688,94.12000274658205,93.0999984741211,93.33000183105467,67.21444702148438,2046000
2017-10-06,PSX,92.7699966430664,93.33000183105467,92.41000366210938,92.81999969482422,66.8471450805664,1769400
2017-10-06,PSX,92.7699966430664,93.33000183105467,92.41000366210938,92.81999969482422,66.8471450805664,1769400
2017-10-09,PSX,93.4499969482422,93.76000213623048,93.04000091552734,93.31999969482422,67.20724487304688,1238700
2017-10-09,PSX,93.4499969482422,93.76000213623048,93.04000091552734,93.31999969482422,67.20724487304688,1238700
2017-10-10,PSX,93.66000366210938,94.0,93.31999969482422,93.47000122070312,67.31527709960938,1109900
2017-10-10,PSX,93.66000366210938,94.0,93.31999969482422,93.47000122070312,67.31527709960938,1109900
2017-10-11,PSX,93.47000122070312,93.9499969482422,92.91999816894533,93.68000030517578,67.46651458740234,1644300
2017-10-11,PSX,93.47000122070312,93.9499969482422,92.91999816894533,93.68000030517578,67.46651458740234,1644300
2017-10-12,PSX,93.4499969482422,94.45999908447266,93.33000183105467,94.33999633789062,67.94184875488281,1692800
2017-10-12,PSX,93.4499969482422,94.45999908447266,93.33000183105467,94.33999633789062,67.94184875488281,1692800
2017-10-13,PSX,94.69000244140624,95.0,94.22000122070312,94.43000030517578,68.00664520263672,1608600
2017-10-13,PSX,94.69000244140624,95.0,94.22000122070312,94.43000030517578,68.00664520263672,1608600
2017-10-16,PSX,93.5,93.79000091552734,90.6999969482422,90.87000274658205,65.44278717041016,3563000
2017-10-16,PSX,93.5,93.79000091552734,90.6999969482422,90.87000274658205,65.44278717041016,3563000
2017-10-17,PSX,90.69000244140624,91.0999984741211,90.4000015258789,90.62999725341795,65.26994323730469,2398400
2017-10-17,PSX,90.69000244140624,91.0999984741211,90.4000015258789,90.62999725341795,65.26994323730469,2398400
2017-10-18,PSX,90.73999786376952,90.87999725341795,89.9000015258789,90.23999786376952,64.98910522460938,1942200
2017-10-18,PSX,90.73999786376952,90.87999725341795,89.9000015258789,90.23999786376952,64.98910522460938,1942200
2017-10-19,PSX,89.70999908447266,90.58000183105467,89.26000213623047,90.38999938964844,65.09710693359375,1899800
2017-10-19,PSX,89.70999908447266,90.58000183105467,89.26000213623047,90.38999938964844,65.09710693359375,1899800
2017-10-20,PSX,90.79000091552734,91.02999877929688,90.38999938964844,90.8000030517578,65.39237213134766,2109800
2017-10-20,PSX,90.79000091552734,91.02999877929688,90.38999938964844,90.8000030517578,65.39237213134766,2109800
2017-10-23,PSX,90.88999938964844,91.76000213623048,90.6999969482422,91.23999786376952,65.70925903320312,2036000
2017-10-23,PSX,90.88999938964844,91.76000213623048,90.6999969482422,91.23999786376952,65.70925903320312,2036000
2017-10-24,PSX,91.27999877929688,91.88999938964844,90.66999816894533,91.83000183105467,66.13417053222656,1425700
2017-10-24,PSX,91.27999877929688,91.88999938964844,90.66999816894533,91.83000183105467,66.13417053222656,1425700
2017-10-25,PSX,91.81999969482422,92.3499984741211,91.2300033569336,91.70999908447266,66.04774475097656,2187400
2017-10-25,PSX,91.81999969482422,92.3499984741211,91.2300033569336,91.70999908447266,66.04774475097656,2187400
2017-10-26,PSX,91.51000213623048,92.0,90.8000030517578,91.18000030517578,65.66606140136719,1683300
2017-10-26,PSX,91.51000213623048,92.0,90.8000030517578,91.18000030517578,65.66606140136719,1683300
2017-10-27,PSX,91.0500030517578,92.08000183105467,90.1999969482422,91.98999786376952,66.24940490722656,2082900
2017-10-27,PSX,91.0500030517578,92.08000183105467,90.1999969482422,91.98999786376952,66.24940490722656,2082900
2017-10-30,PSX,91.58000183105467,92.31999969482422,90.98999786376952,91.0199966430664,65.55081176757812,1922900
2017-10-30,PSX,91.58000183105467,92.31999969482422,90.98999786376952,91.0199966430664,65.55081176757812,1922900
2017-10-31,PSX,90.94000244140624,91.44000244140624,90.29000091552734,91.08000183105467,65.59403228759766,1442200
2017-10-31,PSX,90.94000244140624,91.44000244140624,90.29000091552734,91.08000183105467,65.59403228759766,1442200
2017-11-01,PSX,91.02999877929688,92.6500015258789,90.91999816894533,92.3000030517578,66.47264862060547,2152200
2017-11-01,PSX,91.02999877929688,92.6500015258789,90.91999816894533,92.3000030517578,66.47264862060547,2152200
2017-11-02,PSX,92.20999908447266,93.5999984741211,91.91000366210938,93.45999908447266,67.30805969238281,1822800
2017-11-02,PSX,92.20999908447266,93.5999984741211,91.91000366210938,93.45999908447266,67.30805969238281,1822800
2017-11-03,PSX,93.33000183105467,94.41999816894533,93.05999755859376,93.58000183105467,67.39449310302734,1868100
2017-11-03,PSX,93.33000183105467,94.41999816894533,93.05999755859376,93.58000183105467,67.39449310302734,1868100
2017-11-06,PSX,93.58999633789062,94.9499969482422,93.29000091552734,94.43000030517578,68.00664520263672,1927100
2017-11-06,PSX,93.58999633789062,94.9499969482422,93.29000091552734,94.43000030517578,68.00664520263672,1927100
2017-11-07,PSX,94.66999816894533,94.87000274658205,93.9499969482422,94.56999969482422,68.10747528076172,1370900
2017-11-07,PSX,94.66999816894533,94.87000274658205,93.9499969482422,94.56999969482422,68.10747528076172,1370900
2017-11-08,PSX,94.5199966430664,94.66999816894533,94.0199966430664,94.5500030517578,68.09307098388672,2035400
2017-11-08,PSX,94.5199966430664,94.66999816894533,94.0199966430664,94.5500030517578,68.09307098388672,2035400
2017-11-09,PSX,93.61000061035156,94.62999725341795,93.61000061035156,94.41999816894533,67.99944305419922,1532600
2017-11-09,PSX,93.61000061035156,94.62999725341795,93.61000061035156,94.41999816894533,67.99944305419922,1532600
2017-11-10,PSX,94.30999755859376,94.51000213623048,93.31999969482422,93.66000366210938,67.45208740234375,1347800
2017-11-10,PSX,94.30999755859376,94.51000213623048,93.31999969482422,93.66000366210938,67.45208740234375,1347800
2017-11-13,PSX,93.66000366210938,94.20999908447266,93.1999969482422,93.31999969482422,67.20724487304688,1264000
2017-11-13,PSX,93.66000366210938,94.20999908447266,93.1999969482422,93.31999969482422,67.20724487304688,1264000
2017-11-14,PSX,92.58999633789062,93.38999938964844,92.38999938964844,92.83000183105467,66.8543472290039,1774800
2017-11-14,PSX,92.58999633789062,93.38999938964844,92.38999938964844,92.83000183105467,66.8543472290039,1774800
2017-11-15,PSX,92.1999969482422,93.05999755859376,91.4499969482422,92.56999969482422,66.66709899902344,1766000
2017-11-15,PSX,92.1999969482422,93.05999755859376,91.4499969482422,92.56999969482422,66.66709899902344,1766000
2017-11-16,PSX,92.0,92.73999786376952,91.54000091552734,92.45999908447266,67.0952377319336,2197900
2017-11-16,PSX,92.0,92.73999786376952,91.54000091552734,92.45999908447266,67.0952377319336,2197900
2017-11-17,PSX,92.23999786376952,93.19000244140624,91.97000122070312,92.6500015258789,67.23313903808594,1340700
2017-11-17,PSX,92.23999786376952,93.19000244140624,91.97000122070312,92.6500015258789,67.23313903808594,1340700
2017-11-20,PSX,92.48999786376952,92.9800033569336,92.1500015258789,92.62000274658205,67.21134185791016,919600
2017-11-20,PSX,92.48999786376952,92.9800033569336,92.1500015258789,92.62000274658205,67.21134185791016,919600
2017-11-21,PSX,92.93000030517578,94.04000091552734,92.86000061035156,93.62000274658205,67.9370346069336,1509100
2017-11-21,PSX,92.93000030517578,94.04000091552734,92.86000061035156,93.62000274658205,67.9370346069336,1509100
2017-11-22,PSX,93.66999816894533,93.95999908447266,92.6999969482422,93.29000091552734,67.69756317138672,1414100
2017-11-22,PSX,93.66999816894533,93.95999908447266,92.6999969482422,93.29000091552734,67.69756317138672,1414100
2017-11-24,PSX,93.33000183105467,93.86000061035156,93.29000091552734,93.63999938964844,67.9515380859375,605700
2017-11-24,PSX,93.33000183105467,93.86000061035156,93.29000091552734,93.63999938964844,67.9515380859375,605700
2017-11-27,PSX,93.54000091552734,93.63999938964844,92.5500030517578,92.80999755859376,67.34923553466797,2066200
2017-11-27,PSX,93.54000091552734,93.63999938964844,92.5500030517578,92.80999755859376,67.34923553466797,2066200
2017-11-28,PSX,93.45999908447266,94.22000122070312,92.83999633789062,94.0500030517578,68.24906158447266,1584200
2017-11-28,PSX,93.45999908447266,94.22000122070312,92.83999633789062,94.0500030517578,68.24906158447266,1584200
2017-11-29,PSX,94.0500030517578,95.04000091552734,94.0500030517578,94.91000366210938,68.87313842773438,2004100
2017-11-29,PSX,94.0500030517578,95.04000091552734,94.0500030517578,94.91000366210938,68.87313842773438,2004100
2017-11-30,PSX,95.0,97.69000244140624,94.91999816894533,97.55999755859376,70.79615020751953,3332600
2017-11-30,PSX,95.0,97.69000244140624,94.91999816894533,97.55999755859376,70.79615020751953,3332600
2017-12-01,PSX,97.9800033569336,98.16000366210938,95.3499984741211,97.56999969482422,70.80341339111328,2329600
2017-12-01,PSX,97.9800033569336,98.16000366210938,95.3499984741211,97.56999969482422,70.80341339111328,2329600
2017-12-04,PSX,96.98999786376952,99.3499984741211,96.98999786376952,97.52999877929688,70.77437591552734,1953800
2017-12-04,PSX,96.98999786376952,99.3499984741211,96.98999786376952,97.52999877929688,70.77437591552734,1953800
2017-12-05,PSX,97.75,99.3499984741211,97.54000091552734,98.2699966430664,71.31138610839844,1820200
2017-12-05,PSX,97.75,99.3499984741211,97.54000091552734,98.2699966430664,71.31138610839844,1820200
2017-12-06,PSX,98.12000274658205,98.62000274658205,97.29000091552734,97.58999633789062,70.81790924072266,1612400
2017-12-06,PSX,98.12000274658205,98.62000274658205,97.29000091552734,97.58999633789062,70.81790924072266,1612400
2017-12-07,PSX,97.5,98.29000091552734,97.31999969482422,97.86000061035156,71.01386260986328,1485700
2017-12-07,PSX,97.5,98.29000091552734,97.31999969482422,97.86000061035156,71.01386260986328,1485700
2017-12-08,PSX,98.5199966430664,99.87000274658205,98.1999969482422,99.5500030517578,72.24022674560547,2360000
2017-12-08,PSX,98.5199966430664,99.87000274658205,98.1999969482422,99.5500030517578,72.24022674560547,2360000
2017-12-11,PSX,99.37000274658205,100.25,99.37000274658205,99.72000122070312,72.36360168457031,1299500
2017-12-11,PSX,99.37000274658205,100.25,99.37000274658205,99.72000122070312,72.36360168457031,1299500
2017-12-12,PSX,99.87999725341795,100.12999725341795,99.0,99.06999969482422,71.89190673828125,1670400
2017-12-12,PSX,99.87999725341795,100.12999725341795,99.0,99.06999969482422,71.89190673828125,1670400
2017-12-13,PSX,99.33000183105467,100.38999938964844,98.98999786376952,99.98999786376952,72.55953216552734,1912700
2017-12-13,PSX,99.33000183105467,100.38999938964844,98.98999786376952,99.98999786376952,72.55953216552734,1912700
2017-12-14,PSX,99.8499984741211,100.45999908447266,99.5500030517578,99.5500030517578,72.24022674560547,1455900
2017-12-14,PSX,99.8499984741211,100.45999908447266,99.5500030517578,99.5500030517578,72.24022674560547,1455900
2017-12-15,PSX,100.0,100.41000366210938,99.58000183105467,99.91999816894533,72.50872802734375,2957300
2017-12-15,PSX,100.0,100.41000366210938,99.58000183105467,99.91999816894533,72.50872802734375,2957300
2017-12-18,PSX,99.91999816894533,100.41999816894533,99.66999816894533,99.9800033569336,72.55227661132812,1833000
2017-12-18,PSX,99.91999816894533,100.41999816894533,99.66999816894533,99.9800033569336,72.55227661132812,1833000
2017-12-19,PSX,100.04000091552734,100.13999938964844,99.06999969482422,99.13999938964844,71.9427261352539,1552300
2017-12-19,PSX,100.04000091552734,100.13999938964844,99.06999969482422,99.13999938964844,71.9427261352539,1552300
2017-12-20,PSX,99.6500015258789,100.9800033569336,99.22000122070312,100.72000122070312,73.08927154541016,2223100
2017-12-20,PSX,99.6500015258789,100.9800033569336,99.22000122070312,100.72000122070312,73.08927154541016,2223100
2017-12-21,PSX,100.66999816894533,100.83999633789062,99.91000366210938,100.08000183105467,72.62483978271484,2359900
2017-12-21,PSX,100.66999816894533,100.83999633789062,99.91000366210938,100.08000183105467,72.62483978271484,2359900
2017-12-22,PSX,100.6500015258789,101.27999877929688,100.30999755859376,100.88999938964844,73.21263885498047,1092600
2017-12-22,PSX,100.6500015258789,101.27999877929688,100.30999755859376,100.88999938964844,73.21263885498047,1092600
2017-12-26,PSX,101.13999938964844,101.80999755859376,100.86000061035156,101.63999938964844,73.75687408447266,900400
2017-12-26,PSX,101.13999938964844,101.80999755859376,100.86000061035156,101.63999938964844,73.75687408447266,900400
2017-12-27,PSX,101.80999755859376,102.43000030517578,101.2699966430664,102.05999755859376,74.06166076660156,1226000
2017-12-27,PSX,101.80999755859376,102.43000030517578,101.2699966430664,102.05999755859376,74.06166076660156,1226000
2017-12-28,PSX,102.0999984741211,102.16000366210938,101.41999816894533,101.95999908447266,73.98910522460938,1258300
2017-12-28,PSX,102.0999984741211,102.16000366210938,101.41999816894533,101.95999908447266,73.98910522460938,1258300
2017-12-29,PSX,102.25,102.29000091552734,101.1500015258789,101.1500015258789,73.40132904052734,1267600
2017-12-29,PSX,102.25,102.29000091552734,101.1500015258789,101.1500015258789,73.40132904052734,1267600
2018-01-02,PSX,101.66000366210938,101.83000183105467,101.06999969482422,101.75,73.83670806884766,1222300
2018-01-02,PSX,101.66000366210938,101.83000183105467,101.06999969482422,101.75,73.83670806884766,1222300
2018-01-03,PSX,101.4499969482422,102.8000030517578,101.41000366210938,102.43000030517578,74.33014678955078,1351700
2018-01-03,PSX,101.4499969482422,102.8000030517578,101.41000366210938,102.43000030517578,74.33014678955078,1351700
2018-01-04,PSX,102.4000015258789,102.72000122070312,101.81999969482422,102.1500015258789,74.12696838378906,1110600
2018-01-04,PSX,102.4000015258789,102.72000122070312,101.81999969482422,102.1500015258789,74.12696838378906,1110600
2018-01-05,PSX,102.1999969482422,102.3499984741211,101.63999938964844,102.16000366210938,74.13423156738281,1752500
2018-01-05,PSX,102.1999969482422,102.3499984741211,101.63999938964844,102.16000366210938,74.13423156738281,1752500
2018-01-08,PSX,102.5,102.5,101.45999908447266,102.05999755859376,74.06166076660156,1236500
2018-01-08,PSX,102.5,102.5,101.45999908447266,102.05999755859376,74.06166076660156,1236500
2018-01-09,PSX,101.9000015258789,102.25,101.37000274658205,101.72000122070312,73.81493377685547,1537000
2018-01-09,PSX,101.9000015258789,102.25,101.37000274658205,101.72000122070312,73.81493377685547,1537000
2018-01-10,PSX,101.91999816894533,102.41000366210938,101.3000030517578,102.08000183105467,74.07617950439453,977500
2018-01-10,PSX,101.91999816894533,102.41000366210938,101.3000030517578,102.08000183105467,74.07617950439453,977500
2018-01-11,PSX,102.62000274658205,102.62000274658205,101.51000213623048,102.37000274658205,74.2865982055664,1358600
2018-01-11,PSX,102.62000274658205,102.62000274658205,101.51000213623048,102.37000274658205,74.2865982055664,1358600
2018-01-12,PSX,102.54000091552734,105.08999633789062,102.5,104.97000122070312,76.17334747314453,1849300
2018-01-12,PSX,102.54000091552734,105.08999633789062,102.5,104.97000122070312,76.17334747314453,1849300
2018-01-16,PSX,104.54000091552734,104.88999938964844,103.16999816894533,103.5,75.10661315917969,2601200
2018-01-16,PSX,104.54000091552734,104.88999938964844,103.16999816894533,103.5,75.10661315917969,2601200
2018-01-17,PSX,103.9499969482422,106.91000366210938,103.83000183105467,106.16000366210938,77.03689575195312,2333400
2018-01-17,PSX,103.9499969482422,106.91000366210938,103.83000183105467,106.16000366210938,77.03689575195312,2333400
2018-01-18,PSX,106.43000030517578,106.43000030517578,104.5500030517578,105.29000091552734,76.40556335449219,1514000
2018-01-18,PSX,106.43000030517578,106.43000030517578,104.5500030517578,105.29000091552734,76.40556335449219,1514000
2018-01-19,PSX,105.52999877929688,105.6500015258789,104.81999969482422,105.62999725341795,76.65230560302734,1657500
2018-01-19,PSX,105.52999877929688,105.6500015258789,104.81999969482422,105.62999725341795,76.65230560302734,1657500
2018-01-22,PSX,105.58999633789062,106.81999969482422,105.38999938964844,106.66000366210938,77.39973449707031,1348000
2018-01-22,PSX,105.58999633789062,106.81999969482422,105.38999938964844,106.66000366210938,77.39973449707031,1348000
2018-01-23,PSX,106.9000015258789,107.33999633789062,106.55999755859376,106.9000015258789,77.57389068603516,1436500
2018-01-23,PSX,106.9000015258789,107.33999633789062,106.55999755859376,106.9000015258789,77.57389068603516,1436500
2018-01-24,PSX,107.22000122070312,107.47000122070312,103.8000030517578,104.62999725341795,75.9266357421875,1945300
2018-01-24,PSX,107.22000122070312,107.47000122070312,103.8000030517578,104.62999725341795,75.9266357421875,1945300
2018-01-25,PSX,105.01000213623048,105.33000183105467,103.97000122070312,104.16999816894533,75.59283447265625,1864000
2018-01-25,PSX,105.01000213623048,105.33000183105467,103.97000122070312,104.16999816894533,75.59283447265625,1864000
2018-01-26,PSX,104.62000274658205,106.91999816894533,104.5199966430664,106.58999633789062,77.34893798828125,2645100
2018-01-26,PSX,104.62000274658205,106.91999816894533,104.5199966430664,106.58999633789062,77.34893798828125,2645100
2018-01-29,PSX,106.12000274658205,106.44000244140624,103.9499969482422,104.25,75.65087127685547,2563500
2018-01-29,PSX,106.12000274658205,106.44000244140624,103.9499969482422,104.25,75.65087127685547,2563500
2018-01-30,PSX,103.0500030517578,103.69000244140624,101.88999938964844,102.27999877929688,74.22130584716797,2049800
2018-01-30,PSX,103.0500030517578,103.69000244140624,101.88999938964844,102.27999877929688,74.22130584716797,2049800
2018-01-31,PSX,102.5999984741211,102.9499969482422,101.63999938964844,102.4000015258789,74.30839538574219,3388700
2018-01-31,PSX,102.5999984741211,102.9499969482422,101.63999938964844,102.4000015258789,74.30839538574219,3388700
2018-02-01,PSX,102.33000183105467,102.98999786376952,99.66999816894533,100.86000061035156,73.19087219238281,3243600
2018-02-01,PSX,102.33000183105467,102.98999786376952,99.66999816894533,100.86000061035156,73.19087219238281,3243600
2018-02-02,PSX,101.0999984741211,101.0999984741211,96.08000183105467,97.01000213623048,70.39705657958984,4492300
2018-02-02,PSX,101.0999984741211,101.0999984741211,96.08000183105467,97.01000213623048,70.39705657958984,4492300
2018-02-05,PSX,95.81999969482422,99.56999969482422,93.5500030517578,95.20999908447266,69.09082794189453,4252500
2018-02-05,PSX,95.81999969482422,99.56999969482422,93.5500030517578,95.20999908447266,69.09082794189453,4252500
2018-02-06,PSX,92.87999725341795,97.0,92.6999969482422,96.87999725341795,70.30270385742188,2894200
2018-02-06,PSX,92.87999725341795,97.0,92.6999969482422,96.87999725341795,70.30270385742188,2894200
2018-02-07,PSX,96.81999969482422,98.08999633789062,95.58999633789062,95.61000061035156,69.3811264038086,2199700
2018-02-07,PSX,96.81999969482422,98.08999633789062,95.58999633789062,95.61000061035156,69.3811264038086,2199700
2018-02-08,PSX,95.48999786376952,95.5199966430664,92.41000366210938,92.44000244140624,67.08075714111328,2621100
2018-02-08,PSX,95.48999786376952,95.5199966430664,92.41000366210938,92.44000244140624,67.08075714111328,2621100
2018-02-09,PSX,93.12000274658205,94.12999725341795,89.13999938964844,92.5999984741211,67.19683837890625,2679300
2018-02-09,PSX,93.12000274658205,94.12999725341795,89.13999938964844,92.5999984741211,67.19683837890625,2679300
2018-02-12,PSX,93.45999908447266,94.7699966430664,92.61000061035156,93.58999633789062,67.91524505615234,1809000
2018-02-12,PSX,93.45999908447266,94.7699966430664,92.61000061035156,93.58999633789062,67.91524505615234,1809000
2018-02-13,PSX,93.23999786376952,94.29000091552734,92.95999908447266,93.76000213623048,68.03861236572266,1441200
2018-02-13,PSX,93.23999786376952,94.29000091552734,92.95999908447266,93.76000213623048,68.03861236572266,1441200
2018-02-14,PSX,93.38999938964844,93.80999755859376,91.31999969482422,93.33000183105467,67.7265853881836,4091300
2018-02-14,PSX,93.38999938964844,93.80999755859376,91.31999969482422,93.33000183105467,67.7265853881836,4091300
2018-02-15,PSX,93.9800033569336,94.4000015258789,91.62000274658205,92.7699966430664,67.32019805908203,2639600
2018-02-15,PSX,93.9800033569336,94.4000015258789,91.62000274658205,92.7699966430664,67.32019805908203,2639600
2018-02-16,PSX,91.77999877929688,92.91999816894533,90.9499969482422,91.98999786376952,67.2616958618164,2220500
2018-02-16,PSX,91.77999877929688,92.91999816894533,90.9499969482422,91.98999786376952,67.2616958618164,2220500
2018-02-20,PSX,91.9499969482422,92.58000183105467,90.26000213623048,90.98999786376952,66.53053283691406,2957100
2018-02-20,PSX,91.9499969482422,92.58000183105467,90.26000213623048,90.98999786376952,66.53053283691406,2957100
2018-02-21,PSX,91.05999755859376,91.52999877929688,89.55999755859375,89.58000183105469,65.49954986572266,2256700
2018-02-21,PSX,91.05999755859376,91.52999877929688,89.55999755859375,89.58000183105469,65.49954986572266,2256700
2018-02-22,PSX,90.0999984741211,91.1999969482422,89.58999633789062,90.12999725341795,65.9017105102539,2905600
2018-02-22,PSX,90.0999984741211,91.1999969482422,89.58999633789062,90.12999725341795,65.9017105102539,2905600
2018-02-23,PSX,90.58999633789062,91.86000061035156,90.11000061035156,91.83000183105467,67.14473724365234,2922000
2018-02-23,PSX,90.58999633789062,91.86000061035156,90.11000061035156,91.83000183105467,67.14473724365234,2922000
2018-02-26,PSX,92.62000274658205,93.2300033569336,91.95999908447266,92.5199966430664,67.64923858642578,3391100
2018-02-26,PSX,92.62000274658205,93.2300033569336,91.95999908447266,92.5199966430664,67.64923858642578,3391100
2018-02-27,PSX,92.7699966430664,93.75,92.0999984741211,92.12000274658205,67.35676574707031,3183100
2018-02-27,PSX,92.7699966430664,93.75,92.0999984741211,92.12000274658205,67.35676574707031,3183100
2018-02-28,PSX,92.9499969482422,93.04000091552734,90.33999633789062,90.37000274658205,66.0771713256836,3233800
2018-02-28,PSX,92.9499969482422,93.04000091552734,90.33999633789062,90.37000274658205,66.0771713256836,3233800
2018-03-01,PSX,90.54000091552734,91.91999816894533,89.5,90.87000274658205,66.44279479980469,3431900
2018-03-01,PSX,90.54000091552734,91.91999816894533,89.5,90.87000274658205,66.44279479980469,3431900
2018-03-02,PSX,90.06999969482422,91.63999938964844,89.79000091552734,91.37000274658205,66.80839538574219,1903800
2018-03-02,PSX,90.06999969482422,91.63999938964844,89.79000091552734,91.37000274658205,66.80839538574219,1903800
2018-03-05,PSX,91.0199966430664,93.22000122070312,90.66999816894533,93.05999755859376,68.0440902709961,2953300
2018-03-05,PSX,91.0199966430664,93.22000122070312,90.66999816894533,93.05999755859376,68.0440902709961,2953300
2018-03-06,PSX,93.5500030517578,94.30999755859376,92.75,93.93000030517578,68.68021392822266,2056500
2018-03-06,PSX,93.5500030517578,94.30999755859376,92.75,93.93000030517578,68.68021392822266,2056500
2018-03-07,PSX,93.02999877929688,95.04000091552734,93.0199966430664,94.22000122070312,68.89225006103516,1791400
2018-03-07,PSX,93.02999877929688,95.04000091552734,93.0199966430664,94.22000122070312,68.89225006103516,1791400
2018-03-08,PSX,94.2300033569336,95.2300033569336,93.5500030517578,95.19000244140624,69.60151672363281,2101300
2018-03-08,PSX,94.2300033569336,95.2300033569336,93.5500030517578,95.19000244140624,69.60151672363281,2101300
2018-03-09,PSX,96.0,96.29000091552734,95.43000030517578,95.91000366210938,70.12794494628906,1776400
2018-03-09,PSX,96.0,96.29000091552734,95.43000030517578,95.91000366210938,70.12794494628906,1776400
2018-03-12,PSX,95.70999908447266,96.25,94.88999938964844,94.98999786376952,69.45524597167969,1310600
2018-03-12,PSX,95.70999908447266,96.25,94.88999938964844,94.98999786376952,69.45524597167969,1310600
2018-03-13,PSX,95.11000061035156,96.12000274658205,94.11000061035156,94.5500030517578,69.13356018066406,1735500
2018-03-13,PSX,95.11000061035156,96.12000274658205,94.11000061035156,94.5500030517578,69.13356018066406,1735500
2018-03-14,PSX,94.83999633789062,95.30999755859376,94.01000213623048,94.20999908447266,68.88493347167969,1607800
2018-03-14,PSX,94.83999633789062,95.30999755859376,94.01000213623048,94.20999908447266,68.88493347167969,1607800
2018-03-15,PSX,94.63999938964844,95.18000030517578,93.25,94.45999908447266,69.0677490234375,2688200
2018-03-15,PSX,94.63999938964844,95.18000030517578,93.25,94.45999908447266,69.0677490234375,2688200
2018-03-16,PSX,94.61000061035156,96.0199966430664,94.58000183105467,95.79000091552734,70.04023742675781,3193400
2018-03-16,PSX,94.61000061035156,96.0199966430664,94.58000183105467,95.79000091552734,70.04023742675781,3193400
2018-03-19,PSX,95.13999938964844,95.4499969482422,93.88999938964844,94.4000015258789,69.02386474609375,1778400
2018-03-19,PSX,95.13999938964844,95.4499969482422,93.88999938964844,94.4000015258789,69.02386474609375,1778400
2018-03-20,PSX,94.68000030517578,95.9000015258789,94.58000183105467,95.0999984741211,69.53571319580078,2011800
2018-03-20,PSX,94.68000030517578,95.9000015258789,94.58000183105467,95.0999984741211,69.53571319580078,2011800
2018-03-21,PSX,95.33999633789062,96.9800033569336,95.1999969482422,96.1500015258789,70.3034439086914,1623300
2018-03-21,PSX,95.33999633789062,96.9800033569336,95.1999969482422,96.1500015258789,70.3034439086914,1623300
2018-03-22,PSX,95.2300033569336,96.22000122070312,94.5,94.6999969482422,69.24321746826172,1401500
2018-03-22,PSX,95.2300033569336,96.22000122070312,94.5,94.6999969482422,69.24321746826172,1401500
2018-03-23,PSX,95.12000274658205,96.16999816894533,93.08000183105467,93.38999938964844,68.28536224365234,1743600
2018-03-23,PSX,95.12000274658205,96.16999816894533,93.08000183105467,93.38999938964844,68.28536224365234,1743600
2018-03-26,PSX,94.7300033569336,96.11000061035156,93.98999786376952,96.0,70.19375610351562,1618800
2018-03-26,PSX,94.7300033569336,96.11000061035156,93.98999786376952,96.0,70.19375610351562,1618800
2018-03-27,PSX,96.33000183105467,97.29000091552734,95.12999725341795,95.70999908447266,69.981689453125,1533100
2018-03-27,PSX,96.33000183105467,97.29000091552734,95.12999725341795,95.70999908447266,69.981689453125,1533100
2018-03-28,PSX,95.7699966430664,96.56999969482422,94.20999908447266,94.33000183105467,68.97268676757812,2399200
2018-03-28,PSX,95.7699966430664,96.56999969482422,94.20999908447266,94.33000183105467,68.97268676757812,2399200
2018-03-29,PSX,94.93000030517578,96.5,94.87000274658205,95.91999816894533,70.13525390625,1553000
2018-03-29,PSX,94.93000030517578,96.5,94.87000274658205,95.91999816894533,70.13525390625,1553000
2018-04-02,PSX,95.83000183105467,96.20999908447266,93.37999725341795,94.9499969482422,69.426025390625,1677600
2018-04-02,PSX,95.83000183105467,96.20999908447266,93.37999725341795,94.9499969482422,69.426025390625,1677600
2018-04-03,PSX,95.4000015258789,96.3000030517578,94.77999877929688,96.18000030517578,70.32537841796875,1511100
2018-04-03,PSX,95.4000015258789,96.3000030517578,94.77999877929688,96.18000030517578,70.32537841796875,1511100
2018-04-04,PSX,94.98999786376952,96.2300033569336,92.68000030517578,95.98999786376952,70.18646240234375,2492100
2018-04-04,PSX,94.98999786376952,96.2300033569336,92.68000030517578,95.98999786376952,70.18646240234375,2492100
2018-04-05,PSX,96.75,98.26000213623048,96.26000213623048,97.7699966430664,71.48796081542969,1856800
2018-04-05,PSX,96.75,98.26000213623048,96.26000213623048,97.7699966430664,71.48796081542969,1856800
2018-04-06,PSX,97.45999908447266,97.88999938964844,95.91999816894533,96.97000122070312,70.90299987792969,2596300
2018-04-06,PSX,97.45999908447266,97.88999938964844,95.91999816894533,96.97000122070312,70.90299987792969,2596300
2018-04-09,PSX,97.33000183105467,98.69000244140624,97.0,97.73999786376952,71.4660415649414,1401200
2018-04-09,PSX,97.33000183105467,98.69000244140624,97.0,97.73999786376952,71.4660415649414,1401200
2018-04-10,PSX,99.11000061035156,100.86000061035156,98.87000274658205,100.25,73.30130767822266,1825300
2018-04-10,PSX,99.11000061035156,100.86000061035156,98.87000274658205,100.25,73.30130767822266,1825300
2018-04-11,PSX,99.9499969482422,102.91999816894533,99.9499969482422,102.5500030517578,74.9830322265625,2247500
2018-04-11,PSX,99.9499969482422,102.91999816894533,99.9499969482422,102.5500030517578,74.9830322265625,2247500
2018-04-12,PSX,102.77999877929688,103.27999877929688,101.9000015258789,102.62999725341795,75.04151153564453,2031600
2018-04-12,PSX,102.77999877929688,103.27999877929688,101.9000015258789,102.62999725341795,75.04151153564453,2031600
2018-04-13,PSX,103.27999877929688,104.19000244140624,102.70999908447266,103.73999786376952,75.85314178466797,1496600
2018-04-13,PSX,103.27999877929688,104.19000244140624,102.70999908447266,103.73999786376952,75.85314178466797,1496600
2018-04-16,PSX,104.2699966430664,107.23999786376952,104.16999816894533,106.81999969482422,78.10519409179688,2142000
2018-04-16,PSX,104.2699966430664,107.23999786376952,104.16999816894533,106.81999969482422,78.10519409179688,2142000
2018-04-17,PSX,107.33999633789062,108.29000091552734,106.44000244140624,107.86000061035156,78.86561584472656,2087300
2018-04-17,PSX,107.33999633789062,108.29000091552734,106.44000244140624,107.86000061035156,78.86561584472656,2087300
2018-04-18,PSX,108.33999633789062,110.08999633789062,108.30999755859376,108.88999938964844,79.61874389648438,2488400
2018-04-18,PSX,108.33999633789062,110.08999633789062,108.30999755859376,108.88999938964844,79.61874389648438,2488400
2018-04-19,PSX,109.05999755859376,110.8499984741211,108.1999969482422,110.63999938964844,80.89830780029297,3075300
2018-04-19,PSX,109.05999755859376,110.8499984741211,108.1999969482422,110.63999938964844,80.89830780029297,3075300
2018-04-20,PSX,110.41000366210938,111.30999755859376,109.7300033569336,110.98999786376952,81.15422821044922,3155400
2018-04-20,PSX,110.41000366210938,111.30999755859376,109.7300033569336,110.98999786376952,81.15422821044922,3155400
2018-04-23,PSX,110.9800033569336,111.47000122070312,109.79000091552734,111.4499969482422,81.49054718017578,1958600
2018-04-23,PSX,110.9800033569336,111.47000122070312,109.79000091552734,111.4499969482422,81.49054718017578,1958600
2018-04-24,PSX,111.9499969482422,113.2699966430664,108.80999755859376,109.2300033569336,79.86734771728516,3092900
2018-04-24,PSX,111.9499969482422,113.2699966430664,108.80999755859376,109.2300033569336,79.86734771728516,3092900
2018-04-25,PSX,108.56999969482422,110.04000091552734,107.5199966430664,109.79000091552734,80.27681732177734,2043200
2018-04-25,PSX,108.56999969482422,110.04000091552734,107.5199966430664,109.79000091552734,80.27681732177734,2043200
2018-04-26,PSX,110.23999786376952,112.88999938964844,109.5199966430664,112.5199966430664,82.27294921875,2819500
2018-04-26,PSX,110.23999786376952,112.88999938964844,109.5199966430664,112.5199966430664,82.27294921875,2819500
2018-04-27,PSX,110.76000213623048,111.97000122070312,109.6999969482422,111.33999633789062,81.41014862060547,2062800
2018-04-27,PSX,110.76000213623048,111.97000122070312,109.6999969482422,111.33999633789062,81.41014862060547,2062800
2018-04-30,PSX,111.87999725341795,113.31999969482422,111.19000244140624,111.30999755859376,81.38819885253906,3310300
2018-04-30,PSX,111.87999725341795,113.31999969482422,111.19000244140624,111.30999755859376,81.38819885253906,3310300
2018-05-01,PSX,111.66999816894533,111.98999786376952,110.33000183105467,111.8499984741211,81.78305053710938,3783500
2018-05-01,PSX,111.66999816894533,111.98999786376952,110.33000183105467,111.8499984741211,81.78305053710938,3783500
2018-05-02,PSX,111.44000244140624,115.47000122070312,111.3499984741211,114.5199966430664,83.73531341552734,3452700
2018-05-02,PSX,111.44000244140624,115.47000122070312,111.3499984741211,114.5199966430664,83.73531341552734,3452700
2018-05-03,PSX,114.0999984741211,115.61000061035156,112.93000030517578,115.58999633789062,84.51768493652344,3096500
2018-05-03,PSX,114.0999984741211,115.61000061035156,112.93000030517578,115.58999633789062,84.51768493652344,3096500
2018-05-04,PSX,115.6999969482422,115.8000030517578,114.44000244140624,115.61000061035156,84.53230285644531,2526400
2018-05-04,PSX,115.6999969482422,115.8000030517578,114.44000244140624,115.61000061035156,84.53230285644531,2526400
2018-05-07,PSX,115.9499969482422,117.98999786376952,115.31999969482422,115.41000366210938,84.38607025146484,2631500
2018-05-07,PSX,115.9499969482422,117.98999786376952,115.31999969482422,115.41000366210938,84.38607025146484,2631500
2018-05-08,PSX,115.4000015258789,116.36000061035156,113.69000244140624,116.25,85.000244140625,3056800
2018-05-08,PSX,115.4000015258789,116.36000061035156,113.69000244140624,116.25,85.000244140625,3056800
2018-05-09,PSX,117.0,118.58999633789062,116.55999755859376,117.5,85.91425323486328,3148100
2018-05-09,PSX,117.0,118.58999633789062,116.55999755859376,117.5,85.91425323486328,3148100
2018-05-10,PSX,118.1500015258789,118.38999938964844,117.18000030517578,117.95999908447266,86.25057983398438,1969600
2018-05-10,PSX,118.1500015258789,118.38999938964844,117.18000030517578,117.95999908447266,86.25057983398438,1969600
2018-05-11,PSX,118.12999725341795,118.45999908447266,117.37000274658205,117.76000213623048,86.10436248779297,1851400
2018-05-11,PSX,118.12999725341795,118.45999908447266,117.37000274658205,117.76000213623048,86.10436248779297,1851400
2018-05-14,PSX,118.25,119.16000366210938,117.87000274658205,118.29000091552734,86.49187469482422,2355200
2018-05-14,PSX,118.25,119.16000366210938,117.87000274658205,118.29000091552734,86.49187469482422,2355200
2018-05-15,PSX,118.0,118.72000122070312,117.4800033569336,118.31999969482422,86.5138168334961,1921700
2018-05-15,PSX,118.0,118.72000122070312,117.4800033569336,118.31999969482422,86.5138168334961,1921700
2018-05-16,PSX,117.91999816894533,118.25,116.13999938964844,118.16000366210938,86.3968276977539,2034300
2018-05-16,PSX,117.91999816894533,118.25,116.13999938964844,118.16000366210938,86.3968276977539,2034300
2018-05-17,PSX,118.7699966430664,122.37999725341795,118.25,121.87000274658205,89.1095199584961,3571800
2018-05-17,PSX,118.7699966430664,122.37999725341795,118.25,121.87000274658205,89.1095199584961,3571800
2018-05-18,PSX,121.16999816894533,121.33999633789062,119.62999725341795,120.33000183105467,88.56488037109375,3423500
2018-05-18,PSX,121.16999816894533,121.33999633789062,119.62999725341795,120.33000183105467,88.56488037109375,3423500
2018-05-21,PSX,121.0,121.5999984741211,120.33999633789062,121.44000244140624,89.38185119628906,2065000
2018-05-21,PSX,121.0,121.5999984741211,120.33999633789062,121.44000244140624,89.38185119628906,2065000
2018-05-22,PSX,121.47000122070312,121.70999908447266,117.7699966430664,118.75,87.40194702148438,2780600
2018-05-22,PSX,121.47000122070312,121.70999908447266,117.7699966430664,118.75,87.40194702148438,2780600
2018-05-23,PSX,117.98999786376952,119.44000244140624,117.30999755859376,118.9499969482422,87.54915618896484,2507700
2018-05-23,PSX,117.98999786376952,119.44000244140624,117.30999755859376,118.9499969482422,87.54915618896484,2507700
2018-05-24,PSX,118.0,119.75,117.38999938964844,118.81999969482422,87.4534912109375,1630700
2018-05-24,PSX,118.0,119.75,117.38999938964844,118.81999969482422,87.4534912109375,1630700
2018-05-25,PSX,116.95999908447266,117.30999755859376,114.4000015258789,115.5999984741211,85.08350372314453,1941700
2018-05-25,PSX,116.95999908447266,117.30999755859376,114.4000015258789,115.5999984741211,85.08350372314453,1941700
2018-05-29,PSX,116.36000061035156,118.16000366210938,115.6999969482422,116.80999755859376,85.97408294677734,2961500
2018-05-29,PSX,116.36000061035156,118.16000366210938,115.6999969482422,116.80999755859376,85.97408294677734,2961500
2018-05-30,PSX,118.23999786376952,119.76000213623048,117.36000061035156,119.18000030517578,87.71846008300781,3583000
2018-05-30,PSX,118.23999786376952,119.76000213623048,117.36000061035156,119.18000030517578,87.71846008300781,3583000
2018-05-31,PSX,119.19000244140624,120.3000030517578,116.43000030517578,116.48999786376952,85.73856353759766,5907100
2018-05-31,PSX,119.19000244140624,120.3000030517578,116.43000030517578,116.48999786376952,85.73856353759766,5907100
2018-06-01,PSX,117.38999938964844,119.16999816894533,116.75,119.0,87.58596801757812,2757000
2018-06-01,PSX,117.38999938964844,119.16999816894533,116.75,119.0,87.58596801757812,2757000
2018-06-04,PSX,119.4000015258789,120.8000030517578,118.58999633789062,119.1999969482422,87.73316192626953,2979100
2018-06-04,PSX,119.4000015258789,120.8000030517578,118.58999633789062,119.1999969482422,87.73316192626953,2979100
2018-06-05,PSX,119.0,119.47000122070312,117.6500015258789,118.83000183105467,87.46085357666016,2369800
2018-06-05,PSX,119.0,119.47000122070312,117.6500015258789,118.83000183105467,87.46085357666016,2369800
2018-06-06,PSX,118.77999877929688,119.13999938964844,116.20999908447266,116.6500015258789,85.85633087158203,2413000
2018-06-06,PSX,118.77999877929688,119.13999938964844,116.20999908447266,116.6500015258789,85.85633087158203,2413000
2018-06-07,PSX,117.29000091552734,117.87000274658205,116.51000213623048,117.44000244140624,86.43778228759766,2478300
2018-06-07,PSX,117.29000091552734,117.87000274658205,116.51000213623048,117.44000244140624,86.43778228759766,2478300
2018-06-08,PSX,117.12000274658205,117.4000015258789,116.25,116.83999633789062,85.99617004394531,2220600
2018-06-08,PSX,117.12000274658205,117.4000015258789,116.25,116.83999633789062,85.99617004394531,2220600
2018-06-11,PSX,116.94000244140624,117.8000030517578,115.9499969482422,117.0199966430664,86.12865447998047,2225200
2018-06-11,PSX,116.94000244140624,117.8000030517578,115.9499969482422,117.0199966430664,86.12865447998047,2225200
2018-06-12,PSX,116.6999969482422,116.95999908447266,115.30999755859376,115.5500030517578,85.04671478271484,2471100
2018-06-12,PSX,116.6999969482422,116.95999908447266,115.30999755859376,115.5500030517578,85.04671478271484,2471100
2018-06-13,PSX,115.5500030517578,116.48999786376952,113.83999633789062,115.75,85.19391632080078,2973000
2018-06-13,PSX,115.5500030517578,116.48999786376952,113.83999633789062,115.75,85.19391632080078,2973000
2018-06-14,PSX,116.61000061035156,117.0,115.3499984741211,115.5500030517578,85.04671478271484,2464100
2018-06-14,PSX,116.61000061035156,117.0,115.3499984741211,115.5500030517578,85.04671478271484,2464100
2018-06-15,PSX,115.12000274658205,116.06999969482422,113.83999633789062,114.3000030517578,84.12669372558594,3483900
2018-06-15,PSX,115.12000274658205,116.06999969482422,113.83999633789062,114.3000030517578,84.12669372558594,3483900
2018-06-18,PSX,114.25,115.79000091552734,113.94000244140624,114.94000244140624,84.59774780273438,2654200
2018-06-18,PSX,114.25,115.79000091552734,113.94000244140624,114.94000244140624,84.59774780273438,2654200
2018-06-19,PSX,113.68000030517578,115.16000366210938,113.4000015258789,114.58000183105467,84.3327865600586,1997000
2018-06-19,PSX,113.68000030517578,115.16000366210938,113.4000015258789,114.58000183105467,84.3327865600586,1997000
2018-06-20,PSX,115.16999816894533,115.2300033569336,113.27999877929688,114.58999633789062,84.34013366699219,2317000
2018-06-20,PSX,115.16999816894533,115.2300033569336,113.27999877929688,114.58999633789062,84.34013366699219,2317000
2018-06-21,PSX,113.9800033569336,114.5,110.97000122070312,111.4499969482422,82.0290298461914,2481200
2018-06-21,PSX,113.9800033569336,114.5,110.97000122070312,111.4499969482422,82.0290298461914,2481200
2018-06-22,PSX,113.41000366210938,114.48999786376952,111.81999969482422,112.0199966430664,82.44857788085938,2965800
2018-06-22,PSX,113.41000366210938,114.48999786376952,111.81999969482422,112.0199966430664,82.44857788085938,2965800
2018-06-25,PSX,111.94000244140624,112.0,109.72000122070312,110.4499969482422,81.29303741455078,1799800
2018-06-25,PSX,111.94000244140624,112.0,109.72000122070312,110.4499969482422,81.29303741455078,1799800
2018-06-26,PSX,110.79000091552734,111.98999786376952,110.6500015258789,110.80999755859376,81.5579833984375,1878400
2018-06-26,PSX,110.79000091552734,111.98999786376952,110.6500015258789,110.80999755859376,81.5579833984375,1878400
2018-06-27,PSX,111.37000274658205,112.47000122070312,110.45999908447266,110.70999908447266,81.48438262939453,1831700
2018-06-27,PSX,111.37000274658205,112.47000122070312,110.45999908447266,110.70999908447266,81.48438262939453,1831700
2018-06-28,PSX,110.76000213623048,112.1999969482422,109.91000366210938,111.73999786376952,82.24248504638672,1723200
2018-06-28,PSX,110.76000213623048,112.1999969482422,109.91000366210938,111.73999786376952,82.24248504638672,1723200
2018-06-29,PSX,112.2699966430664,113.48999786376952,112.08000183105467,112.30999755859376,82.66201782226562,1928000
2018-06-29,PSX,112.2699966430664,113.48999786376952,112.08000183105467,112.30999755859376,82.66201782226562,1928000
2018-07-02,PSX,111.75,112.22000122070312,110.13999938964844,110.61000061035156,81.41078186035156,2516500
2018-07-02,PSX,111.75,112.22000122070312,110.13999938964844,110.61000061035156,81.41078186035156,2516500
2018-07-03,PSX,111.91000366210938,112.19000244140624,110.08000183105467,110.51000213623048,81.33720397949219,1248900
2018-07-03,PSX,111.91000366210938,112.19000244140624,110.08000183105467,110.51000213623048,81.33720397949219,1248900
2018-07-05,PSX,111.58000183105467,111.72000122070312,109.61000061035156,110.1500015258789,81.07221984863281,2070800
2018-07-05,PSX,111.58000183105467,111.72000122070312,109.61000061035156,110.1500015258789,81.07221984863281,2070800
2018-07-06,PSX,109.6999969482422,111.80999755859376,109.06999969482422,111.18000030517578,81.83029174804688,1561300
2018-07-06,PSX,109.6999969482422,111.80999755859376,109.06999969482422,111.18000030517578,81.83029174804688,1561300
2018-07-09,PSX,111.5500030517578,112.9800033569336,111.37000274658205,112.58999633789062,82.86809539794922,1608800
2018-07-09,PSX,111.5500030517578,112.9800033569336,111.37000274658205,112.58999633789062,82.86809539794922,1608800
2018-07-10,PSX,113.0500030517578,114.61000061035156,112.81999969482422,113.19000244140624,83.3097152709961,1867900
2018-07-10,PSX,113.0500030517578,114.61000061035156,112.81999969482422,113.19000244140624,83.3097152709961,1867900
2018-07-11,PSX,112.52999877929688,112.68000030517578,110.16000366210938,110.66000366210938,81.44760131835938,1433500
2018-07-11,PSX,112.52999877929688,112.68000030517578,110.16000366210938,110.66000366210938,81.44760131835938,1433500
2018-07-12,PSX,111.11000061035156,111.5500030517578,109.73999786376952,111.13999938964844,81.80089569091797,1249300
2018-07-12,PSX,111.11000061035156,111.5500030517578,109.73999786376952,111.13999938964844,81.80089569091797,1249300
2018-07-13,PSX,111.0,112.33999633789062,110.8499984741211,111.80999755859376,82.29399871826172,1563300
2018-07-13,PSX,111.0,112.33999633789062,110.8499984741211,111.80999755859376,82.29399871826172,1563300
2018-07-16,PSX,111.58999633789062,112.25,111.1999969482422,111.31999969482422,81.93338012695312,1795100
2018-07-16,PSX,111.58999633789062,112.25,111.1999969482422,111.31999969482422,81.93338012695312,1795100
2018-07-17,PSX,111.11000061035156,111.58000183105467,110.19000244140624,111.05999755859376,81.74201202392578,2062000
2018-07-17,PSX,111.11000061035156,111.58000183105467,110.19000244140624,111.05999755859376,81.74201202392578,2062000
2018-07-18,PSX,110.76000213623048,111.48999786376952,109.68000030517578,110.9000015258789,81.62422943115234,2561700
2018-07-18,PSX,110.76000213623048,111.48999786376952,109.68000030517578,110.9000015258789,81.62422943115234,2561700
2018-07-19,PSX,110.95999908447266,111.48999786376952,110.4499969482422,110.9000015258789,81.62422943115234,2333100
2018-07-19,PSX,110.95999908447266,111.48999786376952,110.4499969482422,110.9000015258789,81.62422943115234,2333100
2018-07-20,PSX,110.8499984741211,111.22000122070312,110.30999755859376,110.36000061035156,81.22679138183594,2334800
2018-07-20,PSX,110.8499984741211,111.22000122070312,110.30999755859376,110.36000061035156,81.22679138183594,2334800
2018-07-23,PSX,111.02999877929688,111.37000274658205,110.0999984741211,110.44000244140624,81.28565979003906,1568000
2018-07-23,PSX,111.02999877929688,111.37000274658205,110.0999984741211,110.44000244140624,81.28565979003906,1568000
2018-07-24,PSX,110.88999938964844,111.98999786376952,110.45999908447266,111.22000122070312,81.85974884033203,2163000
2018-07-24,PSX,110.88999938964844,111.98999786376952,110.45999908447266,111.22000122070312,81.85974884033203,2163000
2018-07-25,PSX,111.5500030517578,112.58999633789062,111.12999725341795,112.3499984741211,82.69145202636719,1671100
2018-07-25,PSX,111.5500030517578,112.58999633789062,111.12999725341795,112.3499984741211,82.69145202636719,1671100
2018-07-26,PSX,112.4800033569336,116.1500015258789,112.4800033569336,116.0,85.3779296875,3212100
2018-07-26,PSX,112.4800033569336,116.1500015258789,112.4800033569336,116.0,85.3779296875,3212100
2018-07-27,PSX,117.79000091552734,120.36000061035156,116.7699966430664,118.79000091552734,87.4314193725586,3715600
2018-07-27,PSX,117.79000091552734,120.36000061035156,116.7699966430664,118.79000091552734,87.4314193725586,3715600
2018-07-30,PSX,119.56999969482422,122.70999908447266,119.56999969482422,122.1500015258789,89.90442657470703,3985900
2018-07-30,PSX,119.56999969482422,122.70999908447266,119.56999969482422,122.1500015258789,89.90442657470703,3985900
2018-07-31,PSX,122.5999984741211,123.87999725341795,122.41000366210938,123.33999633789062,90.78026580810548,3831100
2018-07-31,PSX,122.5999984741211,123.87999725341795,122.41000366210938,123.33999633789062,90.78026580810548,3831100
2018-08-01,PSX,122.5500030517578,123.91999816894533,121.8499984741211,123.01000213623048,90.53740692138672,2679300
2018-08-01,PSX,122.5500030517578,123.91999816894533,121.8499984741211,123.01000213623048,90.53740692138672,2679300
2018-08-02,PSX,122.08000183105467,122.69000244140624,120.8000030517578,122.0500030517578,89.83081817626953,2627000
2018-08-02,PSX,122.08000183105467,122.69000244140624,120.8000030517578,122.0500030517578,89.83081817626953,2627000
2018-08-03,PSX,121.98999786376952,122.41999816894533,120.41000366210938,121.66000366210938,89.54378509521484,1692000
2018-08-03,PSX,121.98999786376952,122.41999816894533,120.41000366210938,121.66000366210938,89.54378509521484,1692000
2018-08-06,PSX,121.72000122070312,123.02999877929688,121.02999877929688,122.54000091552734,90.19148254394533,1542600
2018-08-06,PSX,121.72000122070312,123.02999877929688,121.02999877929688,122.54000091552734,90.19148254394533,1542600
2018-08-07,PSX,122.98999786376952,123.97000122070312,122.4000015258789,122.72000122070312,90.3239517211914,2058100
2018-08-07,PSX,122.98999786376952,123.97000122070312,122.4000015258789,122.72000122070312,90.3239517211914,2058100
2018-08-08,PSX,122.44000244140624,123.08999633789062,121.91000366210938,122.9800033569336,90.5153350830078,1411600
2018-08-08,PSX,122.44000244140624,123.08999633789062,121.91000366210938,122.9800033569336,90.5153350830078,1411600
2018-08-09,PSX,123.08999633789062,123.4800033569336,121.88999938964844,122.18000030517578,89.92652893066406,1897600
2018-08-09,PSX,123.08999633789062,123.4800033569336,121.88999938964844,122.18000030517578,89.92652893066406,1897600
2018-08-10,PSX,121.7300033569336,122.75,121.70999908447266,122.58999633789062,90.22826385498048,1847400
2018-08-10,PSX,121.7300033569336,122.75,121.70999908447266,122.58999633789062,90.22826385498048,1847400
2018-08-13,PSX,122.8499984741211,123.4499969482422,121.5,121.56999969482422,89.47753143310547,1989100
2018-08-13,PSX,122.8499984741211,123.4499969482422,121.5,121.56999969482422,89.47753143310547,1989100
2018-08-14,PSX,121.93000030517578,122.0,120.12999725341795,120.94000244140624,89.01385498046875,2703100
2018-08-14,PSX,121.93000030517578,122.0,120.12999725341795,120.94000244140624,89.01385498046875,2703100
2018-08-15,PSX,120.08999633789062,120.08999633789062,115.2699966430664,115.37999725341795,84.92158508300781,3985400
2018-08-15,PSX,120.08999633789062,120.08999633789062,115.2699966430664,115.37999725341795,84.92158508300781,3985400
2018-08-16,PSX,115.7699966430664,115.9800033569336,114.83999633789062,114.94000244140624,84.59774780273438,2747800
2018-08-16,PSX,115.7699966430664,115.9800033569336,114.83999633789062,114.94000244140624,84.59774780273438,2747800
2018-08-17,PSX,115.33000183105467,115.72000122070312,114.58999633789062,115.44000244140624,84.96573638916016,1774000
2018-08-17,PSX,115.33000183105467,115.72000122070312,114.58999633789062,115.44000244140624,84.96573638916016,1774000
2018-08-20,PSX,114.69000244140624,116.81999969482422,114.4000015258789,116.08000183105467,86.03302001953125,2461600
2018-08-20,PSX,114.69000244140624,116.81999969482422,114.4000015258789,116.08000183105467,86.03302001953125,2461600
2018-08-21,PSX,116.58000183105467,117.8000030517578,115.77999877929688,116.51000213623048,86.3517074584961,2479700
2018-08-21,PSX,116.58000183105467,117.8000030517578,115.77999877929688,116.51000213623048,86.3517074584961,2479700
2018-08-22,PSX,117.02999877929688,117.97000122070312,116.6500015258789,117.0199966430664,86.72968292236328,3889800
2018-08-22,PSX,117.02999877929688,117.97000122070312,116.6500015258789,117.0199966430664,86.72968292236328,3889800
2018-08-23,PSX,116.93000030517578,118.41000366210938,116.29000091552734,118.37000274658205,87.73025512695312,2062700
2018-08-23,PSX,116.93000030517578,118.41000366210938,116.29000091552734,118.37000274658205,87.73025512695312,2062700
2018-08-24,PSX,118.61000061035156,120.01000213623048,118.3499984741211,119.25,88.3824691772461,2959200
2018-08-24,PSX,118.61000061035156,120.01000213623048,118.3499984741211,119.25,88.3824691772461,2959200
2018-08-27,PSX,119.73999786376952,120.37000274658205,119.41999816894533,120.02999877929688,88.96056365966797,2328800
2018-08-27,PSX,119.73999786376952,120.37000274658205,119.41999816894533,120.02999877929688,88.96056365966797,2328800
2018-08-28,PSX,120.25,121.5500030517578,119.62999725341795,119.75,88.7530517578125,2237200
2018-08-28,PSX,120.25,121.5500030517578,119.62999725341795,119.75,88.7530517578125,2237200
2018-08-29,PSX,120.0500030517578,121.01000213623048,119.23999786376952,120.44000244140624,89.26444244384766,1956700
2018-08-29,PSX,120.0500030517578,121.01000213623048,119.23999786376952,120.44000244140624,89.26444244384766,1956700
2018-08-30,PSX,120.75,120.88999938964844,118.54000091552734,119.5500030517578,88.60482788085938,1847300
2018-08-30,PSX,120.75,120.88999938964844,118.54000091552734,119.5500030517578,88.60482788085938,1847300
2018-08-31,PSX,118.91000366210938,119.41999816894533,117.11000061035156,118.51000213623048,87.833984375,2575200
2018-08-31,PSX,118.91000366210938,119.41999816894533,117.11000061035156,118.51000213623048,87.833984375,2575200
2018-09-04,PSX,118.61000061035156,120.23999786376952,118.2699966430664,118.95999908447266,88.16754913330078,2477400
2018-09-04,PSX,118.61000061035156,120.23999786376952,118.2699966430664,118.95999908447266,88.16754913330078,2477400
2018-09-05,PSX,118.66000366210938,118.66000366210938,117.01000213623048,117.98999786376952,87.4486312866211,2324700
2018-09-05,PSX,118.66000366210938,118.66000366210938,117.01000213623048,117.98999786376952,87.4486312866211,2324700
2018-09-06,PSX,117.52999877929688,118.9000015258789,116.58000183105467,116.6999969482422,86.4925308227539,1943500
2018-09-06,PSX,117.52999877929688,118.9000015258789,116.58000183105467,116.6999969482422,86.4925308227539,1943500
2018-09-07,PSX,116.1500015258789,116.20999908447266,113.41999816894533,114.3000030517578,84.71377563476562,3032400
2018-09-07,PSX,116.1500015258789,116.20999908447266,113.41999816894533,114.3000030517578,84.71377563476562,3032400
2018-09-10,PSX,114.6500015258789,115.0,113.88999938964844,113.9499969482422,84.45435333251953,2543800
2018-09-10,PSX,114.6500015258789,115.0,113.88999938964844,113.9499969482422,84.45435333251953,2543800
2018-09-11,PSX,112.12000274658205,113.1999969482422,111.58000183105467,112.5500030517578,83.41676330566406,3772500
2018-09-11,PSX,112.12000274658205,113.1999969482422,111.58000183105467,112.5500030517578,83.41676330566406,3772500
2018-09-12,PSX,113.2699966430664,114.4499969482422,111.66000366210938,112.16000366210938,83.12770080566406,3762800
2018-09-12,PSX,113.2699966430664,114.4499969482422,111.66000366210938,112.16000366210938,83.12770080566406,3762800
2018-09-13,PSX,112.44000244140624,113.38999938964844,111.52999877929688,113.0199966430664,83.76508331298828,3368500
2018-09-13,PSX,112.44000244140624,113.38999938964844,111.52999877929688,113.0199966430664,83.76508331298828,3368500
2018-09-14,PSX,112.97000122070312,114.0999984741211,112.97000122070312,113.5999984741211,84.1949462890625,2774300
2018-09-14,PSX,112.97000122070312,114.0999984741211,112.97000122070312,113.5999984741211,84.1949462890625,2774300
2018-09-17,PSX,113.6500015258789,114.0199966430664,112.73999786376952,112.80999755859376,83.60943603515625,2773400
2018-09-17,PSX,113.6500015258789,114.0199966430664,112.73999786376952,112.80999755859376,83.60943603515625,2773400
2018-09-18,PSX,113.41000366210938,114.05999755859376,113.02999877929688,113.3000030517578,83.97261047363281,2521000
2018-09-18,PSX,113.41000366210938,114.05999755859376,113.02999877929688,113.3000030517578,83.97261047363281,2521000
2018-09-19,PSX,113.12000274658205,113.12000274658205,109.20999908447266,109.36000061035156,81.0524673461914,2934800
2018-09-19,PSX,113.12000274658205,113.12000274658205,109.20999908447266,109.36000061035156,81.0524673461914,2934800
2018-09-20,PSX,109.86000061035156,110.8499984741211,108.8499984741211,110.33000183105467,81.7713851928711,3175700
2018-09-20,PSX,109.86000061035156,110.8499984741211,108.8499984741211,110.33000183105467,81.7713851928711,3175700
2018-09-21,PSX,109.88999938964844,111.9499969482422,109.70999908447266,111.66000366210938,82.75711822509766,5963200
2018-09-21,PSX,109.88999938964844,111.9499969482422,109.70999908447266,111.66000366210938,82.75711822509766,5963200
2018-09-24,PSX,112.1999969482422,113.88999938964844,111.69000244140624,113.45999908447266,84.09119415283203,2757500
2018-09-24,PSX,112.1999969482422,113.88999938964844,111.69000244140624,113.45999908447266,84.09119415283203,2757500
2018-09-25,PSX,113.98999786376952,115.9000015258789,113.80999755859376,114.87999725341795,85.14362335205078,2819800
2018-09-25,PSX,113.98999786376952,115.9000015258789,113.80999755859376,114.87999725341795,85.14362335205078,2819800
2018-09-26,PSX,114.91999816894533,115.04000091552734,113.16999816894533,113.88999938964844,84.40990447998047,2692800
2018-09-26,PSX,114.91999816894533,115.04000091552734,113.16999816894533,113.88999938964844,84.40990447998047,2692800
2018-09-27,PSX,114.25,114.8499984741211,112.83999633789062,112.87999725341795,83.66131591796875,1943900
2018-09-27,PSX,114.25,114.8499984741211,112.83999633789062,112.87999725341795,83.66131591796875,1943900
2018-09-28,PSX,112.0,113.62999725341795,111.58000183105467,112.72000122070312,83.54273223876953,2540000
2018-09-28,PSX,112.0,113.62999725341795,111.58000183105467,112.72000122070312,83.54273223876953,2540000
2018-10-01,PSX,113.25,114.93000030517578,113.25,114.4800033569336,84.84717559814453,2021600
2018-10-01,PSX,113.25,114.93000030517578,113.25,114.4800033569336,84.84717559814453,2021600
2018-10-02,PSX,114.63999938964844,115.3000030517578,112.73999786376952,114.69000244140624,85.00281524658203,2884700
2018-10-02,PSX,114.63999938964844,115.3000030517578,112.73999786376952,114.69000244140624,85.00281524658203,2884700
2018-10-03,PSX,115.0999984741211,118.58000183105467,114.58000183105467,118.47000122070312,87.80436706542969,3310000
2018-10-03,PSX,115.0999984741211,118.58000183105467,114.58000183105467,118.47000122070312,87.80436706542969,3310000
2018-10-04,PSX,118.3499984741211,118.86000061035156,116.70999908447266,117.6999969482422,87.23368835449219,2576400
2018-10-04,PSX,118.3499984741211,118.86000061035156,116.70999908447266,117.6999969482422,87.23368835449219,2576400
2018-10-05,PSX,117.9800033569336,118.77999877929688,117.13999938964844,118.37000274658205,87.73025512695312,2572200
2018-10-05,PSX,117.9800033569336,118.77999877929688,117.13999938964844,118.37000274658205,87.73025512695312,2572200
2018-10-08,PSX,117.9000015258789,118.47000122070312,117.06999969482422,118.13999938964844,87.55978393554688,2306300
2018-10-08,PSX,117.9000015258789,118.47000122070312,117.06999969482422,118.13999938964844,87.55978393554688,2306300
2018-10-09,PSX,118.08999633789062,119.13999938964844,117.11000061035156,117.68000030517578,87.21883392333984,2263600
2018-10-09,PSX,118.08999633789062,119.13999938964844,117.11000061035156,117.68000030517578,87.21883392333984,2263600
2018-10-10,PSX,117.75,118.0999984741211,112.94000244140624,113.0500030517578,83.78732299804688,2576500
2018-10-10,PSX,117.75,118.0999984741211,112.94000244140624,113.0500030517578,83.78732299804688,2576500
2018-10-11,PSX,112.5,112.5999984741211,109.16000366210938,109.45999908447266,81.1265869140625,3565200
2018-10-11,PSX,112.5,112.5999984741211,109.16000366210938,109.45999908447266,81.1265869140625,3565200
2018-10-12,PSX,110.87000274658205,111.33000183105467,107.9000015258789,109.45999908447266,81.1265869140625,3078200
2018-10-12,PSX,110.87000274658205,111.33000183105467,107.9000015258789,109.45999908447266,81.1265869140625,3078200
2018-10-15,PSX,109.4499969482422,109.51000213623048,107.1999969482422,107.20999908447266,79.458984375,2670600
2018-10-15,PSX,109.4499969482422,109.51000213623048,107.1999969482422,107.20999908447266,79.458984375,2670600
2018-10-16,PSX,108.19000244140624,109.93000030517578,107.9499969482422,109.86000061035156,81.42302703857422,2644000
2018-10-16,PSX,108.19000244140624,109.93000030517578,107.9499969482422,109.86000061035156,81.42302703857422,2644000
2018-10-17,PSX,109.94000244140624,110.6500015258789,108.41999816894533,108.77999877929688,80.62259674072266,2214700
2018-10-17,PSX,109.94000244140624,110.6500015258789,108.41999816894533,108.77999877929688,80.62259674072266,2214700
2018-10-18,PSX,108.01000213623048,110.08999633789062,107.70999908447266,109.12000274658205,80.8746109008789,1841100
2018-10-18,PSX,108.01000213623048,110.08999633789062,107.70999908447266,109.12000274658205,80.8746109008789,1841100
2018-10-19,PSX,105.62000274658205,106.86000061035156,102.08000183105467,102.7699966430664,76.16827392578125,4013500
2018-10-19,PSX,105.62000274658205,106.86000061035156,102.08000183105467,102.7699966430664,76.16827392578125,4013500
2018-10-22,PSX,103.26000213623048,103.8000030517578,101.0999984741211,103.1500015258789,76.44989013671875,4927100
2018-10-22,PSX,103.26000213623048,103.8000030517578,101.0999984741211,103.1500015258789,76.44989013671875,4927100
2018-10-23,PSX,101.08999633789062,101.38999938964844,97.93000030517578,99.8000030517578,73.9670639038086,3292200
2018-10-23,PSX,101.08999633789062,101.38999938964844,97.93000030517578,99.8000030517578,73.9670639038086,3292200
2018-10-24,PSX,99.98999786376952,99.98999786376952,95.0500030517578,95.3000030517578,70.63185119628906,3379100
2018-10-24,PSX,99.98999786376952,99.98999786376952,95.0500030517578,95.3000030517578,70.63185119628906,3379100
2018-10-25,PSX,96.76000213623048,99.66000366210938,96.55999755859376,98.48999786376952,72.99613952636719,4015800
2018-10-25,PSX,96.76000213623048,99.66000366210938,96.55999755859376,98.48999786376952,72.99613952636719,4015800
2018-10-26,PSX,101.4499969482422,103.79000091552734,95.3000030517578,99.4499969482422,73.70763397216797,5267700
2018-10-26,PSX,101.4499969482422,103.79000091552734,95.3000030517578,99.4499969482422,73.70763397216797,5267700
2018-10-29,PSX,100.20999908447266,102.02999877929688,97.29000091552734,98.5199966430664,73.01836395263672,2752000
2018-10-29,PSX,100.20999908447266,102.02999877929688,97.29000091552734,98.5199966430664,73.01836395263672,2752000
2018-10-30,PSX,99.37999725341795,102.25,99.37000274658205,102.05999755859376,75.64205169677734,2554400
2018-10-30,PSX,99.37999725341795,102.25,99.37000274658205,102.05999755859376,75.64205169677734,2554400
2018-10-31,PSX,103.12000274658205,104.5999984741211,102.41000366210938,102.81999969482422,76.20532989501953,2688200
2018-10-31,PSX,103.12000274658205,104.5999984741211,102.41000366210938,102.81999969482422,76.20532989501953,2688200
2018-11-01,PSX,102.63999938964844,103.3499984741211,101.1999969482422,102.5,75.96814727783203,2147700
2018-11-01,PSX,102.63999938964844,103.3499984741211,101.1999969482422,102.5,75.96814727783203,2147700
2018-11-02,PSX,103.0500030517578,103.56999969482422,98.52999877929688,99.01000213623048,73.38152313232422,2726700
2018-11-02,PSX,103.0500030517578,103.56999969482422,98.52999877929688,99.01000213623048,73.38152313232422,2726700
2018-11-05,PSX,100.1999969482422,101.1500015258789,99.63999938964844,100.5199966430664,74.50067138671875,2226600
2018-11-05,PSX,100.1999969482422,101.1500015258789,99.63999938964844,100.5199966430664,74.50067138671875,2226600
2018-11-06,PSX,100.5199966430664,100.95999908447266,99.5999984741211,100.87999725341795,74.76748657226562,2185200
2018-11-06,PSX,100.5199966430664,100.95999908447266,99.5999984741211,100.87999725341795,74.76748657226562,2185200
2018-11-07,PSX,102.18000030517578,103.4800033569336,101.37999725341795,103.12000274658205,76.42766571044922,4212300
2018-11-07,PSX,102.18000030517578,103.4800033569336,101.37999725341795,103.12000274658205,76.42766571044922,4212300
2018-11-08,PSX,102.73999786376952,103.06999969482422,97.88999938964844,98.66999816894533,73.12956237792969,2989400
2018-11-08,PSX,102.73999786376952,103.06999969482422,97.88999938964844,98.66999816894533,73.12956237792969,2989400
2018-11-09,PSX,97.83999633789062,100.33999633789062,97.29000091552734,99.73999786376952,73.9225845336914,2096700
2018-11-09,PSX,97.83999633789062,100.33999633789062,97.29000091552734,99.73999786376952,73.9225845336914,2096700
2018-11-12,PSX,100.38999938964844,100.93000030517578,97.5199966430664,97.66999816894533,72.38839721679688,1677300
2018-11-12,PSX,100.38999938964844,100.93000030517578,97.5199966430664,97.66999816894533,72.38839721679688,1677300
2018-11-13,PSX,97.29000091552734,98.23999786376952,94.66999816894533,94.8000030517578,70.26129913330078,2990200
2018-11-13,PSX,97.29000091552734,98.23999786376952,94.66999816894533,94.8000030517578,70.26129913330078,2990200
2018-11-14,PSX,96.4800033569336,97.55999755859376,94.3499984741211,95.5999984741211,70.85418701171875,2933400
2018-11-14,PSX,96.4800033569336,97.55999755859376,94.3499984741211,95.5999984741211,70.85418701171875,2933400
2018-11-15,PSX,95.0,96.4000015258789,94.56999969482422,96.2300033569336,71.32112121582031,2618000
2018-11-15,PSX,95.0,96.4000015258789,94.56999969482422,96.2300033569336,71.32112121582031,2618000
2018-11-16,PSX,96.29000091552734,97.77999877929688,95.83999633789062,96.61000061035156,72.2030258178711,3468800
2018-11-16,PSX,96.29000091552734,97.77999877929688,95.83999633789062,96.61000061035156,72.2030258178711,3468800
2018-11-19,PSX,96.12999725341795,96.61000061035156,93.72000122070312,94.9000015258789,70.92503356933594,1987200
2018-11-19,PSX,96.12999725341795,96.61000061035156,93.72000122070312,94.9000015258789,70.92503356933594,1987200
2018-11-20,PSX,93.45999908447266,94.44000244140624,92.08000183105467,92.54000091552734,69.16123962402344,4553500
2018-11-20,PSX,93.45999908447266,94.44000244140624,92.08000183105467,92.54000091552734,69.16123962402344,4553500
2018-11-21,PSX,93.19000244140624,94.4800033569336,92.0199966430664,93.6500015258789,69.9908447265625,2447400
2018-11-21,PSX,93.19000244140624,94.4800033569336,92.0199966430664,93.6500015258789,69.9908447265625,2447400
2018-11-23,PSX,91.69000244140624,91.98999786376952,88.98999786376953,89.0,66.51555633544922,2169900
2018-11-23,PSX,91.69000244140624,91.98999786376952,88.98999786376953,89.0,66.51555633544922,2169900
2018-11-26,PSX,90.38999938964844,92.19000244140624,90.2300033569336,92.06999969482422,68.80998229980469,3324200
2018-11-26,PSX,90.38999938964844,92.19000244140624,90.2300033569336,92.06999969482422,68.80998229980469,3324200
2018-11-27,PSX,91.6999969482422,91.93000030517578,90.70999908447266,91.26000213623048,68.20460510253906,2675900
2018-11-27,PSX,91.6999969482422,91.93000030517578,90.70999908447266,91.26000213623048,68.20460510253906,2675900
2018-11-28,PSX,91.81999969482422,92.7300033569336,90.0,92.62999725341795,69.22850036621094,3525700
2018-11-28,PSX,91.81999969482422,92.7300033569336,90.0,92.62999725341795,69.22850036621094,3525700
2018-11-29,PSX,93.0,93.83000183105467,92.36000061035156,92.68000030517578,69.26586151123047,2290800
2018-11-29,PSX,93.0,93.83000183105467,92.36000061035156,92.68000030517578,69.26586151123047,2290800
2018-11-30,PSX,92.23999786376952,93.61000061035156,91.58000183105467,93.5199966430664,69.89366149902344,4393700
2018-11-30,PSX,92.23999786376952,93.61000061035156,91.58000183105467,93.5199966430664,69.89366149902344,4393700
2018-12-03,PSX,93.83000183105467,95.9499969482422,90.51000213623048,92.08999633789062,68.82494354248047,5780700
2018-12-03,PSX,93.83000183105467,95.9499969482422,90.51000213623048,92.08999633789062,68.82494354248047,5780700
2018-12-04,PSX,92.62999725341795,93.8499984741211,91.2300033569336,91.4000015258789,68.30924987792969,3191800
2018-12-04,PSX,92.62999725341795,93.8499984741211,91.2300033569336,91.4000015258789,68.30924987792969,3191800
2018-12-06,PSX,89.80000305175781,92.68000030517578,89.06999969482422,92.5999984741211,69.20608520507812,4165300
2018-12-06,PSX,89.80000305175781,92.68000030517578,89.06999969482422,92.5999984741211,69.20608520507812,4165300
2018-12-07,PSX,93.38999938964844,95.01000213623048,89.87999725341797,90.3499984741211,67.5245132446289,3880700
2018-12-07,PSX,93.38999938964844,95.01000213623048,89.87999725341797,90.3499984741211,67.5245132446289,3880700
2018-12-10,PSX,89.5,90.47000122070312,86.62000274658203,88.83999633789062,66.39599609375,2610800
2018-12-10,PSX,89.5,90.47000122070312,86.62000274658203,88.83999633789062,66.39599609375,2610800
2018-12-11,PSX,89.68000030517578,90.62000274658205,87.41999816894531,88.41999816894531,66.08209228515625,2535900
2018-12-11,PSX,89.68000030517578,90.62000274658205,87.41999816894531,88.41999816894531,66.08209228515625,2535900
2018-12-12,PSX,89.83999633789062,90.87999725341795,88.97000122070312,89.25,66.70240783691406,2570700
2018-12-12,PSX,89.83999633789062,90.87999725341795,88.97000122070312,89.25,66.70240783691406,2570700
2018-12-13,PSX,89.20999908447266,89.86000061035156,87.62000274658203,88.83000183105469,66.38850402832031,3040700
2018-12-13,PSX,89.20999908447266,89.86000061035156,87.62000274658203,88.83000183105469,66.38850402832031,3040700
2018-12-14,PSX,88.31999969482422,90.08000183105467,86.47000122070312,86.83000183105469,64.8937759399414,2867100
2018-12-14,PSX,88.31999969482422,90.08000183105467,86.47000122070312,86.83000183105469,64.8937759399414,2867100
2018-12-17,PSX,86.81999969482422,87.0,84.87000274658203,85.86000061035156,64.16883850097656,4396800
2018-12-17,PSX,86.81999969482422,87.0,84.87000274658203,85.86000061035156,64.16883850097656,4396800
2018-12-18,PSX,86.30999755859375,87.20999908447266,84.29000091552734,84.7300033569336,63.324337005615234,2708700
2018-12-18,PSX,86.30999755859375,87.20999908447266,84.29000091552734,84.7300033569336,63.324337005615234,2708700
2018-12-19,PSX,85.2699966430664,88.19999694824219,84.16000366210938,85.16000366210938,63.64567184448242,3893400
2018-12-19,PSX,85.2699966430664,88.19999694824219,84.16000366210938,85.16000366210938,63.64567184448242,3893400
2018-12-20,PSX,84.37999725341797,86.44000244140625,82.33999633789062,82.77999877929688,61.86695861816406,4929700
2018-12-20,PSX,84.37999725341797,86.44000244140625,82.33999633789062,82.77999877929688,61.86695861816406,4929700
2018-12-21,PSX,82.45999908447266,84.0,81.63999938964844,82.37999725341797,61.5680046081543,5015200
2018-12-21,PSX,82.45999908447266,84.0,81.63999938964844,82.37999725341797,61.5680046081543,5015200
2018-12-24,PSX,81.58999633789062,81.75,78.44000244140625,78.5,58.6682243347168,2322100
2018-12-24,PSX,81.58999633789062,81.75,78.44000244140625,78.5,58.6682243347168,2322100
2018-12-26,PSX,79.01000213623047,84.25,78.93000030517578,84.19999694824219,62.928199768066406,3493300
2018-12-26,PSX,79.01000213623047,84.25,78.93000030517578,84.19999694824219,62.928199768066406,3493300
2018-12-27,PSX,82.94999694824219,85.87000274658203,82.69999694824219,85.81999969482422,64.13893127441406,2737800
2018-12-27,PSX,82.94999694824219,85.87000274658203,82.69999694824219,85.81999969482422,64.13893127441406,2737800
2018-12-28,PSX,86.25,86.87999725341797,84.47000122070312,84.95999908447266,63.496219635009766,2248900
2018-12-28,PSX,86.25,86.87999725341797,84.47000122070312,84.95999908447266,63.496219635009766,2248900
2018-12-31,PSX,85.43000030517578,86.26000213623047,84.61000061035156,86.1500015258789,64.3855972290039,2580600
2018-12-31,PSX,85.43000030517578,86.26000213623047,84.61000061035156,86.1500015258789,64.3855972290039,2580600
2019-01-02,PSX,85.31999969482422,88.44000244140625,85.0,88.12000274658203,65.85787963867188,3147800
2019-01-02,PSX,85.31999969482422,88.44000244140625,85.0,88.12000274658203,65.85787963867188,3147800
2019-01-03,PSX,88.18000030517578,88.45999908447266,85.0999984741211,86.9000015258789,64.94610595703125,3182000
2019-01-03,PSX,88.18000030517578,88.45999908447266,85.0999984741211,86.9000015258789,64.94610595703125,3182000
2019-01-04,PSX,88.44999694824219,91.1500015258789,87.94999694824219,90.83999633789062,67.8907241821289,3307200
2019-01-04,PSX,88.44999694824219,91.1500015258789,87.94999694824219,90.83999633789062,67.8907241821289,3307200
2019-01-07,PSX,90.61000061035156,92.45999908447266,89.55999755859375,91.47000122070312,68.36155700683594,3474000
2019-01-07,PSX,90.61000061035156,92.45999908447266,89.55999755859375,91.47000122070312,68.36155700683594,3474000
2019-01-08,PSX,92.29000091552734,92.56999969482422,90.16999816894533,91.38999938964844,68.30178833007812,2357300
2019-01-08,PSX,92.29000091552734,92.56999969482422,90.16999816894533,91.38999938964844,68.30178833007812,2357300
2019-01-09,PSX,92.3000030517578,92.58999633789062,90.31999969482422,91.98999786376952,68.75018310546875,2588600
2019-01-09,PSX,92.3000030517578,92.58999633789062,90.31999969482422,91.98999786376952,68.75018310546875,2588600
2019-01-10,PSX,91.75,92.98999786376952,90.37000274658205,92.94000244140624,69.46018981933594,2323700
2019-01-10,PSX,91.75,92.98999786376952,90.37000274658205,92.94000244140624,69.46018981933594,2323700
2019-01-11,PSX,92.25,93.69000244140624,91.87000274658205,92.69000244140624,69.27335357666016,2102600
2019-01-11,PSX,92.25,93.69000244140624,91.87000274658205,92.69000244140624,69.27335357666016,2102600
2019-01-14,PSX,91.79000091552734,93.1500015258789,91.31999969482422,92.83000183105467,69.37796783447266,2178600
2019-01-14,PSX,91.79000091552734,93.1500015258789,91.31999969482422,92.83000183105467,69.37796783447266,2178600
2019-01-15,PSX,93.45999908447266,93.7300033569336,91.94000244140624,92.4499969482422,69.09396362304688,1953500
2019-01-15,PSX,93.45999908447266,93.7300033569336,91.94000244140624,92.4499969482422,69.09396362304688,1953500
2019-01-16,PSX,92.12000274658205,93.37000274658205,91.86000061035156,92.98999786376952,69.49755096435547,2316100
2019-01-16,PSX,92.12000274658205,93.37000274658205,91.86000061035156,92.98999786376952,69.49755096435547,2316100
2019-01-17,PSX,92.54000091552734,94.12999725341795,92.30999755859376,93.41999816894533,69.81891632080078,3069200
2019-01-17,PSX,92.54000091552734,94.12999725341795,92.30999755859376,93.41999816894533,69.81891632080078,3069200
2019-01-18,PSX,94.31999969482422,95.76000213623048,92.9000015258789,95.3000030517578,71.22396850585938,4014900
2019-01-18,PSX,94.31999969482422,95.76000213623048,92.9000015258789,95.3000030517578,71.22396850585938,4014900
2019-01-22,PSX,94.61000061035156,95.4000015258789,92.81999969482422,93.0,69.50503540039062,4733500
2019-01-22,PSX,94.61000061035156,95.4000015258789,92.81999969482422,93.0,69.50503540039062,4733500
2019-01-23,PSX,93.29000091552734,93.79000091552734,92.20999908447266,92.62999725341795,69.22850036621094,2542400
2019-01-23,PSX,93.29000091552734,93.79000091552734,92.20999908447266,92.62999725341795,69.22850036621094,2542400
2019-01-24,PSX,92.5,93.02999877929688,91.33000183105467,91.33000183105467,68.2569351196289,3194000
2019-01-24,PSX,92.5,93.02999877929688,91.33000183105467,91.33000183105467,68.2569351196289,3194000
2019-01-25,PSX,92.25,93.62000274658205,91.61000061035156,93.0199966430664,69.51998138427734,2044800
2019-01-25,PSX,92.25,93.62000274658205,91.61000061035156,93.0199966430664,69.51998138427734,2044800
2019-01-28,PSX,92.0,93.0500030517578,91.91000366210938,92.5,69.13134765625,2349500
2019-01-28,PSX,92.0,93.0500030517578,91.91000366210938,92.5,69.13134765625,2349500
2019-01-29,PSX,92.7300033569336,93.69000244140624,91.88999938964844,93.3499984741211,69.76659393310547,2056500
2019-01-29,PSX,92.7300033569336,93.69000244140624,91.88999938964844,93.3499984741211,69.76659393310547,2056500
2019-01-30,PSX,94.04000091552734,95.25,93.6500015258789,94.52999877929688,70.64849090576172,3093300
2019-01-30,PSX,94.04000091552734,95.25,93.6500015258789,94.52999877929688,70.64849090576172,3093300
2019-01-31,PSX,96.0999984741211,96.5999984741211,95.06999969482422,95.41000366210938,71.30616760253906,4044500
2019-01-31,PSX,96.0999984741211,96.5999984741211,95.06999969482422,95.41000366210938,71.30616760253906,4044500
2019-02-01,PSX,95.56999969482422,95.9499969482422,93.41000366210938,94.20999908447266,70.40933227539062,2618100
2019-02-01,PSX,95.56999969482422,95.9499969482422,93.41000366210938,94.20999908447266,70.40933227539062,2618100
2019-02-04,PSX,93.8000030517578,94.76000213623048,93.20999908447266,94.76000213623048,70.82040405273438,2758500
2019-02-04,PSX,93.8000030517578,94.76000213623048,93.20999908447266,94.76000213623048,70.82040405273438,2758500
2019-02-05,PSX,94.76000213623048,95.54000091552734,94.4000015258789,95.16999816894533,71.12682342529297,2849300
2019-02-05,PSX,94.76000213623048,95.54000091552734,94.4000015258789,95.16999816894533,71.12682342529297,2849300
2019-02-06,PSX,94.6500015258789,95.44000244140624,94.33999633789062,94.41999816894533,70.5662841796875,3127800
2019-02-06,PSX,94.6500015258789,95.44000244140624,94.33999633789062,94.41999816894533,70.5662841796875,3127800
2019-02-07,PSX,94.41000366210938,95.20999908447266,91.36000061035156,91.73999786376952,68.56334686279297,5291500
2019-02-07,PSX,94.41000366210938,95.20999908447266,91.36000061035156,91.73999786376952,68.56334686279297,5291500
2019-02-08,PSX,94.91999816894533,95.16999816894533,91.72000122070312,93.5199966430664,69.89366149902344,4248400
2019-02-08,PSX,94.91999816894533,95.16999816894533,91.72000122070312,93.5199966430664,69.89366149902344,4248400
2019-02-11,PSX,92.98999786376952,95.3499984741211,92.87000274658205,94.2300033569336,70.42430114746094,4229500
2019-02-11,PSX,92.98999786376952,95.3499984741211,92.87000274658205,94.2300033569336,70.42430114746094,4229500
2019-02-12,PSX,95.25,95.48999786376952,93.91000366210938,94.0,70.25241088867188,2486000
2019-02-12,PSX,95.25,95.48999786376952,93.91000366210938,94.0,70.25241088867188,2486000
2019-02-13,PSX,94.2699966430664,96.33000183105467,94.08999633789062,96.12000274658205,71.8368148803711,2627100
2019-02-13,PSX,94.2699966430664,96.33000183105467,94.08999633789062,96.12000274658205,71.8368148803711,2627100
2019-02-14,PSX,95.56999969482422,96.2300033569336,95.08999633789062,95.6500015258789,71.48554992675781,2701500
2019-02-14,PSX,95.56999969482422,96.2300033569336,95.08999633789062,95.6500015258789,71.48554992675781,2701500
2019-02-15,PSX,96.0,96.75,95.20999908447266,95.98999786376952,72.34473419189453,2647300
2019-02-15,PSX,96.0,96.75,95.20999908447266,95.98999786376952,72.34473419189453,2647300
2019-02-19,PSX,95.44000244140624,96.95999908447266,95.38999938964844,96.75,72.91751861572266,2108000
2019-02-19,PSX,95.44000244140624,96.95999908447266,95.38999938964844,96.75,72.91751861572266,2108000
2019-02-20,PSX,96.75,98.12999725341795,96.06999969482422,97.4499969482422,73.44509887695312,3586900
2019-02-20,PSX,96.75,98.12999725341795,96.06999969482422,97.4499969482422,73.44509887695312,3586900
2019-02-21,PSX,97.27999877929688,98.2699966430664,96.4000015258789,96.80999755859376,72.96273803710938,2054000
2019-02-21,PSX,97.27999877929688,98.2699966430664,96.4000015258789,96.80999755859376,72.96273803710938,2054000
2019-02-22,PSX,97.77999877929688,98.0999984741211,97.0,97.36000061035156,73.37726593017578,2102500
2019-02-22,PSX,97.77999877929688,98.0999984741211,97.0,97.36000061035156,73.37726593017578,2102500
2019-02-25,PSX,97.1500015258789,97.6999969482422,97.01000213623048,97.29000091552734,73.3244857788086,1661000
2019-02-25,PSX,97.1500015258789,97.6999969482422,97.01000213623048,97.29000091552734,73.3244857788086,1661000
2019-02-26,PSX,97.33000183105467,98.29000091552734,97.18000030517578,97.83999633789062,73.73902130126953,2274400
2019-02-26,PSX,97.33000183105467,98.29000091552734,97.18000030517578,97.83999633789062,73.73902130126953,2274400
2019-02-27,PSX,98.0999984741211,98.83999633789062,97.33000183105467,97.63999938964844,73.58830261230469,1881900
2019-02-27,PSX,98.0999984741211,98.83999633789062,97.33000183105467,97.63999938964844,73.58830261230469,1881900
2019-02-28,PSX,97.93000030517578,98.05999755859376,95.94000244140624,96.36000061035156,72.62358093261719,2351200
2019-02-28,PSX,97.93000030517578,98.05999755859376,95.94000244140624,96.36000061035156,72.62358093261719,2351200
2019-03-01,PSX,96.81999969482422,97.86000061035156,96.45999908447266,97.4800033569336,73.46770477294922,2879000
2019-03-01,PSX,96.81999969482422,97.86000061035156,96.45999908447266,97.4800033569336,73.46770477294922,2879000
2019-03-04,PSX,98.41000366210938,98.41000366210938,95.6500015258789,97.27999877929688,73.31697082519531,2386200
2019-03-04,PSX,98.41000366210938,98.41000366210938,95.6500015258789,97.27999877929688,73.31697082519531,2386200
2019-03-05,PSX,97.47000122070312,97.88999938964844,96.81999969482422,97.45999908447266,73.45260620117188,2511900
2019-03-05,PSX,97.47000122070312,97.88999938964844,96.81999969482422,97.45999908447266,73.45260620117188,2511900
2019-03-06,PSX,97.45999908447266,98.76000213623048,97.04000091552734,97.5999984741211,73.55814361572266,2644600
2019-03-06,PSX,97.45999908447266,98.76000213623048,97.04000091552734,97.5999984741211,73.55814361572266,2644600
2019-03-07,PSX,97.58000183105467,97.70999908447266,95.88999938964844,96.4499969482422,72.69141387939453,3638000
2019-03-07,PSX,97.58000183105467,97.70999908447266,95.88999938964844,96.4499969482422,72.69141387939453,3638000
2019-03-08,PSX,95.26000213623048,95.4499969482422,93.83999633789062,94.30999755859376,71.07855987548828,3334100
2019-03-08,PSX,95.26000213623048,95.4499969482422,93.83999633789062,94.30999755859376,71.07855987548828,3334100
2019-03-11,PSX,95.13999938964844,96.8000030517578,94.81999969482422,96.66999816894533,72.85722351074219,2257400
2019-03-11,PSX,95.13999938964844,96.8000030517578,94.81999969482422,96.66999816894533,72.85722351074219,2257400
2019-03-12,PSX,97.04000091552734,98.23999786376952,96.75,97.38999938964844,73.39987182617188,2362600
2019-03-12,PSX,97.04000091552734,98.23999786376952,96.75,97.38999938964844,73.39987182617188,2362600
2019-03-13,PSX,98.0500030517578,98.3499984741211,97.37999725341795,98.08000183105467,73.9198989868164,2294500
2019-03-13,PSX,98.0500030517578,98.3499984741211,97.37999725341795,98.08000183105467,73.9198989868164,2294500
2019-03-14,PSX,98.25,98.66999816894533,97.6500015258789,98.47000122070312,74.2138442993164,1663000
2019-03-14,PSX,98.25,98.66999816894533,97.6500015258789,98.47000122070312,74.2138442993164,1663000
2019-03-15,PSX,98.0,99.8000030517578,97.9000015258789,98.5199966430664,74.25151062011719,3785800
2019-03-15,PSX,98.0,99.8000030517578,97.9000015258789,98.5199966430664,74.25151062011719,3785800
2019-03-18,PSX,98.5999984741211,99.2699966430664,97.75,98.72000122070312,74.40226745605469,2530800
2019-03-18,PSX,98.5999984741211,99.2699966430664,97.75,98.72000122070312,74.40226745605469,2530800
2019-03-19,PSX,99.29000091552734,100.41000366210938,98.55999755859376,98.88999938964844,74.53036499023438,2932600
2019-03-19,PSX,99.29000091552734,100.41000366210938,98.55999755859376,98.88999938964844,74.53036499023438,2932600
2019-03-20,PSX,98.63999938964844,99.30999755859376,97.8499984741211,98.18000030517578,73.99524688720703,3292600
2019-03-20,PSX,98.63999938964844,99.30999755859376,97.8499984741211,98.18000030517578,73.99524688720703,3292600
2019-03-21,PSX,98.04000091552734,99.13999938964844,97.87000274658205,98.5500030517578,74.27412414550781,2124000
2019-03-21,PSX,98.04000091552734,99.13999938964844,97.87000274658205,98.5500030517578,74.27412414550781,2124000
2019-03-22,PSX,97.72000122070312,97.9800033569336,95.4800033569336,95.9800033569336,72.33718872070312,1856900
2019-03-22,PSX,97.72000122070312,97.9800033569336,95.4800033569336,95.9800033569336,72.33718872070312,1856900
2019-03-25,PSX,95.76000213623048,95.97000122070312,94.93000030517578,95.86000061035156,72.24675750732422,1357500
2019-03-25,PSX,95.76000213623048,95.97000122070312,94.93000030517578,95.86000061035156,72.24675750732422,1357500
2019-03-26,PSX,96.66000366210938,98.30999755859376,96.66000366210938,98.0199966430664,73.87467193603516,2284700
2019-03-26,PSX,96.66000366210938,98.30999755859376,96.66000366210938,98.0199966430664,73.87467193603516,2284700
2019-03-27,PSX,97.75,98.29000091552734,96.97000122070312,97.2699966430664,73.3094253540039,1657400
2019-03-27,PSX,97.75,98.29000091552734,96.97000122070312,97.2699966430664,73.3094253540039,1657400
2019-03-28,PSX,96.80999755859376,97.2699966430664,95.16000366210938,95.66999816894533,72.10356140136719,2524800
2019-03-28,PSX,96.80999755859376,97.2699966430664,95.16000366210938,95.66999816894533,72.10356140136719,2524800
2019-03-29,PSX,96.61000061035156,96.91000366210938,94.4800033569336,95.16999816894533,71.72673034667969,2900400
2019-03-29,PSX,96.61000061035156,96.91000366210938,94.4800033569336,95.16999816894533,71.72673034667969,2900400
2019-04-01,PSX,96.01000213623048,96.29000091552734,94.66000366210938,95.06999969482422,71.6513671875,2635300
2019-04-01,PSX,96.01000213623048,96.29000091552734,94.66000366210938,95.06999969482422,71.6513671875,2635300
2019-04-02,PSX,95.33999633789062,95.77999877929688,93.87000274658205,94.5199966430664,71.2368392944336,2594800
2019-04-02,PSX,95.33999633789062,95.77999877929688,93.87000274658205,94.5199966430664,71.2368392944336,2594800
2019-04-03,PSX,94.95999908447266,96.37000274658205,94.83000183105467,95.04000091552734,71.62875366210938,2096100
2019-04-03,PSX,94.95999908447266,96.37000274658205,94.83000183105467,95.04000091552734,71.62875366210938,2096100
2019-04-04,PSX,95.55999755859376,96.87000274658205,94.56999969482422,96.86000061035156,73.00043487548828,2146800
2019-04-04,PSX,95.55999755859376,96.87000274658205,94.56999969482422,96.86000061035156,73.00043487548828,2146800
2019-04-05,PSX,96.83999633789062,98.12000274658205,96.33000183105467,97.79000091552734,73.70135498046875,2705200
2019-04-05,PSX,96.83999633789062,98.12000274658205,96.33000183105467,97.79000091552734,73.70135498046875,2705200
2019-04-08,PSX,97.87999725341795,98.86000061035156,97.20999908447266,98.3000030517578,74.08570098876953,2332400
2019-04-08,PSX,97.87999725341795,98.86000061035156,97.20999908447266,98.3000030517578,74.08570098876953,2332400
2019-04-09,PSX,97.63999938964844,98.23999786376952,96.95999908447266,97.37000274658205,73.38480377197266,2352800
2019-04-09,PSX,97.63999938964844,98.23999786376952,96.95999908447266,97.37000274658205,73.38480377197266,2352800
2019-04-10,PSX,97.9000015258789,99.33999633789062,97.63999938964844,98.61000061035156,74.3193588256836,1792100
2019-04-10,PSX,97.9000015258789,99.33999633789062,97.63999938964844,98.61000061035156,74.3193588256836,1792100
2019-04-11,PSX,98.7699966430664,99.66000366210938,98.16000366210938,98.51000213623048,74.24398040771484,1486200
2019-04-11,PSX,98.7699966430664,99.66000366210938,98.16000366210938,98.51000213623048,74.24398040771484,1486200
2019-04-12,PSX,99.55999755859376,99.7300033569336,96.95999908447266,97.16999816894533,73.23405456542969,2223700
2019-04-12,PSX,99.55999755859376,99.7300033569336,96.95999908447266,97.16999816894533,73.23405456542969,2223700
2019-04-15,PSX,96.83999633789062,97.16000366210938,96.04000091552734,96.23999786376952,72.53315734863281,1934400
2019-04-15,PSX,96.83999633789062,97.16000366210938,96.04000091552734,96.23999786376952,72.53315734863281,1934400
2019-04-16,PSX,96.1500015258789,96.36000061035156,94.62000274658205,95.9800033569336,72.33718872070312,1829600
2019-04-16,PSX,96.1500015258789,96.36000061035156,94.62000274658205,95.9800033569336,72.33718872070312,1829600
2019-04-17,PSX,96.66000366210938,97.20999908447266,95.94000244140624,96.45999908447266,72.69895935058594,1591600
2019-04-17,PSX,96.66000366210938,97.20999908447266,95.94000244140624,96.45999908447266,72.69895935058594,1591600
2019-04-18,PSX,96.45999908447266,96.75,94.8499984741211,95.41999816894533,71.9151382446289,2400100
2019-04-18,PSX,96.45999908447266,96.75,94.8499984741211,95.41999816894533,71.9151382446289,2400100
2019-04-22,PSX,96.19000244140624,97.37999725341795,95.83000183105467,97.13999938964844,73.21143341064453,1927300
2019-04-22,PSX,96.19000244140624,97.37999725341795,95.83000183105467,97.13999938964844,73.21143341064453,1927300
2019-04-23,PSX,97.37999725341795,97.91999816894533,96.58999633789062,97.4000015258789,73.40742492675781,2461000
2019-04-23,PSX,97.37999725341795,97.91999816894533,96.58999633789062,97.4000015258789,73.40742492675781,2461000
2019-04-24,PSX,97.36000061035156,97.36000061035156,94.04000091552734,94.27999877929688,71.05594635009766,2974100
2019-04-24,PSX,97.36000061035156,97.36000061035156,94.04000091552734,94.27999877929688,71.05594635009766,2974100
2019-04-25,PSX,94.1500015258789,96.04000091552734,93.52999877929688,95.22000122070312,71.76441955566406,2745400
2019-04-25,PSX,94.1500015258789,96.04000091552734,93.52999877929688,95.22000122070312,71.76441955566406,2745400
2019-04-26,PSX,94.8499984741211,95.52999877929688,94.0,94.91999816894533,71.53831481933594,2091500
2019-04-26,PSX,94.8499984741211,95.52999877929688,94.0,94.91999816894533,71.53831481933594,2091500
2019-04-29,PSX,95.25,95.91999816894533,94.87999725341795,95.36000061035156,71.86992645263672,2651200
2019-04-29,PSX,95.25,95.91999816894533,94.87999725341795,95.36000061035156,71.86992645263672,2651200
2019-04-30,PSX,95.5,96.63999938964844,93.6500015258789,94.2699966430664,71.04841613769531,3303300
2019-04-30,PSX,95.5,96.63999938964844,93.6500015258789,94.2699966430664,71.04841613769531,3303300
2019-05-01,PSX,94.25,94.88999938964844,91.77999877929688,91.83999633789062,69.21699523925781,3350700
2019-05-01,PSX,94.25,94.88999938964844,91.77999877929688,91.83999633789062,69.21699523925781,3350700
2019-05-02,PSX,91.75,91.95999908447266,88.87000274658203,89.0999984741211,67.15193939208984,3708800
2019-05-02,PSX,91.75,91.95999908447266,88.87000274658203,89.0999984741211,67.15193939208984,3708800
2019-05-03,PSX,89.88999938964844,90.56999969482422,89.52999877929688,89.55999755859375,67.4986343383789,2811100
2019-05-03,PSX,89.88999938964844,90.56999969482422,89.52999877929688,89.55999755859375,67.4986343383789,2811100
2019-05-06,PSX,88.31999969482422,88.69999694824219,86.9800033569336,87.02999877929688,65.59184265136719,3427500
2019-05-06,PSX,88.31999969482422,88.69999694824219,86.9800033569336,87.02999877929688,65.59184265136719,3427500
2019-05-07,PSX,86.4000015258789,86.66000366210938,84.8499984741211,86.55000305175781,65.2301025390625,3421700
2019-05-07,PSX,86.4000015258789,86.66000366210938,84.8499984741211,86.55000305175781,65.2301025390625,3421700
2019-05-08,PSX,86.66999816894531,87.0,85.4800033569336,85.9000015258789,64.74021911621094,3095300
2019-05-08,PSX,86.66999816894531,87.0,85.4800033569336,85.9000015258789,64.74021911621094,3095300
2019-05-09,PSX,85.45999908447266,86.05999755859375,83.72000122070312,85.75,64.62716674804688,3393700
2019-05-09,PSX,85.45999908447266,86.05999755859375,83.72000122070312,85.75,64.62716674804688,3393700
2019-05-10,PSX,85.76000213623047,87.12000274658203,84.55000305175781,86.6500015258789,65.30547332763672,3094900
2019-05-10,PSX,85.76000213623047,87.12000274658203,84.55000305175781,86.6500015258789,65.30547332763672,3094900
2019-05-13,PSX,85.5999984741211,86.61000061035156,84.7300033569336,85.79000091552734,64.65729522705078,3065600
2019-05-13,PSX,85.5999984741211,86.61000061035156,84.7300033569336,85.79000091552734,64.65729522705078,3065600
2019-05-14,PSX,86.13999938964844,87.4000015258789,86.05000305175781,86.91999816894531,65.50894165039062,2450300
2019-05-14,PSX,86.13999938964844,87.4000015258789,86.05000305175781,86.91999816894531,65.50894165039062,2450300
2019-05-15,PSX,86.70999908447266,87.6500015258789,86.1500015258789,87.30000305175781,65.79534149169922,2059900
2019-05-15,PSX,86.70999908447266,87.6500015258789,86.1500015258789,87.30000305175781,65.79534149169922,2059900
2019-05-16,PSX,87.5,88.7699966430664,87.5,88.30000305175781,66.54901123046875,2645700
2019-05-16,PSX,87.5,88.7699966430664,87.5,88.30000305175781,66.54901123046875,2645700
2019-05-17,PSX,86.55999755859375,86.73999786376953,84.72000122070312,84.80999755859375,64.57689666748047,2562400
2019-05-17,PSX,86.55999755859375,86.73999786376953,84.72000122070312,84.80999755859375,64.57689666748047,2562400
2019-05-20,PSX,84.62999725341797,85.66999816894531,84.30000305175781,84.5199966430664,64.35608673095703,2106500
2019-05-20,PSX,84.62999725341797,85.66999816894531,84.30000305175781,84.5199966430664,64.35608673095703,2106500
2019-05-21,PSX,84.69999694824219,86.5999984741211,84.68000030517578,86.16000366210938,65.6048355102539,2722600
2019-05-21,PSX,84.69999694824219,86.5999984741211,84.68000030517578,86.16000366210938,65.6048355102539,2722600
2019-05-22,PSX,85.7300033569336,86.29000091552734,85.30000305175781,85.5999984741211,65.17843627929688,2111600
2019-05-22,PSX,85.7300033569336,86.29000091552734,85.30000305175781,85.5999984741211,65.17843627929688,2111600
2019-05-23,PSX,84.30000305175781,84.3499984741211,82.01000213623047,82.2699966430664,62.64286422729492,3020000
2019-05-23,PSX,84.30000305175781,84.3499984741211,82.01000213623047,82.2699966430664,62.64286422729492,3020000
2019-05-24,PSX,83.01000213623047,83.72000122070312,82.23999786376953,82.94000244140625,63.15303802490234,2661600
2019-05-24,PSX,83.01000213623047,83.72000122070312,82.23999786376953,82.94000244140625,63.15303802490234,2661600
2019-05-28,PSX,82.93000030517578,83.26000213623047,82.36000061035156,82.5199966430664,62.83323287963867,3105100
2019-05-28,PSX,82.93000030517578,83.26000213623047,82.36000061035156,82.5199966430664,62.83323287963867,3105100
2019-05-29,PSX,81.76000213623047,82.79000091552734,81.55000305175781,82.75,63.00834655761719,2232000
2019-05-29,PSX,81.76000213623047,82.79000091552734,81.55000305175781,82.75,63.00834655761719,2232000
2019-05-30,PSX,82.41999816894531,83.0199966430664,81.33000183105469,82.05999755859375,62.48295211791992,2449600
2019-05-30,PSX,82.41999816894531,83.0199966430664,81.33000183105469,82.05999755859375,62.48295211791992,2449600
2019-05-31,PSX,80.73999786376953,81.7699966430664,80.23999786376953,80.80000305175781,61.52357482910156,2785000
2019-05-31,PSX,80.73999786376953,81.7699966430664,80.23999786376953,80.80000305175781,61.52357482910156,2785000
2019-06-03,PSX,80.91999816894531,82.2699966430664,80.5999984741211,82.19999694824219,62.589576721191406,3144800
2019-06-03,PSX,80.91999816894531,82.2699966430664,80.5999984741211,82.19999694824219,62.589576721191406,3144800
2019-06-04,PSX,83.16999816894531,84.23999786376953,83.12999725341797,84.12000274658203,64.0515365600586,2781800
2019-06-04,PSX,83.16999816894531,84.23999786376953,83.12999725341797,84.12000274658203,64.0515365600586,2781800
2019-06-05,PSX,84.66999816894531,84.87999725341797,82.80000305175781,84.83000183105469,64.59213256835938,3097000
2019-06-05,PSX,84.66999816894531,84.87999725341797,82.80000305175781,84.83000183105469,64.59213256835938,3097000
2019-06-06,PSX,84.7699966430664,85.94999694824219,83.91999816894531,84.9000015258789,64.64544677734375,2837200
2019-06-06,PSX,84.7699966430664,85.94999694824219,83.91999816894531,84.9000015258789,64.64544677734375,2837200
2019-06-07,PSX,85.3499984741211,85.94000244140625,84.4800033569336,85.5199966430664,65.11752319335938,2623700
2019-06-07,PSX,85.3499984741211,85.94000244140625,84.4800033569336,85.5199966430664,65.11752319335938,2623700
2019-06-10,PSX,85.80000305175781,86.7699966430664,85.66999816894531,85.9000015258789,65.4068832397461,3026700
2019-06-10,PSX,85.80000305175781,86.7699966430664,85.66999816894531,85.9000015258789,65.4068832397461,3026700
2019-06-11,PSX,86.55999755859375,87.19000244140625,84.70999908447266,84.70999908447266,64.50076293945312,2736700
2019-06-11,PSX,86.55999755859375,87.19000244140625,84.70999908447266,84.70999908447266,64.50076293945312,2736700
2019-06-12,PSX,84.33999633789062,85.41000366210938,82.94000244140625,83.25,63.38908386230469,3232800
2019-06-12,PSX,84.33999633789062,85.41000366210938,82.94000244140625,83.25,63.38908386230469,3232800
2019-06-13,PSX,84.08999633789062,85.73999786376953,84.0199966430664,85.23999786376953,64.9043197631836,3029700
2019-06-13,PSX,84.08999633789062,85.73999786376953,84.0199966430664,85.23999786376953,64.9043197631836,3029700
2019-06-14,PSX,85.22000122070312,85.87999725341797,84.5999984741211,85.58999633789062,65.17082214355469,1830500
2019-06-14,PSX,85.22000122070312,85.87999725341797,84.5999984741211,85.58999633789062,65.17082214355469,1830500
2019-06-17,PSX,85.48999786376953,86.48999786376953,85.48999786376953,85.91000366210938,65.41448974609375,2003400
2019-06-17,PSX,85.48999786376953,86.48999786376953,85.48999786376953,85.91000366210938,65.41448974609375,2003400
2019-06-18,PSX,86.33999633789062,87.70999908447266,86.33999633789062,86.80000305175781,66.0921630859375,2336600
2019-06-18,PSX,86.33999633789062,87.70999908447266,86.33999633789062,86.80000305175781,66.0921630859375,2336600
2019-06-19,PSX,86.91999816894531,87.9800033569336,86.3499984741211,87.5999984741211,66.70128631591797,2901700
2019-06-19,PSX,86.91999816894531,87.9800033569336,86.3499984741211,87.5999984741211,66.70128631591797,2901700
2019-06-20,PSX,89.06999969482422,91.27999877929688,88.5999984741211,90.83000183105467,69.16072845458984,4082600
2019-06-20,PSX,89.06999969482422,91.27999877929688,88.5999984741211,90.83000183105467,69.16072845458984,4082600
2019-06-21,PSX,91.4000015258789,91.91999816894533,90.0,90.58000183105467,68.9703598022461,6129800
2019-06-21,PSX,91.4000015258789,91.91999816894533,90.0,90.58000183105467,68.9703598022461,6129800
2019-06-24,PSX,90.36000061035156,91.23999786376952,89.33999633789062,89.76000213623047,68.34599304199219,2360800
2019-06-24,PSX,90.36000061035156,91.23999786376952,89.33999633789062,89.76000213623047,68.34599304199219,2360800
2019-06-25,PSX,89.41999816894531,90.5999984741211,89.05999755859375,89.83000183105469,68.39929962158203,3343800
2019-06-25,PSX,89.41999816894531,90.5999984741211,89.05999755859375,89.83000183105469,68.39929962158203,3343800
2019-06-26,PSX,91.0,93.51000213623048,90.52999877929688,92.76000213623048,70.63029479980469,3816200
2019-06-26,PSX,91.0,93.51000213623048,90.52999877929688,92.76000213623048,70.63029479980469,3816200
2019-06-27,PSX,92.66000366210938,92.9499969482422,91.54000091552734,91.75,69.86123657226562,2086400
2019-06-27,PSX,92.66000366210938,92.9499969482422,91.54000091552734,91.75,69.86123657226562,2086400
2019-06-28,PSX,92.12999725341795,93.63999938964844,92.01000213623048,93.54000091552734,71.22417449951172,4442600
2019-06-28,PSX,92.12999725341795,93.63999938964844,92.01000213623048,93.54000091552734,71.22417449951172,4442600
2019-07-01,PSX,94.86000061035156,95.33000183105467,93.62000274658205,94.05999755859376,71.62015533447266,2668700
2019-07-01,PSX,94.86000061035156,95.33000183105467,93.62000274658205,94.05999755859376,71.62015533447266,2668700
2019-07-02,PSX,93.72000122070312,96.1500015258789,93.05999755859376,95.72000122070312,72.88410949707031,4112200
2019-07-02,PSX,93.72000122070312,96.1500015258789,93.05999755859376,95.72000122070312,72.88410949707031,4112200
2019-07-03,PSX,96.0,97.04000091552734,95.86000061035156,97.0199966430664,73.87396240234375,2035500
2019-07-03,PSX,96.0,97.04000091552734,95.86000061035156,97.0199966430664,73.87396240234375,2035500
2019-07-05,PSX,96.68000030517578,97.3499984741211,95.68000030517578,96.8000030517578,73.7064437866211,1956000
2019-07-05,PSX,96.68000030517578,97.3499984741211,95.68000030517578,96.8000030517578,73.7064437866211,1956000
2019-07-08,PSX,96.5500030517578,98.54000091552734,96.5500030517578,96.95999908447266,73.82831573486328,3044500
2019-07-08,PSX,96.5500030517578,98.54000091552734,96.5500030517578,96.95999908447266,73.82831573486328,3044500
2019-07-09,PSX,96.98999786376952,98.33999633789062,96.58999633789062,97.72000122070312,74.406982421875,2369900
2019-07-09,PSX,96.98999786376952,98.33999633789062,96.58999633789062,97.72000122070312,74.406982421875,2369900
2019-07-10,PSX,98.22000122070312,98.95999908447266,97.51000213623048,98.11000061035156,74.70392608642578,1954600
2019-07-10,PSX,98.22000122070312,98.95999908447266,97.51000213623048,98.11000061035156,74.70392608642578,1954600
2019-07-11,PSX,98.66000366210938,99.6500015258789,97.95999908447266,99.58999633789062,75.83085632324219,2446600
2019-07-11,PSX,98.66000366210938,99.6500015258789,97.95999908447266,99.58999633789062,75.83085632324219,2446600
2019-07-12,PSX,99.25,100.6500015258789,99.25,100.33000183105467,76.3943099975586,1842400
2019-07-12,PSX,99.25,100.6500015258789,99.25,100.33000183105467,76.3943099975586,1842400
2019-07-15,PSX,100.3499984741211,101.1500015258789,99.38999938964844,101.01000213623048,76.91207885742188,3089500
2019-07-15,PSX,100.3499984741211,101.1500015258789,99.38999938964844,101.01000213623048,76.91207885742188,3089500
2019-07-16,PSX,101.0,101.7699966430664,99.80999755859376,101.37999725341795,77.1938247680664,2625600
2019-07-16,PSX,101.0,101.7699966430664,99.80999755859376,101.37999725341795,77.1938247680664,2625600
2019-07-17,PSX,101.38999938964844,102.04000091552734,100.27999877929688,100.79000091552734,76.74458312988281,2254400
2019-07-17,PSX,101.38999938964844,102.04000091552734,100.27999877929688,100.79000091552734,76.74458312988281,2254400
2019-07-18,PSX,100.1999969482422,101.93000030517578,99.83000183105467,101.91999816894533,77.60498046875,2468000
2019-07-18,PSX,100.1999969482422,101.93000030517578,99.83000183105467,101.91999816894533,77.60498046875,2468000
2019-07-19,PSX,102.33000183105467,102.87000274658205,101.8000030517578,101.95999908447266,77.63544464111328,3972900
2019-07-19,PSX,102.33000183105467,102.87000274658205,101.8000030517578,101.95999908447266,77.63544464111328,3972900
2019-07-22,PSX,102.61000061035156,103.1500015258789,101.52999877929688,102.5500030517578,78.08467864990234,1966800
2019-07-22,PSX,102.61000061035156,103.1500015258789,101.52999877929688,102.5500030517578,78.08467864990234,1966800
2019-07-23,PSX,103.0,103.26000213623048,101.9800033569336,102.31999969482422,77.90957641601562,1873800
2019-07-23,PSX,103.0,103.26000213623048,101.9800033569336,102.31999969482422,77.90957641601562,1873800
2019-07-24,PSX,102.04000091552734,102.81999969482422,101.36000061035156,102.41999816894533,77.98568725585938,2924400
2019-07-24,PSX,102.04000091552734,102.81999969482422,101.36000061035156,102.41999816894533,77.98568725585938,2924400
2019-07-25,PSX,102.70999908447266,102.83999633789062,99.9800033569336,101.56999969482422,77.33849334716797,3649000
2019-07-25,PSX,102.70999908447266,102.83999633789062,99.9800033569336,101.56999969482422,77.33849334716797,3649000
2019-07-26,PSX,102.3499984741211,102.63999938964844,100.47000122070312,102.31999969482422,77.90957641601562,2267300
2019-07-26,PSX,102.3499984741211,102.63999938964844,100.47000122070312,102.31999969482422,77.90957641601562,2267300
2019-07-29,PSX,101.91000366210938,103.22000122070312,101.33000183105467,102.80999755859376,78.28266143798828,2275200
2019-07-29,PSX,101.91000366210938,103.22000122070312,101.33000183105467,102.80999755859376,78.28266143798828,2275200
2019-07-30,PSX,102.36000061035156,103.6500015258789,101.58999633789062,103.61000061035156,78.89179992675781,1465900
2019-07-30,PSX,102.36000061035156,103.6500015258789,101.58999633789062,103.61000061035156,78.89179992675781,1465900
2019-07-31,PSX,103.62999725341795,104.45999908447266,101.4800033569336,102.55999755859376,78.09229278564453,2415900
2019-07-31,PSX,103.62999725341795,104.45999908447266,101.4800033569336,102.55999755859376,78.09229278564453,2415900
2019-08-01,PSX,101.9499969482422,103.5999984741211,101.41000366210938,101.98999786376952,77.65826416015625,2153200
2019-08-01,PSX,101.9499969482422,103.5999984741211,101.41000366210938,101.98999786376952,77.65826416015625,2153200
2019-08-02,PSX,101.76000213623048,101.9000015258789,99.43000030517578,99.5199966430664,75.77754974365234,2075600
2019-08-02,PSX,101.76000213623048,101.9000015258789,99.43000030517578,99.5199966430664,75.77754974365234,2075600
2019-08-05,PSX,97.9000015258789,98.3499984741211,94.98999786376952,95.63999938964844,72.82319641113281,3034800
2019-08-05,PSX,97.9000015258789,98.3499984741211,94.98999786376952,95.63999938964844,72.82319641113281,3034800
2019-08-06,PSX,96.55999755859376,97.54000091552734,96.04000091552734,97.41000366210938,74.1709213256836,2164500
2019-08-06,PSX,96.55999755859376,97.54000091552734,96.04000091552734,97.41000366210938,74.1709213256836,2164500
2019-08-07,PSX,95.62999725341795,97.7300033569336,95.05999755859376,97.33000183105467,74.11002349853516,2349800
2019-08-07,PSX,95.62999725341795,97.7300033569336,95.05999755859376,97.33000183105467,74.11002349853516,2349800
2019-08-08,PSX,98.30999755859376,100.73999786376952,97.87999725341795,100.70999908447266,76.68363952636719,2311900
2019-08-08,PSX,98.30999755859376,100.73999786376952,97.87999725341795,100.70999908447266,76.68363952636719,2311900
2019-08-09,PSX,100.52999877929688,100.95999908447266,99.55999755859376,100.44000244140624,76.47805786132812,2005600
2019-08-09,PSX,100.52999877929688,100.95999908447266,99.55999755859376,100.44000244140624,76.47805786132812,2005600
2019-08-12,PSX,100.06999969482422,100.13999938964844,97.80999755859376,98.30999755859376,74.85620880126953,1967400
2019-08-12,PSX,100.06999969482422,100.13999938964844,97.80999755859376,98.30999755859376,74.85620880126953,1967400
2019-08-13,PSX,97.91999816894533,101.1500015258789,97.0999984741211,99.73999786376952,75.945068359375,2267800
2019-08-13,PSX,97.91999816894533,101.1500015258789,97.0999984741211,99.73999786376952,75.945068359375,2267800
2019-08-14,PSX,97.61000061035156,98.6999969482422,97.12999725341795,97.52999877929688,74.26229095458984,2529800
2019-08-14,PSX,97.61000061035156,98.6999969482422,97.12999725341795,97.52999877929688,74.26229095458984,2529800
2019-08-15,PSX,97.91999816894533,98.4499969482422,96.37999725341795,97.47000122070312,74.21661376953125,2089900
2019-08-15,PSX,97.91999816894533,98.4499969482422,96.37999725341795,97.47000122070312,74.21661376953125,2089900
2019-08-16,PSX,98.04000091552734,99.0999984741211,97.66999816894533,98.83000183105467,75.25215148925781,2118400
2019-08-16,PSX,98.04000091552734,99.0999984741211,97.66999816894533,98.83000183105467,75.25215148925781,2118400
2019-08-19,PSX,99.29000091552734,99.72000122070312,98.0999984741211,98.76000213623048,75.88995361328125,2747900
2019-08-19,PSX,99.29000091552734,99.72000122070312,98.0999984741211,98.76000213623048,75.88995361328125,2747900
2019-08-20,PSX,98.8000030517578,99.69000244140624,98.05999755859376,98.68000030517578,75.82847595214844,1904500
2019-08-20,PSX,98.8000030517578,99.69000244140624,98.05999755859376,98.68000030517578,75.82847595214844,1904500
2019-08-21,PSX,99.61000061035156,100.0,98.27999877929688,99.3000030517578,76.30490112304688,1988300
2019-08-21,PSX,99.61000061035156,100.0,98.27999877929688,99.3000030517578,76.30490112304688,1988300
2019-08-22,PSX,99.25,99.93000030517578,98.20999908447266,98.45999908447266,75.659423828125,1946100
2019-08-22,PSX,99.25,99.93000030517578,98.20999908447266,98.45999908447266,75.659423828125,1946100
2019-08-23,PSX,97.4800033569336,98.87000274658205,94.7300033569336,95.18000030517578,73.13897705078125,3305100
2019-08-23,PSX,97.4800033569336,98.87000274658205,94.7300033569336,95.18000030517578,73.13897705078125,3305100
2019-08-26,PSX,96.02999877929688,96.4000015258789,95.0999984741211,96.30999755859376,74.00730895996094,1568100
2019-08-26,PSX,96.02999877929688,96.4000015258789,95.0999984741211,96.30999755859376,74.00730895996094,1568100
2019-08-27,PSX,96.9800033569336,97.48999786376952,94.3499984741211,94.5199966430664,72.6318359375,2586000
2019-08-27,PSX,96.9800033569336,97.48999786376952,94.3499984741211,94.5199966430664,72.6318359375,2586000
2019-08-28,PSX,94.54000091552734,96.86000061035156,94.54000091552734,96.16999816894533,73.89971923828125,2318100
2019-08-28,PSX,94.54000091552734,96.86000061035156,94.54000091552734,96.16999816894533,73.89971923828125,2318100
2019-08-29,PSX,97.11000061035156,98.45999908447266,97.04000091552734,98.12000274658205,75.3981704711914,2372500
2019-08-29,PSX,97.11000061035156,98.45999908447266,97.04000091552734,98.12000274658205,75.3981704711914,2372500
2019-08-30,PSX,98.66999816894533,99.75,98.12999725341795,98.62999725341795,75.79005432128906,1932500
2019-08-30,PSX,98.66999816894533,99.75,98.12999725341795,98.62999725341795,75.79005432128906,1932500
2019-09-03,PSX,97.27999877929688,99.61000061035156,97.02999877929688,99.47000122070312,76.435546875,2140100
2019-09-03,PSX,97.27999877929688,99.61000061035156,97.02999877929688,99.47000122070312,76.435546875,2140100
2019-09-04,PSX,100.33999633789062,100.61000061035156,99.11000061035156,99.69000244140624,76.60460662841797,1664100
2019-09-04,PSX,100.33999633789062,100.61000061035156,99.11000061035156,99.69000244140624,76.60460662841797,1664100
2019-09-05,PSX,100.5999984741211,101.5,99.75,99.8000030517578,76.68913269042969,2668700
2019-09-05,PSX,100.5999984741211,101.5,99.75,99.8000030517578,76.68913269042969,2668700
2019-09-06,PSX,100.12999725341795,101.37999725341795,99.41999816894533,100.91000366210938,77.54210662841797,2117500
2019-09-06,PSX,100.12999725341795,101.37999725341795,99.41999816894533,100.91000366210938,77.54210662841797,2117500
2019-09-09,PSX,101.5500030517578,102.73999786376952,101.01000213623048,102.16999816894533,78.51029968261719,2396100
2019-09-09,PSX,101.5500030517578,102.73999786376952,101.01000213623048,102.16999816894533,78.51029968261719,2396100
2019-09-10,PSX,102.41999816894533,103.91000366210938,102.25,102.95999908447266,79.11735534667969,2367200
2019-09-10,PSX,102.41999816894533,103.91000366210938,102.25,102.95999908447266,79.11735534667969,2367200
2019-09-11,PSX,103.29000091552734,104.22000122070312,102.0999984741211,102.47000122070312,78.74082946777344,1924500
2019-09-11,PSX,103.29000091552734,104.22000122070312,102.0999984741211,102.47000122070312,78.74082946777344,1924500
2019-09-12,PSX,101.44000244140624,102.61000061035156,100.6999969482422,102.19000244140624,78.52566528320312,1868500
2019-09-12,PSX,101.44000244140624,102.61000061035156,100.6999969482422,102.19000244140624,78.52566528320312,1868500
2019-09-13,PSX,102.93000030517578,103.43000030517578,102.08999633789062,102.7699966430664,78.97134399414062,1688400
2019-09-13,PSX,102.93000030517578,103.43000030517578,102.08999633789062,102.7699966430664,78.97134399414062,1688400
2019-09-16,PSX,102.11000061035156,105.0,102.0199966430664,104.02999877929688,79.93955993652344,4654400
2019-09-16,PSX,102.11000061035156,105.0,102.0199966430664,104.02999877929688,79.93955993652344,4654400
2019-09-17,PSX,103.7300033569336,103.93000030517578,101.95999908447266,102.1999969482422,78.53333282470703,2464500
2019-09-17,PSX,103.7300033569336,103.93000030517578,101.95999908447266,102.1999969482422,78.53333282470703,2464500
2019-09-18,PSX,101.6500015258789,103.1500015258789,101.1500015258789,102.98999786376952,79.1404037475586,1814700
2019-09-18,PSX,101.6500015258789,103.1500015258789,101.1500015258789,102.98999786376952,79.1404037475586,1814700
2019-09-19,PSX,103.47000122070312,103.98999786376952,102.58999633789062,103.08000183105467,79.20955657958984,1332700
2019-09-19,PSX,103.47000122070312,103.98999786376952,102.58999633789062,103.08000183105467,79.20955657958984,1332700
2019-09-20,PSX,103.41999816894533,104.04000091552734,102.87000274658205,103.2699966430664,79.35556030273438,9381800
2019-09-20,PSX,103.41999816894533,104.04000091552734,102.87000274658205,103.2699966430664,79.35556030273438,9381800
2019-09-23,PSX,103.01000213623048,104.81999969482422,103.01000213623048,104.26000213623048,80.11631774902344,2413000
2019-09-23,PSX,103.01000213623048,104.81999969482422,103.01000213623048,104.26000213623048,80.11631774902344,2413000
2019-09-24,PSX,104.1999969482422,104.38999938964844,102.33000183105467,103.62000274658205,79.62451934814453,2599700
2019-09-24,PSX,104.1999969482422,104.38999938964844,102.33000183105467,103.62000274658205,79.62451934814453,2599700
2019-09-25,PSX,103.38999938964844,105.5199966430664,102.9000015258789,105.05999755859376,80.73104858398438,3043400
2019-09-25,PSX,103.38999938964844,105.5199966430664,102.9000015258789,105.05999755859376,80.73104858398438,3043400
2019-09-26,PSX,104.62999725341795,105.0500030517578,103.11000061035156,104.55999755859376,80.34683990478516,1762600
2019-09-26,PSX,104.62999725341795,105.0500030517578,103.11000061035156,104.55999755859376,80.34683990478516,1762600
2019-09-27,PSX,104.80999755859376,105.4800033569336,102.9800033569336,103.66000366210938,79.65526580810547,2297000
2019-09-27,PSX,104.80999755859376,105.4800033569336,102.9800033569336,103.66000366210938,79.65526580810547,2297000
2019-09-30,PSX,103.4000015258789,103.9499969482422,102.33999633789062,102.4000015258789,78.6870346069336,1801600
2019-09-30,PSX,103.4000015258789,103.9499969482422,102.33999633789062,102.4000015258789,78.6870346069336,1801600
2019-10-01,PSX,103.16000366210938,103.51000213623048,100.83000183105467,101.02999877929688,77.63429260253906,1897900
2019-10-01,PSX,103.16000366210938,103.51000213623048,100.83000183105467,101.02999877929688,77.63429260253906,1897900
2019-10-02,PSX,100.4000015258789,100.45999908447266,97.1999969482422,98.23999786376952,75.49036407470703,2066700
2019-10-02,PSX,100.4000015258789,100.45999908447266,97.1999969482422,98.23999786376952,75.49036407470703,2066700
2019-10-03,PSX,97.76000213623048,98.88999938964844,96.9499969482422,98.87000274658205,75.97449493408203,1639800
2019-10-03,PSX,97.76000213623048,98.88999938964844,96.9499969482422,98.87000274658205,75.97449493408203,1639800
2019-10-04,PSX,99.2699966430664,100.9800033569336,99.20999908447266,100.86000061035156,77.50364685058594,2097300
2019-10-04,PSX,99.2699966430664,100.9800033569336,99.20999908447266,100.86000061035156,77.50364685058594,2097300
2019-10-07,PSX,101.26000213623048,102.25,100.7300033569336,101.36000061035156,77.88785552978516,2377200
2019-10-07,PSX,101.26000213623048,102.25,100.7300033569336,101.36000061035156,77.88785552978516,2377200
2019-10-08,PSX,100.87999725341795,101.5500030517578,100.38999938964844,100.81999969482422,77.47291564941406,1904300
2019-10-08,PSX,100.87999725341795,101.5500030517578,100.38999938964844,100.81999969482422,77.47291564941406,1904300
2019-10-09,PSX,101.95999908447266,103.56999969482422,101.76000213623048,102.70999908447266,78.92523956298828,1827300
2019-10-09,PSX,101.95999908447266,103.56999969482422,101.76000213623048,102.70999908447266,78.92523956298828,1827300
2019-10-10,PSX,103.62000274658205,106.70999908447266,103.4499969482422,106.5999984741211,81.91443634033203,3782100
2019-10-10,PSX,103.62000274658205,106.70999908447266,103.4499969482422,106.5999984741211,81.91443634033203,3782100
2019-10-11,PSX,107.0,108.1999969482422,106.41999816894533,106.52999877929688,81.86063385009766,2388900
2019-10-11,PSX,107.0,108.1999969482422,106.41999816894533,106.52999877929688,81.86063385009766,2388900
2019-10-14,PSX,106.0,107.19000244140624,105.77999877929688,106.6500015258789,81.952880859375,1409000
2019-10-14,PSX,106.0,107.19000244140624,105.77999877929688,106.6500015258789,81.952880859375,1409000
2019-10-15,PSX,106.5,108.12000274658205,106.16000366210938,107.3000030517578,82.45233154296875,1606400
2019-10-15,PSX,106.5,108.12000274658205,106.16000366210938,107.3000030517578,82.45233154296875,1606400
2019-10-16,PSX,106.79000091552734,107.7699966430664,105.94000244140624,106.26000213623048,81.65316009521484,1865400
2019-10-16,PSX,106.79000091552734,107.7699966430664,105.94000244140624,106.26000213623048,81.65316009521484,1865400
2019-10-17,PSX,107.0,107.26000213623048,106.38999938964844,107.20999908447266,82.38317108154297,1767600
2019-10-17,PSX,107.0,107.26000213623048,106.38999938964844,107.20999908447266,82.38317108154297,1767600
2019-10-18,PSX,107.0,107.9800033569336,106.70999908447266,107.1999969482422,82.37548065185547,3015900
2019-10-18,PSX,107.0,107.9800033569336,106.70999908447266,107.1999969482422,82.37548065185547,3015900
2019-10-21,PSX,108.0,108.56999969482422,107.56999969482422,108.1999969482422,83.1439208984375,1638800
2019-10-21,PSX,108.0,108.56999969482422,107.56999969482422,108.1999969482422,83.1439208984375,1638800
2019-10-22,PSX,108.69000244140624,109.83000183105467,108.06999969482422,108.7699966430664,83.5819320678711,1571400
2019-10-22,PSX,108.69000244140624,109.83000183105467,108.06999969482422,108.7699966430664,83.5819320678711,1571400
2019-10-23,PSX,108.7699966430664,109.1999969482422,108.33000183105467,109.0,83.75865173339844,2329600
2019-10-23,PSX,108.7699966430664,109.1999969482422,108.33000183105467,109.0,83.75865173339844,2329600
2019-10-24,PSX,109.51000213623048,110.97000122070312,109.18000030517578,110.62999725341795,85.01119232177734,3471800
2019-10-24,PSX,109.51000213623048,110.97000122070312,109.18000030517578,110.62999725341795,85.01119232177734,3471800
2019-10-25,PSX,112.2300033569336,117.0,111.9000015258789,114.41999816894533,87.92353820800781,6245900
2019-10-25,PSX,112.2300033569336,117.0,111.9000015258789,114.41999816894533,87.92353820800781,6245900
2019-10-28,PSX,115.0,118.91999816894533,115.0,117.25,90.09818267822266,4706800
2019-10-28,PSX,115.0,118.91999816894533,115.0,117.25,90.09818267822266,4706800
2019-10-29,PSX,116.48999786376952,119.77999877929688,116.3499984741211,118.95999908447266,91.41220092773438,3838400
2019-10-29,PSX,116.48999786376952,119.77999877929688,116.3499984741211,118.95999908447266,91.41220092773438,3838400
2019-10-30,PSX,119.22000122070312,119.22000122070312,116.16000366210938,116.4499969482422,89.48344421386719,2286700
2019-10-30,PSX,119.22000122070312,119.22000122070312,116.16000366210938,116.4499969482422,89.48344421386719,2286700
2019-10-31,PSX,116.6500015258789,117.23999786376952,114.9000015258789,116.81999969482422,89.76776123046875,3940600
2019-10-31,PSX,116.6500015258789,117.23999786376952,114.9000015258789,116.81999969482422,89.76776123046875,3940600
2019-11-01,PSX,117.62999725341795,118.58999633789062,117.4000015258789,118.4000015258789,90.98186492919922,2248800
2019-11-01,PSX,117.62999725341795,118.58999633789062,117.4000015258789,118.4000015258789,90.98186492919922,2248800
2019-11-04,PSX,119.47000122070312,119.55999755859376,117.61000061035156,118.54000091552734,91.08946228027344,2031600
2019-11-04,PSX,119.47000122070312,119.55999755859376,117.61000061035156,118.54000091552734,91.08946228027344,2031600
2019-11-05,PSX,119.0,119.88999938964844,117.83999633789062,118.91999816894533,91.38146209716795,2268900
2019-11-05,PSX,119.0,119.88999938964844,117.83999633789062,118.91999816894533,91.38146209716795,2268900
2019-11-06,PSX,119.18000030517578,119.38999938964844,117.76000213623048,118.41999816894533,90.99724578857422,2130300
2019-11-06,PSX,119.18000030517578,119.38999938964844,117.76000213623048,118.41999816894533,90.99724578857422,2130300
2019-11-07,PSX,119.1500015258789,119.79000091552734,118.4000015258789,119.56999969482422,91.88093566894533,2386400
2019-11-07,PSX,119.1500015258789,119.79000091552734,118.4000015258789,119.56999969482422,91.88093566894533,2386400
2019-11-08,PSX,118.88999938964844,119.91999816894533,118.0999984741211,119.6999969482422,91.98082733154295,1577600
2019-11-08,PSX,118.88999938964844,119.91999816894533,118.0999984741211,119.6999969482422,91.98082733154295,1577600
2019-11-11,PSX,118.6500015258789,119.81999969482422,118.3499984741211,118.41000366210938,90.98955535888672,1634300
2019-11-11,PSX,118.6500015258789,119.81999969482422,118.3499984741211,118.41000366210938,90.98955535888672,1634300
2019-11-12,PSX,118.86000061035156,119.56999969482422,117.55999755859376,118.0999984741211,90.75135803222656,2178400
2019-11-12,PSX,118.86000061035156,119.56999969482422,117.55999755859376,118.0999984741211,90.75135803222656,2178400
2019-11-13,PSX,117.3499984741211,118.91999816894533,117.12000274658205,118.43000030517578,91.00493621826172,1542200
2019-11-13,PSX,117.3499984741211,118.91999816894533,117.12000274658205,118.43000030517578,91.00493621826172,1542200
2019-11-14,PSX,118.6500015258789,119.58000183105467,118.37999725341795,119.44000244140624,91.7810516357422,1507500
2019-11-14,PSX,118.6500015258789,119.58000183105467,118.37999725341795,119.44000244140624,91.7810516357422,1507500
2019-11-15,PSX,119.20999908447266,119.20999908447266,117.81999969482422,118.36000061035156,91.64167022705078,1636700
2019-11-15,PSX,119.20999908447266,119.20999908447266,117.81999969482422,118.36000061035156,91.64167022705078,1636700
2019-11-18,PSX,118.1500015258789,118.66999816894533,117.52999877929688,118.6500015258789,91.86622619628906,1365000
2019-11-18,PSX,118.1500015258789,118.66999816894533,117.52999877929688,118.6500015258789,91.86622619628906,1365000
2019-11-19,PSX,117.86000061035156,118.95999908447266,117.02999877929688,117.41999816894533,90.9138641357422,2781500
2019-11-19,PSX,117.86000061035156,118.95999908447266,117.02999877929688,117.41999816894533,90.9138641357422,2781500
2019-11-20,PSX,117.2699966430664,117.2699966430664,114.44000244140624,116.05999755859376,89.86087799072266,4337000
2019-11-20,PSX,117.2699966430664,117.2699966430664,114.44000244140624,116.05999755859376,89.86087799072266,4337000
2019-11-21,PSX,116.36000061035156,118.68000030517578,115.9000015258789,118.37000274658205,91.64942169189452,2401300
2019-11-21,PSX,116.36000061035156,118.68000030517578,115.9000015258789,118.37000274658205,91.64942169189452,2401300
2019-11-22,PSX,118.87999725341795,118.91999816894533,116.1999969482422,116.62999725341795,90.3022003173828,2261000
2019-11-22,PSX,118.87999725341795,118.91999816894533,116.1999969482422,116.62999725341795,90.3022003173828,2261000
2019-11-25,PSX,117.0,117.0,115.16999816894533,115.41999816894533,89.3653335571289,2758900
2019-11-25,PSX,117.0,117.0,115.16999816894533,115.41999816894533,89.3653335571289,2758900
2019-11-26,PSX,115.52999877929688,115.76000213623048,114.0500030517578,114.33000183105467,88.52141571044922,4118100
2019-11-26,PSX,115.52999877929688,115.76000213623048,114.0500030517578,114.33000183105467,88.52141571044922,4118100
2019-11-27,PSX,114.93000030517578,115.31999969482422,114.04000091552734,114.69000244140624,88.80013275146484,2290500
2019-11-27,PSX,114.93000030517578,115.31999969482422,114.04000091552734,114.69000244140624,88.80013275146484,2290500
2019-11-29,PSX,114.41999816894533,115.13999938964844,114.16999816894533,114.72000122070312,88.82337188720703,1105700
2019-11-29,PSX,114.41999816894533,115.13999938964844,114.16999816894533,114.72000122070312,88.82337188720703,1105700
2019-12-02,PSX,114.87000274658205,116.05999755859376,114.05999755859376,114.33000183105467,88.52141571044922,2418300
2019-12-02,PSX,114.87000274658205,116.05999755859376,114.05999755859376,114.33000183105467,88.52141571044922,2418300
2019-12-03,PSX,113.68000030517578,113.68000030517578,112.41999816894533,112.75,87.29805755615234,4128900
2019-12-03,PSX,113.68000030517578,113.68000030517578,112.41999816894533,112.75,87.29805755615234,4128900
2019-12-04,PSX,113.54000091552734,114.0,112.43000030517578,112.56999969482422,87.15869140625,2128900
2019-12-04,PSX,113.54000091552734,114.0,112.43000030517578,112.56999969482422,87.15869140625,2128900
2019-12-05,PSX,112.77999877929688,113.20999908447266,112.16999816894533,112.54000091552734,87.13548278808594,1688600
2019-12-05,PSX,112.77999877929688,113.20999908447266,112.16999816894533,112.54000091552734,87.13548278808594,1688600
2019-12-06,PSX,113.05999755859376,114.31999969482422,112.9499969482422,113.55999755859376,87.92522430419922,2142600
2019-12-06,PSX,113.05999755859376,114.31999969482422,112.9499969482422,113.55999755859376,87.92522430419922,2142600
2019-12-09,PSX,113.1999969482422,113.27999877929688,111.8499984741211,111.95999908447266,86.68640899658203,1585300
2019-12-09,PSX,113.1999969482422,113.27999877929688,111.8499984741211,111.95999908447266,86.68640899658203,1585300
2019-12-10,PSX,112.3000030517578,112.56999969482422,111.69000244140624,111.93000030517578,86.66315460205078,2215800
2019-12-10,PSX,112.3000030517578,112.56999969482422,111.69000244140624,111.93000030517578,86.66315460205078,2215800
2019-12-11,PSX,111.94000244140624,112.6500015258789,111.4800033569336,112.20999908447266,86.87997436523438,1652500
2019-12-11,PSX,111.94000244140624,112.6500015258789,111.4800033569336,112.20999908447266,86.87997436523438,1652500
2019-12-12,PSX,112.12999725341795,113.97000122070312,111.91999816894533,113.7300033569336,88.05683898925781,1618800
2019-12-12,PSX,112.12999725341795,113.97000122070312,111.91999816894533,113.7300033569336,88.05683898925781,1618800
2019-12-13,PSX,113.87999725341795,114.66000366210938,112.6999969482422,112.98999786376952,87.48390197753906,1621900
2019-12-13,PSX,113.87999725341795,114.66000366210938,112.6999969482422,112.98999786376952,87.48390197753906,1621900
2019-12-16,PSX,113.13999938964844,114.62999725341795,112.79000091552734,114.13999938964844,88.37429809570312,2097700
2019-12-16,PSX,113.13999938964844,114.62999725341795,112.79000091552734,114.13999938964844,88.37429809570312,2097700
2019-12-17,PSX,114.16000366210938,114.9499969482422,112.70999908447266,113.02999877929688,87.51486206054688,2672000
2019-12-17,PSX,114.16000366210938,114.9499969482422,112.70999908447266,113.02999877929688,87.51486206054688,2672000
2019-12-18,PSX,113.29000091552734,113.94000244140624,112.58999633789062,113.04000091552734,87.52262878417969,3074800
2019-12-18,PSX,113.29000091552734,113.94000244140624,112.58999633789062,113.04000091552734,87.52262878417969,3074800
2019-12-19,PSX,113.41000366210938,113.62000274658205,112.48999786376952,112.80999755859376,87.34451293945312,1850500
2019-12-19,PSX,113.41000366210938,113.62000274658205,112.48999786376952,112.80999755859376,87.34451293945312,1850500
2019-12-20,PSX,113.79000091552734,114.1500015258789,112.8499984741211,113.3499984741211,87.76261901855469,4666900
2019-12-20,PSX,113.79000091552734,114.1500015258789,112.8499984741211,113.3499984741211,87.76261901855469,4666900
2019-12-23,PSX,113.4000015258789,113.66999816894533,112.20999908447266,112.66999816894533,87.23612976074219,1937500
2019-12-23,PSX,113.4000015258789,113.66999816894533,112.20999908447266,112.66999816894533,87.23612976074219,1937500
2019-12-24,PSX,112.6500015258789,113.23999786376952,112.58999633789062,113.1999969482422,87.64647674560547,1190800
2019-12-24,PSX,112.6500015258789,113.23999786376952,112.58999633789062,113.1999969482422,87.64647674560547,1190800
2019-12-26,PSX,112.56999969482422,113.1999969482422,111.8499984741211,112.05999755859376,86.76380920410156,1147700
2019-12-26,PSX,112.56999969482422,113.1999969482422,111.8499984741211,112.05999755859376,86.76380920410156,1147700
2019-12-27,PSX,112.41000366210938,112.41000366210938,110.52999877929688,110.5999984741211,85.63340759277344,1427500
2019-12-27,PSX,112.41000366210938,112.41000366210938,110.52999877929688,110.5999984741211,85.63340759277344,1427500
2019-12-30,PSX,110.5,111.25,110.12999725341795,110.37000274658205,85.45533752441406,1712000
2019-12-30,PSX,110.5,111.25,110.12999725341795,110.37000274658205,85.45533752441406,1712000
2019-12-31,PSX,110.22000122070312,111.41000366210938,110.04000091552734,111.41000366210938,86.26055908203125,1695900
2019-12-31,PSX,110.22000122070312,111.41000366210938,110.04000091552734,111.41000366210938,86.26055908203125,1695900
2020-01-02,PSX,112.08000183105467,113.18000030517578,111.37999725341795,112.1999969482422,86.87220001220703,1607900
2020-01-02,PSX,112.08000183105467,113.18000030517578,111.37999725341795,112.1999969482422,86.87220001220703,1607900
2020-01-03,PSX,111.25,112.41999816894533,108.19000244140624,108.48999786376952,83.99970245361328,2236900
2020-01-03,PSX,111.25,112.41999816894533,108.19000244140624,108.48999786376952,83.99970245361328,2236900
2020-01-06,PSX,108.23999786376952,108.44000244140624,107.20999908447266,107.80999755859376,83.47321319580078,3917100
2020-01-06,PSX,108.23999786376952,108.44000244140624,107.20999908447266,107.80999755859376,83.47321319580078,3917100
2020-01-07,PSX,107.12999725341795,108.22000122070312,106.73999786376952,108.13999938964844,83.72872161865234,2687900
2020-01-07,PSX,107.12999725341795,108.22000122070312,106.73999786376952,108.13999938964844,83.72872161865234,2687900
2020-01-08,PSX,108.31999969482422,108.44000244140624,103.80999755859376,104.0999984741211,80.60069274902344,3452600
2020-01-08,PSX,108.31999969482422,108.44000244140624,103.80999755859376,104.0999984741211,80.60069274902344,3452600
2020-01-09,PSX,103.37999725341795,105.66999816894533,102.22000122070312,105.62000274658205,81.77757263183594,3127700
2020-01-09,PSX,103.37999725341795,105.66999816894533,102.22000122070312,105.62000274658205,81.77757263183594,3127700
2020-01-10,PSX,105.63999938964844,106.75,104.80999755859376,104.87000274658205,81.19689178466797,1910700
2020-01-10,PSX,105.63999938964844,106.75,104.80999755859376,104.87000274658205,81.19689178466797,1910700
2020-01-13,PSX,104.91999816894533,106.0199966430664,104.54000091552734,105.3000030517578,81.52981567382812,2243100
2020-01-13,PSX,104.91999816894533,106.0199966430664,104.54000091552734,105.3000030517578,81.52981567382812,2243100
2020-01-14,PSX,105.2699966430664,106.66000366210938,104.98999786376952,106.37999725341795,82.36600494384766,2753400
2020-01-14,PSX,105.2699966430664,106.66000366210938,104.98999786376952,106.37999725341795,82.36600494384766,2753400
2020-01-15,PSX,105.56999969482422,105.70999908447266,104.12000274658205,104.88999938964844,81.21236419677734,2386300
2020-01-15,PSX,105.56999969482422,105.70999908447266,104.12000274658205,104.88999938964844,81.21236419677734,2386300
2020-01-16,PSX,105.55999755859376,105.66999816894533,103.6500015258789,103.79000091552734,80.36067962646484,2568200
2020-01-16,PSX,105.55999755859376,105.66999816894533,103.6500015258789,103.79000091552734,80.36067962646484,2568200
2020-01-17,PSX,103.79000091552734,103.9499969482422,102.5199966430664,103.30999755859376,79.98902893066406,2782000
2020-01-17,PSX,103.79000091552734,103.9499969482422,102.5199966430664,103.30999755859376,79.98902893066406,2782000
2020-01-21,PSX,102.5,102.98999786376952,101.91000366210938,102.33999633789062,79.23800659179688,2102000
2020-01-21,PSX,102.5,102.98999786376952,101.91000366210938,102.33999633789062,79.23800659179688,2102000
2020-01-22,PSX,102.8000030517578,102.98999786376952,101.56999969482422,101.86000061035156,78.86636352539062,2505400
2020-01-22,PSX,102.8000030517578,102.98999786376952,101.56999969482422,101.86000061035156,78.86636352539062,2505400
2020-01-23,PSX,101.48999786376952,102.12999725341795,100.0,102.08000183105467,79.03668212890625,3520300
2020-01-23,PSX,101.48999786376952,102.12999725341795,100.0,102.08000183105467,79.03668212890625,3520300
2020-01-24,PSX,101.9000015258789,101.98999786376952,99.37000274658205,100.31999969482422,77.67398834228516,2120500
2020-01-24,PSX,101.9000015258789,101.98999786376952,99.37000274658205,100.31999969482422,77.67398834228516,2120500
2020-01-27,PSX,98.2699966430664,98.3499984741211,96.62000274658205,96.91999816894533,75.04148864746094,2472800
2020-01-27,PSX,98.2699966430664,98.3499984741211,96.62000274658205,96.91999816894533,75.04148864746094,2472800
2020-01-28,PSX,97.4499969482422,97.9000015258789,96.61000061035156,96.69000244140624,74.86341094970703,2926900
2020-01-28,PSX,97.4499969482422,97.9000015258789,96.61000061035156,96.69000244140624,74.86341094970703,2926900
2020-01-29,PSX,97.18000030517578,98.91000366210938,95.5500030517578,95.8000030517578,74.17432403564453,2395600
2020-01-29,PSX,97.18000030517578,98.91000366210938,95.5500030517578,95.8000030517578,74.17432403564453,2395600
2020-01-30,PSX,95.2300033569336,96.5500030517578,94.5,96.41000366210938,74.64662170410156,2610400
2020-01-30,PSX,95.2300033569336,96.5500030517578,94.5,96.41000366210938,74.64662170410156,2610400
2020-01-31,PSX,94.9000015258789,94.93000030517578,90.20999908447266,91.37000274658205,70.74433135986328,6451000
2020-01-31,PSX,94.9000015258789,94.93000030517578,90.20999908447266,91.37000274658205,70.74433135986328,6451000
2020-02-03,PSX,91.29000091552734,91.37999725341795,88.44000244140625,88.97000122070312,68.88611602783203,4306800
2020-02-03,PSX,91.29000091552734,91.37999725341795,88.44000244140625,88.97000122070312,68.88611602783203,4306800
2020-02-04,PSX,90.56999969482422,90.86000061035156,88.27999877929688,88.72000122070312,68.69255065917969,3427900
2020-02-04,PSX,90.56999969482422,90.86000061035156,88.27999877929688,88.72000122070312,68.69255065917969,3427900
2020-02-05,PSX,90.37000274658205,93.29000091552734,90.30999755859376,92.63999938964844,71.72764587402344,3100700
2020-02-05,PSX,90.37000274658205,93.29000091552734,90.30999755859376,92.63999938964844,71.72764587402344,3100700
2020-02-06,PSX,92.98999786376952,93.06999969482422,90.05000305175781,90.22000122070312,69.85393524169922,2606100
2020-02-06,PSX,92.98999786376952,93.06999969482422,90.05000305175781,90.22000122070312,69.85393524169922,2606100
2020-02-07,PSX,89.97000122070312,90.48999786376952,89.26000213623047,90.33000183105467,69.93911743164062,2481500
2020-02-07,PSX,89.97000122070312,90.48999786376952,89.26000213623047,90.33000183105467,69.93911743164062,2481500
2020-02-10,PSX,89.86000061035156,91.04000091552734,89.62000274658203,90.26000213623048,69.8849105834961,2171400
2020-02-10,PSX,89.86000061035156,91.04000091552734,89.62000274658203,90.26000213623048,69.8849105834961,2171400
2020-02-11,PSX,90.94000244140624,90.9800033569336,89.55000305175781,90.2699966430664,69.89265441894531,2682900
2020-02-11,PSX,90.94000244140624,90.9800033569336,89.55000305175781,90.2699966430664,69.89265441894531,2682900
2020-02-12,PSX,91.58999633789062,92.3000030517578,90.4499969482422,91.13999938964844,70.56627655029297,2361400
2020-02-12,PSX,91.58999633789062,92.3000030517578,90.4499969482422,91.13999938964844,70.56627655029297,2361400
2020-02-13,PSX,91.0,91.47000122070312,90.16999816894533,90.33999633789062,69.94684600830078,2727700
2020-02-13,PSX,91.0,91.47000122070312,90.16999816894533,90.33999633789062,69.94684600830078,2727700
2020-02-14,PSX,89.5199966430664,90.2300033569336,88.61000061035156,89.47000122070312,69.9703140258789,2254900
2020-02-14,PSX,89.5199966430664,90.2300033569336,88.61000061035156,89.47000122070312,69.9703140258789,2254900
2020-02-18,PSX,88.70999908447266,89.0999984741211,87.06999969482422,88.0,68.8207015991211,4542600
2020-02-18,PSX,88.70999908447266,89.0999984741211,87.06999969482422,88.0,68.8207015991211,4542600
2020-02-19,PSX,88.5,88.7300033569336,86.72000122070312,88.36000061035156,69.10224151611328,2441800
2020-02-19,PSX,88.5,88.7300033569336,86.72000122070312,88.36000061035156,69.10224151611328,2441800
2020-02-20,PSX,88.51000213623047,90.29000091552734,88.41000366210938,90.19000244140624,70.53340148925781,2905900
2020-02-20,PSX,88.51000213623047,90.29000091552734,88.41000366210938,90.19000244140624,70.53340148925781,2905900
2020-02-21,PSX,89.5199966430664,90.16000366210938,88.69000244140625,89.25,69.79826354980469,2406900
2020-02-21,PSX,89.5199966430664,90.16000366210938,88.69000244140625,89.25,69.79826354980469,2406900
2020-02-24,PSX,86.62000274658203,87.87999725341797,85.93000030517578,86.55999755859375,67.69454193115234,3732700
2020-02-24,PSX,86.62000274658203,87.87999725341797,85.93000030517578,86.55999755859375,67.69454193115234,3732700
2020-02-25,PSX,86.83000183105469,87.30000305175781,82.2699966430664,82.80999755859375,64.7618408203125,4211800
2020-02-25,PSX,86.83000183105469,87.30000305175781,82.2699966430664,82.80999755859375,64.7618408203125,4211800
2020-02-26,PSX,83.0999984741211,83.73999786376953,80.27999877929688,80.33000183105469,62.82234573364258,4156400
2020-02-26,PSX,83.0999984741211,83.73999786376953,80.27999877929688,80.33000183105469,62.82234573364258,4156400
2020-02-27,PSX,78.69999694824219,78.73999786376953,74.23999786376953,74.26000213623047,58.07527923583984,6900500
2020-02-27,PSX,78.69999694824219,78.73999786376953,74.23999786376953,74.26000213623047,58.07527923583984,6900500
2020-02-28,PSX,71.69999694824219,75.37000274658203,71.38999938964844,74.86000061035156,58.54450988769531,7137800
2020-02-28,PSX,71.69999694824219,75.37000274658203,71.38999938964844,74.86000061035156,58.54450988769531,7137800
2020-03-02,PSX,75.2699966430664,75.44999694824219,72.22000122070312,75.11000061035156,58.74001693725586,5279400
2020-03-02,PSX,75.2699966430664,75.44999694824219,72.22000122070312,75.11000061035156,58.74001693725586,5279400
2020-03-03,PSX,75.45999908447266,77.58000183105469,72.0999984741211,72.86000061035156,56.98040771484375,5710300
2020-03-03,PSX,75.45999908447266,77.58000183105469,72.0999984741211,72.86000061035156,56.98040771484375,5710300
2020-03-04,PSX,74.0199966430664,74.7699966430664,72.41999816894531,74.62999725341797,58.36464309692383,4201800
2020-03-04,PSX,74.0199966430664,74.7699966430664,72.41999816894531,74.62999725341797,58.36464309692383,4201800
2020-03-05,PSX,72.1500015258789,73.81999969482422,71.52999877929688,71.9800033569336,56.29220199584961,5724800
2020-03-05,PSX,72.1500015258789,73.81999969482422,71.52999877929688,71.9800033569336,56.29220199584961,5724800
2020-03-06,PSX,70.0,71.16000366210938,68.0199966430664,69.30000305175781,54.1963005065918,6374400
2020-03-06,PSX,70.0,71.16000366210938,68.0199966430664,69.30000305175781,54.1963005065918,6374400
2020-03-09,PSX,62.650001525878906,69.0999984741211,60.20000076293945,62.09000015258789,48.55768966674805,7993800
2020-03-09,PSX,62.650001525878906,69.0999984741211,60.20000076293945,62.09000015258789,48.55768966674805,7993800
2020-03-10,PSX,65.94999694824219,66.87000274658203,60.290000915527344,63.36000061035156,49.5509033203125,7047200
2020-03-10,PSX,65.94999694824219,66.87000274658203,60.290000915527344,63.36000061035156,49.5509033203125,7047200
2020-03-11,PSX,61.040000915527344,61.66999816894531,54.119998931884766,55.150001525878906,43.1302490234375,8448500
2020-03-11,PSX,61.040000915527344,61.66999816894531,54.119998931884766,55.150001525878906,43.1302490234375,8448500
2020-03-12,PSX,51.02000045776367,51.209999084472656,44.810001373291016,46.400001525878906,36.28727722167969,11492100
2020-03-12,PSX,51.02000045776367,51.209999084472656,44.810001373291016,46.400001525878906,36.28727722167969,11492100
2020-03-13,PSX,50.709999084472656,54.40999984741211,46.650001525878906,54.36000061035156,42.51242065429688,6997200
2020-03-13,PSX,50.709999084472656,54.40999984741211,46.650001525878906,54.36000061035156,42.51242065429688,6997200
2020-03-16,PSX,46.77000045776367,57.59000015258789,45.31999969482422,48.27000045776367,37.74971771240234,7192800
2020-03-16,PSX,46.77000045776367,57.59000015258789,45.31999969482422,48.27000045776367,37.74971771240234,7192800
2020-03-17,PSX,49.08000183105469,50.72999954223633,45.959999084472656,46.66999816894531,36.49843215942383,6274500
2020-03-17,PSX,49.08000183105469,50.72999954223633,45.959999084472656,46.66999816894531,36.49843215942383,6274500
2020-03-18,PSX,44.84000015258789,46.93000030517578,40.040000915527344,42.970001220703125,33.604835510253906,6970800
2020-03-18,PSX,44.84000015258789,46.93000030517578,40.040000915527344,42.970001220703125,33.604835510253906,6970800
2020-03-19,PSX,43.25,46.63999938964844,41.810001373291016,45.68000030517578,35.72420120239258,4936100
2020-03-19,PSX,43.25,46.63999938964844,41.810001373291016,45.68000030517578,35.72420120239258,4936100
2020-03-20,PSX,47.18999862670898,50.959999084472656,45.36000061035156,48.34999847412109,37.81227493286133,7605100
2020-03-20,PSX,47.18999862670898,50.959999084472656,45.36000061035156,48.34999847412109,37.81227493286133,7605100
2020-03-23,PSX,47.68999862670898,48.0,41.40999984741211,42.09000015258789,32.9166259765625,6075800
2020-03-23,PSX,47.68999862670898,48.0,41.40999984741211,42.09000015258789,32.9166259765625,6075800
2020-03-24,PSX,45.75,46.31999969482422,42.400001525878906,45.58000183105469,35.64599609375,5476000
2020-03-24,PSX,45.75,46.31999969482422,42.400001525878906,45.58000183105469,35.64599609375,5476000
2020-03-25,PSX,46.18999862670898,52.900001525878906,43.65999984741211,50.5,39.49369430541992,6516900
2020-03-25,PSX,46.18999862670898,52.900001525878906,43.65999984741211,50.5,39.49369430541992,6516900
2020-03-26,PSX,51.400001525878906,56.7400016784668,51.060001373291016,54.38999938964844,42.5358772277832,6014400
2020-03-26,PSX,51.400001525878906,56.7400016784668,51.060001373291016,54.38999938964844,42.5358772277832,6014400
2020-03-27,PSX,52.08000183105469,54.34000015258789,50.04999923706055,52.31999969482422,40.91702651977539,4191500
2020-03-27,PSX,52.08000183105469,54.34000015258789,50.04999923706055,52.31999969482422,40.91702651977539,4191500
2020-03-30,PSX,50.66999816894531,54.93000030517578,48.68999862670898,54.15999984741211,42.35601043701172,5207900
2020-03-30,PSX,50.66999816894531,54.93000030517578,48.68999862670898,54.15999984741211,42.35601043701172,5207900
2020-03-31,PSX,55.709999084472656,56.5,52.04999923706055,53.650001525878906,41.957157135009766,4743800
2020-03-31,PSX,55.709999084472656,56.5,52.04999923706055,53.650001525878906,41.957157135009766,4743800
2020-04-01,PSX,51.470001220703125,51.84999847412109,49.040000915527344,49.5099983215332,38.719459533691406,4142800
2020-04-01,PSX,51.470001220703125,51.84999847412109,49.040000915527344,49.5099983215332,38.719459533691406,4142800
2020-04-02,PSX,51.5,56.09999847412109,50.060001373291016,51.720001220703125,40.44780349731445,5169000
2020-04-02,PSX,51.5,56.09999847412109,50.060001373291016,51.720001220703125,40.44780349731445,5169000
2020-04-03,PSX,53.0,53.34999847412109,50.34000015258789,51.619998931884766,40.36958694458008,3587300
2020-04-03,PSX,53.0,53.34999847412109,50.34000015258789,51.619998931884766,40.36958694458008,3587300
2020-04-06,PSX,54.09000015258789,57.93000030517578,53.43999862670898,57.41999816894531,44.90550231933594,5347800
2020-04-06,PSX,54.09000015258789,57.93000030517578,53.43999862670898,57.41999816894531,44.90550231933594,5347800
2020-04-07,PSX,60.16999816894531,61.560001373291016,58.0099983215332,58.630001068115234,45.85178756713867,5281100
2020-04-07,PSX,60.16999816894531,61.560001373291016,58.0099983215332,58.630001068115234,45.85178756713867,5281100
2020-04-08,PSX,59.619998931884766,64.19999694824219,59.38999938964844,63.70000076293945,49.81679534912109,3754800
2020-04-08,PSX,59.619998931884766,64.19999694824219,59.38999938964844,63.70000076293945,49.81679534912109,3754800
2020-04-09,PSX,67.11000061035156,67.44000244140625,59.400001525878906,61.52000045776367,48.1119270324707,5316800
2020-04-09,PSX,67.11000061035156,67.44000244140625,59.400001525878906,61.52000045776367,48.1119270324707,5316800
2020-04-13,PSX,63.09999847412109,63.79999923706055,60.97999954223633,61.560001373291016,48.1431999206543,3438100
2020-04-13,PSX,63.09999847412109,63.79999923706055,60.97999954223633,61.560001373291016,48.1431999206543,3438100
2020-04-14,PSX,61.810001373291016,62.40999984741211,60.08000183105469,61.06999969482422,47.7599983215332,3496900
2020-04-14,PSX,61.810001373291016,62.40999984741211,60.08000183105469,61.06999969482422,47.7599983215332,3496900
2020-04-15,PSX,58.310001373291016,58.400001525878906,55.060001373291016,56.470001220703125,44.16254806518555,4093100
2020-04-15,PSX,58.310001373291016,58.400001525878906,55.060001373291016,56.470001220703125,44.16254806518555,4093100
2020-04-16,PSX,55.970001220703125,56.38999938964844,53.15999984741211,53.52999877929688,41.863319396972656,4363300
2020-04-16,PSX,55.970001220703125,56.38999938964844,53.15999984741211,53.52999877929688,41.863319396972656,4363300
2020-04-17,PSX,54.95000076293945,59.68999862670898,54.63999938964844,59.52999877929688,46.55563354492188,5601700
2020-04-17,PSX,54.95000076293945,59.68999862670898,54.63999938964844,59.52999877929688,46.55563354492188,5601700
2020-04-20,PSX,57.0,60.27999877929688,56.5099983215332,58.119998931884766,45.452938079833984,3468500
2020-04-20,PSX,57.0,60.27999877929688,56.5099983215332,58.119998931884766,45.452938079833984,3468500
2020-04-21,PSX,55.5099983215332,58.0,54.40999984741211,56.79999923706055,44.420631408691406,3287100
2020-04-21,PSX,55.5099983215332,58.0,54.40999984741211,56.79999923706055,44.420631408691406,3287100
2020-04-22,PSX,59.66999816894531,59.869998931884766,57.34999847412109,58.18000030517578,45.49986267089844,3071800
2020-04-22,PSX,59.66999816894531,59.869998931884766,57.34999847412109,58.18000030517578,45.49986267089844,3071800
2020-04-23,PSX,60.06999969482422,60.63999938964844,58.36000061035156,59.970001220703125,46.89974212646485,3419800
2020-04-23,PSX,60.06999969482422,60.63999938964844,58.36000061035156,59.970001220703125,46.89974212646485,3419800
2020-04-24,PSX,61.0,61.619998931884766,59.52999877929688,60.52999877929688,47.33769226074219,3399900
2020-04-24,PSX,61.0,61.619998931884766,59.52999877929688,60.52999877929688,47.33769226074219,3399900
2020-04-27,PSX,60.650001525878906,64.12999725341797,60.16999816894531,63.4900016784668,49.65256881713867,3234300
2020-04-27,PSX,60.650001525878906,64.12999725341797,60.16999816894531,63.4900016784668,49.65256881713867,3234300
2020-04-28,PSX,65.1500015258789,67.66999816894531,64.2300033569336,67.33999633789062,52.66346740722656,3851900
2020-04-28,PSX,65.1500015258789,67.66999816894531,64.2300033569336,67.33999633789062,52.66346740722656,3851900
2020-04-29,PSX,70.0,73.80000305175781,69.5,73.5,57.48091506958008,5191400
2020-04-29,PSX,70.0,73.80000305175781,69.5,73.5,57.48091506958008,5191400
2020-04-30,PSX,73.51000213623047,75.62999725341797,72.01000213623047,73.16999816894531,57.22283172607422,5993400
2020-04-30,PSX,73.51000213623047,75.62999725341797,72.01000213623047,73.16999816894531,57.22283172607422,5993400
2020-05-01,PSX,70.55000305175781,71.37000274658203,65.26000213623047,66.36000061035156,51.89705657958984,6626600
2020-05-01,PSX,70.55000305175781,71.37000274658203,65.26000213623047,66.36000061035156,51.89705657958984,6626600
2020-05-04,PSX,66.01000213623047,74.41000366210938,65.69999694824219,73.4800033569336,57.46530151367188,7575800
2020-05-04,PSX,66.01000213623047,74.41000366210938,65.69999694824219,73.4800033569336,57.46530151367188,7575800
2020-05-05,PSX,75.5,76.7699966430664,73.91000366210938,75.19999694824219,58.81040191650391,6934400
2020-05-05,PSX,75.5,76.7699966430664,73.91000366210938,75.19999694824219,58.81040191650391,6934400
2020-05-06,PSX,75.81999969482422,76.29000091552734,71.81999969482422,71.91000366210938,56.23746871948242,5972000
2020-05-06,PSX,75.81999969482422,76.29000091552734,71.81999969482422,71.91000366210938,56.23746871948242,5972000
2020-05-07,PSX,73.79000091552734,75.62999725341797,72.52999877929688,73.30999755859375,57.33232498168945,3586900
2020-05-07,PSX,73.79000091552734,75.62999725341797,72.52999877929688,73.30999755859375,57.33232498168945,3586900
2020-05-08,PSX,74.62999725341797,77.44000244140625,73.77999877929688,77.05999755859375,60.26503753662109,3275800
2020-05-08,PSX,74.62999725341797,77.44000244140625,73.77999877929688,77.05999755859375,60.26503753662109,3275800
2020-05-11,PSX,76.16000366210938,77.73999786376953,75.8499984741211,76.66999816894531,59.96002578735352,3441800
2020-05-11,PSX,76.16000366210938,77.73999786376953,75.8499984741211,76.66999816894531,59.96002578735352,3441800
2020-05-12,PSX,77.12000274658203,77.37000274658203,73.48999786376953,73.52999877929688,57.50437545776367,3117400
2020-05-12,PSX,77.12000274658203,77.37000274658203,73.48999786376953,73.52999877929688,57.50437545776367,3117400
2020-05-13,PSX,73.0,73.36000061035156,70.5199966430664,71.02999877929688,55.54924774169922,3687400
2020-05-13,PSX,73.0,73.36000061035156,70.5199966430664,71.02999877929688,55.54924774169922,3687400
2020-05-14,PSX,69.5999984741211,72.79000091552734,67.87000274658203,71.75,56.11233139038086,3159700
2020-05-14,PSX,69.5999984741211,72.79000091552734,67.87000274658203,71.75,56.11233139038086,3159700
2020-05-15,PSX,70.47000122070312,71.9000015258789,69.12999725341797,70.93000030517578,56.17569351196289,2830600
2020-05-15,PSX,70.47000122070312,71.9000015258789,69.12999725341797,70.93000030517578,56.17569351196289,2830600
2020-05-18,PSX,75.0,77.73999786376953,74.73999786376953,76.27999877929688,60.412818908691406,4530900
2020-05-18,PSX,75.0,77.73999786376953,74.73999786376953,76.27999877929688,60.412818908691406,4530900
2020-05-19,PSX,76.0,76.80999755859375,74.11000061035156,75.22000122070312,59.57332611083984,3736700
2020-05-19,PSX,76.0,76.80999755859375,74.11000061035156,75.22000122070312,59.57332611083984,3736700
2020-05-20,PSX,76.80999755859375,79.11000061035156,76.6500015258789,78.25,61.97304153442383,3501500
2020-05-20,PSX,76.80999755859375,79.11000061035156,76.6500015258789,78.25,61.97304153442383,3501500
2020-05-21,PSX,78.6500015258789,79.0999984741211,76.81999969482422,77.08999633789062,61.0543327331543,2299500
2020-05-21,PSX,78.6500015258789,79.0999984741211,76.81999969482422,77.08999633789062,61.0543327331543,2299500
2020-05-22,PSX,76.33999633789062,76.83999633789062,75.1500015258789,76.45999908447266,60.55536651611328,2036100
2020-05-22,PSX,76.33999633789062,76.83999633789062,75.1500015258789,76.45999908447266,60.55536651611328,2036100
2020-05-26,PSX,79.16000366210938,79.91999816894531,78.45999908447266,78.97000122070312,62.54326629638672,2747400
2020-05-26,PSX,79.16000366210938,79.91999816894531,78.45999908447266,78.97000122070312,62.54326629638672,2747400
2020-05-27,PSX,80.0,81.91999816894531,79.11000061035156,81.7300033569336,64.7291488647461,3328100
2020-05-27,PSX,80.0,81.91999816894531,79.11000061035156,81.7300033569336,64.7291488647461,3328100
2020-05-28,PSX,81.91999816894531,82.02999877929688,78.19999694824219,78.55999755859375,62.218563079833984,4129200
2020-05-28,PSX,81.91999816894531,82.02999877929688,78.19999694824219,78.55999755859375,62.218563079833984,4129200
2020-05-29,PSX,78.33000183105469,79.30000305175781,77.08000183105469,78.26000213623047,61.98094177246094,4305200
2020-05-29,PSX,78.33000183105469,79.30000305175781,77.08000183105469,78.26000213623047,61.98094177246094,4305200
2020-06-01,PSX,78.02999877929688,78.97000122070312,76.30999755859375,78.83000183105469,62.43238830566406,2470200
2020-06-01,PSX,78.02999877929688,78.97000122070312,76.30999755859375,78.83000183105469,62.43238830566406,2470200
2020-06-02,PSX,79.63999938964844,81.7300033569336,79.08000183105469,81.56999969482422,64.60245513916016,3151900
2020-06-02,PSX,79.63999938964844,81.7300033569336,79.08000183105469,81.56999969482422,64.60245513916016,3151900
2020-06-03,PSX,82.8499984741211,84.36000061035156,82.63999938964844,83.7300033569336,66.31312561035156,2562400
2020-06-03,PSX,82.8499984741211,84.36000061035156,82.63999938964844,83.7300033569336,66.31312561035156,2562400
2020-06-04,PSX,82.55999755859375,83.63999938964844,81.68000030517578,83.12999725341797,65.83794403076172,2586300
2020-06-04,PSX,82.55999755859375,83.63999938964844,81.68000030517578,83.12999725341797,65.83794403076172,2586300
2020-06-05,PSX,86.7699966430664,88.45999908447266,86.1500015258789,87.4000015258789,69.2197265625,3767300
2020-06-05,PSX,86.7699966430664,88.45999908447266,86.1500015258789,87.4000015258789,69.2197265625,3767300
2020-06-08,PSX,88.55999755859375,89.79000091552734,87.38999938964844,89.7300033569336,71.06507110595703,3355700
2020-06-08,PSX,88.55999755859375,89.79000091552734,87.38999938964844,89.7300033569336,71.06507110595703,3355700
2020-06-09,PSX,86.55999755859375,86.91000366210938,85.12999725341797,85.66999816894531,67.8495864868164,3809900
2020-06-09,PSX,86.55999755859375,86.91000366210938,85.12999725341797,85.66999816894531,67.8495864868164,3809900
2020-06-10,PSX,85.05000305175781,87.0199966430664,83.41000366210938,84.33000183105469,66.788330078125,3201700
2020-06-10,PSX,85.05000305175781,87.0199966430664,83.41000366210938,84.33000183105469,66.788330078125,3201700
2020-06-11,PSX,78.01000213623047,79.8499984741211,74.95999908447266,75.0,59.39908599853516,4387200
2020-06-11,PSX,78.01000213623047,79.8499984741211,74.95999908447266,75.0,59.39908599853516,4387200
2020-06-12,PSX,77.7300033569336,79.66000366210938,75.31999969482422,77.26000213623047,61.18898391723633,3025700
2020-06-12,PSX,77.7300033569336,79.66000366210938,75.31999969482422,77.26000213623047,61.18898391723633,3025700
2020-06-15,PSX,73.43000030517578,76.58999633789062,72.5999984741211,75.5999984741211,59.87428665161133,4308900
2020-06-15,PSX,73.43000030517578,76.58999633789062,72.5999984741211,75.5999984741211,59.87428665161133,4308900
2020-06-16,PSX,78.9000015258789,78.94999694824219,75.18000030517578,77.04000091552734,61.01473236083984,3419100
2020-06-16,PSX,78.9000015258789,78.94999694824219,75.18000030517578,77.04000091552734,61.01473236083984,3419100
2020-06-17,PSX,77.04000091552734,77.2699966430664,72.83999633789062,72.87999725341797,57.720062255859375,3665500
2020-06-17,PSX,77.04000091552734,77.2699966430664,72.83999633789062,72.87999725341797,57.720062255859375,3665500
2020-06-18,PSX,72.51000213623047,76.66999816894531,72.0999984741211,76.23999786376953,60.38114547729492,3760200
2020-06-18,PSX,72.51000213623047,76.66999816894531,72.0999984741211,76.23999786376953,60.38114547729492,3760200
2020-06-19,PSX,78.0,78.41000366210938,74.61000061035156,74.69999694824219,59.1614875793457,7484400
2020-06-19,PSX,78.0,78.41000366210938,74.61000061035156,74.69999694824219,59.1614875793457,7484400
2020-06-22,PSX,74.0999984741211,74.83999633789062,72.9000015258789,74.4000015258789,58.92388153076172,2455400
2020-06-22,PSX,74.0999984741211,74.83999633789062,72.9000015258789,74.4000015258789,58.92388153076172,2455400
2020-06-23,PSX,74.75,75.45999908447266,74.16999816894531,74.69999694824219,59.1614875793457,2749700
2020-06-23,PSX,74.75,75.45999908447266,74.16999816894531,74.69999694824219,59.1614875793457,2749700
2020-06-24,PSX,73.5,73.72000122070312,69.31999969482422,69.98999786376953,55.43122482299805,3560200
2020-06-24,PSX,73.5,73.72000122070312,69.31999969482422,69.98999786376953,55.43122482299805,3560200
2020-06-25,PSX,69.41999816894531,71.45999908447266,68.88999938964844,70.06999969482422,55.494571685791016,2655200
2020-06-25,PSX,69.41999816894531,71.45999908447266,68.88999938964844,70.06999969482422,55.494571685791016,2655200
2020-06-26,PSX,69.7300033569336,69.75,67.95999908447266,68.06999969482422,53.91061401367188,3797700
2020-06-26,PSX,69.7300033569336,69.75,67.95999908447266,68.06999969482422,53.91061401367188,3797700
2020-06-29,PSX,68.83999633789062,69.76000213623047,67.81999969482422,68.66000366210938,54.37788009643555,2364900
2020-06-29,PSX,68.83999633789062,69.76000213623047,67.81999969482422,68.66000366210938,54.37788009643555,2364900
2020-06-30,PSX,68.0199966430664,72.3499984741211,67.26000213623047,71.9000015258789,56.94392395019531,3502500
2020-06-30,PSX,68.0199966430664,72.3499984741211,67.26000213623047,71.9000015258789,56.94392395019531,3502500
2020-07-01,PSX,71.7699966430664,73.3499984741211,68.83000183105469,69.11000061035156,54.73427963256836,2251700
2020-07-01,PSX,71.7699966430664,73.3499984741211,68.83000183105469,69.11000061035156,54.73427963256836,2251700
2020-07-02,PSX,70.2699966430664,70.9800033569336,68.27999877929688,68.41999816894531,54.18778991699219,2624100
2020-07-02,PSX,70.2699966430664,70.9800033569336,68.27999877929688,68.41999816894531,54.18778991699219,2624100
2020-07-06,PSX,69.61000061035156,69.94999694824219,66.27999877929688,68.08999633789062,53.92644119262695,3592400
2020-07-06,PSX,69.61000061035156,69.94999694824219,66.27999877929688,68.08999633789062,53.92644119262695,3592400
2020-07-07,PSX,67.19000244140625,67.25,64.4800033569336,64.61000061035156,51.17033004760742,3120400
2020-07-07,PSX,67.19000244140625,67.25,64.4800033569336,64.61000061035156,51.17033004760742,3120400
2020-07-08,PSX,64.68000030517578,65.55999755859375,63.63999938964844,63.97999954223633,50.6713752746582,3798000
2020-07-08,PSX,64.68000030517578,65.55999755859375,63.63999938964844,63.97999954223633,50.6713752746582,3798000
2020-07-09,PSX,64.0,64.33000183105469,58.91999816894531,58.97999954223633,46.71143341064453,6096200
2020-07-09,PSX,64.0,64.33000183105469,58.91999816894531,58.97999954223633,46.71143341064453,6096200
2020-07-10,PSX,58.72999954223633,61.119998931884766,58.720001220703125,61.060001373291016,48.358768463134766,4247900
2020-07-10,PSX,58.72999954223633,61.119998931884766,58.720001220703125,61.060001373291016,48.358768463134766,4247900
2020-07-13,PSX,61.34000015258789,61.77000045776367,59.5,60.27000045776367,47.733097076416016,3481400
2020-07-13,PSX,61.34000015258789,61.77000045776367,59.5,60.27000045776367,47.733097076416016,3481400
2020-07-14,PSX,59.630001068115234,62.209999084472656,59.400001525878906,61.959999084472656,49.071563720703125,3423300
2020-07-14,PSX,59.630001068115234,62.209999084472656,59.400001525878906,61.959999084472656,49.071563720703125,3423300
2020-07-15,PSX,63.970001220703125,65.72000122070312,62.70000076293945,65.45999908447266,51.84351348876953,3635500
2020-07-15,PSX,63.970001220703125,65.72000122070312,62.70000076293945,65.45999908447266,51.84351348876953,3635500
2020-07-16,PSX,65.06999969482422,66.12000274658203,63.869998931884766,64.87000274658203,51.37624740600586,1857300
2020-07-16,PSX,65.06999969482422,66.12000274658203,63.869998931884766,64.87000274658203,51.37624740600586,1857300
2020-07-17,PSX,65.30999755859375,66.16000366210938,63.59000015258789,63.84000015258789,50.56049728393555,2122100
2020-07-17,PSX,65.30999755859375,66.16000366210938,63.59000015258789,63.84000015258789,50.56049728393555,2122100
2020-07-20,PSX,63.84999847412109,64.55999755859375,62.27000045776367,62.33000183105469,49.36459732055664,2079600
2020-07-20,PSX,63.84999847412109,64.55999755859375,62.27000045776367,62.33000183105469,49.36459732055664,2079600
2020-07-21,PSX,63.72999954223633,66.9000015258789,63.5,66.41999816894531,52.60382080078125,3241200
2020-07-21,PSX,63.72999954223633,66.9000015258789,63.5,66.41999816894531,52.60382080078125,3241200
2020-07-22,PSX,65.16000366210938,65.52999877929688,63.90999984741211,65.25,51.67720031738281,2585400
2020-07-22,PSX,65.16000366210938,65.52999877929688,63.90999984741211,65.25,51.67720031738281,2585400
2020-07-23,PSX,64.81999969482422,65.69999694824219,63.970001220703125,65.18000030517578,51.62175750732422,2104700
2020-07-23,PSX,64.81999969482422,65.69999694824219,63.970001220703125,65.18000030517578,51.62175750732422,2104700
2020-07-24,PSX,65.44999694824219,66.4800033569336,64.75,65.05999755859375,51.5267219543457,2040600
2020-07-24,PSX,65.44999694824219,66.4800033569336,64.75,65.05999755859375,51.5267219543457,2040600
2020-07-27,PSX,64.75,65.02999877929688,63.59999847412109,64.58999633789062,51.15448760986328,1826600
2020-07-27,PSX,64.75,65.02999877929688,63.59999847412109,64.58999633789062,51.15448760986328,1826600
2020-07-28,PSX,64.13999938964844,64.95999908447266,63.400001525878906,63.58000183105469,50.35457229614258,2428300
2020-07-28,PSX,64.13999938964844,64.95999908447266,63.400001525878906,63.58000183105469,50.35457229614258,2428300
2020-07-29,PSX,64.16000366210938,65.58999633789062,63.709999084472656,65.58000183105469,51.93855285644531,2449100
2020-07-29,PSX,64.16000366210938,65.58999633789062,63.709999084472656,65.58000183105469,51.93855285644531,2449100
2020-07-30,PSX,64.01000213623047,64.20999908447266,61.29999923706055,63.09000015258789,49.96648788452149,3118400
2020-07-30,PSX,64.01000213623047,64.20999908447266,61.29999923706055,63.09000015258789,49.96648788452149,3118400
2020-07-31,PSX,61.369998931884766,63.09999847412109,60.59000015258789,62.02000045776367,49.11907958984375,5838600
2020-07-31,PSX,61.369998931884766,63.09999847412109,60.59000015258789,62.02000045776367,49.11907958984375,5838600
2020-08-03,PSX,61.310001373291016,62.0,60.040000915527344,61.119998931884766,48.40629577636719,4331600
2020-08-03,PSX,61.310001373291016,62.0,60.040000915527344,61.119998931884766,48.40629577636719,4331600
2020-08-04,PSX,60.75,62.33000183105469,60.119998931884766,61.84999847412109,48.98443984985352,3412600
2020-08-04,PSX,60.75,62.33000183105469,60.119998931884766,61.84999847412109,48.98443984985352,3412600
2020-08-05,PSX,63.119998931884766,63.119998931884766,60.52999877929688,61.959999084472656,49.071563720703125,4538200
2020-08-05,PSX,63.119998931884766,63.119998931884766,60.52999877929688,61.959999084472656,49.071563720703125,4538200
2020-08-06,PSX,61.09999847412109,62.95000076293945,60.68000030517578,60.970001220703125,48.2874870300293,3187800
2020-08-06,PSX,61.09999847412109,62.95000076293945,60.68000030517578,60.970001220703125,48.2874870300293,3187800
2020-08-07,PSX,60.59999847412109,62.9900016784668,60.13999938964844,62.869998931884766,49.79227066040039,2914000
2020-08-07,PSX,60.59999847412109,62.9900016784668,60.13999938964844,62.869998931884766,49.79227066040039,2914000
2020-08-10,PSX,63.369998931884766,64.91999816894531,62.900001525878906,64.87000274658203,51.37624740600586,3387100
2020-08-10,PSX,63.369998931884766,64.91999816894531,62.900001525878906,64.87000274658203,51.37624740600586,3387100
2020-08-11,PSX,66.38999938964844,67.47000122070312,63.75,64.11000061035156,50.77432632446289,3544200
2020-08-11,PSX,66.38999938964844,67.47000122070312,63.75,64.11000061035156,50.77432632446289,3544200
2020-08-12,PSX,65.33999633789062,65.51000213623047,63.810001373291016,64.41000366210938,51.01192855834961,3442200
2020-08-12,PSX,65.33999633789062,65.51000213623047,63.810001373291016,64.41000366210938,51.01192855834961,3442200
2020-08-13,PSX,63.84999847412109,64.29000091552734,62.619998931884766,62.630001068115234,49.602195739746094,2875500
2020-08-13,PSX,63.84999847412109,64.29000091552734,62.619998931884766,62.630001068115234,49.602195739746094,2875500
2020-08-14,PSX,62.09999847412109,63.7599983215332,61.86000061035156,63.65999984741211,50.41793441772461,2638100
2020-08-14,PSX,62.09999847412109,63.7599983215332,61.86000061035156,63.65999984741211,50.41793441772461,2638100
2020-08-17,PSX,62.70000076293945,63.13999938964844,62.130001068115234,62.36000061035156,50.09659957885742,2816100
2020-08-17,PSX,62.70000076293945,63.13999938964844,62.130001068115234,62.36000061035156,50.09659957885742,2816100
2020-08-18,PSX,62.2599983215332,62.5,61.09000015258789,61.310001373291016,49.25309371948242,2658800
2020-08-18,PSX,62.2599983215332,62.5,61.09000015258789,61.310001373291016,49.25309371948242,2658800
2020-08-19,PSX,61.5,62.09000015258789,60.369998931884766,61.41999816894531,49.34145736694336,3100800
2020-08-19,PSX,61.5,62.09000015258789,60.369998931884766,61.41999816894531,49.34145736694336,3100800
2020-08-20,PSX,60.7599983215332,61.59000015258789,60.619998931884766,60.970001220703125,48.97994995117188,2598700
2020-08-20,PSX,60.7599983215332,61.59000015258789,60.619998931884766,60.970001220703125,48.97994995117188,2598700
2020-08-21,PSX,61.0,61.77999877929688,60.56999969482422,60.970001220703125,48.97994995117188,3124900
2020-08-21,PSX,61.0,61.77999877929688,60.56999969482422,60.970001220703125,48.97994995117188,3124900
2020-08-24,PSX,61.25,63.68000030517578,60.68000030517578,63.650001525878906,51.13291549682617,3011200
2020-08-24,PSX,61.25,63.68000030517578,60.68000030517578,63.650001525878906,51.13291549682617,3011200
2020-08-25,PSX,63.70000076293945,63.95000076293945,61.41999816894531,61.630001068115234,49.510162353515625,2303900
2020-08-25,PSX,63.70000076293945,63.95000076293945,61.41999816894531,61.630001068115234,49.510162353515625,2303900
2020-08-26,PSX,61.41999816894531,61.84000015258789,60.0099983215332,60.02999877929688,48.22480773925781,3003400
2020-08-26,PSX,61.41999816894531,61.84000015258789,60.0099983215332,60.02999877929688,48.22480773925781,3003400
2020-08-27,PSX,60.18000030517578,60.43000030517578,59.06999969482422,60.2599983215332,48.40957260131836,3160200
2020-08-27,PSX,60.18000030517578,60.43000030517578,59.06999969482422,60.2599983215332,48.40957260131836,3160200
2020-08-28,PSX,60.34999847412109,62.06999969482422,60.34999847412109,61.790000915527344,49.63869094848633,2469100
2020-08-28,PSX,60.34999847412109,62.06999969482422,60.34999847412109,61.790000915527344,49.63869094848633,2469100
2020-08-31,PSX,61.84999847412109,61.91999816894531,58.459999084472656,58.470001220703125,46.97157669067383,3657000
2020-08-31,PSX,61.84999847412109,61.91999816894531,58.459999084472656,58.470001220703125,46.97157669067383,3657000
2020-09-01,PSX,58.380001068115234,59.40999984741211,57.709999084472656,58.790000915527344,47.22865676879883,3194900
2020-09-01,PSX,58.380001068115234,59.40999984741211,57.709999084472656,58.790000915527344,47.22865676879883,3194900
2020-09-02,PSX,58.59000015258789,60.380001068115234,57.83000183105469,60.04999923706055,48.240867614746094,4491700
2020-09-02,PSX,58.59000015258789,60.380001068115234,57.83000183105469,60.04999923706055,48.240867614746094,4491700
2020-09-03,PSX,60.130001068115234,61.72999954223633,59.20000076293945,59.68999862670898,47.95166778564453,3365700
2020-09-03,PSX,60.130001068115234,61.72999954223633,59.20000076293945,59.68999862670898,47.95166778564453,3365700
2020-09-04,PSX,60.0,60.63999938964844,58.560001373291016,58.97999954223633,47.38129425048828,3420100
2020-09-04,PSX,60.0,60.63999938964844,58.560001373291016,58.97999954223633,47.38129425048828,3420100
2020-09-08,PSX,58.31999969482422,59.630001068115234,57.869998931884766,57.959999084472656,46.56188583374024,4119800
2020-09-08,PSX,58.31999969482422,59.630001068115234,57.869998931884766,57.959999084472656,46.56188583374024,4119800
2020-09-09,PSX,58.040000915527344,58.630001068115234,57.15999984741211,57.869998931884766,46.48957824707031,3057100
2020-09-09,PSX,58.040000915527344,58.630001068115234,57.15999984741211,57.869998931884766,46.48957824707031,3057100
2020-09-10,PSX,58.15999984741211,58.2599983215332,55.34999847412109,55.36000061035156,44.47319412231445,3100900
2020-09-10,PSX,58.15999984741211,58.2599983215332,55.34999847412109,55.36000061035156,44.47319412231445,3100900
2020-09-11,PSX,55.68999862670898,57.41999816894531,54.880001068115234,57.06999969482422,45.84690475463867,3002100
2020-09-11,PSX,55.68999862670898,57.41999816894531,54.880001068115234,57.06999969482422,45.84690475463867,3002100
2020-09-14,PSX,57.52000045776367,58.91999816894531,57.43000030517578,58.369998931884766,46.89125061035156,2889700
2020-09-14,PSX,57.52000045776367,58.91999816894531,57.43000030517578,58.369998931884766,46.89125061035156,2889700
2020-09-15,PSX,58.25,59.540000915527344,57.709999084472656,58.04999923706055,46.63418197631836,3397700
2020-09-15,PSX,58.25,59.540000915527344,57.709999084472656,58.04999923706055,46.63418197631836,3397700
2020-09-16,PSX,58.75,61.72999954223633,58.11000061035156,60.5099983215332,48.61040496826172,5347700
2020-09-16,PSX,58.75,61.72999954223633,58.11000061035156,60.5099983215332,48.61040496826172,5347700
2020-09-17,PSX,58.81999969482422,60.41999816894531,58.7599983215332,60.34999847412109,48.481876373291016,4187000
2020-09-17,PSX,58.81999969482422,60.41999816894531,58.7599983215332,60.34999847412109,48.481876373291016,4187000
2020-09-18,PSX,59.25,60.720001220703125,58.93000030517578,59.81999969482422,48.05610656738281,7292400
2020-09-18,PSX,59.25,60.720001220703125,58.93000030517578,59.81999969482422,48.05610656738281,7292400
2020-09-21,PSX,57.91999816894531,58.22999954223633,55.58000183105469,55.91999816894531,44.92306137084961,6187500
2020-09-21,PSX,57.91999816894531,58.22999954223633,55.58000183105469,55.91999816894531,44.92306137084961,6187500
2020-09-22,PSX,55.709999084472656,56.81999969482422,54.869998931884766,55.36000061035156,44.47319412231445,4135900
2020-09-22,PSX,55.709999084472656,56.81999969482422,54.869998931884766,55.36000061035156,44.47319412231445,4135900
2020-09-23,PSX,55.470001220703125,55.81999969482422,52.560001373291016,52.630001068115234,42.280059814453125,3725300
2020-09-23,PSX,55.470001220703125,55.81999969482422,52.560001373291016,52.630001068115234,42.280059814453125,3725300
2020-09-24,PSX,52.29999923706055,53.84999847412109,51.04999923706055,52.84999847412109,42.456790924072266,2981000
2020-09-24,PSX,52.29999923706055,53.84999847412109,51.04999923706055,52.84999847412109,42.456790924072266,2981000
2020-09-25,PSX,52.06999969482422,53.27999877929688,51.70000076293945,52.880001068115234,42.48088836669922,2824300
2020-09-25,PSX,52.06999969482422,53.27999877929688,51.70000076293945,52.880001068115234,42.48088836669922,2824300
2020-09-28,PSX,53.93999862670898,54.63999938964844,53.43000030517578,53.97999954223633,43.36456680297852,2126600
2020-09-28,PSX,53.93999862670898,54.63999938964844,53.43000030517578,53.97999954223633,43.36456680297852,2126600
2020-09-29,PSX,53.7599983215332,53.81999969482422,51.7599983215332,52.18999862670898,41.92657852172852,2464600
2020-09-29,PSX,53.7599983215332,53.81999969482422,51.7599983215332,52.18999862670898,41.92657852172852,2464600
2020-09-30,PSX,52.470001220703125,53.04999923706055,51.59000015258789,51.84000015258789,41.645416259765625,2670300
2020-09-30,PSX,52.470001220703125,53.04999923706055,51.59000015258789,51.84000015258789,41.645416259765625,2670300
2020-10-01,PSX,51.18999862670898,51.59999847412109,49.75,50.27999877929688,40.39219665527344,4047100
2020-10-01,PSX,51.18999862670898,51.59999847412109,49.75,50.27999877929688,40.39219665527344,4047100
2020-10-02,PSX,48.959999084472656,51.7599983215332,48.81999969482422,51.060001373291016,41.01880645751953,3453200
2020-10-02,PSX,48.959999084472656,51.7599983215332,48.81999969482422,51.060001373291016,41.01880645751953,3453200
2020-10-05,PSX,51.83000183105469,53.130001068115234,51.720001220703125,52.54999923706055,42.21578979492188,2711600
2020-10-05,PSX,51.83000183105469,53.130001068115234,51.720001220703125,52.54999923706055,42.21578979492188,2711600
2020-10-06,PSX,53.4900016784668,53.4900016784668,50.93999862670898,51.060001373291016,41.01880645751953,2926500
2020-10-06,PSX,53.4900016784668,53.4900016784668,50.93999862670898,51.060001373291016,41.01880645751953,2926500
2020-10-07,PSX,51.45000076293945,52.18000030517578,50.650001525878906,51.93000030517578,41.71770858764648,2621200
2020-10-07,PSX,51.45000076293945,52.18000030517578,50.650001525878906,51.93000030517578,41.71770858764648,2621200
2020-10-08,PSX,52.119998931884766,53.65999984741211,52.060001373291016,53.63999938964844,43.0914306640625,2398000
2020-10-08,PSX,52.119998931884766,53.65999984741211,52.060001373291016,53.63999938964844,43.0914306640625,2398000
2020-10-09,PSX,54.040000915527344,54.5,52.54999923706055,53.040000915527344,42.60942459106445,3185700
2020-10-09,PSX,54.040000915527344,54.5,52.54999923706055,53.040000915527344,42.60942459106445,3185700
2020-10-12,PSX,52.65999984741211,54.36000061035156,51.93000030517578,53.459999084472656,42.94682693481445,2769000
2020-10-12,PSX,52.65999984741211,54.36000061035156,51.93000030517578,53.459999084472656,42.94682693481445,2769000
2020-10-13,PSX,52.869998931884766,53.459999084472656,51.119998931884766,51.27000045776367,41.18750762939453,2885600
2020-10-13,PSX,52.869998931884766,53.459999084472656,51.119998931884766,51.27000045776367,41.18750762939453,2885600
2020-10-14,PSX,51.720001220703125,53.36000061035156,51.52999877929688,52.08000183105469,41.838226318359375,2111400
2020-10-14,PSX,51.720001220703125,53.36000061035156,51.52999877929688,52.08000183105469,41.838226318359375,2111400
2020-10-15,PSX,51.04999923706055,52.7400016784668,50.41999816894531,52.5099983215332,42.18365097045898,3502000
2020-10-15,PSX,51.04999923706055,52.7400016784668,50.41999816894531,52.5099983215332,42.18365097045898,3502000
2020-10-16,PSX,52.459999084472656,52.5,50.470001220703125,50.58000183105469,40.63320159912109,2938700
2020-10-16,PSX,52.459999084472656,52.5,50.470001220703125,50.58000183105469,40.63320159912109,2938700
2020-10-19,PSX,50.90999984741211,50.93000030517578,48.880001068115234,48.95000076293945,39.32374572753906,3683200
2020-10-19,PSX,50.90999984741211,50.93000030517578,48.880001068115234,48.95000076293945,39.32374572753906,3683200
2020-10-20,PSX,49.369998931884766,50.09000015258789,49.08000183105469,49.59000015258789,39.83788299560547,3471300
2020-10-20,PSX,49.369998931884766,50.09000015258789,49.08000183105469,49.59000015258789,39.83788299560547,3471300
2020-10-21,PSX,48.880001068115234,49.81999969482422,48.65999984741211,48.720001220703125,39.13896942138672,3798400
2020-10-21,PSX,48.880001068115234,49.81999969482422,48.65999984741211,48.720001220703125,39.13896942138672,3798400
2020-10-22,PSX,48.68000030517578,50.18999862670898,47.54999923706055,50.0099983215332,40.1752815246582,3408600
2020-10-22,PSX,48.68000030517578,50.18999862670898,47.54999923706055,50.0099983215332,40.1752815246582,3408600
2020-10-23,PSX,50.54999923706055,51.43999862670898,49.40999984741211,50.47999954223633,40.552852630615234,3291400
2020-10-23,PSX,50.54999923706055,51.43999862670898,49.40999984741211,50.47999954223633,40.552852630615234,3291400
2020-10-26,PSX,49.63999938964844,49.650001525878906,47.900001525878906,48.13999938964844,38.67302703857422,3215000
2020-10-26,PSX,49.63999938964844,49.650001525878906,47.900001525878906,48.13999938964844,38.67302703857422,3215000
2020-10-27,PSX,48.0,48.369998931884766,47.02000045776367,47.06999969482422,37.81344604492188,3525700
2020-10-27,PSX,48.0,48.369998931884766,47.02000045776367,47.06999969482422,37.81344604492188,3525700
2020-10-28,PSX,45.72999954223633,46.5,44.13999938964844,44.220001220703125,35.52392578125,4911700
2020-10-28,PSX,45.72999954223633,46.5,44.13999938964844,44.220001220703125,35.52392578125,4911700
2020-10-29,PSX,43.619998931884766,46.18000030517578,43.27000045776367,45.97999954223633,36.93780899047852,4436300
2020-10-29,PSX,43.619998931884766,46.18000030517578,43.27000045776367,45.97999954223633,36.93780899047852,4436300
2020-10-30,PSX,45.380001068115234,46.7400016784668,44.90999984741211,46.65999984741211,37.484073638916016,4578900
2020-10-30,PSX,45.380001068115234,46.7400016784668,44.90999984741211,46.65999984741211,37.484073638916016,4578900
2020-11-02,PSX,47.380001068115234,48.47999954223633,46.5099983215332,47.959999084472656,38.5284309387207,3732600
2020-11-02,PSX,47.380001068115234,48.47999954223633,46.5099983215332,47.959999084472656,38.5284309387207,3732600
2020-11-03,PSX,48.619998931884766,49.040000915527344,46.84999847412109,47.52000045776367,38.17496871948242,3287300
2020-11-03,PSX,48.619998931884766,49.040000915527344,46.84999847412109,47.52000045776367,38.17496871948242,3287300
2020-11-04,PSX,47.65999984741211,49.25,46.61000061035156,47.91999816894531,38.49631118774414,3709000
2020-11-04,PSX,47.65999984741211,49.25,46.61000061035156,47.91999816894531,38.49631118774414,3709000
2020-11-05,PSX,47.709999084472656,48.90999984741211,47.43000030517578,48.18999862670898,38.71320724487305,3211600
2020-11-05,PSX,47.709999084472656,48.90999984741211,47.43000030517578,48.18999862670898,38.71320724487305,3211600
2020-11-06,PSX,48.11000061035156,48.88999938964844,46.18999862670898,46.68000030517578,37.50015640258789,3617000
2020-11-06,PSX,48.11000061035156,48.88999938964844,46.18999862670898,46.68000030517578,37.50015640258789,3617000
2020-11-09,PSX,52.41999816894531,58.22999954223633,52.29999923706055,57.02999877929688,45.81477355957031,8912800
2020-11-09,PSX,52.41999816894531,58.22999954223633,52.29999923706055,57.02999877929688,45.81477355957031,8912800
2020-11-10,PSX,58.68999862670898,58.77999877929688,55.70000076293945,58.13999938964844,46.70648193359375,5192400
2020-11-10,PSX,58.68999862670898,58.77999877929688,55.70000076293945,58.13999938964844,46.70648193359375,5192400
2020-11-11,PSX,58.900001525878906,58.9900016784668,57.68999862670898,58.97999954223633,47.38129425048828,4588500
2020-11-11,PSX,58.900001525878906,58.9900016784668,57.68999862670898,58.97999954223633,47.38129425048828,4588500
2020-11-12,PSX,57.68000030517578,58.52999877929688,54.59999847412109,54.84999847412109,44.0634765625,5068000
2020-11-12,PSX,57.68000030517578,58.52999877929688,54.59999847412109,54.84999847412109,44.0634765625,5068000
2020-11-13,PSX,55.56999969482422,59.5,55.5,58.7599983215332,47.204566955566406,5655700
2020-11-13,PSX,55.56999969482422,59.5,55.5,58.7599983215332,47.204566955566406,5655700
2020-11-16,PSX,61.18999862670898,63.13999938964844,59.09999847412109,62.619998931884766,51.08795547485352,6020300
2020-11-16,PSX,61.18999862670898,63.13999938964844,59.09999847412109,62.619998931884766,51.08795547485352,6020300
2020-11-17,PSX,61.25,64.43000030517578,60.25,64.33999633789062,52.4912109375,5370200
2020-11-17,PSX,61.25,64.43000030517578,60.25,64.33999633789062,52.4912109375,5370200
2020-11-18,PSX,64.76000213623047,64.8499984741211,60.720001220703125,60.75,49.562347412109375,4151000
2020-11-18,PSX,64.76000213623047,64.8499984741211,60.720001220703125,60.75,49.562347412109375,4151000
2020-11-19,PSX,60.0,61.81999969482422,59.52999877929688,61.45000076293945,50.1334342956543,2673700
2020-11-19,PSX,60.0,61.81999969482422,59.52999877929688,61.45000076293945,50.1334342956543,2673700
2020-11-20,PSX,61.29999923706055,62.4900016784668,61.0099983215332,61.59000015258789,50.247657775878906,2651600
2020-11-20,PSX,61.29999923706055,62.4900016784668,61.0099983215332,61.59000015258789,50.247657775878906,2651600
2020-11-23,PSX,62.720001220703125,65.91999816894531,62.59999847412109,65.83999633789062,53.7149658203125,4504300
2020-11-23,PSX,62.720001220703125,65.91999816894531,62.59999847412109,65.83999633789062,53.7149658203125,4504300
2020-11-24,PSX,68.1500015258789,68.70999908447266,66.5999984741211,67.72000122070312,55.24875259399414,4207300
2020-11-24,PSX,68.1500015258789,68.70999908447266,66.5999984741211,67.72000122070312,55.24875259399414,4207300
2020-11-25,PSX,66.87999725341797,67.2300033569336,65.7699966430664,66.26000213623047,54.05763244628906,3755900
2020-11-25,PSX,66.87999725341797,67.2300033569336,65.7699966430664,66.26000213623047,54.05763244628906,3755900
2020-11-27,PSX,65.62000274658203,66.25,64.69000244140625,65.2300033569336,53.21730422973633,1936000
2020-11-27,PSX,65.62000274658203,66.25,64.69000244140625,65.2300033569336,53.21730422973633,1936000
2020-11-30,PSX,64.26000213623047,64.5,60.29999923706055,60.58000183105469,49.42364501953125,6423000
2020-11-30,PSX,64.26000213623047,64.5,60.29999923706055,60.58000183105469,49.42364501953125,6423000
2020-12-01,PSX,62.77999877929688,64.18000030517578,61.52999877929688,61.880001068115234,50.48423767089844,4021100
2020-12-01,PSX,62.77999877929688,64.18000030517578,61.52999877929688,61.880001068115234,50.48423767089844,4021100
2020-12-02,PSX,61.20000076293945,65.27999877929688,61.040000915527344,64.43000030517578,52.56462860107422,4410700
2020-12-02,PSX,61.20000076293945,65.27999877929688,61.040000915527344,64.43000030517578,52.56462860107422,4410700
2020-12-03,PSX,64.75,66.9000015258789,63.84000015258789,65.0199966430664,53.04598236083984,2732700
2020-12-03,PSX,64.75,66.9000015258789,63.84000015258789,65.0199966430664,53.04598236083984,2732700
2020-12-04,PSX,66.73999786376953,69.91999816894531,66.5199966430664,69.31999969482422,56.55409622192383,4437500
2020-12-04,PSX,66.73999786376953,69.91999816894531,66.5199966430664,69.31999969482422,56.55409622192383,4437500
2020-12-07,PSX,68.31999969482422,68.80999755859375,66.31999969482422,67.05000305175781,54.70214080810547,3059500
2020-12-07,PSX,68.31999969482422,68.80999755859375,66.31999969482422,67.05000305175781,54.70214080810547,3059500
2020-12-08,PSX,66.05999755859375,69.08000183105469,66.05999755859375,67.38999938964844,54.979522705078125,3050800
2020-12-08,PSX,66.05999755859375,69.08000183105469,66.05999755859375,67.38999938964844,54.979522705078125,3050800
2020-12-09,PSX,68.45999908447266,70.0999984741211,66.9800033569336,68.7699966430664,56.10536956787109,3602200
2020-12-09,PSX,68.45999908447266,70.0999984741211,66.9800033569336,68.7699966430664,56.10536956787109,3602200
2020-12-10,PSX,68.1500015258789,71.69999694824219,68.1500015258789,70.86000061035156,57.81048583984375,3352600
2020-12-10,PSX,68.1500015258789,71.69999694824219,68.1500015258789,70.86000061035156,57.81048583984375,3352600
2020-12-11,PSX,70.19999694824219,70.41999816894531,68.44999694824219,69.51000213623047,56.70911407470703,2557000
2020-12-11,PSX,70.19999694824219,70.41999816894531,68.44999694824219,69.51000213623047,56.70911407470703,2557000
2020-12-14,PSX,69.70999908447266,70.55000305175781,66.86000061035156,67.19000244140625,54.81635665893555,2816400
2020-12-14,PSX,69.70999908447266,70.55000305175781,66.86000061035156,67.19000244140625,54.81635665893555,2816400
2020-12-15,PSX,67.16000366210938,68.69000244140625,66.25,68.25,55.6811408996582,3028500
2020-12-15,PSX,67.16000366210938,68.69000244140625,66.25,68.25,55.6811408996582,3028500
2020-12-16,PSX,68.44999694824219,68.5,66.91999816894531,67.29000091552734,54.89794158935547,3395200
2020-12-16,PSX,68.44999694824219,68.5,66.91999816894531,67.29000091552734,54.89794158935547,3395200
2020-12-17,PSX,67.86000061035156,67.87000274658203,66.4000015258789,67.16999816894531,54.80003356933594,3162500
2020-12-17,PSX,67.86000061035156,67.87000274658203,66.4000015258789,67.16999816894531,54.80003356933594,3162500
2020-12-18,PSX,67.08999633789062,67.5199966430664,66.05999755859375,66.8499984741211,54.53897857666016,8457000
2020-12-18,PSX,67.08999633789062,67.5199966430664,66.05999755859375,66.8499984741211,54.53897857666016,8457000
2020-12-21,PSX,64.76000213623047,67.26000213623047,63.79999923706055,66.48999786376953,54.24525833129883,3479200
2020-12-21,PSX,64.76000213623047,67.26000213623047,63.79999923706055,66.48999786376953,54.24525833129883,3479200
2020-12-22,PSX,66.5199966430664,68.18000030517578,66.1500015258789,67.51000213623047,55.07741928100586,3573900
2020-12-22,PSX,66.5199966430664,68.18000030517578,66.1500015258789,67.51000213623047,55.07741928100586,3573900
2020-12-23,PSX,68.37999725341797,69.97000122070312,68.01000213623047,69.36000061035156,56.58673858642578,2988100
2020-12-23,PSX,68.37999725341797,69.97000122070312,68.01000213623047,69.36000061035156,56.58673858642578,2988100
2020-12-24,PSX,69.19000244140625,69.27999877929688,68.04000091552734,68.7300033569336,56.072750091552734,1295200
2020-12-24,PSX,69.19000244140625,69.27999877929688,68.04000091552734,68.7300033569336,56.072750091552734,1295200
2020-12-28,PSX,69.44000244140625,70.93000030517578,69.04000091552734,69.33000183105469,56.562259674072266,2442000
2020-12-28,PSX,69.44000244140625,70.93000030517578,69.04000091552734,69.33000183105469,56.562259674072266,2442000
2020-12-29,PSX,69.44999694824219,69.87000274658203,67.77999877929688,68.37999725341797,55.78721237182617,3847500
2020-12-29,PSX,69.44999694824219,69.87000274658203,67.77999877929688,68.37999725341797,55.78721237182617,3847500
2020-12-30,PSX,68.58999633789062,70.91000366210938,68.48999786376953,70.5999984741211,57.59836959838867,2906000
2020-12-30,PSX,68.58999633789062,70.91000366210938,68.48999786376953,70.5999984741211,57.59836959838867,2906000
2020-12-31,PSX,70.5,70.73999786376953,69.76000213623047,69.94000244140625,57.05990982055664,2003500
2020-12-31,PSX,70.5,70.73999786376953,69.76000213623047,69.94000244140625,57.05990982055664,2003500
2021-01-04,PSX,70.61000061035156,71.29000091552734,68.55999755859375,69.87999725341797,57.01096725463867,2714200
2021-01-04,PSX,70.61000061035156,71.29000091552734,68.55999755859375,69.87999725341797,57.01096725463867,2714200
2021-01-05,PSX,70.0,73.77999877929688,70.0,71.75,58.53658676147461,3907000
2021-01-05,PSX,70.0,73.77999877929688,70.0,71.75,58.53658676147461,3907000
2021-01-06,PSX,73.01000213623047,73.41999816894531,70.33999633789062,71.22000122070312,58.10420608520508,5097800
2021-01-06,PSX,73.01000213623047,73.41999816894531,70.33999633789062,71.22000122070312,58.10420608520508,5097800
2021-01-07,PSX,71.5,73.30999755859375,70.77999877929688,71.86000061035156,58.62632751464844,2568200
2021-01-07,PSX,71.5,73.30999755859375,70.77999877929688,71.86000061035156,58.62632751464844,2568200
2021-01-08,PSX,72.51000213623047,72.5999984741211,70.33999633789062,70.70999908447266,57.68811798095703,2683600
2021-01-08,PSX,72.51000213623047,72.5999984741211,70.33999633789062,70.70999908447266,57.68811798095703,2683600
2021-01-11,PSX,69.0,72.80000305175781,68.68000030517578,72.2699966430664,58.960819244384766,4944300
2021-01-11,PSX,69.0,72.80000305175781,68.68000030517578,72.2699966430664,58.960819244384766,4944300
2021-01-12,PSX,72.72000122070312,74.06999969482422,71.63999938964844,73.73999786376953,60.16010665893555,2648600
2021-01-12,PSX,72.72000122070312,74.06999969482422,71.63999938964844,73.73999786376953,60.16010665893555,2648600
2021-01-13,PSX,73.5,73.69999694824219,71.52999877929688,71.7699966430664,58.55289840698242,2520600
2021-01-13,PSX,73.5,73.69999694824219,71.52999877929688,71.7699966430664,58.55289840698242,2520600
2021-01-14,PSX,72.02999877929688,74.94999694824219,72.0,74.13999938964844,60.486454010009766,3028700
2021-01-14,PSX,72.02999877929688,74.94999694824219,72.0,74.13999938964844,60.486454010009766,3028700
2021-01-15,PSX,73.1500015258789,73.45999908447266,70.93000030517578,71.73999786376953,58.5284309387207,3413700
2021-01-15,PSX,73.1500015258789,73.45999908447266,70.93000030517578,71.73999786376953,58.5284309387207,3413700
2021-01-19,PSX,72.72000122070312,75.16999816894531,72.08000183105469,74.77999877929688,61.008583068847656,2976200
2021-01-19,PSX,72.72000122070312,75.16999816894531,72.08000183105469,74.77999877929688,61.008583068847656,2976200
2021-01-20,PSX,75.4000015258789,75.95999908447266,73.94000244140625,75.38999938964844,61.50625228881836,2566800
2021-01-20,PSX,75.4000015258789,75.95999908447266,73.94000244140625,75.38999938964844,61.50625228881836,2566800
2021-01-21,PSX,74.55999755859375,75.41000366210938,72.62999725341797,73.16000366210938,59.68692779541016,2698600
2021-01-21,PSX,74.55999755859375,75.41000366210938,72.62999725341797,73.16000366210938,59.68692779541016,2698600
2021-01-22,PSX,71.69999694824219,73.08999633789062,71.1500015258789,72.55000305175781,59.18925857543945,2563600
2021-01-22,PSX,71.69999694824219,73.08999633789062,71.1500015258789,72.55000305175781,59.18925857543945,2563600
2021-01-25,PSX,72.0,73.19999694824219,71.02999877929688,72.08000183105469,58.80581665039063,3003600
2021-01-25,PSX,72.0,73.19999694824219,71.02999877929688,72.08000183105469,58.80581665039063,3003600
2021-01-26,PSX,72.8499984741211,74.08000183105469,71.26000213623047,71.30999755859375,58.177616119384766,2056800
2021-01-26,PSX,72.8499984741211,74.08000183105469,71.26000213623047,71.30999755859375,58.177616119384766,2056800
2021-01-27,PSX,70.22000122070312,73.18000030517578,69.69999694824219,71.19999694824219,58.08787536621094,3080400
2021-01-27,PSX,70.22000122070312,73.18000030517578,69.69999694824219,71.19999694824219,58.08787536621094,3080400
2021-01-28,PSX,71.69999694824219,72.62000274658203,70.55999755859375,71.44999694824219,58.29183197021485,2654500
2021-01-28,PSX,71.69999694824219,72.62000274658203,70.55999755859375,71.44999694824219,58.29183197021485,2654500
2021-01-29,PSX,69.30000305175781,71.4000015258789,67.38999938964844,67.80000305175781,55.31401443481445,5732800
2021-01-29,PSX,69.30000305175781,71.4000015258789,67.38999938964844,67.80000305175781,55.31401443481445,5732800
2021-02-01,PSX,68.33999633789062,68.44999694824219,65.37999725341797,67.37999725341797,54.97136306762695,2968800
2021-02-01,PSX,68.33999633789062,68.44999694824219,65.37999725341797,67.37999725341797,54.97136306762695,2968800
2021-02-02,PSX,69.16000366210938,70.1500015258789,67.61000061035156,68.66000366210938,56.01565170288086,2324900
2021-02-02,PSX,69.16000366210938,70.1500015258789,67.61000061035156,68.66000366210938,56.01565170288086,2324900
2021-02-03,PSX,68.66000366210938,71.38999938964844,68.66000366210938,71.29000091552734,58.16130447387695,2598900
2021-02-03,PSX,68.66000366210938,71.38999938964844,68.66000366210938,71.29000091552734,58.16130447387695,2598900
2021-02-04,PSX,71.55999755859375,72.5999984741211,70.73999786376953,71.93000030517578,58.68344497680664,1997000
2021-02-04,PSX,71.55999755859375,72.5999984741211,70.73999786376953,71.93000030517578,58.68344497680664,1997000
2021-02-05,PSX,73.1500015258789,73.51000213623047,71.3499984741211,72.04000091552734,58.773193359375,2466500
2021-02-05,PSX,73.1500015258789,73.51000213623047,71.3499984741211,72.04000091552734,58.773193359375,2466500
2021-02-08,PSX,72.80000305175781,76.13999938964844,72.55000305175781,75.79000091552734,61.83258056640625,2678800
2021-02-08,PSX,72.80000305175781,76.13999938964844,72.55000305175781,75.79000091552734,61.83258056640625,2678800
2021-02-09,PSX,75.44999694824219,75.55999755859375,73.83999633789062,74.52999877929688,60.80462646484375,2644900
2021-02-09,PSX,75.44999694824219,75.55999755859375,73.83999633789062,74.52999877929688,60.80462646484375,2644900
2021-02-10,PSX,74.80000305175781,76.77999877929688,74.44999694824219,76.72000122070312,62.59132385253906,2231600
2021-02-10,PSX,74.80000305175781,76.77999877929688,74.44999694824219,76.72000122070312,62.59132385253906,2231600
2021-02-11,PSX,76.4000015258789,77.26000213623047,74.8499984741211,77.23999786376953,63.01555633544922,2308000
2021-02-11,PSX,76.4000015258789,77.26000213623047,74.8499984741211,77.23999786376953,63.01555633544922,2308000
2021-02-12,PSX,77.05999755859375,77.79000091552734,76.23999786376953,77.2300033569336,63.00741195678711,1954700
2021-02-12,PSX,77.05999755859375,77.79000091552734,76.23999786376953,77.2300033569336,63.00741195678711,1954700
2021-02-16,PSX,78.88999938964844,80.5999984741211,78.0999984741211,79.38999938964844,64.76959991455078,2763700
2021-02-16,PSX,78.88999938964844,80.5999984741211,78.0999984741211,79.38999938964844,64.76959991455078,2763700
2021-02-17,PSX,80.0,80.91000366210938,78.2300033569336,80.63999938964844,65.78942108154297,2135800
2021-02-17,PSX,80.0,80.91000366210938,78.2300033569336,80.63999938964844,65.78942108154297,2135800
2021-02-18,PSX,80.16999816894531,80.58999633789062,78.91000366210938,80.05000305175781,65.30809020996094,2075000
2021-02-18,PSX,80.16999816894531,80.58999633789062,78.91000366210938,80.05000305175781,65.30809020996094,2075000
2021-02-19,PSX,79.7699966430664,82.9800033569336,79.51000213623047,82.30999755859375,67.9154281616211,3401800
2021-02-19,PSX,79.7699966430664,82.9800033569336,79.51000213623047,82.30999755859375,67.9154281616211,3401800
2021-02-22,PSX,81.47000122070312,85.37000274658203,81.16000366210938,83.95999908447266,69.27688598632812,3213900
2021-02-22,PSX,81.47000122070312,85.37000274658203,81.16000366210938,83.95999908447266,69.27688598632812,3213900
2021-02-23,PSX,85.25,85.98999786376953,82.38999938964844,85.52999877929688,70.57233428955078,2557200
2021-02-23,PSX,85.25,85.98999786376953,82.38999938964844,85.52999877929688,70.57233428955078,2557200
2021-02-24,PSX,85.8499984741211,87.94000244140625,85.52999877929688,87.25,71.99152374267578,3540700
2021-02-24,PSX,85.8499984741211,87.94000244140625,85.52999877929688,87.25,71.99152374267578,3540700
2021-02-25,PSX,88.0,88.05000305175781,84.20999908447266,84.63999938964844,69.83798217773438,2767000
2021-02-25,PSX,88.0,88.05000305175781,84.20999908447266,84.63999938964844,69.83798217773438,2767000
2021-02-26,PSX,83.91999816894531,84.44000244140625,80.16000366210938,83.05000305175781,68.52603912353516,4790700
2021-02-26,PSX,83.91999816894531,84.44000244140625,80.16000366210938,83.05000305175781,68.52603912353516,4790700
2021-03-01,PSX,85.05000305175781,85.75,84.0999984741211,84.69999694824219,69.88746643066406,2227400
2021-03-01,PSX,85.05000305175781,85.75,84.0999984741211,84.69999694824219,69.88746643066406,2227400
2021-03-02,PSX,84.26000213623047,85.33999633789062,82.19000244140625,82.2699966430664,67.88243103027344,2354100
2021-03-02,PSX,84.26000213623047,85.33999633789062,82.19000244140625,82.2699966430664,67.88243103027344,2354100
2021-03-03,PSX,83.12000274658203,85.62000274658203,82.80999755859375,83.83999633789062,69.17786407470703,2352400
2021-03-03,PSX,83.12000274658203,85.62000274658203,82.80999755859375,83.83999633789062,69.17786407470703,2352400
2021-03-04,PSX,84.44999694824219,86.16000366210938,82.79000091552734,84.41000366210938,69.64818572998047,2829300
2021-03-04,PSX,84.44999694824219,86.16000366210938,82.79000091552734,84.41000366210938,69.64818572998047,2829300
2021-03-05,PSX,86.61000061035156,87.43000030517578,84.11000061035156,87.3499984741211,72.07404327392578,3367100
2021-03-05,PSX,86.61000061035156,87.43000030517578,84.11000061035156,87.3499984741211,72.07404327392578,3367100
2021-03-08,PSX,88.87999725341797,90.0999984741211,87.25,88.47000122070312,72.9981689453125,2892300
2021-03-08,PSX,88.87999725341797,90.0999984741211,87.25,88.47000122070312,72.9981689453125,2892300
2021-03-09,PSX,87.69000244140625,90.58999633789062,85.33000183105469,85.4000015258789,70.46504974365234,3497500
2021-03-09,PSX,87.69000244140625,90.58999633789062,85.33000183105469,85.4000015258789,70.46504974365234,3497500
2021-03-10,PSX,85.55000305175781,89.06999969482422,84.9000015258789,88.44000244140625,72.97341918945312,2554600
2021-03-10,PSX,85.55000305175781,89.06999969482422,84.9000015258789,88.44000244140625,72.97341918945312,2554600
2021-03-11,PSX,88.5999984741211,89.5,87.55000305175781,87.7300033569336,72.38758850097656,2667700
2021-03-11,PSX,88.5999984741211,89.5,87.55000305175781,87.7300033569336,72.38758850097656,2667700
2021-03-12,PSX,88.9800033569336,89.12999725341797,87.48999786376953,88.66000366210938,73.15494537353516,1864100
2021-03-12,PSX,88.9800033569336,89.12999725341797,87.48999786376953,88.66000366210938,73.15494537353516,1864100
2021-03-15,PSX,88.45999908447266,89.12000274658203,86.86000061035156,87.83999633789062,72.47834777832031,2200800
2021-03-15,PSX,88.45999908447266,89.12000274658203,86.86000061035156,87.83999633789062,72.47834777832031,2200800
2021-03-16,PSX,86.6500015258789,86.77999877929688,84.58000183105469,84.93000030517578,70.07726287841797,3064000
2021-03-16,PSX,86.6500015258789,86.77999877929688,84.58000183105469,84.93000030517578,70.07726287841797,3064000
2021-03-17,PSX,84.94999694824219,85.72000122070312,83.6500015258789,85.45999908447266,70.51456451416016,2490300
2021-03-17,PSX,84.94999694824219,85.72000122070312,83.6500015258789,85.45999908447266,70.51456451416016,2490300
2021-03-18,PSX,84.66999816894531,85.19000244140625,81.30000305175781,81.37000274658203,67.13983917236328,3516700
2021-03-18,PSX,84.66999816894531,85.19000244140625,81.30000305175781,81.37000274658203,67.13983917236328,3516700
2021-03-19,PSX,81.63999938964844,83.54000091552734,80.61000061035156,82.26000213623047,67.87419128417969,5098200
2021-03-19,PSX,81.63999938964844,83.54000091552734,80.61000061035156,82.26000213623047,67.87419128417969,5098200
2021-03-22,PSX,81.41000366210938,81.94000244140625,80.36000061035156,80.58000183105469,66.48799896240234,2946100
2021-03-22,PSX,81.41000366210938,81.94000244140625,80.36000061035156,80.58000183105469,66.48799896240234,2946100
2021-03-23,PSX,79.12000274658203,80.86000061035156,77.72000122070312,78.9800033569336,65.16780090332031,3348500
2021-03-23,PSX,79.12000274658203,80.86000061035156,77.72000122070312,78.9800033569336,65.16780090332031,3348500
2021-03-24,PSX,80.47000122070312,82.26000213623047,80.33000183105469,82.02999877929688,67.68441772460938,3417400
2021-03-24,PSX,80.47000122070312,82.26000213623047,80.33000183105469,82.02999877929688,67.68441772460938,3417400
2021-03-25,PSX,80.77999877929688,82.7300033569336,79.12999725341797,82.44000244140625,68.02271270751953,2613300
2021-03-25,PSX,80.77999877929688,82.7300033569336,79.12999725341797,82.44000244140625,68.02271270751953,2613300
2021-03-26,PSX,83.94999694824219,84.44000244140625,82.56999969482422,84.30999755859375,69.565673828125,2370000
2021-03-26,PSX,83.94999694824219,84.44000244140625,82.56999969482422,84.30999755859375,69.565673828125,2370000
2021-03-29,PSX,83.16000366210938,83.37999725341797,81.31999969482422,82.52999877929688,68.09696197509766,1880600
2021-03-29,PSX,83.16000366210938,83.37999725341797,81.31999969482422,82.52999877929688,68.09696197509766,1880600
2021-03-30,PSX,81.76000213623047,83.30999755859375,81.5999984741211,82.30999755859375,67.9154281616211,1960600
2021-03-30,PSX,81.76000213623047,83.30999755859375,81.5999984741211,82.30999755859375,67.9154281616211,1960600
2021-03-31,PSX,81.98999786376953,82.62000274658203,81.2699966430664,81.54000091552734,67.28009796142578,2665200
2021-03-31,PSX,81.98999786376953,82.62000274658203,81.2699966430664,81.54000091552734,67.28009796142578,2665200
2021-04-01,PSX,81.58999633789062,83.30000305175781,80.5199966430664,83.16000366210938,68.6167984008789,2732900
2021-04-01,PSX,81.58999633789062,83.30000305175781,80.5199966430664,83.16000366210938,68.6167984008789,2732900
2021-04-05,PSX,83.04000091552734,83.37000274658203,81.18000030517578,82.05999755859375,67.7091293334961,3060200
2021-04-05,PSX,83.04000091552734,83.37000274658203,81.18000030517578,82.05999755859375,67.7091293334961,3060200
2021-04-06,PSX,82.19000244140625,82.91999816894531,80.5199966430664,80.8499984741211,66.71077728271484,2905200
2021-04-06,PSX,82.19000244140625,82.91999816894531,80.5199966430664,80.8499984741211,66.71077728271484,2905200
2021-04-07,PSX,80.87000274658203,80.94000244140625,79.11000061035156,80.0,66.0094223022461,2707200
2021-04-07,PSX,80.87000274658203,80.94000244140625,79.11000061035156,80.0,66.0094223022461,2707200
2021-04-08,PSX,78.95999908447266,79.16999816894531,77.66000366210938,78.41999816894531,64.70573425292969,2908500
2021-04-08,PSX,78.95999908447266,79.16999816894531,77.66000366210938,78.41999816894531,64.70573425292969,2908500
2021-04-09,PSX,78.5199966430664,80.62999725341797,78.0999984741211,79.02999877929688,65.20905303955078,3592000
2021-04-09,PSX,78.5199966430664,80.62999725341797,78.0999984741211,79.02999877929688,65.20905303955078,3592000
2021-04-12,PSX,79.66000366210938,80.37000274658203,77.45999908447266,77.62000274658203,64.0456314086914,1846300
2021-04-12,PSX,79.66000366210938,80.37000274658203,77.45999908447266,77.62000274658203,64.0456314086914,1846300
2021-04-13,PSX,77.26000213623047,77.83999633789062,76.66000366210938,77.62000274658203,64.0456314086914,2000600
2021-04-13,PSX,77.26000213623047,77.83999633789062,76.66000366210938,77.62000274658203,64.0456314086914,2000600
2021-04-14,PSX,78.3499984741211,80.52999877929688,78.20999908447266,79.38999938964844,65.5060806274414,2237300
2021-04-14,PSX,78.3499984741211,80.52999877929688,78.20999908447266,79.38999938964844,65.5060806274414,2237300
2021-04-15,PSX,79.02999877929688,79.2699966430664,78.25,79.0199966430664,65.20079040527344,2143800
2021-04-15,PSX,79.02999877929688,79.2699966430664,78.25,79.0199966430664,65.20079040527344,2143800
2021-04-16,PSX,79.55999755859375,80.44999694824219,78.1500015258789,78.69000244140625,64.92853546142578,2422300
2021-04-16,PSX,79.55999755859375,80.44999694824219,78.1500015258789,78.69000244140625,64.92853546142578,2422300
2021-04-19,PSX,78.8499984741211,79.6500015258789,77.45999908447266,77.94000244140625,64.30967712402344,2352600
2021-04-19,PSX,78.8499984741211,79.6500015258789,77.45999908447266,77.94000244140625,64.30967712402344,2352600
2021-04-20,PSX,77.2699966430664,77.48999786376953,74.5999984741211,75.41999816894531,62.230377197265625,2283800
2021-04-20,PSX,77.2699966430664,77.48999786376953,74.5999984741211,75.41999816894531,62.230377197265625,2283800
2021-04-21,PSX,74.62000274658203,77.3499984741211,74.33000183105469,77.0199966430664,63.55054473876953,2553200
2021-04-21,PSX,74.62000274658203,77.3499984741211,74.33000183105469,77.0199966430664,63.55054473876953,2553200
2021-04-22,PSX,77.16999816894531,77.16999816894531,74.91999816894531,74.94999694824219,61.84257507324219,2625700
2021-04-22,PSX,77.16999816894531,77.16999816894531,74.91999816894531,74.94999694824219,61.84257507324219,2625700
2021-04-23,PSX,75.30999755859375,76.80000305175781,74.9800033569336,76.48999786376953,63.11325454711914,1992800
2021-04-23,PSX,75.30999755859375,76.80000305175781,74.9800033569336,76.48999786376953,63.11325454711914,1992800
2021-04-26,PSX,76.48999786376953,77.41000366210938,76.25,76.5,63.12151336669922,1582100
2021-04-26,PSX,76.48999786376953,77.41000366210938,76.25,76.5,63.12151336669922,1582100
2021-04-27,PSX,76.69000244140625,78.3499984741211,76.4000015258789,78.0999984741211,64.44168853759766,1955100
2021-04-27,PSX,76.69000244140625,78.3499984741211,76.4000015258789,78.0999984741211,64.44168853759766,1955100
2021-04-28,PSX,78.51000213623047,80.55000305175781,78.4000015258789,80.0999984741211,66.09193420410156,2670500
2021-04-28,PSX,78.51000213623047,80.55000305175781,78.4000015258789,80.0999984741211,66.09193420410156,2670500
2021-04-29,PSX,81.0,82.27999877929688,80.37999725341797,81.12000274658203,66.93354797363281,2814500
2021-04-29,PSX,81.0,82.27999877929688,80.37999725341797,81.12000274658203,66.93354797363281,2814500
2021-04-30,PSX,80.05000305175781,82.48999786376953,79.9000015258789,80.91000366210938,66.76029205322266,3061400
2021-04-30,PSX,80.05000305175781,82.48999786376953,79.9000015258789,80.91000366210938,66.76029205322266,3061400
2021-05-03,PSX,82.22000122070312,84.20999908447266,81.98999786376953,83.94000244140625,69.26039123535156,3078200
2021-05-03,PSX,82.22000122070312,84.20999908447266,81.98999786376953,83.94000244140625,69.26039123535156,3078200
2021-05-04,PSX,84.45999908447266,85.12000274658203,82.2300033569336,83.02999877929688,68.509521484375,2867600
2021-05-04,PSX,84.45999908447266,85.12000274658203,82.2300033569336,83.02999877929688,68.509521484375,2867600
2021-05-05,PSX,83.66000366210938,85.08000183105469,82.77999877929688,84.98999786376953,70.12674713134766,2899900
2021-05-05,PSX,83.66000366210938,85.08000183105469,82.77999877929688,84.98999786376953,70.12674713134766,2899900
2021-05-06,PSX,85.26000213623047,85.7300033569336,84.11000061035156,85.61000061035156,70.63834381103516,1661100
2021-05-06,PSX,85.26000213623047,85.7300033569336,84.11000061035156,85.61000061035156,70.63834381103516,1661100
2021-05-07,PSX,84.5,86.29000091552734,84.26000213623047,86.04000091552734,70.99313354492188,1894900
2021-05-07,PSX,84.5,86.29000091552734,84.26000213623047,86.04000091552734,70.99313354492188,1894900
2021-05-10,PSX,87.12999725341797,87.94999694824219,85.55000305175781,85.58999633789062,70.621826171875,2567400
2021-05-10,PSX,87.12999725341797,87.94999694824219,85.55000305175781,85.58999633789062,70.621826171875,2567400
2021-05-11,PSX,84.1500015258789,85.01000213623047,82.6500015258789,83.62999725341797,69.00459289550781,2450700
2021-05-11,PSX,84.1500015258789,85.01000213623047,82.6500015258789,83.62999725341797,69.00459289550781,2450700
2021-05-12,PSX,83.58999633789062,87.58000183105469,83.52999877929688,85.33999633789062,70.4155502319336,3060600
2021-05-12,PSX,83.58999633789062,87.58000183105469,83.52999877929688,85.33999633789062,70.4155502319336,3060600
2021-05-13,PSX,84.1500015258789,86.19999694824219,83.23999786376953,84.3499984741211,69.59868621826172,2265300
2021-05-13,PSX,84.1500015258789,86.19999694824219,83.23999786376953,84.3499984741211,69.59868621826172,2265300
2021-05-14,PSX,85.2300033569336,87.80000305175781,85.2300033569336,87.69999694824219,72.36282348632812,2818200
2021-05-14,PSX,85.2300033569336,87.80000305175781,85.2300033569336,87.69999694824219,72.36282348632812,2818200
2021-05-17,PSX,87.48999786376953,88.98999786376953,86.75,88.69999694824219,73.18793487548828,3022200
2021-05-17,PSX,87.48999786376953,88.98999786376953,86.75,88.69999694824219,73.18793487548828,3022200
2021-05-18,PSX,88.69999694824219,89.0999984741211,86.58999633789062,86.76000213623047,71.58722686767578,2147700
2021-05-18,PSX,88.69999694824219,89.0999984741211,86.58999633789062,86.76000213623047,71.58722686767578,2147700
2021-05-19,PSX,85.19999694824219,86.73999786376953,83.83000183105469,85.7300033569336,70.73735809326172,2669700
2021-05-19,PSX,85.19999694824219,86.73999786376953,83.83000183105469,85.7300033569336,70.73735809326172,2669700
2021-05-20,PSX,85.73999786376953,86.12999725341797,83.95999908447266,85.0999984741211,70.21751403808594,3492300
2021-05-20,PSX,85.73999786376953,86.12999725341797,83.95999908447266,85.0999984741211,70.21751403808594,3492300
2021-05-21,PSX,85.19999694824219,86.05000305175781,84.2300033569336,84.29000091552734,70.29258728027344,2675100
2021-05-21,PSX,85.19999694824219,86.05000305175781,84.2300033569336,84.29000091552734,70.29258728027344,2675100
2021-05-24,PSX,85.0,85.68000030517578,84.22000122070312,85.51000213623047,71.30998992919922,1683300
2021-05-24,PSX,85.0,85.68000030517578,84.22000122070312,85.51000213623047,71.30998992919922,1683300
2021-05-25,PSX,85.02999877929688,85.31999969482422,83.13999938964844,83.2300033569336,69.40859985351562,2433200
2021-05-25,PSX,85.02999877929688,85.31999969482422,83.13999938964844,83.2300033569336,69.40859985351562,2433200
2021-05-26,PSX,83.61000061035156,83.93000030517578,83.05000305175781,83.37000274658203,69.52535247802734,2529100
2021-05-26,PSX,83.61000061035156,83.93000030517578,83.05000305175781,83.37000274658203,69.52535247802734,2529100
2021-05-27,PSX,83.6500015258789,84.5,83.51000213623047,84.41000366210938,70.39265441894531,2903500
2021-05-27,PSX,83.6500015258789,84.5,83.51000213623047,84.41000366210938,70.39265441894531,2903500
2021-05-28,PSX,85.0,85.0999984741211,83.63999938964844,84.22000122070312,70.23419189453125,1722900
2021-05-28,PSX,85.0,85.0999984741211,83.63999938964844,84.22000122070312,70.23419189453125,1722900
2021-06-01,PSX,85.95999908447266,87.30999755859375,85.9000015258789,86.8499984741211,72.42744445800781,3599900
2021-06-01,PSX,85.95999908447266,87.30999755859375,85.9000015258789,86.8499984741211,72.42744445800781,3599900
2021-06-02,PSX,87.19999694824219,89.75,86.0999984741211,89.62000274658203,74.73748016357422,3142100
2021-06-02,PSX,87.19999694824219,89.75,86.0999984741211,89.62000274658203,74.73748016357422,3142100
2021-06-03,PSX,89.23999786376953,90.47000122070312,88.38999938964844,89.20999908447266,74.3955307006836,2995900
2021-06-03,PSX,89.23999786376953,90.47000122070312,88.38999938964844,89.20999908447266,74.3955307006836,2995900
2021-06-04,PSX,90.0,91.87000274658205,89.5199966430664,91.4800033569336,76.28858184814453,3267400
2021-06-04,PSX,90.0,91.87000274658205,89.5199966430664,91.4800033569336,76.28858184814453,3267400
2021-06-07,PSX,91.81999969482422,93.79000091552734,91.62000274658205,92.41000366210938,77.06414794921875,3160000
2021-06-07,PSX,91.81999969482422,93.79000091552734,91.62000274658205,92.41000366210938,77.06414794921875,3160000
2021-06-08,PSX,91.72000122070312,93.7699966430664,90.26000213623048,92.55999755859376,77.18923950195312,2778100
2021-06-08,PSX,91.72000122070312,93.7699966430664,90.26000213623048,92.55999755859376,77.18923950195312,2778100
2021-06-09,PSX,93.5199966430664,93.9800033569336,92.44000244140624,92.4499969482422,77.09750366210938,3670900
2021-06-09,PSX,93.5199966430664,93.9800033569336,92.44000244140624,92.4499969482422,77.09750366210938,3670900
2021-06-10,PSX,93.95999908447266,94.33999633789062,90.68000030517578,91.63999938964844,76.42201232910156,2248500
2021-06-10,PSX,93.95999908447266,94.33999633789062,90.68000030517578,91.63999938964844,76.42201232910156,2248500
2021-06-11,PSX,92.31999969482422,92.63999938964844,90.91000366210938,90.97000122070312,75.86326599121094,2518300
2021-06-11,PSX,92.31999969482422,92.63999938964844,90.91000366210938,90.97000122070312,75.86326599121094,2518300
2021-06-14,PSX,91.41000366210938,92.05999755859376,90.4499969482422,91.44000244140624,76.25521850585938,2030900
2021-06-14,PSX,91.41000366210938,92.05999755859376,90.4499969482422,91.44000244140624,76.25521850585938,2030900
2021-06-15,PSX,92.06999969482422,93.38999938964844,91.16999816894533,92.0999984741211,76.80562591552734,2450100
2021-06-15,PSX,92.06999969482422,93.38999938964844,91.16999816894533,92.0999984741211,76.80562591552734,2450100
2021-06-16,PSX,91.56999969482422,91.95999908447266,89.7699966430664,90.73999786376952,75.67147064208984,2188600
2021-06-16,PSX,91.56999969482422,91.95999908447266,89.7699966430664,90.73999786376952,75.67147064208984,2188600
2021-06-17,PSX,90.51000213623048,91.13999938964844,86.01000213623047,86.66000366210938,72.26898956298828,3044100
2021-06-17,PSX,90.51000213623048,91.13999938964844,86.01000213623047,86.66000366210938,72.26898956298828,3044100
2021-06-18,PSX,85.38999938964844,86.37000274658203,84.0999984741211,84.16999816894531,70.1925048828125,3990400
2021-06-18,PSX,85.38999938964844,86.37000274658203,84.0999984741211,84.16999816894531,70.1925048828125,3990400
2021-06-21,PSX,85.20999908447266,87.5199966430664,84.94999694824219,87.3499984741211,72.84442901611328,2828400
2021-06-21,PSX,85.20999908447266,87.5199966430664,84.94999694824219,87.3499984741211,72.84442901611328,2828400
2021-06-22,PSX,86.91999816894531,88.48999786376953,85.88999938964844,87.97000122070312,73.3614730834961,2689400
2021-06-22,PSX,86.91999816894531,88.48999786376953,85.88999938964844,87.97000122070312,73.3614730834961,2689400
2021-06-23,PSX,88.61000061035156,90.04000091552734,88.18000030517578,88.26000213623047,73.60330963134766,3452400
2021-06-23,PSX,88.61000061035156,90.04000091552734,88.18000030517578,88.26000213623047,73.60330963134766,3452400
2021-06-24,PSX,88.81999969482422,89.98999786376953,88.02999877929688,89.69000244140625,74.79582977294922,3097500
2021-06-24,PSX,88.81999969482422,89.98999786376953,88.02999877929688,89.69000244140625,74.79582977294922,3097500
2021-06-25,PSX,89.80000305175781,90.4499969482422,88.55000305175781,90.04000091552734,75.08770751953125,8032600
2021-06-25,PSX,89.80000305175781,90.4499969482422,88.55000305175781,90.04000091552734,75.08770751953125,8032600
2021-06-28,PSX,89.66999816894531,89.66999816894531,84.9800033569336,85.41999816894531,71.23491668701172,4141800
2021-06-28,PSX,89.66999816894531,89.66999816894531,84.9800033569336,85.41999816894531,71.23491668701172,4141800
2021-06-29,PSX,86.16000366210938,86.51000213623047,84.69000244140625,85.11000061035156,70.97640991210938,3392700
2021-06-29,PSX,86.16000366210938,86.51000213623047,84.69000244140625,85.11000061035156,70.97640991210938,3392700
2021-06-30,PSX,85.52999877929688,85.94999694824219,85.08000183105469,85.81999969482422,71.5685043334961,3103500
2021-06-30,PSX,85.52999877929688,85.94999694824219,85.08000183105469,85.81999969482422,71.5685043334961,3103500
2021-07-01,PSX,87.58999633789062,87.8499984741211,86.05000305175781,87.08999633789062,72.62760162353516,2358100
2021-07-01,PSX,87.58999633789062,87.8499984741211,86.05000305175781,87.08999633789062,72.62760162353516,2358100
2021-07-02,PSX,86.77999877929688,88.66000366210938,86.3499984741211,87.9000015258789,73.30309295654297,2080300
2021-07-02,PSX,86.77999877929688,88.66000366210938,86.3499984741211,87.9000015258789,73.30309295654297,2080300
2021-07-06,PSX,88.0,88.0,84.02999877929688,84.44999694824219,70.4260025024414,6464400
2021-07-06,PSX,88.0,88.0,84.02999877929688,84.44999694824219,70.4260025024414,6464400
2021-07-07,PSX,83.41000366210938,84.41999816894531,81.12000274658203,82.54000091552734,68.83318328857422,5109200
2021-07-07,PSX,83.41000366210938,84.41999816894531,81.12000274658203,82.54000091552734,68.83318328857422,5109200
2021-07-08,PSX,80.37999725341797,82.16999816894531,79.7300033569336,80.79000091552734,67.373779296875,2484200
2021-07-08,PSX,80.37999725341797,82.16999816894531,79.7300033569336,80.79000091552734,67.373779296875,2484200
2021-07-09,PSX,81.5999984741211,82.83000183105469,80.72000122070312,82.69999694824219,68.96660614013672,2376600
2021-07-09,PSX,81.5999984741211,82.83000183105469,80.72000122070312,82.69999694824219,68.96660614013672,2376600
2021-07-12,PSX,81.4000015258789,83.18000030517578,81.0,82.4000015258789,68.71641540527344,3251800
2021-07-12,PSX,81.4000015258789,83.18000030517578,81.0,82.4000015258789,68.71641540527344,3251800
2021-07-13,PSX,81.80999755859375,82.33000183105469,81.08000183105469,81.6500015258789,68.09098052978516,3340600
2021-07-13,PSX,81.80999755859375,82.33000183105469,81.08000183105469,81.6500015258789,68.09098052978516,3340600
2021-07-14,PSX,81.48999786376953,82.37000274658203,78.30000305175781,78.54000091552734,65.4974365234375,4263700
2021-07-14,PSX,81.48999786376953,82.37000274658203,78.30000305175781,78.54000091552734,65.4974365234375,4263700
2021-07-15,PSX,77.5999984741211,78.62999725341797,76.80999755859375,77.16999816894531,64.35494232177734,3481000
2021-07-15,PSX,77.5999984741211,78.62999725341797,76.80999755859375,77.16999816894531,64.35494232177734,3481000
2021-07-16,PSX,77.79000091552734,77.97000122070312,74.22000122070312,74.4800033569336,62.11165237426758,3305400
2021-07-16,PSX,77.79000091552734,77.97000122070312,74.22000122070312,74.4800033569336,62.11165237426758,3305400
2021-07-19,PSX,72.0,72.80999755859375,70.06999969482422,70.55000305175781,58.83427810668945,5171600
2021-07-19,PSX,72.0,72.80999755859375,70.06999969482422,70.55000305175781,58.83427810668945,5171600
2021-07-20,PSX,70.5,72.51000213623047,69.7300033569336,71.12999725341797,59.31794738769531,4956500
2021-07-20,PSX,70.5,72.51000213623047,69.7300033569336,71.12999725341797,59.31794738769531,4956500
2021-07-21,PSX,72.5,74.30000305175781,72.37999725341797,73.76000213623047,61.51122283935547,4450100
2021-07-21,PSX,72.5,74.30000305175781,72.37999725341797,73.76000213623047,61.51122283935547,4450100
2021-07-22,PSX,73.27999877929688,73.44999694824219,71.37999725341797,72.30999755859375,60.3019905090332,2807100
2021-07-22,PSX,73.27999877929688,73.44999694824219,71.37999725341797,72.30999755859375,60.3019905090332,2807100
2021-07-23,PSX,72.29000091552734,72.61000061035156,71.41000366210938,72.16999816894531,60.18526458740234,2126000
2021-07-23,PSX,72.29000091552734,72.61000061035156,71.41000366210938,72.16999816894531,60.18526458740234,2126000
2021-07-26,PSX,72.37999725341797,74.38999938964844,72.2699966430664,74.31999969482422,61.97821807861328,2167800
2021-07-26,PSX,72.37999725341797,74.38999938964844,72.2699966430664,74.31999969482422,61.97821807861328,2167800
2021-07-27,PSX,73.52999877929688,74.68000030517578,72.80000305175781,74.54000091552734,62.16167449951172,1932500
2021-07-27,PSX,73.52999877929688,74.68000030517578,72.80000305175781,74.54000091552734,62.16167449951172,1932500
2021-07-28,PSX,74.91000366210938,75.91000366210938,73.77999877929688,75.22000122070312,62.72877883911133,1958000
2021-07-28,PSX,74.91000366210938,75.91000366210938,73.77999877929688,75.22000122070312,62.72877883911133,1958000
2021-07-29,PSX,76.16999816894531,76.4000015258789,74.66000366210938,74.77999877929688,62.36183547973633,1938400
2021-07-29,PSX,76.16999816894531,76.4000015258789,74.66000366210938,74.77999877929688,62.36183547973633,1938400
2021-07-30,PSX,74.33999633789062,74.9000015258789,72.97000122070312,73.43000030517578,61.23601531982422,3301000
2021-07-30,PSX,74.33999633789062,74.9000015258789,72.97000122070312,73.43000030517578,61.23601531982422,3301000
2021-08-02,PSX,73.75,76.1500015258789,73.25,73.4800033569336,61.27772521972656,4061200
2021-08-02,PSX,73.75,76.1500015258789,73.25,73.4800033569336,61.27772521972656,4061200
2021-08-03,PSX,73.5,76.0999984741211,73.12000274658203,76.06999969482422,63.4376106262207,3148500
2021-08-03,PSX,73.5,76.0999984741211,73.12000274658203,76.06999969482422,63.4376106262207,3148500
2021-08-04,PSX,73.76000213623047,73.87000274658203,71.5999984741211,71.63999938964844,59.74325942993164,4259700
2021-08-04,PSX,73.76000213623047,73.87000274658203,71.5999984741211,71.63999938964844,59.74325942993164,4259700
2021-08-05,PSX,72.58000183105469,74.33999633789062,72.12000274658203,73.37000274658203,61.18598175048828,2182900
2021-08-05,PSX,72.58000183105469,74.33999633789062,72.12000274658203,73.37000274658203,61.18598175048828,2182900
2021-08-06,PSX,74.3499984741211,74.66999816894531,73.38999938964844,73.95999908447266,61.67801284790039,1807900
2021-08-06,PSX,74.3499984741211,74.66999816894531,73.38999938964844,73.95999908447266,61.67801284790039,1807900
2021-08-09,PSX,72.80999755859375,73.91999816894531,72.56999969482422,73.01000213623047,60.8857650756836,2220700
2021-08-09,PSX,72.80999755859375,73.91999816894531,72.56999969482422,73.01000213623047,60.8857650756836,2220700
2021-08-10,PSX,73.25,74.5,73.11000061035156,74.2300033569336,61.90316009521485,2823800
2021-08-10,PSX,73.25,74.5,73.11000061035156,74.2300033569336,61.90316009521485,2823800
2021-08-11,PSX,73.9800033569336,74.54000091552734,73.44000244140625,74.41000366210938,62.05326461791992,2021300
2021-08-11,PSX,73.9800033569336,74.54000091552734,73.44000244140625,74.41000366210938,62.05326461791992,2021300
2021-08-12,PSX,74.25,74.62000274658203,73.4000015258789,74.44000244140625,62.07830810546875,1790000
2021-08-12,PSX,74.25,74.62000274658203,73.4000015258789,74.44000244140625,62.07830810546875,1790000
2021-08-13,PSX,74.63999938964844,74.95999908447266,73.79000091552734,73.88999938964844,61.6196174621582,2214700
2021-08-13,PSX,74.63999938964844,74.95999908447266,73.79000091552734,73.88999938964844,61.6196174621582,2214700
2021-08-16,PSX,72.88999938964844,72.9800033569336,71.51000213623047,71.8499984741211,59.91838836669922,4751400
2021-08-16,PSX,72.88999938964844,72.9800033569336,71.51000213623047,71.8499984741211,59.91838836669922,4751400
2021-08-17,PSX,70.33999633789062,71.30999755859375,69.44000244140625,69.97000122070312,59.090763092041016,3161400
2021-08-17,PSX,70.33999633789062,71.30999755859375,69.44000244140625,69.97000122070312,59.090763092041016,3161400
2021-08-18,PSX,69.94000244140625,70.73999786376953,68.05000305175781,68.1500015258789,57.55374526977539,3895000
2021-08-18,PSX,69.94000244140625,70.73999786376953,68.05000305175781,68.1500015258789,57.55374526977539,3895000
2021-08-19,PSX,66.83999633789062,67.25,65.3499984741211,66.2699966430664,55.96605682373047,4008600
2021-08-19,PSX,66.83999633789062,67.25,65.3499984741211,66.2699966430664,55.96605682373047,4008600
2021-08-20,PSX,65.19999694824219,66.5,64.44999694824219,65.94999694824219,55.69580459594727,4518600
2021-08-20,PSX,65.19999694824219,66.5,64.44999694824219,65.94999694824219,55.69580459594727,4518600
2021-08-23,PSX,67.62999725341797,68.98999786376953,67.55000305175781,68.80000305175781,58.10269546508789,3549900
2021-08-23,PSX,67.62999725341797,68.98999786376953,67.55000305175781,68.80000305175781,58.10269546508789,3549900
2021-08-24,PSX,69.58000183105469,71.22000122070312,69.16000366210938,70.93000030517578,59.901512145996094,3351900
2021-08-24,PSX,69.58000183105469,71.22000122070312,69.16000366210938,70.93000030517578,59.901512145996094,3351900
2021-08-25,PSX,70.83000183105469,72.6500015258789,70.33999633789062,72.18000030517578,60.95714569091797,2229500
2021-08-25,PSX,70.83000183105469,72.6500015258789,70.33999633789062,72.18000030517578,60.95714569091797,2229500
2021-08-26,PSX,71.0,71.73999786376953,70.45999908447266,70.68000030517578,59.69038772583008,2518500
2021-08-26,PSX,71.0,71.73999786376953,70.45999908447266,70.68000030517578,59.69038772583008,2518500
2021-08-27,PSX,71.30000305175781,73.16999816894531,71.23999786376953,72.61000061035156,61.3203010559082,2349900
2021-08-27,PSX,71.30000305175781,73.16999816894531,71.23999786376953,72.61000061035156,61.3203010559082,2349900
2021-08-30,PSX,73.18000030517578,73.5,71.55000305175781,71.56999969482422,60.44199752807617,1790300
2021-08-30,PSX,73.18000030517578,73.5,71.55000305175781,71.56999969482422,60.44199752807617,1790300
2021-08-31,PSX,71.06999969482422,72.19000244140625,70.68000030517578,71.08999633789062,60.03663635253906,3333500
2021-08-31,PSX,71.06999969482422,72.19000244140625,70.68000030517578,71.08999633789062,60.03663635253906,3333500
2021-09-01,PSX,71.45999908447266,71.45999908447266,68.91000366210938,69.20999908447266,58.44893264770508,3334500
2021-09-01,PSX,71.45999908447266,71.45999908447266,68.91000366210938,69.20999908447266,58.44893264770508,3334500
2021-09-02,PSX,69.83000183105469,71.16000366210938,69.66999816894531,69.91999816894531,59.04854202270508,2336500
2021-09-02,PSX,69.83000183105469,71.16000366210938,69.66999816894531,69.91999816894531,59.04854202270508,2336500
2021-09-03,PSX,69.9000015258789,70.44000244140625,69.05000305175781,69.62000274658203,58.795188903808594,1606200
2021-09-03,PSX,69.9000015258789,70.44000244140625,69.05000305175781,69.62000274658203,58.795188903808594,1606200
2021-09-07,PSX,69.08999633789062,70.4000015258789,68.72000122070312,68.73999786376953,58.052005767822266,2108700
2021-09-07,PSX,69.08999633789062,70.4000015258789,68.72000122070312,68.73999786376953,58.052005767822266,2108700
2021-09-08,PSX,69.18000030517578,69.62999725341797,66.94000244140625,66.98999786376953,56.5740966796875,2498400
2021-09-08,PSX,69.18000030517578,69.62999725341797,66.94000244140625,66.98999786376953,56.5740966796875,2498400
2021-09-09,PSX,66.4800033569336,68.19000244140625,66.05000305175781,66.73999786376953,56.362979888916016,3575700
2021-09-09,PSX,66.4800033569336,68.19000244140625,66.05000305175781,66.73999786376953,56.362979888916016,3575700
2021-09-10,PSX,67.73999786376953,67.75,66.1500015258789,66.37999725341797,56.05895614624024,2477500
2021-09-10,PSX,67.73999786376953,67.75,66.1500015258789,66.37999725341797,56.05895614624024,2477500
2021-09-13,PSX,67.31999969482422,67.94999694824219,66.70999908447266,67.26000213623047,56.80213165283203,3545100
2021-09-13,PSX,67.31999969482422,67.94999694824219,66.70999908447266,67.26000213623047,56.80213165283203,3545100
2021-09-14,PSX,67.81999969482422,68.04000091552734,64.94999694824219,65.23999786376953,55.0962142944336,3572200
2021-09-14,PSX,67.81999969482422,68.04000091552734,64.94999694824219,65.23999786376953,55.0962142944336,3572200
2021-09-15,PSX,65.87999725341797,66.91999816894531,65.47000122070312,66.02999877929688,55.76338195800781,4584500
2021-09-15,PSX,65.87999725341797,66.91999816894531,65.47000122070312,66.02999877929688,55.76338195800781,4584500
2021-09-16,PSX,66.0,66.44999694824219,65.13999938964844,65.76000213623047,55.53535461425781,2427000
2021-09-16,PSX,66.0,66.44999694824219,65.13999938964844,65.76000213623047,55.53535461425781,2427000
2021-09-17,PSX,65.75,66.62000274658203,65.26000213623047,66.0199966430664,55.75492858886719,6201900
2021-09-17,PSX,65.75,66.62000274658203,65.26000213623047,66.0199966430664,55.75492858886719,6201900
2021-09-20,PSX,64.30000305175781,65.31999969482422,63.18999862670898,64.2699966430664,54.27701950073242,2989700
2021-09-20,PSX,64.30000305175781,65.31999969482422,63.18999862670898,64.2699966430664,54.27701950073242,2989700
2021-09-21,PSX,65.1500015258789,65.31999969482422,63.560001373291016,64.33999633789062,54.33613967895508,2170000
2021-09-21,PSX,65.1500015258789,65.31999969482422,63.560001373291016,64.33999633789062,54.33613967895508,2170000
2021-09-22,PSX,65.45999908447266,68.0199966430664,65.44000244140625,67.01000213623047,56.59099960327149,4003600
2021-09-22,PSX,65.45999908447266,68.0199966430664,65.44000244140625,67.01000213623047,56.59099960327149,4003600
2021-09-23,PSX,67.08999633789062,68.86000061035156,66.87999725341797,68.61000061035156,57.94221496582031,2520300
2021-09-23,PSX,67.08999633789062,68.86000061035156,66.87999725341797,68.61000061035156,57.94221496582031,2520300
2021-09-24,PSX,67.9800033569336,68.48999786376953,67.4000015258789,68.04000091552734,57.46084213256836,2424700
2021-09-24,PSX,67.9800033569336,68.48999786376953,67.4000015258789,68.04000091552734,57.46084213256836,2424700
2021-09-27,PSX,69.52999877929688,71.51000213623047,69.08000183105469,71.12999725341797,60.07038879394531,3136300
2021-09-27,PSX,69.52999877929688,71.51000213623047,69.08000183105469,71.12999725341797,60.07038879394531,3136300
2021-09-28,PSX,72.26000213623047,72.94999694824219,70.7699966430664,70.91000366210938,59.88460922241211,3790400
2021-09-28,PSX,72.26000213623047,72.94999694824219,70.7699966430664,70.91000366210938,59.88460922241211,3790400
2021-09-29,PSX,70.77999877929688,70.83999633789062,69.69000244140625,69.95999908447266,59.08233642578125,2351900
2021-09-29,PSX,70.77999877929688,70.83999633789062,69.69000244140625,69.95999908447266,59.08233642578125,2351900
2021-09-30,PSX,70.12000274658203,70.88999938964844,69.08999633789062,70.02999877929688,59.14142990112305,3435400
2021-09-30,PSX,70.12000274658203,70.88999938964844,69.08999633789062,70.02999877929688,59.14142990112305,3435400
2021-10-01,PSX,70.08999633789062,72.77999877929688,70.08999633789062,72.56999969482422,61.2864990234375,2859400
2021-10-01,PSX,70.08999633789062,72.77999877929688,70.08999633789062,72.56999969482422,61.2864990234375,2859400
2021-10-04,PSX,73.0,75.93000030517578,72.29000091552734,75.70999908447266,63.938270568847656,6312000
2021-10-04,PSX,73.0,75.93000030517578,72.29000091552734,75.70999908447266,63.938270568847656,6312000
2021-10-05,PSX,77.0999984741211,78.91999816894531,75.66999816894531,77.3499984741211,65.32328796386719,5064900
2021-10-05,PSX,77.0999984741211,78.91999816894531,75.66999816894531,77.3499984741211,65.32328796386719,5064900
2021-10-06,PSX,77.0199966430664,78.68000030517578,76.2699966430664,78.38999938964844,66.20157623291016,4437300
2021-10-06,PSX,77.0199966430664,78.68000030517578,76.2699966430664,78.38999938964844,66.20157623291016,4437300
2021-10-07,PSX,78.70999908447266,79.9800033569336,78.44999694824219,79.30000305175781,66.97012329101562,2746500
2021-10-07,PSX,78.70999908447266,79.9800033569336,78.44999694824219,79.30000305175781,66.97012329101562,2746500
2021-10-08,PSX,80.01000213623047,82.6500015258789,79.63999938964844,82.12999725341797,69.36006927490234,3274000
2021-10-08,PSX,80.01000213623047,82.6500015258789,79.63999938964844,82.12999725341797,69.36006927490234,3274000
2021-10-11,PSX,82.95999908447266,84.51000213623047,82.01000213623047,82.04000091552734,69.2840576171875,2671900
2021-10-11,PSX,82.95999908447266,84.51000213623047,82.01000213623047,82.04000091552734,69.2840576171875,2671900
2021-10-12,PSX,82.0,83.33999633789062,81.80999755859375,82.62999725341797,69.78233337402344,2217500
2021-10-12,PSX,82.0,83.33999633789062,81.80999755859375,82.62999725341797,69.78233337402344,2217500
2021-10-13,PSX,81.80000305175781,82.38999938964844,80.55999755859375,81.87000274658203,69.14051055908203,3511800
2021-10-13,PSX,81.80000305175781,82.38999938964844,80.55999755859375,81.87000274658203,69.14051055908203,3511800
2021-10-14,PSX,83.0999984741211,83.52999877929688,81.7300033569336,82.16000366210938,69.38540649414062,2283100
2021-10-14,PSX,83.0999984741211,83.52999877929688,81.7300033569336,82.16000366210938,69.38540649414062,2283100
2021-10-15,PSX,83.0,83.3499984741211,81.19000244140625,81.22000122070312,68.59156799316406,2092900
2021-10-15,PSX,83.0,83.3499984741211,81.19000244140625,81.22000122070312,68.59156799316406,2092900
2021-10-18,PSX,81.66999816894531,82.63999938964844,80.4000015258789,80.87000274658203,68.29598999023438,2534500
2021-10-18,PSX,81.66999816894531,82.63999938964844,80.4000015258789,80.87000274658203,68.29598999023438,2534500
2021-10-19,PSX,81.4000015258789,82.88999938964844,81.05999755859375,82.77999877929688,69.90901184082031,2880000
2021-10-19,PSX,81.4000015258789,82.88999938964844,81.05999755859375,82.77999877929688,69.90901184082031,2880000
2021-10-20,PSX,82.33999633789062,83.33000183105469,81.87999725341797,83.31999969482422,70.36504364013672,2016900
2021-10-20,PSX,82.33999633789062,83.33000183105469,81.87999725341797,83.31999969482422,70.36504364013672,2016900
2021-10-21,PSX,82.68000030517578,84.23999786376953,81.86000061035156,82.7300033569336,69.86679077148438,2536000
2021-10-21,PSX,82.68000030517578,84.23999786376953,81.86000061035156,82.7300033569336,69.86679077148438,2536000
2021-10-22,PSX,82.93000030517578,83.8499984741211,81.5199966430664,82.88999938964844,70.00190734863281,1880200
2021-10-22,PSX,82.93000030517578,83.8499984741211,81.5199966430664,82.88999938964844,70.00190734863281,1880200
2021-10-25,PSX,83.55000305175781,84.08000183105469,82.83000183105469,83.7300033569336,70.71129608154297,1939200
2021-10-25,PSX,83.55000305175781,84.08000183105469,82.83000183105469,83.7300033569336,70.71129608154297,1939200
2021-10-26,PSX,83.73999786376953,83.75,81.95999908447266,82.22000122070312,69.43608856201172,3262700
2021-10-26,PSX,83.73999786376953,83.75,81.95999908447266,82.22000122070312,69.43608856201172,3262700
2021-10-27,PSX,80.5,80.8499984741211,77.12999725341797,77.3499984741211,65.32328796386719,5417200
2021-10-27,PSX,80.5,80.8499984741211,77.12999725341797,77.3499984741211,65.32328796386719,5417200
2021-10-28,PSX,76.5,77.98999786376953,76.0,76.75,64.81658172607422,3380000
2021-10-28,PSX,76.5,77.98999786376953,76.0,76.75,64.81658172607422,3380000
2021-10-29,PSX,77.0,77.68000030517578,74.06999969482422,74.77999877929688,63.15288162231445,5110900
2021-10-29,PSX,77.0,77.68000030517578,74.06999969482422,74.77999877929688,63.15288162231445,5110900
2021-11-01,PSX,75.41000366210938,78.18000030517578,75.30000305175781,78.13999938964844,65.99046325683594,5824600
2021-11-01,PSX,75.41000366210938,78.18000030517578,75.30000305175781,78.13999938964844,65.99046325683594,5824600
2021-11-02,PSX,78.0999984741211,79.97000122070312,77.55000305175781,77.55000305175781,65.49220275878906,4552600
2021-11-02,PSX,78.0999984741211,79.97000122070312,77.55000305175781,77.55000305175781,65.49220275878906,4552600
2021-11-03,PSX,77.26000213623047,79.54000091552734,76.98999786376953,78.94000244140625,66.66608428955078,4270800
2021-11-03,PSX,77.26000213623047,79.54000091552734,76.98999786376953,78.94000244140625,66.66608428955078,4270800
2021-11-04,PSX,79.83999633789062,80.12999725341797,76.30999755859375,76.87999725341797,64.92638397216797,2859200
2021-11-04,PSX,79.83999633789062,80.12999725341797,76.30999755859375,76.87999725341797,64.92638397216797,2859200
2021-11-05,PSX,78.0,78.37999725341797,76.5999984741211,77.7699966430664,65.677978515625,2682400
2021-11-05,PSX,78.0,78.37999725341797,76.5999984741211,77.7699966430664,65.677978515625,2682400
2021-11-08,PSX,78.5999984741211,79.06999969482422,77.41999816894531,77.98999786376953,65.86377716064453,1640600
2021-11-08,PSX,78.5999984741211,79.06999969482422,77.41999816894531,77.98999786376953,65.86377716064453,1640600
2021-11-09,PSX,77.81999969482422,79.2300033569336,77.2699966430664,79.16999816894531,66.86032104492188,2363700
2021-11-09,PSX,77.81999969482422,79.2300033569336,77.2699966430664,79.16999816894531,66.86032104492188,2363700
2021-11-10,PSX,79.08000183105469,79.76000213623047,77.11000061035156,77.52999877929688,65.47530364990234,2910300
2021-11-10,PSX,79.08000183105469,79.76000213623047,77.11000061035156,77.52999877929688,65.47530364990234,2910300
2021-11-11,PSX,77.5,78.72000122070312,77.18000030517578,77.87000274658203,65.76245880126953,1510500
2021-11-11,PSX,77.5,78.72000122070312,77.18000030517578,77.87000274658203,65.76245880126953,1510500
2021-11-12,PSX,77.18000030517578,78.13999938964844,76.55999755859375,77.47000122070312,65.42465209960938,2146500
2021-11-12,PSX,77.18000030517578,78.13999938964844,76.55999755859375,77.47000122070312,65.42465209960938,2146500
2021-11-15,PSX,78.0999984741211,79.55999755859375,77.26000213623047,78.91000366210938,66.64073181152344,3721000
2021-11-15,PSX,78.0999984741211,79.55999755859375,77.26000213623047,78.91000366210938,66.64073181152344,3721000
2021-11-16,PSX,78.04000091552734,78.5,76.5999984741211,76.98999786376953,65.78626251220703,2950000
2021-11-16,PSX,78.04000091552734,78.5,76.5999984741211,76.98999786376953,65.78626251220703,2950000
2021-11-17,PSX,76.2300033569336,76.56999969482422,74.47000122070312,74.68000030517578,63.81242370605469,2299800
2021-11-17,PSX,76.2300033569336,76.56999969482422,74.47000122070312,74.68000030517578,63.81242370605469,2299800
2021-11-18,PSX,74.47000122070312,75.06999969482422,73.0,73.70999908447266,62.98357009887695,2548600
2021-11-18,PSX,74.47000122070312,75.06999969482422,73.0,73.70999908447266,62.98357009887695,2548600
2021-11-19,PSX,72.01000213623047,72.30000305175781,69.51000213623047,69.63999938964844,59.5058479309082,4692200
2021-11-19,PSX,72.01000213623047,72.30000305175781,69.51000213623047,69.63999938964844,59.5058479309082,4692200
2021-11-22,PSX,69.61000061035156,73.44000244140625,69.56999969482422,72.19000244140625,61.68477630615234,3782400
2021-11-22,PSX,69.61000061035156,73.44000244140625,69.56999969482422,72.19000244140625,61.68477630615234,3782400
2021-11-23,PSX,73.16000366210938,74.13999938964844,72.83999633789062,73.83000183105469,63.08610916137695,3452500
2021-11-23,PSX,73.16000366210938,74.13999938964844,72.83999633789062,73.83000183105469,63.08610916137695,3452500
2021-11-24,PSX,73.37999725341797,74.79000091552734,73.13999938964844,73.87000274658203,63.12028121948242,2305200
2021-11-24,PSX,73.37999725341797,74.79000091552734,73.13999938964844,73.87000274658203,63.12028121948242,2305200
2021-11-26,PSX,69.87000274658203,69.97000122070312,67.08000183105469,69.25,59.172607421875,5044500
2021-11-26,PSX,69.87000274658203,69.97000122070312,67.08000183105469,69.25,59.172607421875,5044500
2021-11-29,PSX,70.73999786376953,71.91000366210938,69.0199966430664,69.86000061035156,59.6938362121582,3400500
2021-11-29,PSX,70.73999786376953,71.91000366210938,69.0199966430664,69.86000061035156,59.6938362121582,3400500
2021-11-30,PSX,68.01000213623047,69.73999786376953,68.01000213623047,69.16999816894531,59.10422897338867,5819900
2021-11-30,PSX,68.01000213623047,69.73999786376953,68.01000213623047,69.16999816894531,59.10422897338867,5819900
2021-12-01,PSX,71.4000015258789,71.83000183105469,68.62999725341797,68.66999816894531,58.677005767822266,3976800
2021-12-01,PSX,71.4000015258789,71.83000183105469,68.62999725341797,68.66999816894531,58.677005767822266,3976800
2021-12-02,PSX,68.83000183105469,71.7300033569336,67.93000030517578,71.37999725341797,60.992637634277344,3617500
2021-12-02,PSX,68.83000183105469,71.7300033569336,67.93000030517578,71.37999725341797,60.992637634277344,3617500
2021-12-03,PSX,72.5,72.87999725341797,69.47000122070312,70.0,59.81344604492188,3219500
2021-12-03,PSX,72.5,72.87999725341797,69.47000122070312,70.0,59.81344604492188,3219500
2021-12-06,PSX,71.0999984741211,72.30999755859375,69.54000091552734,71.06999969482422,60.72775650024414,3866000
2021-12-06,PSX,71.0999984741211,72.30999755859375,69.54000091552734,71.06999969482422,60.72775650024414,3866000
2021-12-07,PSX,72.04000091552734,74.08999633789062,72.0,72.4800033569336,61.93257141113281,2572900
2021-12-07,PSX,72.04000091552734,74.08999633789062,72.0,72.4800033569336,61.93257141113281,2572900
2021-12-08,PSX,72.69999694824219,73.16999816894531,71.70999908447266,71.8499984741211,61.39424133300781,1947700
2021-12-08,PSX,72.69999694824219,73.16999816894531,71.70999908447266,71.8499984741211,61.39424133300781,1947700
2021-12-09,PSX,72.01000213623047,72.8499984741211,71.26000213623047,72.30000305175781,61.77874755859375,3913400
2021-12-09,PSX,72.01000213623047,72.8499984741211,71.26000213623047,72.30000305175781,61.77874755859375,3913400
2021-12-10,PSX,73.01000213623047,73.20999908447266,71.31999969482422,72.5199966430664,61.96674346923828,2268800
2021-12-10,PSX,73.01000213623047,73.20999908447266,71.31999969482422,72.5199966430664,61.96674346923828,2268800
2021-12-13,PSX,71.52999877929688,71.97000122070312,69.51000213623047,69.63999938964844,59.5058479309082,2527800
2021-12-13,PSX,71.52999877929688,71.97000122070312,69.51000213623047,69.63999938964844,59.5058479309082,2527800
2021-12-14,PSX,69.44999694824219,72.41999816894531,69.31999969482422,70.7300033569336,60.43721771240234,3360000
2021-12-14,PSX,69.44999694824219,72.41999816894531,69.31999969482422,70.7300033569336,60.43721771240234,3360000
2021-12-15,PSX,70.23999786376953,71.02999877929688,69.23999786376953,70.5199966430664,60.257789611816406,2666100
2021-12-15,PSX,70.23999786376953,71.02999877929688,69.23999786376953,70.5199966430664,60.257789611816406,2666100
2021-12-16,PSX,71.36000061035156,72.4000015258789,70.80000305175781,70.95999908447266,60.63375473022461,2965600
2021-12-16,PSX,71.36000061035156,72.4000015258789,70.80000305175781,70.95999908447266,60.63375473022461,2965600
2021-12-17,PSX,70.83999633789062,71.88999938964844,69.52999877929688,71.80000305175781,61.35152053833008,5988200
2021-12-17,PSX,70.83999633789062,71.88999938964844,69.52999877929688,71.80000305175781,61.35152053833008,5988200
2021-12-20,PSX,69.7699966430664,71.0199966430664,68.56999969482422,69.43000030517578,59.32641220092773,5883100
2021-12-20,PSX,69.7699966430664,71.0199966430664,68.56999969482422,69.43000030517578,59.32641220092773,5883100
2021-12-21,PSX,70.41000366210938,72.7699966430664,70.23999786376953,72.13999938964844,61.64203643798828,5058500
2021-12-21,PSX,70.41000366210938,72.7699966430664,70.23999786376953,72.13999938964844,61.64203643798828,5058500
2021-12-22,PSX,72.31999969482422,72.9800033569336,71.4800033569336,71.62000274658203,61.19772338867188,2320700
2021-12-22,PSX,72.31999969482422,72.9800033569336,71.4800033569336,71.62000274658203,61.19772338867188,2320700
2021-12-23,PSX,72.58000183105469,73.16999816894531,71.8499984741211,71.9000015258789,61.436973571777344,2970100
2021-12-23,PSX,72.58000183105469,73.16999816894531,71.8499984741211,71.9000015258789,61.436973571777344,2970100
2021-12-27,PSX,71.55999755859375,72.83999633789062,70.66000366210938,72.79000091552734,62.19744873046875,2229500
2021-12-27,PSX,71.55999755859375,72.83999633789062,70.66000366210938,72.79000091552734,62.19744873046875,2229500
2021-12-28,PSX,73.0999984741211,74.19999694824219,72.95999908447266,73.93000030517578,63.17156219482422,2316200
2021-12-28,PSX,73.0999984741211,74.19999694824219,72.95999908447266,73.93000030517578,63.17156219482422,2316200
2021-12-29,PSX,73.5999984741211,73.93000030517578,72.79000091552734,72.8499984741211,62.248722076416016,2693100
2021-12-29,PSX,73.5999984741211,73.93000030517578,72.79000091552734,72.8499984741211,62.248722076416016,2693100
2021-12-30,PSX,72.91999816894531,73.9800033569336,72.37999725341797,72.44999694824219,61.90693283081055,2469200
2021-12-30,PSX,72.91999816894531,73.9800033569336,72.37999725341797,72.44999694824219,61.90693283081055,2469200
2021-12-31,PSX,72.25,73.05000305175781,72.05000305175781,72.45999908447266,61.91548156738281,2317800
2021-12-31,PSX,72.25,73.05000305175781,72.05000305175781,72.45999908447266,61.91548156738281,2317800
2022-01-03,PSX,72.88999938964844,75.8499984741211,72.88999938964844,75.73999786376953,64.71817016601562,3710300
2022-01-03,PSX,72.88999938964844,75.8499984741211,72.88999938964844,75.73999786376953,64.71817016601562,3710300
2022-01-04,PSX,76.52999877929688,78.75,76.45999908447266,78.56999969482422,67.1363525390625,4484400
2022-01-04,PSX,76.52999877929688,78.75,76.45999908447266,78.56999969482422,67.1363525390625,4484400
2022-01-05,PSX,79.25,80.26000213623047,77.86000061035156,78.31999969482422,66.92271423339844,4196400
2022-01-05,PSX,79.25,80.26000213623047,77.86000061035156,78.31999969482422,66.92271423339844,4196400
2022-01-06,PSX,80.25,80.70999908447266,78.4000015258789,80.4800033569336,68.76839447021484,3631300
2022-01-06,PSX,80.25,80.70999908447266,78.4000015258789,80.4800033569336,68.76839447021484,3631300
2022-01-07,PSX,80.4800033569336,82.08999633789062,79.88999938964844,81.95999908447266,70.03299713134766,3771000
2022-01-07,PSX,80.4800033569336,82.08999633789062,79.88999938964844,81.95999908447266,70.03299713134766,3771000
2022-01-10,PSX,82.33000183105469,84.30000305175781,81.97000122070312,83.86000061035156,71.6565170288086,5816300
2022-01-10,PSX,82.33000183105469,84.30000305175781,81.97000122070312,83.86000061035156,71.6565170288086,5816300
2022-01-11,PSX,84.62999725341797,86.7300033569336,84.0199966430664,86.1500015258789,73.61328887939453,4409600
2022-01-11,PSX,84.62999725341797,86.7300033569336,84.0199966430664,86.1500015258789,73.61328887939453,4409600
2022-01-12,PSX,86.5,86.98999786376953,85.51000213623047,86.30000305175781,73.741455078125,4263400
2022-01-12,PSX,86.5,86.98999786376953,85.51000213623047,86.30000305175781,73.741455078125,4263400
2022-01-13,PSX,85.80999755859375,87.98999786376953,85.80999755859375,86.77999877929688,74.15160369873047,3706600
2022-01-13,PSX,85.80999755859375,87.98999786376953,85.80999755859375,86.77999877929688,74.15160369873047,3706600
2022-01-14,PSX,86.5,88.63999938964844,86.5,88.58000183105469,75.68965911865234,3389700
2022-01-14,PSX,86.5,88.63999938964844,86.5,88.58000183105469,75.68965911865234,3389700
2022-01-18,PSX,89.56999969482422,89.9000015258789,87.16999816894531,88.66000366210938,75.7580337524414,3862500
2022-01-18,PSX,89.56999969482422,89.9000015258789,87.16999816894531,88.66000366210938,75.7580337524414,3862500
2022-01-19,PSX,89.5199966430664,89.55000305175781,86.5,87.23999786376953,74.5446548461914,3086500
2022-01-19,PSX,89.5199966430664,89.55000305175781,86.5,87.23999786376953,74.5446548461914,3086500
2022-01-20,PSX,86.44999694824219,88.27999877929688,85.47000122070312,85.5,73.05786895751953,2943500
2022-01-20,PSX,86.44999694824219,88.27999877929688,85.47000122070312,85.5,73.05786895751953,2943500
2022-01-21,PSX,85.1500015258789,85.1500015258789,82.23999786376953,83.44000244140625,71.29764556884766,3592700
2022-01-21,PSX,85.1500015258789,85.1500015258789,82.23999786376953,83.44000244140625,71.29764556884766,3592700
2022-01-24,PSX,81.22000122070312,83.11000061035156,79.52999877929688,82.83000183105469,70.77640533447266,3803800
2022-01-24,PSX,81.22000122070312,83.11000061035156,79.52999877929688,82.83000183105469,70.77640533447266,3803800
2022-01-25,PSX,82.23999786376953,86.25,81.23999786376953,85.95999908447266,73.45092010498047,3122800
2022-01-25,PSX,82.23999786376953,86.25,81.23999786376953,85.95999908447266,73.45092010498047,3122800
2022-01-26,PSX,86.91999816894531,87.95999908447266,84.41000366210938,85.05000305175781,72.67335510253906,3907700
2022-01-26,PSX,86.91999816894531,87.95999908447266,84.41000366210938,85.05000305175781,72.67335510253906,3907700
2022-01-27,PSX,87.2300033569336,87.8499984741211,84.0,85.81999969482422,73.331298828125,3917900
2022-01-27,PSX,87.2300033569336,87.8499984741211,84.0,85.81999969482422,73.331298828125,3917900
2022-01-28,PSX,86.16000366210938,89.19999694824219,81.9800033569336,84.25,71.98977661132812,6742900
2022-01-28,PSX,86.16000366210938,89.19999694824219,81.9800033569336,84.25,71.98977661132812,6742900
2022-01-31,PSX,84.41999816894531,85.79000091552734,83.20999908447266,84.79000091552734,72.45118713378906,3778700
2022-01-31,PSX,84.41999816894531,85.79000091552734,83.20999908447266,84.79000091552734,72.45118713378906,3778700
2022-02-01,PSX,84.08000183105469,87.80000305175781,83.44999694824219,87.66000366210938,74.90354919433594,3360100
2022-02-01,PSX,84.08000183105469,87.80000305175781,83.44999694824219,87.66000366210938,74.90354919433594,3360100
2022-02-02,PSX,87.0199966430664,87.94999694824219,84.76000213623047,87.69999694824219,74.93770599365234,4159500
2022-02-02,PSX,87.0199966430664,87.94999694824219,84.76000213623047,87.69999694824219,74.93770599365234,4159500
2022-02-03,PSX,87.75,88.0,86.2699966430664,87.22000122070312,74.52757263183594,2829400
2022-02-03,PSX,87.75,88.0,86.2699966430664,87.22000122070312,74.52757263183594,2829400
2022-02-04,PSX,88.05000305175781,89.5,87.9000015258789,88.83999633789062,75.91181182861328,3256300
2022-02-04,PSX,88.05000305175781,89.5,87.9000015258789,88.83999633789062,75.91181182861328,3256300
2022-02-07,PSX,88.37999725341797,91.1999969482422,88.0,90.29000091552734,77.15083312988281,4104900
2022-02-07,PSX,88.37999725341797,91.1999969482422,88.0,90.29000091552734,77.15083312988281,4104900
2022-02-08,PSX,89.44999694824219,90.23999786376952,87.86000061035156,88.81999969482422,75.89474487304688,3048400
2022-02-08,PSX,89.44999694824219,90.23999786376952,87.86000061035156,88.81999969482422,75.89474487304688,3048400
2022-02-09,PSX,89.01000213623047,90.0999984741211,88.80000305175781,89.44999694824219,76.43304443359375,2605900
2022-02-09,PSX,89.01000213623047,90.0999984741211,88.80000305175781,89.44999694824219,76.43304443359375,2605900
2022-02-10,PSX,89.0,91.1999969482422,88.87000274658203,89.45999908447266,76.44161224365234,2660100
2022-02-10,PSX,89.0,91.1999969482422,88.87000274658203,89.45999908447266,76.44161224365234,2660100
2022-02-11,PSX,90.0,93.5500030517578,89.87999725341797,93.1999969482422,79.6373519897461,4821300
2022-02-11,PSX,90.0,93.5500030517578,89.87999725341797,93.1999969482422,79.6373519897461,4821300
2022-02-14,PSX,92.44000244140624,92.5199966430664,89.3499984741211,90.5199966430664,77.34735107421875,3951800
2022-02-14,PSX,92.44000244140624,92.5199966430664,89.3499984741211,90.5199966430664,77.34735107421875,3951800
2022-02-15,PSX,88.6500015258789,89.55999755859375,87.75,88.41999816894531,75.55294036865234,3397400
2022-02-15,PSX,88.6500015258789,89.55999755859375,87.75,88.41999816894531,75.55294036865234,3397400
2022-02-16,PSX,89.54000091552734,90.7300033569336,87.75,88.30000305175781,75.4504165649414,3426300
2022-02-16,PSX,89.54000091552734,90.7300033569336,87.75,88.30000305175781,75.4504165649414,3426300
2022-02-17,PSX,87.95999908447266,88.4800033569336,86.56999969482422,87.04000091552734,74.37376403808594,2670700
2022-02-17,PSX,87.95999908447266,88.4800033569336,86.56999969482422,87.04000091552734,74.37376403808594,2670700
2022-02-18,PSX,85.19000244140625,86.68000030517578,84.55000305175781,85.06999969482422,73.46697235107422,2488000
2022-02-18,PSX,85.19000244140625,86.68000030517578,84.55000305175781,85.06999969482422,73.46697235107422,2488000
2022-02-22,PSX,86.94000244140625,87.33000183105469,83.0199966430664,84.0999984741211,72.62928771972656,3562000
2022-02-22,PSX,86.94000244140625,87.33000183105469,83.0199966430664,84.0999984741211,72.62928771972656,3562000
2022-02-23,PSX,84.8499984741211,84.88999938964844,83.37000274658203,83.9800033569336,72.52566528320312,3261800
2022-02-23,PSX,84.8499984741211,84.88999938964844,83.37000274658203,83.9800033569336,72.52566528320312,3261800
2022-02-24,PSX,85.0,85.04000091552734,81.68000030517578,83.4800033569336,72.09384155273438,3775000
2022-02-24,PSX,85.0,85.04000091552734,81.68000030517578,83.4800033569336,72.09384155273438,3775000
2022-02-25,PSX,84.02999877929688,85.4000015258789,83.58999633789062,84.69000244140625,73.13880920410156,2999700
2022-02-25,PSX,84.02999877929688,85.4000015258789,83.58999633789062,84.69000244140625,73.13880920410156,2999700
2022-02-28,PSX,83.51000213623047,84.73999786376953,82.94000244140625,84.23999786376953,72.75019073486328,4639400
2022-02-28,PSX,83.51000213623047,84.73999786376953,82.94000244140625,84.23999786376953,72.75019073486328,4639400
2022-03-01,PSX,85.08000183105469,86.20999908447266,81.08999633789062,82.16999816894531,70.96253967285156,5324500
2022-03-01,PSX,85.08000183105469,86.20999908447266,81.08999633789062,82.16999816894531,70.96253967285156,5324500
2022-03-02,PSX,83.04000091552734,85.16000366210938,82.5999984741211,84.30999755859375,72.81062316894531,3644200
2022-03-02,PSX,83.04000091552734,85.16000366210938,82.5999984741211,84.30999755859375,72.81062316894531,3644200
2022-03-03,PSX,84.0,85.38999938964844,82.41000366210938,83.0,71.6792984008789,3894300
2022-03-03,PSX,84.0,85.38999938964844,82.41000366210938,83.0,71.6792984008789,3894300
2022-03-04,PSX,82.45999908447266,84.48999786376953,82.30000305175781,84.30000305175781,72.802001953125,4030100
2022-03-04,PSX,82.45999908447266,84.48999786376953,82.30000305175781,84.30000305175781,72.802001953125,4030100
2022-03-07,PSX,85.22000122070312,85.95999908447266,82.37000274658203,82.5999984741211,71.3338623046875,6183500
2022-03-07,PSX,85.22000122070312,85.95999908447266,82.37000274658203,82.5999984741211,71.3338623046875,6183500
2022-03-08,PSX,84.55999755859375,88.30000305175781,83.79000091552734,84.30999755859375,72.81062316894531,16579800
2022-03-08,PSX,84.55999755859375,88.30000305175781,83.79000091552734,84.30999755859375,72.81062316894531,16579800
2022-03-09,PSX,79.5,80.3499984741211,78.12000274658203,79.3499984741211,68.52715301513672,14161400
2022-03-09,PSX,79.5,80.3499984741211,78.12000274658203,79.3499984741211,68.52715301513672,14161400
2022-03-10,PSX,80.19999694824219,81.33000183105469,78.29000091552734,81.20999908447266,70.13345336914062,10788600
2022-03-10,PSX,80.19999694824219,81.33000183105469,78.29000091552734,81.20999908447266,70.13345336914062,10788600
2022-03-11,PSX,80.55999755859375,82.0999984741211,79.80000305175781,80.7699966430664,69.75347137451172,7198200
2022-03-11,PSX,80.55999755859375,82.0999984741211,79.80000305175781,80.7699966430664,69.75347137451172,7198200
2022-03-14,PSX,80.04000091552734,80.97000122070312,77.25,78.2699966430664,67.59445190429688,5807200
2022-03-14,PSX,80.04000091552734,80.97000122070312,77.25,78.2699966430664,67.59445190429688,5807200
2022-03-15,PSX,76.91000366210938,77.58000183105469,73.8499984741211,75.33999633789062,65.0640869140625,5925300
2022-03-15,PSX,76.91000366210938,77.58000183105469,73.8499984741211,75.33999633789062,65.0640869140625,5925300
2022-03-16,PSX,75.75,76.83999633789062,75.45999908447266,76.5,66.06586456298828,4031800
2022-03-16,PSX,75.75,76.83999633789062,75.45999908447266,76.5,66.06586456298828,4031800
2022-03-17,PSX,77.2699966430664,77.9800033569336,76.08000183105469,77.55000305175781,66.97266387939453,4840500
2022-03-17,PSX,77.2699966430664,77.9800033569336,76.08000183105469,77.55000305175781,66.97266387939453,4840500
2022-03-18,PSX,77.73999786376953,78.83999633789062,76.5,78.76000213623047,68.01763153076172,8269500
2022-03-18,PSX,77.73999786376953,78.83999633789062,76.5,78.76000213623047,68.01763153076172,8269500
2022-03-21,PSX,80.0,81.4000015258789,79.77999877929688,80.62999725341797,69.63256072998047,4278900
2022-03-21,PSX,80.0,81.4000015258789,79.77999877929688,80.62999725341797,69.63256072998047,4278900
2022-03-22,PSX,80.19999694824219,80.58000183105469,78.30999755859375,79.79000091552734,68.90714263916016,3541700
2022-03-22,PSX,80.19999694824219,80.58000183105469,78.30999755859375,79.79000091552734,68.90714263916016,3541700
2022-03-23,PSX,80.5,80.9800033569336,79.86000061035156,80.2699966430664,69.32167053222656,3446700
2022-03-23,PSX,80.5,80.9800033569336,79.86000061035156,80.2699966430664,69.32167053222656,3446700
2022-03-24,PSX,80.62999725341797,81.33000183105469,79.80000305175781,81.12000274658203,70.05574035644531,3946900
2022-03-24,PSX,80.62999725341797,81.33000183105469,79.80000305175781,81.12000274658203,70.05574035644531,3946900
2022-03-25,PSX,80.79000091552734,83.8499984741211,80.58000183105469,83.8499984741211,72.41337585449219,4290900
2022-03-25,PSX,80.79000091552734,83.8499984741211,80.58000183105469,83.8499984741211,72.41337585449219,4290900
2022-03-28,PSX,82.5,83.22000122070312,81.44999694824219,82.29000091552734,71.0661392211914,4214600
2022-03-28,PSX,82.5,83.22000122070312,81.44999694824219,82.29000091552734,71.0661392211914,4214600
2022-03-29,PSX,81.0,83.55000305175781,80.61000061035156,83.47000122070312,72.08522033691406,3546000
2022-03-29,PSX,81.0,83.55000305175781,80.61000061035156,83.47000122070312,72.08522033691406,3546000
2022-03-30,PSX,84.63999938964844,87.5,84.63999938964844,87.44000244140625,75.51372528076172,4512500
2022-03-30,PSX,84.63999938964844,87.5,84.63999938964844,87.44000244140625,75.51372528076172,4512500
2022-03-31,PSX,87.0,88.72000122070312,86.30999755859375,86.38999938964844,74.60694122314453,4830800
2022-03-31,PSX,87.0,88.72000122070312,86.30999755859375,86.38999938964844,74.60694122314453,4830800
2022-04-01,PSX,86.43000030517578,87.48999786376953,84.52999877929688,85.95999908447266,74.23558807373047,3204400
2022-04-01,PSX,86.43000030517578,87.48999786376953,84.52999877929688,85.95999908447266,74.23558807373047,3204400
2022-04-04,PSX,86.68000030517578,87.0,85.54000091552734,86.66999816894531,74.8487548828125,2410900
2022-04-04,PSX,86.68000030517578,87.0,85.54000091552734,86.66999816894531,74.8487548828125,2410900
2022-04-05,PSX,86.9800033569336,88.16000366210938,85.88999938964844,85.91000366210938,74.1924057006836,3003100
2022-04-05,PSX,86.9800033569336,88.16000366210938,85.88999938964844,85.91000366210938,74.1924057006836,3003100
2022-04-06,PSX,86.55000305175781,86.98999786376953,85.22000122070312,85.68000030517578,73.99378204345703,2563300
2022-04-06,PSX,86.55000305175781,86.98999786376953,85.22000122070312,85.68000030517578,73.99378204345703,2563300
2022-04-07,PSX,86.16000366210938,86.6500015258789,80.16999816894531,83.08000183105469,71.74840545654297,7514600
2022-04-07,PSX,86.16000366210938,86.6500015258789,80.16999816894531,83.08000183105469,71.74840545654297,7514600
2022-04-08,PSX,83.66999816894531,84.93000030517578,83.1500015258789,84.25,72.75882720947266,4686200
2022-04-08,PSX,83.66999816894531,84.93000030517578,83.1500015258789,84.25,72.75882720947266,4686200
2022-04-11,PSX,83.58999633789062,84.19999694824219,82.16999816894531,82.48999786376953,71.23887634277344,3973800
2022-04-11,PSX,83.58999633789062,84.19999694824219,82.16999816894531,82.48999786376953,71.23887634277344,3973800
2022-04-12,PSX,83.5,84.7300033569336,81.70999908447266,81.97000122070312,70.78980255126953,2943900
2022-04-12,PSX,83.5,84.7300033569336,81.70999908447266,81.97000122070312,70.78980255126953,2943900
2022-04-13,PSX,82.43000030517578,83.38999938964844,81.63999938964844,83.13999938964844,71.80022430419922,2659600
2022-04-13,PSX,82.43000030517578,83.38999938964844,81.63999938964844,83.13999938964844,71.80022430419922,2659600
2022-04-14,PSX,83.31999969482422,84.08999633789062,82.79000091552734,82.8499984741211,71.54977416992188,3014900
2022-04-14,PSX,83.31999969482422,84.08999633789062,82.79000091552734,82.8499984741211,71.54977416992188,3014900
2022-04-18,PSX,83.68000030517578,87.18000030517578,82.61000061035156,87.16000366210938,75.27191925048828,3679600
2022-04-18,PSX,83.68000030517578,87.18000030517578,82.61000061035156,87.16000366210938,75.27191925048828,3679600
2022-04-19,PSX,86.95999908447266,90.51000213623048,86.79000091552734,89.55000305175781,77.3359375,5120900
2022-04-19,PSX,86.95999908447266,90.51000213623048,86.79000091552734,89.55000305175781,77.3359375,5120900
2022-04-20,PSX,89.7699966430664,90.63999938964844,88.52999877929688,88.87000274658203,76.7486801147461,2816600
2022-04-20,PSX,89.7699966430664,90.63999938964844,88.52999877929688,88.87000274658203,76.7486801147461,2816600
2022-04-21,PSX,89.76000213623047,90.51000213623048,85.54000091552734,85.94999694824219,74.22694396972656,4574000
2022-04-21,PSX,89.76000213623047,90.51000213623048,85.54000091552734,85.94999694824219,74.22694396972656,4574000
2022-04-22,PSX,85.98999786376953,86.72000122070312,83.5,83.62000274658203,72.21476745605469,3458600
2022-04-22,PSX,85.98999786376953,86.72000122070312,83.5,83.62000274658203,72.21476745605469,3458600
2022-04-25,PSX,81.27999877929688,82.01000213623047,78.08999633789062,81.0199966430664,69.96937561035156,5577500
2022-04-25,PSX,81.27999877929688,82.01000213623047,78.08999633789062,81.0199966430664,69.96937561035156,5577500
2022-04-26,PSX,81.41999816894531,83.44000244140625,81.05000305175781,81.87999725341797,70.71208953857422,4847000
2022-04-26,PSX,81.41999816894531,83.44000244140625,81.05000305175781,81.87999725341797,70.71208953857422,4847000
2022-04-27,PSX,81.88999938964844,84.12000274658203,80.68000030517578,83.01000213623047,71.68794250488281,4482600
2022-04-27,PSX,81.88999938964844,84.12000274658203,80.68000030517578,83.01000213623047,71.68794250488281,4482600
2022-04-28,PSX,83.63999938964844,87.76000213623047,83.05000305175781,87.20999908447266,75.31509399414062,4228700
2022-04-28,PSX,83.63999938964844,87.76000213623047,83.05000305175781,87.20999908447266,75.31509399414062,4228700
2022-04-29,PSX,88.62999725341797,90.33000183105467,86.47000122070312,86.76000213623047,74.92647552490234,6279900
2022-04-29,PSX,88.62999725341797,90.33000183105467,86.47000122070312,86.76000213623047,74.92647552490234,6279900
2022-05-02,PSX,86.68000030517578,89.45999908447266,86.08999633789062,89.18000030517578,77.01638793945312,4280400
2022-05-02,PSX,86.68000030517578,89.45999908447266,86.08999633789062,89.18000030517578,77.01638793945312,4280400
2022-05-03,PSX,89.38999938964844,91.25,89.37000274658203,90.79000091552734,78.40679931640625,4292000
2022-05-03,PSX,89.38999938964844,91.25,89.37000274658203,90.79000091552734,78.40679931640625,4292000
2022-05-04,PSX,91.73999786376952,96.4499969482422,90.9499969482422,96.16999816894533,83.0530014038086,5874800
2022-05-04,PSX,91.73999786376952,96.4499969482422,90.9499969482422,96.16999816894533,83.0530014038086,5874800
2022-05-05,PSX,96.61000061035156,96.76000213623048,92.45999908447266,94.5199966430664,81.62806701660156,5448500
2022-05-05,PSX,96.61000061035156,96.76000213623048,92.45999908447266,94.5199966430664,81.62806701660156,5448500
2022-05-06,PSX,95.93000030517578,96.54000091552734,93.08999633789062,96.36000061035156,83.21709442138672,4093600
2022-05-06,PSX,95.93000030517578,96.54000091552734,93.08999633789062,96.36000061035156,83.21709442138672,4093600
2022-05-09,PSX,94.2699966430664,94.6999969482422,89.16000366210938,89.4800033569336,77.27547454833984,5173000
2022-05-09,PSX,94.2699966430664,94.6999969482422,89.16000366210938,89.4800033569336,77.27547454833984,5173000
2022-05-10,PSX,90.41000366210938,92.54000091552734,87.83000183105469,89.56999969482422,77.35321044921875,4186100
2022-05-10,PSX,90.41000366210938,92.54000091552734,87.83000183105469,89.56999969482422,77.35321044921875,4186100
2022-05-11,PSX,91.36000061035156,92.9800033569336,90.0999984741211,91.1999969482422,78.76087188720703,2981700
2022-05-11,PSX,91.36000061035156,92.9800033569336,90.0999984741211,91.1999969482422,78.76087188720703,2981700
2022-05-12,PSX,91.41999816894533,91.68000030517578,88.75,91.19000244140624,78.75225067138672,3910600
2022-05-12,PSX,91.41999816894533,91.68000030517578,88.75,91.19000244140624,78.75225067138672,3910600
2022-05-13,PSX,92.69000244140624,94.88999938964844,92.69000244140624,94.5999984741211,81.69715118408203,3329000
2022-05-13,PSX,92.69000244140624,94.88999938964844,92.69000244140624,94.5999984741211,81.69715118408203,3329000
2022-05-16,PSX,94.72000122070312,97.9800033569336,94.72000122070312,97.08000183105467,83.83889770507812,4561900
2022-05-16,PSX,94.72000122070312,97.9800033569336,94.72000122070312,97.08000183105467,83.83889770507812,4561900
2022-05-17,PSX,98.36000061035156,98.66000366210938,96.43000030517578,97.72000122070312,84.39160919189453,3747200
2022-05-17,PSX,98.36000061035156,98.66000366210938,96.43000030517578,97.72000122070312,84.39160919189453,3747200
2022-05-18,PSX,98.1999969482422,98.58000183105467,94.30999755859376,95.5199966430664,82.49166870117188,4002600
2022-05-18,PSX,98.1999969482422,98.58000183105467,94.30999755859376,95.5199966430664,82.49166870117188,4002600
2022-05-19,PSX,93.1999969482422,96.41000366210938,92.5500030517578,95.33000183105467,82.32757568359375,4660600
2022-05-19,PSX,93.1999969482422,96.41000366210938,92.5500030517578,95.33000183105467,82.32757568359375,4660600
2022-05-20,PSX,95.43000030517578,95.91000366210938,91.4800033569336,93.79000091552734,81.83025360107422,3838800
2022-05-20,PSX,95.43000030517578,95.91000366210938,91.4800033569336,93.79000091552734,81.83025360107422,3838800
2022-05-23,PSX,95.16000366210938,95.91999816894533,94.18000030517578,95.08000183105467,82.95577239990234,4220300
2022-05-23,PSX,95.16000366210938,95.91999816894533,94.18000030517578,95.08000183105467,82.95577239990234,4220300
2022-05-24,PSX,94.04000091552734,97.0500030517578,93.6999969482422,96.7699966430664,84.43025970458984,3076300
2022-05-24,PSX,94.04000091552734,97.0500030517578,93.6999969482422,96.7699966430664,84.43025970458984,3076300
2022-05-25,PSX,96.98999786376952,99.62999725341795,96.75,99.08000183105467,86.4457015991211,3422100
2022-05-25,PSX,96.98999786376952,99.62999725341795,96.75,99.08000183105467,86.4457015991211,3422100
2022-05-26,PSX,99.88999938964844,100.62999725341795,98.4800033569336,98.68000030517578,86.09671020507812,3262700
2022-05-26,PSX,99.88999938964844,100.62999725341795,98.4800033569336,98.68000030517578,86.09671020507812,3262700
2022-05-27,PSX,98.6999969482422,102.2699966430664,98.61000061035156,101.7300033569336,88.75778198242188,3621300
2022-05-27,PSX,98.6999969482422,102.2699966430664,98.61000061035156,101.7300033569336,88.75778198242188,3621300
2022-05-31,PSX,102.30999755859376,103.66999816894533,100.55999755859376,100.80999755859376,87.9551010131836,5541800
2022-05-31,PSX,102.30999755859376,103.66999816894533,100.55999755859376,100.80999755859376,87.9551010131836,5541800
2022-06-01,PSX,101.83999633789062,104.01000213623048,101.20999908447266,103.18000030517578,90.02287292480469,4086100
2022-06-01,PSX,101.83999633789062,104.01000213623048,101.20999908447266,103.18000030517578,90.02287292480469,4086100
2022-06-02,PSX,102.5500030517578,104.0500030517578,101.6500015258789,103.0,89.8658447265625,3031400
2022-06-02,PSX,102.5500030517578,104.0500030517578,101.6500015258789,103.0,89.8658447265625,3031400
2022-06-03,PSX,103.1999969482422,104.83999633789062,102.7699966430664,104.45999908447266,91.13966369628906,2940200
2022-06-03,PSX,103.1999969482422,104.83999633789062,102.7699966430664,104.45999908447266,91.13966369628906,2940200
2022-06-06,PSX,104.87999725341795,106.95999908447266,104.70999908447266,106.0199966430664,92.50074768066406,3046000
2022-06-06,PSX,104.87999725341795,106.95999908447266,104.70999908447266,106.0199966430664,92.50074768066406,3046000
2022-06-07,PSX,105.52999877929688,109.9800033569336,105.52999877929688,109.91999816894533,95.90342712402344,3477600
2022-06-07,PSX,105.52999877929688,109.9800033569336,105.52999877929688,109.91999816894533,95.90342712402344,3477600
2022-06-08,PSX,109.75,111.27999877929688,108.83999633789062,110.25,96.19134521484376,3611100
2022-06-08,PSX,109.75,111.27999877929688,108.83999633789062,110.25,96.19134521484376,3611100
2022-06-09,PSX,109.7300033569336,110.4000015258789,108.19000244140624,108.2699966430664,94.4638214111328,2946100
2022-06-09,PSX,109.7300033569336,110.4000015258789,108.19000244140624,108.2699966430664,94.4638214111328,2946100
2022-06-10,PSX,106.91000366210938,107.7699966430664,104.83999633789062,106.30999755859376,92.75375366210938,3015000
2022-06-10,PSX,106.91000366210938,107.7699966430664,104.83999633789062,106.30999755859376,92.75375366210938,3015000
2022-06-13,PSX,103.30999755859376,104.19000244140624,100.05999755859376,101.44000244140624,88.50476837158203,4227500
2022-06-13,PSX,103.30999755859376,104.19000244140624,100.05999755859376,101.44000244140624,88.50476837158203,4227500
2022-06-14,PSX,104.93000030517578,107.70999908447266,102.3499984741211,104.12999725341795,90.85174560546876,4522800
2022-06-14,PSX,104.93000030517578,107.70999908447266,102.3499984741211,104.12999725341795,90.85174560546876,4522800
2022-06-15,PSX,104.1999969482422,105.05999755859376,100.12000274658205,102.37999725341795,89.32489013671875,4747200
2022-06-15,PSX,104.1999969482422,105.05999755859376,100.12000274658205,102.37999725341795,89.32489013671875,4747200
2022-06-16,PSX,99.37000274658205,101.08000183105467,95.94000244140624,96.5,84.19468688964844,6847800
2022-06-16,PSX,99.37000274658205,101.08000183105467,95.94000244140624,96.5,84.19468688964844,6847800
2022-06-17,PSX,96.94000244140624,97.37000274658205,90.2300033569336,90.51000213623048,78.96852111816406,14918000
2022-06-17,PSX,96.94000244140624,97.37000274658205,90.2300033569336,90.51000213623048,78.96852111816406,14918000
2022-06-21,PSX,93.70999908447266,96.6999969482422,93.5500030517578,95.9800033569336,83.74102020263672,5764900
2022-06-21,PSX,93.70999908447266,96.6999969482422,93.5500030517578,95.9800033569336,83.74102020263672,5764900
2022-06-22,PSX,92.0,94.02999877929688,90.4800033569336,90.51000213623048,78.96852111816406,5178900
2022-06-22,PSX,92.0,94.02999877929688,90.4800033569336,90.51000213623048,78.96852111816406,5178900
2022-06-23,PSX,91.62999725341795,92.0500030517578,83.16000366210938,84.38999938964844,73.62892150878906,6160600
2022-06-23,PSX,91.62999725341795,92.0500030517578,83.16000366210938,84.38999938964844,73.62892150878906,6160600
2022-06-24,PSX,86.2300033569336,86.5999984741211,83.91000366210938,84.19999694824219,73.463134765625,5269800
2022-06-24,PSX,86.2300033569336,86.5999984741211,83.91000366210938,84.19999694824219,73.463134765625,5269800
2022-06-27,PSX,85.44999694824219,88.0999984741211,85.06999969482422,87.19999694824219,76.0805892944336,3796200
2022-06-27,PSX,85.44999694824219,88.0999984741211,85.06999969482422,87.19999694824219,76.0805892944336,3796200
2022-06-28,PSX,89.06999969482422,91.3000030517578,87.41999816894531,88.8499984741211,77.52018737792969,3791400
2022-06-28,PSX,89.06999969482422,91.3000030517578,87.41999816894531,88.8499984741211,77.52018737792969,3791400
2022-06-29,PSX,90.27999877929688,90.7699966430664,84.22000122070312,84.58000183105469,73.79468536376953,4246300
2022-06-29,PSX,90.27999877929688,90.7699966430664,84.22000122070312,84.58000183105469,73.79468536376953,4246300
2022-06-30,PSX,82.68000030517578,84.22000122070312,80.88999938964844,81.98999786376953,71.53495025634766,4829100
2022-06-30,PSX,82.68000030517578,84.22000122070312,80.88999938964844,81.98999786376953,71.53495025634766,4829100
2022-07-01,PSX,82.37999725341797,84.70999908447266,80.6500015258789,84.37000274658203,73.61145782470703,4093300
2022-07-01,PSX,82.37999725341797,84.70999908447266,80.6500015258789,84.37000274658203,73.61145782470703,4093300
2022-07-05,PSX,83.05999755859375,83.51000213623047,78.12999725341797,80.38999938964844,70.13897705078125,5205700
2022-07-05,PSX,83.05999755859375,83.51000213623047,78.12999725341797,80.38999938964844,70.13897705078125,5205700
2022-07-06,PSX,79.9800033569336,80.87999725341797,76.66999816894531,79.52999877929688,69.38863372802734,4624400
2022-07-06,PSX,79.9800033569336,80.87999725341797,76.66999816894531,79.52999877929688,69.38863372802734,4624400
2022-07-07,PSX,81.88999938964844,83.3499984741211,81.22000122070312,82.54000091552734,72.01481628417969,3711300
2022-07-07,PSX,81.88999938964844,83.3499984741211,81.22000122070312,82.54000091552734,72.01481628417969,3711300
2022-07-08,PSX,83.56999969482422,83.7699966430664,80.83999633789062,82.01000213623047,71.55242156982422,2219400
2022-07-08,PSX,83.56999969482422,83.7699966430664,80.83999633789062,82.01000213623047,71.55242156982422,2219400
2022-07-11,PSX,80.66999816894531,82.18000030517578,79.73999786376953,81.76000213623047,71.33428192138672,2444000
2022-07-11,PSX,80.66999816894531,82.18000030517578,79.73999786376953,81.76000213623047,71.33428192138672,2444000
2022-07-12,PSX,79.47000122070312,81.12999725341797,79.02999877929688,80.51000213623047,70.24368286132812,2565200
2022-07-12,PSX,79.47000122070312,81.12999725341797,79.02999877929688,80.51000213623047,70.24368286132812,2565200
2022-07-13,PSX,79.30000305175781,81.4000015258789,78.44999694824219,79.6500015258789,69.49333953857422,3591300
2022-07-13,PSX,79.30000305175781,81.4000015258789,78.44999694824219,79.6500015258789,69.49333953857422,3591300
2022-07-14,PSX,77.1500015258789,78.58999633789062,75.75,78.55000305175781,68.53359985351562,4199000
2022-07-14,PSX,77.1500015258789,78.58999633789062,75.75,78.55000305175781,68.53359985351562,4199000
2022-07-15,PSX,80.05000305175781,81.73999786376953,79.19999694824219,81.63999938964844,71.22957611083984,2792200
2022-07-15,PSX,80.05000305175781,81.73999786376953,79.19999694824219,81.63999938964844,71.22957611083984,2792200
2022-07-18,PSX,83.54000091552734,84.31999969482422,82.33000183105469,82.75,72.19804382324219,2709600
2022-07-18,PSX,83.54000091552734,84.31999969482422,82.33000183105469,82.75,72.19804382324219,2709600
2022-07-19,PSX,82.5,85.68000030517578,82.5,85.41000366210938,74.51884460449219,2767400
2022-07-19,PSX,82.5,85.68000030517578,82.5,85.41000366210938,74.51884460449219,2767400
2022-07-20,PSX,85.30000305175781,87.30000305175781,84.62000274658203,86.8499984741211,75.77521514892578,3590900
2022-07-20,PSX,85.30000305175781,87.30000305175781,84.62000274658203,86.8499984741211,75.77521514892578,3590900
2022-07-21,PSX,84.44999694824219,85.30999755859375,81.52999877929688,85.20999908447266,74.34435272216797,3628000
2022-07-21,PSX,84.44999694824219,85.30999755859375,81.52999877929688,85.20999908447266,74.34435272216797,3628000
2022-07-22,PSX,85.05999755859375,86.08000183105469,84.05999755859375,84.52999877929688,73.75106811523438,2706700
2022-07-22,PSX,85.05999755859375,86.08000183105469,84.05999755859375,84.52999877929688,73.75106811523438,2706700
2022-07-25,PSX,85.73999786376953,87.44000244140625,84.70999908447266,87.23999786376953,76.11549377441406,2756600
2022-07-25,PSX,85.73999786376953,87.44000244140625,84.70999908447266,87.23999786376953,76.11549377441406,2756600
2022-07-26,PSX,88.26000213623047,88.55000305175781,85.3499984741211,85.94999694824219,74.98999786376953,1870000
2022-07-26,PSX,88.26000213623047,88.55000305175781,85.3499984741211,85.94999694824219,74.98999786376953,1870000
2022-07-27,PSX,86.5,88.80999755859375,85.54000091552734,88.33999633789062,77.07522583007812,2277100
2022-07-27,PSX,86.5,88.80999755859375,85.54000091552734,88.33999633789062,77.07522583007812,2277100
2022-07-28,PSX,89.23999786376953,90.08000183105467,86.69999694824219,88.01000213623047,76.78730010986328,3257100
2022-07-28,PSX,89.23999786376953,90.08000183105467,86.69999694824219,88.01000213623047,76.78730010986328,3257100
2022-07-29,PSX,88.31999969482422,89.47000122070312,86.76000213623047,89.0,77.65107727050781,4750400
2022-07-29,PSX,88.31999969482422,89.47000122070312,86.76000213623047,89.0,77.65107727050781,4750400
2022-08-01,PSX,87.63999938964844,88.19999694824219,85.6500015258789,87.48999786376953,76.3336181640625,2910900
2022-08-01,PSX,87.63999938964844,88.19999694824219,85.6500015258789,87.48999786376953,76.3336181640625,2910900
2022-08-02,PSX,87.62000274658203,88.77999877929688,86.18000030517578,87.54000091552734,76.37725067138672,2455900
2022-08-02,PSX,87.62000274658203,88.77999877929688,86.18000030517578,87.54000091552734,76.37725067138672,2455900
2022-08-03,PSX,88.9800033569336,89.83999633789062,84.8499984741211,85.51000213623047,74.60611724853516,3539700
2022-08-03,PSX,88.9800033569336,89.83999633789062,84.8499984741211,85.51000213623047,74.60611724853516,3539700
2022-08-04,PSX,84.9000015258789,85.05000305175781,82.44000244140625,82.6500015258789,72.11080932617188,2989700
2022-08-04,PSX,84.9000015258789,85.05000305175781,82.44000244140625,82.6500015258789,72.11080932617188,2989700
2022-08-05,PSX,81.70999908447266,84.48999786376953,81.51000213623047,83.76000213623047,73.0792465209961,1796200
2022-08-05,PSX,81.70999908447266,84.48999786376953,81.51000213623047,83.76000213623047,73.0792465209961,1796200
2022-08-08,PSX,84.0,84.80999755859375,83.2699966430664,83.80000305175781,73.11414337158203,1680200
2022-08-08,PSX,84.0,84.80999755859375,83.2699966430664,83.80000305175781,73.11414337158203,1680200
2022-08-09,PSX,84.91000366210938,85.83999633789062,84.44000244140625,85.52999877929688,74.62355041503906,2062300
2022-08-09,PSX,84.91000366210938,85.83999633789062,84.44000244140625,85.52999877929688,74.62355041503906,2062300
2022-08-10,PSX,86.11000061035156,86.3499984741211,83.66000366210938,85.62999725341797,74.71080017089844,2191600
2022-08-10,PSX,86.11000061035156,86.3499984741211,83.66000366210938,85.62999725341797,74.71080017089844,2191600
2022-08-11,PSX,87.02999877929688,88.5999984741211,86.22000122070312,88.33000183105469,77.06651306152344,2803200
2022-08-11,PSX,87.02999877929688,88.5999984741211,86.22000122070312,88.33000183105469,77.06651306152344,2803200
2022-08-12,PSX,87.88999938964844,90.04000091552734,87.6500015258789,90.0,78.5235595703125,2795200
2022-08-12,PSX,87.88999938964844,90.04000091552734,87.6500015258789,90.0,78.5235595703125,2795200
2022-08-15,PSX,87.27999877929688,89.44999694824219,86.19999694824219,89.16000366210938,77.7906723022461,3082700
2022-08-15,PSX,87.27999877929688,89.44999694824219,86.19999694824219,89.16000366210938,77.7906723022461,3082700
2022-08-16,PSX,89.58000183105469,91.0,88.30999755859375,89.36000061035156,77.96515655517578,3420100
2022-08-16,PSX,89.58000183105469,91.0,88.30999755859375,89.36000061035156,77.96515655517578,3420100
2022-08-17,PSX,87.45999908447266,90.54000091552734,87.08000183105469,89.87000274658203,79.27059936523438,3063900
2022-08-17,PSX,87.45999908447266,90.54000091552734,87.08000183105469,89.87000274658203,79.27059936523438,3063900
2022-08-18,PSX,90.29000091552734,90.58000183105467,86.66000366210938,88.69000244140625,78.22978210449219,5466000
2022-08-18,PSX,90.29000091552734,90.58000183105467,86.66000366210938,88.69000244140625,78.22978210449219,5466000
2022-08-19,PSX,88.54000091552734,89.26000213623047,87.86000061035156,88.44000244140625,78.00926208496094,3167500
2022-08-19,PSX,88.54000091552734,89.26000213623047,87.86000061035156,88.44000244140625,78.00926208496094,3167500
2022-08-22,PSX,87.76000213623047,89.44000244140625,86.27999877929688,88.2300033569336,77.82402801513672,2694600
2022-08-22,PSX,87.76000213623047,89.44000244140625,86.27999877929688,88.2300033569336,77.82402801513672,2694600
2022-08-23,PSX,89.0999984741211,91.6999969482422,88.91000366210938,91.41000366210938,80.62899017333984,3128000
2022-08-23,PSX,89.0999984741211,91.6999969482422,88.91000366210938,91.41000366210938,80.62899017333984,3128000
2022-08-24,PSX,91.41000366210938,92.6999969482422,90.88999938964844,92.37000274658205,81.47574615478516,3200700
2022-08-24,PSX,91.41000366210938,92.6999969482422,90.88999938964844,92.37000274658205,81.47574615478516,3200700
2022-08-25,PSX,92.6500015258789,94.2300033569336,92.41999816894533,93.80999755859376,82.74591064453125,2766000
2022-08-25,PSX,92.6500015258789,94.2300033569336,92.41999816894533,93.80999755859376,82.74591064453125,2766000
2022-08-26,PSX,94.11000061035156,94.75,92.13999938964844,92.18000030517578,81.30816650390625,2750000
2022-08-26,PSX,94.11000061035156,94.75,92.13999938964844,92.18000030517578,81.30816650390625,2750000
2022-08-29,PSX,92.16999816894533,94.41999816894533,91.80999755859376,93.1999969482422,82.2078628540039,2576400
2022-08-29,PSX,92.16999816894533,94.41999816894533,91.80999755859376,93.1999969482422,82.2078628540039,2576400
2022-08-30,PSX,91.94000244140624,91.9800033569336,89.33999633789062,90.1500015258789,79.517578125,2836400
2022-08-30,PSX,91.94000244140624,91.9800033569336,89.33999633789062,90.1500015258789,79.517578125,2836400
2022-08-31,PSX,87.81999969482422,91.08999633789062,87.55999755859375,89.45999908447266,78.90897369384766,2841700
2022-08-31,PSX,87.81999969482422,91.08999633789062,87.55999755859375,89.45999908447266,78.90897369384766,2841700
2022-09-01,PSX,87.76000213623047,88.37999725341797,84.4000015258789,86.33000183105469,76.14813232421875,4004200
2022-09-01,PSX,87.76000213623047,88.37999725341797,84.4000015258789,86.33000183105469,76.14813232421875,4004200
2022-09-02,PSX,88.27999877929688,89.91000366210938,87.69999694824219,88.45999908447266,78.02690124511719,2641600
2022-09-02,PSX,88.27999877929688,89.91000366210938,87.69999694824219,88.45999908447266,78.02690124511719,2641600
2022-09-06,PSX,89.19000244140625,89.22000122070312,86.4000015258789,86.76000213623047,76.52739715576172,2556200
2022-09-06,PSX,89.19000244140625,89.22000122070312,86.4000015258789,86.76000213623047,76.52739715576172,2556200
2022-09-07,PSX,85.08000183105469,86.76000213623047,84.02999877929688,86.31999969482422,76.13929748535156,2633200
2022-09-07,PSX,85.08000183105469,86.76000213623047,84.02999877929688,86.31999969482422,76.13929748535156,2633200
2022-09-08,PSX,86.68000030517578,86.9000015258789,85.0,85.93000030517578,75.79529571533203,2477400
2022-09-08,PSX,86.68000030517578,86.9000015258789,85.0,85.93000030517578,75.79529571533203,2477400
2022-09-09,PSX,87.44000244140625,88.41000366210938,86.94999694824219,88.02999877929688,77.64762115478516,2474400
2022-09-09,PSX,87.44000244140625,88.41000366210938,86.94999694824219,88.02999877929688,77.64762115478516,2474400
2022-09-12,PSX,89.2300033569336,91.06999969482422,88.83999633789062,89.55999755859375,78.99716186523438,2454500
2022-09-12,PSX,89.2300033569336,91.06999969482422,88.83999633789062,89.55999755859375,78.99716186523438,2454500
2022-09-13,PSX,87.98999786376953,89.41999816894531,86.01000213623047,86.16000366210938,75.9981689453125,3004000
2022-09-13,PSX,87.98999786376953,89.41999816894531,86.01000213623047,86.16000366210938,75.9981689453125,3004000
2022-09-14,PSX,86.83000183105469,88.86000061035156,84.91000366210938,86.0,75.85704040527344,3872100
2022-09-14,PSX,86.83000183105469,88.86000061035156,84.91000366210938,86.0,75.85704040527344,3872100
2022-09-15,PSX,84.06999969482422,84.29000091552734,81.16000366210938,81.87000274658203,72.21414184570312,5077600
2022-09-15,PSX,84.06999969482422,84.29000091552734,81.16000366210938,81.87000274658203,72.21414184570312,5077600
2022-09-16,PSX,81.94000244140625,81.94000244140625,79.01000213623047,80.7300033569336,71.20860290527344,6839900
2022-09-16,PSX,81.94000244140625,81.94000244140625,79.01000213623047,80.7300033569336,71.20860290527344,6839900
2022-09-19,PSX,78.58999633789062,82.1500015258789,78.55000305175781,81.93000030517578,72.26705932617188,3124400
2022-09-19,PSX,78.58999633789062,82.1500015258789,78.55000305175781,81.93000030517578,72.26705932617188,3124400
2022-09-20,PSX,81.12999725341797,83.8499984741211,80.8499984741211,83.22000122070312,73.40492248535156,3482700
2022-09-20,PSX,81.12999725341797,83.8499984741211,80.8499984741211,83.22000122070312,73.40492248535156,3482700
2022-09-21,PSX,84.8499984741211,84.91000366210938,81.19999694824219,81.2699966430664,71.68489837646484,2872300
2022-09-21,PSX,84.8499984741211,84.91000366210938,81.19999694824219,81.2699966430664,71.68489837646484,2872300
2022-09-22,PSX,82.19999694824219,83.38999938964844,81.13999938964844,82.2699966430664,72.56695556640625,2963900
2022-09-22,PSX,82.19999694824219,83.38999938964844,81.13999938964844,82.2699966430664,72.56695556640625,2963900
2022-09-23,PSX,79.38999938964844,79.45999908447266,75.54000091552734,75.98999786376953,67.02764129638672,5632400
2022-09-23,PSX,79.38999938964844,79.45999908447266,75.54000091552734,75.98999786376953,67.02764129638672,5632400
2022-09-26,PSX,75.0,76.63999938964844,74.0199966430664,74.16000366210938,65.41345977783203,4717500
2022-09-26,PSX,75.0,76.63999938964844,74.0199966430664,74.16000366210938,65.41345977783203,4717500
2022-09-27,PSX,75.54000091552734,77.44000244140625,75.38999938964844,76.22000122070312,67.23050689697266,4147800
2022-09-27,PSX,75.54000091552734,77.44000244140625,75.38999938964844,76.22000122070312,67.23050689697266,4147800
2022-09-28,PSX,76.36000061035156,81.58000183105469,76.22000122070312,81.4000015258789,71.79956817626953,5401100
2022-09-28,PSX,76.36000061035156,81.58000183105469,76.22000122070312,81.4000015258789,71.79956817626953,5401100
2022-09-29,PSX,80.7300033569336,81.41000366210938,79.33999633789062,80.62999725341797,71.12036895751953,3118000
2022-09-29,PSX,80.7300033569336,81.41000366210938,79.33999633789062,80.62999725341797,71.12036895751953,3118000
2022-09-30,PSX,79.81999969482422,81.43000030517578,79.37000274658203,80.72000122070312,71.19976043701172,3259300
2022-09-30,PSX,79.81999969482422,81.43000030517578,79.37000274658203,80.72000122070312,71.19976043701172,3259300
2022-10-03,PSX,83.62999725341797,85.2699966430664,82.31999969482422,84.58000183105469,74.6045150756836,3891800
2022-10-03,PSX,83.62999725341797,85.2699966430664,82.31999969482422,84.58000183105469,74.6045150756836,3891800
2022-10-04,PSX,86.4800033569336,90.4499969482422,85.48999786376953,90.36000061035156,79.70281219482422,5402400
2022-10-04,PSX,86.4800033569336,90.4499969482422,85.48999786376953,90.36000061035156,79.70281219482422,5402400
2022-10-05,PSX,89.5999984741211,93.8000030517578,89.44999694824219,92.61000061035156,81.68743896484375,5443400
2022-10-05,PSX,89.5999984741211,93.8000030517578,89.44999694824219,92.61000061035156,81.68743896484375,5443400
2022-10-06,PSX,91.91000366210938,93.77999877929688,91.5500030517578,93.36000061035156,82.3489990234375,3237500
2022-10-06,PSX,91.91000366210938,93.77999877929688,91.5500030517578,93.36000061035156,82.3489990234375,3237500
2022-10-07,PSX,93.9000015258789,94.5,91.86000061035156,92.5,81.59042358398438,3283500
2022-10-07,PSX,93.9000015258789,94.5,91.86000061035156,92.5,81.59042358398438,3283500
2022-10-10,PSX,93.16000366210938,93.87999725341795,90.8000030517578,91.11000061035156,80.3643569946289,2786000
2022-10-10,PSX,93.16000366210938,93.87999725341795,90.8000030517578,91.11000061035156,80.3643569946289,2786000
2022-10-11,PSX,90.12000274658205,91.97000122070312,88.63999938964844,90.33999633789062,79.6851577758789,2939500
2022-10-11,PSX,90.12000274658205,91.97000122070312,88.63999938964844,90.33999633789062,79.6851577758789,2939500
2022-10-12,PSX,89.88999938964844,93.7300033569336,89.02999877929688,92.94000244140624,81.97853088378906,2838800
2022-10-12,PSX,89.88999938964844,93.7300033569336,89.02999877929688,92.94000244140624,81.97853088378906,2838800
2022-10-13,PSX,91.95999908447266,97.9000015258789,91.80999755859376,96.9000015258789,85.47148132324219,3690000
2022-10-13,PSX,91.95999908447266,97.9000015258789,91.80999755859376,96.9000015258789,85.47148132324219,3690000
2022-10-14,PSX,96.5,97.5,93.91999816894533,94.0999984741211,83.00169372558594,3905200
2022-10-14,PSX,96.5,97.5,93.91999816894533,94.0999984741211,83.00169372558594,3905200
2022-10-17,PSX,95.7699966430664,97.98999786376952,94.54000091552734,95.45999908447266,84.2013168334961,3667600
2022-10-17,PSX,95.7699966430664,97.98999786376952,94.54000091552734,95.45999908447266,84.2013168334961,3667600
2022-10-18,PSX,95.95999908447266,97.3000030517578,93.97000122070312,96.11000061035156,84.774658203125,2756500
2022-10-18,PSX,95.95999908447266,97.3000030517578,93.97000122070312,96.11000061035156,84.774658203125,2756500
2022-10-19,PSX,96.45999908447266,98.86000061035156,95.5999984741211,97.9499969482422,86.39763641357422,3343500
2022-10-19,PSX,96.45999908447266,98.86000061035156,95.5999984741211,97.9499969482422,86.39763641357422,3343500
2022-10-20,PSX,98.7699966430664,99.9000015258789,97.47000122070312,97.73999786376952,86.21240234375,3033400
2022-10-20,PSX,98.7699966430664,99.9000015258789,97.47000122070312,97.73999786376952,86.21240234375,3033400
2022-10-21,PSX,98.26000213623048,100.68000030517578,97.76000213623048,100.44000244140624,88.5939712524414,3260100
2022-10-21,PSX,98.26000213623048,100.68000030517578,97.76000213623048,100.44000244140624,88.5939712524414,3260100
2022-10-24,PSX,100.3000030517578,101.4000015258789,99.91999816894533,100.4000015258789,88.55867767333984,1996100
2022-10-24,PSX,100.3000030517578,101.4000015258789,99.91999816894533,100.4000015258789,88.55867767333984,1996100
2022-10-25,PSX,99.6500015258789,100.7300033569336,98.5999984741211,100.22000122070312,88.39991760253906,2627300
2022-10-25,PSX,99.6500015258789,100.7300033569336,98.5999984741211,100.22000122070312,88.39991760253906,2627300
2022-10-26,PSX,100.68000030517578,102.9800033569336,100.38999938964844,102.26000213623048,90.1993179321289,3171700
2022-10-26,PSX,100.68000030517578,102.9800033569336,100.38999938964844,102.26000213623048,90.1993179321289,3171700
2022-10-27,PSX,104.0,105.95999908447266,103.4499969482422,103.55999755859376,91.34598541259766,3394200
2022-10-27,PSX,104.0,105.95999908447266,103.4499969482422,103.55999755859376,91.34598541259766,3394200
2022-10-28,PSX,104.5199966430664,106.05999755859376,102.6999969482422,104.1999969482422,91.91050720214844,3561000
2022-10-28,PSX,104.5199966430664,106.05999755859376,102.6999969482422,104.1999969482422,91.91050720214844,3561000
2022-10-31,PSX,102.66999816894533,105.33999633789062,102.66999816894533,104.29000091552734,91.98990631103516,3581600
2022-10-31,PSX,102.66999816894533,105.33999633789062,102.66999816894533,104.29000091552734,91.98990631103516,3581600
2022-11-01,PSX,107.0,109.9800033569336,106.33000183105467,107.37999725341795,94.7154541015625,5810800
2022-11-01,PSX,107.0,109.9800033569336,106.33000183105467,107.37999725341795,94.7154541015625,5810800
2022-11-02,PSX,106.70999908447266,106.87999725341795,103.01000213623048,103.23999786376952,91.0637435913086,3682200
2022-11-02,PSX,106.70999908447266,106.87999725341795,103.01000213623048,103.23999786376952,91.0637435913086,3682200
2022-11-03,PSX,102.56999969482422,103.94000244140624,101.55999755859376,103.12000274658205,90.95787811279295,3073700
2022-11-03,PSX,102.56999969482422,103.94000244140624,101.55999755859376,103.12000274658205,90.95787811279295,3073700
2022-11-04,PSX,105.13999938964844,105.81999969482422,102.38999938964844,103.4800033569336,91.2754364013672,3059200
2022-11-04,PSX,105.13999938964844,105.81999969482422,102.38999938964844,103.4800033569336,91.2754364013672,3059200
2022-11-07,PSX,103.87000274658205,105.9499969482422,103.87000274658205,105.43000030517578,92.99543762207033,3226700
2022-11-07,PSX,103.87000274658205,105.9499969482422,103.87000274658205,105.43000030517578,92.99543762207033,3226700
2022-11-08,PSX,105.2699966430664,105.73999786376952,103.62000274658205,105.11000061035156,92.7131805419922,2488600
2022-11-08,PSX,105.2699966430664,105.73999786376952,103.62000274658205,105.11000061035156,92.7131805419922,2488600
2022-11-09,PSX,106.58999633789062,108.51000213623048,103.2300033569336,104.08999633789062,91.81348419189452,4702300
2022-11-09,PSX,106.58999633789062,108.51000213623048,103.2300033569336,104.08999633789062,91.81348419189452,4702300
2022-11-10,PSX,106.16999816894533,106.4000015258789,104.30999755859376,106.23999786376952,93.70990753173828,3457300
2022-11-10,PSX,106.16999816894533,106.4000015258789,104.30999755859376,106.23999786376952,93.70990753173828,3457300
2022-11-11,PSX,107.45999908447266,112.72000122070312,107.45999908447266,111.3000030517578,98.17312622070312,5586800
2022-11-11,PSX,107.45999908447266,112.72000122070312,107.45999908447266,111.3000030517578,98.17312622070312,5586800
2022-11-14,PSX,111.0,113.52999877929688,110.2300033569336,110.26000213623048,97.25579833984376,3977400
2022-11-14,PSX,111.0,113.52999877929688,110.2300033569336,110.26000213623048,97.25579833984376,3977400
2022-11-15,PSX,110.70999908447266,111.69000244140624,109.30999755859376,111.11000061035156,98.00553894042967,3785700
2022-11-15,PSX,110.70999908447266,111.69000244140624,109.30999755859376,111.11000061035156,98.00553894042967,3785700
2022-11-16,PSX,108.87999725341795,110.5999984741211,107.38999938964844,107.68000030517578,95.81655883789062,3021700
2022-11-16,PSX,108.87999725341795,110.5999984741211,107.38999938964844,107.68000030517578,95.81655883789062,3021700
2022-11-17,PSX,106.02999877929688,109.87000274658205,105.8000030517578,109.7300033569336,97.6407241821289,2446000
2022-11-17,PSX,106.02999877929688,109.87000274658205,105.8000030517578,109.7300033569336,97.6407241821289,2446000
2022-11-18,PSX,107.97000122070312,109.3000030517578,106.88999938964844,108.98999786376952,96.98223876953124,3696400
2022-11-18,PSX,107.97000122070312,109.3000030517578,106.88999938964844,108.98999786376952,96.98223876953124,3696400
2022-11-21,PSX,107.48999786376952,109.2699966430664,105.9000015258789,109.02999877929688,97.017822265625,3047200
2022-11-21,PSX,107.48999786376952,109.2699966430664,105.9000015258789,109.02999877929688,97.017822265625,3047200
2022-11-22,PSX,110.83000183105467,112.8499984741211,110.5500030517578,112.29000091552734,99.9186553955078,3494100
2022-11-22,PSX,110.83000183105467,112.8499984741211,110.5500030517578,112.29000091552734,99.9186553955078,3494100
2022-11-23,PSX,110.4800033569336,111.83999633789062,109.4499969482422,110.70999908447266,98.51273345947266,2662300
2022-11-23,PSX,110.4800033569336,111.83999633789062,109.4499969482422,110.70999908447266,98.51273345947266,2662300
2022-11-25,PSX,111.04000091552734,111.80999755859376,110.3499984741211,110.77999877929688,98.57501220703124,1409400
2022-11-25,PSX,111.04000091552734,111.80999755859376,110.3499984741211,110.77999877929688,98.57501220703124,1409400
2022-11-28,PSX,108.25,110.08999633789062,107.5999984741211,107.81999969482422,95.9411163330078,3598700
2022-11-28,PSX,108.25,110.08999633789062,107.5999984741211,107.81999969482422,95.9411163330078,3598700
2022-11-29,PSX,109.12000274658205,110.31999969482422,108.41000366210938,108.97000122070312,96.96443939208984,3854100
2022-11-29,PSX,109.12000274658205,110.31999969482422,108.41000366210938,108.97000122070312,96.96443939208984,3854100
2022-11-30,PSX,110.16000366210938,110.37000274658205,107.0,108.44000244140624,96.4928207397461,3987300
2022-11-30,PSX,110.16000366210938,110.37000274658205,107.0,108.44000244140624,96.4928207397461,3987300
2022-12-01,PSX,109.08000183105467,109.66999816894533,106.86000061035156,108.04000091552734,96.13690185546876,3214200
2022-12-01,PSX,109.08000183105467,109.66999816894533,106.86000061035156,108.04000091552734,96.13690185546876,3214200
2022-12-02,PSX,107.1999969482422,108.6999969482422,106.0500030517578,106.66000366210938,94.908935546875,2676000
2022-12-02,PSX,107.1999969482422,108.6999969482422,106.0500030517578,106.66000366210938,94.908935546875,2676000
2022-12-05,PSX,107.8000030517578,108.16999816894533,103.1999969482422,104.1500015258789,92.67547607421876,3015200
2022-12-05,PSX,107.8000030517578,108.16999816894533,103.1999969482422,104.1500015258789,92.67547607421876,3015200
2022-12-06,PSX,103.3499984741211,105.36000061035156,101.95999908447266,103.08000183105467,91.72335052490234,3627000
2022-12-06,PSX,103.3499984741211,105.36000061035156,101.95999908447266,103.08000183105467,91.72335052490234,3627000
2022-12-07,PSX,102.75,104.95999908447266,101.91999816894533,103.01000213623048,91.66106414794922,2817100
2022-12-07,PSX,102.75,104.95999908447266,101.91999816894533,103.01000213623048,91.66106414794922,2817100
2022-12-08,PSX,104.62999725341795,104.75,100.47000122070312,100.9000015258789,89.78353881835938,2899700
2022-12-08,PSX,104.62999725341795,104.75,100.47000122070312,100.9000015258789,89.78353881835938,2899700
2022-12-09,PSX,100.45999908447266,101.25,97.94000244140624,98.0,87.20304107666016,3212200
2022-12-09,PSX,100.45999908447266,101.25,97.94000244140624,98.0,87.20304107666016,3212200
2022-12-12,PSX,98.66999816894533,102.1500015258789,98.0199966430664,102.06999969482422,90.82462310791016,3692400
2022-12-12,PSX,98.66999816894533,102.1500015258789,98.0199966430664,102.06999969482422,90.82462310791016,3692400
2022-12-13,PSX,103.97000122070312,104.33000183105467,101.73999786376952,102.12999725341795,90.87801361083984,2984000
2022-12-13,PSX,103.97000122070312,104.33000183105467,101.73999786376952,102.12999725341795,90.87801361083984,2984000
2022-12-14,PSX,102.1999969482422,103.16999816894533,101.0500030517578,101.27999877929688,90.12165832519533,2646800
2022-12-14,PSX,102.1999969482422,103.16999816894533,101.0500030517578,101.27999877929688,90.12165832519533,2646800
2022-12-15,PSX,100.75,101.52999877929688,99.68000030517578,101.47000122070312,90.29073333740234,2445400
2022-12-15,PSX,100.75,101.52999877929688,99.68000030517578,101.47000122070312,90.29073333740234,2445400
2022-12-16,PSX,99.75,100.9499969482422,99.05999755859376,100.63999938964844,89.55216217041016,7235200
2022-12-16,PSX,99.75,100.9499969482422,99.05999755859376,100.63999938964844,89.55216217041016,7235200
2022-12-19,PSX,101.30999755859376,102.38999938964844,99.56999969482422,100.61000061035156,89.52547454833984,2451200
2022-12-19,PSX,101.30999755859376,102.38999938964844,99.56999969482422,100.61000061035156,89.52547454833984,2451200
2022-12-20,PSX,101.0,103.4499969482422,100.5999984741211,102.63999938964844,91.3318328857422,2442300
2022-12-20,PSX,101.0,103.4499969482422,100.5999984741211,102.63999938964844,91.3318328857422,2442300
2022-12-21,PSX,104.23999786376952,104.66000366210938,102.2699966430664,103.3499984741211,91.96359252929688,2471800
2022-12-21,PSX,104.23999786376952,104.66000366210938,102.2699966430664,103.3499984741211,91.96359252929688,2471800
2022-12-22,PSX,103.4000015258789,103.48999786376952,98.97000122070312,100.52999877929688,89.45429992675781,2287700
2022-12-22,PSX,103.4000015258789,103.48999786376952,98.97000122070312,100.52999877929688,89.45429992675781,2287700
2022-12-23,PSX,101.0500030517578,104.0199966430664,101.0500030517578,103.94000244140624,92.48860931396484,2216300
2022-12-23,PSX,101.0500030517578,104.0199966430664,101.0500030517578,103.94000244140624,92.48860931396484,2216300
2022-12-27,PSX,104.56999969482422,104.79000091552734,103.69000244140624,104.58000183105467,93.05809783935548,2474900
2022-12-27,PSX,104.56999969482422,104.79000091552734,103.69000244140624,104.58000183105467,93.05809783935548,2474900
2022-12-28,PSX,104.4000015258789,104.72000122070312,101.98999786376952,102.1500015258789,90.89582824707033,1910700
2022-12-28,PSX,104.4000015258789,104.72000122070312,101.98999786376952,102.1500015258789,90.89582824707033,1910700
2022-12-29,PSX,102.0,104.3000030517578,101.66999816894533,104.11000061035156,92.63988494873048,1827300
2022-12-29,PSX,102.0,104.3000030517578,101.66999816894533,104.11000061035156,92.63988494873048,1827300
2022-12-30,PSX,103.83999633789062,104.87999725341795,103.51000213623048,104.08000183105467,92.6131820678711,2088900
2022-12-30,PSX,103.83999633789062,104.87999725341795,103.51000213623048,104.08000183105467,92.6131820678711,2088900
2023-01-03,PSX,103.4000015258789,104.47000122070312,100.54000091552734,101.02999877929688,89.89921569824219,2877200
2023-01-03,PSX,103.4000015258789,104.47000122070312,100.54000091552734,101.02999877929688,89.89921569824219,2877200
2023-01-04,PSX,99.5500030517578,102.0,99.37999725341795,100.68000030517578,89.58777618408203,2959100
2023-01-04,PSX,99.5500030517578,102.0,99.37999725341795,100.68000030517578,89.58777618408203,2959100
2023-01-05,PSX,100.1999969482422,103.06999969482422,100.1999969482422,103.0199966430664,91.66995239257812,3348400
2023-01-05,PSX,100.1999969482422,103.06999969482422,100.1999969482422,103.0199966430664,91.66995239257812,3348400
2023-01-06,PSX,104.22000122070312,106.33000183105467,103.81999969482422,105.6999969482422,94.05469512939452,3101300
2023-01-06,PSX,104.22000122070312,106.33000183105467,103.81999969482422,105.6999969482422,94.05469512939452,3101300
2023-01-09,PSX,106.6999969482422,106.97000122070312,101.55999755859376,102.01000213623048,90.77124786376952,4707400
2023-01-09,PSX,106.6999969482422,106.97000122070312,101.55999755859376,102.01000213623048,90.77124786376952,4707400
2023-01-10,PSX,102.44000244140624,103.4499969482422,100.56999969482422,101.56999969482422,90.37970733642578,3259200
2023-01-10,PSX,102.44000244140624,103.4499969482422,100.56999969482422,101.56999969482422,90.37970733642578,3259200
2023-01-11,PSX,102.47000122070312,102.7300033569336,100.52999877929688,101.41999816894533,90.24623107910156,3551100
2023-01-11,PSX,102.47000122070312,102.7300033569336,100.52999877929688,101.41999816894533,90.24623107910156,3551100
2023-01-12,PSX,101.94000244140624,103.7699966430664,101.72000122070312,102.86000061035156,91.52759552001952,2231600
2023-01-12,PSX,101.94000244140624,103.7699966430664,101.72000122070312,102.86000061035156,91.52759552001952,2231600
2023-01-13,PSX,102.86000061035156,103.37999725341795,101.5199966430664,103.02999877929688,91.67886352539062,2133200
2023-01-13,PSX,102.86000061035156,103.37999725341795,101.5199966430664,103.02999877929688,91.67886352539062,2133200
2023-01-17,PSX,103.5500030517578,105.01000213623048,102.36000061035156,102.51000213623048,91.21615600585938,2600800
2023-01-17,PSX,103.5500030517578,105.01000213623048,102.36000061035156,102.51000213623048,91.21615600585938,2600800
2023-01-18,PSX,103.22000122070312,105.51000213623048,102.3000030517578,102.70999908447266,91.39411926269533,2908000
2023-01-18,PSX,103.22000122070312,105.51000213623048,102.3000030517578,102.70999908447266,91.39411926269533,2908000
2023-01-19,PSX,102.68000030517578,104.81999969482422,101.83000183105467,104.37999725341795,92.88014221191406,2696800
2023-01-19,PSX,102.68000030517578,104.81999969482422,101.83000183105467,104.37999725341795,92.88014221191406,2696800
2023-01-20,PSX,104.8000030517578,107.23999786376952,103.83000183105467,106.95999908447266,95.17588806152344,2986400
2023-01-20,PSX,104.8000030517578,107.23999786376952,103.83000183105467,106.95999908447266,95.17588806152344,2986400
2023-01-23,PSX,107.5,108.68000030517578,106.5999984741211,106.94000244140624,95.15809631347656,3070100
2023-01-23,PSX,107.5,108.68000030517578,106.5999984741211,106.94000244140624,95.15809631347656,3070100
2023-01-24,PSX,106.94000244140624,107.26000213623048,104.36000061035156,107.01000213623048,95.22039031982422,2360500
2023-01-24,PSX,106.94000244140624,107.26000213623048,104.36000061035156,107.01000213623048,95.22039031982422,2360500
2023-01-25,PSX,106.36000061035156,108.86000061035156,105.54000091552734,108.8499984741211,96.8576431274414,2889100
2023-01-25,PSX,106.36000061035156,108.86000061035156,105.54000091552734,108.8499984741211,96.8576431274414,2889100
2023-01-26,PSX,109.5500030517578,111.66999816894533,108.27999877929688,111.48999786376952,99.20679473876952,2723600
2023-01-26,PSX,109.5500030517578,111.66999816894533,108.27999877929688,111.48999786376952,99.20679473876952,2723600
2023-01-27,PSX,111.44000244140624,111.83999633789062,108.6999969482422,108.7300033569336,96.75088500976562,2506700
2023-01-27,PSX,111.44000244140624,111.83999633789062,108.6999969482422,108.7300033569336,96.75088500976562,2506700
2023-01-30,PSX,108.37000274658205,108.93000030517578,105.88999938964844,106.41999816894533,94.69539642333984,3110000
2023-01-30,PSX,108.37000274658205,108.93000030517578,105.88999938964844,106.41999816894533,94.69539642333984,3110000
2023-01-31,PSX,104.6999969482422,104.6999969482422,99.12999725341795,100.2699966430664,89.22293853759766,7890100
2023-01-31,PSX,104.6999969482422,104.6999969482422,99.12999725341795,100.2699966430664,89.22293853759766,7890100
2023-02-01,PSX,99.8000030517578,101.58999633789062,97.02999877929688,97.98999786376952,87.19412994384766,4467800
2023-02-01,PSX,99.8000030517578,101.58999633789062,97.02999877929688,97.98999786376952,87.19412994384766,4467800
2023-02-02,PSX,98.0,99.0,96.33999633789062,98.9800033569336,88.0750732421875,4668700
2023-02-02,PSX,98.0,99.0,96.33999633789062,98.9800033569336,88.0750732421875,4668700
2023-02-03,PSX,99.27999877929688,100.61000061035156,98.51000213623048,98.80999755859376,87.92379760742188,3525100
2023-02-03,PSX,99.27999877929688,100.61000061035156,98.51000213623048,98.80999755859376,87.92379760742188,3525100
2023-02-06,PSX,98.58000183105467,99.5,96.1500015258789,98.08000183105467,87.27422332763672,2666300
2023-02-06,PSX,98.58000183105467,99.5,96.1500015258789,98.08000183105467,87.27422332763672,2666300
2023-02-07,PSX,98.86000061035156,102.37999725341795,98.48999786376952,102.27999877929688,91.01148223876952,3628400
2023-02-07,PSX,98.86000061035156,102.37999725341795,98.48999786376952,102.27999877929688,91.01148223876952,3628400
2023-02-08,PSX,101.76000213623048,103.6500015258789,101.23999786376952,102.73999786376952,91.42082214355467,3683600
2023-02-08,PSX,101.76000213623048,103.6500015258789,101.23999786376952,102.73999786376952,91.42082214355467,3683600
2023-02-09,PSX,103.16000366210938,104.27999877929688,101.91999816894533,102.11000061035156,90.8602294921875,2897400
2023-02-09,PSX,103.16000366210938,104.27999877929688,101.91999816894533,102.11000061035156,90.8602294921875,2897400
2023-02-10,PSX,103.7300033569336,107.52999877929688,103.4800033569336,107.37999725341795,95.54961395263672,3003300
2023-02-10,PSX,103.7300033569336,107.52999877929688,103.4800033569336,107.37999725341795,95.54961395263672,3003300
2023-02-13,PSX,107.0,108.30999755859376,105.75,108.26000213623048,96.33264923095705,2608800
2023-02-13,PSX,107.0,108.30999755859376,105.75,108.26000213623048,96.33264923095705,2608800
2023-02-14,PSX,107.5,108.83999633789062,107.0999984741211,107.9499969482422,96.05680084228516,2267500
2023-02-14,PSX,107.5,108.83999633789062,107.0999984741211,107.9499969482422,96.05680084228516,2267500
2023-02-15,PSX,107.0,107.66000366210938,105.25,106.6500015258789,94.90003967285156,2626400
2023-02-15,PSX,107.0,107.66000366210938,105.25,106.6500015258789,94.90003967285156,2626400
2023-02-16,PSX,106.47000122070312,107.3000030517578,104.81999969482422,104.91999816894533,93.36062622070312,2876500
2023-02-16,PSX,106.47000122070312,107.3000030517578,104.81999969482422,104.91999816894533,93.36062622070312,2876500
2023-02-17,PSX,102.0199966430664,102.56999969482422,99.18000030517578,99.54000091552734,89.4687271118164,3537600
2023-02-17,PSX,102.0199966430664,102.56999969482422,99.18000030517578,99.54000091552734,89.4687271118164,3537600
2023-02-21,PSX,98.93000030517578,100.69000244140624,98.48999786376952,99.6500015258789,89.56759643554688,2569200
2023-02-21,PSX,98.93000030517578,100.69000244140624,98.48999786376952,99.6500015258789,89.56759643554688,2569200
2023-02-22,PSX,99.31999969482422,100.80999755859376,98.52999877929688,99.47000122070312,89.40582275390625,2087700
2023-02-22,PSX,99.31999969482422,100.80999755859376,98.52999877929688,99.47000122070312,89.40582275390625,2087700
2023-02-23,PSX,101.0500030517578,101.5,99.12000274658205,100.3499984741211,90.19677734375,2738000
2023-02-23,PSX,101.0500030517578,101.5,99.12000274658205,100.3499984741211,90.19677734375,2738000
2023-02-24,PSX,99.0999984741211,102.01000213623048,98.0999984741211,102.0,91.67984008789062,3005800
2023-02-24,PSX,99.0999984741211,102.01000213623048,98.0999984741211,102.0,91.67984008789062,3005800
2023-02-27,PSX,102.43000030517578,104.33000183105467,102.01000213623048,103.6500015258789,93.16289520263672,2699500
2023-02-27,PSX,102.43000030517578,104.33000183105467,102.01000213623048,103.6500015258789,93.16289520263672,2699500
2023-02-28,PSX,104.62999725341795,104.87999725341795,101.87000274658205,102.55999755859376,92.18318176269533,4104500
2023-02-28,PSX,104.62999725341795,104.87999725341795,101.87000274658205,102.55999755859376,92.18318176269533,4104500
2023-03-01,PSX,103.0,107.4499969482422,102.62000274658205,107.23999786376952,96.3896713256836,4581100
2023-03-01,PSX,103.0,107.4499969482422,102.62000274658205,107.23999786376952,96.3896713256836,4581100
2023-03-02,PSX,106.5,107.3499984741211,104.3499984741211,105.80999755859376,95.10435485839844,4644000
2023-03-02,PSX,106.5,107.3499984741211,104.3499984741211,105.80999755859376,95.10435485839844,4644000
2023-03-03,PSX,104.95999908447266,106.63999938964844,104.1500015258789,106.0199966430664,95.29309844970705,3755700
2023-03-03,PSX,104.95999908447266,106.63999938964844,104.1500015258789,106.0199966430664,95.29309844970705,3755700
2023-03-06,PSX,105.08000183105467,105.08000183105467,102.80999755859376,103.9800033569336,93.45950317382812,4000200
2023-03-06,PSX,105.08000183105467,105.08000183105467,102.80999755859376,103.9800033569336,93.45950317382812,4000200
2023-03-07,PSX,103.73999786376952,103.97000122070312,101.23999786376952,101.79000091552734,91.49108123779295,3119900
2023-03-07,PSX,103.73999786376952,103.97000122070312,101.23999786376952,101.79000091552734,91.49108123779295,3119900
2023-03-08,PSX,101.83000183105467,102.66000366210938,98.36000061035156,99.30999755859376,89.26200866699219,3876200
2023-03-08,PSX,101.83000183105467,102.66000366210938,98.36000061035156,99.30999755859376,89.26200866699219,3876200
2023-03-09,PSX,100.31999969482422,104.06999969482422,100.0500030517578,101.13999938964844,90.90684509277344,5194700
2023-03-09,PSX,100.31999969482422,104.06999969482422,100.0500030517578,101.13999938964844,90.90684509277344,5194700
2023-03-10,PSX,101.41000366210938,103.91999816894533,100.58999633789062,101.22000122070312,90.978759765625,4367100
2023-03-10,PSX,101.41000366210938,103.91999816894533,100.58999633789062,101.22000122070312,90.978759765625,4367100
2023-03-13,PSX,98.16000366210938,98.31999969482422,95.08000183105467,95.5199966430664,85.85546875,6037700
2023-03-13,PSX,98.16000366210938,98.31999969482422,95.08000183105467,95.5199966430664,85.85546875,6037700
2023-03-14,PSX,96.37999725341795,100.4000015258789,95.75,97.9499969482422,88.03961181640625,3521200
2023-03-14,PSX,96.37999725341795,100.4000015258789,95.75,97.9499969482422,88.03961181640625,3521200
2023-03-15,PSX,94.58000183105467,95.0,92.5999984741211,93.6500015258789,84.17467498779297,6810300
2023-03-15,PSX,94.58000183105467,95.0,92.5999984741211,93.6500015258789,84.17467498779297,6810300
2023-03-16,PSX,91.4800033569336,95.30999755859376,91.36000061035156,95.0500030517578,85.43302154541016,5801500
2023-03-16,PSX,91.4800033569336,95.30999755859376,91.36000061035156,95.0500030517578,85.43302154541016,5801500
2023-03-17,PSX,95.2699966430664,96.4499969482422,93.4800033569336,94.72000122070312,85.13641357421875,10256800
2023-03-17,PSX,95.2699966430664,96.4499969482422,93.4800033569336,94.72000122070312,85.13641357421875,10256800
2023-03-20,PSX,95.20999908447266,96.87000274658205,94.79000091552734,95.5500030517578,85.8824234008789,4692800
2023-03-20,PSX,95.20999908447266,96.87000274658205,94.79000091552734,95.5500030517578,85.8824234008789,4692800
2023-03-21,PSX,97.4800033569336,98.30999755859376,95.12999725341795,95.5500030517578,85.8824234008789,7228900
2023-03-21,PSX,97.4800033569336,98.30999755859376,95.12999725341795,95.5500030517578,85.8824234008789,7228900
2023-03-22,PSX,95.75,97.33999633789062,94.66999816894533,94.69000244140624,85.10946655273438,3012600
2023-03-22,PSX,95.75,97.33999633789062,94.66999816894533,94.69000244140624,85.10946655273438,3012600
2023-03-23,PSX,95.23999786376952,96.56999969482422,92.6999969482422,93.54000091552734,84.07579803466797,2856300
2023-03-23,PSX,95.23999786376952,96.56999969482422,92.6999969482422,93.54000091552734,84.07579803466797,2856300
2023-03-24,PSX,91.63999938964844,93.94000244140624,90.66000366210938,93.7300033569336,84.24659729003906,3718400
2023-03-24,PSX,91.63999938964844,93.94000244140624,90.66000366210938,93.7300033569336,84.24659729003906,3718400
2023-03-27,PSX,95.20999908447266,96.87000274658205,93.73999786376952,96.2300033569336,86.49363708496094,3475300
2023-03-27,PSX,95.20999908447266,96.87000274658205,93.73999786376952,96.2300033569336,86.49363708496094,3475300
2023-03-28,PSX,96.1500015258789,99.87000274658205,96.01000213623048,98.77999877929688,88.78562927246094,3350700
2023-03-28,PSX,96.1500015258789,99.87000274658205,96.01000213623048,98.77999877929688,88.78562927246094,3350700
2023-03-29,PSX,99.75,101.08999633789062,99.25,100.27999877929688,90.13386535644533,3053600
2023-03-29,PSX,99.75,101.08999633789062,99.25,100.27999877929688,90.13386535644533,3053600
2023-03-30,PSX,101.27999877929688,101.43000030517578,99.68000030517578,99.98999786376952,89.87320709228516,2336700
2023-03-30,PSX,101.27999877929688,101.43000030517578,99.68000030517578,99.98999786376952,89.87320709228516,2336700
2023-03-31,PSX,99.87000274658205,101.4499969482422,99.16000366210938,101.37999725341795,91.12257385253906,3920500
2023-03-31,PSX,99.87000274658205,101.4499969482422,99.16000366210938,101.37999725341795,91.12257385253906,3920500
2023-04-03,PSX,104.98999786376952,104.98999786376952,102.16999816894533,102.91000366210938,92.49777221679688,4212300
2023-04-03,PSX,104.98999786376952,104.98999786376952,102.16999816894533,102.91000366210938,92.49777221679688,4212300
2023-04-04,PSX,102.36000061035156,102.91999816894533,97.51000213623048,98.27999877929688,88.33621215820312,4202300
2023-04-04,PSX,102.36000061035156,102.91999816894533,97.51000213623048,98.27999877929688,88.33621215820312,4202300
2023-04-05,PSX,98.4000015258789,104.63999938964844,98.16000366210938,104.43000030517578,93.86397552490234,6353400
2023-04-05,PSX,98.4000015258789,104.63999938964844,98.16000366210938,104.43000030517578,93.86397552490234,6353400
2023-04-06,PSX,104.80999755859376,105.33999633789062,102.45999908447266,102.83999633789062,92.43484497070312,3808300
2023-04-06,PSX,104.80999755859376,105.33999633789062,102.45999908447266,102.83999633789062,92.43484497070312,3808300
2023-04-10,PSX,103.01000213623048,105.45999908447266,103.0,104.95999908447266,94.34036254882812,2887700
2023-04-10,PSX,103.01000213623048,105.45999908447266,103.0,104.95999908447266,94.34036254882812,2887700
2023-04-11,PSX,105.8000030517578,107.33000183105467,105.16999816894533,106.45999908447266,95.6885757446289,2484100
2023-04-11,PSX,105.8000030517578,107.33000183105467,105.16999816894533,106.45999908447266,95.6885757446289,2484100
2023-04-12,PSX,106.66999816894533,107.47000122070312,105.86000061035156,106.02999877929688,95.30208587646484,3192500
2023-04-12,PSX,106.66999816894533,107.47000122070312,105.86000061035156,106.02999877929688,95.30208587646484,3192500
2023-04-13,PSX,105.58999633789062,106.3499984741211,104.73999786376952,106.2699966430664,95.51781463623048,2765300
2023-04-13,PSX,105.58999633789062,106.3499984741211,104.73999786376952,106.2699966430664,95.51781463623048,2765300
2023-04-14,PSX,106.19000244140624,106.9000015258789,105.26000213623048,106.26000213623048,95.5088119506836,2111500
2023-04-14,PSX,106.19000244140624,106.9000015258789,105.26000213623048,106.26000213623048,95.5088119506836,2111500
2023-04-17,PSX,105.87999725341795,106.1999969482422,103.45999908447266,103.91999816894533,93.40557098388672,3326700
2023-04-17,PSX,105.87999725341795,106.1999969482422,103.45999908447266,103.91999816894533,93.40557098388672,3326700
2023-04-18,PSX,103.62999725341795,104.83999633789062,103.1500015258789,104.30999755859376,93.756103515625,2932200
2023-04-18,PSX,103.62999725341795,104.83999633789062,103.1500015258789,104.30999755859376,93.756103515625,2932200
2023-04-19,PSX,104.30999755859376,104.4000015258789,100.79000091552734,103.05999755859376,92.63259887695312,3676700
2023-04-19,PSX,104.30999755859376,104.4000015258789,100.79000091552734,103.05999755859376,92.63259887695312,3676700
2023-04-20,PSX,101.70999908447266,102.76000213623048,100.5999984741211,101.25,91.0057144165039,3784400
2023-04-20,PSX,101.70999908447266,102.76000213623048,100.5999984741211,101.25,91.0057144165039,3784400
2023-04-21,PSX,101.16999816894533,101.9499969482422,99.4800033569336,100.1500015258789,90.01702117919922,3111000
2023-04-21,PSX,101.16999816894533,101.9499969482422,99.4800033569336,100.1500015258789,90.01702117919922,3111000
2023-04-24,PSX,99.56999969482422,101.3499984741211,99.45999908447266,100.69000244140624,90.50237274169922,2897800
2023-04-24,PSX,99.56999969482422,101.3499984741211,99.45999908447266,100.69000244140624,90.50237274169922,2897800
2023-04-25,PSX,99.56999969482422,100.27999877929688,99.0500030517578,99.31999969482422,89.27098846435547,2738500
2023-04-25,PSX,99.56999969482422,100.27999877929688,99.0500030517578,99.31999969482422,89.27098846435547,2738500
2023-04-26,PSX,99.52999877929688,100.41000366210938,98.31999969482422,99.2699966430664,89.22605895996094,2716000
2023-04-26,PSX,99.52999877929688,100.41000366210938,98.31999969482422,99.2699966430664,89.22605895996094,2716000
2023-04-27,PSX,99.11000061035156,99.47000122070312,96.33000183105467,97.73999786376952,87.8508529663086,3132800
2023-04-27,PSX,99.11000061035156,99.47000122070312,96.33000183105467,97.73999786376952,87.8508529663086,3132800
2023-04-28,PSX,97.0199966430664,99.5999984741211,96.80999755859376,99.0,88.9833755493164,2710500
2023-04-28,PSX,97.0199966430664,99.5999984741211,96.80999755859376,99.0,88.9833755493164,2710500
2023-05-01,PSX,98.1999969482422,99.58999633789062,97.58000183105467,98.4000015258789,88.44407653808594,2546600
2023-05-01,PSX,98.1999969482422,99.58999633789062,97.58000183105467,98.4000015258789,88.44407653808594,2546600
2023-05-02,PSX,97.9000015258789,98.19000244140624,93.11000061035156,94.7300033569336,85.14541625976562,4207200
2023-05-02,PSX,97.9000015258789,98.19000244140624,93.11000061035156,94.7300033569336,85.14541625976562,4207200
2023-05-03,PSX,93.9499969482422,98.0999984741211,93.04000091552734,95.9499969482422,86.24198150634766,6286000
2023-05-03,PSX,93.9499969482422,98.0999984741211,93.04000091552734,95.9499969482422,86.24198150634766,6286000
2023-05-04,PSX,95.76000213623048,95.94000244140624,91.86000061035156,92.30999755859376,82.97026062011719,4619500
2023-05-04,PSX,95.76000213623048,95.94000244140624,91.86000061035156,92.30999755859376,82.97026062011719,4619500
2023-05-05,PSX,94.20999908447266,94.86000061035156,93.23999786376952,93.44000244140624,83.98592376708984,2720800
2023-05-05,PSX,94.20999908447266,94.86000061035156,93.23999786376952,93.44000244140624,83.98592376708984,2720800
2023-05-08,PSX,94.81999969482422,95.3000030517578,93.79000091552734,93.95999908447266,84.45330047607422,3352800
2023-05-08,PSX,94.81999969482422,95.3000030517578,93.79000091552734,93.95999908447266,84.45330047607422,3352800
2023-05-09,PSX,93.3000030517578,95.12000274658205,93.08999633789062,93.9800033569336,84.47129821777344,3274100
2023-05-09,PSX,93.3000030517578,95.12000274658205,93.08999633789062,93.9800033569336,84.47129821777344,3274100
2023-05-10,PSX,94.33999633789062,94.91999816894533,93.0500030517578,94.2300033569336,84.69600677490234,3323800
2023-05-10,PSX,94.33999633789062,94.91999816894533,93.0500030517578,94.2300033569336,84.69600677490234,3323800
2023-05-11,PSX,92.77999877929688,93.88999938964844,92.3499984741211,93.4000015258789,83.9499740600586,3428400
2023-05-11,PSX,92.77999877929688,93.88999938964844,92.3499984741211,93.4000015258789,83.9499740600586,3428400
2023-05-12,PSX,94.29000091552734,94.75,92.70999908447266,93.22000122070312,83.7881851196289,2777000
2023-05-12,PSX,94.29000091552734,94.75,92.70999908447266,93.22000122070312,83.7881851196289,2777000
2023-05-15,PSX,93.25,94.79000091552734,92.54000091552734,94.22000122070312,84.68699645996094,3344000
2023-05-15,PSX,93.25,94.79000091552734,92.54000091552734,94.22000122070312,84.68699645996094,3344000
2023-05-16,PSX,94.1500015258789,94.58000183105467,91.41999816894533,91.88999938964844,82.5927505493164,4389600
2023-05-16,PSX,94.1500015258789,94.58000183105467,91.41999816894533,91.88999938964844,82.5927505493164,4389600
2023-05-17,PSX,93.22000122070312,94.9800033569336,92.30999755859376,94.79000091552734,85.19933319091797,3408600
2023-05-17,PSX,93.22000122070312,94.9800033569336,92.30999755859376,94.79000091552734,85.19933319091797,3408600
2023-05-18,PSX,94.38999938964844,96.52999877929688,93.73999786376952,96.27999877929688,86.53858184814453,4405000
2023-05-18,PSX,94.38999938964844,96.52999877929688,93.73999786376952,96.27999877929688,86.53858184814453,4405000
2023-05-19,PSX,95.51000213623048,95.91999816894533,94.4499969482422,94.94000244140624,86.27505493164062,3206500
2023-05-19,PSX,95.51000213623048,95.91999816894533,94.4499969482422,94.94000244140624,86.27505493164062,3206500
2023-05-22,PSX,95.05999755859376,96.4499969482422,94.9499969482422,95.55999755859376,86.83846282958984,2398100
2023-05-22,PSX,95.05999755859376,96.4499969482422,94.9499969482422,95.55999755859376,86.83846282958984,2398100
2023-05-23,PSX,96.43000030517578,97.76000213623048,95.41000366210938,95.63999938964844,86.91116333007812,3113600
2023-05-23,PSX,96.43000030517578,97.76000213623048,95.41000366210938,95.63999938964844,86.91116333007812,3113600
2023-05-24,PSX,96.12999725341795,96.88999938964844,95.4499969482422,96.55999755859376,87.74720001220703,2780400
2023-05-24,PSX,96.12999725341795,96.88999938964844,95.4499969482422,96.55999755859376,87.74720001220703,2780400
2023-05-25,PSX,95.4000015258789,95.48999786376952,93.3499984741211,95.13999938964844,86.45680236816406,3091700
2023-05-25,PSX,95.4000015258789,95.48999786376952,93.3499984741211,95.13999938964844,86.45680236816406,3091700
2023-05-26,PSX,95.87000274658205,96.01000213623048,94.3499984741211,94.91000366210938,86.24778747558594,2440600
2023-05-26,PSX,95.87000274658205,96.01000213623048,94.3499984741211,94.91000366210938,86.24778747558594,2440600
2023-05-30,PSX,93.5199966430664,93.8000030517578,92.18000030517578,93.58999633789062,85.04825592041016,2943500
2023-05-30,PSX,93.5199966430664,93.8000030517578,92.18000030517578,93.58999633789062,85.04825592041016,2943500
2023-05-31,PSX,91.98999786376952,92.7300033569336,91.3000030517578,91.61000061035156,83.24896240234375,4851700
2023-05-31,PSX,91.98999786376952,92.7300033569336,91.3000030517578,91.61000061035156,83.24896240234375,4851700
2023-06-01,PSX,92.87999725341795,94.41999816894533,92.56999969482422,93.0500030517578,84.55753326416016,3100900
2023-06-01,PSX,92.87999725341795,94.41999816894533,92.56999969482422,93.0500030517578,84.55753326416016,3100900
2023-06-02,PSX,94.75,97.16999816894533,94.23999786376952,97.02999877929688,88.17430877685547,4658500
2023-06-02,PSX,94.75,97.16999816894533,94.23999786376952,97.02999877929688,88.17430877685547,4658500
2023-06-05,PSX,98.05999755859376,98.05999755859376,95.0999984741211,96.0199966430664,87.2564697265625,2996100
2023-06-05,PSX,98.05999755859376,98.05999755859376,95.0999984741211,96.0199966430664,87.2564697265625,2996100
2023-06-06,PSX,94.66000366210938,97.16999816894533,94.5199966430664,96.81999969482422,87.98345947265625,2888000
2023-06-06,PSX,94.66000366210938,97.16999816894533,94.5199966430664,96.81999969482422,87.98345947265625,2888000
2023-06-07,PSX,97.3000030517578,101.1999969482422,97.12999725341795,101.0500030517578,91.82740020751952,3871100
2023-06-07,PSX,97.3000030517578,101.1999969482422,97.12999725341795,101.0500030517578,91.82740020751952,3871100
2023-06-08,PSX,101.0,101.5,98.75,99.13999938964844,90.09172058105467,3653600
2023-06-08,PSX,101.0,101.5,98.75,99.13999938964844,90.09172058105467,3653600
2023-06-09,PSX,99.41999816894533,99.5999984741211,97.43000030517578,98.76000213623048,89.74639129638672,3247700
2023-06-09,PSX,99.41999816894533,99.5999984741211,97.43000030517578,98.76000213623048,89.74639129638672,3247700
2023-06-12,PSX,97.12000274658205,98.81999969482422,96.63999938964844,96.77999877929688,87.94711303710938,2883900
2023-06-12,PSX,97.12000274658205,98.81999969482422,96.63999938964844,96.77999877929688,87.94711303710938,2883900
2023-06-13,PSX,98.08999633789062,99.25,96.79000091552734,96.87999725341795,88.0379867553711,2733400
2023-06-13,PSX,98.08999633789062,99.25,96.79000091552734,96.87999725341795,88.0379867553711,2733400
2023-06-14,PSX,97.83999633789062,98.27999877929688,94.8499984741211,95.6999969482422,86.9656753540039,2297500
2023-06-14,PSX,97.83999633789062,98.27999877929688,94.8499984741211,95.6999969482422,86.9656753540039,2297500
2023-06-15,PSX,95.68000030517578,97.25,95.36000061035156,97.0199966430664,88.16519927978516,2123000
2023-06-15,PSX,95.68000030517578,97.25,95.36000061035156,97.0199966430664,88.16519927978516,2123000
2023-06-16,PSX,97.52999877929688,97.83999633789062,96.66999816894533,97.12999725341795,88.26516723632812,4964900
2023-06-16,PSX,97.52999877929688,97.83999633789062,96.66999816894533,97.12999725341795,88.26516723632812,4964900
2023-06-20,PSX,96.68000030517578,96.77999877929688,93.47000122070312,93.4800033569336,84.94829559326172,3273300
2023-06-20,PSX,96.68000030517578,96.77999877929688,93.47000122070312,93.4800033569336,84.94829559326172,3273300
2023-06-21,PSX,93.0,94.95999908447266,92.6500015258789,93.27999877929688,84.76654815673828,2902800
2023-06-21,PSX,93.0,94.95999908447266,92.6500015258789,93.27999877929688,84.76654815673828,2902800
2023-06-22,PSX,92.45999908447266,93.16999816894533,90.69000244140624,90.80999755859376,82.52197265625,3515500
2023-06-22,PSX,92.45999908447266,93.16999816894533,90.69000244140624,90.80999755859376,82.52197265625,3515500
2023-06-23,PSX,90.0,91.38999938964844,89.73999786376953,90.86000061035156,82.5674057006836,4192000
2023-06-23,PSX,90.0,91.38999938964844,89.73999786376953,90.86000061035156,82.5674057006836,4192000
2023-06-26,PSX,91.06999969482422,92.33999633789062,90.87000274658205,91.5199966430664,83.16718292236328,2846000
2023-06-26,PSX,91.06999969482422,92.33999633789062,90.87000274658205,91.5199966430664,83.16718292236328,2846000
2023-06-27,PSX,91.58999633789062,93.02999877929688,91.18000030517578,92.56999969482422,84.12135314941406,3763800
2023-06-27,PSX,91.58999633789062,93.02999877929688,91.18000030517578,92.56999969482422,84.12135314941406,3763800
2023-06-28,PSX,92.66999816894533,94.01000213623048,91.77999877929688,93.4000015258789,84.8756103515625,2574100
2023-06-28,PSX,92.66999816894533,94.01000213623048,91.77999877929688,93.4000015258789,84.8756103515625,2574100
2023-06-29,PSX,93.69000244140624,94.66999816894533,93.4000015258789,94.52999877929688,85.90245819091797,2254400
2023-06-29,PSX,93.69000244140624,94.66999816894533,93.4000015258789,94.52999877929688,85.90245819091797,2254400
2023-06-30,PSX,95.06999969482422,95.87999725341795,94.2699966430664,95.37999725341795,86.67488098144531,2574200
2023-06-30,PSX,95.06999969482422,95.87999725341795,94.2699966430664,95.37999725341795,86.67488098144531,2574200
2023-07-03,PSX,95.6500015258789,96.63999938964844,95.4000015258789,95.66000366210938,86.92933654785156,1348800
2023-07-03,PSX,95.6500015258789,96.63999938964844,95.4000015258789,95.66000366210938,86.92933654785156,1348800
2023-07-05,PSX,95.6500015258789,96.30999755859376,94.54000091552734,96.12999725341795,87.35643768310547,3854700
2023-07-05,PSX,95.6500015258789,96.30999755859376,94.54000091552734,96.12999725341795,87.35643768310547,3854700
2023-07-06,PSX,95.4000015258789,96.1999969482422,94.5199966430664,95.4000015258789,86.69306945800781,4692900
2023-07-06,PSX,95.4000015258789,96.1999969482422,94.5199966430664,95.4000015258789,86.69306945800781,4692900
2023-07-07,PSX,95.76000213623048,100.3000030517578,95.5199966430664,99.44000244140624,90.36434173583984,5340900
2023-07-07,PSX,95.76000213623048,100.3000030517578,95.5199966430664,99.44000244140624,90.36434173583984,5340900
2023-07-10,PSX,99.5199966430664,101.2699966430664,99.45999908447266,100.33000183105467,91.1731185913086,3785200
2023-07-10,PSX,99.5199966430664,101.2699966430664,99.45999908447266,100.33000183105467,91.1731185913086,3785200
2023-07-11,PSX,99.86000061035156,101.69000244140624,99.8000030517578,101.5199966430664,92.25450134277344,3060700
2023-07-11,PSX,99.86000061035156,101.69000244140624,99.8000030517578,101.5199966430664,92.25450134277344,3060700
2023-07-12,PSX,102.30999755859376,103.16000366210938,101.52999877929688,101.95999908447266,92.6543426513672,2374100
2023-07-12,PSX,102.30999755859376,103.16000366210938,101.52999877929688,101.95999908447266,92.6543426513672,2374100
2023-07-13,PSX,102.29000091552734,103.93000030517578,101.61000061035156,102.58000183105467,93.21775817871094,2886300
2023-07-13,PSX,102.29000091552734,103.93000030517578,101.61000061035156,102.58000183105467,93.21775817871094,2886300
2023-07-14,PSX,102.05999755859376,102.22000122070312,98.6500015258789,100.45999908447266,91.29124450683594,2865000
2023-07-14,PSX,102.05999755859376,102.22000122070312,98.6500015258789,100.45999908447266,91.29124450683594,2865000
2023-07-17,PSX,100.0,100.8499984741211,99.01000213623048,99.04000091552734,90.00084686279297,3078300
2023-07-17,PSX,100.0,100.8499984741211,99.01000213623048,99.04000091552734,90.00084686279297,3078300
2023-07-18,PSX,99.02999877929688,102.04000091552734,98.88999938964844,101.16000366210938,91.92736053466795,2367000
2023-07-18,PSX,99.02999877929688,102.04000091552734,98.88999938964844,101.16000366210938,91.92736053466795,2367000
2023-07-19,PSX,101.16000366210938,103.51000213623048,101.12999725341795,102.45999908447266,93.10871124267578,3052100
2023-07-19,PSX,101.16000366210938,103.51000213623048,101.12999725341795,102.45999908447266,93.10871124267578,3052100
2023-07-20,PSX,103.18000030517578,104.5500030517578,103.12000274658205,104.0500030517578,94.55359649658205,2520300
2023-07-20,PSX,103.18000030517578,104.5500030517578,103.12000274658205,104.0500030517578,94.55359649658205,2520300
2023-07-21,PSX,104.41999816894533,105.95999908447266,104.06999969482422,105.7300033569336,96.08026885986328,2711700
2023-07-21,PSX,104.41999816894533,105.95999908447266,104.06999969482422,105.7300033569336,96.08026885986328,2711700
2023-07-24,PSX,106.0,108.16000366210938,105.8000030517578,106.8499984741211,97.09803771972656,3691800
2023-07-24,PSX,106.0,108.16000366210938,105.8000030517578,106.8499984741211,97.09803771972656,3691800
2023-07-25,PSX,106.51000213623048,108.45999908447266,105.55999755859376,107.70999908447266,97.87956237792967,2744600
2023-07-25,PSX,106.51000213623048,108.45999908447266,105.55999755859376,107.70999908447266,97.87956237792967,2744600
2023-07-26,PSX,106.9499969482422,109.94000244140624,106.83000183105467,109.58999633789062,99.58796691894533,2687600
2023-07-26,PSX,106.9499969482422,109.94000244140624,106.83000183105467,109.58999633789062,99.58796691894533,2687600
2023-07-27,PSX,109.9800033569336,110.8499984741211,108.8000030517578,108.88999938964844,98.95185089111328,2925800
2023-07-27,PSX,109.9800033569336,110.8499984741211,108.8000030517578,108.88999938964844,98.95185089111328,2925800
2023-07-28,PSX,109.4800033569336,110.68000030517578,109.08000183105467,110.3499984741211,100.27861785888672,2141100
2023-07-28,PSX,109.4800033569336,110.68000030517578,109.08000183105467,110.3499984741211,100.27861785888672,2141100
2023-07-31,PSX,110.72000122070312,111.56999969482422,110.5999984741211,111.5500030517578,101.36907958984376,3800800
2023-07-31,PSX,110.72000122070312,111.56999969482422,110.5999984741211,111.5500030517578,101.36907958984376,3800800
2023-08-01,PSX,111.19000244140624,112.4499969482422,110.6500015258789,112.11000061035156,101.87798309326172,2694200
2023-08-01,PSX,111.19000244140624,112.4499969482422,110.6500015258789,112.11000061035156,101.87798309326172,2694200
2023-08-02,PSX,111.16000366210938,113.23999786376952,108.0999984741211,108.98999786376952,99.042724609375,4886000
2023-08-02,PSX,111.16000366210938,113.23999786376952,108.0999984741211,108.98999786376952,99.042724609375,4886000
2023-08-03,PSX,109.54000091552734,110.76000213623048,107.41000366210938,110.41000366210938,100.33314514160156,3510700
2023-08-03,PSX,109.54000091552734,110.76000213623048,107.41000366210938,110.41000366210938,100.33314514160156,3510700
2023-08-04,PSX,111.58000183105467,113.18000030517578,110.4499969482422,110.4800033569336,100.3967514038086,2650300
2023-08-04,PSX,111.58000183105467,113.18000030517578,110.4499969482422,110.4800033569336,100.3967514038086,2650300
2023-08-07,PSX,111.08000183105467,112.81999969482422,111.04000091552734,111.44000244140624,101.26911926269533,2982000
2023-08-07,PSX,111.08000183105467,112.81999969482422,111.04000091552734,111.44000244140624,101.26911926269533,2982000
2023-08-08,PSX,109.91999816894533,113.44000244140624,108.97000122070312,112.68000030517578,102.3959503173828,2865000
2023-08-08,PSX,109.91999816894533,113.44000244140624,108.97000122070312,112.68000030517578,102.3959503173828,2865000
2023-08-09,PSX,113.3000030517578,115.79000091552734,113.01000213623048,114.41999816894533,103.9771499633789,3864800
2023-08-09,PSX,113.3000030517578,115.79000091552734,113.01000213623048,114.41999816894533,103.9771499633789,3864800
2023-08-10,PSX,114.97000122070312,116.19000244140624,114.26000213623048,114.66999816894533,104.2043228149414,2587700
2023-08-10,PSX,114.97000122070312,116.19000244140624,114.26000213623048,114.66999816894533,104.2043228149414,2587700
2023-08-11,PSX,115.04000091552734,117.29000091552734,115.04000091552734,116.63999938964844,105.99453735351562,2559000
2023-08-11,PSX,115.04000091552734,117.29000091552734,115.04000091552734,116.63999938964844,105.99453735351562,2559000
2023-08-14,PSX,116.47000122070312,116.95999908447266,114.3000030517578,114.66999816894533,104.2043228149414,3043900
2023-08-14,PSX,116.47000122070312,116.95999908447266,114.3000030517578,114.66999816894533,104.2043228149414,3043900
2023-08-15,PSX,112.73999786376952,114.54000091552734,112.4800033569336,113.43000030517578,103.0775146484375,5087600
2023-08-15,PSX,112.73999786376952,114.54000091552734,112.4800033569336,113.43000030517578,103.0775146484375,5087600
2023-08-16,PSX,114.0,115.29000091552734,113.22000122070312,113.2699966430664,102.9321060180664,3904400
2023-08-16,PSX,114.0,115.29000091552734,113.22000122070312,113.2699966430664,102.9321060180664,3904400
2023-08-17,PSX,113.7300033569336,115.77999877929688,113.4800033569336,113.58999633789062,104.188720703125,4704400
2023-08-17,PSX,113.7300033569336,115.77999877929688,113.4800033569336,113.58999633789062,104.188720703125,4704400
2023-08-18,PSX,112.61000061035156,114.77999877929688,112.61000061035156,114.23999786376952,104.7849349975586,4896500
2023-08-18,PSX,112.61000061035156,114.77999877929688,112.61000061035156,114.23999786376952,104.7849349975586,4896500
2023-08-21,PSX,114.9000015258789,115.38999938964844,112.22000122070312,113.33000183105467,103.95024871826172,2662600
2023-08-21,PSX,114.9000015258789,115.38999938964844,112.22000122070312,113.33000183105467,103.95024871826172,2662600
2023-08-22,PSX,113.6999969482422,114.22000122070312,112.62000274658205,112.94000244140624,103.59251403808594,2217200
2023-08-22,PSX,113.6999969482422,114.22000122070312,112.62000274658205,112.94000244140624,103.59251403808594,2217200
2023-08-23,PSX,111.93000030517578,112.44000244140624,110.16000366210938,112.26000213623048,102.9687957763672,2027400
2023-08-23,PSX,111.93000030517578,112.44000244140624,110.16000366210938,112.26000213623048,102.9687957763672,2027400
2023-08-24,PSX,111.62000274658205,113.22000122070312,111.5500030517578,112.38999938964844,103.0880355834961,1713600
2023-08-24,PSX,111.62000274658205,113.22000122070312,111.5500030517578,112.38999938964844,103.0880355834961,1713600
2023-08-25,PSX,112.79000091552734,114.45999908447266,111.75,113.88999938964844,104.4638900756836,2262100
2023-08-25,PSX,112.79000091552734,114.45999908447266,111.75,113.88999938964844,104.4638900756836,2262100
2023-08-28,PSX,113.26000213623048,114.77999877929688,112.62000274658205,113.12999725341795,103.76678466796876,1702200
2023-08-28,PSX,113.26000213623048,114.77999877929688,112.62000274658205,113.12999725341795,103.76678466796876,1702200
2023-08-29,PSX,113.18000030517578,113.5199966430664,112.02999877929688,112.69000244140624,103.36320495605467,1933200
2023-08-29,PSX,113.18000030517578,113.5199966430664,112.02999877929688,112.69000244140624,103.36320495605467,1933200
2023-08-30,PSX,112.8499984741211,114.0,112.75,113.6500015258789,104.24375915527344,2113400
2023-08-30,PSX,112.8499984741211,114.0,112.75,113.6500015258789,104.24375915527344,2113400
2023-08-31,PSX,113.6999969482422,114.61000061035156,112.06999969482422,114.16000366210938,104.7115478515625,3086400
2023-08-31,PSX,113.6999969482422,114.61000061035156,112.06999969482422,114.16000366210938,104.7115478515625,3086400
2023-09-01,PSX,116.12999725341795,117.30999755859376,115.0999984741211,117.16999816894533,107.47242736816406,2787700
2023-09-01,PSX,116.12999725341795,117.30999755859376,115.0999984741211,117.16999816894533,107.47242736816406,2787700
2023-09-05,PSX,117.6999969482422,118.7699966430664,116.70999908447266,116.73999786376952,107.0780029296875,2327000
2023-09-05,PSX,117.6999969482422,118.7699966430664,116.70999908447266,116.73999786376952,107.0780029296875,2327000
2023-09-06,PSX,116.87000274658205,117.98999786376952,115.61000061035156,116.63999938964844,106.98627471923828,1764200
2023-09-06,PSX,116.87000274658205,117.98999786376952,115.61000061035156,116.63999938964844,106.98627471923828,1764200
2023-09-07,PSX,117.25,118.98999786376952,116.7699966430664,118.75,108.92164611816406,3348800
2023-09-07,PSX,117.25,118.98999786376952,116.7699966430664,118.75,108.92164611816406,3348800
2023-09-08,PSX,119.87000274658205,123.55999755859376,119.43000030517578,122.2300033569336,112.11363220214844,4711200
2023-09-08,PSX,119.87000274658205,123.55999755859376,119.43000030517578,122.2300033569336,112.11363220214844,4711200
2023-09-11,PSX,122.9000015258789,124.05999755859376,121.27999877929688,122.33999633789062,112.21451568603516,3105400
2023-09-11,PSX,122.9000015258789,124.05999755859376,121.27999877929688,122.33999633789062,112.21451568603516,3105400
2023-09-12,PSX,122.87999725341795,124.83000183105467,122.5999984741211,124.27999877929688,113.99396514892578,4229600
2023-09-12,PSX,122.87999725341795,124.83000183105467,122.5999984741211,124.27999877929688,113.99396514892578,4229600
2023-09-13,PSX,124.75,125.19000244140624,122.38999938964844,123.16999816894533,112.97582244873048,2779400
2023-09-13,PSX,124.75,125.19000244140624,122.38999938964844,123.16999816894533,112.97582244873048,2779400
2023-09-14,PSX,123.91000366210938,124.0,122.6999969482422,122.97000122070312,112.7923812866211,2526300
2023-09-14,PSX,123.91000366210938,124.0,122.6999969482422,122.97000122070312,112.7923812866211,2526300
2023-09-15,PSX,121.97000122070312,122.47000122070312,120.33999633789062,121.02999877929688,111.01294708251952,9312900
2023-09-15,PSX,121.97000122070312,122.47000122070312,120.33999633789062,121.02999877929688,111.01294708251952,9312900
2023-09-18,PSX,122.52999877929688,123.91000366210938,121.0,122.4499969482422,112.31541442871094,2237500
2023-09-18,PSX,122.52999877929688,123.91000366210938,121.0,122.4499969482422,112.31541442871094,2237500
2023-09-19,PSX,123.4000015258789,123.4800033569336,119.06999969482422,120.22000122070312,110.26998901367188,2970100
2023-09-19,PSX,123.4000015258789,123.4800033569336,119.06999969482422,120.22000122070312,110.26998901367188,2970100
2023-09-20,PSX,119.72000122070312,121.8000030517578,119.5500030517578,120.06999969482422,110.13239288330078,2491400
2023-09-20,PSX,119.72000122070312,121.8000030517578,119.5500030517578,120.06999969482422,110.13239288330078,2491400
2023-09-21,PSX,122.41999816894533,123.83999633789062,119.69000244140624,119.94000244140624,110.01315307617188,2730800
2023-09-21,PSX,122.41999816894533,123.83999633789062,119.69000244140624,119.94000244140624,110.01315307617188,2730800
2023-09-22,PSX,120.5,121.6999969482422,118.5199966430664,118.58000183105467,108.7657241821289,2426300
2023-09-22,PSX,120.5,121.6999969482422,118.5199966430664,118.58000183105467,108.7657241821289,2426300
2023-09-25,PSX,118.5,120.63999938964844,118.45999908447266,120.26000213623048,110.3066864013672,2499100
2023-09-25,PSX,118.5,120.63999938964844,118.45999908447266,120.26000213623048,110.3066864013672,2499100
2023-09-26,PSX,119.1999969482422,120.27999877929688,118.5999984741211,119.41999816894533,109.53619384765624,2350800
2023-09-26,PSX,119.1999969482422,120.27999877929688,118.5999984741211,119.41999816894533,109.53619384765624,2350800
2023-09-27,PSX,120.45999908447266,121.54000091552734,119.7300033569336,120.8000030517578,110.80198669433594,2793800
2023-09-27,PSX,120.45999908447266,121.54000091552734,119.7300033569336,120.8000030517578,110.80198669433594,2793800
2023-09-28,PSX,120.48999786376952,123.47000122070312,120.38999938964844,123.37999725341795,113.16844940185548,3294300
2023-09-28,PSX,120.48999786376952,123.47000122070312,120.38999938964844,123.37999725341795,113.16844940185548,3294300
2023-09-29,PSX,123.44000244140624,123.44000244140624,119.4800033569336,120.1500015258789,110.20578002929688,2841900
2023-09-29,PSX,123.44000244140624,123.44000244140624,119.4800033569336,120.1500015258789,110.20578002929688,2841900
2023-10-02,PSX,120.08999633789062,120.3000030517578,118.19000244140624,119.0199966430664,109.16930389404295,2445800
2023-10-02,PSX,120.08999633789062,120.3000030517578,118.19000244140624,119.0199966430664,109.16930389404295,2445800
2023-10-03,PSX,118.0,118.54000091552734,114.12999725341795,115.62999725341795,106.05986785888672,2988400
2023-10-03,PSX,118.0,118.54000091552734,114.12999725341795,115.62999725341795,106.05986785888672,2988400
2023-10-04,PSX,113.16000366210938,113.3000030517578,108.66000366210938,110.48999786376952,101.34529113769533,4464100
2023-10-04,PSX,113.16000366210938,113.3000030517578,108.66000366210938,110.48999786376952,101.34529113769533,4464100
2023-10-05,PSX,108.77999877929688,111.16999816894533,108.58999633789062,109.4800033569336,100.4188995361328,3206000
2023-10-05,PSX,108.77999877929688,111.16999816894533,108.58999633789062,109.4800033569336,100.4188995361328,3206000
2023-10-06,PSX,110.51000213623048,110.81999969482422,108.1999969482422,109.19000244140624,100.15289306640624,2625500
2023-10-06,PSX,110.51000213623048,110.81999969482422,108.1999969482422,109.19000244140624,100.15289306640624,2625500
2023-10-09,PSX,111.05999755859376,111.66000366210938,109.33999633789062,111.20999908447266,102.00570678710938,2769800
2023-10-09,PSX,111.05999755859376,111.66000366210938,109.33999633789062,111.20999908447266,102.00570678710938,2769800
2023-10-10,PSX,110.86000061035156,112.98999786376952,110.33999633789062,112.38999938964844,103.0880355834961,2662300
2023-10-10,PSX,110.86000061035156,112.98999786376952,110.33999633789062,112.38999938964844,103.0880355834961,2662300
2023-10-11,PSX,111.41999816894533,112.48999786376952,110.16000366210938,112.12999725341795,102.84955596923828,2035900
2023-10-11,PSX,111.41999816894533,112.48999786376952,110.16000366210938,112.12999725341795,102.84955596923828,2035900
2023-10-12,PSX,112.91999816894533,113.0,109.88999938964844,110.75,101.5837631225586,1976800
2023-10-12,PSX,112.91999816894533,113.0,109.88999938964844,110.75,101.5837631225586,1976800
2023-10-13,PSX,112.45999908447266,112.73999786376952,110.4800033569336,110.5999984741211,101.44618225097656,3393200
2023-10-13,PSX,112.45999908447266,112.73999786376952,110.4800033569336,110.5999984741211,101.44618225097656,3393200
2023-10-16,PSX,111.5,112.66000366210938,111.06999969482422,111.77999877929688,102.5285186767578,2750200
2023-10-16,PSX,111.5,112.66000366210938,111.06999969482422,111.77999877929688,102.5285186767578,2750200
2023-10-17,PSX,111.68000030517578,113.9800033569336,111.68000030517578,113.91000366210938,104.48223876953124,2471900
2023-10-17,PSX,111.68000030517578,113.9800033569336,111.68000030517578,113.91000366210938,104.48223876953124,2471900
2023-10-18,PSX,114.19000244140624,116.7699966430664,113.9800033569336,116.25,106.62855529785156,3249700
2023-10-18,PSX,114.19000244140624,116.7699966430664,113.9800033569336,116.25,106.62855529785156,3249700
2023-10-19,PSX,116.1500015258789,116.36000061035156,114.62999725341795,115.19000244140624,105.6562957763672,2091400
2023-10-19,PSX,116.1500015258789,116.36000061035156,114.62999725341795,115.19000244140624,105.6562957763672,2091400
2023-10-20,PSX,115.3499984741211,116.02999877929688,113.1500015258789,113.54000091552734,104.1428451538086,2667200
2023-10-20,PSX,115.3499984741211,116.02999877929688,113.1500015258789,113.54000091552734,104.1428451538086,2667200
2023-10-23,PSX,113.30999755859376,113.58999633789062,112.0199966430664,113.0500030517578,103.69342803955078,2463500
2023-10-23,PSX,113.30999755859376,113.58999633789062,112.0199966430664,113.0500030517578,103.69342803955078,2463500
2023-10-24,PSX,113.52999877929688,113.6999969482422,111.88999938964844,111.93000030517578,102.6661148071289,2331600
2023-10-24,PSX,113.52999877929688,113.6999969482422,111.88999938964844,111.93000030517578,102.6661148071289,2331600
2023-10-25,PSX,112.12999725341795,112.88999938964844,110.47000122070312,110.73999786376952,101.57460021972656,2581100
2023-10-25,PSX,112.12999725341795,112.88999938964844,110.47000122070312,110.73999786376952,101.57460021972656,2581100
2023-10-26,PSX,109.86000061035156,110.54000091552734,108.08999633789062,110.0999984741211,100.98757934570312,3517900
2023-10-26,PSX,109.86000061035156,110.54000091552734,108.08999633789062,110.0999984741211,100.98757934570312,3517900
2023-10-27,PSX,111.13999938964844,112.05999755859376,107.8499984741211,110.93000030517578,101.74887084960938,5214900
2023-10-27,PSX,111.13999938964844,112.05999755859376,107.8499984741211,110.93000030517578,101.74887084960938,5214900
2023-10-30,PSX,112.22000122070312,113.51000213623048,109.86000061035156,112.44000244140624,103.13389587402344,3194600
2023-10-30,PSX,112.22000122070312,113.51000213623048,109.86000061035156,112.44000244140624,103.13389587402344,3194600
2023-10-31,PSX,114.43000030517578,115.2300033569336,112.41999816894533,114.06999969482422,104.62899017333984,3618600
2023-10-31,PSX,114.43000030517578,115.2300033569336,112.41999816894533,114.06999969482422,104.62899017333984,3618600
2023-11-01,PSX,114.8499984741211,117.08999633789062,113.73999786376952,116.08999633789062,106.4818115234375,3343100
2023-11-01,PSX,114.8499984741211,117.08999633789062,113.73999786376952,116.08999633789062,106.4818115234375,3343100
2023-11-02,PSX,116.16000366210938,118.5199966430664,116.0,118.12000274658205,108.34378814697266,2566900
2023-11-02,PSX,116.16000366210938,118.5199966430664,116.0,118.12000274658205,108.34378814697266,2566900
2023-11-03,PSX,117.76000213623048,118.33999633789062,115.2699966430664,116.79000091552734,107.12387084960938,2525000
2023-11-03,PSX,117.76000213623048,118.33999633789062,115.2699966430664,116.79000091552734,107.12387084960938,2525000
2023-11-06,PSX,117.23999786376952,118.11000061035156,116.33999633789062,116.8499984741211,107.17890167236328,2484500
2023-11-06,PSX,117.23999786376952,118.11000061035156,116.33999633789062,116.8499984741211,107.17890167236328,2484500
2023-11-07,PSX,115.33000183105467,115.47000122070312,113.20999908447266,113.86000061035156,104.43638610839844,2180700
2023-11-07,PSX,115.33000183105467,115.47000122070312,113.20999908447266,113.86000061035156,104.43638610839844,2180700
2023-11-08,PSX,113.0500030517578,113.88999938964844,111.62000274658205,111.80999755859376,102.55603790283205,2898600
2023-11-08,PSX,113.0500030517578,113.88999938964844,111.62000274658205,111.80999755859376,102.55603790283205,2898600
2023-11-09,PSX,111.80999755859376,112.93000030517578,110.54000091552734,110.62999725341795,101.47369384765624,1802200
2023-11-09,PSX,111.80999755859376,112.93000030517578,110.54000091552734,110.62999725341795,101.47369384765624,1802200
2023-11-10,PSX,112.0,113.58999633789062,111.73999786376952,113.44000244140624,104.05113220214844,2429400
2023-11-10,PSX,112.0,113.58999633789062,111.73999786376952,113.44000244140624,104.05113220214844,2429400
2023-11-13,PSX,113.5,114.63999938964844,113.25,114.1500015258789,104.70237731933594,1487900
2023-11-13,PSX,113.5,114.63999938964844,113.25,114.1500015258789,104.70237731933594,1487900
2023-11-14,PSX,114.30999755859376,115.54000091552734,114.16000366210938,115.0199966430664,105.50035858154295,2407900
2023-11-14,PSX,114.30999755859376,115.54000091552734,114.16000366210938,115.0199966430664,105.50035858154295,2407900
2023-11-15,PSX,114.55999755859376,116.91999816894533,114.25,115.48999786376952,105.93146514892578,3203500
2023-11-15,PSX,114.55999755859376,116.91999816894533,114.25,115.48999786376952,105.93146514892578,3203500
2023-11-16,PSX,113.44000244140624,114.73999786376952,111.9000015258789,113.52999877929688,105.0891342163086,4559600
2023-11-16,PSX,113.44000244140624,114.73999786376952,111.9000015258789,113.52999877929688,105.0891342163086,4559600
2023-11-17,PSX,114.16999816894533,117.37999725341795,114.16999816894533,116.37000274658205,107.71796417236328,3354300
2023-11-17,PSX,114.16999816894533,117.37999725341795,114.16999816894533,116.37000274658205,107.71796417236328,3354300
2023-11-20,PSX,116.58000183105467,119.0199966430664,116.58000183105467,118.11000061035156,109.32860565185548,2876700
2023-11-20,PSX,116.58000183105467,119.0199966430664,116.58000183105467,118.11000061035156,109.32860565185548,2876700
2023-11-21,PSX,117.5,118.13999938964844,116.43000030517578,117.41000366210938,108.68064880371094,2039400
2023-11-21,PSX,117.5,118.13999938964844,116.43000030517578,117.41000366210938,108.68064880371094,2039400
2023-11-22,PSX,115.88999938964844,118.20999908447266,114.94000244140624,118.01000213623048,109.2360382080078,2212000
2023-11-22,PSX,115.88999938964844,118.20999908447266,114.94000244140624,118.01000213623048,109.2360382080078,2212000
2023-11-24,PSX,118.3000030517578,120.04000091552734,118.0,118.62999725341795,109.8099365234375,1173600
2023-11-24,PSX,118.3000030517578,120.04000091552734,118.0,118.62999725341795,109.8099365234375,1173600
2023-11-27,PSX,118.2300033569336,118.87000274658205,117.31999969482422,118.33000183105467,109.53224182128906,2447200
2023-11-27,PSX,118.2300033569336,118.87000274658205,117.31999969482422,118.33000183105467,109.53224182128906,2447200
2023-11-28,PSX,118.5500030517578,119.2300033569336,117.73999786376952,118.0,109.22679138183594,1926400
2023-11-28,PSX,118.5500030517578,119.2300033569336,117.73999786376952,118.0,109.22679138183594,1926400
2023-11-29,PSX,123.0,123.87000274658205,121.3000030517578,122.22000122070312,113.13302612304688,6873900
2023-11-29,PSX,123.0,123.87000274658205,121.3000030517578,122.22000122070312,113.13302612304688,6873900
2023-11-30,PSX,122.72000122070312,129.75,122.41000366210938,128.88999938964844,119.30711364746094,9147400
2023-11-30,PSX,122.72000122070312,129.75,122.41000366210938,128.88999938964844,119.30711364746094,9147400
2023-12-01,PSX,128.5,131.25999450683594,127.75,129.6999969482422,120.056884765625,4757300
2023-12-01,PSX,128.5,131.25999450683594,127.75,129.6999969482422,120.056884765625,4757300
2023-12-04,PSX,128.91000366210938,131.3699951171875,127.9000015258789,128.44000244140625,118.89056396484376,4842900
2023-12-04,PSX,128.91000366210938,131.3699951171875,127.9000015258789,128.44000244140625,118.89056396484376,4842900
2023-12-05,PSX,128.60000610351562,130.5800018310547,127.51000213623048,127.6999969482422,118.20558166503906,3484500
2023-12-05,PSX,128.60000610351562,130.5800018310547,127.51000213623048,127.6999969482422,118.20558166503906,3484500
2023-12-06,PSX,126.83999633789062,127.86000061035156,124.62999725341795,125.0,115.7063446044922,2952000
2023-12-06,PSX,126.83999633789062,127.86000061035156,124.62999725341795,125.0,115.7063446044922,2952000
2023-12-07,PSX,125.94000244140624,126.73999786376952,124.06999969482422,124.62000274658205,115.3545913696289,3702200
2023-12-07,PSX,125.94000244140624,126.73999786376952,124.06999969482422,124.62000274658205,115.3545913696289,3702200
2023-12-08,PSX,125.41999816894533,126.4000015258789,123.29000091552734,125.31999969482422,116.0025405883789,4102700
2023-12-08,PSX,125.41999816894533,126.4000015258789,123.29000091552734,125.31999969482422,116.0025405883789,4102700
2023-12-11,PSX,125.04000091552734,127.36000061035156,124.76000213623048,126.41000366210938,117.01150512695312,2976800
2023-12-11,PSX,125.04000091552734,127.36000061035156,124.76000213623048,126.41000366210938,117.01150512695312,2976800
2023-12-12,PSX,125.08000183105467,125.5,123.87000274658205,125.22000122070312,115.90997314453124,3484900
2023-12-12,PSX,125.08000183105467,125.5,123.87000274658205,125.22000122070312,115.90997314453124,3484900
2023-12-13,PSX,125.01000213623048,127.41999816894533,123.37999725341795,127.16000366210938,117.70574188232422,3054600
2023-12-13,PSX,125.01000213623048,127.41999816894533,123.37999725341795,127.16000366210938,117.70574188232422,3054600
2023-12-14,PSX,128.0,130.3699951171875,126.26000213623048,130.11000061035156,120.4364242553711,4260100
2023-12-14,PSX,128.0,130.3699951171875,126.26000213623048,130.11000061035156,120.4364242553711,4260100
2023-12-15,PSX,127.94000244140624,130.17999267578125,127.72000122070312,129.8699951171875,120.21424102783205,9648400
2023-12-15,PSX,127.94000244140624,130.17999267578125,127.72000122070312,129.8699951171875,120.21424102783205,9648400
2023-12-18,PSX,131.30999755859375,133.02000427246094,130.72999572753906,131.3000030517578,121.53792572021484,2987700
2023-12-18,PSX,131.30999755859375,133.02000427246094,130.72999572753906,131.3000030517578,121.53792572021484,2987700
2023-12-19,PSX,131.52000427246094,133.8300018310547,131.4199981689453,133.8000030517578,123.85208892822266,2873100
2023-12-19,PSX,131.52000427246094,133.8300018310547,131.4199981689453,133.8000030517578,123.85208892822266,2873100
2023-12-20,PSX,134.2899932861328,136.69000244140625,133.8300018310547,134.07000732421875,124.10198974609376,3365700
2023-12-20,PSX,134.2899932861328,136.69000244140625,133.8300018310547,134.07000732421875,124.10198974609376,3365700
2023-12-21,PSX,134.33999633789062,135.33999633789062,133.27999877929688,134.2899932861328,124.3056182861328,3235100
2023-12-21,PSX,134.33999633789062,135.33999633789062,133.27999877929688,134.2899932861328,124.3056182861328,3235100
2023-12-22,PSX,135.6300048828125,135.82000732421875,133.9199981689453,134.05999755859375,124.09273529052734,1402200
2023-12-22,PSX,135.6300048828125,135.82000732421875,133.9199981689453,134.05999755859375,124.09273529052734,1402200
2023-12-26,PSX,135.10000610351562,136.08999633789062,134.52000427246094,135.72000122070312,125.62932586669922,1542400
2023-12-26,PSX,135.10000610351562,136.08999633789062,134.52000427246094,135.72000122070312,125.62932586669922,1542400
2023-12-27,PSX,135.2100067138672,135.99000549316406,134.2100067138672,134.6999969482422,124.68515014648438,1799000
2023-12-27,PSX,135.2100067138672,135.99000549316406,134.2100067138672,134.6999969482422,124.68515014648438,1799000
2023-12-28,PSX,134.10000610351562,134.69000244140625,132.7899932861328,132.83999633789062,122.9634246826172,1827500
2023-12-28,PSX,134.10000610351562,134.69000244140625,132.7899932861328,132.83999633789062,122.9634246826172,1827500
2023-12-29,PSX,133.33999633789062,133.89999389648438,132.69000244140625,133.13999938964844,123.24113464355467,2023900
2023-12-29,PSX,133.33999633789062,133.89999389648438,132.69000244140625,133.13999938964844,123.24113464355467,2023900
2024-01-02,PSX,133.5,135.25,133.25,134.2899932861328,124.3056182861328,2500300
2024-01-02,PSX,133.5,135.25,133.25,134.2899932861328,124.3056182861328,2500300
2024-01-03,PSX,134.00999450683594,136.4499969482422,134.00999450683594,135.75,125.65709686279295,3094700
2024-01-03,PSX,134.00999450683594,136.4499969482422,134.00999450683594,135.75,125.65709686279295,3094700
2024-01-04,PSX,136.38999938964844,138.05999755859375,134.88999938964844,135.27999877929688,125.22200775146484,3125200
2024-01-04,PSX,136.38999938964844,138.05999755859375,134.88999938964844,135.27999877929688,125.22200775146484,3125200
2024-01-05,PSX,136.35000610351562,137.4199981689453,134.66000366210938,135.24000549316406,125.18500518798828,3126500
2024-01-05,PSX,136.35000610351562,137.4199981689453,134.66000366210938,135.24000549316406,125.18500518798828,3126500
2024-01-08,PSX,133.49000549316406,134.19000244140625,131.75,133.85000610351562,123.89833068847656,3636500
2024-01-08,PSX,133.49000549316406,134.19000244140625,131.75,133.85000610351562,123.89833068847656,3636500
2024-01-09,PSX,133.7899932861328,133.7899932861328,131.8300018310547,133.2100067138672,123.3059310913086,2172600
2024-01-09,PSX,133.7899932861328,133.7899932861328,131.8300018310547,133.2100067138672,123.3059310913086,2172600
2024-01-10,PSX,133.5500030517578,133.5500030517578,128.92999267578125,129.41000366210938,119.78845977783205,3619900
2024-01-10,PSX,133.5500030517578,133.5500030517578,128.92999267578125,129.41000366210938,119.78845977783205,3619900
2024-01-11,PSX,129.94000244140625,130.9199981689453,129.2100067138672,130.27999877929688,120.59376525878906,3540000
2024-01-11,PSX,129.94000244140625,130.9199981689453,129.2100067138672,130.27999877929688,120.59376525878906,3540000
2024-01-12,PSX,132.50999450683594,132.9499969482422,131.58999633789062,132.8699951171875,122.9911880493164,2909900
2024-01-12,PSX,132.50999450683594,132.9499969482422,131.58999633789062,132.8699951171875,122.9911880493164,2909900
2024-01-16,PSX,133.0,133.52999877929688,129.08999633789062,129.47000122070312,119.843994140625,3169400
2024-01-16,PSX,133.0,133.52999877929688,129.08999633789062,129.47000122070312,119.843994140625,3169400
2024-01-17,PSX,128.13999938964844,130.22000122070312,127.47000122070312,128.27000427246094,118.73320770263672,2437000
2024-01-17,PSX,128.13999938964844,130.22000122070312,127.47000122070312,128.27000427246094,118.73320770263672,2437000
2024-01-18,PSX,128.47000122070312,128.47000122070312,126.62999725341795,127.66999816894533,118.17781829833984,2337300
2024-01-18,PSX,128.47000122070312,128.47000122070312,126.62999725341795,127.66999816894533,118.17781829833984,2337300
2024-01-19,PSX,127.9800033569336,129.1199951171875,127.05999755859376,129.08999633789062,119.49224853515624,2880300
2024-01-19,PSX,127.9800033569336,129.1199951171875,127.05999755859376,129.08999633789062,119.49224853515624,2880300
2024-01-22,PSX,128.89999389648438,129.9499969482422,128.0,129.66000366210938,120.01986694335938,2307900
2024-01-22,PSX,128.89999389648438,129.9499969482422,128.0,129.66000366210938,120.01986694335938,2307900
2024-01-23,PSX,129.47999572753906,131.4199981689453,129.1199951171875,131.11000061035156,121.36204528808594,2309600
2024-01-23,PSX,129.47999572753906,131.4199981689453,129.1199951171875,131.11000061035156,121.36204528808594,2309600
2024-01-24,PSX,131.97000122070312,133.6999969482422,131.6199951171875,133.6699981689453,123.7317352294922,2649200
2024-01-24,PSX,131.97000122070312,133.6999969482422,131.6199951171875,133.6699981689453,123.7317352294922,2649200
2024-01-25,PSX,135.38999938964844,137.67999267578125,134.75999450683594,137.64999389648438,127.4158172607422,3167700
2024-01-25,PSX,135.38999938964844,137.67999267578125,134.75999450683594,137.64999389648438,127.4158172607422,3167700
2024-01-26,PSX,137.64999389648438,140.27999877929688,137.1699981689453,140.22000122070312,129.79473876953125,3389100
2024-01-26,PSX,137.64999389648438,140.27999877929688,137.1699981689453,140.22000122070312,129.79473876953125,3389100
2024-01-29,PSX,139.66000366210938,139.77999877929688,137.6999969482422,139.08999633789062,128.7487335205078,3099600
2024-01-29,PSX,139.66000366210938,139.77999877929688,137.6999969482422,139.08999633789062,128.7487335205078,3099600
2024-01-30,PSX,137.8000030517578,142.5800018310547,137.10000610351562,142.41000366210938,131.82192993164062,3664500
2024-01-30,PSX,137.8000030517578,142.5800018310547,137.10000610351562,142.41000366210938,131.82192993164062,3664500
2024-01-31,PSX,144.49000549316406,147.67999267578125,142.85000610351562,144.30999755859375,133.58065795898438,8307900
2024-01-31,PSX,144.49000549316406,147.67999267578125,142.85000610351562,144.30999755859375,133.58065795898438,8307900
2024-02-01,PSX,145.3300018310547,148.72000122070312,142.3800048828125,145.5500030517578,134.7284698486328,5090500
2024-02-01,PSX,145.3300018310547,148.72000122070312,142.3800048828125,145.5500030517578,134.7284698486328,5090500
2024-02-02,PSX,145.91000366210938,147.7100067138672,143.97000122070312,145.47000122070312,134.6543731689453,3702200
2024-02-02,PSX,145.91000366210938,147.7100067138672,143.97000122070312,145.47000122070312,134.6543731689453,3702200
2024-02-05,PSX,144.36000061035156,148.27000427246094,143.6999969482422,147.24000549316406,136.2928009033203,2899800
2024-02-05,PSX,144.36000061035156,148.27000427246094,143.6999969482422,147.24000549316406,136.2928009033203,2899800
2024-02-06,PSX,148.0,149.52000427246094,145.85000610351562,145.91000366210938,135.0616912841797,3323300
2024-02-06,PSX,148.0,149.52000427246094,145.85000610351562,145.91000366210938,135.0616912841797,3323300
2024-02-07,PSX,146.2899932861328,147.50999450683594,145.77000427246094,146.52999877929688,135.63558959960938,2607800
2024-02-07,PSX,146.2899932861328,147.50999450683594,145.77000427246094,146.52999877929688,135.63558959960938,2607800
2024-02-08,PSX,146.67999267578125,147.92999267578125,145.67999267578125,146.82000732421875,135.904052734375,4018700
2024-02-08,PSX,146.67999267578125,147.92999267578125,145.67999267578125,146.82000732421875,135.904052734375,4018700
2024-02-09,PSX,146.8300018310547,147.77999877929688,145.35000610351562,145.66000366210938,134.8302764892578,2889100
2024-02-09,PSX,146.8300018310547,147.77999877929688,145.35000610351562,145.66000366210938,134.8302764892578,2889100
2024-02-12,PSX,146.27000427246094,146.2899932861328,144.24000549316406,144.4499969482422,133.7102508544922,3753800
2024-02-12,PSX,146.27000427246094,146.2899932861328,144.24000549316406,144.4499969482422,133.7102508544922,3753800
2024-02-13,PSX,144.61000061035156,146.42999267578125,143.50999450683594,145.16000366210938,134.36746215820312,3226300
2024-02-13,PSX,144.61000061035156,146.42999267578125,143.50999450683594,145.16000366210938,134.36746215820312,3226300
2024-02-14,PSX,146.2100067138672,146.52999877929688,143.05999755859375,145.2100067138672,134.4137420654297,3086700
2024-02-14,PSX,146.2100067138672,146.52999877929688,143.05999755859375,145.2100067138672,134.4137420654297,3086700
2024-02-15,PSX,144.5,147.3800048828125,144.27999877929688,146.3699951171875,135.48748779296875,2810900
2024-02-15,PSX,144.5,147.3800048828125,144.27999877929688,146.3699951171875,135.48748779296875,2810900
2024-02-16,PSX,145.3300018310547,145.42999267578125,143.2100067138672,143.80999755859375,134.07965087890625,2690100
2024-02-16,PSX,145.3300018310547,145.42999267578125,143.2100067138672,143.80999755859375,134.07965087890625,2690100
2024-02-20,PSX,143.64999389648438,143.64999389648438,140.49000549316406,141.13999938964844,131.59030151367188,3483200
2024-02-20,PSX,143.64999389648438,143.64999389648438,140.49000549316406,141.13999938964844,131.59030151367188,3483200
2024-02-21,PSX,141.4600067138672,143.9600067138672,141.4600067138672,143.5500030517578,133.83726501464844,2403100
2024-02-21,PSX,141.4600067138672,143.9600067138672,141.4600067138672,143.5500030517578,133.83726501464844,2403100
2024-02-22,PSX,143.47999572753906,146.6699981689453,142.69000244140625,146.6199951171875,136.6995391845703,2633700
2024-02-22,PSX,143.47999572753906,146.6699981689453,142.69000244140625,146.6199951171875,136.6995391845703,2633700
2024-02-23,PSX,145.9600067138672,147.66000366210938,145.27999877929688,147.11000061035156,137.15640258789062,2189700
2024-02-23,PSX,145.9600067138672,147.66000366210938,145.27999877929688,147.11000061035156,137.15640258789062,2189700
2024-02-26,PSX,147.00999450683594,150.0800018310547,146.8000030517578,148.30999755859375,138.27516174316406,2584700
2024-02-26,PSX,147.00999450683594,150.0800018310547,146.8000030517578,148.30999755859375,138.27516174316406,2584700
2024-02-27,PSX,148.63999938964844,149.1699981689453,144.9600067138672,145.33999633789062,135.50613403320312,2106200
2024-02-27,PSX,148.63999938964844,149.1699981689453,144.9600067138672,145.33999633789062,135.50613403320312,2106200
2024-02-28,PSX,144.75,145.08999633789062,140.8699951171875,141.24000549316406,131.6835479736328,2594700
2024-02-28,PSX,144.75,145.08999633789062,140.8699951171875,141.24000549316406,131.6835479736328,2594700
2024-02-29,PSX,141.24000549316406,143.44000244140625,140.9499969482422,142.50999450683594,132.86761474609375,3370200
2024-02-29,PSX,141.24000549316406,143.44000244140625,140.9499969482422,142.50999450683594,132.86761474609375,3370200
2024-03-01,PSX,143.22999572753906,144.80999755859375,143.22000122070312,144.1999969482422,134.44326782226562,2063600
2024-03-01,PSX,143.22999572753906,144.80999755859375,143.22000122070312,144.1999969482422,134.44326782226562,2063600
2024-03-04,PSX,143.30999755859375,145.99000549316406,143.0500030517578,144.25999450683594,134.4992218017578,3479200
2024-03-04,PSX,143.30999755859375,145.99000549316406,143.0500030517578,144.25999450683594,134.4992218017578,3479200
2024-03-05,PSX,144.25999450683594,147.1300048828125,143.82000732421875,146.10000610351562,136.2147216796875,2886800
2024-03-05,PSX,144.25999450683594,147.1300048828125,143.82000732421875,146.10000610351562,136.2147216796875,2886800
2024-03-06,PSX,147.1199951171875,148.13999938964844,145.1300048828125,146.77000427246094,136.8394012451172,3210200
2024-03-06,PSX,147.1199951171875,148.13999938964844,145.1300048828125,146.77000427246094,136.8394012451172,3210200
2024-03-07,PSX,147.6699981689453,150.41000366210938,147.32000732421875,149.2100067138672,139.11427307128906,2947200
2024-03-07,PSX,147.6699981689453,150.41000366210938,147.32000732421875,149.2100067138672,139.11427307128906,2947200
2024-03-08,PSX,148.8800048828125,150.77000427246094,148.3300018310547,149.33999633789062,139.23550415039062,2398500
2024-03-08,PSX,148.8800048828125,150.77000427246094,148.3300018310547,149.33999633789062,139.23550415039062,2398500
2024-03-11,PSX,147.86000061035156,149.5,146.2100067138672,149.49000549316406,139.37535095214844,3230900
2024-03-11,PSX,147.86000061035156,149.5,146.2100067138672,149.49000549316406,139.37535095214844,3230900
2024-03-12,PSX,149.5,151.4199981689453,148.42999267578125,150.3699951171875,140.19581604003906,2367700
2024-03-12,PSX,149.5,151.4199981689453,148.42999267578125,150.3699951171875,140.19581604003906,2367700
2024-03-13,PSX,152.07000732421875,155.42999267578125,152.0,154.47000122070312,144.01837158203125,4028600
2024-03-13,PSX,152.07000732421875,155.42999267578125,152.0,154.47000122070312,144.01837158203125,4028600
2024-03-14,PSX,155.83999633789062,156.85000610351562,153.4499969482422,154.3800048828125,143.93447875976562,3637300
2024-03-14,PSX,155.83999633789062,156.85000610351562,153.4499969482422,154.3800048828125,143.93447875976562,3637300
2024-03-15,PSX,154.22000122070312,159.74000549316406,154.22000122070312,159.02999877929688,148.26983642578125,11726000
2024-03-15,PSX,154.22000122070312,159.74000549316406,154.22000122070312,159.02999877929688,148.26983642578125,11726000
2024-03-18,PSX,159.41000366210938,159.60000610351562,156.30999755859375,156.75999450683594,146.1534423828125,3470600
2024-03-18,PSX,159.41000366210938,159.60000610351562,156.30999755859375,156.75999450683594,146.1534423828125,3470600
2024-03-19,PSX,156.85000610351562,158.22000122070312,156.27999877929688,156.99000549316406,146.36790466308594,2877200
2024-03-19,PSX,156.85000610351562,158.22000122070312,156.27999877929688,156.99000549316406,146.36790466308594,2877200
2024-03-20,PSX,156.17999267578125,159.1199951171875,155.52000427246094,158.75999450683594,148.0181121826172,2388900
2024-03-20,PSX,156.17999267578125,159.1199951171875,155.52000427246094,158.75999450683594,148.0181121826172,2388900
2024-03-21,PSX,159.0,159.44000244140625,157.0,159.0800018310547,148.31646728515625,2488000
2024-03-21,PSX,159.0,159.44000244140625,157.0,159.0800018310547,148.31646728515625,2488000
2024-03-22,PSX,159.42999267578125,159.8000030517578,158.10000610351562,159.4499969482422,148.6614227294922,2078500
2024-03-22,PSX,159.42999267578125,159.8000030517578,158.10000610351562,159.4499969482422,148.6614227294922,2078500
2024-03-25,PSX,160.0,161.4199981689453,156.42999267578125,156.4600067138672,145.8737335205078,2306200
2024-03-25,PSX,160.0,161.4199981689453,156.42999267578125,156.4600067138672,145.8737335205078,2306200
2024-03-26,PSX,156.6199951171875,157.6999969482422,155.88999938964844,156.60000610351562,146.00428771972656,2351200
2024-03-26,PSX,156.6199951171875,157.6999969482422,155.88999938964844,156.60000610351562,146.00428771972656,2351200
2024-03-27,PSX,155.89999389648438,159.0,155.89999389648438,158.9600067138672,148.20458984375,2211300
2024-03-27,PSX,155.89999389648438,159.0,155.89999389648438,158.9600067138672,148.20458984375,2211300
2024-03-28,PSX,159.33999633789062,163.7899932861328,158.83999633789062,163.33999633789062,152.2882080078125,3177300
2024-03-28,PSX,159.33999633789062,163.7899932861328,158.83999633789062,163.33999633789062,152.2882080078125,3177300
2024-04-01,PSX,163.17999267578125,163.85000610351562,160.97000122070312,163.33999633789062,152.2882080078125,2214100
2024-04-01,PSX,163.17999267578125,163.85000610351562,160.97000122070312,163.33999633789062,152.2882080078125,2214100
2024-04-02,PSX,164.3300018310547,169.6999969482422,164.07000732421875,169.49000549316406,158.02212524414062,2999400
2024-04-02,PSX,164.3300018310547,169.6999969482422,164.07000732421875,169.49000549316406,158.02212524414062,2999400
2024-04-03,PSX,170.1999969482422,173.5500030517578,169.10000610351562,172.7100067138672,161.02426147460938,3210500
2024-04-03,PSX,170.1999969482422,173.5500030517578,169.10000610351562,172.7100067138672,161.02426147460938,3210500
2024-04-04,PSX,173.17999267578125,173.75,170.0,170.67999267578125,159.13160705566406,2781100
2024-04-04,PSX,173.17999267578125,173.75,170.0,170.67999267578125,159.13160705566406,2781100
2024-04-05,PSX,172.8800048828125,174.0800018310547,170.63999938964844,170.75,159.19686889648438,2182800
2024-04-05,PSX,172.8800048828125,174.0800018310547,170.63999938964844,170.75,159.19686889648438,2182800
2024-04-08,PSX,170.02999877929688,171.41000366210938,168.47999572753906,168.5500030517578,157.1457061767578,2624200
2024-04-08,PSX,170.02999877929688,171.41000366210938,168.47999572753906,168.5500030517578,157.1457061767578,2624200
2024-04-09,PSX,168.85000610351562,169.41000366210938,163.72999572753906,165.41000366210938,154.2181854248047,2358100
2024-04-09,PSX,168.85000610351562,169.41000366210938,163.72999572753906,165.41000366210938,154.2181854248047,2358100
2024-04-10,PSX,165.4600067138672,166.74000549316406,163.57000732421875,165.16000366210938,153.98512268066406,1802400
2024-04-10,PSX,165.4600067138672,166.74000549316406,163.57000732421875,165.16000366210938,153.98512268066406,1802400
2024-04-11,PSX,165.5399932861328,165.9499969482422,163.16000366210938,165.41000366210938,154.2181854248047,1997100
2024-04-11,PSX,165.5399932861328,165.9499969482422,163.16000366210938,165.41000366210938,154.2181854248047,1997100
2024-04-12,PSX,166.35000610351562,166.47000122070312,161.8800048828125,162.49000549316406,151.49575805664062,2002400
2024-04-12,PSX,166.35000610351562,166.47000122070312,161.8800048828125,162.49000549316406,151.49575805664062,2002400
2024-04-15,PSX,163.8000030517578,165.0,159.91000366210938,160.82000732421875,149.93873596191406,1589900
2024-04-15,PSX,163.8000030517578,165.0,159.91000366210938,160.82000732421875,149.93873596191406,1589900
2024-04-16,PSX,160.80999755859375,161.1300048828125,157.60000610351562,157.8800048828125,147.1976776123047,1864200
2024-04-16,PSX,160.80999755859375,161.1300048828125,157.60000610351562,157.8800048828125,147.1976776123047,1864200
2024-04-17,PSX,158.63999938964844,159.86000061035156,156.27999877929688,157.25,146.61029052734375,1946700
2024-04-17,PSX,158.63999938964844,159.86000061035156,156.27999877929688,157.25,146.61029052734375,1946700
2024-04-18,PSX,157.3800048828125,157.91000366210938,152.72000122070312,153.30999755859375,142.93687438964844,2347100
2024-04-18,PSX,157.3800048828125,157.91000366210938,152.72000122070312,153.30999755859375,142.93687438964844,2347100
2024-04-19,PSX,153.66000366210938,157.2100067138672,153.47999572753906,154.7100067138672,144.24215698242188,2760800
2024-04-19,PSX,153.66000366210938,157.2100067138672,153.47999572753906,154.7100067138672,144.24215698242188,2760800
2024-04-22,PSX,154.42999267578125,158.3300018310547,153.08999633789062,157.0500030517578,146.423828125,1625500
2024-04-22,PSX,154.42999267578125,158.3300018310547,153.08999633789062,157.0500030517578,146.423828125,1625500
2024-04-23,PSX,156.2100067138672,159.25,154.8800048828125,158.83999633789062,148.0926971435547,1756400
2024-04-23,PSX,156.2100067138672,159.25,154.8800048828125,158.83999633789062,148.0926971435547,1756400
2024-04-24,PSX,157.9600067138672,158.3800048828125,156.2899932861328,157.7899932861328,147.11376953125,1945000
2024-04-24,PSX,157.9600067138672,158.3800048828125,156.2899932861328,157.7899932861328,147.11376953125,1945000
2024-04-25,PSX,157.55999755859375,158.11000061035156,155.6199951171875,157.24000549316406,146.6009979248047,2617500
2024-04-25,PSX,157.55999755859375,158.11000061035156,155.6199951171875,157.24000549316406,146.6009979248047,2617500
2024-04-26,PSX,152.5,155.83999633789062,149.5500030517578,151.41000366210938,141.16543579101562,4206700
2024-04-26,PSX,152.5,155.83999633789062,149.5500030517578,151.41000366210938,141.16543579101562,4206700
2024-04-29,PSX,150.6999969482422,152.19000244140625,150.05999755859375,151.5399932861328,141.28665161132812,2822000
2024-04-29,PSX,150.6999969482422,152.19000244140625,150.05999755859375,151.5399932861328,141.28665161132812,2822000
2024-04-30,PSX,150.91000366210938,150.91000366210938,143.02000427246094,143.2100067138672,133.52024841308594,3763900
2024-04-30,PSX,150.91000366210938,150.91000366210938,143.02000427246094,143.2100067138672,133.52024841308594,3763900
2024-05-01,PSX,143.0399932861328,144.30999755859375,138.63999938964844,140.2100067138672,130.72325134277344,2537100
2024-05-01,PSX,143.0399932861328,144.30999755859375,138.63999938964844,140.2100067138672,130.72325134277344,2537100
2024-05-02,PSX,141.5500030517578,144.64999389648438,141.39999389648438,143.8699951171875,134.13558959960938,2310300
2024-05-02,PSX,141.5500030517578,144.64999389648438,141.39999389648438,143.8699951171875,134.13558959960938,2310300
2024-05-03,PSX,144.05999755859375,144.6699981689453,142.05999755859375,143.61000061035156,133.8931884765625,1806100
2024-05-03,PSX,144.05999755859375,144.6699981689453,142.05999755859375,143.61000061035156,133.8931884765625,1806100
2024-05-06,PSX,144.64999389648438,146.41000366210938,143.8699951171875,145.1199951171875,135.301025390625,2239100
2024-05-06,PSX,144.64999389648438,146.41000366210938,143.8699951171875,145.1199951171875,135.301025390625,2239100
2024-05-07,PSX,145.47999572753906,146.52999877929688,144.5,145.2100067138672,135.3849334716797,2212400
2024-05-07,PSX,145.47999572753906,146.52999877929688,144.5,145.2100067138672,135.3849334716797,2212400
2024-05-08,PSX,144.8000030517578,147.80999755859375,144.05999755859375,146.94000244140625,136.9978790283203,2919000
2024-05-08,PSX,144.8000030517578,147.80999755859375,144.05999755859375,146.94000244140625,136.9978790283203,2919000
2024-05-09,PSX,146.97000122070312,149.22999572753906,146.97000122070312,147.72000122070312,137.72511291503906,2187000
2024-05-09,PSX,146.97000122070312,149.22999572753906,146.97000122070312,147.72000122070312,137.72511291503906,2187000
2024-05-10,PSX,148.3800048828125,149.10000610351562,145.4199981689453,145.60000610351562,135.74853515625,1808800
2024-05-10,PSX,148.3800048828125,149.10000610351562,145.4199981689453,145.60000610351562,135.74853515625,1808800
2024-05-13,PSX,145.8800048828125,146.6199951171875,144.75,145.0800018310547,135.26373291015625,1748000
2024-05-13,PSX,145.8800048828125,146.6199951171875,144.75,145.0800018310547,135.26373291015625,1748000
2024-05-14,PSX,144.0,145.25999450683594,143.02000427246094,144.85000610351562,135.04928588867188,1836000
2024-05-14,PSX,144.0,145.25999450683594,143.02000427246094,144.85000610351562,135.04928588867188,1836000
2024-05-15,PSX,144.07000732421875,146.49000549316406,142.25999450683594,146.2100067138672,136.31727600097656,1870400
2024-05-15,PSX,144.07000732421875,146.49000549316406,142.25999450683594,146.2100067138672,136.31727600097656,1870400
2024-05-16,PSX,146.0,146.82000732421875,145.14999389648438,145.85000610351562,135.9816436767578,1630500
2024-05-16,PSX,146.0,146.82000732421875,145.14999389648438,145.85000610351562,135.9816436767578,1630500
2024-05-17,PSX,145.5,147.60000610351562,145.10000610351562,147.0800018310547,138.21824645996094,1886300
2024-05-17,PSX,145.5,147.60000610351562,145.10000610351562,147.0800018310547,138.21824645996094,1886300
2024-05-20,PSX,146.92999267578125,147.38999938964844,143.33999633789062,144.4199981689453,135.718505859375,1969300
2024-05-20,PSX,146.92999267578125,147.38999938964844,143.33999633789062,144.4199981689453,135.718505859375,1969300
2024-05-21,PSX,144.33999633789062,145.47999572753906,143.9199981689453,144.13999938964844,135.4553680419922,1804300
2024-05-21,PSX,144.33999633789062,145.47999572753906,143.9199981689453,144.13999938964844,135.4553680419922,1804300
2024-05-22,PSX,143.2899932861328,144.4499969482422,141.6999969482422,142.89999389648438,134.29005432128906,2441800
2024-05-22,PSX,143.2899932861328,144.4499969482422,141.6999969482422,142.89999389648438,134.29005432128906,2441800
2024-05-23,PSX,144.0,144.3000030517578,141.6199951171875,142.19000244140625,133.62286376953125,1696800
2024-05-23,PSX,144.0,144.3000030517578,141.6199951171875,142.19000244140625,133.62286376953125,1696800
2024-05-24,PSX,143.16000366210938,144.27999877929688,142.07000732421875,142.67999267578125,134.0833282470703,1250600
2024-05-24,PSX,143.16000366210938,144.27999877929688,142.07000732421875,142.67999267578125,134.0833282470703,1250600
2024-05-28,PSX,142.88999938964844,144.1999969482422,141.94000244140625,142.75999450683594,134.15850830078125,1590100
2024-05-28,PSX,142.88999938964844,144.1999969482422,141.94000244140625,142.75999450683594,134.15850830078125,1590100
2024-05-29,PSX,142.77000427246094,142.77000427246094,137.8000030517578,138.19000244140625,129.8638458251953,2220900
2024-05-29,PSX,142.77000427246094,142.77000427246094,137.8000030517578,138.19000244140625,129.8638458251953,2220900
2024-05-30,PSX,137.69000244140625,138.8000030517578,136.99000549316406,138.38999938964844,130.0518341064453,1950100
2024-05-30,PSX,137.69000244140625,138.8000030517578,136.99000549316406,138.38999938964844,130.0518341064453,1950100
2024-05-31,PSX,138.63999938964844,142.44000244140625,138.0,142.11000061035156,133.54766845703125,3669900
2024-05-31,PSX,138.63999938964844,142.44000244140625,138.0,142.11000061035156,133.54766845703125,3669900
2024-06-03,PSX,142.27999877929688,142.30999755859375,137.9600067138672,138.92999267578125,130.5592498779297,2345700
2024-06-03,PSX,142.27999877929688,142.30999755859375,137.9600067138672,138.92999267578125,130.5592498779297,2345700
2024-06-04,PSX,137.22000122070312,139.1699981689453,136.25,136.99000549316406,128.73619079589844,3147000
2024-06-04,PSX,137.22000122070312,139.1699981689453,136.25,136.99000549316406,128.73619079589844,3147000
2024-06-05,PSX,137.5500030517578,138.0399932861328,136.1199951171875,137.38999938964844,129.112060546875,2190400
2024-06-05,PSX,137.5500030517578,138.0399932861328,136.1199951171875,137.38999938964844,129.112060546875,2190400
2024-06-06,PSX,137.10000610351562,138.52999877929688,136.49000549316406,138.3699951171875,130.0330047607422,1567600
2024-06-06,PSX,137.10000610351562,138.52999877929688,136.49000549316406,138.3699951171875,130.0330047607422,1567600
2024-06-07,PSX,137.86000061035156,139.36000061035156,136.60000610351562,138.07000732421875,129.7510986328125,1687300
2024-06-07,PSX,137.86000061035156,139.36000061035156,136.60000610351562,138.07000732421875,129.7510986328125,1687300
2024-06-10,PSX,137.89999389648438,139.10000610351562,136.89999389648438,138.1199951171875,129.79806518554688,1861500
2024-06-10,PSX,137.89999389648438,139.10000610351562,136.89999389648438,138.1199951171875,129.79806518554688,1861500
2024-06-11,PSX,136.94000244140625,138.3300018310547,135.47999572753906,138.2899932861328,129.95782470703125,1692600
2024-06-11,PSX,136.94000244140625,138.3300018310547,135.47999572753906,138.2899932861328,129.95782470703125,1692600
2024-06-12,PSX,139.4499969482422,139.6699981689453,134.86000061035156,136.00999450683594,127.8152084350586,2217700
2024-06-12,PSX,139.4499969482422,139.6699981689453,134.86000061035156,136.00999450683594,127.8152084350586,2217700
2024-06-13,PSX,136.08999633789062,138.25999450683594,134.05999755859375,137.6699981689453,129.37515258789062,3486400
2024-06-13,PSX,136.08999633789062,138.25999450683594,134.05999755859375,137.6699981689453,129.37515258789062,3486400
2024-06-14,PSX,137.5,137.88999938964844,136.1699981689453,136.75999450683594,128.52001953125,2107800
2024-06-14,PSX,137.5,137.88999938964844,136.1699981689453,136.75999450683594,128.52001953125,2107800
2024-06-17,PSX,136.4600067138672,137.69000244140625,136.00999450683594,137.2899932861328,129.01809692382812,1790800
2024-06-17,PSX,136.4600067138672,137.69000244140625,136.00999450683594,137.2899932861328,129.01809692382812,1790800
2024-06-18,PSX,137.85000610351562,138.55999755859375,135.3300018310547,135.85000610351562,127.66486358642578,2588800
2024-06-18,PSX,137.85000610351562,138.55999755859375,135.3300018310547,135.85000610351562,127.66486358642578,2588800
2024-06-20,PSX,135.85000610351562,139.6199951171875,135.7899932861328,137.9600067138672,129.64772033691406,2740500
2024-06-20,PSX,135.85000610351562,139.6199951171875,135.7899932861328,137.9600067138672,129.64772033691406,2740500
2024-06-21,PSX,138.74000549316406,139.17999267578125,137.19000244140625,138.08999633789062,129.76988220214844,6463600
2024-06-21,PSX,138.74000549316406,139.17999267578125,137.19000244140625,138.08999633789062,129.76988220214844,6463600
2024-06-24,PSX,137.02999877929688,139.5500030517578,137.02000427246094,138.5500030517578,130.20217895507812,1919200
2024-06-24,PSX,137.02999877929688,139.5500030517578,137.02000427246094,138.5500030517578,130.20217895507812,1919200
2024-06-25,PSX,138.36000061035156,140.5399932861328,137.4499969482422,140.24000549316406,131.7903594970703,1934300
2024-06-25,PSX,138.36000061035156,140.5399932861328,137.4499969482422,140.24000549316406,131.7903594970703,1934300
2024-06-26,PSX,140.08999633789062,140.6199951171875,137.61000061035156,139.77999877929688,131.35804748535156,1517600
2024-06-26,PSX,140.08999633789062,140.6199951171875,137.61000061035156,139.77999877929688,131.35804748535156,1517600
2024-06-27,PSX,140.58999633789062,140.60000610351562,138.6199951171875,139.39999389648438,131.00094604492188,1847200
2024-06-27,PSX,140.58999633789062,140.60000610351562,138.6199951171875,139.39999389648438,131.00094604492188,1847200
2024-06-28,PSX,140.6999969482422,142.19000244140625,139.22000122070312,141.1699981689453,132.66429138183594,10211500
2024-06-28,PSX,140.6999969482422,142.19000244140625,139.22000122070312,141.1699981689453,132.66429138183594,10211500
2024-07-01,PSX,141.7100067138672,142.64999389648438,139.6999969482422,140.92999267578125,132.4387664794922,1422900
2024-07-01,PSX,141.7100067138672,142.64999389648438,139.6999969482422,140.92999267578125,132.4387664794922,1422900
2024-07-02,PSX,141.77999877929688,143.0399932861328,139.82000732421875,140.47000122070312,132.0065155029297,2622100
2024-07-02,PSX,141.77999877929688,143.0399932861328,139.82000732421875,140.47000122070312,132.0065155029297,2622100
2024-07-03,PSX,140.22999572753906,140.8699951171875,139.05999755859375,140.3699951171875,131.9125213623047,1081600
2024-07-03,PSX,140.22999572753906,140.8699951171875,139.05999755859375,140.3699951171875,131.9125213623047,1081600
2024-07-05,PSX,140.16000366210938,140.5,137.49000549316406,138.39999389648438,130.0612030029297,1605500
2024-07-05,PSX,140.16000366210938,140.5,137.49000549316406,138.39999389648438,130.0612030029297,1605500
2024-07-08,PSX,137.61000061035156,139.2100067138672,135.83999633789062,135.9499969482422,127.75881958007812,1647000
2024-07-08,PSX,137.61000061035156,139.2100067138672,135.83999633789062,135.9499969482422,127.75881958007812,1647000
2024-07-09,PSX,133.02000427246094,135.30999755859375,132.00999450683594,132.80999755859375,124.80801391601562,2594100
2024-07-09,PSX,133.02000427246094,135.30999755859375,132.00999450683594,132.80999755859375,124.80801391601562,2594100
2024-07-10,PSX,132.5,134.8800048828125,132.39999389648438,133.97000122070312,125.89813232421876,2052300
2024-07-10,PSX,132.5,134.8800048828125,132.39999389648438,133.97000122070312,125.89813232421876,2052300
2024-07-11,PSX,133.89999389648438,137.30999755859375,132.77999877929688,136.9199981689453,128.67037963867188,1900200
2024-07-11,PSX,133.89999389648438,137.30999755859375,132.77999877929688,136.9199981689453,128.67037963867188,1900200
2024-07-12,PSX,137.92999267578125,138.91000366210938,135.63999938964844,138.63999938964844,130.28675842285156,1810100
2024-07-12,PSX,137.92999267578125,138.91000366210938,135.63999938964844,138.63999938964844,130.28675842285156,1810100
2024-07-15,PSX,139.07000732421875,140.99000549316406,138.42999267578125,140.07000732421875,131.63059997558594,1627300
2024-07-15,PSX,139.07000732421875,140.99000549316406,138.42999267578125,140.07000732421875,131.63059997558594,1627300
2024-07-16,PSX,139.3699951171875,140.74000549316406,138.0399932861328,139.77999877929688,131.35804748535156,1570500
2024-07-16,PSX,139.3699951171875,140.74000549316406,138.0399932861328,139.77999877929688,131.35804748535156,1570500
2024-07-17,PSX,140.32000732421875,143.0500030517578,139.8800048828125,140.74000549316406,132.26023864746094,2074700
2024-07-17,PSX,140.32000732421875,143.0500030517578,139.8800048828125,140.74000549316406,132.26023864746094,2074700
2024-07-18,PSX,139.8699951171875,140.08999633789062,136.9499969482422,137.6999969482422,129.40338134765625,2405600
2024-07-18,PSX,139.8699951171875,140.08999633789062,136.9499969482422,137.6999969482422,129.40338134765625,2405600
2024-07-19,PSX,138.61000061035156,139.27000427246094,136.4600067138672,138.47000122070312,130.12698364257812,1787000
2024-07-19,PSX,138.61000061035156,139.27000427246094,136.4600067138672,138.47000122070312,130.12698364257812,1787000
2024-07-22,PSX,138.02000427246094,140.3699951171875,137.3300018310547,140.11000061035156,131.66818237304688,1688600
2024-07-22,PSX,138.02000427246094,140.3699951171875,137.3300018310547,140.11000061035156,131.66818237304688,1688600
2024-07-23,PSX,139.50999450683594,139.89999389648438,136.52999877929688,137.07000732421875,128.81137084960938,1745900
2024-07-23,PSX,139.50999450683594,139.89999389648438,136.52999877929688,137.07000732421875,128.81137084960938,1745900
2024-07-24,PSX,137.5,138.72000122070312,136.0500030517578,138.1699981689453,129.84506225585938,1857600
2024-07-24,PSX,137.5,138.72000122070312,136.0500030517578,138.1699981689453,129.84506225585938,1857600
2024-07-25,PSX,138.05999755859375,143.00999450683594,137.24000549316406,142.50999450683594,133.92356872558594,2014800
2024-07-25,PSX,138.05999755859375,143.00999450683594,137.24000549316406,142.50999450683594,133.92356872558594,2014800
2024-07-26,PSX,142.6300048828125,143.0800018310547,141.08999633789062,142.2100067138672,133.64166259765625,1813600
2024-07-26,PSX,142.6300048828125,143.0800018310547,141.08999633789062,142.2100067138672,133.64166259765625,1813600
2024-07-29,PSX,141.2899932861328,142.22000122070312,139.41000366210938,140.41000366210938,131.9501190185547,2124000
2024-07-29,PSX,141.2899932861328,142.22000122070312,139.41000366210938,140.41000366210938,131.9501190185547,2124000
2024-07-30,PSX,143.6699981689453,148.3699951171875,143.00999450683594,147.1699981689453,138.3028106689453,3978300
2024-07-30,PSX,143.6699981689453,148.3699951171875,143.00999450683594,147.1699981689453,138.3028106689453,3978300
2024-07-31,PSX,149.02999877929688,150.1199951171875,145.42999267578125,145.47999572753906,136.71463012695312,2273900
2024-07-31,PSX,149.02999877929688,150.1199951171875,145.42999267578125,145.47999572753906,136.71463012695312,2273900
2024-08-01,PSX,145.57000732421875,147.13999938964844,140.05999755859375,140.9499969482422,132.4575653076172,3315700
2024-08-01,PSX,145.57000732421875,147.13999938964844,140.05999755859375,140.9499969482422,132.4575653076172,3315700
2024-08-02,PSX,139.0800018310547,139.39999389648438,133.02000427246094,133.75999450683594,125.70075988769533,4079000
2024-08-02,PSX,139.0800018310547,139.39999389648438,133.02000427246094,133.75999450683594,125.70075988769533,4079000
2024-08-05,PSX,130.9499969482422,132.9499969482422,128.36000061035156,131.63999938964844,123.70851135253906,2323700
2024-08-05,PSX,130.9499969482422,132.9499969482422,128.36000061035156,131.63999938964844,123.70851135253906,2323700
2024-08-06,PSX,132.0,135.05999755859375,131.9199981689453,133.0800018310547,125.06173706054688,2082800
2024-08-06,PSX,132.0,135.05999755859375,131.9199981689453,133.0800018310547,125.06173706054688,2082800
2024-08-07,PSX,134.58999633789062,135.8699951171875,132.82000732421875,132.89999389648438,124.89259338378906,2146800
2024-08-07,PSX,134.58999633789062,135.8699951171875,132.82000732421875,132.89999389648438,124.89259338378906,2146800
2024-08-08,PSX,133.0500030517578,135.85000610351562,133.0500030517578,135.4199981689453,127.2607650756836,2546700
2024-08-08,PSX,133.0500030517578,135.85000610351562,133.0500030517578,135.4199981689453,127.2607650756836,2546700
2024-08-09,PSX,135.5500030517578,136.75,134.63999938964844,135.41000366210938,127.2513656616211,2056900
2024-08-09,PSX,135.5500030517578,136.75,134.63999938964844,135.41000366210938,127.2513656616211,2056900
2024-08-12,PSX,136.41000366210938,137.5800018310547,135.60000610351562,135.8800048828125,127.69303131103516,1576600
2024-08-12,PSX,136.41000366210938,137.5800018310547,135.60000610351562,135.8800048828125,127.69303131103516,1576600
2024-08-13,PSX,134.72000122070312,135.41000366210938,134.0,134.66000366210938,126.54655456542967,2463300
2024-08-13,PSX,134.72000122070312,135.41000366210938,134.0,134.66000366210938,126.54655456542967,2463300
2024-08-14,PSX,135.27000427246094,138.1300048828125,134.9600067138672,137.6999969482422,129.40338134765625,2134400
2024-08-14,PSX,135.27000427246094,138.1300048828125,134.9600067138672,137.6999969482422,129.40338134765625,2134400
2024-08-15,PSX,138.75,140.02999877929688,138.0399932861328,138.67999267578125,130.3243408203125,1935000
2024-08-15,PSX,138.75,140.02999877929688,138.0399932861328,138.67999267578125,130.3243408203125,1935000
2024-08-16,PSX,137.97999572753906,139.9600067138672,137.6300048828125,138.9199981689453,130.5498809814453,1644500
2024-08-16,PSX,137.97999572753906,139.9600067138672,137.6300048828125,138.9199981689453,130.5498809814453,1644500
2024-08-19,PSX,139.0,140.30999755859375,138.5500030517578,139.33999633789062,130.944580078125,1833900
2024-08-19,PSX,139.0,140.30999755859375,138.5500030517578,139.33999633789062,130.944580078125,1833900
2024-08-20,PSX,138.19000244140625,138.33999633789062,132.22000122070312,132.38999938964844,125.44867706298828,3026500
2024-08-20,PSX,138.19000244140625,138.33999633789062,132.22000122070312,132.38999938964844,125.44867706298828,3026500
2024-08-21,PSX,133.41000366210938,135.39999389648438,132.9499969482422,133.8800048828125,126.86056518554688,3332300
2024-08-21,PSX,133.41000366210938,135.39999389648438,132.9499969482422,133.8800048828125,126.86056518554688,3332300
2024-08-22,PSX,133.9499969482422,134.8300018310547,132.86000061035156,133.16000366210938,126.17829895019533,1813500
2024-08-22,PSX,133.9499969482422,134.8300018310547,132.86000061035156,133.16000366210938,126.17829895019533,1813500
2024-08-23,PSX,134.1699981689453,135.47000122070312,133.44000244140625,135.3699951171875,128.27239990234375,1911900
2024-08-23,PSX,134.1699981689453,135.47000122070312,133.44000244140625,135.3699951171875,128.27239990234375,1911900
2024-08-26,PSX,136.10000610351562,136.94000244140625,134.2100067138672,135.22999572753906,128.13978576660156,1923600
2024-08-26,PSX,136.10000610351562,136.94000244140625,134.2100067138672,135.22999572753906,128.13978576660156,1923600
2024-08-27,PSX,134.97999572753906,135.5399932861328,134.08999633789062,134.3800048828125,127.3343505859375,1505300
2024-08-27,PSX,134.97999572753906,135.5399932861328,134.08999633789062,134.3800048828125,127.3343505859375,1505300
2024-08-28,PSX,133.8300018310547,136.5500030517578,133.5,134.97000122070312,127.89339447021484,2070900
2024-08-28,PSX,133.8300018310547,136.5500030517578,133.5,134.97000122070312,127.89339447021484,2070900
2024-08-29,PSX,135.5,136.75,133.9199981689453,136.5,129.34317016601562,1594200
2024-08-29,PSX,135.5,136.75,133.9199981689453,136.5,129.34317016601562,1594200
2024-08-30,PSX,135.66000366210938,140.85000610351562,135.63999938964844,140.30999755859375,132.9534149169922,3981500
2024-08-30,PSX,135.66000366210938,140.85000610351562,135.63999938964844,140.30999755859375,132.9534149169922,3981500
2024-09-03,PSX,138.07000732421875,138.6999969482422,133.2899932861328,135.0,127.92183685302734,2845500
2024-09-03,PSX,138.07000732421875,138.6999969482422,133.2899932861328,135.0,127.92183685302734,2845500
2024-09-04,PSX,135.0,136.30999755859375,131.55999755859375,132.2899932861328,125.3539047241211,1984300
2024-09-04,PSX,135.0,136.30999755859375,131.55999755859375,132.2899932861328,125.3539047241211,1984300
2024-09-05,PSX,133.05999755859375,133.07000732421875,128.6699981689453,128.88999938964844,122.13219451904295,3864500
2024-09-05,PSX,133.05999755859375,133.07000732421875,128.6699981689453,128.88999938964844,122.13219451904295,3864500
2024-09-06,PSX,128.91000366210938,130.17999267578125,127.2699966430664,128.13999938964844,121.4215087890625,4244600
2024-09-06,PSX,128.91000366210938,130.17999267578125,127.2699966430664,128.13999938964844,121.4215087890625,4244600
2024-09-09,PSX,128.3300018310547,129.3300018310547,127.7300033569336,127.97000122070312,121.26042938232422,4074600
2024-09-09,PSX,128.3300018310547,129.3300018310547,127.7300033569336,127.97000122070312,121.26042938232422,4074600
2024-09-10,PSX,127.66999816894533,127.7699966430664,125.13999938964844,126.87999725341795,120.22756958007812,4468900
2024-09-10,PSX,127.66999816894533,127.7699966430664,125.13999938964844,126.87999725341795,120.22756958007812,4468900
2024-09-11,PSX,126.38999938964844,127.25,123.7699966430664,125.0,118.44613647460938,4052700
2024-09-11,PSX,126.38999938964844,127.25,123.7699966430664,125.0,118.44613647460938,4052700
2024-09-12,PSX,125.51000213623048,126.5500030517578,124.75,125.72000122070312,119.1283950805664,3041000
2024-09-12,PSX,125.51000213623048,126.5500030517578,124.75,125.72000122070312,119.1283950805664,3041000
2024-09-13,PSX,126.6999969482422,127.9000015258789,126.12000274658205,126.6999969482422,120.05699920654295,2614600
2024-09-13,PSX,126.6999969482422,127.9000015258789,126.12000274658205,126.6999969482422,120.05699920654295,2614600
2024-09-16,PSX,126.9800033569336,128.75999450683594,125.77999877929688,127.33999633789062,120.6634521484375,2908800
2024-09-16,PSX,126.9800033569336,128.75999450683594,125.77999877929688,127.33999633789062,120.6634521484375,2908800
2024-09-17,PSX,127.81999969482422,128.6699981689453,127.19000244140624,128.3000030517578,121.57312774658205,3693600
2024-09-17,PSX,127.81999969482422,128.6699981689453,127.19000244140624,128.3000030517578,121.57312774658205,3693600
2024-09-18,PSX,129.0,131.86000061035156,128.42999267578125,130.30999755859375,123.47772979736328,2884300
2024-09-18,PSX,129.0,131.86000061035156,128.42999267578125,130.30999755859375,123.47772979736328,2884300
2024-09-19,PSX,132.0,133.63999938964844,130.67999267578125,132.5500030517578,125.60028076171876,2744600
2024-09-19,PSX,132.0,133.63999938964844,130.67999267578125,132.5500030517578,125.60028076171876,2744600
2024-09-20,PSX,131.60000610351562,131.6199951171875,129.1300048828125,129.97000122070312,123.1555633544922,6418500
2024-09-20,PSX,131.60000610351562,131.6199951171875,129.1300048828125,129.97000122070312,123.1555633544922,6418500
2024-09-23,PSX,129.7100067138672,131.30999755859375,129.1300048828125,131.11000061035156,124.2357940673828,3613700
2024-09-23,PSX,129.7100067138672,131.30999755859375,129.1300048828125,131.11000061035156,124.2357940673828,3613700
2024-09-24,PSX,132.6999969482422,132.97999572753906,129.47000122070312,129.47000122070312,122.6817855834961,3661700
2024-09-24,PSX,132.6999969482422,132.97999572753906,129.47000122070312,129.47000122070312,122.6817855834961,3661700
2024-09-25,PSX,129.67999267578125,131.41000366210938,128.8699951171875,129.85000610351562,123.04185485839844,8126500
2024-09-25,PSX,129.67999267578125,131.41000366210938,128.8699951171875,129.85000610351562,123.04185485839844,8126500
2024-09-26,PSX,128.8699951171875,133.6199951171875,128.5800018310547,130.67999267578125,123.82833099365234,4192800
2024-09-26,PSX,128.8699951171875,133.6199951171875,128.5800018310547,130.67999267578125,123.82833099365234,4192800
2024-09-27,PSX,131.32000732421875,131.55999755859375,130.0,131.0500030517578,124.17893981933594,2564300
2024-09-27,PSX,131.32000732421875,131.55999755859375,130.0,131.0500030517578,124.17893981933594,2564300
2024-09-30,PSX,130.86000061035156,132.1300048828125,129.77000427246094,131.4499969482422,124.5579605102539,2137500
2024-09-30,PSX,130.86000061035156,132.1300048828125,129.77000427246094,131.4499969482422,124.5579605102539,2137500
2024-10-01,PSX,130.16000366210938,133.27000427246094,130.16000366210938,132.99000549316406,126.0172348022461,2071900
2024-10-01,PSX,130.16000366210938,133.27000427246094,130.16000366210938,132.99000549316406,126.0172348022461,2071900
2024-10-02,PSX,134.0,135.1999969482422,132.5500030517578,134.47000122070312,127.4196319580078,1925600
2024-10-02,PSX,134.0,135.1999969482422,132.5500030517578,134.47000122070312,127.4196319580078,1925600
2024-10-03,PSX,134.47999572753906,139.4600067138672,133.3699951171875,138.92999267578125,131.64576721191406,2766800
2024-10-03,PSX,134.47999572753906,139.4600067138672,133.3699951171875,138.92999267578125,131.64576721191406,2766800
2024-10-04,PSX,140.3000030517578,140.60000610351562,137.58999633789062,138.6199951171875,131.35203552246094,2468500
2024-10-04,PSX,140.3000030517578,140.60000610351562,137.58999633789062,138.6199951171875,131.35203552246094,2468500
2024-10-07,PSX,138.1300048828125,139.72999572753906,137.82000732421875,138.5,131.23831176757812,1812900
2024-10-07,PSX,138.1300048828125,139.72999572753906,137.82000732421875,138.5,131.23831176757812,1812900
2024-10-08,PSX,136.83999633789062,137.16000366210938,132.1999969482422,132.3300018310547,125.3918228149414,2528900
2024-10-08,PSX,136.83999633789062,137.16000366210938,132.1999969482422,132.3300018310547,125.3918228149414,2528900
2024-10-09,PSX,131.2100067138672,135.30999755859375,130.9199981689453,134.72000122070312,127.65650939941406,1494300
2024-10-09,PSX,131.2100067138672,135.30999755859375,130.9199981689453,134.72000122070312,127.65650939941406,1494300
2024-10-10,PSX,135.4199981689453,137.0800018310547,134.2100067138672,136.4199981689453,129.2673797607422,1416400
2024-10-10,PSX,135.4199981689453,137.0800018310547,134.2100067138672,136.4199981689453,129.2673797607422,1416400
2024-10-11,PSX,135.91000366210938,137.02000427246094,135.85000610351562,136.35000610351562,129.2010498046875,1460600
2024-10-11,PSX,135.91000366210938,137.02000427246094,135.85000610351562,136.35000610351562,129.2010498046875,1460600
2024-10-14,PSX,135.72000122070312,135.94000244140625,134.60000610351562,135.4199981689453,128.31980895996094,1445900
2024-10-14,PSX,135.72000122070312,135.94000244140625,134.60000610351562,135.4199981689453,128.31980895996094,1445900
2024-10-15,PSX,133.52999877929688,134.61000061035156,131.27999877929688,131.39999389648438,124.51056671142578,2338300
2024-10-15,PSX,133.52999877929688,134.61000061035156,131.27999877929688,131.39999389648438,124.51056671142578,2338300
2024-10-16,PSX,132.63999938964844,133.05999755859375,131.9199981689453,132.30999755859375,125.37287139892578,1461800
2024-10-16,PSX,132.63999938964844,133.05999755859375,131.9199981689453,132.30999755859375,125.37287139892578,1461800
2024-10-17,PSX,133.33999633789062,134.0800018310547,131.97000122070312,133.35000610351562,126.35834503173828,2219200
2024-10-17,PSX,133.33999633789062,134.0800018310547,131.97000122070312,133.35000610351562,126.35834503173828,2219200
2024-10-18,PSX,133.5399932861328,133.9199981689453,131.75,132.60000610351562,125.64766693115234,1712400
2024-10-18,PSX,133.5399932861328,133.9199981689453,131.75,132.60000610351562,125.64766693115234,1712400
2024-10-21,PSX,133.25999450683594,133.4499969482422,131.0500030517578,131.32000732421875,124.4347686767578,1289000
2024-10-21,PSX,133.25999450683594,133.4499969482422,131.0500030517578,131.32000732421875,124.4347686767578,1289000
2024-10-22,PSX,131.9199981689453,131.9199981689453,130.5399932861328,131.42999267578125,124.5390167236328,1946200
2024-10-22,PSX,131.9199981689453,131.9199981689453,130.5399932861328,131.42999267578125,124.5390167236328,1946200
2024-10-23,PSX,130.94000244140625,131.1999969482422,128.07000732421875,129.1199951171875,122.3501205444336,1850600
2024-10-23,PSX,130.94000244140625,131.1999969482422,128.07000732421875,129.1199951171875,122.3501205444336,1850600
2024-10-24,PSX,129.52000427246094,129.77000427246094,127.08000183105467,128.49000549316406,121.75316619873048,3200000
2024-10-24,PSX,129.52000427246094,129.77000427246094,127.08000183105467,128.49000549316406,121.75316619873048,3200000
2024-10-25,PSX,129.6199951171875,130.16000366210938,128.14999389648438,128.1699981689453,121.4499282836914,1346900
2024-10-25,PSX,129.6199951171875,130.16000366210938,128.14999389648438,128.1699981689453,121.4499282836914,1346900
2024-10-28,PSX,125.51000213623048,129.16000366210938,125.06999969482422,128.88999938964844,122.13219451904295,2509700
2024-10-28,PSX,125.51000213623048,129.16000366210938,125.06999969482422,128.88999938964844,122.13219451904295,2509700
2024-10-29,PSX,127.6500015258789,128.3800048828125,122.86000061035156,123.2699966430664,116.80684661865234,4171100
2024-10-29,PSX,127.6500015258789,128.3800048828125,122.86000061035156,123.2699966430664,116.80684661865234,4171100
2024-10-30,PSX,122.8000030517578,123.29000091552734,121.47000122070312,122.06999969482422,115.66976165771484,3339500
2024-10-30,PSX,122.8000030517578,123.29000091552734,121.47000122070312,122.06999969482422,115.66976165771484,3339500
2024-10-31,PSX,122.4499969482422,123.72000122070312,121.5999984741211,121.81999969482422,115.43287658691406,2700900
2024-10-31,PSX,122.4499969482422,123.72000122070312,121.5999984741211,121.81999969482422,115.43287658691406,2700900
2024-11-01,PSX,122.22000122070312,123.0199966430664,119.7699966430664,120.01000213623048,113.71776580810548,2064400
2024-11-01,PSX,122.22000122070312,123.0199966430664,119.7699966430664,120.01000213623048,113.71776580810548,2064400
2024-11-04,PSX,120.19000244140624,122.63999938964844,120.19000244140624,121.02999877929688,114.68428802490234,2185500
2024-11-04,PSX,120.19000244140624,122.63999938964844,120.19000244140624,121.02999877929688,114.68428802490234,2185500
2024-11-05,PSX,122.5,122.63999938964844,120.6999969482422,121.83999633789062,115.45182037353516,2078600
2024-11-05,PSX,122.5,122.63999938964844,120.6999969482422,121.83999633789062,115.45182037353516,2078600
2024-11-06,PSX,125.77999877929688,129.60000610351562,124.2300033569336,127.9000015258789,121.19408416748048,2626200
2024-11-06,PSX,125.77999877929688,129.60000610351562,124.2300033569336,127.9000015258789,121.19408416748048,2626200
2024-11-07,PSX,127.75,127.9000015258789,125.81999969482422,126.68000030517578,120.03805541992188,1630500
2024-11-07,PSX,127.75,127.9000015258789,125.81999969482422,126.68000030517578,120.03805541992188,1630500
2024-11-08,PSX,126.25,126.62999725341795,124.37000274658205,126.4499969482422,119.82012176513672,3126000
2024-11-08,PSX,126.25,126.62999725341795,124.37000274658205,126.4499969482422,119.82012176513672,3126000
2024-11-11,PSX,126.55999755859376,128.0399932861328,125.30999755859376,127.94000244140624,121.23198699951172,3010400
2024-11-11,PSX,126.55999755859376,128.0399932861328,125.30999755859376,127.94000244140624,121.23198699951172,3010400
2024-11-12,PSX,128.49000549316406,128.8800048828125,127.5,127.6999969482422,121.00457000732422,2719000
2024-11-12,PSX,128.49000549316406,128.8800048828125,127.5,127.6999969482422,121.00457000732422,2719000
2024-11-13,PSX,128.22999572753906,130.86000061035156,126.8000030517578,129.91000366210938,123.09870910644533,1962000
2024-11-13,PSX,128.22999572753906,130.86000061035156,126.8000030517578,129.91000366210938,123.09870910644533,1962000
2024-11-14,PSX,130.13999938964844,130.75,128.25999450683594,129.75999450683594,122.95655822753906,2257200
2024-11-14,PSX,130.13999938964844,130.75,128.25999450683594,129.75999450683594,122.95655822753906,2257200
2024-11-15,PSX,129.57000732421875,131.72000122070312,129.25,130.91000366210938,124.04627990722656,2275000
2024-11-15,PSX,129.57000732421875,131.72000122070312,129.25,130.91000366210938,124.04627990722656,2275000
2024-11-18,PSX,130.64999389648438,132.57000732421875,129.92999267578125,131.32000732421875,125.5375747680664,2356600
2024-11-18,PSX,130.64999389648438,132.57000732421875,129.92999267578125,131.32000732421875,125.5375747680664,2356600
2024-11-19,PSX,129.9499969482422,132.57000732421875,129.67999267578125,130.94000244140625,125.17430877685548,2448700
2024-11-19,PSX,129.9499969482422,132.57000732421875,129.67999267578125,130.94000244140625,125.17430877685548,2448700
2024-11-20,PSX,131.32000732421875,131.86000061035156,130.38999938964844,131.4499969482422,125.66185760498048,2502600
2024-11-20,PSX,131.32000732421875,131.86000061035156,130.38999938964844,131.4499969482422,125.66185760498048,2502600
2024-11-21,PSX,131.6199951171875,133.16000366210938,131.16000366210938,131.41000366210938,125.62361907958984,2218800
2024-11-21,PSX,131.6199951171875,133.16000366210938,131.16000366210938,131.41000366210938,125.62361907958984,2218800
2024-11-22,PSX,131.1999969482422,133.52000427246094,130.72000122070312,133.27000427246094,127.40172576904295,2480800
2024-11-22,PSX,131.1999969482422,133.52000427246094,130.72000122070312,133.27000427246094,127.40172576904295,2480800
2024-11-25,PSX,133.94000244140625,135.25999450683594,133.13999938964844,133.27999877929688,127.4112777709961,4455800
2024-11-25,PSX,133.94000244140625,135.25999450683594,133.13999938964844,133.27999877929688,127.4112777709961,4455800
2024-11-26,PSX,133.27999877929688,134.38999938964844,132.52000427246094,134.25,128.3385772705078,2705500
2024-11-26,PSX,133.27999877929688,134.38999938964844,132.52000427246094,134.25,128.3385772705078,2705500
2024-11-27,PSX,133.99000549316406,136.33999633789062,132.97999572753906,133.35000610351562,127.47820281982422,2151900
2024-11-27,PSX,133.99000549316406,136.33999633789062,132.97999572753906,133.35000610351562,127.47820281982422,2151900
2024-11-29,PSX,133.42999267578125,134.39999389648438,131.86000061035156,133.97999572753906,128.08045959472656,1402400
2024-11-29,PSX,133.42999267578125,134.39999389648438,131.86000061035156,133.97999572753906,128.08045959472656,1402400
2024-12-02,PSX,133.4199981689453,136.64999389648438,131.9600067138672,136.42999267578125,130.4225616455078,3319700
2024-12-02,PSX,133.4199981689453,136.64999389648438,131.9600067138672,136.42999267578125,130.4225616455078,3319700
2024-12-03,PSX,137.13999938964844,138.0,134.30999755859375,134.47999572753906,128.5584259033203,2313600
2024-12-03,PSX,137.13999938964844,138.0,134.30999755859375,134.47999572753906,128.5584259033203,2313600
2024-12-04,PSX,133.97999572753906,133.99000549316406,129.2899932861328,130.60000610351562,124.84929656982422,2594900
2024-12-04,PSX,133.97999572753906,133.99000549316406,129.2899932861328,130.60000610351562,124.84929656982422,2594900
2024-12-05,PSX,130.9199981689453,131.14999389648438,128.0800018310547,129.8300018310547,124.11318969726562,2928300
2024-12-05,PSX,130.9199981689453,131.14999389648438,128.0800018310547,129.8300018310547,124.11318969726562,2928300
2024-12-06,PSX,130.6300048828125,130.8699951171875,128.17999267578125,128.67999267578125,123.0138168334961,1926100
2024-12-06,PSX,130.6300048828125,130.8699951171875,128.17999267578125,128.67999267578125,123.0138168334961,1926100
2024-12-09,PSX,129.22999572753906,133.14999389648438,128.7100067138672,130.0800018310547,124.35218048095705,3475700
2024-12-09,PSX,129.22999572753906,133.14999389648438,128.7100067138672,130.0800018310547,124.35218048095705,3475700
2024-12-10,PSX,130.3800048828125,131.00999450683594,125.22000122070312,125.62000274658205,120.08856964111328,3124100
2024-12-10,PSX,130.3800048828125,131.00999450683594,125.22000122070312,125.62000274658205,120.08856964111328,3124100
2024-12-11,PSX,125.72000122070312,126.69000244140624,124.0199966430664,125.33000183105467,119.81134033203124,2596800
2024-12-11,PSX,125.72000122070312,126.69000244140624,124.0199966430664,125.33000183105467,119.81134033203124,2596800
2024-12-12,PSX,124.91999816894533,125.20999908447266,123.23999786376952,123.98999786376952,118.53033447265624,2646000
2024-12-12,PSX,124.91999816894533,125.20999908447266,123.23999786376952,123.98999786376952,118.53033447265624,2646000
2024-12-13,PSX,123.81999969482422,124.08000183105467,122.29000091552734,122.72000122070312,117.31626892089844,1825800
2024-12-13,PSX,123.81999969482422,124.08000183105467,122.29000091552734,122.72000122070312,117.31626892089844,1825800
2024-12-16,PSX,121.08999633789062,121.3499984741211,116.06999969482422,116.29000091552734,111.16939544677734,3653200
2024-12-16,PSX,121.08999633789062,121.3499984741211,116.06999969482422,116.29000091552734,111.16939544677734,3653200
2024-12-17,PSX,115.6500015258789,116.37000274658205,114.41000366210938,115.83000183105467,110.72964477539062,3608800
2024-12-17,PSX,115.6500015258789,116.37000274658205,114.41000366210938,115.83000183105467,110.72964477539062,3608800
2024-12-18,PSX,115.4800033569336,116.29000091552734,111.70999908447266,111.86000061035156,106.9344711303711,4211600
2024-12-18,PSX,115.4800033569336,116.29000091552734,111.70999908447266,111.86000061035156,106.9344711303711,4211600
2024-12-19,PSX,112.3000030517578,112.58999633789062,109.38999938964844,110.3499984741211,105.49095153808594,4445000
2024-12-19,PSX,112.3000030517578,112.58999633789062,109.38999938964844,110.3499984741211,105.49095153808594,4445000
2024-12-20,PSX,110.48999786376952,112.0500030517578,109.95999908447266,110.37000274658205,105.51007843017578,8178700
2024-12-20,PSX,110.48999786376952,112.0500030517578,109.95999908447266,110.37000274658205,105.51007843017578,8178700
2024-12-23,PSX,110.0999984741211,110.95999908447266,108.91000366210938,110.4800033569336,105.61522674560548,3365100
2024-12-23,PSX,110.0999984741211,110.95999908447266,108.91000366210938,110.4800033569336,105.61522674560548,3365100
2024-12-24,PSX,110.12000274658205,112.02999877929688,109.37999725341795,111.58000183105467,106.6667938232422,1448600
2024-12-24,PSX,110.12000274658205,112.02999877929688,109.37999725341795,111.58000183105467,106.6667938232422,1448600
2024-12-26,PSX,111.54000091552734,112.62000274658205,110.91000366210938,112.1999969482422,107.25949096679688,1794800
2024-12-26,PSX,111.54000091552734,112.62000274658205,110.91000366210938,112.1999969482422,107.25949096679688,1794800
2024-12-27,PSX,111.97000122070312,113.61000061035156,111.33000183105467,112.58999633789062,107.63232421875,2615000
2024-12-27,PSX,111.97000122070312,113.61000061035156,111.33000183105467,112.58999633789062,107.63232421875,2615000
2024-12-30,PSX,112.5999984741211,113.12000274658205,111.43000030517578,111.98999786376952,107.0587387084961,2567500
2024-12-30,PSX,112.5999984741211,113.12000274658205,111.43000030517578,111.98999786376952,107.0587387084961,2567500
2024-12-31,PSX,112.3000030517578,114.13999938964844,112.19000244140624,113.93000030517578,108.9133071899414,2989000
2024-12-31,PSX,112.3000030517578,114.13999938964844,112.19000244140624,113.93000030517578,108.9133071899414,2989000
2025-01-02,PSX,114.76000213623048,115.5,113.83000183105467,114.41000366210938,109.37218475341795,2538200
2025-01-02,PSX,114.76000213623048,115.5,113.83000183105467,114.41000366210938,109.37218475341795,2538200
2025-01-03,PSX,115.44000244140624,116.4499969482422,114.37000274658205,116.08999633789062,110.97819519042967,2046000
2025-01-03,PSX,115.44000244140624,116.4499969482422,114.37000274658205,116.08999633789062,110.97819519042967,2046000
2025-01-06,PSX,115.73999786376952,117.62999725341795,114.79000091552734,115.16999816894533,110.09870910644533,2324800
2025-01-06,PSX,115.73999786376952,117.62999725341795,114.79000091552734,115.16999816894533,110.09870910644533,2324800
2025-01-07,PSX,116.08000183105467,117.27999877929688,114.66999816894533,115.19000244140624,110.11783599853516,2526300
2025-01-07,PSX,116.08000183105467,117.27999877929688,114.66999816894533,115.19000244140624,110.11783599853516,2526300
2025-01-08,PSX,114.0500030517578,116.41999816894533,113.8000030517578,116.25,111.13116455078124,3037100
2025-01-08,PSX,114.0500030517578,116.41999816894533,113.8000030517578,116.25,111.13116455078124,3037100
2025-01-10,PSX,115.13999938964844,115.86000061035156,112.4800033569336,113.93000030517578,108.9133071899414,4525800
2025-01-10,PSX,115.13999938964844,115.86000061035156,112.4800033569336,113.93000030517578,108.9133071899414,4525800
2025-01-13,PSX,114.0,117.3000030517578,113.72000122070312,115.9800033569336,110.87305450439452,4153700
2025-01-13,PSX,114.0,117.3000030517578,113.72000122070312,115.9800033569336,110.87305450439452,4153700
2025-01-14,PSX,116.05999755859376,117.3000030517578,114.5199966430664,117.2699966430664,112.10623931884766,3284000
2025-01-14,PSX,116.05999755859376,117.3000030517578,114.5199966430664,117.2699966430664,112.10623931884766,3284000
2025-01-15,PSX,118.4499969482422,119.72000122070312,117.83000183105467,119.0,113.76007080078124,2643000
2025-01-15,PSX,118.4499969482422,119.72000122070312,117.83000183105467,119.0,113.76007080078124,2643000
2025-01-16,PSX,118.4499969482422,119.86000061035156,118.18000030517578,119.62999725341795,114.3623275756836,1985900
2025-01-16,PSX,118.4499969482422,119.86000061035156,118.18000030517578,119.62999725341795,114.3623275756836,1985900
2025-01-17,PSX,119.72000122070312,120.9800033569336,118.73999786376952,120.52999877929688,115.2227020263672,2722200
2025-01-17,PSX,119.72000122070312,120.9800033569336,118.73999786376952,120.52999877929688,115.2227020263672,2722200
2025-01-21,PSX,120.22000122070312,120.93000030517578,119.3499984741211,120.48999786376952,115.18445587158205,3605800
2025-01-21,PSX,120.22000122070312,120.93000030517578,119.3499984741211,120.48999786376952,115.18445587158205,3605800
2025-01-22,PSX,119.56999969482422,120.81999969482422,118.3499984741211,118.5500030517578,113.32988739013672,2166300
2025-01-22,PSX,119.56999969482422,120.81999969482422,118.3499984741211,118.5500030517578,113.32988739013672,2166300
2025-01-23,PSX,119.6500015258789,122.68000030517578,119.44000244140624,122.62000274658205,117.22067260742188,2233100
2025-01-23,PSX,119.6500015258789,122.68000030517578,119.44000244140624,122.62000274658205,117.22067260742188,2233100
2025-01-24,PSX,122.47000122070312,123.95999908447266,121.41999816894533,121.86000061035156,116.494140625,2196700
2025-01-24,PSX,122.47000122070312,123.95999908447266,121.41999816894533,121.86000061035156,116.494140625,2196700
2025-01-27,PSX,122.91000366210938,124.5999984741211,121.88999938964844,123.08000183105467,117.6604232788086,3029900
2025-01-27,PSX,122.91000366210938,124.5999984741211,121.88999938964844,123.08000183105467,117.6604232788086,3029900
2025-01-28,PSX,123.12000274658205,124.06999969482422,120.1999969482422,121.18000030517578,115.84407806396484,3025400
2025-01-28,PSX,123.12000274658205,124.06999969482422,120.1999969482422,121.18000030517578,115.84407806396484,3025400
2025-01-29,PSX,121.20999908447266,123.30999755859376,121.0500030517578,122.16000366210938,116.78092956542967,1720100
2025-01-29,PSX,121.20999908447266,123.30999755859376,121.0500030517578,122.16000366210938,116.78092956542967,1720100
2025-01-30,PSX,124.4499969482422,124.55999755859376,119.80999755859376,120.83999633789062,115.51904296875,3878900
2025-01-30,PSX,124.4499969482422,124.55999755859376,119.80999755859376,120.83999633789062,115.51904296875,3878900
2025-01-31,PSX,119.95999908447266,120.83000183105467,116.72000122070312,117.87000274658205,112.67982482910156,7253700
2025-01-31,PSX,119.95999908447266,120.83000183105467,116.72000122070312,117.87000274658205,112.67982482910156,7253700
2025-02-03,PSX,117.38999938964844,118.38999938964844,115.25,117.86000061035156,112.67027282714844,5210100
2025-02-03,PSX,117.38999938964844,118.38999938964844,115.25,117.86000061035156,112.67027282714844,5210100
2025-02-04,PSX,118.05999755859376,123.63999938964844,117.41999816894533,123.61000061035156,118.16708374023438,3756000
2025-02-04,PSX,118.05999755859376,123.63999938964844,117.41999816894533,123.61000061035156,118.16708374023438,3756000
2025-02-05,PSX,123.33000183105467,124.26000213623048,122.27999877929688,123.31999969482422,117.8898468017578,2495300
2025-02-05,PSX,123.33000183105467,124.26000213623048,122.27999877929688,123.31999969482422,117.8898468017578,2495300
2025-02-06,PSX,124.48999786376952,124.87000274658205,120.38999938964844,120.81999969482422,115.49993133544922,3106800
2025-02-06,PSX,124.48999786376952,124.87000274658205,120.38999938964844,120.81999969482422,115.49993133544922,3106800
2025-02-07,PSX,121.56999969482422,121.73999786376952,119.81999969482422,120.3000030517578,115.0028305053711,2263000
2025-02-07,PSX,121.56999969482422,121.73999786376952,119.81999969482422,120.3000030517578,115.0028305053711,2263000
2025-02-10,PSX,121.4000015258789,123.9499969482422,121.1500015258789,123.70999908447266,118.2626724243164,2465200
2025-02-10,PSX,121.4000015258789,123.9499969482422,121.1500015258789,123.70999908447266,118.2626724243164,2465200
2025-02-11,PSX,130.0,132.0,127.66000366210938,129.5500030517578,123.84552001953124,7531200
2025-02-11,PSX,130.0,132.0,127.66000366210938,129.5500030517578,123.84552001953124,7531200
2025-02-12,PSX,128.75,128.85000610351562,124.58999633789062,125.04000091552734,119.53411865234376,3896000
2025-02-12,PSX,128.75,128.85000610351562,124.58999633789062,125.04000091552734,119.53411865234376,3896000
2025-02-13,PSX,124.73999786376952,127.0199966430664,122.83999633789062,125.54000091552734,120.01209259033205,2990200
2025-02-13,PSX,124.73999786376952,127.0199966430664,122.83999633789062,125.54000091552734,120.01209259033205,2990200
2025-02-14,PSX,126.05999755859376,128.97999572753906,125.70999908447266,128.0399932861328,122.40200805664062,3285900
2025-02-14,PSX,126.05999755859376,128.97999572753906,125.70999908447266,128.0399932861328,122.40200805664062,3285900
2025-02-18,PSX,128.4199981689453,131.5500030517578,127.73999786376952,130.27999877929688,124.54338073730467,4402600
2025-02-18,PSX,128.4199981689453,131.5500030517578,127.73999786376952,130.27999877929688,124.54338073730467,4402600
2025-02-19,PSX,130.0399932861328,132.66000366210938,129.69000244140625,129.9600067138672,124.23747253417967,3631100
2025-02-19,PSX,130.0399932861328,132.66000366210938,129.69000244140625,129.9600067138672,124.23747253417967,3631100
2025-02-20,PSX,129.88999938964844,132.2899932861328,129.24000549316406,131.5500030517578,125.7574691772461,3154300
2025-02-20,PSX,129.88999938964844,132.2899932861328,129.24000549316406,131.5500030517578,125.7574691772461,3154300
2025-02-21,PSX,131.2100067138672,131.9199981689453,128.72999572753906,128.77999877929688,123.1094207763672,12517500
2025-02-21,PSX,131.2100067138672,131.9199981689453,128.72999572753906,128.77999877929688,123.1094207763672,12517500
2025-02-24,PSX,127.62999725341795,128.41000366210938,126.16999816894533,127.08000183105467,122.57891082763672,5831100
2025-02-24,PSX,127.62999725341795,128.41000366210938,126.16999816894533,127.08000183105467,122.57891082763672,5831100
2025-02-25,PSX,127.3000030517578,129.30999755859375,125.8499984741211,126.26000213623048,121.78795623779295,2689400
2025-02-25,PSX,127.3000030517578,129.30999755859375,125.8499984741211,126.26000213623048,121.78795623779295,2689400
2025-02-26,PSX,126.30999755859376,127.5999984741211,124.08999633789062,125.44000244140624,120.99700164794922,3947000
2025-02-26,PSX,126.30999755859376,127.5999984741211,124.08999633789062,125.44000244140624,120.99700164794922,3947000
2025-02-27,PSX,126.12999725341795,128.80999755859375,125.11000061035156,127.41000366210938,122.897216796875,2701700
2025-02-27,PSX,126.12999725341795,128.80999755859375,125.11000061035156,127.41000366210938,122.897216796875,2701700
2025-02-28,PSX,126.94000244140624,130.25,125.9499969482422,129.69000244140625,125.09646606445312,5739900
2025-02-28,PSX,126.94000244140624,130.25,125.9499969482422,129.69000244140625,125.09646606445312,5739900
2025-03-03,PSX,130.75,131.0,124.5999984741211,124.98999786376952,120.56292724609376,6055200
2025-03-03,PSX,130.75,131.0,124.5999984741211,124.98999786376952,120.56292724609376,6055200
2025-03-04,PSX,123.8499984741211,124.20999908447266,119.37999725341795,122.29000091552734,117.95857238769533,4322300
2025-03-04,PSX,123.8499984741211,124.20999908447266,119.37999725341795,122.29000091552734,117.95857238769533,4322300
2025-03-05,PSX,121.4000015258789,122.1999969482422,116.69000244140624,119.73999786376952,115.49888610839844,4202700
2025-03-05,PSX,121.4000015258789,122.1999969482422,116.69000244140624,119.73999786376952,115.49888610839844,4202700
2025-03-06,PSX,118.88999938964844,122.98999786376952,118.2699966430664,122.79000091552734,118.44086456298828,3058500
2025-03-06,PSX,118.88999938964844,122.98999786376952,118.2699966430664,122.79000091552734,118.44086456298828,3058500
2025-03-07,PSX,122.55999755859376,127.0500030517578,122.55999755859376,126.18000030517578,121.71078491210938,3463700
2025-03-07,PSX,122.55999755859376,127.0500030517578,122.55999755859376,126.18000030517578,121.71078491210938,3463700
2025-03-10,PSX,126.55999755859376,128.91000366210938,124.91999816894533,126.12999725341795,121.6625518798828,3571500
2025-03-10,PSX,126.55999755859376,128.91000366210938,124.91999816894533,126.12999725341795,121.6625518798828,3571500
2025-03-11,PSX,126.72000122070312,126.88999938964844,121.86000061035156,123.5500030517578,119.17394256591795,4125200
2025-03-11,PSX,126.72000122070312,126.88999938964844,121.86000061035156,123.5500030517578,119.17394256591795,4125200
2025-03-12,PSX,122.9800033569336,124.9000015258789,122.25,123.9800033569336,119.58870697021484,3194500
2025-03-12,PSX,122.9800033569336,124.9000015258789,122.25,123.9800033569336,119.58870697021484,3194500
2025-03-13,PSX,123.68000030517578,126.56999969482422,121.72000122070312,122.5,118.16111755371094,5283100
2025-03-13,PSX,123.68000030517578,126.56999969482422,121.72000122070312,122.5,118.16111755371094,5283100
2025-03-14,PSX,123.58999633789062,127.08000183105467,122.37000274658205,126.7300033569336,122.2413101196289,3469800
2025-03-14,PSX,123.58999633789062,127.08000183105467,122.37000274658205,126.7300033569336,122.2413101196289,3469800
2025-03-17,PSX,127.08000183105467,129.82000732421875,126.58000183105467,129.19000244140625,124.61417388916016,3865400
2025-03-17,PSX,127.08000183105467,129.82000732421875,126.58000183105467,129.19000244140625,124.61417388916016,3865400
2025-03-18,PSX,129.94000244140625,130.22000122070312,127.68000030517578,128.41000366210938,123.8617935180664,2627800
2025-03-18,PSX,129.94000244140625,130.22000122070312,127.68000030517578,128.41000366210938,123.8617935180664,2627800
2025-03-19,PSX,128.5,129.77000427246094,127.16000366210938,129.0,124.43090057373048,2194200
2025-03-19,PSX,128.5,129.77000427246094,127.16000366210938,129.0,124.43090057373048,2194200
2025-03-20,PSX,127.95999908447266,129.3000030517578,127.37000274658205,128.82000732421875,124.2572784423828,2134200
2025-03-20,PSX,127.95999908447266,129.3000030517578,127.37000274658205,128.82000732421875,124.2572784423828,2134200
2025-03-21,PSX,128.52999877929688,129.0500030517578,124.79000091552734,125.48999786376952,121.04521942138672,4624600
2025-03-21,PSX,128.52999877929688,129.0500030517578,124.79000091552734,125.48999786376952,121.04521942138672,4624600
2025-03-24,PSX,125.5500030517578,127.5999984741211,124.97000122070312,126.47000122070312,121.99051666259766,4032700
2025-03-24,PSX,125.5500030517578,127.5999984741211,124.97000122070312,126.47000122070312,121.99051666259766,4032700
2025-03-25,PSX,126.94000244140624,127.97000122070312,125.29000091552734,125.48999786376952,121.04521942138672,2331800
2025-03-25,PSX,126.94000244140624,127.97000122070312,125.29000091552734,125.48999786376952,121.04521942138672,2331800
2025-03-26,PSX,126.91000366210938,128.6300048828125,126.0999984741211,126.56999969482422,122.08697509765624,1714700
2025-03-26,PSX,126.91000366210938,128.6300048828125,126.0999984741211,126.56999969482422,122.08697509765624,1714700
2025-03-27,PSX,125.22000122070312,125.86000061035156,123.72000122070312,124.72000122070312,120.30249786376952,1762300
2025-03-27,PSX,125.22000122070312,125.86000061035156,123.72000122070312,124.72000122070312,120.30249786376952,1762300
2025-03-28,PSX,124.52999877929688,125.0,121.23999786376952,121.76000213623048,117.44733428955078,2433200
2025-03-28,PSX,124.52999877929688,125.0,121.23999786376952,121.76000213623048,117.44733428955078,2433200
2025-03-31,PSX,121.23999786376952,124.3499984741211,120.77999877929688,123.4800033569336,119.10641479492188,2179300
2025-03-31,PSX,121.23999786376952,124.3499984741211,120.77999877929688,123.4800033569336,119.10641479492188,2179300
2025-04-01,PSX,123.62000274658205,124.63999938964844,120.52999877929688,124.3499984741211,119.94559478759766,2000900
2025-04-01,PSX,123.62000274658205,124.63999938964844,120.52999877929688,124.3499984741211,119.94559478759766,2000900
2025-04-02,PSX,123.0,124.20999908447266,122.54000091552734,124.05999755859376,119.6658706665039,2216600
2025-04-02,PSX,123.0,124.20999908447266,122.54000091552734,124.05999755859376,119.6658706665039,2216600
2025-04-03,PSX,117.45999908447266,118.77999877929688,106.6500015258789,107.18000030517578,103.38375091552734,6785500
2025-04-03,PSX,117.45999908447266,118.77999877929688,106.6500015258789,107.18000030517578,103.38375091552734,6785500
2025-04-04,PSX,102.63999938964844,103.37999725341795,95.66999816894533,98.80999755859376,95.31021118164062,6421200
2025-04-04,PSX,102.63999938964844,103.37999725341795,95.66999816894533,98.80999755859376,95.31021118164062,6421200
2025-04-07,PSX,95.44000244140624,102.02999877929688,93.0,96.58999633789062,93.16883850097656,5958300
2025-04-07,PSX,95.44000244140624,102.02999877929688,93.0,96.58999633789062,93.16883850097656,5958300
2025-04-08,PSX,99.1500015258789,99.98999786376952,91.18000030517578,92.87000274658205,89.58061218261719,4682400
2025-04-08,PSX,99.1500015258789,99.98999786376952,91.18000030517578,92.87000274658205,89.58061218261719,4682400
2025-04-09,PSX,91.5999984741211,105.80999755859376,91.01000213623048,103.12999725341795,99.4771957397461,11450700
2025-04-09,PSX,91.5999984741211,105.80999755859376,91.01000213623048,103.12999725341795,99.4771957397461,11450700
2025-04-10,PSX,100.13999938964844,101.11000061035156,93.69000244140624,96.98999786376952,93.55467224121094,4512400
2025-04-10,PSX,100.13999938964844,101.11000061035156,93.69000244140624,96.98999786376952,93.55467224121094,4512400
2025-04-11,PSX,96.70999908447266,98.27999877929688,93.5,97.37999725341795,93.93085479736328,3572000
2025-04-11,PSX,96.70999908447266,98.27999877929688,93.5,97.37999725341795,93.93085479736328,3572000
2025-04-14,PSX,99.73999786376952,100.16000366210938,96.13999938964844,97.81999969482422,94.35527801513672,2524000
2025-04-14,PSX,99.73999786376952,100.16000366210938,96.13999938964844,97.81999969482422,94.35527801513672,2524000
2025-04-15,PSX,97.73999786376952,99.16000366210938,96.12000274658205,96.20999908447266,92.80230712890624,2347800
2025-04-15,PSX,97.73999786376952,99.16000366210938,96.12000274658205,96.20999908447266,92.80230712890624,2347800
2025-04-16,PSX,96.66000366210938,98.83999633789062,96.11000061035156,96.56999969482422,93.14955139160156,1951900
2025-04-16,PSX,96.66000366210938,98.83999633789062,96.11000061035156,96.56999969482422,93.14955139160156,1951900
2025-04-17,PSX,97.8499984741211,100.29000091552734,97.70999908447266,99.0999984741211,95.58993530273438,2437300
2025-04-17,PSX,97.8499984741211,100.29000091552734,97.70999908447266,99.0999984741211,95.58993530273438,2437300
2025-04-21,PSX,97.4499969482422,97.6999969482422,95.6999969482422,97.01000213623048,93.57396697998048,2326600
2025-04-21,PSX,97.4499969482422,97.6999969482422,95.6999969482422,97.01000213623048,93.57396697998048,2326600
2025-04-22,PSX,99.37999725341795,101.3000030517578,98.4499969482422,100.9000015258789,97.32618713378906,2908600
2025-04-22,PSX,99.37999725341795,101.3000030517578,98.4499969482422,100.9000015258789,97.32618713378906,2908600
2025-04-23,PSX,103.31999969482422,104.8000030517578,101.87000274658205,102.77999877929688,99.13959503173828,3055100
2025-04-23,PSX,103.31999969482422,104.8000030517578,101.87000274658205,102.77999877929688,99.13959503173828,3055100
2025-04-24,PSX,103.56999969482422,105.05999755859376,102.7300033569336,104.69000244140624,100.98194885253906,2536800
2025-04-24,PSX,103.56999969482422,105.05999755859376,102.7300033569336,104.69000244140624,100.98194885253906,2536800
2025-04-25,PSX,103.27999877929688,104.05999755859376,101.54000091552734,103.97000122070312,100.28744506835938,3056400
2025-04-25,PSX,103.27999877929688,104.05999755859376,101.54000091552734,103.97000122070312,100.28744506835938,3056400
2025-04-28,PSX,103.29000091552734,106.27999877929688,103.02999877929688,105.77999877929688,102.03333282470705,2295500
2025-04-28,PSX,103.29000091552734,106.27999877929688,103.02999877929688,105.77999877929688,102.03333282470705,2295500
2025-04-29,PSX,104.33000183105467,106.36000061035156,104.33000183105467,106.0,102.24554443359376,1564400
2025-04-29,PSX,104.33000183105467,106.36000061035156,104.33000183105467,106.0,102.24554443359376,1564400
2025-04-30,PSX,104.36000061035156,104.52999877929688,102.16000366210938,104.05999755859376,100.374267578125,3211100
2025-04-30,PSX,104.36000061035156,104.52999877929688,102.16000366210938,104.05999755859376,100.374267578125,3211100
2025-05-01,PSX,104.2699966430664,105.70999908447266,103.3499984741211,103.45999908447266,99.7955093383789,2608600
2025-05-01,PSX,104.2699966430664,105.70999908447266,103.3499984741211,103.45999908447266,99.7955093383789,2608600
2025-05-02,PSX,105.23999786376952,107.48999786376952,103.37999725341795,107.1500015258789,103.35481262207033,2588700
2025-05-02,PSX,105.23999786376952,107.48999786376952,103.37999725341795,107.1500015258789,103.35481262207033,2588700
2025-05-05,PSX,105.83000183105467,108.56999969482422,105.70999908447266,106.9000015258789,103.1136703491211,2710900
2025-05-05,PSX,105.83000183105467,108.56999969482422,105.70999908447266,106.9000015258789,103.1136703491211,2710900
2025-05-06,PSX,107.1999969482422,108.22000122070312,105.37999725341795,105.38999938964844,101.65715026855467,2348500
2025-05-06,PSX,107.1999969482422,108.22000122070312,105.37999725341795,105.38999938964844,101.65715026855467,2348500
2025-05-07,PSX,105.47000122070312,106.33999633789062,104.83000183105467,105.5500030517578,101.81149291992188,1748000
2025-05-07,PSX,105.47000122070312,106.33999633789062,104.83000183105467,105.5500030517578,101.81149291992188,1748000
2025-05-08,PSX,106.38999938964844,110.3499984741211,106.33999633789062,109.19000244140624,105.32256317138672,2679800
2025-05-08,PSX,106.38999938964844,110.3499984741211,106.33999633789062,109.19000244140624,105.32256317138672,2679800
2025-05-09,PSX,110.58999633789062,111.16999816894533,109.38999938964844,110.91999816894533,106.99127960205078,2396800
2025-05-09,PSX,110.58999633789062,111.16999816894533,109.38999938964844,110.91999816894533,106.99127960205078,2396800
2025-05-12,PSX,117.54000091552734,119.6999969482422,117.3000030517578,118.68000030517578,114.47643280029295,4529700
2025-05-12,PSX,117.54000091552734,119.6999969482422,117.3000030517578,118.68000030517578,114.47643280029295,4529700
2025-05-13,PSX,123.61000061035156,126.69000244140624,121.20999908447266,125.56999969482422,121.12239074707033,11117000
2025-05-13,PSX,123.61000061035156,126.69000244140624,121.20999908447266,125.56999969482422,121.12239074707033,11117000
2025-05-14,PSX,124.0999984741211,125.86000061035156,123.83999633789062,124.6999969482422,120.283203125,3215900
2025-05-14,PSX,124.0999984741211,125.86000061035156,123.83999633789062,124.6999969482422,120.283203125,3215900
2025-05-15,PSX,123.02999877929688,125.0199966430664,122.6500015258789,124.7699966430664,120.3507308959961,2372000
2025-05-15,PSX,123.02999877929688,125.0199966430664,122.6500015258789,124.7699966430664,120.3507308959961,2372000
2025-05-16,PSX,125.33999633789062,125.81999969482422,123.0500030517578,125.7300033569336,121.27672576904295,3242800
2025-05-16,PSX,125.33999633789062,125.81999969482422,123.0500030517578,125.7300033569336,121.27672576904295,3242800
2025-05-19,PSX,122.77999877929688,124.1500015258789,121.20999908447266,122.18000030517578,118.98811340332033,3770000
2025-05-19,PSX,122.77999877929688,124.1500015258789,121.20999908447266,122.18000030517578,118.98811340332033,3770000
2025-05-20,PSX,122.30999755859376,122.9499969482422,120.5999984741211,120.9000015258789,117.7415542602539,2831700
2025-05-20,PSX,122.30999755859376,122.9499969482422,120.5999984741211,120.9000015258789,117.7415542602539,2831700
2025-05-21,PSX,116.66000366210938,116.9499969482422,111.41000366210938,111.77999877929688,108.85980224609376,7211900
2025-05-21,PSX,116.66000366210938,116.9499969482422,111.41000366210938,111.77999877929688,108.85980224609376,7211900
2025-05-22,PSX,111.63999938964844,114.04000091552734,109.75,112.9800033569336,110.0284652709961,3588100
2025-05-22,PSX,111.63999938964844,114.04000091552734,109.75,112.9800033569336,110.0284652709961,3588100
2025-05-23,PSX,111.5199966430664,113.37999725341795,111.41000366210938,113.12999725341795,110.1745376586914,2248700
2025-05-23,PSX,111.5199966430664,113.37999725341795,111.41000366210938,113.12999725341795,110.1745376586914,2248700
2025-05-27,PSX,114.16000366210938,115.56999969482422,113.08000183105467,114.33000183105467,111.34319305419922,2832700
2025-05-27,PSX,114.16000366210938,115.56999969482422,113.08000183105467,114.33000183105467,111.34319305419922,2832700
2025-05-28,PSX,115.2699966430664,115.45999908447266,112.51000213623048,112.7699966430664,109.82394409179688,2006400
2025-05-28,PSX,115.2699966430664,115.45999908447266,112.51000213623048,112.7699966430664,109.82394409179688,2006400
2025-05-29,PSX,112.87999725341795,115.0500030517578,112.29000091552734,114.68000030517578,111.68405151367188,2609900
2025-05-29,PSX,112.87999725341795,115.0500030517578,112.29000091552734,114.68000030517578,111.68405151367188,2609900
2025-05-30,PSX,114.33999633789062,114.95999908447266,113.16000366210938,113.4800033569336,110.5154037475586,4559900
2025-05-30,PSX,114.33999633789062,114.95999908447266,113.16000366210938,113.4800033569336,110.5154037475586,4559900
2025-06-02,PSX,115.08000183105467,115.33999633789062,111.19000244140624,114.27999877929688,111.29450225830078,2841300
2025-06-02,PSX,115.08000183105467,115.33999633789062,111.19000244140624,114.27999877929688,111.29450225830078,2841300
2025-06-03,PSX,114.5,117.7699966430664,113.13999938964844,115.97000122070312,112.94034576416016,2065500
2025-06-03,PSX,114.5,117.7699966430664,113.13999938964844,115.97000122070312,112.94034576416016,2065500
2025-06-04,PSX,115.41999816894533,116.69000244140624,111.81999969482422,112.4800033569336,109.54151916503906,3686100
2025-06-04,PSX,115.41999816894533,116.69000244140624,111.81999969482422,112.4800033569336,109.54151916503906,3686100
2025-06-05,PSX,113.04000091552734,113.45999908447266,111.37000274658205,112.2300033569336,109.29805755615234,2836300
2025-06-05,PSX,113.04000091552734,113.45999908447266,111.37000274658205,112.2300033569336,109.29805755615234,2836300
2025-06-06,PSX,113.43000030517578,115.0,112.9499969482422,114.29000091552734,111.30423736572266,2821100
2025-06-06,PSX,113.43000030517578,115.0,112.9499969482422,114.29000091552734,111.30423736572266,2821100
2025-06-09,PSX,115.75,117.69000244140624,114.54000091552734,116.0999984741211,113.06695556640624,2804000
2025-06-09,PSX,115.75,117.69000244140624,114.54000091552734,116.0999984741211,113.06695556640624,2804000
2025-06-10,PSX,117.45999908447266,120.01000213623048,117.1500015258789,118.6999969482422,115.5990219116211,2314600
2025-06-10,PSX,117.45999908447266,120.01000213623048,117.1500015258789,118.6999969482422,115.5990219116211,2314600
2025-06-11,PSX,119.58999633789062,121.26000213623048,118.25,120.9499969482422,117.79024505615234,2413800
2025-06-11,PSX,119.58999633789062,121.26000213623048,118.25,120.9499969482422,117.79024505615234,2413800
2025-06-12,PSX,119.70999908447266,122.0,119.0500030517578,121.5199966430664,118.34535217285156,2442400
2025-06-12,PSX,119.70999908447266,122.0,119.0500030517578,121.5199966430664,118.34535217285156,2442400
2025-06-13,PSX,122.0,123.43000030517578,121.0,122.1500015258789,118.95890045166016,3074600
2025-06-13,PSX,122.0,123.43000030517578,121.0,122.1500015258789,118.95890045166016,3074600
2025-06-16,PSX,122.1999969482422,124.37000274658205,121.58000183105467,123.62000274658205,120.39049530029295,4164300
2025-06-16,PSX,122.1999969482422,124.37000274658205,121.58000183105467,123.62000274658205,120.39049530029295,4164300
2025-06-17,PSX,124.5,125.76000213623048,123.5999984741211,124.54000091552734,121.28646087646484,5513800
2025-06-17,PSX,124.5,125.76000213623048,123.5999984741211,124.54000091552734,121.28646087646484,5513800
2025-06-18,PSX,124.54000091552734,126.38999938964844,123.5199966430664,124.81999969482422,121.55915069580078,5788600
2025-06-18,PSX,124.54000091552734,126.38999938964844,123.5199966430664,124.81999969482422,121.55915069580078,5788600
2025-06-20,PSX,125.33999633789062,126.30999755859376,123.94000244140624,124.77999877929688,121.52019500732422,8494400
2025-06-20,PSX,125.33999633789062,126.30999755859376,123.94000244140624,124.77999877929688,121.52019500732422,8494400
2025-06-23,PSX,125.45999908447266,125.45999908447266,120.43000030517578,121.02999877929688,117.86815643310548,4503100
2025-06-23,PSX,125.45999908447266,125.45999908447266,120.43000030517578,121.02999877929688,117.86815643310548,4503100
2025-06-24,PSX,120.63999938964844,121.95999908447266,118.79000091552734,119.45999908447266,116.33917999267578,4171300
2025-06-24,PSX,120.63999938964844,121.95999908447266,118.79000091552734,119.45999908447266,116.33917999267578,4171300
2025-06-25,PSX,119.20999908447266,120.98999786376952,118.5,119.62999725341795,116.50473022460938,2866900
2025-06-25,PSX,119.20999908447266,120.98999786376952,118.5,119.62999725341795,116.50473022460938,2866900
2025-06-26,PSX,120.0,120.88999938964844,118.86000061035156,120.16999816894533,117.03062438964844,3066300
2025-06-26,PSX,120.0,120.88999938964844,118.86000061035156,120.16999816894533,117.03062438964844,3066300
2025-06-27,PSX,119.63999938964844,120.31999969482422,118.0,119.25,116.1346664428711,10132700
2025-06-27,PSX,119.63999938964844,120.31999969482422,118.0,119.25,116.1346664428711,10132700
2025-06-30,PSX,118.51000213623048,120.16999816894533,118.18000030517578,119.3000030517578,116.18335723876952,2060700
2025-06-30,PSX,118.51000213623048,120.16999816894533,118.18000030517578,119.3000030517578,116.18335723876952,2060700
2025-07-01,PSX,119.27999877929688,124.43000030517578,118.87000274658205,123.1500015258789,119.93277740478516,2731500
2025-07-01,PSX,119.27999877929688,124.43000030517578,118.87000274658205,123.1500015258789,119.93277740478516,2731500
2025-07-02,PSX,124.54000091552734,126.54000091552734,122.95999908447266,126.45999908447266,123.15630340576172,2128400
2025-07-02,PSX,124.54000091552734,126.54000091552734,122.95999908447266,126.45999908447266,123.15630340576172,2128400
2025-07-03,PSX,126.04000091552734,128.44000244140625,125.30999755859376,127.29000091552734,123.9646224975586,1290900
2025-07-03,PSX,126.04000091552734,128.44000244140625,125.30999755859376,127.29000091552734,123.9646224975586,1290900
2025-07-07,PSX,126.41999816894533,128.39999389648438,125.23999786376952,126.4000015258789,123.0978775024414,2091000
2025-07-07,PSX,126.41999816894533,128.39999389648438,125.23999786376952,126.4000015258789,123.0978775024414,2091000
2025-07-08,PSX,126.62999725341795,130.57000732421875,126.62999725341795,130.0,126.60382080078124,3821500
2025-07-08,PSX,126.62999725341795,130.57000732421875,126.62999725341795,130.0,126.60382080078124,3821500
2025-07-09,PSX,130.0,132.22000122070312,129.66000366210938,130.50999450683594,127.10050964355467,3160600
2025-07-09,PSX,130.0,132.22000122070312,129.66000366210938,130.50999450683594,127.10050964355467,3160600
2025-07-10,PSX,130.69000244140625,134.66000366210938,129.82000732421875,134.38999938964844,130.87913513183594,2711700
2025-07-10,PSX,130.69000244140625,134.66000366210938,129.82000732421875,134.38999938964844,130.87913513183594,2711700
2025-07-11,PSX,133.10000610351562,133.5399932861328,131.42999267578125,131.7100067138672,128.26914978027344,1680000
2025-07-11,PSX,133.10000610351562,133.5399932861328,131.42999267578125,131.7100067138672,128.26914978027344,1680000
2025-07-14,PSX,130.7100067138672,131.35000610351562,128.4499969482422,129.00999450683594,125.63968658447266,1933200
2025-07-14,PSX,130.7100067138672,131.35000610351562,128.4499969482422,129.00999450683594,125.63968658447266,1933200
2025-07-15,PSX,129.75999450683594,130.07000732421875,128.14999389648438,128.27000427246094,124.91901397705078,1995200
2025-07-15,PSX,129.75999450683594,130.07000732421875,128.14999389648438,128.27000427246094,124.91901397705078,1995200
2025-07-16,PSX,127.51000213623048,128.5399932861328,123.55999755859376,123.66999816894533,120.4391860961914,3438000
2025-07-16,PSX,127.51000213623048,128.5399932861328,123.55999755859376,123.66999816894533,120.4391860961914,3438000
2025-07-17,PSX,123.45999908447266,125.47000122070312,123.0,125.18000030517578,121.90974426269533,2609000
2025-07-17,PSX,123.45999908447266,125.47000122070312,123.0,125.18000030517578,121.90974426269533,2609000
2025-07-18,PSX,126.4499969482422,127.30999755859376,125.3000030517578,125.9000015258789,122.61093139648438,3256700
2025-07-18,PSX,126.4499969482422,127.30999755859376,125.3000030517578,125.9000015258789,122.61093139648438,3256700
2025-07-21,PSX,126.30999755859376,127.76000213623048,125.62000274658205,126.0500030517578,122.75701904296876,2505300
2025-07-21,PSX,126.30999755859376,127.76000213623048,125.62000274658205,126.0500030517578,122.75701904296876,2505300
2025-07-22,PSX,126.0,127.56999969482422,125.80999755859376,126.16000366210938,122.86415100097656,2224900
2025-07-22,PSX,126.0,127.56999969482422,125.80999755859376,126.16000366210938,122.86415100097656,2224900
2025-07-23,PSX,126.68000030517578,128.05999755859375,126.16000366210938,127.8499984741211,124.5099868774414,2281300
2025-07-23,PSX,126.68000030517578,128.05999755859375,126.16000366210938,127.8499984741211,124.5099868774414,2281300
2025-07-24,PSX,126.7300033569336,127.0999984741211,122.55999755859376,124.31999969482422,121.07220458984376,3508200
2025-07-24,PSX,126.7300033569336,127.0999984741211,122.55999755859376,124.31999969482422,121.07220458984376,3508200
2025-07-25,PSX,125.80999755859376,126.79000091552734,122.73999786376952,124.97000122070312,121.70523071289062,3666300
2025-07-25,PSX,125.80999755859376,126.79000091552734,122.73999786376952,124.97000122070312,121.70523071289062,3666300
2025-07-28,PSX,125.55999755859376,127.83000183105467,125.55999755859376,127.69000244140624,124.35417175292967,2690400
2025-07-28,PSX,125.55999755859376,127.83000183105467,125.55999755859376,127.69000244140624,124.35417175292967,2690400
2025-07-29,PSX,127.36000061035156,128.52000427246094,126.08000183105467,128.41000366210938,125.05535888671876,2395700
2025-07-29,PSX,127.36000061035156,128.52000427246094,126.08000183105467,128.41000366210938,125.05535888671876,2395700
2025-07-30,PSX,127.22000122070312,127.58999633789062,123.7699966430664,124.4000015258789,121.15011596679688,3193800
2025-07-30,PSX,127.22000122070312,127.58999633789062,123.7699966430664,124.4000015258789,121.15011596679688,3193800
2025-07-31,PSX,124.33999633789062,125.02999877929688,122.97000122070312,123.58000183105467,120.3515396118164,3925900
2025-07-31,PSX,124.33999633789062,125.02999877929688,122.97000122070312,123.58000183105467,120.3515396118164,3925900
2025-08-01,PSX,121.87999725341795,122.38999938964844,119.16999816894533,119.5999984741211,116.47551727294922,2162500
2025-08-01,PSX,121.87999725341795,122.38999938964844,119.16999816894533,119.5999984741211,116.47551727294922,2162500
2025-08-04,PSX,120.27999877929688,122.0199966430664,119.5999984741211,121.45999908447266,118.28692626953124,2102200
2025-08-04,PSX,120.27999877929688,122.0199966430664,119.5999984741211,121.45999908447266,118.28692626953124,2102200
2025-08-05,PSX,122.5,122.63999938964844,119.8000030517578,122.06999969482422,118.88098907470705,1512700
2025-08-05,PSX,122.5,122.63999938964844,119.8000030517578,122.06999969482422,118.88098907470705,1512700
2025-08-06,PSX,122.9000015258789,123.27999877929688,119.27999877929688,119.83999633789062,116.70924377441406,2080700
2025-08-06,PSX,122.9000015258789,123.27999877929688,119.27999877929688,119.83999633789062,116.70924377441406,2080700
2025-08-07,PSX,121.52999877929688,122.33999633789062,119.06999969482422,119.3000030517578,116.18335723876952,1587400
2025-08-07,PSX,121.52999877929688,122.33999633789062,119.06999969482422,119.3000030517578,116.18335723876952,1587400
2025-08-08,PSX,119.66999816894533,120.83999633789062,118.87999725341795,119.12999725341795,116.01779174804688,1694200
2025-08-08,PSX,119.66999816894533,120.83999633789062,118.87999725341795,119.12999725341795,116.01779174804688,1694200
2025-08-11,PSX,119.79000091552734,120.6999969482422,118.06999969482422,118.37000274658205,115.27764892578124,1699600
2025-08-11,PSX,119.79000091552734,120.6999969482422,118.06999969482422,118.37000274658205,115.27764892578124,1699600
2025-08-12,PSX,119.2300033569336,121.70999908447266,118.63999938964844,120.04000091552734,116.90402221679688,1749200
2025-08-12,PSX,119.2300033569336,121.70999908447266,118.63999938964844,120.04000091552734,116.90402221679688,1749200
2025-08-13,PSX,119.91000366210938,122.58000183105467,119.54000091552734,122.58000183105467,119.3776626586914,2359200
2025-08-13,PSX,119.91000366210938,122.58000183105467,119.54000091552734,122.58000183105467,119.3776626586914,2359200
2025-08-14,PSX,121.16000366210938,122.9499969482422,119.8000030517578,122.7300033569336,119.52375030517578,2095600
2025-08-14,PSX,121.16000366210938,122.9499969482422,119.8000030517578,122.7300033569336,119.52375030517578,2095600
2025-08-15,PSX,123.54000091552734,124.8499984741211,122.56999969482422,123.61000061035156,120.3807601928711,2303700
2025-08-15,PSX,123.54000091552734,124.8499984741211,122.56999969482422,123.61000061035156,120.3807601928711,2303700
2025-08-18,PSX,122.43000030517578,123.52999877929688,122.25,122.83999633789062,119.63087463378906,1857900
2025-08-18,PSX,122.43000030517578,123.52999877929688,122.25,122.83999633789062,119.63087463378906,1857900
2025-08-19,PSX,121.5500030517578,124.0999984741211,121.23999786376952,122.16999816894533,120.15211486816406,1600400
2025-08-19,PSX,121.5500030517578,124.0999984741211,121.23999786376952,122.16999816894533,120.15211486816406,1600400
2025-08-20,PSX,122.86000061035156,124.29000091552734,122.12999725341795,123.56999969482422,121.52899169921876,1720300
2025-08-20,PSX,122.86000061035156,124.29000091552734,122.12999725341795,123.56999969482422,121.52899169921876,1720300
2025-08-21,PSX,122.97000122070312,124.6999969482422,122.25,124.4499969482422,122.39445495605467,2174700
2025-08-21,PSX,122.97000122070312,124.6999969482422,122.25,124.4499969482422,122.39445495605467,2174700
2025-08-22,PSX,125.0,130.64999389648438,124.87999725341795,129.94000244140625,127.79378509521484,2674100
2025-08-22,PSX,125.0,130.64999389648438,124.87999725341795,129.94000244140625,127.79378509521484,2674100
2025-08-25,PSX,129.4499969482422,130.92999267578125,128.97999572753906,129.52000427246094,127.38072204589844,2051200
2025-08-25,PSX,129.4499969482422,130.92999267578125,128.97999572753906,129.52000427246094,127.38072204589844,2051200
2025-08-26,PSX,128.63999938964844,130.08999633789062,128.13999938964844,129.88999938964844,127.74461364746094,2777500
2025-08-26,PSX,128.63999938964844,130.08999633789062,128.13999938964844,129.88999938964844,127.74461364746094,2777500
2025-08-27,PSX,129.75,133.3300018310547,129.22000122070312,132.6199951171875,130.42950439453125,2031700
2025-08-27,PSX,129.75,133.3300018310547,129.22000122070312,132.6199951171875,130.42950439453125,2031700
2025-08-28,PSX,132.82000732421875,133.35000610351562,131.5,132.8300018310547,130.63604736328125,1982300
2025-08-28,PSX,132.82000732421875,133.35000610351562,131.5,132.8300018310547,130.63604736328125,1982300
2025-08-29,PSX,132.82000732421875,134.33999633789062,132.05999755859375,133.5800018310547,131.3736572265625,1530700
2025-08-29,PSX,132.82000732421875,134.33999633789062,132.05999755859375,133.5800018310547,131.3736572265625,1530700
2025-09-02,PSX,132.72999572753906,133.9499969482422,132.00999450683594,133.83999633789062,131.62936401367188,2114000
2025-09-02,PSX,132.72999572753906,133.9499969482422,132.00999450683594,133.83999633789062,131.62936401367188,2114000
2025-09-03,PSX,131.5,133.83999633789062,129.6699981689453,130.52999877929688,128.37403869628906,2290900
2025-09-03,PSX,131.5,133.83999633789062,129.6699981689453,130.52999877929688,128.37403869628906,2290900
2025-09-04,PSX,130.63999938964844,132.17999267578125,129.92999267578125,131.5800018310547,129.4066925048828,1832200
2025-09-04,PSX,130.63999938964844,132.17999267578125,129.92999267578125,131.5800018310547,129.4066925048828,1832200
2025-09-05,PSX,130.7899932861328,132.25,129.85000610351562,131.5500030517578,129.37718200683594,1828500
2025-09-05,PSX,130.7899932861328,132.25,129.85000610351562,131.5500030517578,129.37718200683594,1828500
2025-09-08,PSX,132.0399932861328,132.4499969482422,129.85000610351562,130.2100067138672,128.059326171875,2802400
2025-09-08,PSX,132.0399932861328,132.4499969482422,129.85000610351562,130.2100067138672,128.059326171875,2802400
2025-09-09,PSX,131.35000610351562,135.22000122070312,130.13999938964844,132.2899932861328,130.10494995117188,2830700
2025-09-09,PSX,131.35000610351562,135.22000122070312,130.13999938964844,132.2899932861328,130.10494995117188,2830700
2025-09-10,PSX,131.97000122070312,133.69000244140625,128.36000061035156,131.4199981689453,129.24932861328125,2424700
2025-09-10,PSX,131.97000122070312,133.69000244140625,128.36000061035156,131.4199981689453,129.24932861328125,2424700
2025-09-11,PSX,131.44000244140625,133.36000061035156,131.11000061035156,132.52000427246094,130.33116149902344,2155900
2025-09-11,PSX,131.44000244140625,133.36000061035156,131.11000061035156,132.52000427246094,130.33116149902344,2155900
2025-09-12,PSX,132.69000244140625,133.3000030517578,130.69000244140625,130.77999877929688,128.61990356445312,1380600
2025-09-12,PSX,132.69000244140625,133.3000030517578,130.69000244140625,130.77999877929688,128.61990356445312,1380600
2025-09-15,PSX,130.7899932861328,132.1300048828125,130.16000366210938,131.17999267578125,129.01329040527344,1730000
2025-09-15,PSX,130.7899932861328,132.1300048828125,130.16000366210938,131.17999267578125,129.01329040527344,1730000
2025-09-16,PSX,132.14999389648438,133.58999633789062,131.5,133.0399932861328,130.8425750732422,1767500
2025-09-16,PSX,132.14999389648438,133.58999633789062,131.5,133.0399932861328,130.8425750732422,1767500
2025-09-17,PSX,132.32000732421875,134.75999450683594,132.0,133.13999938964844,130.94093322753906,3287600
2025-09-17,PSX,132.32000732421875,134.75999450683594,132.0,133.13999938964844,130.94093322753906,3287600
2025-09-18,PSX,134.10000610351562,134.10000610351562,130.94000244140625,131.35000610351562,129.1804962158203,3180300
2025-09-18,PSX,134.10000610351562,134.10000610351562,130.94000244140625,131.35000610351562,129.1804962158203,3180300
2025-09-19,PSX,131.72000122070312,132.00999450683594,128.3800048828125,129.72000122070312,127.57742309570312,9244700
2025-09-19,PSX,131.72000122070312,132.00999450683594,128.3800048828125,129.72000122070312,127.57742309570312,9244700
2025-09-22,PSX,129.22999572753906,131.24000549316406,128.6300048828125,129.57000732421875,127.42989349365234,3361900
2025-09-22,PSX,129.22999572753906,131.24000549316406,128.6300048828125,129.57000732421875,127.42989349365234,3361900
2025-09-23,PSX,130.2899932861328,133.9600067138672,130.1300048828125,132.27999877929688,130.09512329101562,3815500
2025-09-23,PSX,130.2899932861328,133.9600067138672,130.1300048828125,132.27999877929688,130.09512329101562,3815500
2025-09-24,PSX,133.02000427246094,137.69000244140625,132.63999938964844,136.58999633789062,134.3339385986328,3000800
2025-09-24,PSX,133.02000427246094,137.69000244140625,132.63999938964844,136.58999633789062,134.3339385986328,3000800
2025-09-25,PSX,136.47000122070312,139.57000732421875,134.97000122070312,139.0800018310547,136.78280639648438,5158900
2025-09-25,PSX,136.47000122070312,139.57000732421875,134.97000122070312,139.0800018310547,136.78280639648438,5158900
2025-09-26,PSX,139.77999877929688,142.35000610351562,138.67999267578125,139.4600067138672,137.1565399169922,2891100
2025-09-26,PSX,139.77999877929688,142.35000610351562,138.67999267578125,139.4600067138672,137.1565399169922,2891100
2025-09-29,PSX,139.6199951171875,139.6199951171875,136.39999389648438,137.57000732421875,135.29776000976562,2810500
2025-09-29,PSX,139.6199951171875,139.6199951171875,136.39999389648438,137.57000732421875,135.29776000976562,2810500
2025-09-30,PSX,136.30999755859375,137.2100067138672,134.19000244140625,136.02000427246094,133.7733612060547,2239900
2025-09-30,PSX,136.30999755859375,137.2100067138672,134.19000244140625,136.02000427246094,133.7733612060547,2239900
2025-10-01,PSX,135.35000610351562,136.4499969482422,134.22999572753906,134.58999633789062,132.36697387695312,2258200
2025-10-01,PSX,135.35000610351562,136.4499969482422,134.22999572753906,134.58999633789062,132.36697387695312,2258200
2025-10-02,PSX,134.0,136.1999969482422,133.27000427246094,134.94000244140625,132.71119689941406,1829300
2025-10-02,PSX,134.0,136.1999969482422,133.27000427246094,134.94000244140625,132.71119689941406,1829300
2025-10-03,PSX,136.99000549316406,138.13999938964844,132.9199981689453,133.00999450683594,130.81307983398438,2000400
2025-10-03,PSX,136.99000549316406,138.13999938964844,132.9199981689453,133.00999450683594,130.81307983398438,2000400
2025-10-06,PSX,133.0800018310547,135.17999267578125,131.77000427246094,132.9199981689453,130.72454833984375,1610000
2025-10-06,PSX,133.0800018310547,135.17999267578125,131.77000427246094,132.9199981689453,130.72454833984375,1610000
2025-10-07,PSX,132.60000610351562,132.89999389648438,129.32000732421875,132.3699951171875,130.1836395263672,1917800
2025-10-07,PSX,132.60000610351562,132.89999389648438,129.32000732421875,132.3699951171875,130.1836395263672,1917800
2025-10-08,PSX,132.5500030517578,132.83999633789062,130.39999389648438,131.3000030517578,129.13131713867188,1772500
2025-10-08,PSX,132.5500030517578,132.83999633789062,130.39999389648438,131.3000030517578,129.13131713867188,1772500
2025-10-09,PSX,132.1199951171875,133.0399932861328,130.47000122070312,131.08999633789062,128.92478942871094,1577000
2025-10-09,PSX,132.1199951171875,133.0399932861328,130.47000122070312,131.08999633789062,128.92478942871094,1577000
2025-10-10,PSX,130.02000427246094,131.72000122070312,126.73999786376952,126.76000213623048,124.6663055419922,1963600
2025-10-10,PSX,130.02000427246094,131.72000122070312,126.73999786376952,126.76000213623048,124.6663055419922,1963600
2025-10-13,PSX,128.0,129.97000122070312,127.5500030517578,129.7899932861328,127.64625549316406,1219100
2025-10-13,PSX,128.0,129.97000122070312,127.5500030517578,129.7899932861328,127.64625549316406,1219100
2025-10-14,PSX,128.13999938964844,132.97000122070312,127.66999816894533,130.83999633789062,128.6789093017578,1941300
2025-10-14,PSX,128.13999938964844,132.97000122070312,127.66999816894533,130.83999633789062,128.6789093017578,1941300
2025-10-15,PSX,131.9199981689453,132.32000732421875,128.72999572753906,129.57000732421875,127.42989349365234,1864600
2025-10-15,PSX,131.9199981689453,132.32000732421875,128.72999572753906,129.57000732421875,127.42989349365234,1864600
2025-10-16,PSX,130.0,130.63999938964844,127.66999816894533,128.36000061035156,126.23987579345705,2161400
2025-10-16,PSX,130.0,130.63999938964844,127.66999816894533,128.36000061035156,126.23987579345705,2161400
2025-10-17,PSX,129.02999877929688,130.85000610351562,128.38999938964844,129.27000427246094,127.13484954833984,1756900
2025-10-17,PSX,129.02999877929688,130.85000610351562,128.38999938964844,129.27000427246094,127.13484954833984,1756900
2025-10-20,PSX,129.3699951171875,131.08999633789062,129.3699951171875,130.33999633789062,128.18716430664062,1997900
2025-10-20,PSX,129.3699951171875,131.08999633789062,129.3699951171875,130.33999633789062,128.18716430664062,1997900
2025-10-21,PSX,130.55999755859375,130.63999938964844,126.91999816894533,128.60000610351562,126.47592163085938,2315000
2025-10-21,PSX,130.55999755859375,130.63999938964844,126.91999816894533,128.60000610351562,126.47592163085938,2315000
2025-10-22,PSX,129.16000366210938,131.4600067138672,127.75,131.39999389648438,129.2296600341797,2144700
2025-10-22,PSX,129.16000366210938,131.4600067138672,127.75,131.39999389648438,129.2296600341797,2144700
2025-10-23,PSX,132.25999450683594,136.97000122070312,132.1300048828125,135.80999755859375,133.5668182373047,2824200
2025-10-23,PSX,132.25999450683594,136.97000122070312,132.1300048828125,135.80999755859375,133.5668182373047,2824200
2025-10-24,PSX,136.83999633789062,137.35000610351562,134.9499969482422,134.97999572753906,132.7505340576172,1697900
2025-10-24,PSX,136.83999633789062,137.35000610351562,134.9499969482422,134.97999572753906,132.7505340576172,1697900
2025-10-27,PSX,135.30999755859375,136.1300048828125,134.08999633789062,135.4199981689453,133.1832733154297,2501700
2025-10-27,PSX,135.30999755859375,136.1300048828125,134.08999633789062,135.4199981689453,133.1832733154297,2501700
2025-10-28,PSX,134.07000732421875,135.74000549316406,133.66000366210938,133.66000366210938,131.45233154296875,2366800
2025-10-28,PSX,134.07000732421875,135.74000549316406,133.66000366210938,133.66000366210938,131.45233154296875,2366800
2025-10-29,PSX,132.5399932861328,138.77999877929688,130.8000030517578,138.0,135.72064208984375,4455900
2025-10-29,PSX,132.5399932861328,138.77999877929688,130.8000030517578,138.0,135.72064208984375,4455900
2025-10-30,PSX,137.27000427246094,141.3699951171875,136.05999755859375,137.07000732421875,134.80601501464844,3093600
2025-10-30,PSX,137.27000427246094,141.3699951171875,136.05999755859375,137.07000732421875,134.80601501464844,3093600
2025-10-31,PSX,136.6999969482422,137.64999389648438,135.25,136.13999938964844,133.89137268066406,1917700
2025-10-31,PSX,136.6999969482422,137.64999389648438,135.25,136.13999938964844,133.89137268066406,1917700
2025-11-03,PSX,136.72000122070312,138.92999267578125,134.5800018310547,137.9199981689453,135.6419677734375,2636900
2025-11-03,PSX,136.72000122070312,138.92999267578125,134.5800018310547,137.9199981689453,135.6419677734375,2636900
2025-11-04,PSX,135.35000610351562,136.5800018310547,133.3699951171875,135.75,133.50782775878906,2665400
2025-11-04,PSX,135.35000610351562,136.5800018310547,133.3699951171875,135.75,133.50782775878906,2665400
2025-11-05,PSX,135.99000549316406,137.92999267578125,135.05999755859375,135.92999267578125,133.68482971191406,2206900
2025-11-05,PSX,135.99000549316406,137.92999267578125,135.05999755859375,135.92999267578125,133.68482971191406,2206900
2025-11-06,PSX,136.6199951171875,140.41000366210938,136.35000610351562,138.1999969482422,135.91734313964844,2073800
2025-11-06,PSX,136.6199951171875,140.41000366210938,136.35000610351562,138.1999969482422,135.91734313964844,2073800
2025-11-07,PSX,138.69000244140625,140.75999450683594,136.64999389648438,137.9499969482422,135.67147827148438,2123900
2025-11-07,PSX,138.69000244140625,140.75999450683594,136.64999389648438,137.9499969482422,135.67147827148438,2123900
2025-11-10,PSX,137.66000366210938,139.8699951171875,135.74000549316406,138.64999389648438,136.3599090576172,1927400
2025-11-10,PSX,137.66000366210938,139.8699951171875,135.74000549316406,138.64999389648438,136.3599090576172,1927400
2025-11-11,PSX,139.60000610351562,142.94000244140625,139.55999755859375,140.85000610351562,138.52357482910156,2215800
2025-11-11,PSX,139.60000610351562,142.94000244140625,139.55999755859375,140.85000610351562,138.52357482910156,2215800
2025-11-12,PSX,140.10000610351562,141.75,137.85000610351562,138.02000427246094,135.74032592773438,2057800
2025-11-12,PSX,140.10000610351562,141.75,137.85000610351562,138.02000427246094,135.74032592773438,2057800
2025-11-13,PSX,138.33999633789062,140.58999633789062,138.33999633789062,139.5,137.1958770751953,2444200
2025-11-13,PSX,138.33999633789062,140.58999633789062,138.33999633789062,139.5,137.1958770751953,2444200
2025-11-14,PSX,141.5800018310547,143.25,139.5399932861328,142.32000732421875,139.96929931640625,2633700
2025-11-14,PSX,141.5800018310547,143.25,139.5399932861328,142.32000732421875,139.96929931640625,2633700
2025-11-17,PSX,140.72999572753906,140.72999572753906,136.19000244140625,136.64999389648438,135.53573608398438,2812900
2025-11-17,PSX,140.72999572753906,140.72999572753906,136.19000244140625,136.64999389648438,135.53573608398438,2812900
2025-11-18,PSX,136.02000427246094,139.0399932861328,135.77000427246094,138.41000366210938,137.28140258789062,2387500
2025-11-18,PSX,136.02000427246094,139.0399932861328,135.77000427246094,138.41000366210938,137.28140258789062,2387500
2025-11-19,PSX,135.75999450683594,135.85000610351562,133.0500030517578,134.49000549316406,133.3933563232422,2927200
2025-11-19,PSX,135.75999450683594,135.85000610351562,133.0500030517578,134.49000549316406,133.3933563232422,2927200
2025-11-20,PSX,134.82000732421875,137.00999450683594,131.9499969482422,131.99000549316406,130.9137420654297,2155100
2025-11-20,PSX,134.82000732421875,137.00999450683594,131.9499969482422,131.99000549316406,130.9137420654297,2155100
2025-11-21,PSX,131.91000366210938,134.5399932861328,130.6699981689453,133.72000122070312,132.629638671875,2324900
2025-11-21,PSX,131.91000366210938,134.5399932861328,130.6699981689453,133.72000122070312,132.629638671875,2324900
2025-11-24,PSX,133.69000244140625,134.22000122070312,130.6300048828125,133.1999969482422,132.11387634277344,3034200
2025-11-24,PSX,133.69000244140625,134.22000122070312,130.6300048828125,133.1999969482422,132.11387634277344,3034200
2025-11-25,PSX,132.69000244140625,134.6300048828125,131.07000732421875,134.1300048828125,133.0363006591797,1791600
2025-11-25,PSX,132.69000244140625,134.6300048828125,131.07000732421875,134.1300048828125,133.0363006591797,1791600
2025-11-26,PSX,133.94000244140625,136.3800048828125,133.8800048828125,134.9600067138672,133.85952758789062,1128400
2025-11-26,PSX,133.94000244140625,136.3800048828125,133.8800048828125,134.9600067138672,133.85952758789062,1128400
2025-11-28,PSX,135.42999267578125,137.92999267578125,135.22999572753906,136.9600067138672,135.8432159423828,942700
2025-11-28,PSX,135.42999267578125,137.92999267578125,135.22999572753906,136.9600067138672,135.8432159423828,942700
2025-12-01,PSX,136.97000122070312,140.7100067138672,136.8300018310547,139.75999450683594,138.62037658691406,2064200
2025-12-01,PSX,136.97000122070312,140.7100067138672,136.8300018310547,139.75999450683594,138.62037658691406,2064200
2025-12-02,PSX,139.3699951171875,139.74000549316406,136.25,137.57000732421875,136.4482421875,2037800
2025-12-02,PSX,139.3699951171875,139.74000549316406,136.25,137.57000732421875,136.4482421875,2037800
2025-12-03,PSX,138.33999633789062,140.27999877929688,137.0800018310547,139.85000610351562,138.70965576171875,2186600
2025-12-03,PSX,138.33999633789062,140.27999877929688,137.0800018310547,139.85000610351562,138.70965576171875,2186600
2025-12-04,PSX,139.72000122070312,140.5800018310547,137.1699981689453,139.4199981689453,138.2831573486328,2179000
2025-12-04,PSX,139.72000122070312,140.5800018310547,137.1699981689453,139.4199981689453,138.2831573486328,2179000
2025-12-05,PSX,139.7100067138672,142.52999877929688,139.22999572753906,139.36000061035156,138.22364807128906,2346000
2025-12-05,PSX,139.7100067138672,142.52999877929688,139.22999572753906,139.36000061035156,138.22364807128906,2346000
2025-12-08,PSX,138.41000366210938,140.0500030517578,137.5500030517578,139.05999755859375,137.92608642578125,2525900
2025-12-08,PSX,138.41000366210938,140.0500030517578,137.5500030517578,139.05999755859375,137.92608642578125,2525900
2025-12-09,PSX,138.5800018310547,140.57000732421875,137.88999938964844,139.8800048828125,138.73941040039062,1309100
2025-12-09,PSX,138.5800018310547,140.57000732421875,137.88999938964844,139.8800048828125,138.73941040039062,1309100
2025-12-10,PSX,139.8300018310547,143.85000610351562,138.89999389648438,143.80999755859375,142.63735961914062,2110200
2025-12-10,PSX,139.8300018310547,143.85000610351562,138.89999389648438,143.80999755859375,142.63735961914062,2110200
2025-12-11,PSX,142.0,144.9600067138672,141.4499969482422,143.42999267578125,142.2604522705078,2923500
2025-12-11,PSX,142.0,144.9600067138672,141.4499969482422,143.42999267578125,142.2604522705078,2923500
2025-12-12,PSX,143.6699981689453,144.0500030517578,140.77999877929688,141.44000244140625,140.28668212890625,1932200
2025-12-12,PSX,143.6699981689453,144.0500030517578,140.77999877929688,141.44000244140625,140.28668212890625,1932200
2025-12-15,PSX,141.36000061035156,141.77999877929688,139.47999572753906,141.50999450683594,140.35610961914062,2992400
2025-12-15,PSX,141.36000061035156,141.77999877929688,139.47999572753906,141.50999450683594,140.35610961914062,2992400
2025-12-16,PSX,140.16000366210938,140.97000122070312,131.4600067138672,131.77999877929688,130.70545959472656,4971400
2025-12-16,PSX,140.16000366210938,140.97000122070312,131.4600067138672,131.77999877929688,130.70545959472656,4971400
2025-12-17,PSX,132.02999877929688,133.0,130.0,131.99000549316406,130.9137420654297,4603900
2025-12-17,PSX,132.02999877929688,133.0,130.0,131.99000549316406,130.9137420654297,4603900
2025-12-18,PSX,132.25,132.4499969482422,127.94000244140624,129.1300048828125,128.0770721435547,2677700
2025-12-18,PSX,132.25,132.4499969482422,127.94000244140624,129.1300048828125,128.0770721435547,2677700
2025-12-19,PSX,129.4499969482422,130.64999389648438,128.0,128.88999938964844,127.83901977539062,4842500
2025-12-19,PSX,129.4499969482422,130.64999389648438,128.0,128.88999938964844,127.83901977539062,4842500
2025-12-22,PSX,130.47999572753906,131.05999755859375,128.94000244140625,128.99000549316406,127.9382095336914,1485700
2025-12-22,PSX,130.47999572753906,131.05999755859375,128.94000244140625,128.99000549316406,127.9382095336914,1485700
2025-12-23,PSX,128.99000549316406,129.74000549316406,128.60000610351562,129.1199951171875,128.067138671875,1708200
2025-12-23,PSX,128.99000549316406,129.74000549316406,128.60000610351562,129.1199951171875,128.067138671875,1708200
2025-12-24,PSX,129.1199951171875,130.05999755859375,128.41000366210938,128.41000366210938,127.3629379272461,972000
2025-12-24,PSX,129.1199951171875,130.05999755859375,128.41000366210938,128.41000366210938,127.3629379272461,972000
2025-12-26,PSX,128.22000122070312,128.97999572753906,127.37000274658205,127.75,126.70831298828124,1317400
2025-12-26,PSX,128.22000122070312,128.97999572753906,127.37000274658205,127.75,126.70831298828124,1317400
2025-12-29,PSX,128.5399932861328,128.7899932861328,127.16000366210938,128.58999633789062,127.5414581298828,1599500
2025-12-29,PSX,128.5399932861328,128.7899932861328,127.16000366210938,128.58999633789062,127.5414581298828,1599500
2025-12-30,PSX,129.05999755859375,129.75999450683594,128.64999389648438,129.55999755859375,128.50355529785156,1482600
2025-12-30,PSX,129.05999755859375,129.75999450683594,128.64999389648438,129.55999755859375,128.50355529785156,1482600
2025-12-31,PSX,129.8000030517578,130.17999267578125,127.98999786376952,129.0399932861328,127.98778533935548,1339000
2025-12-31,PSX,129.8000030517578,130.17999267578125,127.98999786376952,129.0399932861328,127.98778533935548,1339000
2026-01-02,PSX,129.0,130.6300048828125,128.72999572753906,130.57000732421875,129.5053253173828,1777100
2026-01-02,PSX,129.0,130.6300048828125,128.72999572753906,130.57000732421875,129.5053253173828,1777100
2026-01-05,PSX,136.0,141.99000549316406,135.8000030517578,139.97999572753906,138.83859252929688,4819500
2026-01-05,PSX,136.0,141.99000549316406,135.8000030517578,139.97999572753906,138.83859252929688,4819500
2026-01-06,PSX,139.74000549316406,140.60000610351562,136.1199951171875,136.64999389648438,135.53573608398438,2996000
2026-01-06,PSX,139.74000549316406,140.60000610351562,136.1199951171875,136.64999389648438,135.53573608398438,2996000
2026-01-07,PSX,138.0,143.11000061035156,135.50999450683594,137.8800048828125,136.75572204589844,4179400
2026-01-07,PSX,138.0,143.11000061035156,135.50999450683594,137.8800048828125,136.75572204589844,4179400
2026-01-08,PSX,138.58999633789062,144.85000610351562,136.69000244140625,144.22000122070312,143.0440216064453,2945900
2026-01-08,PSX,138.58999633789062,144.85000610351562,136.69000244140625,144.22000122070312,143.0440216064453,2945900
2026-01-09,PSX,144.8800048828125,145.67999267578125,141.6999969482422,142.16000366210938,141.00082397460938,2710200
2026-01-09,PSX,144.8800048828125,145.67999267578125,141.6999969482422,142.16000366210938,141.00082397460938,2710200
2026-01-12,PSX,141.74000549316406,141.85000610351562,137.86000061035156,138.85000610351562,137.71780395507812,2401300
2026-01-12,PSX,141.74000549316406,141.85000610351562,137.86000061035156,138.85000610351562,137.71780395507812,2401300
2026-01-13,PSX,138.5399932861328,140.67999267578125,137.57000732421875,137.6999969482422,136.57717895507812,2794000
2026-01-13,PSX,138.5399932861328,140.67999267578125,137.57000732421875,137.6999969482422,136.57717895507812,2794000
2026-01-14,PSX,139.33999633789062,143.27000427246094,138.66000366210938,141.38999938964844,140.23709106445312,2309100
2026-01-14,PSX,139.33999633789062,143.27000427246094,138.66000366210938,141.38999938964844,140.23709106445312,2309100
2026-01-15,PSX,140.3000030517578,141.72000122070312,139.39999389648438,140.00999450683594,138.86834716796875,2005000
2026-01-15,PSX,140.3000030517578,141.72000122070312,139.39999389648438,140.00999450683594,138.86834716796875,2005000
2026-01-16,PSX,139.0,140.77999877929688,138.02000427246094,138.27999877929688,137.15245056152344,2438200
2026-01-16,PSX,139.0,140.77999877929688,138.02000427246094,138.27999877929688,137.15245056152344,2438200
2026-01-20,PSX,139.0,140.24000549316406,136.7899932861328,138.47000122070312,137.3408966064453,2128000
2026-01-20,PSX,139.0,140.24000549316406,136.7899932861328,138.47000122070312,137.3408966064453,2128000
2026-01-21,PSX,141.24000549316406,143.8300018310547,140.39999389648438,141.63999938964844,140.48504638671875,2549400
2026-01-21,PSX,141.24000549316406,143.8300018310547,140.39999389648438,141.63999938964844,140.48504638671875,2549400
2026-01-22,PSX,140.83999633789062,143.1300048828125,140.0500030517578,141.92999267578125,140.77267456054688,2545900
2026-01-22,PSX,140.83999633789062,143.1300048828125,140.0500030517578,141.92999267578125,140.77267456054688,2545900
2026-01-23,PSX,143.7100067138672,146.8800048828125,141.4600067138672,141.5399932861328,140.3858642578125,2046800
2026-01-23,PSX,143.7100067138672,146.8800048828125,141.4600067138672,141.5399932861328,140.3858642578125,2046800
2026-01-26,PSX,143.08999633789062,143.25,139.9499969482422,140.38999938964844,139.2452392578125,1341700
2026-01-26,PSX,143.08999633789062,143.25,139.9499969482422,140.38999938964844,139.2452392578125,1341700
2026-01-27,PSX,141.5,142.5,139.9199981689453,140.00999450683594,138.86834716796875,1626200
2026-01-27,PSX,141.5,142.5,139.9199981689453,140.00999450683594,138.86834716796875,1626200
2026-01-28,PSX,141.27999877929688,142.36000061035156,139.36000061035156,142.0800018310547,140.9214630126953,1676400
2026-01-28,PSX,141.27999877929688,142.36000061035156,139.36000061035156,142.0800018310547,140.9214630126953,1676400
2026-01-29,PSX,145.0,147.9600067138672,143.97999572753906,144.0800018310547,142.90516662597656,2290900
2026-01-29,PSX,145.0,147.9600067138672,143.97999572753906,144.0800018310547,142.90516662597656,2290900
2026-01-30,PSX,143.08999633789062,143.77000427246094,140.63999938964844,143.55999755859375,142.38938903808594,1869800
2026-01-30,PSX,143.08999633789062,143.77000427246094,140.63999938964844,143.55999755859375,142.38938903808594,1869800
2026-02-02,PSX,141.0,143.10000610351562,140.19000244140625,142.24000549316406,141.08016967773438,2606900
2026-02-02,PSX,141.0,143.10000610351562,140.19000244140625,142.24000549316406,141.08016967773438,2606900
2026-02-03,PSX,143.25,148.10000610351562,141.44000244140625,148.08999633789062,146.88246154785156,4261400
2026-02-03,PSX,143.25,148.10000610351562,141.44000244140625,148.08999633789062,146.88246154785156,4261400
2026-02-04,PSX,150.0,155.99000549316406,148.39999389648438,154.69000244140625,153.42864990234375,4674200
2026-02-04,PSX,150.0,155.99000549316406,148.39999389648438,154.69000244140625,153.42864990234375,4674200
2026-02-05,PSX,152.3000030517578,154.58999633789062,150.19000244140625,154.42999267578125,153.17076110839844,2501400
2026-02-05,PSX,152.3000030517578,154.58999633789062,150.19000244140625,154.42999267578125,153.17076110839844,2501400
2026-02-06,PSX,154.7100067138672,159.14999389648438,154.6999969482422,157.8000030517578,156.51329040527344,2414600
2026-02-06,PSX,154.7100067138672,159.14999389648438,154.6999969482422,157.8000030517578,156.51329040527344,2414600
2026-02-09,PSX,159.0,159.0500030517578,156.13999938964844,157.5,156.21572875976562,2118500
2026-02-09,PSX,159.0,159.0500030517578,156.13999938964844,157.5,156.21572875976562,2118500
2026-02-10,PSX,157.17999267578125,157.6199951171875,155.7899932861328,157.30999755859375,156.02728271484375,1537000
2026-02-10,PSX,157.17999267578125,157.6199951171875,155.7899932861328,157.30999755859375,156.02728271484375,1537000
2026-02-11,PSX,159.47999572753906,161.52999877929688,158.08999633789062,161.5,160.18312072753906,2048200
2026-02-11,PSX,159.47999572753906,161.52999877929688,158.08999633789062,161.5,160.18312072753906,2048200
2026-02-12,PSX,161.1699981689453,163.7899932861328,156.07000732421875,156.25999450683594,154.98583984375,2274900
2026-02-12,PSX,161.1699981689453,163.7899932861328,156.07000732421875,156.25999450683594,154.98583984375,2274900
2026-02-13,PSX,155.60000610351562,159.80999755859375,155.0,159.77000427246094,158.46722412109375,1806100
2026-02-13,PSX,155.60000610351562,159.80999755859375,155.0,159.77000427246094,158.46722412109375,1806100
2026-02-17,PSX,160.0,162.25999450683594,156.30999755859375,158.16000366210938,156.87034606933594,4098400
2026-02-17,PSX,160.0,162.25999450683594,156.30999755859375,158.16000366210938,156.87034606933594,4098400
2026-02-18,PSX,159.72000122070312,160.42999267578125,156.85000610351562,157.39999389648438,156.11654663085938,2608600
2026-02-18,PSX,159.72000122070312,160.42999267578125,156.85000610351562,157.39999389648438,156.11654663085938,2608600
2026-02-19,PSX,158.2100067138672,159.07000732421875,155.10000610351562,155.41000366210938,154.1427764892578,2301500
2026-02-19,PSX,158.2100067138672,159.07000732421875,155.10000610351562,155.41000366210938,154.1427764892578,2301500
2026-02-20,PSX,155.02999877929688,157.0500030517578,154.0,155.75,154.47999572753906,2604100
2026-02-20,PSX,155.02999877929688,157.0500030517578,154.0,155.75,154.47999572753906,2604100
2026-02-23,PSX,154.17999267578125,157.1999969482422,152.25999450683594,154.85000610351562,154.85000610351562,2904900
2026-02-23,PSX,154.17999267578125,157.1999969482422,152.25999450683594,154.85000610351562,154.85000610351562,2904900
2026-02-24,PSX,153.7899932861328,154.8300018310547,152.00999450683594,154.36000061035156,154.36000061035156,1712100
2026-02-24,PSX,153.7899932861328,154.8300018310547,152.00999450683594,154.36000061035156,154.36000061035156,1712100
2026-02-25,PSX,154.97000122070312,155.27999877929688,149.72999572753906,151.91000366210938,151.91000366210938,2856400
2026-02-25,PSX,154.97000122070312,155.27999877929688,149.72999572753906,151.91000366210938,151.91000366210938,2856400
2026-02-26,PSX,151.0,154.24000549316406,149.13999938964844,152.4600067138672,152.4600067138672,2476200
2026-02-26,PSX,151.0,154.24000549316406,149.13999938964844,152.4600067138672,152.4600067138672,2476200
2026-02-19,PSX,158.2100067138672,159.07000732421875,155.10000610351562,155.41000366210938,154.1427764892578,2301500
2026-02-20,PSX,155.02999877929688,157.0500030517578,154.0,155.75,154.47999572753906,2604100
2026-02-23,PSX,154.17999267578125,157.1999969482422,152.25999450683594,154.85000610351562,154.85000610351562,2904900
2026-02-24,PSX,153.7899932861328,154.8300018310547,152.00999450683594,154.36000061035156,154.36000061035156,1712100
2026-02-25,PSX,154.97000122070312,155.27999877929688,149.72999572753906,151.91000366210938,151.91000366210938,2856400
2026-02-26,PSX,151.0,154.24000549316406,149.13999938964844,152.4600067138672,152.4600067138672,2476200
2026-02-19,PSX,158.2100067138672,159.07000732421875,155.10000610351562,155.41000366210938,154.1427764892578,2301500
2026-02-20,PSX,155.02999877929688,157.0500030517578,154.0,155.75,154.47999572753906,2604100
2026-02-23,PSX,154.17999267578125,157.1999969482422,152.25999450683594,154.85000610351562,154.85000610351562,2904900
2026-02-24,PSX,153.7899932861328,154.8300018310547,152.00999450683594,154.36000061035156,154.36000061035156,1712100
2026-02-25,PSX,154.97000122070312,155.27999877929688,149.72999572753906,151.91000366210938,151.91000366210938,2856400
2026-02-26,PSX,151.0,154.24000549316406,149.13999938964844,152.4600067138672,152.4600067138672,2476200
